place_name,facility,total_mentions,positive_count,negative_count,neutral_count,sentiment_score,majority_sentiment,supporting_review_count,sample_evidence_chunk_ids
Aberdeen Falls,Accommodation,8,2,0,6,0.25,neutral,8,REV013124_F001;REV013128_F005;REV013129_F003;REV013130_F001;REV013138_F001;REV013145_F001;REV013147_F001;REV013154_F001
Aberdeen Falls,Bridge,3,0,1,2,-0.333,neutral,3,REV013127_F001;REV013129_F001;REV013147_F004
Aberdeen Falls,Brochure,1,1,0,0,1.0,positive,1,REV013134_F001
Aberdeen Falls,Cafe,1,0,0,1,0.0,neutral,1,REV013127_F003
Aberdeen Falls,Drinking water,1,1,0,0,1.0,positive,1,REV013138_F001
Aberdeen Falls,Food stall,1,0,0,1,0.0,neutral,1,REV013127_F004
Aberdeen Falls,Guide service,1,0,0,1,0.0,neutral,1,REV013143_F001
Aberdeen Falls,Parking,5,2,0,3,0.4,neutral,4,REV013128_F001;REV013128_F005;REV013130_F001;REV013151_F002;REV013152_F001
Aberdeen Falls,Road access,4,0,0,4,0.0,neutral,4,REV013135_F001;REV013139_F001;REV013147_F002;REV013153_F001
Aberdeen Falls,Seating,1,0,0,1,0.0,neutral,1,REV013128_F005
Aberdeen Falls,Shop,1,0,0,1,0.0,neutral,1,REV013127_F003
Aberdeen Falls,Shower,1,0,0,1,0.0,neutral,1,REV013132_F002
Aberdeen Falls,Signage,2,0,0,2,0.0,neutral,2,REV013149_F001;REV013151_F001
Aberdeen Falls,Steps or stairs,8,1,2,5,-0.125,neutral,6,REV013127_F002;REV013127_F003;REV013128_F002;REV013129_F002;REV013132_F001;REV013132_F002;REV013135_F002;REV013147_F003
Aberdeen Falls,Toilet,1,1,0,0,1.0,positive,1,REV013128_F006
Aberdeen Falls,Tuk tuk service,2,0,0,2,0.0,neutral,2,REV013141_F001;REV013153_F002
Aberdeen Falls,View platform,3,0,0,3,0.0,neutral,2,REV013128_F003;REV013128_F004;REV013131_F001
Abhayagiri Dagaba,Accommodation,4,0,0,4,0.0,neutral,3,REV007112_F003;REV007112_F005;REV007132_F001;REV007150_F002
Abhayagiri Dagaba,Brochure,3,2,0,1,0.667,positive,3,REV007061_F004;REV007108_F001;REV007130_F001
Abhayagiri Dagaba,Clothing cover service,2,1,0,1,0.5,positive,2,REV007112_F003;REV007136_F002
Abhayagiri Dagaba,Donation box,2,0,0,2,0.0,neutral,2,REV007061_F001;REV007090_F001
Abhayagiri Dagaba,Drinking water,1,0,0,1,0.0,neutral,1,REV007061_F005
Abhayagiri Dagaba,Entrance fee,10,4,0,6,0.4,neutral,10,REV007039_F002;REV007048_F001;REV007061_F003;REV007074_F001;REV007076_F001;REV007090_F001;REV007112_F001;REV007117_F001;REV007132_F001;REV007136_F001
Abhayagiri Dagaba,Guide service,1,1,0,0,1.0,positive,1,REV007150_F003
Abhayagiri Dagaba,Parking,3,2,0,1,0.667,positive,3,REV007024_F001;REV007066_F002;REV007097_F001
Abhayagiri Dagaba,Pathway,1,0,1,0,-1.0,negative,1,REV007111_F001
Abhayagiri Dagaba,Restaurant,2,2,0,0,1.0,positive,2,REV007112_F006;REV007132_F004
Abhayagiri Dagaba,Seating,1,1,0,0,1.0,positive,1,REV007024_F001
Abhayagiri Dagaba,Security,5,1,0,4,0.2,neutral,4,REV007063_F001;REV007066_F001;REV007112_F002;REV007150_F001;REV007150_F004
Abhayagiri Dagaba,Shade or shelter,3,1,0,2,0.333,neutral,3,REV007043_F001;REV007062_F002;REV007135_F001
Abhayagiri Dagaba,Shoe storage,3,0,2,1,-0.667,negative,3,REV007074_F002;REV007081_F001;REV007139_F001
Abhayagiri Dagaba,Shop,1,0,0,1,0.0,neutral,1,REV007061_F005
Abhayagiri Dagaba,Signage,3,1,1,1,0.0,positive,3,REV007024_F001;REV007050_F001;REV007112_F004
Abhayagiri Dagaba,Steps or stairs,3,0,0,3,0.0,neutral,3,REV007061_F001;REV007062_F001;REV007063_F001
Abhayagiri Dagaba,Ticket or receipt,10,5,3,2,0.2,positive,8,REV007025_F001;REV007031_F001;REV007038_F001;REV007039_F002;REV007061_F002;REV007117_F001;REV007132_F002;REV007132_F003;REV007138_F001;REV007138_F002
Abhayagiri Dagaba,Toilet,1,0,0,1,0.0,neutral,1,REV007061_F005
Abhayagiri Dagaba,Tuk tuk service,7,3,1,3,0.286,positive,6,REV007039_F001;REV007039_F002;REV007061_F004;REV007133_F001;REV007136_F001;REV007150_F003;REV007152_F001
Abhayagiri Dagaba,Visitor centre,1,1,0,0,1.0,positive,1,REV007112_F006
Ambewela Farms,Accessibility ramp,3,0,1,2,-0.333,neutral,3,REV037018_F001;REV037191_F001;REV037249_F002
Ambewela Farms,Accommodation,6,1,4,1,-0.5,negative,4,REV037027_F001;REV037027_F002;REV037027_F003;REV037120_F001;REV037314_F001;REV037315_F002
Ambewela Farms,Brochure,1,0,1,0,-1.0,negative,1,REV037221_F002
Ambewela Farms,Cafe,23,6,3,14,0.13,neutral,22,REV037037_F001;REV037058_F001;REV037073_F001;REV037074_F001;REV037079_F001;REV037085_F001;REV037097_F001;REV037097_F002;REV037119_F001;REV037137_F001;REV037141_F001;REV037144_F001;REV037194_F002;REV037220_F001;REV037227_F002;REV037237_F001;REV037240_F002;REV037243_F001;REV037251_F001;REV037266_F001;REV037276_F001;REV037283_F001;REV037312_F001
Ambewela Farms,Entrance fee,32,4,4,24,0.0,neutral,27,REV037049_F003;REV037060_F001;REV037065_F002;REV037065_F003;REV037068_F001;REV037069_F001;REV037091_F001;REV037133_F001;REV037138_F001;REV037161_F002;REV037161_F004;REV037166_F001;REV037185_F001;REV037186_F001;REV037189_F001;REV037223_F001;REV037227_F001;REV037234_F001;REV037235_F001;REV037240_F001;REV037243_F003;REV037249_F001;REV037249_F004;REV037286_F001;REV037294_F001
Ambewela Farms,Food stall,10,4,0,6,0.4,neutral,10,REV037161_F001;REV037162_F001;REV037168_F002;REV037216_F002;REV037266_F001;REV037276_F001;REV037283_F001;REV037302_F001;REV037312_F001;REV037313_F001
Ambewela Farms,General facilities,10,7,0,3,0.7,positive,10,REV037018_F003;REV037111_F001;REV037161_F003;REV037171_F001;REV037172_F001;REV037264_F001;REV037274_F001;REV037296_F001;REV037307_F001;REV037339_F001
Ambewela Farms,Guide service,5,1,2,2,-0.2,neutral,5,REV037049_F001;REV037099_F001;REV037168_F001;REV037213_F001;REV037254_F002
Ambewela Farms,Parking,2,1,0,1,0.5,positive,2,REV037227_F003;REV037244_F001
Ambewela Farms,Public transport access,3,1,0,2,0.333,neutral,2,REV037221_F001;REV037299_F003;REV037299_F007
Ambewela Farms,Restaurant,29,6,6,17,0.0,neutral,28,REV037060_F002;REV037065_F001;REV037087_F001;REV037106_F001;REV037134_F001;REV037135_F001;REV037138_F002;REV037161_F001;REV037163_F001;REV037164_F001;REV037168_F002;REV037175_F003;REV037176_F001;REV037193_F001;REV037196_F001;REV037196_F003;REV037216_F001;REV037235_F002;REV037251_F001;REV037252_F001;REV037261_F001;REV037271_F001;REV037286_F001;REV037289_F001;REV037299_F006
Ambewela Farms,Road access,9,3,0,6,0.333,neutral,8,REV037044_F001;REV037058_F005;REV037150_F001;REV037206_F001;REV037232_F001;REV037299_F004;REV037299_F007;REV037320_F001;REV037323_F001
Ambewela Farms,Safety barrier,2,0,1,1,-0.5,neutral,2,REV037018_F002;REV037020_F001
Ambewela Farms,Shade or shelter,3,1,0,2,0.333,neutral,2,REV037058_F002;REV037058_F003;REV037068_F001
Ambewela Farms,Shop,22,6,3,13,0.136,neutral,22,REV037021_F001;REV037023_F001;REV037044_F002;REV037050_F001;REV037063_F001;REV037082_F001;REV037084_F002;REV037091_F002;REV037121_F001;REV037126_F001;REV037129_F001;REV037182_F001;REV037205_F001;REV037223_F002;REV037239_F001;REV037249_F003;REV037260_F001;REV037270_F001;REV037286_F001;REV037308_F001;REV037309_F001;REV037321_F002
Ambewela Farms,Shower,1,0,0,1,0.0,neutral,1,REV037179_F001
Ambewela Farms,Signage,1,0,0,1,0.0,neutral,1,REV037132_F001
Ambewela Farms,Taxi service,2,0,0,2,0.0,neutral,2,REV037058_F004;REV037069_F001
Ambewela Farms,Ticket counter,1,1,0,0,1.0,positive,1,REV037254_F001
Ambewela Farms,Ticket or receipt,22,6,4,12,0.091,neutral,20,REV037040_F001;REV037044_F001;REV037084_F001;REV037109_F001;REV037127_F001;REV037175_F002;REV037194_F001;REV037196_F002;REV037216_F004;REV037220_F001;REV037223_F001;REV037234_F001;REV037243_F002;REV037254_F001;REV037255_F001;REV037258_F001;REV037258_F002;REV037268_F001;REV037268_F002;REV037293_F001;REV037308_F001;REV037334_F001
Ambewela Farms,Toilet,12,5,1,6,0.333,neutral,11,REV037025_F001;REV037028_F001;REV037037_F001;REV037049_F002;REV037168_F003;REV037175_F001;REV037201_F001;REV037216_F003;REV037216_F004;REV037229_F001;REV037310_F001;REV037323_F003
Ambewela Farms,Train service,3,1,0,2,0.333,neutral,2,REV037062_F001;REV037062_F002;REV037321_F001
Ambewela Farms,Tuk tuk service,1,1,0,0,1.0,positive,1,REV037114_F001
Ambewela Farms,Waste bins,1,0,0,1,0.0,neutral,1,REV037252_F002
Ambuluwawa Tower,Cafe,4,1,0,3,0.25,neutral,4,REV013690_F003;REV013704_F002;REV013711_F001;REV013715_F001
Ambuluwawa Tower,Entrance fee,12,4,2,6,0.167,neutral,10,REV013656_F001;REV013662_F001;REV013666_F003;REV013669_F001;REV013669_F003;REV013680_F003;REV013684_F001;REV013709_F001;REV013727_F002;REV013735_F001;REV013735_F002;REV013741_F001
Ambuluwawa Tower,Handrail,3,0,1,2,-0.333,neutral,3,REV013680_F005;REV013717_F001;REV013721_F001
Ambuluwawa Tower,Parking,3,0,0,3,0.0,neutral,3,REV013671_F002;REV013680_F003;REV013724_F001
Ambuluwawa Tower,Pathway,1,0,0,1,0.0,neutral,1,REV013668_F001
Ambuluwawa Tower,Public transport access,2,0,0,2,0.0,neutral,1,REV013708_F002;REV013708_F006
Ambuluwawa Tower,Restaurant,1,1,0,0,1.0,positive,1,REV013677_F001
Ambuluwawa Tower,Road access,1,0,0,1,0.0,neutral,1,REV013682_F002
Ambuluwawa Tower,Safety barrier,5,1,2,2,-0.2,neutral,5,REV013681_F001;REV013694_F002;REV013725_F003;REV013727_F001;REV013730_F001
Ambuluwawa Tower,Shop,1,1,0,0,1.0,positive,1,REV013704_F001
Ambuluwawa Tower,Signage,1,0,0,1,0.0,neutral,1,REV013725_F002
Ambuluwawa Tower,Souvenir shop,2,0,1,1,-0.5,neutral,2,REV013709_F004;REV013714_F001
Ambuluwawa Tower,Steps or stairs,48,6,12,30,-0.125,neutral,38,REV013655_F001;REV013656_F002;REV013657_F001;REV013659_F001;REV013659_F005;REV013660_F001;REV013661_F001;REV013667_F001;REV013671_F001;REV013678_F001;REV013680_F005;REV013682_F001;REV013683_F002;REV013683_F003;REV013688_F001;REV013690_F001;REV013690_F002;REV013696_F001;REV013696_F002;REV013700_F001;REV013701_F001;REV013704_F001;REV013707_F001;REV013708_F001;REV013708_F004
Ambuluwawa Tower,Taxi service,6,0,1,5,-0.167,neutral,5,REV013666_F004;REV013669_F001;REV013669_F002;REV013680_F002;REV013708_F006;REV013733_F001
Ambuluwawa Tower,Ticket counter,1,0,0,1,0.0,neutral,1,REV013659_F002
Ambuluwawa Tower,Ticket or receipt,6,4,0,2,0.667,positive,5,REV013659_F002;REV013659_F003;REV013666_F001;REV013698_F001;REV013735_F001;REV013744_F001
Ambuluwawa Tower,Toilet,4,1,1,2,0.0,neutral,3,REV013704_F002;REV013709_F004;REV013709_F005;REV013721_F003
Ambuluwawa Tower,Tuk tuk service,29,8,4,17,0.138,neutral,23,REV013659_F004;REV013666_F002;REV013669_F001;REV013670_F001;REV013671_F002;REV013680_F001;REV013680_F002;REV013680_F003;REV013680_F004;REV013680_F005;REV013681_F002;REV013683_F001;REV013684_F001;REV013693_F001;REV013694_F001;REV013702_F001;REV013704_F001;REV013704_F002;REV013707_F002;REV013708_F006;REV013708_F007;REV013719_F001;REV013720_F001;REV013723_F001;REV013724_F001
Ambuluwawa Tower,View platform,4,1,0,3,0.25,neutral,4,REV013692_F001;REV013705_F001;REV013708_F003;REV013750_F001
Ancient City of Polonnaruwa,Accessibility ramp,2,1,0,1,0.5,positive,2,REV007351_F001;REV007497_F003
Ancient City of Polonnaruwa,Accommodation,17,4,2,11,0.118,neutral,17,REV007167_F001;REV007168_F001;REV007174_F001;REV007183_F001;REV007194_F001;REV007287_F001;REV007289_F001;REV007354_F001;REV007372_F002;REV007420_F002;REV007432_F001;REV007456_F001;REV007494_F002;REV007558_F001;REV007560_F001;REV007580_F001;REV007595_F001
Ancient City of Polonnaruwa,Bike rental,22,5,3,14,0.091,neutral,21,REV007169_F001;REV007207_F001;REV007221_F002;REV007245_F001;REV007272_F004;REV007286_F002;REV007317_F001;REV007322_F001;REV007322_F002;REV007326_F001;REV007347_F002;REV007352_F001;REV007419_F001;REV007449_F001;REV007473_F001;REV007483_F001;REV007533_F001;REV007571_F009;REV007579_F001;REV007584_F001;REV007594_F001;REV007653_F001
Ancient City of Polonnaruwa,Boat service,1,0,0,1,0.0,neutral,1,REV007426_F002
Ancient City of Polonnaruwa,Brochure,35,17,8,10,0.257,positive,25,REV007157_F001;REV007157_F002;REV007157_F003;REV007157_F004;REV007178_F001;REV007184_F001;REV007184_F002;REV007196_F002;REV007205_F003;REV007222_F001;REV007228_F003;REV007256_F001;REV007272_F002;REV007290_F003;REV007290_F004;REV007304_F003;REV007314_F002;REV007396_F002;REV007397_F001;REV007409_F001;REV007456_F004;REV007472_F001;REV007495_F001;REV007515_F002;REV007515_F004
Ancient City of Polonnaruwa,Cafe,4,0,0,4,0.0,neutral,4,REV007174_F002;REV007369_F001;REV007391_F002;REV007611_F009
Ancient City of Polonnaruwa,Clothing cover service,6,2,0,4,0.333,neutral,6,REV007173_F001;REV007279_F002;REV007420_F003;REV007470_F001;REV007495_F002;REV007612_F001
Ancient City of Polonnaruwa,Donation box,1,0,0,1,0.0,neutral,1,REV007646_F002
Ancient City of Polonnaruwa,Drinking water,2,0,0,2,0.0,neutral,2,REV007308_F002;REV007588_F003
Ancient City of Polonnaruwa,Entrance fee,111,27,20,64,0.063,neutral,78,REV007157_F001;REV007159_F001;REV007163_F002;REV007170_F001;REV007184_F003;REV007192_F002;REV007195_F001;REV007198_F001;REV007200_F001;REV007200_F003;REV007200_F004;REV007212_F001;REV007224_F001;REV007226_F002;REV007227_F001;REV007228_F001;REV007228_F003;REV007229_F001;REV007233_F002;REV007233_F003;REV007234_F001;REV007236_F002;REV007238_F001;REV007244_F001;REV007250_F001
Ancient City of Polonnaruwa,Food stall,7,3,2,2,0.143,positive,7,REV007240_F001;REV007306_F003;REV007323_F003;REV007393_F002;REV007512_F003;REV007579_F002;REV007643_F001
Ancient City of Polonnaruwa,General facilities,2,1,0,1,0.5,positive,2,REV007214_F001;REV007340_F002
Ancient City of Polonnaruwa,Guide service,68,25,6,37,0.279,neutral,64,REV007156_F001;REV007160_F001;REV007177_F001;REV007177_F002;REV007184_F003;REV007185_F001;REV007190_F001;REV007193_F001;REV007194_F002;REV007200_F003;REV007213_F001;REV007218_F002;REV007219_F001;REV007232_F001;REV007259_F005;REV007264_F001;REV007286_F001;REV007286_F002;REV007297_F002;REV007301_F002;REV007304_F002;REV007315_F001;REV007316_F001;REV007323_F001;REV007338_F001
Ancient City of Polonnaruwa,Information board,8,0,2,6,-0.25,neutral,8,REV007178_F001;REV007346_F001;REV007461_F002;REV007515_F003;REV007573_F001;REV007583_F002;REV007584_F002;REV007585_F001
Ancient City of Polonnaruwa,Lifeguard service,1,1,0,0,1.0,positive,1,REV007384_F003
Ancient City of Polonnaruwa,Lighting,1,0,1,0,-1.0,negative,1,REV007244_F002
Ancient City of Polonnaruwa,Locker,1,0,1,0,-1.0,negative,1,REV007201_F002
Ancient City of Polonnaruwa,Multilingual information,9,3,1,5,0.222,neutral,9,REV007218_F001;REV007236_F003;REV007245_F002;REV007323_F002;REV007349_F002;REV007461_F002;REV007477_F001;REV007500_F001;REV007644_F001
Ancient City of Polonnaruwa,Parking,18,2,4,12,-0.111,neutral,17,REV007168_F001;REV007176_F001;REV007218_F002;REV007228_F002;REV007369_F001;REV007434_F001;REV007434_F002;REV007440_F002;REV007463_F002;REV007468_F004;REV007497_F001;REV007515_F001;REV007568_F002;REV007582_F001;REV007583_F001;REV007604_F001;REV007606_F001;REV007627_F002
Ancient City of Polonnaruwa,Public transport access,1,0,0,1,0.0,neutral,1,REV007611_F001
Ancient City of Polonnaruwa,Restaurant,7,2,0,5,0.286,neutral,7,REV007267_F001;REV007344_F001;REV007416_F001;REV007426_F001;REV007440_F006;REV007479_F001;REV007554_F001
Ancient City of Polonnaruwa,Road access,2,1,0,1,0.5,positive,2,REV007259_F010;REV007579_F001
Ancient City of Polonnaruwa,Safety barrier,4,1,1,2,0.0,neutral,4,REV007240_F001;REV007468_F001;REV007599_F001;REV007650_F001
Ancient City of Polonnaruwa,Scooter rental,1,0,0,1,0.0,neutral,1,REV007494_F001
Ancient City of Polonnaruwa,Seating,1,1,0,0,1.0,positive,1,REV007299_F001
Ancient City of Polonnaruwa,Security,12,2,3,7,-0.083,neutral,10,REV007254_F002;REV007259_F014;REV007272_F003;REV007272_F004;REV007384_F003;REV007435_F001;REV007518_F001;REV007557_F001;REV007557_F002;REV007616_F002;REV007647_F001;REV007649_F001
Ancient City of Polonnaruwa,Shade or shelter,12,4,2,6,0.167,neutral,12,REV007192_F001;REV007257_F002;REV007275_F003;REV007283_F001;REV007299_F002;REV007300_F001;REV007302_F001;REV007440_F001;REV007473_F001;REV007512_F001;REV007583_F004;REV007621_F001
Ancient City of Polonnaruwa,Shoe storage,20,1,3,16,-0.1,neutral,20,REV007173_F002;REV007176_F002;REV007181_F001;REV007191_F001;REV007268_F001;REV007343_F001;REV007344_F004;REV007368_F001;REV007403_F002;REV007406_F001;REV007455_F002;REV007549_F002;REV007568_F003;REV007597_F002;REV007610_F001;REV007614_F001;REV007615_F002;REV007621_F002;REV007625_F001;REV007628_F001
Ancient City of Polonnaruwa,Shop,4,1,1,2,0.0,neutral,4,REV007240_F001;REV007294_F001;REV007381_F001;REV007505_F001
Ancient City of Polonnaruwa,Signage,30,13,4,13,0.3,positive,28,REV007155_F001;REV007181_F002;REV007205_F003;REV007218_F002;REV007235_F001;REV007236_F003;REV007237_F002;REV007239_F002;REV007243_F001;REV007245_F002;REV007254_F003;REV007254_F006;REV007259_F012;REV007282_F001;REV007301_F002;REV007304_F003;REV007325_F002;REV007358_F002;REV007405_F001;REV007471_F002;REV007477_F001;REV007484_F001;REV007500_F001;REV007562_F001;REV007575_F002
Ancient City of Polonnaruwa,Souvenir shop,6,3,0,3,0.5,positive,6,REV007224_F002;REV007299_F003;REV007323_F003;REV007406_F002;REV007428_F005;REV007583_F003
Ancient City of Polonnaruwa,Steps or stairs,4,1,1,2,0.0,neutral,3,REV007351_F001;REV007358_F001;REV007358_F004;REV007428_F004
Ancient City of Polonnaruwa,Taxi service,4,0,0,4,0.0,neutral,4,REV007205_F002;REV007270_F001;REV007277_F001;REV007393_F001
Ancient City of Polonnaruwa,Ticket counter,26,5,4,17,0.038,neutral,22,REV007157_F002;REV007201_F001;REV007224_F001;REV007233_F001;REV007238_F002;REV007257_F003;REV007259_F003;REV007259_F005;REV007260_F002;REV007272_F003;REV007277_F003;REV007325_F002;REV007344_F006;REV007347_F001;REV007430_F003;REV007447_F001;REV007456_F005;REV007468_F002;REV007509_F003;REV007571_F001;REV007571_F003;REV007571_F004;REV007604_F001;REV007623_F001;REV007623_F008
Ancient City of Polonnaruwa,Ticket or receipt,110,20,19,71,0.009,neutral,79,REV007157_F002;REV007161_F001;REV007177_F003;REV007178_F001;REV007184_F001;REV007184_F002;REV007190_F001;REV007196_F001;REV007200_F001;REV007200_F002;REV007201_F001;REV007201_F002;REV007205_F001;REV007212_F002;REV007221_F003;REV007224_F001;REV007233_F001;REV007236_F002;REV007237_F001;REV007238_F002;REV007239_F001;REV007242_F001;REV007248_F001;REV007250_F001;REV007254_F001
Ancient City of Polonnaruwa,Toilet,8,6,1,1,0.625,positive,7,REV007254_F004;REV007317_F002;REV007386_F001;REV007409_F002;REV007512_F002;REV007512_F004;REV007515_F001;REV007611_F009
Ancient City of Polonnaruwa,Tuk tuk service,87,20,6,61,0.161,neutral,68,REV007159_F001;REV007161_F002;REV007163_F001;REV007163_F003;REV007163_F004;REV007165_F001;REV007174_F003;REV007176_F001;REV007183_F001;REV007186_F001;REV007186_F002;REV007189_F001;REV007200_F003;REV007200_F004;REV007207_F001;REV007212_F001;REV007221_F001;REV007225_F001;REV007226_F001;REV007233_F002;REV007236_F001;REV007237_F001;REV007245_F001;REV007259_F007;REV007268_F001
Ancient City of Polonnaruwa,Visitor centre,1,0,0,1,0.0,neutral,1,REV007629_F001
Angurukaramulla Temple,Accommodation,8,5,0,3,0.625,positive,7,REV000061_F001;REV000063_F001;REV000103_F002;REV000126_F001;REV000152_F001;REV000152_F002;REV000162_F001;REV000180_F001
Angurukaramulla Temple,Brochure,8,0,0,8,0.0,neutral,8,REV000003_F001;REV000004_F001;REV000007_F004;REV000008_F002;REV000009_F001;REV000066_F001;REV000163_F004;REV000174_F001
Angurukaramulla Temple,Clothing cover service,5,0,0,5,0.0,neutral,4,REV000007_F002;REV000007_F003;REV000011_F002;REV000127_F001;REV000129_F004
Angurukaramulla Temple,Donation box,60,15,17,28,-0.033,neutral,44,REV000035_F001;REV000035_F002;REV000036_F001;REV000043_F002;REV000044_F002;REV000056_F001;REV000056_F003;REV000056_F004;REV000056_F005;REV000056_F006;REV000056_F007;REV000056_F009;REV000059_F001;REV000059_F002;REV000063_F002;REV000064_F002;REV000065_F002;REV000065_F003;REV000066_F001;REV000067_F001;REV000069_F001;REV000074_F002;REV000075_F001;REV000077_F001;REV000079_F002
Angurukaramulla Temple,Entrance fee,35,7,14,14,-0.2,neutral,27,REV000001_F001;REV000001_F002;REV000004_F001;REV000006_F001;REV000007_F004;REV000008_F001;REV000009_F002;REV000014_F001;REV000018_F001;REV000020_F001;REV000022_F001;REV000022_F002;REV000023_F001;REV000023_F002;REV000024_F002;REV000028_F002;REV000035_F001;REV000056_F002;REV000056_F005;REV000056_F006;REV000056_F009;REV000063_F003;REV000066_F002;REV000077_F001;REV000084_F001
Angurukaramulla Temple,General facilities,1,0,0,1,0.0,neutral,1,REV000162_F002
Angurukaramulla Temple,Guide service,26,8,4,14,0.154,neutral,20,REV000007_F001;REV000010_F001;REV000028_F001;REV000028_F002;REV000042_F001;REV000042_F002;REV000043_F001;REV000044_F001;REV000044_F003;REV000050_F001;REV000056_F003;REV000056_F008;REV000061_F002;REV000069_F001;REV000099_F001;REV000102_F001;REV000107_F001;REV000114_F001;REV000119_F001;REV000129_F001;REV000129_F002;REV000145_F001;REV000171_F001;REV000171_F002;REV000174_F002
Angurukaramulla Temple,Multilingual information,4,0,0,4,0.0,neutral,4,REV000007_F004;REV000008_F002;REV000009_F001;REV000010_F002
Angurukaramulla Temple,Parking,2,1,0,1,0.5,positive,2,REV000018_F002;REV000103_F001
Angurukaramulla Temple,Road access,2,0,0,2,0.0,neutral,1,REV000094_F001;REV000094_F002
Angurukaramulla Temple,Scooter rental,1,0,0,1,0.0,neutral,1,REV000074_F001
Angurukaramulla Temple,Security,1,0,1,0,-1.0,negative,1,REV000024_F001
Angurukaramulla Temple,Shade or shelter,1,0,0,1,0.0,neutral,1,REV000094_F003
Angurukaramulla Temple,Shoe storage,5,2,2,1,0.0,positive,5,REV000047_F001;REV000079_F002;REV000126_F002;REV000175_F002;REV000178_F002
Angurukaramulla Temple,Shop,1,0,0,1,0.0,neutral,1,REV000135_F001
Angurukaramulla Temple,Signage,5,2,3,0,-0.2,negative,4,REV000001_F002;REV000028_F002;REV000028_F003;REV000073_F001;REV000175_F002
Angurukaramulla Temple,Taxi service,2,0,0,2,0.0,neutral,2,REV000056_F002;REV000083_F001
Angurukaramulla Temple,Ticket counter,1,0,1,0,-1.0,negative,1,REV000020_F001
Angurukaramulla Temple,Ticket or receipt,3,0,2,1,-0.667,negative,3,REV000001_F002;REV000020_F001;REV000067_F002
Angurukaramulla Temple,Tuk tuk service,30,5,4,21,0.033,neutral,27,REV000011_F001;REV000012_F001;REV000040_F001;REV000044_F003;REV000054_F001;REV000055_F001;REV000056_F002;REV000057_F001;REV000057_F002;REV000061_F001;REV000063_F001;REV000064_F001;REV000065_F001;REV000079_F001;REV000082_F001;REV000084_F001;REV000085_F001;REV000089_F001;REV000108_F001;REV000111_F001;REV000111_F002;REV000137_F001;REV000154_F001;REV000163_F003;REV000164_F001
Arugam Bay,Accommodation,161,52,25,84,0.168,neutral,104,REV037354_F001;REV037358_F001;REV037369_F001;REV037380_F001;REV037383_F007;REV037383_F008;REV037393_F002;REV037397_F001;REV037399_F001;REV037400_F001;REV037402_F001;REV037404_F002;REV037404_F003;REV037405_F001;REV037405_F002;REV037408_F001;REV037408_F002;REV037412_F001;REV037417_F001;REV037419_F001;REV037420_F001;REV037424_F001;REV037425_F002;REV037426_F001;REV037433_F001
Arugam Bay,Bike rental,2,1,0,1,0.5,positive,2,REV037387_F003;REV037577_F002
Arugam Bay,Boat service,1,0,0,1,0.0,neutral,1,REV037539_F001
Arugam Bay,Bridge,6,3,0,3,0.5,positive,6,REV037522_F002;REV037591_F002;REV037631_F004;REV037635_F004;REV037665_F002;REV037674_F001
Arugam Bay,Brochure,3,1,1,1,0.0,positive,3,REV037626_F001;REV037667_F001;REV037668_F005
Arugam Bay,Cafe,12,5,1,6,0.333,neutral,12,REV037341_F001;REV037343_F001;REV037350_F002;REV037383_F003;REV037386_F001;REV037388_F001;REV037428_F001;REV037503_F001;REV037557_F003;REV037620_F003;REV037643_F002;REV037659_F005
Arugam Bay,Clothing cover service,1,0,0,1,0.0,neutral,1,REV037635_F005
Arugam Bay,Entrance fee,31,10,6,15,0.129,neutral,21,REV037383_F006;REV037415_F001;REV037415_F003;REV037415_F004;REV037431_F001;REV037431_F002;REV037431_F003;REV037431_F004;REV037438_F001;REV037449_F001;REV037522_F002;REV037551_F005;REV037552_F001;REV037552_F002;REV037562_F001;REV037586_F001;REV037599_F001;REV037599_F002;REV037602_F001;REV037602_F003;REV037605_F001;REV037606_F002;REV037620_F005;REV037622_F001;REV037624_F004
Arugam Bay,Food stall,7,2,1,4,0.143,neutral,7,REV037392_F001;REV037455_F001;REV037476_F002;REV037601_F002;REV037635_F002;REV037649_F003;REV037659_F006
Arugam Bay,General facilities,2,1,1,0,0.0,positive,2,REV037627_F001;REV037651_F003
Arugam Bay,Guide service,6,1,0,5,0.167,neutral,4,REV037408_F003;REV037408_F004;REV037635_F005;REV037635_F006;REV037652_F005;REV037666_F004
Arugam Bay,Jeep service,2,1,0,1,0.5,positive,2,REV037502_F001;REV037546_F001
Arugam Bay,Lifeguard service,3,1,0,2,0.333,neutral,3,REV037370_F001;REV037404_F001;REV037531_F001
Arugam Bay,Lighting,1,0,0,1,0.0,neutral,1,REV037635_F008
Arugam Bay,Parking,4,0,0,4,0.0,neutral,3,REV037351_F002;REV037351_F003;REV037472_F001;REV037636_F001
Arugam Bay,Public transport access,2,2,0,0,1.0,positive,2,REV037561_F001;REV037624_F004
Arugam Bay,Restaurant,117,43,18,56,0.214,neutral,94,REV037340_F001;REV037343_F001;REV037345_F001;REV037346_F001;REV037348_F001;REV037350_F001;REV037353_F001;REV037355_F001;REV037360_F001;REV037365_F001;REV037367_F001;REV037371_F001;REV037376_F001;REV037377_F001;REV037383_F003;REV037383_F004;REV037386_F002;REV037386_F003;REV037386_F004;REV037387_F001;REV037388_F001;REV037389_F001;REV037390_F001;REV037390_F002;REV037400_F001
Arugam Bay,Road access,4,1,0,3,0.25,neutral,3,REV037635_F001;REV037648_F001;REV037648_F002;REV037664_F002
Arugam Bay,Safety barrier,1,0,0,1,0.0,neutral,1,REV037370_F002
Arugam Bay,Scooter rental,3,1,0,2,0.333,neutral,3,REV037384_F001;REV037438_F001;REV037457_F001
Arugam Bay,Seating,3,0,1,2,-0.333,neutral,3,REV037624_F003;REV037659_F002;REV037670_F001
Arugam Bay,Security,6,1,0,5,0.167,neutral,4,REV037351_F001;REV037351_F003;REV037370_F001;REV037404_F001;REV037404_F004;REV037531_F001
Arugam Bay,Shade or shelter,3,1,2,0,-0.333,negative,3,REV037343_F002;REV037411_F001;REV037454_F003
Arugam Bay,Shop,38,15,5,18,0.263,neutral,29,REV037340_F001;REV037350_F001;REV037371_F001;REV037381_F001;REV037383_F005;REV037393_F001;REV037415_F001;REV037415_F002;REV037418_F001;REV037418_F002;REV037431_F003;REV037454_F002;REV037473_F001;REV037478_F001;REV037496_F001;REV037522_F002;REV037530_F001;REV037538_F002;REV037553_F001;REV037559_F003;REV037561_F003;REV037591_F002;REV037591_F003;REV037593_F002;REV037601_F002
Arugam Bay,Shower,4,3,0,1,0.75,positive,4,REV037583_F001;REV037613_F003;REV037635_F007;REV037661_F003
Arugam Bay,Signage,2,0,2,0,-1.0,negative,2,REV037424_F002;REV037635_F009
Arugam Bay,Steps or stairs,7,2,2,3,0.0,neutral,6,REV037522_F002;REV037635_F006;REV037659_F002;REV037659_F003;REV037666_F005;REV037668_F004;REV037671_F002
Arugam Bay,Surfboard rental,1,0,0,1,0.0,neutral,1,REV037578_F001
Arugam Bay,Taxi service,26,8,2,16,0.231,neutral,17,REV037425_F001;REV037493_F001;REV037502_F001;REV037542_F002;REV037560_F001;REV037560_F002;REV037560_F003;REV037573_F001;REV037584_F001;REV037584_F002;REV037584_F003;REV037621_F001;REV037621_F002;REV037624_F002;REV037624_F003;REV037630_F001;REV037635_F004;REV037635_F006;REV037641_F001;REV037644_F001;REV037660_F001;REV037666_F001;REV037666_F003;REV037666_F006;REV037667_F004
Arugam Bay,Ticket or receipt,3,2,0,1,0.667,positive,3,REV037351_F003;REV037536_F001;REV037624_F004
Arugam Bay,Toilet,9,5,0,4,0.556,positive,9,REV037453_F001;REV037613_F003;REV037622_F001;REV037630_F002;REV037659_F004;REV037661_F003;REV037664_F001;REV037669_F003;REV037671_F001
Arugam Bay,Towel service,2,0,0,2,0.0,neutral,2,REV037383_F002;REV037564_F001
Arugam Bay,Train service,1,0,1,0,-1.0,negative,1,REV037573_F002
Arugam Bay,Tuk tuk service,53,25,6,22,0.358,positive,45,REV037351_F002;REV037371_F002;REV037383_F001;REV037386_F003;REV037387_F002;REV037421_F001;REV037426_F002;REV037429_F002;REV037431_F005;REV037431_F006;REV037454_F001;REV037472_F003;REV037476_F003;REV037479_F001;REV037502_F001;REV037503_F001;REV037508_F002;REV037510_F001;REV037511_F001;REV037514_F001;REV037521_F001;REV037542_F003;REV037552_F003;REV037557_F002;REV037557_F004
Arugam Bay,View platform,1,0,0,1,0.0,neutral,1,REV037657_F004
Bahiravokanda Vihara Buddha Statue,Accessibility ramp,1,0,1,0,-1.0,negative,1,REV014002_F002
Bahiravokanda Vihara Buddha Statue,Accommodation,9,1,2,6,-0.111,neutral,8,REV013812_F001;REV013821_F001;REV013853_F004;REV013954_F001;REV014037_F001;REV014135_F001;REV014140_F001;REV014240_F001;REV014240_F002
Bahiravokanda Vihara Buddha Statue,Brochure,3,0,2,1,-0.667,negative,3,REV013776_F003;REV013978_F002;REV014188_F001
Bahiravokanda Vihara Buddha Statue,Cafe,2,1,1,0,0.0,positive,2,REV013860_F002;REV014213_F002
Bahiravokanda Vihara Buddha Statue,Clothing cover service,3,0,0,3,0.0,neutral,3,REV014070_F001;REV014105_F001;REV014191_F002
Bahiravokanda Vihara Buddha Statue,Donation box,70,15,16,39,-0.014,neutral,63,REV013758_F001;REV013772_F005;REV013776_F003;REV013788_F002;REV013789_F001;REV013800_F002;REV013814_F001;REV013814_F002;REV013814_F005;REV013824_F001;REV013824_F002;REV013836_F001;REV013900_F001;REV013911_F001;REV013917_F002;REV013926_F001;REV013930_F001;REV013941_F002;REV013950_F003;REV013950_F004;REV013954_F002;REV013966_F001;REV013974_F001;REV013978_F001;REV013978_F002
Bahiravokanda Vihara Buddha Statue,Entrance fee,131,26,24,81,0.015,neutral,114,REV013756_F002;REV013758_F001;REV013759_F001;REV013760_F001;REV013762_F002;REV013769_F003;REV013770_F004;REV013770_F005;REV013771_F001;REV013772_F002;REV013775_F001;REV013775_F002;REV013780_F001;REV013782_F002;REV013786_F001;REV013786_F003;REV013788_F002;REV013788_F004;REV013789_F001;REV013790_F002;REV013800_F002;REV013805_F001;REV013815_F001;REV013824_F001;REV013825_F002
Bahiravokanda Vihara Buddha Statue,Food stall,3,1,2,0,-0.333,negative,3,REV013860_F002;REV014021_F004;REV014210_F002
Bahiravokanda Vihara Buddha Statue,Guide service,4,1,0,3,0.25,neutral,4,REV013769_F004;REV013776_F003;REV013937_F001;REV014201_F001
Bahiravokanda Vihara Buddha Statue,Lighting,2,1,0,1,0.5,positive,2,REV013757_F001;REV014133_F001
Bahiravokanda Vihara Buddha Statue,Multilingual information,2,1,1,0,0.0,positive,2,REV013845_F001;REV014120_F001
Bahiravokanda Vihara Buddha Statue,Parking,1,0,0,1,0.0,neutral,1,REV014184_F002
Bahiravokanda Vihara Buddha Statue,Restaurant,1,1,0,0,1.0,positive,1,REV013814_F006
Bahiravokanda Vihara Buddha Statue,Road access,11,2,6,3,-0.364,negative,11,REV013810_F001;REV013831_F001;REV013869_F001;REV013907_F001;REV013918_F001;REV013958_F003;REV013962_F001;REV014024_F001;REV014074_F002;REV014150_F001;REV014228_F001
Bahiravokanda Vihara Buddha Statue,Seating,1,0,0,1,0.0,neutral,1,REV013853_F003
Bahiravokanda Vihara Buddha Statue,Security,5,1,0,4,0.2,neutral,5,REV013817_F001;REV013853_F002;REV013998_F002;REV013999_F004;REV014141_F002
Bahiravokanda Vihara Buddha Statue,Shade or shelter,1,0,1,0,-1.0,negative,1,REV014027_F001
Bahiravokanda Vihara Buddha Statue,Shoe storage,25,4,3,18,0.04,neutral,24,REV013770_F005;REV013824_F001;REV013849_F001;REV013868_F001;REV013880_F002;REV013926_F001;REV013958_F002;REV013978_F001;REV013978_F002;REV013985_F001;REV014004_F001;REV014007_F002;REV014008_F002;REV014014_F002;REV014036_F001;REV014054_F001;REV014060_F001;REV014087_F002;REV014104_F003;REV014141_F001;REV014146_F001;REV014181_F002;REV014183_F001;REV014230_F001;REV014245_F001
Bahiravokanda Vihara Buddha Statue,Shop,11,2,0,9,0.182,neutral,11,REV013776_F002;REV013788_F002;REV013868_F003;REV014022_F001;REV014052_F002;REV014057_F004;REV014065_F002;REV014118_F001;REV014181_F003;REV014190_F001;REV014191_F002
Bahiravokanda Vihara Buddha Statue,Signage,6,0,5,1,-0.833,negative,6,REV013788_F001;REV013978_F002;REV013999_F002;REV014120_F001;REV014198_F001;REV014246_F001
Bahiravokanda Vihara Buddha Statue,Souvenir shop,12,3,2,7,0.083,neutral,11,REV013770_F003;REV013772_F004;REV013794_F001;REV013814_F005;REV013842_F002;REV013894_F001;REV014016_F001;REV014016_F003;REV014021_F001;REV014029_F002;REV014193_F002;REV014242_F003
Bahiravokanda Vihara Buddha Statue,Steps or stairs,118,28,23,67,0.042,neutral,103,REV013753_F003;REV013765_F001;REV013766_F001;REV013767_F001;REV013767_F002;REV013769_F001;REV013769_F002;REV013769_F004;REV013772_F003;REV013773_F002;REV013776_F002;REV013780_F003;REV013786_F002;REV013788_F001;REV013788_F002;REV013788_F003;REV013790_F001;REV013797_F001;REV013799_F002;REV013811_F001;REV013814_F004;REV013819_F001;REV013833_F001;REV013833_F002;REV013840_F001
Bahiravokanda Vihara Buddha Statue,Taxi service,12,2,1,9,0.083,neutral,12,REV013756_F001;REV013814_F003;REV013825_F001;REV013860_F001;REV013882_F001;REV013966_F001;REV014025_F001;REV014065_F001;REV014085_F001;REV014173_F001;REV014183_F001;REV014215_F001
Bahiravokanda Vihara Buddha Statue,Ticket counter,1,0,0,1,0.0,neutral,1,REV014190_F001
Bahiravokanda Vihara Buddha Statue,Ticket or receipt,20,5,6,9,-0.05,neutral,20,REV013760_F001;REV013769_F003;REV013775_F002;REV013780_F001;REV013789_F001;REV013806_F001;REV013825_F002;REV013885_F001;REV013909_F002;REV013954_F002;REV014053_F001;REV014066_F001;REV014077_F002;REV014090_F001;REV014115_F001;REV014116_F001;REV014180_F001;REV014190_F001;REV014210_F002;REV014245_F002
Bahiravokanda Vihara Buddha Statue,Toilet,9,1,1,7,0.0,neutral,6,REV013780_F004;REV013780_F005;REV013780_F006;REV013780_F007;REV013944_F001;REV014016_F003;REV014021_F003;REV014059_F001;REV014125_F001
Bahiravokanda Vihara Buddha Statue,Train service,1,0,0,1,0.0,neutral,1,REV014057_F001
Bahiravokanda Vihara Buddha Statue,Tuk tuk service,117,30,9,78,0.179,neutral,111,REV013753_F002;REV013755_F001;REV013762_F001;REV013770_F001;REV013771_F001;REV013772_F001;REV013773_F001;REV013775_F001;REV013776_F001;REV013780_F002;REV013782_F001;REV013782_F002;REV013788_F004;REV013795_F001;REV013798_F001;REV013799_F001;REV013802_F001;REV013821_F001;REV013838_F001;REV013839_F001;REV013842_F001;REV013846_F001;REV013854_F001;REV013860_F001;REV013867_F001
Bahiravokanda Vihara Buddha Statue,View platform,6,0,0,6,0.0,neutral,5,REV013753_F001;REV013753_F003;REV013754_F001;REV013770_F002;REV013800_F001;REV013857_F003
Bahiravokanda Vihara Buddha Statue,Visitor centre,1,0,0,1,0.0,neutral,1,REV013941_F001
Baker's Falls,Accommodation,3,0,0,3,0.0,neutral,3,REV014253_F001;REV014287_F001;REV014288_F001
Baker's Falls,Cafe,2,0,0,2,0.0,neutral,1,REV014322_F002;REV014322_F004
Baker's Falls,Entrance fee,2,1,0,1,0.5,positive,2,REV014271_F001;REV014274_F001
Baker's Falls,Food stall,1,0,0,1,0.0,neutral,1,REV014307_F001
Baker's Falls,Lighting,1,0,0,1,0.0,neutral,1,REV014254_F002
Baker's Falls,Parking,2,1,0,1,0.5,positive,2,REV014258_F001;REV014264_F002
Baker's Falls,Pathway,3,1,1,1,0.0,positive,3,REV014319_F001;REV014348_F001;REV014357_F001
Baker's Falls,Safety barrier,1,0,0,1,0.0,neutral,1,REV014294_F001
Baker's Falls,Seating,2,0,0,2,0.0,neutral,2,REV014267_F001;REV014307_F001
Baker's Falls,Shade or shelter,2,0,1,1,-0.5,neutral,2,REV014283_F001;REV014287_F001
Baker's Falls,Shower,1,1,0,0,1.0,positive,1,REV014312_F001
Baker's Falls,Signage,2,1,0,1,0.5,positive,2,REV014254_F001;REV014289_F001
Baker's Falls,Steps or stairs,16,4,7,5,-0.188,negative,16,REV014253_F002;REV014262_F001;REV014281_F001;REV014283_F001;REV014284_F001;REV014285_F001;REV014290_F001;REV014299_F001;REV014318_F001;REV014330_F001;REV014332_F001;REV014336_F001;REV014344_F001;REV014348_F001;REV014362_F001;REV014373_F001
Baker's Falls,Ticket or receipt,1,0,0,1,0.0,neutral,1,REV014323_F001
Baker's Falls,Toilet,1,1,0,0,1.0,positive,1,REV014258_F001
Baker's Falls,Tuk tuk service,1,0,0,1,0.0,neutral,1,REV014322_F001
Baker's Falls,View platform,8,3,0,5,0.375,neutral,8,REV014262_F001;REV014264_F001;REV014269_F001;REV014290_F001;REV014316_F001;REV014322_F003;REV014358_F001;REV014370_F001
Bambarakanda Falls,Accommodation,8,3,0,5,0.375,neutral,8,REV014438_F001;REV014441_F001;REV014461_F001;REV014463_F002;REV014467_F001;REV014468_F003;REV014473_F005;REV014481_F001
Bambarakanda Falls,Bridge,4,0,0,4,0.0,neutral,3,REV014404_F002;REV014473_F001;REV014473_F002;REV014477_F002
Bambarakanda Falls,Brochure,3,0,0,3,0.0,neutral,3,REV014417_F001;REV014423_F004;REV014463_F001
Bambarakanda Falls,Cafe,1,0,0,1,0.0,neutral,1,REV014411_F003
Bambarakanda Falls,Clothing cover service,1,0,0,1,0.0,neutral,1,REV014406_F001
Bambarakanda Falls,Entrance fee,19,4,3,12,0.053,neutral,14,REV014383_F001;REV014383_F002;REV014396_F001;REV014400_F003;REV014416_F003;REV014416_F005;REV014416_F006;REV014427_F002;REV014428_F001;REV014443_F001;REV014443_F002;REV014447_F001;REV014454_F001;REV014454_F002;REV014455_F002;REV014468_F004;REV014469_F002;REV014472_F001;REV014477_F001
Bambarakanda Falls,Food stall,1,0,0,1,0.0,neutral,1,REV014411_F003
Bambarakanda Falls,Parking,9,4,1,4,0.333,positive,9,REV014389_F004;REV014400_F002;REV014407_F001;REV014410_F001;REV014415_F001;REV014439_F001;REV014466_F001;REV014468_F002;REV014472_F002
Bambarakanda Falls,Pathway,8,3,2,3,0.125,positive,7,REV014382_F002;REV014389_F004;REV014389_F006;REV014400_F004;REV014403_F001;REV014440_F002;REV014455_F001;REV014462_F001
Bambarakanda Falls,Road access,19,1,3,15,-0.105,neutral,17,REV014388_F001;REV014389_F001;REV014389_F002;REV014390_F001;REV014399_F001;REV014400_F001;REV014407_F001;REV014411_F001;REV014412_F001;REV014426_F001;REV014440_F001;REV014442_F001;REV014444_F001;REV014463_F003;REV014468_F001;REV014471_F001;REV014472_F002;REV014473_F002;REV014473_F004
Bambarakanda Falls,Seating,4,1,0,3,0.25,neutral,4,REV014407_F003;REV014411_F005;REV014434_F001;REV014468_F005
Bambarakanda Falls,Security,1,0,0,1,0.0,neutral,1,REV014399_F002
Bambarakanda Falls,Shade or shelter,2,1,0,1,0.5,positive,2,REV014411_F002;REV014455_F003
Bambarakanda Falls,Shop,1,0,0,1,0.0,neutral,1,REV014473_F003
Bambarakanda Falls,Shower,6,1,0,5,0.167,neutral,4,REV014397_F001;REV014436_F001;REV014479_F001;REV014482_F001;REV014482_F002;REV014482_F003
Bambarakanda Falls,Signage,2,0,0,2,0.0,neutral,2,REV014463_F001;REV014481_F001
Bambarakanda Falls,Steps or stairs,13,2,1,10,0.077,neutral,13,REV014399_F002;REV014401_F003;REV014405_F001;REV014407_F002;REV014416_F002;REV014418_F002;REV014421_F001;REV014425_F001;REV014427_F001;REV014439_F002;REV014443_F003;REV014463_F004;REV014469_F001
Bambarakanda Falls,Ticket counter,8,2,0,6,0.25,neutral,6,REV014382_F001;REV014411_F003;REV014411_F004;REV014413_F001;REV014414_F001;REV014423_F002;REV014423_F003;REV014430_F003
Bambarakanda Falls,Ticket or receipt,23,5,2,16,0.13,neutral,19,REV014382_F001;REV014389_F003;REV014396_F001;REV014400_F003;REV014401_F002;REV014411_F003;REV014411_F004;REV014413_F001;REV014414_F001;REV014416_F006;REV014421_F001;REV014423_F001;REV014423_F002;REV014423_F003;REV014425_F002;REV014430_F002;REV014430_F003;REV014437_F001;REV014439_F002;REV014440_F002;REV014442_F002;REV014455_F002;REV014462_F001
Bambarakanda Falls,Toilet,9,4,0,5,0.444,neutral,9,REV014389_F005;REV014399_F002;REV014428_F002;REV014432_F001;REV014437_F002;REV014443_F003;REV014455_F003;REV014463_F005;REV014469_F001
Bambarakanda Falls,Train service,3,2,1,0,0.333,positive,3,REV014404_F001;REV014416_F001;REV014418_F001
Bambarakanda Falls,Tuk tuk service,9,2,0,7,0.222,neutral,9,REV014382_F001;REV014383_F002;REV014401_F001;REV014416_F004;REV014430_F001;REV014446_F001;REV014465_F001;REV014468_F001;REV014477_F001
Bambarakanda Falls,View platform,1,0,0,1,0.0,neutral,1,REV014414_F002
Batticaloa Fort,Accessibility ramp,21,6,1,14,0.238,neutral,14,REV037688_F001;REV037711_F001;REV037724_F001;REV037724_F002;REV037724_F003;REV037724_F004;REV037724_F005;REV037724_F006;REV037726_F001;REV037737_F002;REV037746_F001;REV037748_F001;REV037750_F001;REV037751_F001;REV037752_F001;REV037755_F001;REV037771_F002;REV037779_F001;REV037779_F002;REV037782_F001;REV037782_F002
Batticaloa Fort,Accommodation,3,1,0,2,0.333,neutral,3,REV037765_F001;REV037788_F001;REV037792_F001
Batticaloa Fort,Boat service,6,3,0,3,0.5,positive,5,REV037703_F001;REV037711_F002;REV037737_F001;REV037737_F003;REV037761_F002;REV037775_F001
Batticaloa Fort,Bridge,8,2,0,6,0.25,neutral,7,REV037717_F001;REV037724_F004;REV037728_F001;REV037734_F001;REV037737_F001;REV037775_F001;REV037791_F002;REV037791_F003
Batticaloa Fort,Cafe,1,1,0,0,1.0,positive,1,REV037753_F001
Batticaloa Fort,Entrance fee,2,1,0,1,0.5,positive,2,REV037711_F001;REV037731_F002
Batticaloa Fort,General facilities,1,0,0,1,0.0,neutral,1,REV037689_F001
Batticaloa Fort,Guide service,20,6,3,11,0.15,neutral,19,REV037678_F001;REV037679_F001;REV037681_F001;REV037682_F001;REV037683_F001;REV037684_F001;REV037685_F001;REV037691_F001;REV037692_F001;REV037696_F001;REV037696_F002;REV037697_F001;REV037699_F001;REV037703_F001;REV037704_F001;REV037706_F001;REV037707_F001;REV037708_F001;REV037709_F001;REV037720_F001
Batticaloa Fort,Multilingual information,1,0,0,1,0.0,neutral,1,REV037708_F001
Batticaloa Fort,Restaurant,2,0,1,1,-0.5,neutral,2,REV037708_F002;REV037783_F001
Batticaloa Fort,Security,8,0,1,7,-0.125,neutral,7,REV037716_F001;REV037722_F001;REV037722_F002;REV037724_F005;REV037737_F002;REV037761_F001;REV037771_F001;REV037784_F001
Batticaloa Fort,Signage,3,1,2,0,-0.333,negative,3,REV037705_F001;REV037706_F001;REV037724_F007
Batticaloa Fort,Steps or stairs,9,1,1,7,0.0,neutral,9,REV037682_F001;REV037724_F001;REV037733_F001;REV037745_F001;REV037760_F001;REV037765_F002;REV037782_F003;REV037787_F001;REV037791_F001
Batticaloa Fort,Tuk tuk service,2,0,0,2,0.0,neutral,1,REV037731_F001;REV037731_F002
Batticaloa Fort,Visitor centre,1,1,0,0,1.0,positive,1,REV037681_F002
Beddegana Wetland Park,Bridge,2,1,0,1,0.5,positive,2,REV000202_F001;REV000211_F002
Beddegana Wetland Park,Brochure,1,1,0,0,1.0,positive,1,REV000213_F001
Beddegana Wetland Park,Entrance fee,5,0,0,5,0.0,neutral,4,REV000182_F001;REV000192_F001;REV000207_F001;REV000207_F002;REV000212_F001
Beddegana Wetland Park,General facilities,1,1,0,0,1.0,positive,1,REV000201_F001
Beddegana Wetland Park,Information board,2,1,0,1,0.5,positive,2,REV000196_F001;REV000210_F001
Beddegana Wetland Park,Parking,3,0,0,3,0.0,neutral,3,REV000202_F002;REV000210_F002;REV000220_F002
Beddegana Wetland Park,Pathway,9,4,1,4,0.333,positive,8,REV000188_F001;REV000194_F001;REV000196_F003;REV000202_F001;REV000210_F004;REV000211_F001;REV000211_F002;REV000215_F001;REV000219_F001
Beddegana Wetland Park,Seating,1,1,0,0,1.0,positive,1,REV000220_F001
Beddegana Wetland Park,Security,6,3,1,2,0.333,positive,3,REV000181_F001;REV000204_F001;REV000204_F002;REV000204_F003;REV000204_F004;REV000210_F004
Beddegana Wetland Park,Shade or shelter,1,0,0,1,0.0,neutral,1,REV000196_F003
Beddegana Wetland Park,Signage,1,1,0,0,1.0,positive,1,REV000181_F001
Beddegana Wetland Park,Ticket or receipt,5,0,1,4,-0.2,neutral,5,REV000182_F001;REV000187_F001;REV000202_F003;REV000207_F001;REV000210_F003
Beddegana Wetland Park,Toilet,1,0,0,1,0.0,neutral,1,REV000202_F004
Beddegana Wetland Park,View platform,2,0,0,2,0.0,neutral,2,REV000196_F002;REV000199_F001
Beddegana Wetland Park,Visitor centre,1,0,0,1,0.0,neutral,1,REV000218_F001
Bentota Beach,Accommodation,242,81,34,127,0.194,neutral,170,REV023946_F001;REV023948_F001;REV023953_F001;REV023955_F001;REV023955_F003;REV023960_F001;REV023962_F001;REV023964_F001;REV023964_F003;REV023968_F001;REV023974_F001;REV023979_F001;REV023982_F001;REV023983_F001;REV023983_F002;REV023985_F001;REV023985_F002;REV023987_F001;REV023994_F001;REV024002_F001;REV024004_F001;REV024008_F002;REV024011_F001;REV024012_F001;REV024012_F002
Bentota Beach,Boat rental,1,0,1,0,-1.0,negative,1,REV023969_F001
Bentota Beach,Boat service,14,5,0,9,0.357,neutral,9,REV023963_F001;REV023964_F002;REV023975_F001;REV024000_F001;REV024000_F002;REV024055_F003;REV024117_F001;REV024189_F001;REV024189_F002;REV024189_F004;REV024189_F005;REV024189_F007;REV024353_F002;REV024432_F001
Bentota Beach,Bridge,1,0,0,1,0.0,neutral,1,REV024406_F001
Bentota Beach,Brochure,1,0,0,1,0.0,neutral,1,REV024214_F001
Bentota Beach,Cafe,18,7,3,8,0.222,neutral,16,REV023972_F001;REV023980_F001;REV023983_F002;REV023987_F001;REV024154_F003;REV024227_F001;REV024230_F001;REV024232_F001;REV024234_F001;REV024243_F001;REV024243_F002;REV024249_F003;REV024438_F001;REV024456_F002;REV024464_F001;REV024469_F002;REV024469_F003;REV024481_F001
Bentota Beach,Clothing cover service,4,1,1,2,0.0,neutral,4,REV024194_F001;REV024249_F001;REV024413_F001;REV024489_F001
Bentota Beach,Entrance fee,27,4,4,19,0.0,neutral,19,REV023977_F003;REV023997_F002;REV024008_F001;REV024012_F001;REV024012_F002;REV024012_F003;REV024021_F001;REV024021_F002;REV024040_F001;REV024072_F003;REV024072_F004;REV024093_F001;REV024189_F002;REV024189_F006;REV024225_F001;REV024225_F002;REV024233_F001;REV024249_F002;REV024272_F002;REV024278_F001;REV024320_F001;REV024320_F002;REV024371_F003;REV024390_F001;REV024439_F006
Bentota Beach,First aid,1,1,0,0,1.0,positive,1,REV024201_F001
Bentota Beach,Food stall,12,3,2,7,0.083,neutral,12,REV023986_F001;REV024051_F001;REV024072_F003;REV024181_F001;REV024316_F001;REV024420_F002;REV024423_F001;REV024437_F001;REV024451_F001;REV024463_F003;REV024469_F003;REV024474_F003
Bentota Beach,General facilities,11,1,2,8,-0.091,neutral,10,REV023997_F001;REV024015_F001;REV024063_F001;REV024101_F001;REV024109_F003;REV024284_F001;REV024284_F002;REV024353_F001;REV024383_F003;REV024473_F001;REV024484_F002
Bentota Beach,Guide service,3,1,0,2,0.333,neutral,3,REV024044_F001;REV024464_F001;REV024489_F002
Bentota Beach,Lifeguard service,14,2,5,7,-0.214,neutral,13,REV023982_F002;REV024096_F002;REV024169_F001;REV024184_F001;REV024201_F001;REV024222_F001;REV024223_F001;REV024292_F001;REV024292_F002;REV024316_F001;REV024423_F002;REV024474_F004;REV024476_F002;REV024541_F001
Bentota Beach,Locker,1,0,1,0,-1.0,negative,1,REV023997_F003
Bentota Beach,Public transport access,1,0,0,1,0.0,neutral,1,REV023960_F001
Bentota Beach,Restaurant,69,25,15,29,0.145,neutral,64,REV023950_F001;REV023955_F004;REV023958_F001;REV023963_F002;REV023963_F003;REV023973_F001;REV023977_F001;REV023987_F001;REV023991_F002;REV024002_F001;REV024012_F002;REV024031_F001;REV024032_F001;REV024072_F001;REV024072_F002;REV024073_F001;REV024081_F002;REV024083_F001;REV024086_F001;REV024100_F001;REV024102_F001;REV024107_F001;REV024113_F001;REV024118_F001;REV024134_F001
Bentota Beach,Road access,2,0,1,1,-0.5,neutral,2,REV024294_F002;REV024483_F001
Bentota Beach,Seating,3,1,0,2,0.333,neutral,3,REV023977_F003;REV024053_F001;REV024065_F001
Bentota Beach,Security,20,3,8,9,-0.25,neutral,18,REV023982_F002;REV023996_F001;REV024071_F001;REV024096_F001;REV024096_F002;REV024169_F001;REV024184_F001;REV024201_F001;REV024222_F001;REV024223_F001;REV024292_F001;REV024292_F002;REV024316_F001;REV024328_F001;REV024329_F002;REV024362_F001;REV024423_F002;REV024474_F004;REV024476_F002;REV024541_F001
Bentota Beach,Shade or shelter,12,3,5,4,-0.167,negative,12,REV023955_F004;REV023977_F002;REV024004_F002;REV024072_F005;REV024160_F001;REV024173_F001;REV024183_F001;REV024345_F001;REV024456_F001;REV024469_F002;REV024476_F003;REV024536_F002
Bentota Beach,Shop,4,0,3,1,-0.75,negative,4,REV023977_F001;REV024277_F002;REV024332_F001;REV024508_F001
Bentota Beach,Shower,3,2,0,1,0.667,positive,3,REV023955_F002;REV023988_F001;REV023991_F001
Bentota Beach,Signage,5,1,3,1,-0.4,negative,5,REV024250_F002;REV024284_F003;REV024301_F001;REV024325_F001;REV024457_F001
Bentota Beach,Souvenir shop,1,0,0,1,0.0,neutral,1,REV024030_F001
Bentota Beach,Steps or stairs,1,0,0,1,0.0,neutral,1,REV024045_F001
Bentota Beach,Surfboard rental,1,0,0,1,0.0,neutral,1,REV023948_F001
Bentota Beach,Taxi service,5,0,1,4,-0.2,neutral,5,REV024008_F001;REV024120_F001;REV024276_F001;REV024294_F002;REV024423_F003
Bentota Beach,Toilet,5,1,3,1,-0.4,negative,4,REV023988_F001;REV023991_F001;REV024021_F002;REV024021_F003;REV024154_F001
Bentota Beach,Towel service,2,0,0,2,0.0,neutral,2,REV024022_F004;REV024271_F001
Bentota Beach,Train service,6,0,0,6,0.0,neutral,5,REV024105_F001;REV024215_F001;REV024218_F002;REV024335_F001;REV024517_F001;REV024517_F003
Bentota Beach,Tuk tuk service,16,6,3,7,0.188,neutral,16,REV023948_F001;REV023985_F003;REV024008_F002;REV024013_F001;REV024072_F004;REV024120_F002;REV024129_F001;REV024141_F001;REV024179_F001;REV024286_F003;REV024294_F002;REV024309_F002;REV024340_F001;REV024371_F001;REV024463_F002;REV024498_F001
Bogoda Wooden Bridge,Accommodation,5,0,1,4,-0.2,neutral,5,REV014488_F001;REV014495_F010;REV014504_F001;REV014508_F001;REV014523_F007
Bogoda Wooden Bridge,Bridge,105,7,19,79,-0.114,neutral,37,REV014484_F001;REV014484_F002;REV014484_F003;REV014484_F004;REV014485_F001;REV014486_F001;REV014486_F002;REV014486_F003;REV014487_F001;REV014487_F002;REV014487_F003;REV014488_F001;REV014489_F001;REV014489_F002;REV014489_F003;REV014490_F001;REV014490_F002;REV014490_F003;REV014490_F005;REV014490_F006;REV014490_F007;REV014490_F009;REV014490_F010;REV014490_F011;REV014490_F012
Bogoda Wooden Bridge,Donation box,1,0,0,1,0.0,neutral,1,REV014489_F003
Bogoda Wooden Bridge,Entrance fee,1,0,0,1,0.0,neutral,1,REV014516_F003
Bogoda Wooden Bridge,Food stall,1,0,1,0,-1.0,negative,1,REV014505_F003
Bogoda Wooden Bridge,Guide service,4,0,0,4,0.0,neutral,3,REV014495_F015;REV014512_F005;REV014514_F001;REV014514_F002
Bogoda Wooden Bridge,Handrail,1,0,0,1,0.0,neutral,1,REV014490_F005
Bogoda Wooden Bridge,Parking,3,1,1,1,0.0,positive,3,REV014490_F003;REV014506_F002;REV014511_F003
Bogoda Wooden Bridge,Pathway,1,0,0,1,0.0,neutral,1,REV014512_F007
Bogoda Wooden Bridge,Public transport access,1,0,0,1,0.0,neutral,1,REV014490_F004
Bogoda Wooden Bridge,Road access,17,2,8,7,-0.353,negative,13,REV014484_F006;REV014490_F004;REV014495_F009;REV014495_F011;REV014495_F014;REV014499_F002;REV014502_F001;REV014503_F002;REV014505_F001;REV014506_F001;REV014507_F002;REV014511_F001;REV014511_F003;REV014511_F004;REV014512_F002;REV014513_F001;REV014517_F004
Bogoda Wooden Bridge,Safety barrier,2,0,1,1,-0.5,neutral,2,REV014487_F002;REV014509_F006
Bogoda Wooden Bridge,Security,1,0,0,1,0.0,neutral,1,REV014517_F005
Bogoda Wooden Bridge,Shade or shelter,2,0,0,2,0.0,neutral,2,REV014495_F005;REV014516_F002
Bogoda Wooden Bridge,Shop,1,0,1,0,-1.0,negative,1,REV014503_F002
Bogoda Wooden Bridge,Signage,3,0,2,1,-0.667,negative,2,REV014487_F002;REV014494_F001;REV014494_F002
Bogoda Wooden Bridge,Steps or stairs,7,2,1,4,0.143,neutral,5,REV014484_F005;REV014490_F005;REV014490_F006;REV014490_F008;REV014501_F001;REV014506_F003;REV014511_F001
Bogoda Wooden Bridge,Taxi service,1,0,0,1,0.0,neutral,1,REV014509_F004
Bogoda Wooden Bridge,Tuk tuk service,4,0,1,3,-0.25,neutral,4,REV014495_F012;REV014496_F002;REV014512_F003;REV014515_F002
Bopath Ella (Bopath Falls),Accommodation,6,2,0,4,0.333,neutral,5,REV037799_F004;REV037810_F002;REV037821_F004;REV037821_F005;REV037822_F001;REV037830_F001
Bopath Ella (Bopath Falls),Boat service,1,0,0,1,0.0,neutral,1,REV037803_F001
Bopath Ella (Bopath Falls),Brochure,1,0,0,1,0.0,neutral,1,REV037799_F001
Bopath Ella (Bopath Falls),Entrance fee,4,1,0,3,0.25,neutral,4,REV037793_F001;REV037809_F002;REV037829_F001;REV037833_F001
Bopath Ella (Bopath Falls),Food stall,1,0,0,1,0.0,neutral,1,REV037799_F004
Bopath Ella (Bopath Falls),General facilities,1,0,1,0,-1.0,negative,1,REV037826_F001
Bopath Ella (Bopath Falls),Parking,4,0,0,4,0.0,neutral,4,REV037799_F002;REV037810_F002;REV037820_F001;REV037821_F003
Bopath Ella (Bopath Falls),Public transport access,1,0,0,1,0.0,neutral,1,REV037830_F002
Bopath Ella (Bopath Falls),Restaurant,3,2,0,1,0.667,positive,2,REV037821_F001;REV037821_F002;REV037830_F001
Bopath Ella (Bopath Falls),Ticket or receipt,5,0,1,4,-0.2,neutral,5,REV037793_F001;REV037799_F003;REV037807_F001;REV037809_F001;REV037810_F001
Bopath Ella (Bopath Falls),Toilet,1,0,1,0,-1.0,negative,1,REV037820_F002
Bopath Ella (Bopath Falls),Tuk tuk service,2,0,0,2,0.0,neutral,2,REV037794_F001;REV037830_F002
Brief Garden - Bevis Bawa,Accessibility ramp,1,0,0,1,0.0,neutral,1,REV037835_F001
Brief Garden - Bevis Bawa,Accommodation,30,6,2,22,0.133,neutral,28,REV037881_F003;REV037883_F002;REV037889_F002;REV037894_F001;REV037904_F001;REV037904_F002;REV037908_F002;REV037915_F001;REV037947_F001;REV037949_F001;REV037956_F001;REV037957_F001;REV037968_F001;REV037998_F001;REV037998_F002;REV038015_F001;REV038020_F001;REV038025_F001;REV038028_F001;REV038077_F002;REV038091_F001;REV038096_F001;REV038099_F001;REV038119_F001;REV038134_F001
Brief Garden - Bevis Bawa,Brochure,10,1,3,6,-0.2,neutral,10,REV037841_F002;REV037869_F001;REV037939_F002;REV037970_F001;REV038002_F003;REV038013_F001;REV038032_F001;REV038082_F001;REV038097_F001;REV038129_F001
Brief Garden - Bevis Bawa,Cafe,5,0,3,2,-0.6,negative,5,REV037926_F001;REV037928_F003;REV037939_F002;REV038085_F001;REV038216_F003
Brief Garden - Bevis Bawa,Donation box,2,1,0,1,0.5,positive,2,REV038031_F004;REV038100_F002
Brief Garden - Bevis Bawa,Entrance fee,106,28,10,68,0.17,neutral,93,REV037836_F001;REV037836_F002;REV037841_F001;REV037847_F001;REV037862_F001;REV037869_F002;REV037870_F001;REV037874_F001;REV037877_F001;REV037879_F001;REV037882_F003;REV037884_F002;REV037886_F001;REV037889_F001;REV037890_F001;REV037891_F002;REV037893_F001;REV037894_F001;REV037902_F001;REV037907_F002;REV037917_F001;REV037923_F001;REV037924_F002;REV037925_F002;REV037925_F003
Brief Garden - Bevis Bawa,Food stall,5,0,2,3,-0.4,neutral,5,REV037857_F001;REV037880_F001;REV037947_F002;REV038019_F002;REV038134_F002
Brief Garden - Bevis Bawa,Guide service,60,28,3,29,0.417,neutral,52,REV037843_F002;REV037847_F001;REV037861_F002;REV037869_F002;REV037872_F001;REV037873_F001;REV037885_F001;REV037891_F001;REV037899_F001;REV037907_F001;REV037919_F001;REV037921_F001;REV037922_F001;REV037922_F002;REV037947_F001;REV037948_F001;REV037958_F001;REV037958_F002;REV037962_F003;REV037965_F001;REV037966_F001;REV037979_F001;REV037986_F001;REV037986_F002;REV037986_F003
Brief Garden - Bevis Bawa,Information board,1,0,0,1,0.0,neutral,1,REV037925_F003
Brief Garden - Bevis Bawa,Multilingual information,1,0,1,0,-1.0,negative,1,REV038045_F002
Brief Garden - Bevis Bawa,Parking,2,0,1,1,-0.5,neutral,2,REV037928_F001;REV038113_F002
Brief Garden - Bevis Bawa,Pathway,7,1,0,6,0.143,neutral,7,REV037969_F001;REV037983_F002;REV038020_F002;REV038138_F002;REV038158_F001;REV038183_F003;REV038193_F001
Brief Garden - Bevis Bawa,Public transport access,2,0,1,1,-0.5,neutral,2,REV037925_F001;REV038077_F001
Brief Garden - Bevis Bawa,Restaurant,3,0,2,1,-0.667,negative,3,REV037990_F003;REV038043_F001;REV038066_F003
Brief Garden - Bevis Bawa,Road access,15,4,5,6,-0.067,neutral,14,REV037881_F002;REV037977_F001;REV037986_F006;REV038004_F002;REV038044_F002;REV038047_F001;REV038066_F001;REV038069_F002;REV038077_F002;REV038087_F001;REV038113_F001;REV038161_F001;REV038161_F002;REV038199_F001;REV038227_F001
Brief Garden - Bevis Bawa,Safety barrier,1,0,1,0,-1.0,negative,1,REV038045_F002
Brief Garden - Bevis Bawa,Seating,8,3,0,5,0.375,neutral,8,REV037920_F001;REV038006_F001;REV038053_F001;REV038066_F003;REV038142_F002;REV038165_F001;REV038193_F001;REV038228_F001
Brief Garden - Bevis Bawa,Security,3,0,1,2,-0.333,neutral,3,REV037897_F001;REV038004_F005;REV038206_F001
Brief Garden - Bevis Bawa,Shade or shelter,6,1,0,5,0.167,neutral,6,REV037877_F002;REV037881_F001;REV037994_F001;REV038100_F001;REV038117_F001;REV038228_F001
Brief Garden - Bevis Bawa,Shop,2,1,1,0,0.0,positive,2,REV037928_F003;REV038116_F002
Brief Garden - Bevis Bawa,Shower,4,1,0,3,0.25,neutral,4,REV037977_F004;REV038099_F004;REV038183_F002;REV038206_F002
Brief Garden - Bevis Bawa,Signage,19,1,13,5,-0.632,negative,17,REV037841_F002;REV037845_F001;REV037928_F001;REV038004_F001;REV038004_F007;REV038005_F001;REV038020_F001;REV038024_F001;REV038031_F002;REV038033_F001;REV038065_F001;REV038069_F001;REV038069_F002;REV038071_F001;REV038077_F003;REV038087_F001;REV038138_F001;REV038161_F002;REV038187_F001
Brief Garden - Bevis Bawa,Souvenir shop,3,0,2,1,-0.667,negative,3,REV037948_F002;REV037990_F003;REV038021_F001
Brief Garden - Bevis Bawa,Steps or stairs,12,3,2,7,0.083,neutral,10,REV037864_F001;REV037864_F002;REV037877_F002;REV037883_F001;REV037902_F002;REV037908_F001;REV038031_F001;REV038031_F003;REV038142_F001;REV038183_F001;REV038193_F001;REV038221_F001
Brief Garden - Bevis Bawa,Taxi service,3,1,0,2,0.333,neutral,3,REV037970_F001;REV038015_F001;REV038217_F001
Brief Garden - Bevis Bawa,Ticket or receipt,19,3,7,9,-0.211,neutral,17,REV037842_F001;REV037853_F002;REV037854_F001;REV037878_F001;REV037885_F001;REV037921_F001;REV037923_F001;REV037925_F003;REV037931_F001;REV037940_F001;REV037949_F002;REV037990_F001;REV037990_F003;REV037990_F004;REV038019_F001;REV038020_F003;REV038050_F001;REV038066_F002;REV038206_F002
Brief Garden - Bevis Bawa,Toilet,3,1,1,1,0.0,positive,3,REV037977_F003;REV037986_F002;REV038065_F002
Brief Garden - Bevis Bawa,Towel service,1,0,0,1,0.0,neutral,1,REV037882_F002
Brief Garden - Bevis Bawa,Tuk tuk service,64,14,5,45,0.141,neutral,61,REV037839_F001;REV037843_F001;REV037851_F001;REV037853_F001;REV037853_F003;REV037861_F001;REV037877_F003;REV037881_F002;REV037882_F001;REV037884_F001;REV037888_F001;REV037894_F001;REV037916_F001;REV037924_F001;REV037925_F002;REV037935_F001;REV037937_F001;REV037938_F002;REV037942_F001;REV037962_F001;REV037979_F001;REV037983_F001;REV037999_F001;REV038004_F003;REV038017_F001
Brief Garden - Bevis Bawa,View platform,1,0,1,0,-1.0,negative,1,REV037934_F001
Buduruwagala Temple,Accommodation,4,1,0,3,0.25,neutral,3,REV038275_F001;REV038283_F001;REV038333_F001;REV038333_F003
Buduruwagala Temple,Boat service,1,0,0,1,0.0,neutral,1,REV038257_F001
Buduruwagala Temple,Brochure,1,0,0,1,0.0,neutral,1,REV038278_F001
Buduruwagala Temple,Cafe,5,2,1,2,0.2,positive,4,REV038246_F001;REV038246_F002;REV038248_F001;REV038250_F001;REV038253_F001
Buduruwagala Temple,Clothing cover service,1,1,0,0,1.0,positive,1,REV038308_F001
Buduruwagala Temple,Donation box,2,1,0,1,0.5,positive,2,REV038328_F002;REV038349_F001
Buduruwagala Temple,Entrance fee,15,2,0,13,0.133,neutral,15,REV038263_F001;REV038268_F001;REV038276_F001;REV038278_F003;REV038279_F001;REV038283_F002;REV038293_F001;REV038301_F001;REV038327_F001;REV038328_F001;REV038330_F003;REV038335_F002;REV038343_F001;REV038347_F001;REV038348_F002
Buduruwagala Temple,Food stall,1,0,0,1,0.0,neutral,1,REV038253_F001
Buduruwagala Temple,Guide service,2,0,1,1,-0.5,neutral,2,REV038331_F001;REV038335_F002
Buduruwagala Temple,Multilingual information,2,0,0,2,0.0,neutral,2,REV038266_F001;REV038347_F004
Buduruwagala Temple,Parking,5,1,1,3,0.0,neutral,5,REV038291_F001;REV038306_F001;REV038316_F001;REV038344_F001;REV038348_F002
Buduruwagala Temple,Pathway,1,0,0,1,0.0,neutral,1,REV038328_F003
Buduruwagala Temple,Public transport access,1,0,1,0,-1.0,negative,1,REV038330_F001
Buduruwagala Temple,Restaurant,1,0,1,0,-1.0,negative,1,REV038291_F001
Buduruwagala Temple,Road access,12,3,3,6,0.0,neutral,11,REV038275_F001;REV038276_F002;REV038299_F001;REV038303_F001;REV038312_F001;REV038332_F001;REV038337_F001;REV038339_F001;REV038346_F001;REV038347_F002;REV038347_F003;REV038348_F001
Buduruwagala Temple,Seating,2,0,0,2,0.0,neutral,1,REV038333_F004;REV038333_F005
Buduruwagala Temple,Security,1,0,1,0,-1.0,negative,1,REV038291_F002
Buduruwagala Temple,Shade or shelter,1,1,0,0,1.0,positive,1,REV038278_F002
Buduruwagala Temple,Shoe storage,4,1,0,3,0.25,neutral,4,REV038248_F001;REV038256_F001;REV038271_F001;REV038291_F003
Buduruwagala Temple,Signage,2,0,0,2,0.0,neutral,2,REV038346_F002;REV038347_F004
Buduruwagala Temple,Steps or stairs,5,2,1,2,0.2,positive,4,REV038287_F001;REV038291_F002;REV038291_F003;REV038294_F001;REV038333_F002
Buduruwagala Temple,Ticket counter,1,0,0,1,0.0,neutral,1,REV038330_F003
Buduruwagala Temple,Ticket or receipt,11,0,4,7,-0.364,neutral,10,REV038268_F001;REV038268_F002;REV038272_F001;REV038279_F001;REV038291_F001;REV038317_F001;REV038327_F001;REV038328_F002;REV038330_F003;REV038343_F002;REV038349_F002
Buduruwagala Temple,Toilet,2,0,2,0,-1.0,negative,2,REV038311_F001;REV038317_F001
Buduruwagala Temple,Tuk tuk service,5,3,0,2,0.6,positive,4,REV038317_F002;REV038327_F002;REV038330_F002;REV038330_F004;REV038335_F001
Casuarina Beach,Accommodation,6,2,1,3,0.167,neutral,6,REV038357_F001;REV038390_F001;REV038412_F002;REV038431_F002;REV038499_F001;REV038524_F001
Casuarina Beach,Boat rental,1,0,0,1,0.0,neutral,1,REV038436_F001
Casuarina Beach,Boat service,13,4,0,9,0.308,neutral,13,REV038410_F002;REV038412_F001;REV038423_F001;REV038425_F002;REV038432_F001;REV038434_F001;REV038438_F001;REV038452_F001;REV038498_F001;REV038500_F002;REV038505_F001;REV038529_F002;REV038531_F001
Casuarina Beach,Bridge,2,0,0,2,0.0,neutral,2,REV038364_F001;REV038500_F001
Casuarina Beach,Brochure,3,0,0,3,0.0,neutral,3,REV038490_F001;REV038492_F002;REV038544_F001
Casuarina Beach,Cafe,2,1,1,0,0.0,positive,2,REV038434_F002;REV038491_F001
Casuarina Beach,Changing room,27,9,4,14,0.185,neutral,24,REV038352_F001;REV038352_F002;REV038352_F003;REV038352_F004;REV038358_F001;REV038380_F001;REV038382_F001;REV038387_F001;REV038388_F004;REV038415_F001;REV038417_F001;REV038418_F002;REV038419_F001;REV038425_F001;REV038433_F001;REV038436_F001;REV038439_F003;REV038446_F001;REV038447_F001;REV038470_F001;REV038472_F001;REV038484_F001;REV038512_F002;REV038525_F001;REV038528_F001
Casuarina Beach,Drinking water,1,0,0,1,0.0,neutral,1,REV038447_F003
Casuarina Beach,Entrance fee,35,6,4,25,0.057,neutral,30,REV038351_F002;REV038356_F002;REV038359_F001;REV038361_F001;REV038369_F002;REV038380_F001;REV038388_F002;REV038391_F002;REV038392_F002;REV038396_F001;REV038400_F002;REV038411_F001;REV038418_F001;REV038421_F002;REV038427_F002;REV038427_F003;REV038431_F001;REV038436_F002;REV038436_F003;REV038436_F004;REV038439_F002;REV038445_F002;REV038450_F001;REV038454_F001;REV038459_F001
Casuarina Beach,Food stall,16,5,4,7,0.062,neutral,16,REV038358_F003;REV038400_F001;REV038414_F001;REV038415_F001;REV038417_F001;REV038427_F004;REV038431_F003;REV038432_F003;REV038436_F001;REV038447_F003;REV038456_F001;REV038465_F002;REV038475_F001;REV038512_F001;REV038517_F001;REV038522_F001
Casuarina Beach,General facilities,5,3,1,1,0.4,positive,5,REV038356_F001;REV038385_F002;REV038474_F001;REV038488_F001;REV038509_F001
Casuarina Beach,Life jacket,1,1,0,0,1.0,positive,1,REV038500_F002
Casuarina Beach,Lifeguard service,12,6,1,5,0.417,positive,12,REV038374_F001;REV038379_F001;REV038381_F001;REV038383_F001;REV038388_F003;REV038410_F001;REV038445_F004;REV038446_F002;REV038447_F002;REV038471_F001;REV038533_F002;REV038539_F001
Casuarina Beach,Lighting,1,0,0,1,0.0,neutral,1,REV038354_F001
Casuarina Beach,Parking,8,5,0,3,0.625,positive,8,REV038362_F001;REV038371_F001;REV038372_F001;REV038388_F001;REV038400_F002;REV038472_F001;REV038525_F002;REV038539_F003
Casuarina Beach,Public transport access,7,4,0,3,0.571,positive,5,REV038427_F001;REV038436_F002;REV038436_F005;REV038444_F001;REV038444_F002;REV038451_F001;REV038466_F001
Casuarina Beach,Restaurant,13,4,4,5,0.0,neutral,13,REV038385_F001;REV038387_F001;REV038390_F001;REV038396_F001;REV038419_F002;REV038421_F001;REV038456_F001;REV038490_F002;REV038512_F001;REV038520_F001;REV038524_F002;REV038536_F001;REV038537_F001
Casuarina Beach,Road access,4,2,0,2,0.5,positive,4,REV038362_F003;REV038383_F002;REV038429_F001;REV038482_F001
Casuarina Beach,Seating,4,0,1,3,-0.25,neutral,4,REV038392_F001;REV038456_F002;REV038459_F001;REV038484_F001
Casuarina Beach,Security,14,7,1,6,0.429,positive,14,REV038374_F001;REV038379_F001;REV038381_F001;REV038383_F001;REV038388_F003;REV038410_F001;REV038427_F005;REV038444_F001;REV038445_F004;REV038446_F002;REV038447_F002;REV038471_F001;REV038533_F002;REV038539_F001
Casuarina Beach,Shade or shelter,7,1,1,5,0.0,neutral,7,REV038353_F001;REV038444_F001;REV038445_F003;REV038450_F002;REV038459_F001;REV038494_F001;REV038522_F001
Casuarina Beach,Shop,19,4,5,10,-0.053,neutral,19,REV038358_F003;REV038369_F001;REV038376_F001;REV038388_F007;REV038401_F001;REV038414_F001;REV038415_F001;REV038417_F001;REV038426_F001;REV038427_F004;REV038431_F003;REV038436_F001;REV038444_F002;REV038456_F001;REV038490_F002;REV038501_F001;REV038517_F001;REV038524_F002;REV038525_F002
Casuarina Beach,Shower,19,3,4,12,-0.053,neutral,17,REV038351_F001;REV038351_F002;REV038362_F002;REV038365_F001;REV038375_F001;REV038387_F001;REV038388_F006;REV038396_F001;REV038402_F001;REV038431_F003;REV038433_F001;REV038446_F001;REV038459_F001;REV038461_F001;REV038497_F001;REV038497_F002;REV038512_F002;REV038539_F002;REV038542_F002
Casuarina Beach,Signage,4,0,0,4,0.0,neutral,3,REV038374_F002;REV038468_F001;REV038468_F002;REV038492_F002
Casuarina Beach,Taxi service,1,0,0,1,0.0,neutral,1,REV038368_F001
Casuarina Beach,Ticket or receipt,3,1,0,2,0.333,neutral,3,REV038406_F001;REV038427_F002;REV038469_F001
Casuarina Beach,Toilet,28,7,6,15,0.036,neutral,25,REV038351_F001;REV038351_F002;REV038351_F003;REV038352_F004;REV038354_F002;REV038355_F001;REV038358_F001;REV038358_F002;REV038374_F002;REV038387_F001;REV038388_F005;REV038394_F001;REV038396_F001;REV038417_F001;REV038419_F001;REV038427_F004;REV038431_F003;REV038432_F002;REV038436_F001;REV038452_F002;REV038456_F002;REV038472_F001;REV038475_F001;REV038512_F002;REV038516_F001
Casuarina Beach,Tuk tuk service,11,2,0,9,0.182,neutral,9,REV038391_F001;REV038420_F001;REV038436_F003;REV038436_F005;REV038439_F001;REV038439_F002;REV038444_F002;REV038445_F001;REV038460_F001;REV038465_F001;REV038466_F001
Ceylon Tea Museum,Accommodation,8,1,2,5,-0.125,neutral,7,REV014582_F001;REV014655_F001;REV014655_F002;REV014671_F001;REV014677_F001;REV014748_F001;REV014805_F001;REV014887_F001
Ceylon Tea Museum,Brochure,10,3,0,7,0.3,neutral,8,REV014545_F001;REV014561_F001;REV014606_F001;REV014730_F001;REV014730_F003;REV014730_F005;REV014886_F001;REV014930_F001;REV014941_F001;REV014973_F001
Ceylon Tea Museum,Cafe,46,25,7,14,0.391,positive,43,REV014545_F003;REV014548_F002;REV014563_F002;REV014592_F002;REV014597_F002;REV014602_F001;REV014611_F003;REV014611_F004;REV014622_F001;REV014641_F002;REV014682_F001;REV014699_F002;REV014704_F001;REV014705_F002;REV014728_F001;REV014734_F002;REV014738_F002;REV014742_F001;REV014750_F001;REV014750_F003;REV014753_F003;REV014753_F005;REV014776_F001;REV014784_F001;REV014807_F001
Ceylon Tea Museum,Donation box,1,0,0,1,0.0,neutral,1,REV014592_F001
Ceylon Tea Museum,Entrance fee,75,30,9,36,0.28,neutral,69,REV014527_F001;REV014530_F001;REV014534_F002;REV014535_F001;REV014545_F002;REV014548_F001;REV014557_F002;REV014562_F001;REV014564_F001;REV014583_F001;REV014583_F003;REV014584_F001;REV014589_F003;REV014590_F001;REV014597_F001;REV014614_F002;REV014625_F001;REV014627_F001;REV014636_F001;REV014641_F001;REV014644_F001;REV014645_F002;REV014645_F003;REV014648_F001;REV014653_F002
Ceylon Tea Museum,Food stall,1,0,1,0,-1.0,negative,1,REV014562_F003
Ceylon Tea Museum,General facilities,6,6,0,0,1.0,positive,5,REV014689_F002;REV014766_F001;REV014811_F001;REV014830_F001;REV014830_F002;REV014946_F001
Ceylon Tea Museum,Guide service,107,64,8,35,0.523,positive,99,REV014526_F001;REV014526_F002;REV014534_F001;REV014544_F001;REV014545_F002;REV014550_F001;REV014551_F001;REV014556_F001;REV014557_F001;REV014562_F002;REV014563_F001;REV014564_F002;REV014567_F001;REV014577_F001;REV014578_F001;REV014578_F002;REV014579_F001;REV014584_F001;REV014584_F002;REV014589_F002;REV014592_F001;REV014592_F002;REV014599_F001;REV014605_F001;REV014607_F001
Ceylon Tea Museum,Information board,3,1,0,2,0.333,neutral,3,REV014589_F003;REV014879_F001;REV014941_F001
Ceylon Tea Museum,Multilingual information,5,2,0,3,0.4,neutral,5,REV014592_F001;REV014604_F001;REV014681_F002;REV014843_F003;REV014941_F001
Ceylon Tea Museum,Parking,1,0,1,0,-1.0,negative,1,REV014842_F001
Ceylon Tea Museum,Pathway,1,1,0,0,1.0,positive,1,REV014703_F001
Ceylon Tea Museum,Public transport access,3,0,1,2,-0.333,neutral,3,REV014554_F001;REV014677_F004;REV014945_F001
Ceylon Tea Museum,Restaurant,13,6,2,5,0.308,positive,13,REV014624_F001;REV014680_F001;REV014808_F001;REV014820_F001;REV014825_F001;REV014839_F001;REV014859_F001;REV014887_F002;REV014908_F001;REV014963_F001;REV014973_F003;REV014975_F003;REV014990_F001
Ceylon Tea Museum,Road access,4,1,1,2,0.0,neutral,4,REV014532_F001;REV014698_F002;REV014724_F001;REV014750_F002
Ceylon Tea Museum,Safety barrier,1,0,0,1,0.0,neutral,1,REV014681_F001
Ceylon Tea Museum,Security,1,0,0,1,0.0,neutral,1,REV014865_F001
Ceylon Tea Museum,Shop,66,28,8,30,0.303,neutral,61,REV014536_F001;REV014537_F001;REV014543_F001;REV014545_F003;REV014546_F001;REV014548_F003;REV014568_F001;REV014584_F001;REV014619_F001;REV014625_F002;REV014625_F004;REV014625_F005;REV014628_F001;REV014631_F003;REV014632_F002;REV014641_F003;REV014652_F001;REV014662_F001;REV014692_F001;REV014699_F002;REV014705_F003;REV014719_F001;REV014727_F001;REV014734_F002;REV014735_F001
Ceylon Tea Museum,Signage,5,0,2,3,-0.4,neutral,5,REV014690_F001;REV014838_F002;REV014917_F001;REV014960_F001;REV014975_F002
Ceylon Tea Museum,Souvenir shop,17,7,3,7,0.235,positive,15,REV014528_F001;REV014534_F002;REV014604_F002;REV014604_F003;REV014633_F002;REV014670_F001;REV014701_F001;REV014702_F002;REV014717_F002;REV014755_F001;REV014812_F001;REV014813_F001;REV014843_F002;REV014912_F001;REV014971_F002;REV015001_F001;REV015001_F002
Ceylon Tea Museum,Steps or stairs,19,6,1,12,0.263,neutral,18,REV014578_F002;REV014589_F003;REV014595_F001;REV014622_F001;REV014629_F002;REV014641_F001;REV014712_F002;REV014733_F002;REV014767_F001;REV014767_F002;REV014814_F001;REV014820_F001;REV014822_F003;REV014857_F001;REV014858_F002;REV014905_F001;REV014921_F001;REV014944_F002;REV014952_F001
Ceylon Tea Museum,Taxi service,3,2,0,1,0.667,positive,3,REV014528_F002;REV014685_F001;REV014935_F001
Ceylon Tea Museum,Ticket or receipt,23,13,2,8,0.478,positive,21,REV014541_F001;REV014563_F001;REV014613_F001;REV014614_F001;REV014633_F001;REV014676_F001;REV014687_F001;REV014698_F001;REV014734_F001;REV014756_F001;REV014760_F001;REV014780_F003;REV014780_F004;REV014808_F001;REV014810_F001;REV014812_F001;REV014834_F001;REV014836_F001;REV014849_F001;REV014849_F002;REV014861_F001;REV014963_F001;REV014989_F001
Ceylon Tea Museum,Toilet,5,2,2,1,0.0,positive,5,REV014552_F001;REV014555_F001;REV014702_F001;REV014721_F001;REV014862_F001
Ceylon Tea Museum,Train service,2,0,0,2,0.0,neutral,2,REV014730_F002;REV014975_F002
Ceylon Tea Museum,Tuk tuk service,55,18,9,28,0.164,neutral,50,REV014528_F002;REV014540_F001;REV014563_F003;REV014583_F002;REV014589_F001;REV014594_F001;REV014596_F001;REV014611_F001;REV014614_F002;REV014623_F001;REV014627_F002;REV014631_F001;REV014632_F001;REV014645_F001;REV014645_F004;REV014672_F001;REV014677_F002;REV014677_F003;REV014688_F001;REV014689_F001;REV014691_F001;REV014694_F001;REV014695_F001;REV014697_F001;REV014702_F004
Coconut Tree Hill,Accommodation,2,1,0,1,0.5,positive,1,REV024622_F001;REV024622_F002
Coconut Tree Hill,Bridge,1,0,0,1,0.0,neutral,1,REV024625_F001
Coconut Tree Hill,Brochure,1,0,1,0,-1.0,negative,1,REV024556_F002
Coconut Tree Hill,Cafe,4,3,0,1,0.75,positive,4,REV024550_F001;REV024554_F001;REV024562_F001;REV024564_F001
Coconut Tree Hill,Entrance fee,3,1,0,2,0.333,neutral,3,REV024554_F002;REV024558_F001;REV024573_F001
Coconut Tree Hill,General facilities,1,0,1,0,-1.0,negative,1,REV024567_F001
Coconut Tree Hill,Guide service,2,0,0,2,0.0,neutral,1,REV024583_F001;REV024583_F002
Coconut Tree Hill,Parking,4,1,1,2,0.0,neutral,4,REV024554_F002;REV024588_F001;REV024594_F001;REV024621_F002
Coconut Tree Hill,Pathway,2,1,0,1,0.5,positive,2,REV024552_F001;REV024651_F001
Coconut Tree Hill,Restaurant,2,0,1,1,-0.5,neutral,2,REV024551_F001;REV024669_F001
Coconut Tree Hill,Safety barrier,3,0,0,3,0.0,neutral,3,REV024550_F002;REV024621_F001;REV024646_F001
Coconut Tree Hill,Seating,1,0,0,1,0.0,neutral,1,REV024629_F001
Coconut Tree Hill,Security,2,0,0,2,0.0,neutral,2,REV024646_F001;REV024667_F001
Coconut Tree Hill,Shade or shelter,1,0,0,1,0.0,neutral,1,REV024616_F001
Coconut Tree Hill,Shop,1,1,0,0,1.0,positive,1,REV024550_F001
Coconut Tree Hill,Signage,1,0,1,0,-1.0,negative,1,REV024556_F001
Coconut Tree Hill,Steps or stairs,3,0,0,3,0.0,neutral,3,REV024556_F003;REV024560_F001;REV024575_F001
Coconut Tree Hill,Taxi service,1,0,0,1,0.0,neutral,1,REV024657_F001
Coconut Tree Hill,Ticket or receipt,2,1,1,0,0.0,positive,2,REV024575_F002;REV024662_F001
Coconut Tree Hill,Tuk tuk service,1,0,0,1,0.0,neutral,1,REV024625_F002
Colombo Lotus Tower,Accommodation,2,1,0,1,0.5,positive,2,REV000273_F001;REV000286_F001
Colombo Lotus Tower,Boardwalk,1,0,0,1,0.0,neutral,1,REV000256_F001
Colombo Lotus Tower,Brochure,1,1,0,0,1.0,positive,1,REV000253_F002
Colombo Lotus Tower,Cafe,1,0,0,1,0.0,neutral,1,REV000285_F001
Colombo Lotus Tower,Entrance fee,21,5,4,12,0.048,neutral,18,REV000223_F001;REV000231_F001;REV000234_F001;REV000238_F003;REV000241_F003;REV000243_F001;REV000243_F002;REV000243_F003;REV000258_F002;REV000260_F001;REV000264_F001;REV000265_F001;REV000270_F002;REV000273_F002;REV000273_F003;REV000274_F002;REV000276_F001;REV000280_F001;REV000281_F001;REV000289_F001;REV000290_F001
Colombo Lotus Tower,Food stall,1,1,0,0,1.0,positive,1,REV000256_F002
Colombo Lotus Tower,General facilities,2,1,0,1,0.5,positive,2,REV000241_F002;REV000247_F002
Colombo Lotus Tower,Guide service,3,1,0,2,0.333,neutral,3,REV000224_F002;REV000276_F003;REV000287_F001
Colombo Lotus Tower,Lighting,1,0,0,1,0.0,neutral,1,REV000232_F001
Colombo Lotus Tower,Restaurant,26,5,2,19,0.115,neutral,18,REV000222_F001;REV000224_F001;REV000224_F002;REV000236_F001;REV000236_F002;REV000239_F001;REV000241_F004;REV000242_F001;REV000256_F001;REV000258_F003;REV000264_F001;REV000268_F003;REV000269_F001;REV000270_F001;REV000273_F001;REV000273_F005;REV000273_F006;REV000273_F007;REV000273_F009;REV000273_F010;REV000273_F011;REV000274_F001;REV000279_F002;REV000285_F001;REV000287_F003
Colombo Lotus Tower,Security,2,1,0,1,0.5,positive,2,REV000273_F004;REV000290_F002
Colombo Lotus Tower,Shop,2,0,0,2,0.0,neutral,2,REV000238_F001;REV000283_F001
Colombo Lotus Tower,Signage,3,0,2,1,-0.667,negative,3,REV000237_F004;REV000238_F002;REV000288_F002
Colombo Lotus Tower,Souvenir shop,1,1,0,0,1.0,positive,1,REV000226_F001
Colombo Lotus Tower,Ticket counter,1,0,1,0,-1.0,negative,1,REV000259_F001
Colombo Lotus Tower,Ticket or receipt,21,0,6,15,-0.286,neutral,15,REV000227_F001;REV000235_F001;REV000243_F003;REV000243_F004;REV000245_F001;REV000250_F001;REV000255_F001;REV000258_F001;REV000259_F001;REV000270_F002;REV000273_F003;REV000273_F005;REV000273_F007;REV000273_F008;REV000273_F011;REV000273_F012;REV000276_F002;REV000278_F001;REV000289_F002;REV000293_F001;REV000294_F001
Colombo Lotus Tower,Toilet,2,0,0,2,0.0,neutral,2,REV000238_F001;REV000245_F001
Colombo Lotus Tower,Train service,1,0,0,1,0.0,neutral,1,REV000265_F002
Colombo Lotus Tower,Tuk tuk service,1,0,0,1,0.0,neutral,1,REV000273_F002
Colombo Lotus Tower,View platform,28,6,7,15,-0.036,neutral,22,REV000221_F001;REV000222_F001;REV000227_F002;REV000228_F001;REV000231_F001;REV000236_F003;REV000237_F001;REV000237_F002;REV000237_F003;REV000238_F004;REV000241_F001;REV000247_F001;REV000248_F001;REV000249_F001;REV000253_F001;REV000259_F002;REV000268_F001;REV000268_F002;REV000276_F002;REV000279_F001;REV000287_F002;REV000288_F001;REV000288_F002;REV000293_F002;REV000293_F003
Colombo National Museum,Accessibility ramp,2,1,0,1,0.5,positive,2,REV000711_F001;REV000735_F002
Colombo National Museum,Accommodation,10,3,0,7,0.3,neutral,10,REV000346_F001;REV000347_F001;REV000437_F003;REV000560_F004;REV000589_F002;REV000610_F001;REV000645_F003;REV000682_F001;REV000717_F001;REV000742_F001
Colombo National Museum,Brochure,10,4,2,4,0.2,positive,9,REV000426_F001;REV000438_F001;REV000485_F001;REV000501_F001;REV000516_F001;REV000616_F001;REV000616_F002;REV000672_F001;REV000730_F001;REV000776_F002
Colombo National Museum,Cafe,47,22,8,17,0.298,positive,43,REV000296_F002;REV000298_F001;REV000368_F001;REV000376_F001;REV000404_F001;REV000404_F004;REV000428_F001;REV000463_F002;REV000481_F001;REV000482_F002;REV000483_F001;REV000492_F002;REV000494_F002;REV000500_F001;REV000507_F001;REV000509_F001;REV000512_F001;REV000512_F002;REV000524_F004;REV000528_F001;REV000535_F001;REV000542_F002;REV000558_F001;REV000563_F001;REV000568_F002
Colombo National Museum,Entrance fee,60,17,12,31,0.083,neutral,55,REV000296_F001;REV000296_F002;REV000307_F001;REV000315_F001;REV000317_F001;REV000318_F001;REV000333_F001;REV000337_F001;REV000360_F001;REV000370_F002;REV000373_F001;REV000378_F001;REV000384_F001;REV000385_F001;REV000385_F002;REV000389_F001;REV000403_F001;REV000420_F001;REV000435_F001;REV000441_F001;REV000447_F001;REV000453_F001;REV000463_F001;REV000468_F001;REV000474_F001
Colombo National Museum,Food stall,6,2,0,4,0.333,neutral,6,REV000524_F003;REV000568_F001;REV000625_F001;REV000626_F005;REV000747_F001;REV000748_F003
Colombo National Museum,General facilities,4,0,2,2,-0.5,neutral,4,REV000524_F002;REV000608_F001;REV000710_F001;REV000711_F002
Colombo National Museum,Guide service,9,4,0,5,0.444,neutral,9,REV000326_F001;REV000327_F001;REV000389_F001;REV000405_F001;REV000416_F001;REV000440_F001;REV000622_F001;REV000642_F001;REV000753_F001
Colombo National Museum,Lighting,11,1,2,8,-0.091,neutral,10,REV000342_F001;REV000356_F001;REV000381_F001;REV000434_F001;REV000435_F001;REV000487_F001;REV000488_F001;REV000488_F002;REV000569_F001;REV000714_F001;REV000749_F001
Colombo National Museum,Multilingual information,19,8,0,11,0.421,neutral,19,REV000371_F001;REV000396_F001;REV000437_F002;REV000482_F001;REV000493_F001;REV000494_F001;REV000498_F001;REV000524_F005;REV000615_F001;REV000635_F001;REV000676_F001;REV000681_F001;REV000709_F001;REV000718_F001;REV000753_F001;REV000754_F002;REV000762_F001;REV000764_F001;REV000779_F001
Colombo National Museum,Parking,10,7,0,3,0.7,positive,8,REV000398_F001;REV000398_F002;REV000529_F002;REV000542_F001;REV000644_F001;REV000644_F003;REV000653_F001;REV000700_F001;REV000714_F002;REV000724_F001
Colombo National Museum,Restaurant,1,0,0,1,0.0,neutral,1,REV000660_F002
Colombo National Museum,Seating,6,1,2,3,-0.167,neutral,6,REV000371_F002;REV000372_F001;REV000492_F001;REV000500_F001;REV000543_F001;REV000748_F003
Colombo National Museum,Security,7,2,0,5,0.286,neutral,7,REV000421_F001;REV000525_F001;REV000542_F001;REV000564_F001;REV000581_F002;REV000611_F002;REV000683_F001
Colombo National Museum,Shop,23,12,2,9,0.435,positive,21,REV000380_F001;REV000424_F001;REV000457_F001;REV000493_F001;REV000516_F003;REV000524_F004;REV000542_F002;REV000558_F001;REV000560_F003;REV000582_F001;REV000587_F001;REV000588_F002;REV000609_F001;REV000621_F001;REV000625_F001;REV000655_F001;REV000681_F002;REV000681_F003;REV000703_F001;REV000737_F001;REV000748_F002;REV000748_F004;REV000788_F001
Colombo National Museum,Signage,22,8,5,9,0.136,neutral,21,REV000298_F002;REV000308_F002;REV000322_F001;REV000325_F001;REV000372_F001;REV000403_F002;REV000487_F001;REV000489_F001;REV000528_F001;REV000542_F001;REV000550_F001;REV000580_F001;REV000581_F001;REV000590_F001;REV000590_F002;REV000611_F001;REV000626_F001;REV000631_F001;REV000643_F001;REV000690_F001;REV000735_F003;REV000754_F001
Colombo National Museum,Souvenir shop,20,11,4,5,0.35,positive,19,REV000371_F004;REV000371_F005;REV000404_F002;REV000413_F001;REV000448_F001;REV000481_F001;REV000483_F001;REV000494_F002;REV000500_F001;REV000509_F001;REV000528_F001;REV000563_F002;REV000588_F001;REV000602_F001;REV000605_F002;REV000611_F003;REV000617_F001;REV000748_F003;REV000767_F001;REV000787_F001
Colombo National Museum,Steps or stairs,16,6,4,6,0.125,positive,15,REV000320_F001;REV000346_F002;REV000370_F001;REV000403_F002;REV000462_F001;REV000462_F002;REV000474_F002;REV000483_F002;REV000511_F001;REV000599_F001;REV000616_F001;REV000626_F003;REV000628_F001;REV000735_F002;REV000769_F001;REV000776_F001
Colombo National Museum,Taxi service,5,2,2,1,0.0,positive,5,REV000360_F001;REV000402_F001;REV000515_F001;REV000516_F001;REV000620_F001
Colombo National Museum,Ticket counter,3,0,1,2,-0.333,neutral,3,REV000309_F001;REV000491_F001;REV000716_F002
Colombo National Museum,Ticket or receipt,44,10,10,24,0.0,neutral,41,REV000296_F002;REV000303_F001;REV000307_F001;REV000308_F001;REV000309_F001;REV000309_F002;REV000318_F001;REV000333_F001;REV000339_F001;REV000343_F001;REV000343_F002;REV000353_F001;REV000365_F001;REV000373_F001;REV000432_F001;REV000450_F001;REV000463_F001;REV000471_F001;REV000491_F001;REV000511_F002;REV000512_F002;REV000522_F001;REV000524_F001;REV000529_F001;REV000578_F001
Colombo National Museum,Toilet,28,6,8,14,-0.071,neutral,24,REV000298_F001;REV000345_F001;REV000368_F002;REV000371_F003;REV000371_F004;REV000396_F002;REV000404_F003;REV000404_F004;REV000435_F001;REV000463_F002;REV000483_F001;REV000516_F002;REV000569_F002;REV000601_F001;REV000626_F004;REV000630_F001;REV000630_F002;REV000637_F001;REV000643_F002;REV000644_F002;REV000647_F002;REV000681_F002;REV000711_F001;REV000714_F003;REV000714_F004
Colombo National Museum,Towel service,1,0,0,1,0.0,neutral,1,REV000583_F001
Colombo National Museum,Tuk tuk service,7,3,0,4,0.429,neutral,6,REV000437_F001;REV000516_F001;REV000560_F002;REV000589_F002;REV000619_F001;REV000748_F001;REV000748_F002
Dagoba of Thuparama,Accessibility ramp,1,0,0,1,0.0,neutral,1,REV007697_F002
Dagoba of Thuparama,Brochure,2,1,0,1,0.5,positive,2,REV007710_F001;REV007780_F001
Dagoba of Thuparama,Donation box,2,0,0,2,0.0,neutral,2,REV007660_F001;REV007726_F001
Dagoba of Thuparama,Entrance fee,12,0,2,10,-0.167,neutral,7,REV007668_F001;REV007681_F001;REV007681_F002;REV007697_F001;REV007711_F001;REV007759_F001;REV007759_F003;REV007759_F004;REV007759_F005;REV007759_F006;REV007765_F001;REV007769_F001
Dagoba of Thuparama,Food stall,1,1,0,0,1.0,positive,1,REV007733_F001
Dagoba of Thuparama,Parking,2,1,0,1,0.5,positive,2,REV007685_F001;REV007710_F001
Dagoba of Thuparama,Pathway,1,0,1,0,-1.0,negative,1,REV007738_F001
Dagoba of Thuparama,Security,2,0,0,2,0.0,neutral,2,REV007655_F002;REV007704_F002
Dagoba of Thuparama,Shade or shelter,3,0,0,3,0.0,neutral,3,REV007655_F001;REV007727_F001;REV007767_F002
Dagoba of Thuparama,Shoe storage,6,0,3,3,-0.5,neutral,6,REV007697_F003;REV007715_F001;REV007736_F001;REV007756_F001;REV007765_F001;REV007767_F001
Dagoba of Thuparama,Shop,1,0,0,1,0.0,neutral,1,REV007765_F001
Dagoba of Thuparama,Steps or stairs,3,0,0,3,0.0,neutral,3,REV007683_F001;REV007704_F001;REV007740_F001
Dagoba of Thuparama,Ticket or receipt,4,0,1,3,-0.25,neutral,3,REV007759_F002;REV007759_F006;REV007764_F001;REV007776_F001
Dagoba of Thuparama,Tuk tuk service,2,0,0,2,0.0,neutral,2,REV007710_F002;REV007714_F001
Dambulla Cave Temple,Accessibility ramp,4,1,0,3,0.25,neutral,4,REV007916_F002;REV007956_F001;REV007967_F003;REV008170_F001
Dambulla Cave Temple,Accommodation,6,2,0,4,0.333,neutral,6,REV007827_F001;REV007900_F001;REV007904_F002;REV008151_F001;REV008176_F001;REV008265_F003
Dambulla Cave Temple,Brochure,6,2,1,3,0.167,neutral,6,REV007843_F002;REV007872_F001;REV007928_F001;REV008006_F002;REV008230_F001;REV008280_F002
Dambulla Cave Temple,Cafe,2,1,0,1,0.5,positive,2,REV008217_F002;REV008223_F003
Dambulla Cave Temple,Clothing cover service,32,5,8,19,-0.094,neutral,28,REV007808_F005;REV007820_F005;REV007823_F004;REV007838_F002;REV007838_F004;REV007847_F006;REV007852_F001;REV007867_F003;REV007872_F002;REV007899_F005;REV007908_F003;REV007908_F004;REV007908_F005;REV007933_F002;REV007944_F001;REV007952_F001;REV007972_F002;REV007986_F001;REV007995_F001;REV008034_F002;REV008044_F004;REV008055_F001;REV008073_F001;REV008102_F002;REV008150_F002
Dambulla Cave Temple,Donation box,16,2,2,12,0.0,neutral,15,REV007809_F001;REV007823_F004;REV007824_F001;REV007844_F003;REV007846_F001;REV007847_F007;REV007863_F002;REV007945_F001;REV007950_F006;REV007950_F007;REV007986_F002;REV008058_F001;REV008124_F001;REV008134_F001;REV008144_F001;REV008199_F003
Dambulla Cave Temple,Entrance fee,113,29,16,68,0.115,neutral,84,REV007798_F001;REV007820_F002;REV007822_F002;REV007823_F003;REV007826_F001;REV007838_F003;REV007838_F005;REV007847_F008;REV007848_F001;REV007849_F001;REV007853_F001;REV007872_F003;REV007881_F003;REV007897_F001;REV007899_F003;REV007899_F004;REV007899_F005;REV007907_F002;REV007909_F001;REV007911_F001;REV007912_F003;REV007921_F001;REV007925_F002;REV007932_F001;REV007932_F002
Dambulla Cave Temple,Food stall,5,4,1,0,0.6,positive,5,REV007820_F001;REV007822_F002;REV007987_F003;REV008005_F002;REV008276_F003
Dambulla Cave Temple,General facilities,3,1,1,1,0.0,positive,3,REV007823_F002;REV007865_F002;REV007957_F001
Dambulla Cave Temple,Guide service,39,12,6,21,0.154,neutral,30,REV007807_F001;REV007808_F001;REV007814_F001;REV007817_F001;REV007835_F001;REV007845_F001;REV007856_F001;REV007910_F003;REV007914_F001;REV007919_F001;REV007922_F002;REV007927_F001;REV007927_F002;REV007941_F001;REV007945_F001;REV007964_F001;REV008035_F001;REV008035_F002;REV008035_F003;REV008044_F005;REV008044_F006;REV008079_F002;REV008088_F001;REV008121_F001;REV008131_F001
Dambulla Cave Temple,Handrail,4,3,0,1,0.75,positive,4,REV007844_F002;REV007967_F004;REV007981_F002;REV008035_F003
Dambulla Cave Temple,Lighting,8,3,1,4,0.25,neutral,8,REV007928_F002;REV008040_F003;REV008094_F001;REV008190_F001;REV008264_F001;REV008267_F001;REV008275_F002;REV008282_F002
Dambulla Cave Temple,Multilingual information,2,1,0,1,0.5,positive,2,REV007989_F002;REV008013_F002
Dambulla Cave Temple,Parking,29,9,3,17,0.207,neutral,26,REV007820_F001;REV007826_F002;REV007842_F001;REV007844_F003;REV007848_F003;REV007852_F001;REV007868_F001;REV007871_F001;REV007895_F001;REV007907_F003;REV007918_F001;REV007940_F005;REV007950_F002;REV007950_F008;REV008001_F001;REV008012_F001;REV008041_F001;REV008077_F001;REV008119_F001;REV008129_F001;REV008139_F001;REV008147_F001;REV008184_F001;REV008217_F002;REV008223_F002
Dambulla Cave Temple,Pathway,6,1,2,3,-0.167,neutral,5,REV007966_F001;REV007966_F002;REV007967_F003;REV008113_F001;REV008161_F001;REV008203_F002
Dambulla Cave Temple,Restaurant,1,0,0,1,0.0,neutral,1,REV008022_F004
Dambulla Cave Temple,Road access,1,0,0,1,0.0,neutral,1,REV008017_F003
Dambulla Cave Temple,Safety barrier,1,1,0,0,1.0,positive,1,REV007807_F001
Dambulla Cave Temple,Seating,1,0,0,1,0.0,neutral,1,REV007908_F001
Dambulla Cave Temple,Security,7,1,2,4,-0.143,neutral,6,REV007810_F002;REV007822_F001;REV007823_F004;REV007987_F002;REV008259_F002;REV008261_F002;REV008261_F004
Dambulla Cave Temple,Shade or shelter,7,1,1,5,0.0,neutral,7,REV007823_F004;REV007844_F005;REV007936_F001;REV007950_F004;REV007981_F001;REV008012_F001;REV008081_F002
Dambulla Cave Temple,Shoe storage,48,11,5,32,0.125,neutral,47,REV007789_F001;REV007798_F002;REV007810_F003;REV007816_F001;REV007836_F001;REV007844_F004;REV007847_F008;REV007848_F002;REV007862_F001;REV007867_F002;REV007889_F002;REV007899_F004;REV007908_F002;REV007910_F002;REV007913_F001;REV007919_F003;REV007936_F002;REV007943_F002;REV007943_F003;REV007954_F001;REV007958_F001;REV007986_F002;REV007991_F003;REV008011_F001;REV008100_F001
Dambulla Cave Temple,Shop,14,2,6,6,-0.286,neutral,14,REV007867_F003;REV007922_F003;REV007936_F002;REV007950_F006;REV007952_F001;REV008017_F002;REV008116_F002;REV008117_F001;REV008127_F001;REV008137_F001;REV008198_F002;REV008217_F001;REV008221_F002;REV008261_F003
Dambulla Cave Temple,Shower,1,1,0,0,1.0,positive,1,REV008069_F001
Dambulla Cave Temple,Signage,8,0,3,5,-0.375,neutral,6,REV008012_F002;REV008012_F003;REV008070_F001;REV008070_F002;REV008126_F002;REV008136_F002;REV008146_F002;REV008229_F002
Dambulla Cave Temple,Souvenir shop,1,0,0,1,0.0,neutral,1,REV008276_F002
Dambulla Cave Temple,Steps or stairs,256,67,53,136,0.055,neutral,198,REV007790_F001;REV007794_F001;REV007799_F001;REV007800_F003;REV007801_F001;REV007808_F001;REV007808_F004;REV007810_F001;REV007811_F001;REV007812_F001;REV007814_F002;REV007816_F001;REV007816_F002;REV007820_F002;REV007820_F003;REV007820_F004;REV007826_F003;REV007828_F001;REV007830_F001;REV007834_F001;REV007835_F001;REV007835_F002;REV007838_F001;REV007838_F006;REV007843_F001
Dambulla Cave Temple,Taxi service,3,2,0,1,0.667,positive,3,REV007916_F003;REV007981_F002;REV008079_F001
Dambulla Cave Temple,Ticket counter,32,4,5,23,-0.031,neutral,27,REV007800_F001;REV007808_F003;REV007825_F001;REV007828_F001;REV007861_F001;REV007861_F002;REV007865_F001;REV007899_F002;REV007899_F006;REV007907_F001;REV007907_F003;REV007909_F001;REV007936_F001;REV007940_F001;REV007940_F007;REV007942_F001;REV007948_F002;REV007950_F002;REV007954_F001;REV007984_F001;REV008015_F001;REV008017_F003;REV008159_F001;REV008172_F001;REV008174_F002
Dambulla Cave Temple,Ticket or receipt,89,12,20,57,-0.09,neutral,63,REV007800_F001;REV007800_F002;REV007800_F003;REV007808_F002;REV007808_F003;REV007808_F004;REV007810_F002;REV007820_F002;REV007825_F001;REV007828_F001;REV007838_F006;REV007847_F002;REV007847_F005;REV007852_F001;REV007853_F001;REV007861_F001;REV007861_F002;REV007865_F001;REV007871_F001;REV007897_F001;REV007898_F001;REV007899_F002;REV007899_F003;REV007899_F006;REV007906_F001
Dambulla Cave Temple,Toilet,7,2,1,4,0.143,neutral,7,REV007820_F001;REV007844_F003;REV007847_F009;REV007848_F003;REV008151_F002;REV008223_F003;REV008236_F002
Dambulla Cave Temple,Tuk tuk service,14,5,0,9,0.357,neutral,11,REV007800_F001;REV007810_F002;REV007823_F001;REV007842_F001;REV007984_F001;REV008058_F001;REV008167_F001;REV008167_F002;REV008188_F001;REV008199_F002;REV008271_F001;REV008271_F002;REV008271_F003;REV008280_F001
Dehiwala Zoo - Sri Lanka,Accessibility ramp,3,1,0,2,0.333,neutral,3,REV000799_F003;REV000801_F001;REV000814_F001
Dehiwala Zoo - Sri Lanka,Brochure,1,1,0,0,1.0,positive,1,REV000839_F001
Dehiwala Zoo - Sri Lanka,Cafe,1,1,0,0,1.0,positive,1,REV000837_F002
Dehiwala Zoo - Sri Lanka,Entrance fee,9,0,1,8,-0.111,neutral,7,REV000798_F001;REV000799_F001;REV000800_F002;REV000800_F003;REV000817_F002;REV000817_F003;REV000831_F001;REV000837_F001;REV000840_F001
Dehiwala Zoo - Sri Lanka,Food stall,9,5,0,4,0.556,positive,6,REV000800_F004;REV000800_F006;REV000803_F001;REV000812_F001;REV000817_F006;REV000817_F007;REV000817_F008;REV000826_F001;REV000837_F002
Dehiwala Zoo - Sri Lanka,General facilities,2,0,2,0,-1.0,negative,2,REV000798_F002;REV000815_F001
Dehiwala Zoo - Sri Lanka,Guide service,2,1,1,0,0.0,positive,1,REV000800_F004;REV000800_F005
Dehiwala Zoo - Sri Lanka,Information board,1,0,0,1,0.0,neutral,1,REV000809_F001
Dehiwala Zoo - Sri Lanka,Parking,1,1,0,0,1.0,positive,1,REV000829_F001
Dehiwala Zoo - Sri Lanka,Pathway,1,1,0,0,1.0,positive,1,REV000829_F001
Dehiwala Zoo - Sri Lanka,Rest area,1,1,0,0,1.0,positive,1,REV000803_F001
Dehiwala Zoo - Sri Lanka,Restaurant,3,2,1,0,0.333,positive,3,REV000812_F001;REV000823_F001;REV000829_F001
Dehiwala Zoo - Sri Lanka,Seating,1,0,0,1,0.0,neutral,1,REV000817_F008
Dehiwala Zoo - Sri Lanka,Shade or shelter,2,1,0,1,0.5,positive,2,REV000807_F001;REV000811_F001
Dehiwala Zoo - Sri Lanka,Shop,1,0,0,1,0.0,neutral,1,REV000817_F007
Dehiwala Zoo - Sri Lanka,Signage,2,0,1,1,-0.5,neutral,2,REV000799_F002;REV000817_F004
Dehiwala Zoo - Sri Lanka,Taxi service,2,0,1,1,-0.5,neutral,2,REV000800_F001;REV000827_F001
Dehiwala Zoo - Sri Lanka,Ticket counter,1,0,0,1,0.0,neutral,1,REV000817_F001
Dehiwala Zoo - Sri Lanka,Ticket or receipt,5,1,0,4,0.2,neutral,3,REV000812_F001;REV000817_F001;REV000817_F002;REV000817_F005;REV000838_F001
Dehiwala Zoo - Sri Lanka,Tuk tuk service,1,0,1,0,-1.0,negative,1,REV000827_F001
Demodara Loop,Accommodation,9,3,1,5,0.222,neutral,7,REV038572_F001;REV038572_F003;REV038573_F001;REV038573_F002;REV038617_F001;REV038618_F001;REV038635_F001;REV038645_F001;REV038663_F001
Demodara Loop,Bridge,54,7,7,40,0.0,neutral,34,REV038549_F001;REV038563_F001;REV038563_F002;REV038563_F005;REV038564_F002;REV038564_F003;REV038565_F001;REV038566_F001;REV038566_F002;REV038575_F001;REV038577_F001;REV038583_F002;REV038584_F001;REV038588_F004;REV038591_F001;REV038592_F001;REV038593_F001;REV038598_F001;REV038599_F001;REV038607_F001;REV038612_F002;REV038614_F001;REV038615_F003;REV038616_F002;REV038616_F003
Demodara Loop,Brochure,3,0,0,3,0.0,neutral,3,REV038555_F001;REV038612_F003;REV038636_F003
Demodara Loop,Entrance fee,16,3,0,13,0.188,neutral,13,REV038552_F001;REV038552_F002;REV038560_F003;REV038565_F002;REV038566_F002;REV038576_F001;REV038588_F003;REV038594_F002;REV038603_F001;REV038615_F001;REV038619_F003;REV038626_F002;REV038629_F005;REV038629_F007;REV038630_F001;REV038630_F003
Demodara Loop,Food stall,1,0,0,1,0.0,neutral,1,REV038616_F007
Demodara Loop,Parking,6,1,0,5,0.167,neutral,6,REV038554_F003;REV038563_F001;REV038593_F002;REV038608_F001;REV038619_F002;REV038626_F003
Demodara Loop,Public transport access,11,3,0,8,0.273,neutral,10,REV038558_F001;REV038567_F001;REV038588_F007;REV038600_F001;REV038608_F001;REV038610_F001;REV038619_F001;REV038632_F001;REV038650_F001;REV038650_F002;REV038659_F004
Demodara Loop,Restaurant,1,1,0,0,1.0,positive,1,REV038637_F001
Demodara Loop,Road access,2,1,1,0,0.0,positive,2,REV038552_F001;REV038624_F001
Demodara Loop,Seating,5,2,0,3,0.4,neutral,5,REV038548_F005;REV038555_F002;REV038594_F003;REV038613_F005;REV038619_F003
Demodara Loop,Security,2,0,0,2,0.0,neutral,2,REV038548_F004;REV038582_F001
Demodara Loop,Steps or stairs,2,0,1,1,-0.5,neutral,2,REV038616_F006;REV038625_F002
Demodara Loop,Taxi service,2,0,0,2,0.0,neutral,1,REV038613_F003;REV038613_F004
Demodara Loop,Ticket or receipt,7,0,0,7,0.0,neutral,6,REV038548_F003;REV038563_F004;REV038565_F002;REV038583_F001;REV038626_F002;REV038629_F004;REV038629_F005
Demodara Loop,Toilet,1,1,0,0,1.0,positive,1,REV038629_F003
Demodara Loop,Train service,67,13,4,50,0.134,neutral,46,REV038548_F001;REV038548_F002;REV038554_F001;REV038554_F002;REV038555_F001;REV038558_F002;REV038558_F003;REV038558_F004;REV038560_F001;REV038560_F002;REV038563_F001;REV038563_F003;REV038564_F001;REV038566_F002;REV038567_F001;REV038569_F001;REV038569_F002;REV038571_F001;REV038571_F002;REV038572_F002;REV038584_F002;REV038585_F001;REV038585_F002;REV038587_F001;REV038588_F001
Demodara Loop,Tuk tuk service,19,3,2,14,0.053,neutral,16,REV038552_F001;REV038563_F001;REV038574_F001;REV038574_F002;REV038576_F001;REV038576_F002;REV038588_F005;REV038588_F006;REV038603_F002;REV038615_F003;REV038618_F003;REV038619_F004;REV038626_F002;REV038629_F009;REV038648_F002;REV038649_F002;REV038662_F001;REV038665_F002;REV038670_F002
Demodara Loop,View platform,1,0,0,1,0.0,neutral,1,REV038586_F001
Devon Falls,Accommodation,4,0,1,3,-0.25,neutral,4,REV038682_F002;REV038737_F003;REV038763_F001;REV038854_F001
Devon Falls,Brochure,2,0,1,1,-0.5,neutral,2,REV038712_F001;REV038873_F001
Devon Falls,Cafe,3,0,0,3,0.0,neutral,3,REV038748_F001;REV038779_F001;REV038814_F001
Devon Falls,Entrance fee,1,0,1,0,-1.0,negative,1,REV038704_F001
Devon Falls,Food stall,1,1,0,0,1.0,positive,1,REV038741_F001
Devon Falls,General facilities,2,1,0,1,0.5,positive,2,REV038738_F001;REV038852_F001
Devon Falls,Parking,9,2,2,5,0.0,neutral,8,REV038678_F001;REV038678_F002;REV038682_F001;REV038686_F001;REV038704_F001;REV038722_F001;REV038724_F001;REV038729_F001;REV038731_F001
Devon Falls,Public transport access,2,0,0,2,0.0,neutral,2,REV038849_F001;REV038865_F001
Devon Falls,Restaurant,13,9,0,4,0.692,positive,11,REV038682_F003;REV038695_F001;REV038710_F001;REV038724_F002;REV038737_F001;REV038737_F002;REV038737_F004;REV038779_F001;REV038785_F001;REV038797_F001;REV038799_F001;REV038803_F001;REV038867_F001
Devon Falls,Road access,4,0,1,3,-0.25,neutral,3,REV038722_F002;REV038743_F001;REV038874_F001;REV038874_F002
Devon Falls,Scooter rental,1,0,0,1,0.0,neutral,1,REV038716_F001
Devon Falls,Shop,3,0,0,3,0.0,neutral,3,REV038682_F001;REV038748_F001;REV038771_F001
Devon Falls,Shower,1,1,0,0,1.0,positive,1,REV038727_F001
Devon Falls,Steps or stairs,4,1,1,2,0.0,neutral,4,REV038686_F001;REV038712_F002;REV038730_F001;REV038737_F003
Devon Falls,Taxi service,2,0,0,2,0.0,neutral,1,REV038704_F002;REV038704_F003
Devon Falls,Ticket or receipt,1,0,0,1,0.0,neutral,1,REV038704_F003
Devon Falls,Toilet,1,1,0,0,1.0,positive,1,REV038739_F001
Devon Falls,Tuk tuk service,2,0,0,2,0.0,neutral,2,REV038794_F001;REV038865_F001
Devon Falls,View platform,7,1,0,6,0.143,neutral,6,REV038685_F001;REV038685_F002;REV038689_F001;REV038690_F001;REV038693_F001;REV038705_F001;REV038800_F001
Diyaluma Falls,Accommodation,10,0,1,9,-0.1,neutral,6,REV015041_F001;REV015087_F002;REV015090_F002;REV015090_F004;REV015147_F001;REV015147_F002;REV015179_F001;REV015179_F002;REV015179_F003;REV015182_F001
Diyaluma Falls,Bridge,8,3,0,5,0.375,neutral,7,REV015035_F001;REV015077_F001;REV015113_F003;REV015120_F001;REV015135_F001;REV015135_F003;REV015170_F001;REV015172_F001
Diyaluma Falls,Brochure,2,0,0,2,0.0,neutral,2,REV015017_F003;REV015066_F004
Diyaluma Falls,Entrance fee,13,3,2,8,0.077,neutral,12,REV015048_F001;REV015057_F001;REV015058_F002;REV015063_F002;REV015079_F001;REV015090_F002;REV015094_F001;REV015095_F001;REV015112_F003;REV015114_F001;REV015129_F001;REV015129_F002;REV015159_F002
Diyaluma Falls,First aid,2,0,0,2,0.0,neutral,1,REV015086_F001;REV015086_F002
Diyaluma Falls,Food stall,8,0,0,8,0.0,neutral,8,REV015025_F001;REV015029_F001;REV015048_F003;REV015090_F004;REV015097_F003;REV015135_F002;REV015139_F001;REV015170_F001
Diyaluma Falls,Guide service,10,5,0,5,0.5,positive,10,REV015024_F001;REV015027_F001;REV015029_F001;REV015043_F001;REV015045_F001;REV015049_F001;REV015055_F001;REV015078_F002;REV015092_F001;REV015117_F001
Diyaluma Falls,Parking,11,2,1,8,0.091,neutral,10,REV015017_F001;REV015028_F001;REV015028_F002;REV015029_F001;REV015041_F001;REV015048_F002;REV015066_F001;REV015090_F001;REV015095_F001;REV015110_F001;REV015112_F003
Diyaluma Falls,Pathway,2,1,1,0,0.0,positive,1,REV015110_F001;REV015110_F002
Diyaluma Falls,Public transport access,4,0,0,4,0.0,neutral,4,REV015051_F001;REV015136_F001;REV015146_F001;REV015147_F003
Diyaluma Falls,Restaurant,3,1,0,2,0.333,neutral,3,REV015019_F003;REV015028_F002;REV015172_F002
Diyaluma Falls,Road access,4,0,1,3,-0.25,neutral,4,REV015041_F004;REV015052_F002;REV015113_F002;REV015144_F001
Diyaluma Falls,Scooter rental,1,0,0,1,0.0,neutral,1,REV015052_F001
Diyaluma Falls,Seating,1,0,1,0,-1.0,negative,1,REV015157_F001
Diyaluma Falls,Security,1,0,0,1,0.0,neutral,1,REV015162_F001
Diyaluma Falls,Shop,10,4,1,5,0.3,neutral,8,REV015019_F001;REV015022_F001;REV015060_F002;REV015065_F001;REV015069_F002;REV015069_F003;REV015069_F004;REV015090_F004;REV015129_F003;REV015172_F001
Diyaluma Falls,Signage,4,1,1,2,0.0,neutral,4,REV015066_F002;REV015069_F001;REV015110_F001;REV015175_F001
Diyaluma Falls,Steps or stairs,11,6,1,4,0.455,positive,11,REV015023_F001;REV015032_F001;REV015048_F002;REV015051_F002;REV015067_F001;REV015090_F003;REV015101_F001;REV015134_F001;REV015149_F001;REV015156_F001;REV015159_F001
Diyaluma Falls,Taxi service,1,0,0,1,0.0,neutral,1,REV015110_F003
Diyaluma Falls,Toilet,3,1,1,1,0.0,positive,3,REV015029_F001;REV015172_F002;REV015183_F001
Diyaluma Falls,Tuk tuk service,37,12,4,21,0.216,neutral,26,REV015014_F001;REV015017_F002;REV015019_F002;REV015024_F001;REV015027_F001;REV015033_F001;REV015041_F002;REV015041_F003;REV015049_F001;REV015057_F001;REV015058_F001;REV015058_F003;REV015059_F001;REV015059_F002;REV015060_F001;REV015060_F002;REV015062_F001;REV015063_F001;REV015063_F003;REV015066_F001;REV015066_F003;REV015073_F001;REV015073_F002;REV015078_F001;REV015084_F001
Diyaluma Falls,View platform,3,1,0,2,0.333,neutral,3,REV015105_F001;REV015138_F001;REV015160_F001
Diyatha Uyana,Accommodation,10,4,0,6,0.4,neutral,8,REV000900_F001;REV000900_F002;REV000900_F004;REV000921_F001;REV000928_F001;REV000936_F002;REV000941_F003;REV000943_F001;REV000963_F001;REV000968_F002
Diyatha Uyana,Boardwalk,5,2,0,3,0.4,neutral,4,REV000918_F002;REV000945_F001;REV000959_F002;REV000969_F001;REV000969_F003
Diyatha Uyana,Boat service,6,3,0,3,0.5,positive,6,REV000866_F001;REV000868_F002;REV000880_F006;REV000897_F001;REV000928_F002;REV000942_F005
Diyatha Uyana,Bridge,1,0,0,1,0.0,neutral,1,REV000910_F001
Diyatha Uyana,Cafe,1,0,0,1,0.0,neutral,1,REV000876_F002
Diyatha Uyana,Drinking water,2,0,0,2,0.0,neutral,2,REV000848_F003;REV000911_F001
Diyatha Uyana,Entrance fee,5,2,1,2,0.2,positive,4,REV000900_F005;REV000916_F002;REV000943_F003;REV000943_F004;REV000946_F001
Diyatha Uyana,Food stall,23,8,2,13,0.261,neutral,21,REV000858_F001;REV000860_F001;REV000868_F001;REV000872_F001;REV000873_F001;REV000878_F001;REV000879_F001;REV000882_F002;REV000883_F002;REV000884_F002;REV000888_F001;REV000894_F001;REV000896_F001;REV000902_F001;REV000929_F002;REV000932_F002;REV000932_F006;REV000938_F001;REV000938_F002;REV000950_F001;REV000954_F001;REV000960_F001;REV000965_F001
Diyatha Uyana,General facilities,3,3,0,0,1.0,positive,3,REV000883_F001;REV000884_F001;REV000964_F001
Diyatha Uyana,Parking,27,8,2,17,0.222,neutral,24,REV000861_F002;REV000861_F003;REV000864_F001;REV000868_F002;REV000877_F002;REV000894_F001;REV000905_F004;REV000907_F001;REV000915_F001;REV000920_F002;REV000922_F002;REV000925_F001;REV000926_F001;REV000928_F002;REV000933_F002;REV000936_F002;REV000939_F001;REV000941_F003;REV000942_F003;REV000946_F001;REV000952_F004;REV000961_F001;REV000966_F001;REV000968_F003;REV000968_F004
Diyatha Uyana,Pathway,27,10,1,16,0.333,neutral,26,REV000848_F001;REV000849_F001;REV000851_F001;REV000853_F001;REV000854_F001;REV000859_F001;REV000861_F001;REV000864_F001;REV000869_F001;REV000877_F001;REV000880_F001;REV000882_F001;REV000884_F003;REV000897_F002;REV000905_F001;REV000920_F001;REV000929_F001;REV000932_F001;REV000933_F001;REV000939_F001;REV000942_F002;REV000943_F001;REV000952_F003;REV000954_F002;REV000955_F001
Diyatha Uyana,Public transport access,5,0,2,3,-0.4,neutral,4,REV000905_F003;REV000933_F003;REV000933_F004;REV000942_F006;REV000943_F004
Diyatha Uyana,Rest area,1,0,0,1,0.0,neutral,1,REV000961_F003
Diyatha Uyana,Restaurant,29,13,0,16,0.448,neutral,25,REV000846_F001;REV000848_F002;REV000849_F002;REV000860_F001;REV000861_F003;REV000863_F001;REV000865_F001;REV000866_F001;REV000869_F001;REV000877_F003;REV000880_F002;REV000880_F005;REV000897_F001;REV000899_F001;REV000904_F001;REV000907_F002;REV000913_F001;REV000918_F002;REV000918_F003;REV000928_F001;REV000928_F002;REV000934_F001;REV000936_F001;REV000942_F003;REV000943_F002
Diyatha Uyana,Seating,14,7,0,7,0.5,positive,14,REV000876_F001;REV000880_F001;REV000894_F001;REV000896_F002;REV000905_F002;REV000916_F001;REV000918_F001;REV000925_F002;REV000932_F001;REV000941_F001;REV000942_F001;REV000949_F001;REV000952_F001;REV000963_F002
Diyatha Uyana,Security,5,3,0,2,0.6,positive,5,REV000913_F002;REV000925_F001;REV000932_F003;REV000954_F003;REV000961_F002
Diyatha Uyana,Shade or shelter,9,4,2,3,0.222,positive,9,REV000872_F002;REV000876_F003;REV000880_F003;REV000882_F003;REV000892_F001;REV000895_F001;REV000900_F003;REV000913_F001;REV000932_F001
Diyatha Uyana,Shop,15,9,1,5,0.533,positive,14,REV000845_F001;REV000847_F001;REV000870_F001;REV000872_F001;REV000876_F002;REV000877_F003;REV000880_F004;REV000882_F002;REV000888_F001;REV000893_F001;REV000893_F002;REV000902_F001;REV000931_F001;REV000941_F002;REV000943_F001
Diyatha Uyana,Signage,3,0,1,2,-0.333,neutral,2,REV000932_F005;REV000932_F006;REV000964_F002
Diyatha Uyana,Souvenir shop,3,1,1,1,0.0,positive,3,REV000883_F002;REV000905_F002;REV000932_F004
Diyatha Uyana,Steps or stairs,1,0,0,1,0.0,neutral,1,REV000861_F002
Diyatha Uyana,Toilet,3,3,0,0,1.0,positive,3,REV000866_F001;REV000922_F001;REV000952_F002
Diyatha Uyana,Train service,1,0,0,1,0.0,neutral,1,REV000868_F002
Diyatha Uyana,Tuk tuk service,2,0,1,1,-0.5,neutral,2,REV000933_F004;REV000943_F004
Diyatha Uyana,Waste bins,1,0,0,1,0.0,neutral,1,REV000942_F004
Dondra Head Lighthouse,Accommodation,3,0,0,3,0.0,neutral,3,REV038929_F001;REV038943_F001;REV038968_F001
Dondra Head Lighthouse,Brochure,2,0,0,2,0.0,neutral,2,REV038916_F001;REV038982_F001
Dondra Head Lighthouse,Cafe,1,0,1,0,-1.0,negative,1,REV038933_F002
Dondra Head Lighthouse,Donation box,2,1,1,0,0.0,positive,2,REV038950_F002;REV038958_F001
Dondra Head Lighthouse,Entrance fee,15,3,2,10,0.067,neutral,14,REV038899_F001;REV038926_F001;REV038941_F001;REV038942_F001;REV038950_F003;REV038953_F001;REV038954_F002;REV038962_F001;REV038965_F001;REV038967_F002;REV038973_F001;REV038977_F001;REV038986_F001;REV038992_F001;REV038992_F002
Dondra Head Lighthouse,Food stall,2,1,0,1,0.5,positive,2,REV038894_F001;REV038974_F003
Dondra Head Lighthouse,Guide service,3,1,0,2,0.333,neutral,3,REV038905_F001;REV038949_F002;REV038983_F001
Dondra Head Lighthouse,Parking,3,1,0,2,0.333,neutral,3,REV038887_F001;REV038909_F002;REV038919_F002
Dondra Head Lighthouse,Pathway,1,1,0,0,1.0,positive,1,REV038952_F002
Dondra Head Lighthouse,Public transport access,4,1,1,2,0.0,neutral,4,REV038928_F001;REV038933_F001;REV038967_F001;REV038974_F001
Dondra Head Lighthouse,Restaurant,1,0,1,0,-1.0,negative,1,REV038933_F002
Dondra Head Lighthouse,Safety barrier,1,0,1,0,-1.0,negative,1,REV038924_F001
Dondra Head Lighthouse,Seating,3,2,1,0,0.333,positive,3,REV038891_F003;REV038915_F001;REV038925_F001
Dondra Head Lighthouse,Security,5,1,0,4,0.2,neutral,5,REV038891_F002;REV038919_F001;REV038926_F001;REV038949_F003;REV038962_F001
Dondra Head Lighthouse,Shade or shelter,1,0,0,1,0.0,neutral,1,REV038878_F001
Dondra Head Lighthouse,Shop,2,1,0,1,0.5,positive,2,REV038901_F001;REV038974_F003
Dondra Head Lighthouse,Signage,3,0,2,1,-0.667,negative,3,REV038909_F003;REV038974_F002;REV038977_F001
Dondra Head Lighthouse,Steps or stairs,17,4,3,10,0.059,neutral,15,REV038904_F001;REV038909_F001;REV038932_F001;REV038932_F002;REV038944_F001;REV038947_F001;REV038948_F001;REV038949_F001;REV038952_F001;REV038952_F002;REV038953_F001;REV038958_F001;REV038963_F001;REV038969_F001;REV038978_F001;REV038984_F001;REV038986_F001
Dondra Head Lighthouse,Taxi service,1,0,0,1,0.0,neutral,1,REV038891_F001
Dondra Head Lighthouse,Ticket or receipt,4,0,2,2,-0.5,neutral,4,REV038895_F001;REV038946_F001;REV038973_F002;REV038977_F001
Dondra Head Lighthouse,Toilet,1,1,0,0,1.0,positive,1,REV038950_F001
Dondra Head Lighthouse,Tuk tuk service,6,1,3,2,-0.333,negative,6,REV038899_F001;REV038906_F001;REV038909_F003;REV038932_F003;REV038948_F002;REV038954_F001
Dondra Head Lighthouse,View platform,1,0,0,1,0.0,neutral,1,REV038909_F001
Dunhinda Falls,Accommodation,5,1,0,4,0.2,neutral,5,REV015201_F002;REV015207_F001;REV015220_F004;REV015245_F001;REV015280_F001
Dunhinda Falls,Bridge,2,1,1,0,0.0,positive,2,REV015233_F001;REV015234_F001
Dunhinda Falls,Entrance fee,8,1,1,6,0.0,neutral,8,REV015189_F001;REV015191_F002;REV015202_F001;REV015211_F001;REV015220_F001;REV015238_F003;REV015279_F002;REV015281_F002
Dunhinda Falls,Food stall,7,1,1,5,0.0,neutral,7,REV015201_F002;REV015214_F001;REV015218_F001;REV015235_F001;REV015238_F001;REV015239_F002;REV015243_F003
Dunhinda Falls,Pathway,7,4,1,2,0.429,positive,5,REV015195_F001;REV015201_F002;REV015236_F002;REV015236_F003;REV015238_F002;REV015243_F001;REV015243_F002
Dunhinda Falls,Public transport access,2,0,0,2,0.0,neutral,2,REV015238_F003;REV015267_F001
Dunhinda Falls,Road access,5,2,0,3,0.4,neutral,4,REV015239_F001;REV015240_F001;REV015246_F001;REV015264_F001;REV015264_F002
Dunhinda Falls,Safety barrier,1,0,0,1,0.0,neutral,1,REV015186_F002
Dunhinda Falls,Seating,3,0,0,3,0.0,neutral,3,REV015185_F001;REV015201_F001;REV015214_F002
Dunhinda Falls,Security,1,1,0,0,1.0,positive,1,REV015234_F001
Dunhinda Falls,Shade or shelter,1,0,0,1,0.0,neutral,1,REV015266_F002
Dunhinda Falls,Shop,15,4,3,8,0.067,neutral,13,REV015191_F001;REV015197_F001;REV015203_F001;REV015204_F001;REV015204_F002;REV015207_F001;REV015233_F002;REV015239_F002;REV015241_F001;REV015259_F001;REV015262_F001;REV015263_F001;REV015266_F001;REV015285_F001;REV015285_F002
Dunhinda Falls,Souvenir shop,3,0,0,3,0.0,neutral,3,REV015201_F002;REV015235_F001;REV015245_F001
Dunhinda Falls,Steps or stairs,19,2,10,7,-0.421,negative,14,REV015186_F002;REV015192_F001;REV015208_F001;REV015210_F001;REV015210_F002;REV015210_F003;REV015210_F004;REV015212_F001;REV015220_F003;REV015233_F001;REV015234_F002;REV015234_F003;REV015256_F001;REV015267_F002;REV015267_F003;REV015270_F001;REV015272_F001;REV015273_F001;REV015278_F001
Dunhinda Falls,Taxi service,1,0,1,0,-1.0,negative,1,REV015236_F001
Dunhinda Falls,Ticket or receipt,5,1,0,4,0.2,neutral,4,REV015186_F003;REV015233_F003;REV015243_F002;REV015289_F001;REV015289_F002
Dunhinda Falls,Train service,5,0,1,4,-0.2,neutral,2,REV015236_F001;REV015284_F001;REV015284_F002;REV015284_F003;REV015284_F004
Dunhinda Falls,Tuk tuk service,4,0,1,3,-0.25,neutral,4,REV015207_F002;REV015220_F002;REV015279_F001;REV015281_F001
Dunhinda Falls,View platform,5,1,0,4,0.2,neutral,5,REV015186_F001;REV015196_F001;REV015238_F002;REV015266_F003;REV015270_F001
Dutch Hospital Shopping Precinct,Accessibility ramp,11,7,0,4,0.636,positive,9,REV001469_F001;REV024676_F001;REV024682_F001;REV024767_F005;REV024875_F003;REV024878_F002;REV024879_F001;REV024879_F002;REV024879_F003;REV024902_F002;REV024903_F002
Dutch Hospital Shopping Precinct,Accommodation,41,12,5,24,0.171,neutral,40,REV000972_F001;REV000982_F001;REV001009_F002;REV001010_F001;REV001014_F003;REV001019_F001;REV001052_F002;REV001070_F001;REV001080_F001;REV001084_F003;REV001086_F002;REV001087_F001;REV001117_F001;REV001134_F001;REV001151_F001;REV001153_F002;REV001156_F001;REV001163_F001;REV001164_F001;REV001196_F001;REV001221_F001;REV001258_F003;REV001260_F002;REV001281_F001;REV001281_F006
Dutch Hospital Shopping Precinct,Brochure,1,0,0,1,0.0,neutral,1,REV024905_F002
Dutch Hospital Shopping Precinct,Cafe,128,57,6,65,0.398,neutral,125,REV000972_F001;REV000979_F002;REV000980_F001;REV000984_F003;REV000993_F001;REV000994_F001;REV001016_F003;REV001037_F001;REV001038_F001;REV001040_F001;REV001041_F001;REV001042_F002;REV001055_F001;REV001067_F002;REV001070_F001;REV001077_F002;REV001080_F001;REV001082_F001;REV001085_F002;REV001096_F001;REV001102_F002;REV001107_F001;REV001108_F001;REV001112_F002;REV001114_F001
Dutch Hospital Shopping Precinct,Clothing cover service,2,0,0,2,0.0,neutral,1,REV001232_F001;REV001232_F002
Dutch Hospital Shopping Precinct,Entrance fee,8,4,2,2,0.25,positive,8,REV001001_F002;REV001351_F002;REV001362_F001;REV001398_F001;REV001442_F003;REV024819_F003;REV024885_F004;REV024913_F003
Dutch Hospital Shopping Precinct,Food stall,16,9,0,7,0.562,positive,16,REV001016_F004;REV001044_F002;REV001122_F002;REV001147_F002;REV001174_F001;REV001196_F003;REV001234_F001;REV001280_F001;REV001288_F002;REV001413_F002;REV001418_F001;REV024684_F001;REV024727_F002;REV024783_F001;REV024847_F002;REV024930_F002
Dutch Hospital Shopping Precinct,General facilities,5,1,0,4,0.2,neutral,5,REV000992_F001;REV001329_F001;REV001333_F001;REV001418_F002;REV024768_F003
Dutch Hospital Shopping Precinct,Guide service,3,0,0,3,0.0,neutral,3,REV001258_F001;REV001348_F001;REV024829_F001
Dutch Hospital Shopping Precinct,Lighting,1,0,0,1,0.0,neutral,1,REV001295_F002
Dutch Hospital Shopping Precinct,Market stalls,1,0,0,1,0.0,neutral,1,REV024741_F001
Dutch Hospital Shopping Precinct,Parking,8,2,2,4,0.0,neutral,8,REV001101_F002;REV001186_F001;REV001260_F003;REV001270_F001;REV001289_F002;REV001381_F003;REV024762_F003;REV024849_F003
Dutch Hospital Shopping Precinct,Pathway,1,1,0,0,1.0,positive,1,REV024720_F001
Dutch Hospital Shopping Precinct,Restaurant,641,267,51,323,0.337,neutral,490,REV000971_F001;REV000971_F002;REV000971_F003;REV000973_F001;REV000975_F001;REV000975_F002;REV000976_F001;REV000977_F001;REV000978_F001;REV000979_F001;REV000979_F002;REV000980_F001;REV000981_F001;REV000981_F002;REV000982_F001;REV000983_F001;REV000983_F002;REV000984_F001;REV000987_F002;REV000989_F001;REV000990_F001;REV000990_F002;REV000991_F001;REV000992_F002;REV000994_F001
Dutch Hospital Shopping Precinct,Safety barrier,1,0,0,1,0.0,neutral,1,REV001029_F002
Dutch Hospital Shopping Precinct,Seating,26,16,0,10,0.615,positive,26,REV000979_F003;REV001033_F003;REV001057_F001;REV001101_F004;REV001131_F001;REV001132_F002;REV001148_F001;REV001152_F001;REV001158_F002;REV001161_F001;REV001230_F001;REV001257_F003;REV001327_F003;REV001337_F002;REV001380_F002;REV024702_F001;REV024703_F002;REV024713_F003;REV024736_F001;REV024746_F003;REV024831_F002;REV024908_F001;REV024922_F002;REV024927_F001;REV024929_F003
Dutch Hospital Shopping Precinct,Shade or shelter,7,5,1,1,0.571,positive,6,REV001138_F001;REV001288_F002;REV001360_F002;REV001422_F001;REV001467_F001;REV001467_F002;REV024678_F001
Dutch Hospital Shopping Precinct,Shop,338,120,47,171,0.216,neutral,291,REV000971_F001;REV000973_F002;REV000974_F001;REV000978_F001;REV000980_F001;REV000983_F004;REV000984_F002;REV000990_F001;REV000990_F002;REV000991_F001;REV000991_F002;REV001001_F001;REV001008_F001;REV001008_F002;REV001009_F001;REV001011_F001;REV001014_F003;REV001015_F003;REV001017_F001;REV001024_F001;REV001027_F001;REV001029_F001;REV001033_F001;REV001033_F003;REV001036_F001
Dutch Hospital Shopping Precinct,Signage,3,1,1,1,0.0,positive,3,REV001192_F002;REV001269_F003;REV024680_F001
Dutch Hospital Shopping Precinct,Souvenir shop,85,31,8,46,0.271,neutral,79,REV000983_F003;REV000984_F001;REV000987_F001;REV000992_F002;REV000994_F001;REV001016_F002;REV001018_F001;REV001018_F002;REV001022_F001;REV001030_F001;REV001038_F001;REV001042_F002;REV001044_F003;REV001063_F001;REV001073_F001;REV001082_F002;REV001086_F001;REV001112_F001;REV001113_F002;REV001116_F001;REV001116_F002;REV001125_F001;REV001135_F001;REV001137_F001;REV001157_F002
Dutch Hospital Shopping Precinct,Steps or stairs,33,13,2,18,0.333,neutral,31,REV001230_F001;REV024670_F003;REV024679_F001;REV024704_F002;REV024707_F001;REV024731_F002;REV024748_F002;REV024754_F006;REV024755_F002;REV024757_F001;REV024757_F002;REV024760_F001;REV024768_F001;REV024770_F001;REV024770_F002;REV024777_F002;REV024786_F001;REV024790_F002;REV024813_F002;REV024839_F003;REV024848_F001;REV024856_F002;REV024875_F002;REV024883_F002;REV024885_F005
Dutch Hospital Shopping Precinct,Taxi service,3,2,0,1,0.667,positive,3,REV000988_F001;REV001307_F003;REV024933_F001
Dutch Hospital Shopping Precinct,Ticket or receipt,1,1,0,0,1.0,positive,1,REV024727_F004
Dutch Hospital Shopping Precinct,Toilet,30,23,1,6,0.733,positive,27,REV001001_F002;REV001027_F001;REV001033_F002;REV001192_F002;REV001244_F002;REV001384_F002;REV001421_F001;REV001424_F002;REV024710_F002;REV024727_F003;REV024767_F002;REV024789_F002;REV024794_F001;REV024797_F004;REV024800_F001;REV024830_F002;REV024830_F003;REV024839_F001;REV024839_F004;REV024844_F001;REV024856_F001;REV024864_F001;REV024867_F004;REV024877_F002;REV024916_F001
Dutch Hospital Shopping Precinct,Train service,2,0,0,2,0.0,neutral,2,REV001197_F002;REV001221_F001
Dutch Hospital Shopping Precinct,Tuk tuk service,34,12,4,18,0.235,neutral,31,REV000977_F002;REV000997_F003;REV001009_F003;REV001015_F004;REV001090_F001;REV001094_F002;REV001101_F001;REV001101_F003;REV001102_F001;REV001104_F001;REV001140_F001;REV001162_F002;REV001250_F003;REV001250_F004;REV001251_F002;REV001251_F003;REV001281_F006;REV001307_F003;REV001362_F001;REV001380_F003;REV024679_F001;REV024683_F004;REV024703_F002;REV024767_F002;REV024768_F002
Elephant Pass,Accommodation,2,0,0,2,0.0,neutral,2,REV039108_F001;REV039113_F001
Elephant Pass,Bridge,9,3,1,5,0.222,neutral,6,REV039036_F001;REV039036_F002;REV039075_F001;REV039094_F001;REV039095_F001;REV039095_F002;REV039095_F003;REV039106_F001;REV039109_F001
Elephant Pass,Brochure,3,0,2,1,-0.667,negative,3,REV039038_F001;REV039073_F001;REV039081_F001
Elephant Pass,Cafe,3,1,0,2,0.333,neutral,3,REV038996_F001;REV039045_F002;REV039078_F001
Elephant Pass,General facilities,1,1,0,0,1.0,positive,1,REV039103_F001
Elephant Pass,Guide service,1,1,0,0,1.0,positive,1,REV039107_F001
Elephant Pass,Parking,1,0,1,0,-1.0,negative,1,REV039051_F001
Elephant Pass,Restaurant,1,0,0,1,0.0,neutral,1,REV039000_F001
Elephant Pass,Road access,4,1,0,3,0.25,neutral,4,REV039012_F001;REV039080_F001;REV039110_F001;REV039114_F001
Elephant Pass,Safety barrier,1,0,0,1,0.0,neutral,1,REV039072_F001
Elephant Pass,Security,3,2,0,1,0.667,positive,3,REV039039_F001;REV039100_F001;REV039102_F001
Elephant Pass,Steps or stairs,1,0,0,1,0.0,neutral,1,REV039071_F001
Elephant Pass,Taxi service,1,0,0,1,0.0,neutral,1,REV039068_F001
Elephant Pass,Toilet,6,2,1,3,0.167,neutral,6,REV039000_F001;REV039004_F001;REV039007_F001;REV039062_F001;REV039078_F001;REV039111_F001
Elephant Pass,Train service,2,1,0,1,0.5,positive,2,REV039000_F001;REV039005_F001
Elephant Pass,Tuk tuk service,1,0,0,1,0.0,neutral,1,REV039045_F001
Elephant Transit Home (ETH),Accommodation,8,2,0,6,0.25,neutral,7,REV032496_F003;REV032512_F001;REV032672_F001;REV032721_F001;REV032779_F001;REV032780_F001;REV032912_F005;REV032912_F007
Elephant Transit Home (ETH),Brochure,1,1,0,0,1.0,positive,1,REV032660_F002
Elephant Transit Home (ETH),Cafe,1,0,0,1,0.0,neutral,1,REV032723_F002
Elephant Transit Home (ETH),Donation box,51,17,4,30,0.255,neutral,44,REV032496_F001;REV032533_F001;REV032534_F001;REV032551_F001;REV032588_F002;REV032606_F002;REV032622_F001;REV032627_F001;REV032627_F002;REV032631_F001;REV032631_F002;REV032631_F003;REV032643_F001;REV032647_F002;REV032647_F003;REV032656_F002;REV032656_F003;REV032656_F004;REV032659_F003;REV032660_F001;REV032663_F001;REV032674_F003;REV032693_F002;REV032694_F001;REV032699_F001
Elephant Transit Home (ETH),Entrance fee,52,19,2,31,0.327,neutral,51,REV032484_F001;REV032532_F001;REV032553_F002;REV032557_F001;REV032589_F001;REV032603_F001;REV032606_F001;REV032624_F002;REV032625_F001;REV032627_F002;REV032630_F001;REV032633_F002;REV032636_F003;REV032642_F001;REV032645_F001;REV032649_F002;REV032667_F001;REV032670_F002;REV032675_F001;REV032716_F001;REV032722_F001;REV032743_F001;REV032749_F001;REV032764_F001;REV032774_F001
Elephant Transit Home (ETH),Food stall,3,0,0,3,0.0,neutral,3,REV032636_F001;REV032711_F003;REV032922_F002
Elephant Transit Home (ETH),General facilities,23,6,2,15,0.174,neutral,17,REV032475_F001;REV032502_F001;REV032522_F001;REV032575_F001;REV032575_F002;REV032583_F001;REV032588_F001;REV032590_F001;REV032591_F001;REV032593_F001;REV032602_F001;REV032602_F002;REV032766_F001;REV032778_F001;REV032790_F001;REV032839_F001;REV032874_F001;REV032874_F002;REV032912_F001;REV032912_F002;REV032912_F004;REV032912_F006;REV032927_F001
Elephant Transit Home (ETH),Guide service,8,5,0,3,0.625,positive,8,REV032485_F001;REV032547_F001;REV032751_F001;REV032783_F002;REV032882_F002;REV032907_F001;REV032911_F001;REV032928_F002
Elephant Transit Home (ETH),Information board,1,0,0,1,0.0,neutral,1,REV032542_F002
Elephant Transit Home (ETH),Jeep service,3,0,0,3,0.0,neutral,3,REV032491_F001;REV032561_F001;REV032676_F001
Elephant Transit Home (ETH),Multilingual information,3,1,0,2,0.333,neutral,3,REV032582_F001;REV032762_F001;REV032849_F001
Elephant Transit Home (ETH),Parking,2,0,0,2,0.0,neutral,2,REV032504_F003;REV032912_F007
Elephant Transit Home (ETH),Restaurant,1,0,0,1,0.0,neutral,1,REV032523_F001
Elephant Transit Home (ETH),Safety barrier,3,1,1,1,0.0,positive,3,REV032766_F002;REV032829_F002;REV032882_F003
Elephant Transit Home (ETH),Seating,21,6,4,11,0.095,neutral,18,REV032455_F001;REV032504_F004;REV032527_F001;REV032535_F001;REV032542_F001;REV032553_F001;REV032555_F001;REV032555_F002;REV032613_F001;REV032633_F002;REV032636_F002;REV032656_F001;REV032674_F001;REV032674_F002;REV032711_F002;REV032711_F003;REV032726_F001;REV032807_F001;REV032810_F001;REV032856_F001;REV032862_F001
Elephant Transit Home (ETH),Security,2,1,0,1,0.5,positive,2,REV032723_F001;REV032733_F001
Elephant Transit Home (ETH),Shade or shelter,12,3,1,8,0.167,neutral,12,REV032496_F002;REV032568_F001;REV032790_F002;REV032801_F001;REV032813_F001;REV032823_F002;REV032826_F001;REV032849_F002;REV032858_F002;REV032862_F001;REV032900_F001;REV032912_F008
Elephant Transit Home (ETH),Shop,7,3,1,3,0.286,positive,7,REV032495_F001;REV032496_F003;REV032645_F002;REV032659_F003;REV032660_F002;REV032675_F002;REV032922_F002
Elephant Transit Home (ETH),Signage,8,2,1,5,0.125,neutral,7,REV032499_F001;REV032659_F001;REV032705_F001;REV032786_F002;REV032839_F002;REV032913_F001;REV032913_F002;REV032944_F001
Elephant Transit Home (ETH),Souvenir shop,5,1,1,3,0.0,neutral,5,REV032629_F001;REV032647_F002;REV032725_F001;REV032799_F002;REV032823_F003
Elephant Transit Home (ETH),Steps or stairs,4,1,0,3,0.25,neutral,4,REV032555_F001;REV032602_F005;REV032823_F001;REV032862_F001
Elephant Transit Home (ETH),Taxi service,1,1,0,0,1.0,positive,1,REV032759_F001
Elephant Transit Home (ETH),Ticket counter,3,1,1,1,0.0,positive,3,REV032560_F001;REV032592_F001;REV032728_F001
Elephant Transit Home (ETH),Ticket or receipt,25,7,2,16,0.2,neutral,22,REV032472_F001;REV032504_F001;REV032560_F001;REV032590_F002;REV032592_F001;REV032602_F003;REV032602_F004;REV032602_F005;REV032631_F002;REV032633_F001;REV032633_F002;REV032648_F001;REV032656_F004;REV032674_F001;REV032694_F001;REV032728_F001;REV032733_F002;REV032785_F001;REV032822_F001;REV032842_F001;REV032893_F002;REV032911_F002;REV032917_F002;REV032922_F003;REV032937_F001
Elephant Transit Home (ETH),Toilet,3,1,0,2,0.333,neutral,3,REV032504_F002;REV032711_F001;REV032889_F002
Elephant Transit Home (ETH),View platform,40,16,3,21,0.325,neutral,39,REV032487_F001;REV032511_F001;REV032540_F001;REV032560_F001;REV032560_F002;REV032579_F001;REV032602_F005;REV032604_F001;REV032606_F001;REV032618_F001;REV032626_F001;REV032633_F001;REV032647_F001;REV032662_F001;REV032670_F001;REV032674_F001;REV032719_F001;REV032724_F001;REV032728_F002;REV032731_F001;REV032732_F001;REV032737_F001;REV032754_F001;REV032760_F001;REV032783_F001
Elephant Transit Home (ETH),Visitor centre,38,18,5,15,0.342,positive,38,REV032448_F001;REV032570_F001;REV032571_F001;REV032579_F002;REV032582_F001;REV032588_F002;REV032589_F002;REV032591_F002;REV032624_F001;REV032633_F003;REV032645_F002;REV032649_F001;REV032657_F001;REV032659_F002;REV032662_F002;REV032693_F001;REV032701_F001;REV032709_F001;REV032716_F002;REV032739_F001;REV032757_F001;REV032766_F003;REV032769_F001;REV032797_F001;REV032798_F001
Ella Rock,Accommodation,58,16,9,33,0.121,neutral,54,REV015297_F001;REV015302_F004;REV015320_F001;REV015321_F004;REV015329_F002;REV015330_F001;REV015334_F001;REV015350_F001;REV015364_F001;REV015368_F001;REV015395_F001;REV015400_F001;REV015407_F002;REV015410_F001;REV015421_F001;REV015425_F002;REV015426_F001;REV015435_F001;REV015466_F001;REV015479_F002;REV015481_F001;REV015493_F001;REV015503_F002;REV015505_F002;REV015526_F001
Ella Rock,Bridge,90,10,15,65,-0.056,neutral,64,REV015299_F005;REV015312_F001;REV015321_F002;REV015321_F003;REV015322_F001;REV015323_F001;REV015323_F002;REV015327_F001;REV015328_F003;REV015328_F004;REV015340_F001;REV015347_F002;REV015354_F002;REV015370_F003;REV015375_F002;REV015385_F003;REV015388_F001;REV015402_F002;REV015402_F003;REV015423_F002;REV015445_F001;REV015448_F002;REV015452_F001;REV015466_F005;REV015471_F002
Ella Rock,Brochure,74,16,13,45,0.041,neutral,64,REV015299_F005;REV015300_F002;REV015300_F003;REV015306_F001;REV015306_F003;REV015317_F002;REV015322_F001;REV015328_F001;REV015328_F004;REV015343_F001;REV015375_F001;REV015391_F001;REV015397_F001;REV015400_F002;REV015410_F001;REV015410_F003;REV015436_F001;REV015443_F001;REV015470_F001;REV015478_F003;REV015482_F001;REV015484_F005;REV015486_F001;REV015487_F001;REV015490_F001
Ella Rock,Cafe,32,7,1,24,0.188,neutral,24,REV015328_F002;REV015448_F001;REV015448_F002;REV015448_F003;REV015448_F004;REV015452_F002;REV015466_F006;REV015468_F001;REV015484_F006;REV015504_F001;REV015519_F001;REV015525_F003;REV015541_F001;REV015541_F002;REV015573_F001;REV015583_F001;REV015610_F001;REV015626_F006;REV015645_F004;REV015645_F005;REV015645_F006;REV015645_F007;REV015655_F002;REV015672_F005;REV015672_F006
Ella Rock,Camping facility,2,1,0,1,0.5,positive,2,REV015347_F003;REV015360_F002
Ella Rock,Drinking water,2,1,0,1,0.5,positive,2,REV015434_F001;REV015691_F001
Ella Rock,Entrance fee,56,17,7,32,0.179,neutral,48,REV015291_F001;REV015298_F001;REV015302_F004;REV015304_F001;REV015305_F002;REV015307_F001;REV015309_F003;REV015310_F002;REV015316_F001;REV015321_F002;REV015322_F002;REV015325_F001;REV015326_F002;REV015326_F004;REV015331_F002;REV015335_F001;REV015336_F001;REV015341_F001;REV015341_F002;REV015342_F001;REV015343_F001;REV015345_F001;REV015346_F001;REV015346_F002;REV015346_F003
Ella Rock,First aid,1,1,0,0,1.0,positive,1,REV015676_F001
Ella Rock,Food stall,25,11,1,13,0.4,neutral,24,REV015309_F003;REV015321_F001;REV015376_F001;REV015414_F001;REV015438_F002;REV015461_F001;REV015466_F004;REV015474_F001;REV015485_F001;REV015507_F002;REV015525_F003;REV015535_F002;REV015543_F002;REV015553_F002;REV015568_F002;REV015595_F003;REV015612_F001;REV015623_F003;REV015667_F002;REV015699_F003;REV015702_F001;REV015725_F001;REV015748_F001;REV015758_F002;REV015758_F003
Ella Rock,General facilities,3,0,0,3,0.0,neutral,3,REV015339_F001;REV015653_F001;REV015733_F002
Ella Rock,Guide service,36,12,4,20,0.222,neutral,31,REV015298_F001;REV015302_F001;REV015314_F001;REV015329_F001;REV015329_F002;REV015360_F001;REV015396_F002;REV015407_F001;REV015420_F001;REV015421_F002;REV015425_F001;REV015425_F002;REV015432_F001;REV015432_F002;REV015447_F001;REV015487_F002;REV015500_F001;REV015542_F001;REV015547_F001;REV015585_F001;REV015616_F002;REV015648_F001;REV015655_F001;REV015662_F001;REV015677_F001
Ella Rock,Lighting,1,0,1,0,-1.0,negative,1,REV015757_F003
Ella Rock,Multilingual information,1,1,0,0,1.0,positive,1,REV015302_F002
Ella Rock,Parking,3,0,0,3,0.0,neutral,3,REV015379_F001;REV015432_F004;REV015438_F001
Ella Rock,Pathway,12,4,4,4,0.0,positive,8,REV015478_F002;REV015478_F003;REV015525_F001;REV015561_F001;REV015611_F001;REV015611_F002;REV015622_F001;REV015622_F002;REV015637_F004;REV015700_F001;REV015727_F002;REV015727_F003
Ella Rock,Public transport access,35,4,2,29,0.057,neutral,33,REV015302_F003;REV015324_F001;REV015327_F002;REV015336_F002;REV015347_F001;REV015353_F001;REV015370_F002;REV015375_F002;REV015377_F001;REV015447_F002;REV015449_F001;REV015466_F003;REV015471_F003;REV015476_F001;REV015493_F001;REV015495_F001;REV015503_F001;REV015509_F001;REV015592_F002;REV015620_F002;REV015626_F003;REV015651_F002;REV015663_F001;REV015675_F001;REV015679_F002
Ella Rock,Rest area,1,0,0,1,0.0,neutral,1,REV015475_F001
Ella Rock,Restaurant,6,2,1,3,0.167,neutral,6,REV015321_F004;REV015432_F003;REV015534_F001;REV015592_F004;REV015615_F002;REV015779_F002
Ella Rock,Road access,6,0,1,5,-0.167,neutral,5,REV015300_F004;REV015309_F001;REV015309_F002;REV015535_F001;REV015551_F001;REV015593_F002
Ella Rock,Safety barrier,5,1,1,3,0.0,neutral,5,REV015310_F002;REV015662_F002;REV015737_F002;REV015747_F001;REV015759_F002
Ella Rock,Seating,5,1,0,4,0.2,neutral,4,REV015299_F001;REV015299_F002;REV015309_F003;REV015466_F002;REV015493_F002
Ella Rock,Security,2,1,0,1,0.5,positive,2,REV015341_F003;REV015739_F005
Ella Rock,Shade or shelter,11,5,2,4,0.273,positive,11,REV015299_F001;REV015386_F001;REV015439_F001;REV015457_F002;REV015464_F001;REV015516_F001;REV015519_F003;REV015525_F004;REV015620_F001;REV015637_F006;REV015701_F002
Ella Rock,Shop,9,0,2,7,-0.222,neutral,9,REV015364_F001;REV015370_F002;REV015382_F001;REV015532_F002;REV015541_F002;REV015605_F001;REV015681_F002;REV015725_F001;REV015762_F001
Ella Rock,Shower,3,1,0,2,0.333,neutral,3,REV015393_F001;REV015402_F001;REV015651_F001
Ella Rock,Signage,99,17,25,57,-0.081,neutral,77,REV015295_F001;REV015299_F004;REV015300_F001;REV015306_F002;REV015306_F003;REV015308_F001;REV015315_F001;REV015317_F001;REV015326_F001;REV015326_F003;REV015343_F001;REV015370_F001;REV015377_F001;REV015378_F001;REV015385_F001;REV015390_F001;REV015396_F001;REV015410_F002;REV015415_F001;REV015421_F002;REV015429_F001;REV015452_F003;REV015453_F001;REV015457_F001;REV015471_F001
Ella Rock,Steps or stairs,15,4,6,5,-0.133,negative,13,REV015305_F001;REV015310_F001;REV015334_F001;REV015460_F001;REV015460_F002;REV015585_F001;REV015602_F002;REV015621_F002;REV015637_F002;REV015637_F003;REV015672_F004;REV015677_F002;REV015702_F001;REV015750_F003;REV015760_F001
Ella Rock,Taxi service,7,3,0,4,0.429,neutral,7,REV015347_F003;REV015525_F005;REV015543_F003;REV015584_F001;REV015684_F001;REV015706_F003;REV015737_F002
Ella Rock,Ticket counter,2,0,1,1,-0.5,neutral,2,REV015625_F002;REV015747_F001
Ella Rock,Ticket or receipt,12,3,2,7,0.083,neutral,9,REV015297_F002;REV015299_F002;REV015299_F003;REV015309_F003;REV015311_F001;REV015322_F003;REV015322_F004;REV015331_F001;REV015331_F002;REV015381_F001;REV015625_F002;REV015747_F001
Ella Rock,Toilet,5,3,0,2,0.6,positive,5,REV015299_F001;REV015310_F003;REV015329_F003;REV015343_F001;REV015525_F003
Ella Rock,Towel service,1,1,0,0,1.0,positive,1,REV015466_F007
Ella Rock,Train service,21,1,3,17,-0.095,neutral,18,REV015354_F001;REV015354_F002;REV015354_F003;REV015381_F001;REV015385_F002;REV015432_F004;REV015450_F001;REV015472_F001;REV015484_F001;REV015484_F002;REV015502_F003;REV015553_F001;REV015594_F001;REV015607_F001;REV015623_F001;REV015660_F003;REV015672_F002;REV015692_F001;REV015729_F001;REV015733_F001;REV015767_F001
Ella Rock,Tuk tuk service,13,1,1,11,0.0,neutral,12,REV015302_F004;REV015404_F001;REV015406_F001;REV015423_F001;REV015425_F002;REV015459_F001;REV015459_F002;REV015476_F001;REV015487_F004;REV015547_F002;REV015679_F002;REV015696_F001;REV015723_F001
Ella Rock,View platform,1,1,0,0,1.0,positive,1,REV015490_F002
Embekka Devalaya,Accommodation,6,1,0,5,0.167,neutral,6,REV039123_F001;REV039130_F001;REV039136_F001;REV039137_F001;REV039138_F002;REV039142_F001
Embekka Devalaya,Brochure,3,0,0,3,0.0,neutral,3,REV039131_F002;REV039148_F001;REV039149_F001
Embekka Devalaya,Drinking water,1,1,0,0,1.0,positive,1,REV039137_F002
Embekka Devalaya,Entrance fee,7,1,0,6,0.143,neutral,7,REV039118_F001;REV039123_F002;REV039127_F001;REV039130_F003;REV039138_F001;REV039145_F001;REV039149_F002
Embekka Devalaya,Lighting,1,0,1,0,-1.0,negative,1,REV039139_F001
Embekka Devalaya,Parking,3,2,0,1,0.667,positive,3,REV039131_F003;REV039137_F002;REV039154_F001
Embekka Devalaya,Public transport access,3,1,2,0,-0.333,negative,2,REV039116_F001;REV039116_F002;REV039127_F002
Embekka Devalaya,Road access,1,0,1,0,-1.0,negative,1,REV039155_F002
Embekka Devalaya,Security,1,0,0,1,0.0,neutral,1,REV039131_F001
Embekka Devalaya,Signage,1,0,0,1,0.0,neutral,1,REV039119_F001
Embekka Devalaya,Ticket or receipt,3,2,0,1,0.667,positive,3,REV039131_F003;REV039145_F001;REV039157_F001
Embekka Devalaya,Toilet,1,1,0,0,1.0,positive,1,REV039130_F002
Embekka Devalaya,Tuk tuk service,1,0,1,0,-1.0,negative,1,REV039155_F001
Embekka Devalaya,Visitor centre,1,0,1,0,-1.0,negative,1,REV039116_F001
Fort Frederick,Accessibility ramp,2,1,0,1,0.5,positive,2,REV039180_F001;REV039187_F001
Fort Frederick,Accommodation,3,0,1,2,-0.333,neutral,3,REV039163_F001;REV039237_F001;REV039243_F001
Fort Frederick,Bridge,1,0,0,1,0.0,neutral,1,REV039315_F001
Fort Frederick,Cafe,7,4,0,3,0.571,positive,7,REV039173_F002;REV039213_F002;REV039237_F002;REV039239_F002;REV039340_F002;REV039350_F002;REV039372_F001
Fort Frederick,Clothing cover service,3,1,1,1,0.0,positive,3,REV039200_F002;REV039224_F002;REV039294_F001
Fort Frederick,Drinking water,3,2,0,1,0.667,positive,3,REV039285_F001;REV039338_F003;REV039348_F003
Fort Frederick,Entrance fee,6,3,2,1,0.167,positive,6,REV039163_F003;REV039186_F001;REV039224_F001;REV039279_F001;REV039296_F002;REV039365_F001
Fort Frederick,Food stall,6,0,2,4,-0.333,neutral,6,REV039225_F001;REV039232_F001;REV039338_F002;REV039344_F001;REV039348_F002;REV039354_F001
Fort Frederick,Locker,1,0,0,1,0.0,neutral,1,REV039192_F001
Fort Frederick,Market stalls,1,0,0,1,0.0,neutral,1,REV039193_F001
Fort Frederick,Multilingual information,2,2,0,0,1.0,positive,2,REV039340_F001;REV039350_F001
Fort Frederick,Parking,5,3,0,2,0.6,positive,5,REV039223_F001;REV039233_F001;REV039234_F001;REV039338_F003;REV039348_F003
Fort Frederick,Pathway,1,0,0,1,0.0,neutral,1,REV039314_F001
Fort Frederick,Public transport access,1,0,1,0,-1.0,negative,1,REV039198_F001
Fort Frederick,Road access,2,2,0,0,1.0,positive,2,REV039182_F001;REV039253_F001
Fort Frederick,Safety barrier,5,1,0,4,0.2,neutral,4,REV039259_F001;REV039277_F001;REV039281_F001;REV039281_F002;REV039318_F001
Fort Frederick,Security,5,1,0,4,0.2,neutral,5,REV039180_F002;REV039307_F001;REV039333_F001;REV039341_F001;REV039351_F001
Fort Frederick,Shade or shelter,9,4,0,5,0.444,neutral,9,REV039170_F001;REV039173_F001;REV039200_F002;REV039217_F001;REV039254_F001;REV039273_F001;REV039322_F001;REV039341_F002;REV039351_F002
Fort Frederick,Shoe storage,4,2,0,2,0.5,positive,4,REV039295_F001;REV039315_F002;REV039322_F002;REV039370_F001
Fort Frederick,Shop,6,2,2,2,0.0,positive,6,REV039201_F002;REV039225_F001;REV039231_F001;REV039239_F001;REV039264_F001;REV039329_F001
Fort Frederick,Signage,3,2,1,0,0.333,positive,3,REV039216_F001;REV039264_F001;REV039292_F001
Fort Frederick,Souvenir shop,6,2,2,2,0.0,positive,6,REV039294_F002;REV039329_F002;REV039343_F001;REV039344_F001;REV039353_F001;REV039354_F001
Fort Frederick,Steps or stairs,1,0,0,1,0.0,neutral,1,REV039259_F001
Fort Frederick,Ticket or receipt,5,3,2,0,0.2,positive,4,REV039163_F002;REV039163_F003;REV039219_F001;REV039224_F001;REV039314_F002
Fort Frederick,Toilet,4,0,0,4,0.0,neutral,4,REV039237_F003;REV039285_F001;REV039296_F001;REV039369_F001
Fort Frederick,Train service,1,0,0,1,0.0,neutral,1,REV039243_F002
Fort Frederick,Tuk tuk service,11,2,0,9,0.182,neutral,11,REV039160_F001;REV039200_F001;REV039201_F001;REV039205_F001;REV039213_F001;REV039215_F001;REV039264_F002;REV039338_F001;REV039347_F001;REV039348_F001;REV039357_F001
Fort Frederick,Waste bins,1,0,0,1,0.0,neutral,1,REV039310_F001
Gal Oya National Park,Accommodation,7,1,1,5,0.0,neutral,6,REV032956_F002;REV032956_F003;REV032963_F001;REV032983_F002;REV032990_F001;REV032999_F001;REV033010_F001
Gal Oya National Park,Boat service,15,6,1,8,0.333,neutral,13,REV032946_F001;REV032959_F001;REV032959_F002;REV032965_F001;REV032977_F001;REV032982_F001;REV032986_F001;REV032993_F001;REV032994_F001;REV033007_F001;REV033008_F001;REV033008_F002;REV033012_F001;REV033013_F001;REV033016_F001
Gal Oya National Park,Camping facility,6,2,0,4,0.333,neutral,6,REV032982_F002;REV032984_F001;REV032991_F001;REV032993_F001;REV032999_F002;REV033015_F001
Gal Oya National Park,Drinking water,1,0,0,1,0.0,neutral,1,REV033018_F003
Gal Oya National Park,Entrance fee,2,0,0,2,0.0,neutral,1,REV032956_F002;REV032956_F003
Gal Oya National Park,Food stall,2,0,0,2,0.0,neutral,2,REV032950_F001;REV032980_F001
Gal Oya National Park,General facilities,1,0,0,1,0.0,neutral,1,REV032988_F001
Gal Oya National Park,Guide service,1,0,0,1,0.0,neutral,1,REV033010_F002
Gal Oya National Park,Jeep service,15,6,2,7,0.267,neutral,10,REV032946_F002;REV032955_F001;REV032956_F001;REV032962_F001;REV032962_F004;REV032965_F001;REV032965_F002;REV032965_F003;REV032966_F001;REV032966_F002;REV032969_F001;REV032983_F001;REV032996_F001;REV032996_F002;REV033004_F001
Gal Oya National Park,Life jacket,1,0,0,1,0.0,neutral,1,REV033018_F002
Gal Oya National Park,Lifeguard service,1,1,0,0,1.0,positive,1,REV032982_F003
Gal Oya National Park,Security,2,1,1,0,0.0,positive,2,REV032982_F003;REV033018_F001
Gal Oya National Park,Shade or shelter,4,0,2,2,-0.5,neutral,4,REV032962_F003;REV033007_F001;REV033015_F001;REV033018_F003
Gal Oya National Park,Shower,1,0,0,1,0.0,neutral,1,REV032975_F001
Gal Oya National Park,Steps or stairs,1,1,0,0,1.0,positive,1,REV033009_F001
Gal Oya National Park,Ticket or receipt,3,2,0,1,0.667,positive,2,REV032966_F002;REV032983_F002;REV032983_F003
Gal Oya National Park,Toilet,2,1,0,1,0.5,positive,1,REV032962_F002;REV032962_F005
Gal Vihara,Accommodation,2,1,0,1,0.5,positive,2,REV008507_F002;REV008531_F001
Gal Vihara,Bike rental,1,0,0,1,0.0,neutral,1,REV008418_F001
Gal Vihara,Brochure,4,0,1,3,-0.25,neutral,4,REV008336_F005;REV008371_F001;REV008381_F001;REV008728_F001
Gal Vihara,Clothing cover service,5,0,0,5,0.0,neutral,5,REV008336_F004;REV008408_F002;REV008421_F001;REV008424_F001;REV008615_F001
Gal Vihara,Donation box,3,0,0,3,0.0,neutral,3,REV008303_F001;REV008313_F001;REV008323_F001
Gal Vihara,Entrance fee,25,12,4,9,0.32,positive,23,REV008334_F001;REV008336_F006;REV008412_F001;REV008418_F001;REV008444_F001;REV008456_F001;REV008475_F001;REV008493_F001;REV008498_F001;REV008507_F001;REV008507_F003;REV008517_F002;REV008548_F001;REV008555_F001;REV008625_F001;REV008642_F001;REV008649_F002;REV008651_F001;REV008678_F001;REV008748_F001;REV008750_F001;REV008754_F001;REV008769_F001;REV008776_F001;REV008776_F002
Gal Vihara,Food stall,1,0,0,1,0.0,neutral,1,REV008432_F001
Gal Vihara,General facilities,2,1,0,1,0.5,positive,2,REV008538_F001;REV008766_F001
Gal Vihara,Guide service,16,3,2,11,0.062,neutral,14,REV008300_F002;REV008310_F002;REV008320_F002;REV008336_F007;REV008342_F001;REV008375_F001;REV008375_F002;REV008385_F001;REV008385_F002;REV008443_F001;REV008458_F001;REV008492_F001;REV008497_F001;REV008624_F001;REV008713_F001;REV008731_F001
Gal Vihara,Parking,9,1,1,7,0.0,neutral,9,REV008370_F001;REV008380_F001;REV008429_F001;REV008442_F002;REV008485_F001;REV008487_F001;REV008501_F002;REV008576_F002;REV008678_F002
Gal Vihara,Pathway,1,0,0,1,0.0,neutral,1,REV008628_F001
Gal Vihara,Safety barrier,9,0,1,8,-0.111,neutral,6,REV008303_F002;REV008303_F003;REV008313_F002;REV008313_F003;REV008323_F002;REV008323_F003;REV008637_F001;REV008749_F001;REV008752_F001
Gal Vihara,Seating,1,0,0,1,0.0,neutral,1,REV008501_F001
Gal Vihara,Security,15,2,3,10,-0.067,neutral,12,REV008300_F001;REV008310_F001;REV008320_F001;REV008412_F002;REV008412_F006;REV008478_F001;REV008574_F001;REV008576_F001;REV008604_F001;REV008644_F001;REV008710_F001;REV008733_F001;REV008733_F002;REV008733_F003;REV008760_F001
Gal Vihara,Shade or shelter,12,2,2,8,0.0,neutral,12,REV008373_F001;REV008374_F001;REV008383_F001;REV008384_F001;REV008438_F001;REV008527_F001;REV008616_F001;REV008633_F001;REV008635_F001;REV008749_F001;REV008750_F002;REV008783_F001
Gal Vihara,Shoe storage,24,2,4,18,-0.083,neutral,24,REV008298_F001;REV008308_F001;REV008318_F001;REV008369_F001;REV008372_F001;REV008379_F001;REV008382_F001;REV008388_F001;REV008396_F001;REV008408_F001;REV008410_F001;REV008438_F001;REV008442_F001;REV008466_F001;REV008483_F001;REV008510_F001;REV008539_F001;REV008544_F001;REV008563_F002;REV008577_F001;REV008597_F001;REV008642_F002;REV008649_F001;REV008765_F001
Gal Vihara,Shower,1,1,0,0,1.0,positive,1,REV008511_F001
Gal Vihara,Signage,6,2,3,1,-0.167,negative,6,REV008294_F001;REV008336_F005;REV008567_F001;REV008583_F001;REV008595_F002;REV008653_F001
Gal Vihara,Steps or stairs,2,1,0,1,0.5,positive,2,REV008337_F001;REV008624_F002
Gal Vihara,Taxi service,2,0,0,2,0.0,neutral,2,REV008435_F001;REV008517_F001
Gal Vihara,Ticket counter,4,1,0,3,0.25,neutral,4,REV008303_F004;REV008313_F004;REV008323_F004;REV008651_F001
Gal Vihara,Ticket or receipt,37,10,8,19,0.054,neutral,31,REV008294_F002;REV008303_F004;REV008313_F004;REV008323_F004;REV008336_F002;REV008336_F003;REV008336_F006;REV008344_F001;REV008412_F002;REV008412_F003;REV008412_F004;REV008412_F005;REV008412_F006;REV008446_F001;REV008478_F001;REV008504_F001;REV008507_F003;REV008530_F001;REV008547_F001;REV008563_F001;REV008588_F001;REV008589_F001;REV008595_F001;REV008605_F001;REV008625_F001
Gal Vihara,Toilet,1,0,0,1,0.0,neutral,1,REV008547_F002
Gal Vihara,Tuk tuk service,4,0,0,4,0.0,neutral,4,REV008336_F001;REV008453_F001;REV008517_F001;REV008776_F002
Galle Dutch Fort,Accessibility ramp,70,21,5,44,0.229,neutral,57,REV024975_F002;REV024979_F001;REV024983_F001;REV024985_F001;REV024986_F001;REV024986_F002;REV024986_F003;REV024988_F001;REV024997_F001;REV024998_F001;REV025003_F001;REV025003_F002;REV025006_F001;REV025006_F002;REV025030_F004;REV025030_F007;REV025030_F011;REV025034_F001;REV025035_F001;REV025053_F001;REV025054_F001;REV025075_F002;REV025084_F001;REV025096_F002;REV025097_F001
Galle Dutch Fort,Accommodation,91,24,5,62,0.209,neutral,83,REV024954_F001;REV024958_F001;REV024968_F001;REV024970_F001;REV024977_F002;REV024994_F001;REV025004_F002;REV025011_F001;REV025016_F002;REV025028_F001;REV025028_F002;REV025030_F001;REV025030_F002;REV025042_F001;REV025045_F004;REV025047_F002;REV025047_F003;REV025055_F001;REV025058_F001;REV025058_F002;REV025059_F002;REV025063_F001;REV025069_F001;REV025069_F004;REV025072_F002
Galle Dutch Fort,Boardwalk,1,0,0,1,0.0,neutral,1,REV025484_F001
Galle Dutch Fort,Bridge,1,0,0,1,0.0,neutral,1,REV025419_F003
Galle Dutch Fort,Brochure,4,1,1,2,0.0,neutral,4,REV025281_F001;REV025290_F001;REV025385_F001;REV025387_F002
Galle Dutch Fort,Cafe,100,36,4,60,0.32,neutral,94,REV024954_F001;REV024954_F002;REV024964_F001;REV024966_F001;REV024974_F001;REV024976_F001;REV024978_F001;REV024983_F002;REV024985_F001;REV024988_F001;REV024993_F001;REV024994_F002;REV024995_F001;REV025000_F001;REV025006_F002;REV025011_F001;REV025013_F001;REV025016_F002;REV025017_F001;REV025020_F001;REV025021_F002;REV025022_F001;REV025022_F002;REV025025_F001;REV025027_F001
Galle Dutch Fort,Entrance fee,15,5,2,8,0.2,neutral,14,REV024996_F002;REV025069_F004;REV025125_F001;REV025255_F004;REV025265_F001;REV025313_F001;REV025346_F002;REV025346_F003;REV025370_F001;REV025371_F003;REV025380_F001;REV025407_F001;REV025434_F001;REV025437_F001;REV025454_F002
Galle Dutch Fort,Food stall,13,8,1,4,0.538,positive,13,REV025010_F001;REV025093_F001;REV025268_F002;REV025308_F001;REV025309_F001;REV025315_F002;REV025331_F002;REV025367_F001;REV025409_F002;REV025432_F001;REV025454_F004;REV025483_F001;REV025527_F002
Galle Dutch Fort,General facilities,2,0,0,2,0.0,neutral,2,REV025072_F001;REV025106_F005
Galle Dutch Fort,Guide service,7,5,0,2,0.714,positive,7,REV024957_F001;REV025037_F001;REV025248_F002;REV025298_F001;REV025371_F002;REV025394_F001;REV025439_F001
Galle Dutch Fort,Information board,2,2,0,0,1.0,positive,2,REV024983_F003;REV025537_F001
Galle Dutch Fort,Lighting,3,0,2,1,-0.667,negative,3,REV025016_F001;REV025263_F001;REV025274_F003
Galle Dutch Fort,Market stalls,1,0,0,1,0.0,neutral,1,REV025255_F001
Galle Dutch Fort,Parking,4,3,0,1,0.75,positive,4,REV025003_F003;REV025132_F002;REV025315_F001;REV025519_F001
Galle Dutch Fort,Pathway,6,2,1,3,0.167,neutral,6,REV025075_F001;REV025105_F003;REV025200_F002;REV025364_F001;REV025463_F002;REV025482_F001
Galle Dutch Fort,Public transport access,6,4,1,1,0.5,positive,6,REV025269_F001;REV025334_F001;REV025354_F001;REV025407_F001;REV025437_F001;REV025553_F005
Galle Dutch Fort,Restaurant,234,93,13,128,0.342,neutral,210,REV024956_F001;REV024958_F001;REV024959_F001;REV024960_F001;REV024961_F001;REV024964_F001;REV024970_F002;REV024971_F001;REV024977_F001;REV024978_F001;REV024978_F002;REV024984_F002;REV024996_F001;REV025004_F001;REV025008_F001;REV025016_F002;REV025019_F001;REV025020_F001;REV025023_F001;REV025024_F001;REV025025_F001;REV025028_F002;REV025030_F002;REV025030_F005;REV025030_F006
Galle Dutch Fort,Road access,2,0,0,2,0.0,neutral,2,REV025192_F001;REV025381_F002
Galle Dutch Fort,Seating,3,2,0,1,0.667,positive,3,REV024990_F001;REV025271_F003;REV025418_F002
Galle Dutch Fort,Security,3,2,1,0,0.333,positive,3,REV024970_F002;REV025163_F001;REV025405_F002
Galle Dutch Fort,Shade or shelter,12,4,3,5,0.083,neutral,12,REV025037_F002;REV025307_F002;REV025320_F001;REV025336_F001;REV025402_F001;REV025407_F001;REV025419_F004;REV025422_F001;REV025424_F001;REV025441_F001;REV025505_F002;REV025539_F001
Galle Dutch Fort,Shop,148,52,15,81,0.25,neutral,136,REV024954_F002;REV024956_F001;REV024958_F001;REV024959_F001;REV024963_F001;REV024966_F001;REV024971_F001;REV024975_F001;REV024985_F001;REV024993_F001;REV024996_F001;REV024997_F002;REV024999_F001;REV025002_F001;REV025003_F002;REV025017_F001;REV025019_F001;REV025021_F001;REV025027_F001;REV025030_F003;REV025030_F011;REV025031_F001;REV025035_F001;REV025036_F001;REV025038_F001
Galle Dutch Fort,Shower,4,0,1,3,-0.25,neutral,4,REV025073_F001;REV025080_F001;REV025089_F001;REV025308_F001
Galle Dutch Fort,Signage,5,1,0,4,0.2,neutral,5,REV025093_F002;REV025157_F001;REV025250_F004;REV025387_F001;REV025515_F001
Galle Dutch Fort,Souvenir shop,20,6,1,13,0.25,neutral,20,REV024989_F002;REV025021_F002;REV025030_F006;REV025049_F001;REV025110_F002;REV025114_F001;REV025127_F002;REV025226_F001;REV025305_F003;REV025323_F001;REV025383_F003;REV025408_F002;REV025416_F001;REV025431_F001;REV025439_F002;REV025444_F001;REV025483_F001;REV025515_F002;REV025516_F001;REV025530_F001
Galle Dutch Fort,Steps or stairs,3,1,0,2,0.333,neutral,3,REV025003_F002;REV025490_F002;REV025550_F002
Galle Dutch Fort,Taxi service,11,3,1,7,0.182,neutral,9,REV024968_F002;REV024984_F001;REV025040_F003;REV025047_F003;REV025077_F001;REV025077_F002;REV025119_F001;REV025119_F002;REV025321_F001;REV025338_F001;REV025381_F002
Galle Dutch Fort,Ticket or receipt,2,0,0,2,0.0,neutral,2,REV025309_F003;REV025492_F001
Galle Dutch Fort,Toilet,2,1,0,1,0.5,positive,2,REV025214_F003;REV025390_F001
Galle Dutch Fort,Train service,2,1,0,1,0.5,positive,2,REV025315_F003;REV025409_F001
Galle Dutch Fort,Tuk tuk service,62,19,10,33,0.145,neutral,45,REV024968_F002;REV024970_F001;REV024975_F002;REV024984_F001;REV024989_F001;REV024999_F002;REV025030_F010;REV025040_F003;REV025043_F001;REV025047_F001;REV025047_F003;REV025057_F001;REV025057_F002;REV025057_F003;REV025069_F002;REV025069_F004;REV025086_F001;REV025086_F002;REV025086_F003;REV025088_F001;REV025098_F001;REV025098_F002;REV025098_F003;REV025098_F004;REV025105_F001
Galle Face Green,Accessibility ramp,2,1,0,1,0.5,positive,2,REV001821_F001;REV001873_F001
Galle Face Green,Accommodation,131,31,6,94,0.191,neutral,113,REV001471_F001;REV001473_F001;REV001475_F002;REV001476_F001;REV001487_F001;REV001487_F003;REV001494_F002;REV001497_F002;REV001502_F001;REV001504_F002;REV001504_F003;REV001513_F001;REV001513_F002;REV001518_F001;REV001545_F001;REV001547_F001;REV001548_F001;REV001548_F002;REV001548_F003;REV001548_F004;REV001555_F001;REV001557_F001;REV001558_F001;REV001558_F002;REV001558_F003
Galle Face Green,Bridge,3,2,0,1,0.667,positive,3,REV001483_F001;REV001494_F003;REV001910_F001
Galle Face Green,Cafe,4,2,0,2,0.5,positive,4,REV001494_F003;REV001573_F001;REV001813_F002;REV001911_F001
Galle Face Green,Entrance fee,17,6,2,9,0.235,neutral,14,REV001494_F001;REV001514_F001;REV001710_F003;REV001710_F005;REV001719_F002;REV001750_F002;REV001779_F002;REV001784_F001;REV001793_F008;REV001798_F001;REV001800_F001;REV001800_F002;REV001864_F001;REV001889_F004;REV001923_F003;REV001932_F002;REV001932_F004
Galle Face Green,Food stall,197,61,15,121,0.234,neutral,169,REV001472_F002;REV001474_F001;REV001477_F001;REV001477_F002;REV001481_F001;REV001486_F001;REV001492_F001;REV001494_F003;REV001495_F001;REV001495_F002;REV001496_F001;REV001496_F002;REV001497_F001;REV001498_F001;REV001499_F001;REV001500_F001;REV001504_F001;REV001505_F003;REV001505_F004;REV001508_F001;REV001508_F002;REV001510_F001;REV001514_F002;REV001543_F001;REV001543_F002
Galle Face Green,General facilities,3,2,0,1,0.667,positive,3,REV001475_F001;REV001487_F002;REV001581_F001
Galle Face Green,Guide service,2,1,0,1,0.5,positive,2,REV001702_F002;REV001930_F001
Galle Face Green,Lifeguard service,1,0,0,1,0.0,neutral,1,REV001710_F006
Galle Face Green,Parking,13,4,2,7,0.154,neutral,13,REV001513_F003;REV001596_F001;REV001624_F004;REV001659_F001;REV001671_F002;REV001737_F001;REV001804_F001;REV001862_F001;REV001877_F001;REV001932_F002;REV001941_F002;REV001965_F001;REV001968_F002
Galle Face Green,Pathway,6,2,0,4,0.333,neutral,5,REV001505_F001;REV001586_F001;REV001690_F002;REV001734_F001;REV001734_F002;REV001825_F002
Galle Face Green,Public transport access,4,3,1,0,0.5,positive,4,REV001661_F001;REV001671_F001;REV001769_F001;REV001844_F001
Galle Face Green,Restaurant,37,14,4,19,0.27,neutral,37,REV001484_F001;REV001510_F001;REV001547_F001;REV001548_F003;REV001557_F001;REV001558_F003;REV001586_F002;REV001616_F001;REV001635_F001;REV001655_F001;REV001665_F001;REV001677_F002;REV001692_F001;REV001702_F002;REV001703_F001;REV001708_F002;REV001719_F001;REV001722_F001;REV001747_F001;REV001752_F001;REV001769_F002;REV001776_F001;REV001792_F001;REV001801_F001;REV001806_F001
Galle Face Green,Seating,14,3,2,9,0.071,neutral,14,REV001503_F001;REV001516_F001;REV001604_F002;REV001626_F001;REV001628_F002;REV001667_F001;REV001674_F001;REV001706_F002;REV001809_F001;REV001838_F002;REV001859_F001;REV001874_F001;REV001890_F001;REV001925_F001
Galle Face Green,Security,7,1,1,5,0.0,neutral,6,REV001612_F002;REV001636_F001;REV001710_F006;REV001749_F002;REV001793_F009;REV001793_F010;REV001932_F005
Galle Face Green,Shade or shelter,12,2,7,3,-0.417,negative,11,REV001472_F001;REV001494_F001;REV001505_F002;REV001569_F001;REV001587_F001;REV001595_F002;REV001624_F001;REV001628_F001;REV001710_F002;REV001771_F001;REV001771_F002;REV001948_F001
Galle Face Green,Shop,17,6,0,11,0.353,neutral,17,REV001494_F003;REV001510_F001;REV001597_F001;REV001609_F001;REV001640_F001;REV001643_F001;REV001692_F001;REV001795_F002;REV001808_F001;REV001813_F002;REV001827_F002;REV001890_F002;REV001911_F001;REV001913_F001;REV001926_F001;REV001929_F001;REV001931_F001
Galle Face Green,Souvenir shop,1,0,0,1,0.0,neutral,1,REV001715_F001
Galle Face Green,Steps or stairs,2,1,1,0,0.0,positive,2,REV001775_F001;REV001910_F001
Galle Face Green,Ticket or receipt,1,0,0,1,0.0,neutral,1,REV001671_F002
Galle Face Green,Toilet,4,3,1,0,0.5,positive,4,REV001686_F001;REV001692_F002;REV001743_F001;REV001834_F004
Galle Face Green,Train service,1,0,0,1,0.0,neutral,1,REV001932_F001
Galle Face Green,Tuk tuk service,17,4,2,11,0.118,neutral,12,REV001506_F001;REV001568_F001;REV001606_F001;REV001661_F001;REV001769_F001;REV001793_F001;REV001793_F003;REV001793_F005;REV001793_F006;REV001793_F010;REV001793_F011;REV001818_F001;REV001819_F002;REV001900_F002;REV001923_F004;REV001932_F003;REV001935_F001
Galle Face Green,View platform,3,0,0,3,0.0,neutral,3,REV001689_F001;REV001851_F001;REV001928_F002
Galle Face Green,Waste bins,3,0,0,3,0.0,neutral,3,REV001628_F003;REV001664_F001;REV001912_F001
Galle Face Hotel,Accommodation,16,6,0,10,0.375,neutral,10,REV001523_F001;REV001523_F002;REV001524_F001;REV001524_F002;REV001527_F001;REV001529_F001;REV001529_F002;REV001530_F001;REV001530_F002;REV001531_F001;REV001533_F001;REV001534_F001;REV001534_F002;REV001536_F001;REV001539_F001;REV001539_F002
Galle Face Hotel,Restaurant,4,4,0,0,1.0,positive,4,REV001528_F001;REV001529_F002;REV001533_F002;REV001534_F003
Galle Face Hotel,Shop,1,1,0,0,1.0,positive,1,REV001529_F002
Galle Fort Lighthouse,Accessibility ramp,41,14,2,25,0.293,neutral,33,REV025557_F001;REV025578_F001;REV025578_F002;REV025650_F001;REV025656_F001;REV025673_F001;REV025693_F001;REV025709_F001;REV025709_F002;REV025715_F001;REV025724_F001;REV025724_F002;REV025724_F003;REV025756_F001;REV025762_F001;REV025770_F001;REV025795_F001;REV025803_F001;REV025841_F001;REV025846_F001;REV025861_F001;REV025906_F001;REV025909_F001;REV025934_F001;REV025934_F002
Galle Fort Lighthouse,Accommodation,16,2,1,13,0.062,neutral,15,REV025704_F001;REV025704_F003;REV025723_F001;REV025747_F001;REV025749_F001;REV025759_F001;REV025806_F001;REV025814_F001;REV025851_F001;REV025868_F001;REV025959_F001;REV025969_F001;REV025995_F001;REV026006_F001;REV026034_F001;REV026040_F001
Galle Fort Lighthouse,Boat service,1,0,0,1,0.0,neutral,1,REV025876_F001
Galle Fort Lighthouse,Brochure,1,0,1,0,-1.0,negative,1,REV025568_F001
Galle Fort Lighthouse,Cafe,6,2,2,2,0.0,positive,6,REV025564_F001;REV025652_F002;REV025720_F001;REV025748_F001;REV025844_F001;REV025991_F001
Galle Fort Lighthouse,Entrance fee,5,1,1,3,0.0,neutral,5,REV025574_F001;REV025655_F001;REV025704_F004;REV025712_F001;REV025951_F001
Galle Fort Lighthouse,Food stall,5,1,0,4,0.2,neutral,5,REV025762_F001;REV025778_F001;REV025800_F001;REV025910_F001;REV025916_F001
Galle Fort Lighthouse,General facilities,1,0,0,1,0.0,neutral,1,REV025568_F002
Galle Fort Lighthouse,Guide service,1,0,0,1,0.0,neutral,1,REV025824_F001
Galle Fort Lighthouse,Lighting,5,2,2,1,0.0,positive,4,REV025930_F001;REV025994_F002;REV026009_F001;REV026009_F002;REV026036_F001
Galle Fort Lighthouse,Parking,2,0,0,2,0.0,neutral,2,REV025810_F001;REV025907_F001
Galle Fort Lighthouse,Pathway,6,2,0,4,0.333,neutral,5,REV025600_F001;REV025658_F001;REV025667_F001;REV025907_F001;REV026049_F001;REV026049_F002
Galle Fort Lighthouse,Public transport access,3,1,1,1,0.0,positive,3,REV025741_F001;REV025934_F001;REV026013_F001
Galle Fort Lighthouse,Restaurant,37,15,2,20,0.351,neutral,34,REV025555_F001;REV025652_F002;REV025662_F001;REV025686_F001;REV025699_F001;REV025704_F002;REV025704_F005;REV025710_F001;REV025711_F001;REV025724_F004;REV025746_F001;REV025746_F002;REV025747_F001;REV025761_F001;REV025778_F001;REV025789_F001;REV025790_F001;REV025791_F001;REV025796_F001;REV025806_F001;REV025810_F001;REV025814_F001;REV025816_F001;REV025859_F001;REV025867_F001
Galle Fort Lighthouse,Seating,1,1,0,0,1.0,positive,1,REV025658_F002
Galle Fort Lighthouse,Security,3,2,0,1,0.667,positive,3,REV025754_F001;REV025907_F002;REV025938_F001
Galle Fort Lighthouse,Shade or shelter,6,1,0,5,0.167,neutral,6,REV025587_F001;REV025609_F001;REV025658_F001;REV025762_F001;REV025957_F001;REV025974_F001
Galle Fort Lighthouse,Shop,25,8,2,15,0.24,neutral,24,REV025644_F001;REV025644_F002;REV025689_F001;REV025699_F001;REV025749_F001;REV025772_F001;REV025776_F001;REV025787_F001;REV025791_F001;REV025805_F001;REV025814_F001;REV025816_F001;REV025859_F001;REV025867_F001;REV025870_F001;REV025876_F002;REV025921_F001;REV025928_F001;REV025958_F002;REV025960_F001;REV025994_F001;REV025999_F001;REV026005_F001;REV026043_F001;REV026053_F001
Galle Fort Lighthouse,Signage,1,1,0,0,1.0,positive,1,REV025833_F001
Galle Fort Lighthouse,Souvenir shop,4,2,0,2,0.5,positive,4,REV025724_F004;REV025745_F001;REV025789_F001;REV025810_F001
Galle Fort Lighthouse,Steps or stairs,7,2,1,4,0.143,neutral,7,REV025641_F001;REV025656_F001;REV025657_F001;REV025671_F001;REV025685_F001;REV025907_F001;REV025949_F001
Galle Fort Lighthouse,Taxi service,3,1,0,2,0.333,neutral,3,REV025690_F001;REV025861_F002;REV026025_F001
Galle Fort Lighthouse,Toilet,1,0,0,1,0.0,neutral,1,REV025969_F002
Galle Fort Lighthouse,Tuk tuk service,7,0,2,5,-0.286,neutral,7,REV025574_F002;REV025652_F001;REV025663_F001;REV025741_F001;REV025822_F001;REV025861_F002;REV025866_F001
Galway's Land National Park,Accommodation,6,1,1,4,0.0,neutral,5,REV015804_F001;REV015805_F001;REV015805_F002;REV015820_F001;REV015839_F001;REV015853_F001
Galway's Land National Park,Brochure,5,0,1,4,-0.2,neutral,4,REV015814_F003;REV015820_F002;REV015829_F001;REV015839_F005;REV015839_F006
Galway's Land National Park,Drinking water,1,0,0,1,0.0,neutral,1,REV015824_F001
Galway's Land National Park,Entrance fee,28,4,5,19,-0.036,neutral,22,REV015791_F001;REV015791_F002;REV015792_F001;REV015794_F002;REV015794_F005;REV015796_F001;REV015798_F001;REV015800_F001;REV015801_F001;REV015804_F001;REV015807_F001;REV015807_F002;REV015808_F001;REV015810_F001;REV015814_F001;REV015814_F002;REV015816_F001;REV015819_F002;REV015819_F003;REV015821_F001;REV015822_F002;REV015825_F001;REV015827_F001;REV015832_F001;REV015838_F002
Galway's Land National Park,General facilities,3,0,3,0,-1.0,negative,3,REV015820_F003;REV015841_F002;REV015849_F002
Galway's Land National Park,Information board,1,1,0,0,1.0,positive,1,REV015838_F001
Galway's Land National Park,Multilingual information,2,0,0,2,0.0,neutral,2,REV015807_F003;REV015814_F004
Galway's Land National Park,Parking,4,0,1,3,-0.25,neutral,4,REV015794_F001;REV015808_F001;REV015820_F004;REV015834_F001
Galway's Land National Park,Pathway,7,2,1,4,0.143,neutral,7,REV015794_F001;REV015795_F002;REV015822_F001;REV015841_F001;REV015847_F001;REV015849_F001;REV015854_F001
Galway's Land National Park,Rest area,1,0,0,1,0.0,neutral,1,REV015795_F001
Galway's Land National Park,Road access,2,1,0,1,0.5,positive,2,REV015843_F001;REV015846_F001
Galway's Land National Park,Seating,2,0,0,2,0.0,neutral,2,REV015808_F002;REV015854_F002
Galway's Land National Park,Signage,5,1,1,3,0.0,neutral,4,REV015791_F003;REV015796_F002;REV015839_F002;REV015839_F005;REV015846_F001
Galway's Land National Park,Steps or stairs,4,0,1,3,-0.25,neutral,3,REV015794_F003;REV015794_F004;REV015812_F001;REV015820_F005
Galway's Land National Park,Ticket counter,1,0,0,1,0.0,neutral,1,REV015808_F003
Galway's Land National Park,Ticket or receipt,14,2,0,12,0.143,neutral,12,REV015794_F002;REV015805_F002;REV015808_F003;REV015809_F001;REV015809_F002;REV015811_F001;REV015815_F001;REV015826_F001;REV015831_F001;REV015832_F001;REV015833_F001;REV015837_F001;REV015837_F002;REV015843_F002
Galway's Land National Park,Toilet,1,0,1,0,-1.0,negative,1,REV015794_F005
Galway's Land National Park,Tuk tuk service,2,0,1,1,-0.5,neutral,2,REV015819_F001;REV015839_F001
Galway's Land National Park,Visitor centre,1,0,0,1,0.0,neutral,1,REV015807_F003
Gangaramaya Temple,Accommodation,15,5,0,10,0.333,neutral,13,REV001978_F001;REV002022_F002;REV002048_F001;REV002067_F001;REV002170_F001;REV002184_F001;REV002209_F001;REV002217_F001;REV002262_F001;REV002317_F001;REV002403_F002;REV002455_F001;REV002455_F004;REV002456_F001;REV002456_F003
Gangaramaya Temple,Bridge,1,0,0,1,0.0,neutral,1,REV001990_F001
Gangaramaya Temple,Brochure,1,0,0,1,0.0,neutral,1,REV002317_F001
Gangaramaya Temple,Clothing cover service,4,2,1,1,0.25,positive,4,REV002161_F002;REV002182_F001;REV002443_F003;REV002453_F001
Gangaramaya Temple,Donation box,39,10,2,27,0.205,neutral,37,REV001975_F001;REV001986_F001;REV001988_F001;REV002020_F001;REV002043_F001;REV002047_F002;REV002056_F001;REV002056_F002;REV002064_F002;REV002086_F002;REV002119_F001;REV002124_F002;REV002129_F001;REV002133_F001;REV002134_F001;REV002149_F001;REV002153_F002;REV002166_F001;REV002199_F001;REV002250_F002;REV002254_F001;REV002254_F002;REV002278_F001;REV002292_F001;REV002306_F001
Gangaramaya Temple,Entrance fee,88,25,7,56,0.205,neutral,77,REV001977_F001;REV001979_F001;REV001982_F001;REV001985_F001;REV001995_F002;REV001997_F001;REV002008_F001;REV002013_F002;REV002017_F001;REV002022_F001;REV002034_F002;REV002039_F002;REV002041_F001;REV002043_F002;REV002049_F001;REV002054_F002;REV002056_F003;REV002058_F001;REV002064_F001;REV002064_F002;REV002064_F003;REV002064_F004;REV002086_F003;REV002092_F001;REV002092_F002
Gangaramaya Temple,Food stall,1,1,0,0,1.0,positive,1,REV002332_F001
Gangaramaya Temple,General facilities,3,1,0,2,0.333,neutral,3,REV002048_F002;REV002408_F001;REV002424_F001
Gangaramaya Temple,Guide service,17,2,2,13,0.0,neutral,17,REV001996_F001;REV002022_F001;REV002029_F001;REV002033_F001;REV002054_F001;REV002070_F001;REV002096_F001;REV002291_F001;REV002312_F001;REV002335_F001;REV002349_F001;REV002368_F002;REV002399_F001;REV002409_F001;REV002443_F004;REV002455_F002;REV002456_F002
Gangaramaya Temple,Lighting,3,1,0,2,0.333,neutral,3,REV001985_F002;REV001995_F001;REV002375_F001
Gangaramaya Temple,Multilingual information,5,0,1,4,-0.2,neutral,4,REV002111_F001;REV002113_F001;REV002139_F001;REV002139_F002;REV002260_F001
Gangaramaya Temple,Parking,10,5,1,4,0.4,positive,10,REV001990_F002;REV002054_F003;REV002060_F001;REV002078_F001;REV002178_F001;REV002294_F001;REV002311_F001;REV002339_F001;REV002455_F002;REV002456_F002
Gangaramaya Temple,Pathway,1,0,0,1,0.0,neutral,1,REV002457_F002
Gangaramaya Temple,Restaurant,2,0,1,1,-0.5,neutral,2,REV002001_F002;REV002335_F003
Gangaramaya Temple,Road access,1,1,0,0,1.0,positive,1,REV002178_F001
Gangaramaya Temple,Seating,1,1,0,0,1.0,positive,1,REV002012_F001
Gangaramaya Temple,Security,11,2,1,8,0.091,neutral,11,REV002022_F003;REV002056_F002;REV002086_F001;REV002134_F001;REV002170_F002;REV002175_F001;REV002290_F002;REV002386_F001;REV002410_F001;REV002455_F003;REV002457_F001
Gangaramaya Temple,Shade or shelter,2,0,0,2,0.0,neutral,2,REV002040_F001;REV002368_F001
Gangaramaya Temple,Shoe storage,4,1,0,3,0.25,neutral,4,REV001981_F001;REV002249_F001;REV002335_F002;REV002370_F002
Gangaramaya Temple,Shop,7,2,0,5,0.286,neutral,7,REV002001_F001;REV002074_F001;REV002077_F001;REV002134_F002;REV002148_F003;REV002220_F001;REV002456_F003
Gangaramaya Temple,Shower,1,0,0,1,0.0,neutral,1,REV002100_F002
Gangaramaya Temple,Signage,5,1,1,3,0.0,neutral,5,REV001995_F001;REV002028_F001;REV002148_F004;REV002260_F001;REV002273_F001
Gangaramaya Temple,Steps or stairs,3,1,0,2,0.333,neutral,3,REV002047_F001;REV002371_F001;REV002404_F003
Gangaramaya Temple,Taxi service,13,2,1,10,0.077,neutral,13,REV002002_F001;REV002013_F001;REV002030_F002;REV002034_F001;REV002086_F001;REV002185_F001;REV002294_F001;REV002399_F002;REV002400_F001;REV002410_F001;REV002451_F001;REV002455_F003;REV002457_F001
Gangaramaya Temple,Ticket counter,1,0,0,1,0.0,neutral,1,REV002030_F001
Gangaramaya Temple,Ticket or receipt,38,13,5,20,0.211,neutral,36,REV001985_F001;REV001987_F001;REV002030_F001;REV002034_F002;REV002042_F001;REV002049_F001;REV002067_F001;REV002101_F001;REV002112_F001;REV002131_F001;REV002148_F002;REV002163_F001;REV002183_F001;REV002187_F002;REV002189_F001;REV002197_F001;REV002245_F001;REV002271_F001;REV002322_F002;REV002325_F001;REV002328_F001;REV002361_F001;REV002367_F001;REV002374_F001;REV002375_F002
Gangaramaya Temple,Toilet,2,1,0,1,0.5,positive,2,REV002393_F002;REV002457_F002
Gangaramaya Temple,Tuk tuk service,22,5,0,17,0.227,neutral,20,REV001976_F001;REV002002_F001;REV002031_F001;REV002039_F001;REV002050_F001;REV002058_F002;REV002065_F001;REV002067_F001;REV002138_F001;REV002151_F001;REV002153_F001;REV002188_F002;REV002235_F001;REV002239_F001;REV002312_F001;REV002331_F001;REV002396_F001;REV002396_F002;REV002443_F001;REV002455_F001;REV002455_F004;REV002456_F001
Gartmore Falls,Guide service,1,0,0,1,0.0,neutral,1,REV039377_F001
Gartmore Falls,Safety barrier,1,0,0,1,0.0,neutral,1,REV039375_F001
Gartmore Falls,Security,1,0,0,1,0.0,neutral,1,REV039375_F002
Goyambokka Beach,Accommodation,59,22,6,31,0.271,neutral,51,REV026057_F003;REV026063_F001;REV026063_F002;REV026063_F003;REV026075_F001;REV026082_F001;REV026097_F001;REV026103_F002;REV026105_F001;REV026109_F003;REV026118_F002;REV026119_F001;REV026147_F001;REV026153_F001;REV026157_F001;REV026165_F001;REV026167_F001;REV026167_F002;REV026167_F003;REV026168_F001;REV026174_F002;REV026196_F001;REV026200_F002;REV026204_F001;REV026208_F001
Goyambokka Beach,Cafe,21,8,1,12,0.333,neutral,19,REV026149_F001;REV026152_F001;REV026171_F001;REV026212_F001;REV026225_F001;REV026231_F001;REV026235_F001;REV026238_F001;REV026250_F002;REV026261_F001;REV026270_F001;REV026288_F001;REV026295_F001;REV026295_F002;REV026300_F003;REV026303_F001;REV026305_F001;REV026316_F001;REV026322_F001;REV026322_F002;REV026339_F001
Goyambokka Beach,Drinking water,1,1,0,0,1.0,positive,1,REV026313_F001
Goyambokka Beach,Entrance fee,22,4,5,13,-0.045,neutral,19,REV026068_F002;REV026099_F002;REV026109_F004;REV026109_F005;REV026122_F001;REV026167_F002;REV026170_F001;REV026180_F001;REV026182_F002;REV026228_F004;REV026233_F004;REV026233_F005;REV026234_F002;REV026250_F001;REV026255_F001;REV026264_F001;REV026264_F002;REV026283_F001;REV026311_F001;REV026318_F002;REV026319_F001;REV026334_F001
Goyambokka Beach,Food stall,7,3,1,3,0.286,positive,5,REV026071_F002;REV026076_F001;REV026231_F001;REV026273_F001;REV026273_F002;REV026273_F003;REV026305_F003
Goyambokka Beach,General facilities,3,0,0,3,0.0,neutral,3,REV026182_F001;REV026199_F001;REV026234_F001
Goyambokka Beach,Guide service,2,1,0,1,0.5,positive,2,REV026065_F001;REV026224_F001
Goyambokka Beach,Life jacket,1,0,0,1,0.0,neutral,1,REV026161_F001
Goyambokka Beach,Lifeguard service,1,1,0,0,1.0,positive,1,REV026068_F003
Goyambokka Beach,Pathway,1,0,0,1,0.0,neutral,1,REV026167_F003
Goyambokka Beach,Restaurant,135,57,19,59,0.281,neutral,117,REV026056_F001;REV026057_F001;REV026057_F002;REV026061_F001;REV026061_F002;REV026064_F001;REV026064_F002;REV026067_F001;REV026068_F001;REV026070_F001;REV026071_F001;REV026072_F001;REV026076_F001;REV026078_F001;REV026079_F001;REV026080_F001;REV026086_F001;REV026087_F001;REV026088_F001;REV026089_F001;REV026091_F001;REV026092_F001;REV026093_F001;REV026094_F001;REV026095_F001
Goyambokka Beach,Road access,1,1,0,0,1.0,positive,1,REV026275_F002
Goyambokka Beach,Safety barrier,2,0,1,1,-0.5,neutral,2,REV026098_F002;REV026141_F002
Goyambokka Beach,Seating,3,3,0,0,1.0,positive,3,REV026074_F001;REV026075_F002;REV026201_F001
Goyambokka Beach,Security,1,1,0,0,1.0,positive,1,REV026068_F003
Goyambokka Beach,Shade or shelter,15,6,1,8,0.333,neutral,15,REV026075_F002;REV026133_F001;REV026158_F001;REV026161_F002;REV026163_F001;REV026167_F002;REV026180_F002;REV026209_F001;REV026214_F001;REV026221_F001;REV026222_F001;REV026233_F002;REV026266_F002;REV026290_F001;REV026350_F002
Goyambokka Beach,Shop,2,0,1,1,-0.5,neutral,2,REV026097_F002;REV026109_F002
Goyambokka Beach,Shower,1,0,1,0,-1.0,negative,1,REV026234_F002
Goyambokka Beach,Signage,1,0,1,0,-1.0,negative,1,REV026332_F001
Goyambokka Beach,Steps or stairs,1,1,0,0,1.0,positive,1,REV026167_F002
Goyambokka Beach,Taxi service,16,6,0,10,0.375,neutral,14,REV026103_F002;REV026109_F003;REV026196_F001;REV026204_F001;REV026208_F001;REV026208_F002;REV026208_F004;REV026239_F002;REV026252_F002;REV026258_F001;REV026286_F001;REV026300_F002;REV026315_F001;REV026331_F001;REV026339_F001;REV026346_F001
Goyambokka Beach,Toilet,11,0,8,3,-0.727,negative,9,REV026098_F002;REV026107_F001;REV026134_F001;REV026137_F001;REV026137_F002;REV026174_F001;REV026174_F002;REV026182_F003;REV026205_F001;REV026231_F002;REV026349_F002
Goyambokka Beach,Tuk tuk service,16,6,2,8,0.25,neutral,15,REV026090_F001;REV026109_F005;REV026119_F002;REV026174_F002;REV026182_F002;REV026191_F001;REV026194_F001;REV026250_F001;REV026270_F001;REV026270_F002;REV026283_F001;REV026285_F001;REV026303_F002;REV026307_F001;REV026311_F001;REV026332_F002
Gregory Lake,Accessibility ramp,1,0,0,1,0.0,neutral,1,REV016342_F001
Gregory Lake,Accommodation,15,5,1,9,0.267,neutral,14,REV015862_F001;REV015862_F002;REV015888_F001;REV015913_F001;REV015971_F001;REV016021_F004;REV016061_F001;REV016109_F001;REV016110_F001;REV016116_F001;REV016163_F001;REV016177_F001;REV016250_F001;REV016305_F001;REV016314_F002
Gregory Lake,Bike rental,1,0,1,0,-1.0,negative,1,REV016174_F005
Gregory Lake,Boardwalk,1,1,0,0,1.0,positive,1,REV015910_F001
Gregory Lake,Boat rental,4,0,0,4,0.0,neutral,4,REV016047_F001;REV016180_F001;REV016262_F001;REV016315_F001
Gregory Lake,Boat service,181,52,13,116,0.215,neutral,146,REV015857_F001;REV015859_F001;REV015860_F001;REV015865_F001;REV015867_F001;REV015868_F001;REV015876_F001;REV015877_F001;REV015878_F001;REV015878_F002;REV015879_F001;REV015880_F001;REV015881_F001;REV015883_F001;REV015886_F001;REV015886_F002;REV015889_F001;REV015894_F001;REV015896_F003;REV015899_F001;REV015901_F001;REV015906_F001;REV015919_F001;REV015925_F001;REV015925_F002
Gregory Lake,Bridge,4,1,0,3,0.25,neutral,4,REV015900_F005;REV016006_F002;REV016174_F004;REV016245_F002
Gregory Lake,Cafe,11,3,1,7,0.182,neutral,10,REV015906_F001;REV015915_F001;REV016002_F001;REV016003_F002;REV016088_F001;REV016155_F002;REV016155_F003;REV016162_F001;REV016183_F001;REV016265_F002;REV016300_F001
Gregory Lake,Changing room,1,0,1,0,-1.0,negative,1,REV015866_F001
Gregory Lake,Entrance fee,117,26,12,79,0.12,neutral,94,REV015867_F002;REV015870_F001;REV015872_F002;REV015887_F001;REV015893_F002;REV015894_F002;REV015896_F001;REV015900_F002;REV015902_F001;REV015913_F001;REV015918_F001;REV015922_F002;REV015927_F002;REV015933_F001;REV015939_F001;REV015952_F001;REV015957_F001;REV015958_F002;REV015962_F001;REV015962_F002;REV015964_F001;REV015964_F002;REV015965_F002;REV015967_F001;REV015968_F001
Gregory Lake,Food stall,34,9,1,24,0.235,neutral,34,REV015871_F001;REV015877_F002;REV015907_F001;REV015922_F001;REV015926_F001;REV015942_F003;REV015949_F001;REV015962_F005;REV015965_F001;REV016018_F002;REV016021_F003;REV016045_F001;REV016048_F002;REV016052_F001;REV016053_F003;REV016059_F001;REV016073_F001;REV016088_F001;REV016094_F001;REV016112_F001;REV016121_F002;REV016136_F001;REV016162_F001;REV016164_F002;REV016167_F001
Gregory Lake,General facilities,9,4,1,4,0.333,positive,8,REV016010_F001;REV016103_F001;REV016103_F002;REV016155_F001;REV016163_F002;REV016196_F001;REV016320_F001;REV016344_F001;REV016348_F001
Gregory Lake,Guide service,1,0,0,1,0.0,neutral,1,REV016235_F001
Gregory Lake,Information board,1,0,0,1,0.0,neutral,1,REV015872_F001
Gregory Lake,Life jacket,5,2,0,3,0.4,neutral,5,REV016004_F003;REV016006_F001;REV016015_F001;REV016148_F001;REV016202_F004
Gregory Lake,Lifeguard service,1,1,0,0,1.0,positive,1,REV016202_F004
Gregory Lake,Multilingual information,1,0,0,1,0.0,neutral,1,REV016341_F003
Gregory Lake,Parking,26,4,3,19,0.038,neutral,24,REV015885_F001;REV015892_F001;REV015902_F001;REV015925_F002;REV015938_F001;REV015962_F001;REV015980_F001;REV015986_F001;REV016003_F001;REV016019_F001;REV016019_F002;REV016021_F001;REV016025_F002;REV016044_F001;REV016052_F001;REV016053_F002;REV016053_F005;REV016059_F002;REV016093_F003;REV016102_F001;REV016150_F006;REV016153_F003;REV016154_F001;REV016181_F001;REV016192_F001
Gregory Lake,Pathway,23,10,0,13,0.435,neutral,22,REV015877_F002;REV015900_F001;REV015917_F001;REV015926_F001;REV015939_F002;REV015939_F003;REV015942_F001;REV015956_F001;REV015967_F001;REV015982_F001;REV015992_F002;REV015997_F001;REV016048_F002;REV016053_F006;REV016075_F001;REV016143_F001;REV016159_F001;REV016172_F001;REV016207_F001;REV016224_F001;REV016240_F003;REV016243_F001;REV016281_F003
Gregory Lake,Public transport access,1,1,0,0,1.0,positive,1,REV016121_F003
Gregory Lake,Rest area,1,0,0,1,0.0,neutral,1,REV015869_F001
Gregory Lake,Restaurant,32,12,1,19,0.344,neutral,30,REV015897_F001;REV015923_F001;REV015939_F003;REV015966_F001;REV015971_F004;REV016002_F001;REV016020_F002;REV016021_F001;REV016021_F002;REV016053_F004;REV016059_F001;REV016113_F001;REV016116_F001;REV016150_F007;REV016153_F002;REV016153_F004;REV016163_F003;REV016171_F001;REV016199_F001;REV016204_F002;REV016216_F001;REV016228_F001;REV016250_F001;REV016268_F001;REV016299_F001
Gregory Lake,Safety barrier,3,0,0,3,0.0,neutral,3,REV015866_F002;REV015900_F004;REV016109_F003
Gregory Lake,Seating,7,3,0,4,0.429,neutral,6,REV015865_F002;REV015893_F001;REV015896_F002;REV016061_F003;REV016118_F001;REV016118_F002;REV016289_F002
Gregory Lake,Security,5,2,0,3,0.4,neutral,4,REV016114_F004;REV016145_F002;REV016174_F001;REV016174_F008;REV016202_F004
Gregory Lake,Shade or shelter,5,3,0,2,0.6,positive,5,REV015874_F001;REV015915_F001;REV016032_F001;REV016118_F002;REV016250_F002
Gregory Lake,Shop,16,6,2,8,0.25,neutral,16,REV015902_F002;REV015906_F001;REV015915_F001;REV015916_F001;REV015922_F001;REV015945_F001;REV016002_F001;REV016003_F002;REV016007_F001;REV016025_F003;REV016044_F001;REV016079_F002;REV016172_F001;REV016212_F001;REV016265_F002;REV016300_F001
Gregory Lake,Signage,2,0,1,1,-0.5,neutral,2,REV015900_F003;REV016156_F002
Gregory Lake,Steps or stairs,1,0,0,1,0.0,neutral,1,REV015858_F003
Gregory Lake,Taxi service,2,2,0,0,1.0,positive,2,REV015966_F001;REV016116_F001
Gregory Lake,Ticket counter,2,0,2,0,-1.0,negative,2,REV016156_F002;REV016174_F007
Gregory Lake,Ticket or receipt,38,6,8,24,-0.053,neutral,31,REV015893_F003;REV015893_F004;REV015900_F005;REV015902_F001;REV015941_F001;REV015944_F001;REV015956_F002;REV015968_F001;REV016013_F001;REV016025_F002;REV016038_F003;REV016114_F002;REV016145_F002;REV016156_F001;REV016156_F002;REV016157_F001;REV016174_F001;REV016174_F005;REV016174_F006;REV016174_F007;REV016174_F008;REV016188_F002;REV016204_F001;REV016223_F001;REV016237_F001
Gregory Lake,Toilet,7,2,0,5,0.286,neutral,6,REV015858_F001;REV015858_F002;REV015962_F005;REV016006_F003;REV016041_F001;REV016161_F002;REV016342_F003
Gregory Lake,Train service,1,0,0,1,0.0,neutral,1,REV016061_F002
Gregory Lake,Tuk tuk service,1,0,1,0,-1.0,negative,1,REV015870_F002
Hakgala Botanic Gardens,Accessibility ramp,1,0,0,1,0.0,neutral,1,REV016853_F001
Hakgala Botanic Gardens,Accommodation,5,3,0,2,0.6,positive,5,REV016442_F002;REV016446_F001;REV016471_F001;REV016534_F001;REV016679_F002
Hakgala Botanic Gardens,Bridge,5,0,0,5,0.0,neutral,5,REV016463_F001;REV016564_F001;REV016724_F001;REV016799_F002;REV016834_F002
Hakgala Botanic Gardens,Brochure,17,5,3,9,0.118,neutral,13,REV016427_F002;REV016502_F001;REV016502_F002;REV016508_F002;REV016577_F001;REV016597_F003;REV016597_F004;REV016688_F002;REV016715_F001;REV016744_F001;REV016744_F003;REV016744_F004;REV016753_F002;REV016783_F001;REV016799_F001;REV016808_F001;REV016834_F001
Hakgala Botanic Gardens,Cafe,9,3,2,4,0.111,neutral,9,REV016423_F001;REV016465_F001;REV016521_F003;REV016547_F002;REV016671_F002;REV016751_F001;REV016834_F003;REV016838_F001;REV016842_F002
Hakgala Botanic Gardens,Clothing cover service,1,0,0,1,0.0,neutral,1,REV016623_F001
Hakgala Botanic Gardens,Entrance fee,102,19,21,62,-0.02,neutral,81,REV016357_F001;REV016358_F001;REV016380_F001;REV016386_F001;REV016386_F002;REV016387_F001;REV016390_F001;REV016390_F002;REV016392_F001;REV016395_F001;REV016405_F001;REV016407_F001;REV016420_F001;REV016422_F002;REV016423_F001;REV016425_F001;REV016428_F001;REV016442_F001;REV016444_F002;REV016448_F001;REV016448_F002;REV016450_F001;REV016472_F001;REV016479_F001;REV016479_F002
Hakgala Botanic Gardens,Food stall,7,3,1,3,0.286,positive,7,REV016427_F003;REV016547_F002;REV016598_F003;REV016708_F001;REV016746_F001;REV016771_F002;REV016838_F001
Hakgala Botanic Gardens,General facilities,8,0,0,8,0.0,neutral,7,REV016521_F002;REV016569_F001;REV016572_F002;REV016787_F001;REV016787_F002;REV016798_F001;REV016838_F002;REV016852_F001
Hakgala Botanic Gardens,Guide service,5,4,0,1,0.8,positive,5,REV016443_F001;REV016467_F001;REV016547_F001;REV016630_F003;REV016645_F001
Hakgala Botanic Gardens,Parking,15,1,2,12,-0.067,neutral,10,REV016394_F002;REV016440_F001;REV016544_F001;REV016545_F001;REV016547_F003;REV016547_F004;REV016627_F002;REV016627_F003;REV016627_F004;REV016627_F005;REV016637_F001;REV016637_F003;REV016691_F002;REV016773_F003;REV016842_F001
Hakgala Botanic Gardens,Pathway,16,8,3,5,0.312,positive,16,REV016373_F001;REV016394_F001;REV016466_F001;REV016521_F001;REV016588_F001;REV016628_F001;REV016656_F002;REV016679_F001;REV016689_F001;REV016721_F001;REV016727_F001;REV016754_F001;REV016759_F001;REV016780_F001;REV016802_F001;REV016825_F001
Hakgala Botanic Gardens,Public transport access,2,2,0,0,1.0,positive,2,REV016427_F001;REV016773_F003
Hakgala Botanic Gardens,Restaurant,2,1,1,0,0.0,positive,2,REV016805_F001;REV016826_F004
Hakgala Botanic Gardens,Seating,3,2,1,0,0.333,positive,3,REV016459_F001;REV016519_F001;REV016629_F001
Hakgala Botanic Gardens,Security,2,1,0,1,0.5,positive,2,REV016620_F001;REV016768_F001
Hakgala Botanic Gardens,Shade or shelter,4,3,0,1,0.75,positive,4,REV016515_F001;REV016527_F001;REV016671_F001;REV016710_F001
Hakgala Botanic Gardens,Shop,7,0,1,6,-0.143,neutral,7,REV016451_F001;REV016522_F002;REV016596_F001;REV016704_F002;REV016751_F001;REV016826_F004;REV016839_F001
Hakgala Botanic Gardens,Signage,12,4,1,7,0.25,neutral,12,REV016384_F001;REV016402_F001;REV016520_F001;REV016577_F002;REV016598_F002;REV016603_F002;REV016660_F001;REV016685_F001;REV016743_F001;REV016744_F004;REV016789_F001;REV016814_F001
Hakgala Botanic Gardens,Steps or stairs,4,1,2,1,-0.25,negative,4,REV016483_F001;REV016729_F001;REV016771_F001;REV016782_F001
Hakgala Botanic Gardens,Taxi service,6,2,1,3,0.167,neutral,6,REV016422_F001;REV016596_F002;REV016702_F001;REV016766_F001;REV016773_F003;REV016808_F002
Hakgala Botanic Gardens,Ticket counter,4,0,3,1,-0.75,negative,3,REV016432_F001;REV016432_F002;REV016488_F001;REV016627_F001
Hakgala Botanic Gardens,Ticket or receipt,47,12,12,23,0.0,neutral,39,REV016380_F001;REV016380_F002;REV016389_F001;REV016389_F002;REV016404_F001;REV016422_F002;REV016432_F001;REV016432_F002;REV016440_F002;REV016444_F001;REV016459_F001;REV016460_F001;REV016465_F002;REV016466_F004;REV016466_F005;REV016479_F001;REV016487_F001;REV016488_F001;REV016512_F002;REV016536_F002;REV016584_F001;REV016597_F001;REV016597_F002;REV016598_F001;REV016600_F001
Hakgala Botanic Gardens,Toilet,12,2,4,6,-0.167,neutral,12,REV016362_F001;REV016410_F001;REV016466_F006;REV016524_F001;REV016545_F002;REV016577_F003;REV016632_F001;REV016805_F001;REV016812_F001;REV016818_F001;REV016828_F002;REV016833_F001
Hakgala Botanic Gardens,Tuk tuk service,4,0,1,3,-0.25,neutral,4,REV016477_F001;REV016532_F001;REV016695_F002;REV016808_F002
Hakgala Botanic Gardens,Waste bins,3,0,1,2,-0.333,neutral,2,REV016466_F002;REV016466_F003;REV016829_F001
Handunugoda Tea Estate,Accessibility ramp,1,0,1,0,-1.0,negative,1,REV026823_F001
Handunugoda Tea Estate,Accommodation,21,7,0,14,0.333,neutral,19,REV026367_F001;REV026383_F001;REV026403_F001;REV026417_F001;REV026432_F001;REV026506_F001;REV026532_F001;REV026532_F002;REV026545_F001;REV026565_F001;REV026585_F001;REV026598_F001;REV026650_F002;REV026708_F002;REV026737_F001;REV026748_F003;REV026767_F001;REV026814_F001;REV026814_F002;REV026819_F001;REV026822_F001
Handunugoda Tea Estate,Brochure,4,1,0,3,0.25,neutral,4,REV026714_F001;REV026718_F002;REV026808_F001;REV026810_F001
Handunugoda Tea Estate,Cafe,12,5,2,5,0.25,positive,12,REV026418_F001;REV026447_F001;REV026452_F002;REV026454_F001;REV026570_F001;REV026574_F001;REV026620_F001;REV026632_F001;REV026718_F001;REV026765_F001;REV026805_F001;REV026825_F001
Handunugoda Tea Estate,Donation box,26,7,8,11,-0.038,neutral,25,REV026376_F001;REV026425_F002;REV026448_F001;REV026449_F002;REV026453_F001;REV026453_F002;REV026472_F002;REV026483_F002;REV026527_F002;REV026566_F001;REV026574_F002;REV026586_F002;REV026612_F003;REV026619_F002;REV026624_F001;REV026630_F001;REV026651_F002;REV026659_F002;REV026724_F003;REV026734_F004;REV026743_F002;REV026745_F002;REV026757_F002;REV026808_F003;REV026819_F003
Handunugoda Tea Estate,Entrance fee,32,11,9,12,0.062,neutral,30,REV026364_F001;REV026371_F001;REV026376_F001;REV026386_F002;REV026390_F001;REV026411_F001;REV026478_F001;REV026490_F001;REV026527_F002;REV026532_F003;REV026535_F001;REV026548_F001;REV026556_F001;REV026610_F001;REV026614_F001;REV026625_F002;REV026638_F004;REV026651_F002;REV026652_F001;REV026672_F001;REV026684_F001;REV026715_F002;REV026727_F001;REV026727_F002;REV026756_F001
Handunugoda Tea Estate,Food stall,2,0,2,0,-1.0,negative,2,REV026728_F001;REV026802_F001
Handunugoda Tea Estate,General facilities,7,1,0,6,0.143,neutral,7,REV026383_F002;REV026410_F001;REV026438_F002;REV026502_F001;REV026607_F001;REV026628_F001;REV026762_F001
Handunugoda Tea Estate,Guide service,136,71,11,54,0.441,positive,130,REV026351_F001;REV026354_F001;REV026360_F001;REV026362_F001;REV026372_F001;REV026375_F001;REV026379_F001;REV026381_F001;REV026389_F001;REV026396_F001;REV026401_F001;REV026402_F001;REV026408_F001;REV026412_F001;REV026413_F001;REV026417_F002;REV026421_F001;REV026425_F001;REV026426_F001;REV026429_F003;REV026429_F004;REV026433_F001;REV026436_F001;REV026437_F001;REV026438_F001
Handunugoda Tea Estate,Multilingual information,2,1,0,1,0.5,positive,2,REV026538_F002;REV026720_F002
Handunugoda Tea Estate,Parking,1,0,0,1,0.0,neutral,1,REV026767_F002
Handunugoda Tea Estate,Restaurant,1,0,1,0,-1.0,negative,1,REV026756_F001
Handunugoda Tea Estate,Road access,2,0,0,2,0.0,neutral,2,REV026503_F001;REV026711_F001
Handunugoda Tea Estate,Safety barrier,2,1,0,1,0.5,positive,2,REV026689_F001;REV026720_F003
Handunugoda Tea Estate,Seating,1,1,0,0,1.0,positive,1,REV026732_F002
Handunugoda Tea Estate,Shade or shelter,2,1,0,1,0.5,positive,2,REV026469_F001;REV026639_F001
Handunugoda Tea Estate,Shop,97,33,29,35,0.041,neutral,91,REV026352_F001;REV026384_F001;REV026385_F001;REV026386_F001;REV026386_F002;REV026395_F001;REV026412_F002;REV026413_F001;REV026418_F001;REV026419_F001;REV026422_F002;REV026425_F002;REV026429_F001;REV026429_F002;REV026432_F001;REV026436_F001;REV026443_F001;REV026444_F001;REV026446_F002;REV026448_F001;REV026453_F002;REV026454_F001;REV026460_F001;REV026461_F001;REV026463_F001
Handunugoda Tea Estate,Signage,3,1,1,1,0.0,positive,3,REV026574_F002;REV026741_F001;REV026742_F001
Handunugoda Tea Estate,Souvenir shop,21,7,5,9,0.095,neutral,20,REV026411_F001;REV026437_F001;REV026457_F001;REV026461_F002;REV026474_F001;REV026483_F001;REV026492_F002;REV026493_F002;REV026535_F001;REV026548_F001;REV026572_F002;REV026572_F003;REV026586_F001;REV026636_F001;REV026649_F002;REV026670_F002;REV026688_F001;REV026720_F004;REV026757_F002;REV026758_F001;REV026804_F001
Handunugoda Tea Estate,Steps or stairs,1,1,0,0,1.0,positive,1,REV026734_F003
Handunugoda Tea Estate,Taxi service,4,0,1,3,-0.25,neutral,4,REV026429_F004;REV026446_F001;REV026492_F001;REV026740_F002
Handunugoda Tea Estate,Ticket or receipt,4,2,2,0,0.0,positive,4,REV026360_F002;REV026376_F001;REV026445_F001;REV026723_F001
Handunugoda Tea Estate,Toilet,4,3,0,1,0.75,positive,3,REV026566_F001;REV026803_F001;REV026803_F002;REV026814_F004
Handunugoda Tea Estate,Train service,1,1,0,0,1.0,positive,1,REV026612_F001
Handunugoda Tea Estate,Tuk tuk service,54,24,5,25,0.352,neutral,52,REV026383_F001;REV026403_F001;REV026422_F001;REV026430_F001;REV026451_F001;REV026452_F001;REV026462_F001;REV026464_F001;REV026478_F001;REV026486_F001;REV026487_F001;REV026512_F001;REV026527_F001;REV026535_F001;REV026549_F001;REV026556_F001;REV026561_F001;REV026579_F001;REV026581_F001;REV026582_F001;REV026598_F001;REV026611_F001;REV026612_F001;REV026631_F001;REV026637_F001
Henerathgoda Botanical Garden,Boat service,5,2,0,3,0.4,neutral,5,REV002480_F003;REV002485_F001;REV002490_F001;REV002496_F001;REV002507_F001
Henerathgoda Botanical Garden,Brochure,1,0,0,1,0.0,neutral,1,REV002494_F001
Henerathgoda Botanical Garden,Cafe,1,0,1,0,-1.0,negative,1,REV002482_F001
Henerathgoda Botanical Garden,Entrance fee,3,0,0,3,0.0,neutral,3,REV002478_F001;REV002496_F002;REV002500_F002
Henerathgoda Botanical Garden,Food stall,1,1,0,0,1.0,positive,1,REV002507_F001
Henerathgoda Botanical Garden,General facilities,1,1,0,0,1.0,positive,1,REV002476_F001
Henerathgoda Botanical Garden,Guide service,1,1,0,0,1.0,positive,1,REV002483_F001
Henerathgoda Botanical Garden,Parking,6,2,0,4,0.333,neutral,6,REV002480_F001;REV002481_F001;REV002482_F002;REV002497_F001;REV002498_F001;REV002500_F001
Henerathgoda Botanical Garden,Restaurant,1,0,0,1,0.0,neutral,1,REV002480_F002
Henerathgoda Botanical Garden,Security,5,0,1,4,-0.2,neutral,3,REV002478_F001;REV002497_F001;REV002500_F001;REV002500_F003;REV002500_F004
Henerathgoda Botanical Garden,Ticket or receipt,2,0,0,2,0.0,neutral,2,REV002478_F001;REV002497_F002
Henerathgoda Botanical Garden,Train service,1,0,0,1,0.0,neutral,1,REV002491_F001
Hikkaduwa Beach,Accessibility ramp,1,0,0,1,0.0,neutral,1,REV027267_F001
Hikkaduwa Beach,Accommodation,138,42,20,76,0.159,neutral,116,REV026835_F001;REV026835_F002;REV026835_F003;REV026839_F001;REV026839_F002;REV026842_F001;REV026843_F001;REV026844_F001;REV026847_F001;REV026866_F001;REV026869_F001;REV026881_F001;REV026887_F001;REV026916_F001;REV026918_F001;REV026923_F002;REV026925_F001;REV026926_F001;REV026937_F001;REV026967_F001;REV026975_F001;REV026986_F001;REV026989_F001;REV026989_F003;REV026995_F001
Hikkaduwa Beach,Boat service,20,3,2,15,0.05,neutral,19,REV026901_F001;REV026989_F003;REV027004_F001;REV027045_F001;REV027077_F001;REV027104_F001;REV027109_F002;REV027149_F001;REV027160_F001;REV027160_F002;REV027177_F001;REV027183_F001;REV027190_F002;REV027191_F001;REV027212_F002;REV027264_F003;REV027288_F001;REV027361_F001;REV027393_F001;REV027416_F001
Hikkaduwa Beach,Bridge,1,0,0,1,0.0,neutral,1,REV027206_F004
Hikkaduwa Beach,Brochure,2,0,0,2,0.0,neutral,2,REV026995_F002;REV027196_F001
Hikkaduwa Beach,Cafe,20,9,4,7,0.25,positive,20,REV026832_F001;REV026839_F001;REV026851_F001;REV026862_F001;REV026890_F001;REV026922_F001;REV026955_F001;REV026975_F002;REV027000_F005;REV027025_F001;REV027044_F003;REV027066_F001;REV027068_F001;REV027075_F001;REV027085_F001;REV027095_F001;REV027133_F001;REV027143_F001;REV027186_F001;REV027200_F001
Hikkaduwa Beach,Changing room,1,1,0,0,1.0,positive,1,REV026961_F001
Hikkaduwa Beach,Clothing cover service,1,1,0,0,1.0,positive,1,REV027275_F002
Hikkaduwa Beach,Donation box,1,0,0,1,0.0,neutral,1,REV027331_F002
Hikkaduwa Beach,Entrance fee,17,5,1,11,0.235,neutral,15,REV026843_F001;REV026887_F002;REV026921_F001;REV027026_F001;REV027026_F004;REV027062_F003;REV027076_F002;REV027084_F001;REV027182_F001;REV027193_F002;REV027209_F001;REV027221_F002;REV027230_F002;REV027230_F003;REV027340_F005;REV027349_F001;REV027405_F002
Hikkaduwa Beach,Food stall,3,0,0,3,0.0,neutral,3,REV026986_F001;REV027000_F002;REV027069_F001
Hikkaduwa Beach,General facilities,2,0,0,2,0.0,neutral,2,REV026906_F001;REV027264_F001
Hikkaduwa Beach,Guide service,3,1,0,2,0.333,neutral,3,REV027108_F001;REV027160_F001;REV027202_F001
Hikkaduwa Beach,Life jacket,3,1,0,2,0.333,neutral,3,REV027076_F001;REV027173_F001;REV027216_F001
Hikkaduwa Beach,Lifeguard service,14,2,3,9,-0.071,neutral,10,REV027060_F001;REV027074_F001;REV027076_F001;REV027154_F002;REV027173_F002;REV027340_F001;REV027340_F002;REV027340_F003;REV027340_F004;REV027340_F006;REV027387_F001;REV027389_F001;REV027395_F001;REV027405_F001
Hikkaduwa Beach,Multilingual information,1,0,0,1,0.0,neutral,1,REV026889_F001
Hikkaduwa Beach,Parking,2,1,0,1,0.5,positive,2,REV026898_F001;REV027000_F003
Hikkaduwa Beach,Pathway,1,0,0,1,0.0,neutral,1,REV027206_F003
Hikkaduwa Beach,Public transport access,5,2,0,3,0.4,neutral,4,REV026967_F002;REV027026_F003;REV027206_F001;REV027296_F002;REV027296_F004
Hikkaduwa Beach,Restaurant,173,80,14,79,0.382,positive,153,REV026832_F001;REV026839_F001;REV026864_F001;REV026867_F001;REV026874_F001;REV026879_F001;REV026881_F001;REV026886_F001;REV026894_F001;REV026907_F001;REV026914_F001;REV026917_F001;REV026922_F001;REV026923_F001;REV026925_F001;REV026926_F001;REV026929_F001;REV026931_F001;REV026946_F001;REV026948_F001;REV026954_F001;REV026955_F001;REV026959_F001;REV026960_F001;REV026967_F001
Hikkaduwa Beach,Road access,3,1,1,1,0.0,positive,3,REV027069_F001;REV027140_F001;REV027349_F001
Hikkaduwa Beach,Safety barrier,2,1,0,1,0.5,positive,2,REV027206_F004;REV027388_F001
Hikkaduwa Beach,Security,20,2,6,12,-0.2,neutral,14,REV026930_F001;REV026930_F002;REV026930_F003;REV027060_F001;REV027074_F001;REV027076_F001;REV027147_F003;REV027154_F002;REV027155_F001;REV027173_F002;REV027340_F001;REV027340_F002;REV027340_F003;REV027340_F004;REV027340_F006;REV027352_F001;REV027387_F001;REV027389_F001;REV027395_F001;REV027405_F001
Hikkaduwa Beach,Shade or shelter,16,7,1,8,0.375,neutral,15,REV026843_F001;REV026975_F003;REV026977_F001;REV026989_F002;REV027000_F005;REV027032_F001;REV027044_F001;REV027044_F002;REV027047_F001;REV027062_F002;REV027153_F002;REV027154_F002;REV027234_F001;REV027287_F001;REV027336_F001;REV027346_F001
Hikkaduwa Beach,Shop,27,12,3,12,0.333,positive,23,REV026856_F002;REV026917_F002;REV026926_F001;REV026975_F002;REV027015_F001;REV027020_F001;REV027033_F001;REV027059_F001;REV027112_F001;REV027121_F002;REV027130_F001;REV027163_F001;REV027185_F003;REV027206_F002;REV027206_F003;REV027207_F002;REV027264_F002;REV027278_F003;REV027285_F001;REV027296_F004;REV027296_F009;REV027296_F010;REV027296_F011;REV027300_F002;REV027305_F001
Hikkaduwa Beach,Shower,7,0,4,3,-0.571,negative,7,REV026999_F001;REV027026_F005;REV027046_F002;REV027056_F001;REV027212_F004;REV027244_F001;REV027300_F001
Hikkaduwa Beach,Signage,11,3,3,5,0.0,neutral,11,REV026856_F001;REV026866_F002;REV026868_F001;REV026885_F001;REV026952_F001;REV026985_F001;REV027105_F001;REV027159_F001;REV027161_F001;REV027190_F003;REV027215_F001
Hikkaduwa Beach,Snorkelling equipment rental,7,4,0,3,0.571,positive,7,REV026860_F001;REV026921_F001;REV026937_F002;REV027151_F001;REV027173_F001;REV027207_F001;REV027275_F001
Hikkaduwa Beach,Souvenir shop,4,0,0,4,0.0,neutral,4,REV026948_F001;REV026972_F001;REV027152_F004;REV027251_F002
Hikkaduwa Beach,Steps or stairs,4,0,0,4,0.0,neutral,4,REV026917_F002;REV027147_F005;REV027185_F002;REV027206_F004
Hikkaduwa Beach,Taxi service,3,1,0,2,0.333,neutral,3,REV027026_F001;REV027029_F001;REV027193_F001
Hikkaduwa Beach,Ticket or receipt,2,0,1,1,-0.5,neutral,2,REV027190_F002;REV027209_F001
Hikkaduwa Beach,Toilet,4,1,2,1,-0.25,negative,4,REV026961_F001;REV027046_F002;REV027212_F004;REV027244_F001
Hikkaduwa Beach,Towel service,4,0,1,3,-0.25,neutral,3,REV026835_F004;REV027077_F002;REV027296_F002;REV027296_F003
Hikkaduwa Beach,Train service,4,3,0,1,0.75,positive,4,REV027000_F001;REV027012_F001;REV027026_F001;REV027033_F002
Hikkaduwa Beach,Tuk tuk service,14,3,0,11,0.214,neutral,12,REV027147_F007;REV027148_F001;REV027185_F001;REV027206_F003;REV027209_F001;REV027228_F001;REV027230_F003;REV027263_F001;REV027265_F001;REV027296_F006;REV027296_F007;REV027298_F001;REV027378_F002;REV027378_F003
Hikkaduwa Beach,Waste bins,1,0,1,0,-1.0,negative,1,REV026999_F001
Hiriketiya Beach,Accessibility ramp,1,0,0,1,0.0,neutral,1,REV027479_F001
Hiriketiya Beach,Accommodation,25,8,3,14,0.2,neutral,23,REV027433_F001;REV027443_F001;REV027446_F001;REV027449_F001;REV027455_F001;REV027462_F001;REV027467_F003;REV027469_F001;REV027471_F001;REV027475_F001;REV027478_F001;REV027478_F003;REV027484_F001;REV027498_F004;REV027499_F001;REV027499_F002;REV027501_F001;REV027502_F001;REV027505_F001;REV027522_F001;REV027523_F001;REV027525_F002;REV027537_F001;REV027539_F001;REV027548_F004
Hiriketiya Beach,Brochure,2,0,1,1,-0.5,neutral,2,REV027498_F001;REV027535_F001
Hiriketiya Beach,Cafe,9,2,0,7,0.222,neutral,8,REV027430_F001;REV027467_F001;REV027467_F002;REV027473_F001;REV027478_F002;REV027497_F001;REV027513_F001;REV027546_F001;REV027548_F002
Hiriketiya Beach,Entrance fee,6,3,1,2,0.333,positive,6,REV027431_F002;REV027455_F003;REV027477_F003;REV027495_F001;REV027509_F001;REV027548_F003
Hiriketiya Beach,General facilities,2,1,0,1,0.5,positive,2,REV027453_F001;REV027459_F001
Hiriketiya Beach,Lifeguard service,1,0,0,1,0.0,neutral,1,REV027488_F001
Hiriketiya Beach,Parking,2,0,1,1,-0.5,neutral,1,REV027498_F005;REV027498_F006
Hiriketiya Beach,Restaurant,48,19,2,27,0.354,neutral,44,REV027427_F001;REV027427_F002;REV027437_F001;REV027441_F001;REV027443_F001;REV027444_F001;REV027447_F001;REV027455_F002;REV027457_F001;REV027458_F001;REV027462_F001;REV027464_F001;REV027466_F001;REV027467_F001;REV027467_F002;REV027468_F001;REV027469_F002;REV027471_F001;REV027472_F001;REV027473_F001;REV027474_F001;REV027475_F001;REV027477_F003;REV027478_F002;REV027486_F001
Hiriketiya Beach,Road access,2,1,1,0,0.0,positive,2,REV027521_F001;REV027535_F001
Hiriketiya Beach,Seating,3,1,0,2,0.333,neutral,3,REV027460_F001;REV027514_F001;REV027527_F001
Hiriketiya Beach,Security,2,0,0,2,0.0,neutral,2,REV027488_F001;REV027498_F002
Hiriketiya Beach,Shade or shelter,11,4,0,7,0.364,neutral,8,REV027463_F001;REV027478_F001;REV027498_F003;REV027508_F001;REV027508_F002;REV027510_F002;REV027519_F001;REV027519_F002;REV027525_F003;REV027548_F001;REV027548_F002
Hiriketiya Beach,Shop,5,0,1,4,-0.2,neutral,4,REV027445_F002;REV027476_F001;REV027477_F001;REV027477_F002;REV027495_F002
Hiriketiya Beach,Surfboard rental,4,1,1,2,0.0,neutral,4,REV027431_F001;REV027445_F001;REV027473_F001;REV027528_F001
Hiriketiya Beach,Towel service,6,0,1,5,-0.167,neutral,6,REV027473_F002;REV027507_F001;REV027510_F001;REV027511_F001;REV027521_F002;REV027536_F001
Hiriketiya Beach,Tuk tuk service,3,1,1,1,0.0,positive,3,REV027516_F001;REV027525_F001;REV027543_F001
Horton Plains National Park,Accommodation,44,16,4,24,0.273,neutral,40,REV016867_F001;REV016884_F003;REV016919_F001;REV016996_F001;REV017016_F002;REV017024_F001;REV017036_F001;REV017047_F001;REV017103_F003;REV017114_F001;REV017121_F001;REV017121_F003;REV017125_F001;REV017140_F001;REV017152_F001;REV017157_F001;REV017159_F001;REV017175_F001;REV017187_F001;REV017200_F001;REV017226_F001;REV017227_F001;REV017233_F001;REV017248_F001;REV017269_F001
Horton Plains National Park,Brochure,5,1,1,3,0.0,neutral,5,REV016970_F002;REV016994_F003;REV017085_F001;REV017264_F003;REV017413_F001
Horton Plains National Park,Cafe,13,0,5,8,-0.385,neutral,8,REV016923_F002;REV017022_F001;REV017040_F001;REV017040_F002;REV017040_F003;REV017040_F004;REV017172_F003;REV017176_F001;REV017222_F001;REV017264_F002;REV017387_F005;REV017387_F006;REV017387_F007
Horton Plains National Park,Camping facility,3,2,0,1,0.667,positive,3,REV017108_F001;REV017319_F001;REV017355_F001
Horton Plains National Park,Drinking water,6,2,0,4,0.333,neutral,6,REV017016_F004;REV017265_F001;REV017381_F002;REV017387_F001;REV017413_F001;REV017450_F004
Horton Plains National Park,Entrance fee,134,25,28,81,-0.022,neutral,87,REV016858_F001;REV016859_F001;REV016859_F002;REV016866_F001;REV016866_F002;REV016878_F001;REV016878_F002;REV016880_F002;REV016892_F001;REV016898_F001;REV016900_F001;REV016903_F001;REV016904_F001;REV016904_F002;REV016906_F002;REV016906_F003;REV016912_F001;REV016914_F002;REV016914_F003;REV016914_F004;REV016923_F001;REV016925_F002;REV016925_F003;REV016926_F001;REV016931_F002
Horton Plains National Park,Food stall,22,7,1,14,0.273,neutral,19,REV016887_F002;REV016887_F004;REV016926_F002;REV016936_F002;REV016946_F002;REV016956_F002;REV017038_F001;REV017103_F001;REV017114_F003;REV017121_F004;REV017124_F003;REV017124_F004;REV017229_F001;REV017252_F001;REV017261_F003;REV017277_F001;REV017330_F003;REV017384_F001;REV017389_F001;REV017396_F001;REV017396_F002;REV017410_F001
Horton Plains National Park,General facilities,4,2,0,2,0.5,positive,4,REV017005_F001;REV017172_F001;REV017221_F001;REV017290_F002
Horton Plains National Park,Guide service,19,12,1,6,0.579,positive,17,REV016865_F001;REV016883_F001;REV016899_F001;REV016921_F001;REV016926_F001;REV016936_F001;REV016946_F001;REV016956_F001;REV016985_F001;REV017018_F001;REV017069_F001;REV017076_F001;REV017114_F001;REV017118_F012;REV017118_F014;REV017118_F015;REV017232_F001;REV017387_F003;REV017399_F002
Horton Plains National Park,Parking,19,3,2,14,0.053,neutral,19,REV016887_F003;REV016891_F004;REV016991_F001;REV017033_F003;REV017037_F001;REV017061_F001;REV017072_F001;REV017080_F001;REV017086_F002;REV017104_F001;REV017119_F001;REV017136_F001;REV017140_F002;REV017143_F002;REV017298_F002;REV017387_F004;REV017428_F002;REV017432_F002;REV017440_F002
Horton Plains National Park,Pathway,8,1,5,2,-0.5,negative,8,REV016855_F001;REV016908_F001;REV017023_F001;REV017030_F001;REV017166_F001;REV017297_F001;REV017364_F002;REV017367_F001
Horton Plains National Park,Public transport access,4,1,0,3,0.25,neutral,4,REV016867_F002;REV017121_F002;REV017250_F001;REV017319_F002
Horton Plains National Park,Rest area,1,0,0,1,0.0,neutral,1,REV017150_F001
Horton Plains National Park,Restaurant,1,0,0,1,0.0,neutral,1,REV017103_F004
Horton Plains National Park,Road access,15,3,3,9,0.0,neutral,15,REV016934_F001;REV016944_F001;REV016954_F001;REV016964_F001;REV016979_F001;REV017121_F002;REV017123_F001;REV017187_F001;REV017294_F001;REV017302_F001;REV017318_F002;REV017327_F002;REV017376_F001;REV017379_F001;REV017450_F002
Horton Plains National Park,Safety barrier,5,0,1,4,-0.2,neutral,5,REV017113_F002;REV017172_F002;REV017201_F001;REV017243_F001;REV017423_F001
Horton Plains National Park,Seating,2,2,0,0,1.0,positive,2,REV016990_F001;REV017422_F001
Horton Plains National Park,Security,5,0,2,3,-0.4,neutral,4,REV017016_F005;REV017016_F006;REV017143_F001;REV017253_F001;REV017416_F001
Horton Plains National Park,Shade or shelter,6,1,1,4,0.0,neutral,6,REV017033_F001;REV017057_F002;REV017136_F002;REV017154_F001;REV017395_F002;REV017398_F002
Horton Plains National Park,Shop,3,0,0,3,0.0,neutral,3,REV016887_F004;REV017000_F001;REV017396_F002
Horton Plains National Park,Shower,2,0,0,2,0.0,neutral,2,REV017331_F001;REV017449_F001
Horton Plains National Park,Signage,14,3,4,7,-0.071,neutral,14,REV016859_F004;REV016864_F001;REV016993_F001;REV017019_F002;REV017048_F002;REV017067_F001;REV017122_F001;REV017264_F003;REV017290_F001;REV017294_F001;REV017376_F003;REV017391_F003;REV017403_F001;REV017411_F001
Horton Plains National Park,Steps or stairs,36,12,4,20,0.222,neutral,31,REV016857_F001;REV016888_F001;REV016914_F002;REV016915_F002;REV016929_F001;REV016930_F001;REV016930_F002;REV016939_F001;REV016940_F001;REV016940_F002;REV016949_F001;REV016950_F001;REV016950_F002;REV016959_F001;REV016960_F001;REV016960_F002;REV016988_F002;REV016989_F001;REV017046_F001;REV017048_F001;REV017106_F001;REV017108_F002;REV017113_F003;REV017130_F001;REV017136_F003
Horton Plains National Park,Taxi service,9,1,2,6,-0.111,neutral,7,REV016969_F001;REV017223_F002;REV017264_F001;REV017295_F002;REV017312_F002;REV017383_F002;REV017383_F003;REV017383_F004;REV017419_F001
Horton Plains National Park,Ticket counter,13,1,3,9,-0.154,neutral,11,REV016884_F002;REV016915_F001;REV016924_F001;REV016969_F001;REV016969_F002;REV016969_F003;REV017041_F004;REV017114_F002;REV017118_F007;REV017157_F001;REV017323_F002;REV017387_F002;REV017450_F003
Horton Plains National Park,Ticket or receipt,99,15,18,66,-0.03,neutral,71,REV016880_F001;REV016884_F002;REV016887_F001;REV016891_F001;REV016891_F002;REV016898_F001;REV016904_F003;REV016906_F001;REV016914_F001;REV016914_F003;REV016915_F001;REV016924_F001;REV016931_F001;REV016941_F001;REV016951_F001;REV016961_F001;REV016969_F001;REV016969_F002;REV016969_F003;REV016969_F009;REV016969_F010;REV016974_F002;REV016986_F001;REV016994_F001;REV017016_F003
Horton Plains National Park,Toilet,52,12,8,32,0.077,neutral,45,REV016858_F002;REV016858_F003;REV016859_F003;REV016880_F003;REV016884_F002;REV016887_F004;REV016914_F004;REV016923_F002;REV016925_F004;REV016935_F004;REV016945_F004;REV016955_F004;REV016988_F001;REV016989_F002;REV017005_F002;REV017019_F001;REV017019_F002;REV017038_F001;REV017040_F004;REV017046_F002;REV017046_F003;REV017049_F002;REV017056_F001;REV017058_F001;REV017080_F002
Horton Plains National Park,Train service,2,1,0,1,0.5,positive,2,REV016912_F001;REV017307_F001
Horton Plains National Park,Tuk tuk service,26,3,1,22,0.077,neutral,20,REV016884_F001;REV016892_F001;REV016912_F001;REV016925_F001;REV016935_F001;REV016945_F001;REV016955_F001;REV017017_F001;REV017041_F002;REV017041_F003;REV017053_F001;REV017086_F004;REV017152_F001;REV017152_F004;REV017177_F002;REV017223_F002;REV017236_F001;REV017238_F001;REV017238_F002;REV017311_F001;REV017311_F002;REV017370_F001;REV017370_F002;REV017391_F002;REV017391_F007
Horton Plains National Park,View platform,5,2,0,3,0.4,neutral,5,REV016912_F001;REV017014_F001;REV017113_F001;REV017179_F002;REV017185_F001
Horton Plains National Park,Visitor centre,7,3,0,4,0.429,neutral,6,REV016891_F003;REV016892_F001;REV016968_F001;REV017040_F005;REV017195_F001;REV017330_F002;REV017330_F003
Horton Plains National Park,Waste bins,1,0,0,1,0.0,neutral,1,REV017265_F002
Hummanaya Blow Hole,Accessibility ramp,1,0,1,0,-1.0,negative,1,REV027618_F002
Hummanaya Blow Hole,Accommodation,26,6,4,16,0.077,neutral,25,REV027567_F003;REV027570_F001;REV027583_F001;REV027587_F003;REV027591_F002;REV027600_F001;REV027603_F001;REV027609_F001;REV027623_F002;REV027624_F001;REV027629_F001;REV027640_F001;REV027640_F004;REV027645_F001;REV027648_F001;REV027650_F001;REV027659_F001;REV027667_F001;REV027670_F001;REV027682_F002;REV027684_F001;REV027686_F002;REV027695_F001;REV027698_F001;REV027707_F001
Hummanaya Blow Hole,Boat service,1,0,0,1,0.0,neutral,1,REV027742_F001
Hummanaya Blow Hole,Brochure,1,1,0,0,1.0,positive,1,REV027720_F002
Hummanaya Blow Hole,Drinking water,4,1,2,1,-0.25,negative,4,REV027591_F001;REV027622_F001;REV027689_F002;REV027706_F001
Hummanaya Blow Hole,Entrance fee,56,11,8,37,0.054,neutral,47,REV027561_F001;REV027574_F001;REV027587_F002;REV027588_F001;REV027596_F001;REV027597_F001;REV027598_F001;REV027599_F001;REV027600_F002;REV027603_F002;REV027604_F001;REV027605_F001;REV027606_F001;REV027611_F003;REV027611_F004;REV027611_F006;REV027612_F001;REV027613_F001;REV027615_F001;REV027615_F002;REV027615_F003;REV027621_F001;REV027623_F001;REV027634_F001;REV027636_F001
Hummanaya Blow Hole,Food stall,9,2,0,7,0.222,neutral,8,REV027587_F004;REV027611_F005;REV027640_F007;REV027657_F001;REV027666_F001;REV027666_F002;REV027685_F001;REV027710_F002;REV027740_F001
Hummanaya Blow Hole,Guide service,1,1,0,0,1.0,positive,1,REV027621_F002
Hummanaya Blow Hole,Parking,20,4,1,15,0.15,neutral,20,REV027562_F001;REV027567_F001;REV027586_F002;REV027587_F001;REV027611_F006;REV027612_F001;REV027619_F001;REV027620_F001;REV027623_F001;REV027639_F001;REV027640_F003;REV027649_F001;REV027653_F001;REV027662_F001;REV027678_F001;REV027682_F002;REV027698_F001;REV027714_F002;REV027715_F001;REV027723_F001
Hummanaya Blow Hole,Pathway,3,1,0,2,0.333,neutral,3,REV027567_F003;REV027611_F001;REV027685_F001
Hummanaya Blow Hole,Public transport access,1,0,0,1,0.0,neutral,1,REV027611_F002
Hummanaya Blow Hole,Restaurant,2,1,0,1,0.5,positive,2,REV027587_F004;REV027611_F005
Hummanaya Blow Hole,Safety barrier,10,5,0,5,0.5,positive,10,REV027554_F001;REV027589_F001;REV027618_F001;REV027619_F003;REV027620_F002;REV027669_F001;REV027683_F002;REV027732_F003;REV027739_F001;REV027745_F001
Hummanaya Blow Hole,Security,1,0,0,1,0.0,neutral,1,REV027681_F002
Hummanaya Blow Hole,Shade or shelter,2,0,1,1,-0.5,neutral,2,REV027619_F004;REV027668_F002
Hummanaya Blow Hole,Shop,9,2,1,6,0.111,neutral,9,REV027597_F001;REV027604_F002;REV027624_F002;REV027697_F002;REV027702_F003;REV027711_F001;REV027716_F001;REV027719_F001;REV027740_F001
Hummanaya Blow Hole,Signage,5,4,0,1,0.8,positive,5,REV027563_F001;REV027567_F001;REV027616_F001;REV027621_F002;REV027743_F001
Hummanaya Blow Hole,Steps or stairs,26,7,4,15,0.115,neutral,25,REV027565_F001;REV027567_F001;REV027567_F002;REV027586_F001;REV027613_F002;REV027618_F001;REV027630_F001;REV027642_F001;REV027645_F002;REV027666_F002;REV027669_F002;REV027671_F001;REV027689_F001;REV027690_F001;REV027694_F001;REV027704_F001;REV027710_F001;REV027714_F002;REV027723_F001;REV027726_F002;REV027733_F001;REV027734_F001;REV027743_F002;REV027744_F001;REV027746_F001
Hummanaya Blow Hole,Taxi service,1,0,0,1,0.0,neutral,1,REV027654_F001
Hummanaya Blow Hole,Ticket counter,6,0,3,3,-0.5,neutral,4,REV027671_F002;REV027679_F001;REV027679_F002;REV027702_F001;REV027729_F001;REV027729_F002
Hummanaya Blow Hole,Ticket or receipt,25,2,5,18,-0.12,neutral,19,REV027562_F002;REV027562_F003;REV027586_F001;REV027602_F001;REV027619_F002;REV027641_F001;REV027664_F001;REV027665_F001;REV027668_F001;REV027670_F002;REV027671_F002;REV027673_F001;REV027673_F002;REV027673_F003;REV027677_F001;REV027679_F001;REV027679_F002;REV027686_F001;REV027686_F003;REV027689_F001;REV027702_F001;REV027704_F002;REV027712_F001;REV027729_F001;REV027729_F002
Hummanaya Blow Hole,Toilet,5,0,4,1,-0.8,negative,5,REV027615_F004;REV027640_F005;REV027674_F001;REV027706_F001;REV027740_F001
Hummanaya Blow Hole,Tuk tuk service,12,1,3,8,-0.167,neutral,10,REV027583_F001;REV027601_F001;REV027611_F003;REV027636_F002;REV027641_F001;REV027653_F002;REV027681_F001;REV027697_F001;REV027714_F001;REV027714_F002;REV027714_F003;REV027732_F001
Hummanaya Blow Hole,View platform,3,1,0,2,0.333,neutral,3,REV027567_F003;REV027618_F001;REV027726_F002
Hummanaya Blow Hole,Visitor centre,5,1,1,3,0.0,neutral,5,REV027615_F004;REV027683_F001;REV027726_F001;REV027734_F002;REV027740_F001
Hummanaya Blow Hole,Waste bins,1,0,1,0,-1.0,negative,1,REV027640_F006
Hurulu Eco Park,Accessibility ramp,2,0,0,2,0.0,neutral,2,REV033232_F002;REV033239_F001
Hurulu Eco Park,Accommodation,56,13,4,39,0.161,neutral,49,REV033028_F001;REV033041_F001;REV033048_F001;REV033050_F002;REV033055_F001;REV033056_F001;REV033060_F001;REV033072_F001;REV033091_F001;REV033094_F001;REV033100_F001;REV033120_F001;REV033127_F002;REV033127_F003;REV033131_F001;REV033145_F002;REV033152_F001;REV033152_F003;REV033154_F001;REV033155_F001;REV033161_F002;REV033165_F001;REV033170_F001;REV033180_F001;REV033180_F002
Hurulu Eco Park,Brochure,1,0,0,1,0.0,neutral,1,REV033292_F002
Hurulu Eco Park,Drinking water,1,0,0,1,0.0,neutral,1,REV033132_F001
Hurulu Eco Park,Entrance fee,52,15,9,28,0.115,neutral,42,REV033023_F001;REV033023_F002;REV033028_F002;REV033040_F004;REV033051_F001;REV033054_F001;REV033067_F002;REV033083_F001;REV033106_F001;REV033106_F002;REV033109_F002;REV033109_F003;REV033120_F001;REV033123_F001;REV033123_F002;REV033131_F002;REV033135_F001;REV033142_F001;REV033143_F001;REV033147_F001;REV033152_F002;REV033161_F003;REV033179_F002;REV033184_F002;REV033184_F003
Hurulu Eco Park,Food stall,1,0,0,1,0.0,neutral,1,REV033327_F001
Hurulu Eco Park,Guide service,24,12,2,10,0.417,positive,23,REV033032_F001;REV033035_F001;REV033040_F001;REV033042_F001;REV033048_F001;REV033053_F001;REV033055_F001;REV033084_F001;REV033098_F001;REV033108_F001;REV033133_F001;REV033135_F002;REV033140_F001;REV033167_F001;REV033182_F001;REV033212_F001;REV033229_F001;REV033249_F001;REV033259_F001;REV033259_F002;REV033267_F001;REV033303_F001;REV033319_F001;REV033352_F001
Hurulu Eco Park,Jeep service,25,9,4,12,0.2,neutral,24,REV033037_F001;REV033067_F001;REV033075_F001;REV033105_F001;REV033106_F001;REV033118_F001;REV033145_F001;REV033145_F003;REV033148_F001;REV033156_F001;REV033174_F001;REV033179_F001;REV033212_F002;REV033213_F001;REV033228_F001;REV033230_F001;REV033237_F001;REV033264_F001;REV033297_F001;REV033312_F003;REV033324_F001;REV033326_F001;REV033329_F001;REV033335_F001;REV033341_F001
Hurulu Eco Park,Parking,8,2,3,3,-0.125,neutral,7,REV033040_F002;REV033040_F003;REV033127_F001;REV033141_F001;REV033150_F001;REV033223_F001;REV033253_F001;REV033328_F004
Hurulu Eco Park,Pathway,1,1,0,0,1.0,positive,1,REV033170_F002
Hurulu Eco Park,Rest area,1,0,0,1,0.0,neutral,1,REV033356_F001
Hurulu Eco Park,Restaurant,1,1,0,0,1.0,positive,1,REV033341_F001
Hurulu Eco Park,Road access,3,0,1,2,-0.333,neutral,3,REV033077_F001;REV033273_F001;REV033312_F007
Hurulu Eco Park,Safety barrier,1,0,1,0,-1.0,negative,1,REV033225_F002
Hurulu Eco Park,Seating,2,1,0,1,0.5,positive,1,REV033312_F004;REV033312_F005
Hurulu Eco Park,Shade or shelter,2,0,0,2,0.0,neutral,2,REV033143_F002;REV033330_F002
Hurulu Eco Park,Shop,2,0,1,1,-0.5,neutral,1,REV033184_F001;REV033184_F006
Hurulu Eco Park,Shower,1,0,0,1,0.0,neutral,1,REV033047_F001
Hurulu Eco Park,Signage,2,1,1,0,0.0,positive,2,REV033019_F001;REV033273_F002
Hurulu Eco Park,Steps or stairs,1,0,1,0,-1.0,negative,1,REV033328_F005
Hurulu Eco Park,Ticket counter,2,0,0,2,0.0,neutral,1,REV033109_F001;REV033109_F002
Hurulu Eco Park,Ticket or receipt,22,4,4,14,0.0,neutral,20,REV033050_F001;REV033098_F001;REV033100_F002;REV033109_F001;REV033109_F002;REV033123_F002;REV033124_F001;REV033125_F001;REV033127_F001;REV033143_F001;REV033161_F001;REV033178_F001;REV033184_F004;REV033186_F001;REV033253_F001;REV033253_F002;REV033256_F001;REV033264_F002;REV033284_F002;REV033296_F002;REV033297_F002;REV033331_F002
Hurulu Eco Park,Toilet,1,0,0,1,0.0,neutral,1,REV033168_F001
Hurulu Eco Park,Train service,2,2,0,0,1.0,positive,1,REV033312_F001;REV033312_F002
Hurulu Eco Park,View platform,5,1,2,2,-0.2,neutral,5,REV033103_F001;REV033118_F002;REV033232_F003;REV033310_F001;REV033312_F006
Independence Memorial Hall,Accommodation,4,1,0,3,0.25,neutral,4,REV002590_F001;REV002716_F001;REV002734_F001;REV002824_F001
Independence Memorial Hall,Brochure,3,1,0,2,0.333,neutral,3,REV002712_F001;REV002808_F002;REV002809_F001
Independence Memorial Hall,Cafe,3,2,0,1,0.667,positive,3,REV002699_F001;REV002790_F002;REV002844_F001
Independence Memorial Hall,Drinking water,1,1,0,0,1.0,positive,1,REV002703_F001
Independence Memorial Hall,Entrance fee,9,3,2,4,0.111,neutral,8,REV002520_F001;REV002524_F001;REV002529_F002;REV002632_F001;REV002715_F001;REV002750_F002;REV002750_F003;REV002811_F001;REV002858_F001
Independence Memorial Hall,Guide service,8,6,0,2,0.75,positive,8,REV002549_F001;REV002553_F001;REV002576_F001;REV002593_F001;REV002609_F001;REV002709_F001;REV002712_F001;REV002769_F001
Independence Memorial Hall,Lighting,2,0,0,2,0.0,neutral,2,REV002656_F001;REV002756_F002
Independence Memorial Hall,Multilingual information,2,0,1,1,-0.5,neutral,2,REV002612_F001;REV002884_F001
Independence Memorial Hall,Parking,7,4,0,3,0.571,positive,7,REV002513_F001;REV002517_F001;REV002627_F001;REV002650_F001;REV002761_F001;REV002834_F001;REV002882_F001
Independence Memorial Hall,Pathway,3,3,0,0,1.0,positive,3,REV002772_F001;REV002827_F001;REV002858_F002
Independence Memorial Hall,Public transport access,4,1,1,2,0.0,neutral,4,REV002527_F001;REV002694_F001;REV002716_F001;REV002858_F003
Independence Memorial Hall,Restaurant,14,7,0,7,0.5,positive,12,REV002574_F001;REV002597_F001;REV002623_F001;REV002653_F001;REV002699_F001;REV002703_F001;REV002736_F001;REV002805_F001;REV002842_F001;REV002846_F001;REV002849_F001;REV002849_F002;REV002849_F003;REV002883_F001
Independence Memorial Hall,Road access,1,0,0,1,0.0,neutral,1,REV002829_F001
Independence Memorial Hall,Safety barrier,1,0,0,1,0.0,neutral,1,REV002636_F001
Independence Memorial Hall,Seating,2,1,0,1,0.5,positive,2,REV002756_F001;REV002773_F001
Independence Memorial Hall,Security,7,1,2,4,-0.143,neutral,6,REV002516_F001;REV002731_F001;REV002731_F002;REV002777_F001;REV002790_F001;REV002797_F002;REV002830_F001
Independence Memorial Hall,Shade or shelter,9,2,2,5,0.0,neutral,9,REV002521_F001;REV002539_F001;REV002548_F001;REV002559_F001;REV002590_F001;REV002601_F001;REV002624_F001;REV002768_F001;REV002788_F001
Independence Memorial Hall,Shop,9,3,1,5,0.222,neutral,9,REV002523_F001;REV002529_F001;REV002675_F001;REV002699_F001;REV002703_F001;REV002751_F001;REV002804_F001;REV002805_F001;REV002858_F003
Independence Memorial Hall,Signage,9,4,0,5,0.444,neutral,9,REV002543_F001;REV002568_F001;REV002595_F001;REV002596_F001;REV002607_F001;REV002746_F001;REV002793_F001;REV002797_F001;REV002863_F001
Independence Memorial Hall,Steps or stairs,8,3,0,5,0.375,neutral,8,REV002513_F002;REV002533_F001;REV002555_F001;REV002557_F001;REV002572_F001;REV002797_F002;REV002808_F001;REV002847_F001
Independence Memorial Hall,Taxi service,1,1,0,0,1.0,positive,1,REV002549_F001
Independence Memorial Hall,Ticket or receipt,1,1,0,0,1.0,positive,1,REV002808_F001
Independence Memorial Hall,Toilet,1,0,0,1,0.0,neutral,1,REV002574_F001
Independence Memorial Hall,Tuk tuk service,8,2,2,4,0.0,neutral,6,REV002549_F001;REV002740_F001;REV002750_F001;REV002750_F004;REV002750_F005;REV002765_F001;REV002816_F001;REV002853_F001
Isurumuniya Temple,Accommodation,2,0,0,2,0.0,neutral,2,REV008889_F001;REV008939_F001
Isurumuniya Temple,Bike rental,1,0,0,1,0.0,neutral,1,REV008866_F002
Isurumuniya Temple,Brochure,3,1,0,2,0.333,neutral,3,REV008884_F001;REV008907_F001;REV008923_F001
Isurumuniya Temple,Cafe,1,1,0,0,1.0,positive,1,REV008846_F002
Isurumuniya Temple,Clothing cover service,2,1,0,1,0.5,positive,2,REV008791_F001;REV008859_F001
Isurumuniya Temple,Entrance fee,48,14,5,29,0.188,neutral,43,REV008795_F001;REV008806_F001;REV008814_F001;REV008817_F001;REV008819_F001;REV008819_F002;REV008820_F001;REV008829_F001;REV008834_F001;REV008844_F001;REV008846_F001;REV008850_F001;REV008851_F001;REV008856_F002;REV008861_F001;REV008866_F001;REV008872_F001;REV008880_F001;REV008881_F001;REV008882_F001;REV008883_F002;REV008889_F002;REV008895_F001;REV008898_F001;REV008901_F001
Isurumuniya Temple,Food stall,1,0,0,1,0.0,neutral,1,REV009038_F001
Isurumuniya Temple,Guide service,6,1,1,4,0.0,neutral,6,REV008835_F001;REV008915_F001;REV008950_F001;REV009013_F001;REV009030_F001;REV009044_F001
Isurumuniya Temple,Lighting,1,0,0,1,0.0,neutral,1,REV008790_F001
Isurumuniya Temple,Multilingual information,1,0,0,1,0.0,neutral,1,REV008867_F001
Isurumuniya Temple,Parking,8,3,1,4,0.25,neutral,8,REV008794_F001;REV008808_F001;REV008856_F001;REV008883_F001;REV008889_F003;REV008913_F001;REV008959_F002;REV008991_F001
Isurumuniya Temple,Pathway,1,0,1,0,-1.0,negative,1,REV008928_F001
Isurumuniya Temple,Rest area,1,0,1,0,-1.0,negative,1,REV008861_F002
Isurumuniya Temple,Restaurant,1,0,0,1,0.0,neutral,1,REV008981_F001
Isurumuniya Temple,Safety barrier,2,0,1,1,-0.5,neutral,2,REV008908_F001;REV009020_F001
Isurumuniya Temple,Security,2,1,0,1,0.5,positive,2,REV008915_F002;REV008977_F002
Isurumuniya Temple,Shade or shelter,1,0,0,1,0.0,neutral,1,REV008836_F002
Isurumuniya Temple,Shoe storage,11,0,5,6,-0.455,neutral,10,REV008851_F002;REV008861_F001;REV008918_F001;REV008930_F001;REV008930_F002;REV008934_F001;REV008937_F001;REV008953_F001;REV008983_F001;REV009041_F002;REV009044_F002
Isurumuniya Temple,Shop,1,0,0,1,0.0,neutral,1,REV008824_F001
Isurumuniya Temple,Signage,5,1,1,3,0.0,neutral,4,REV008859_F001;REV008927_F001;REV008927_F002;REV008939_F002;REV009044_F001
Isurumuniya Temple,Steps or stairs,23,9,3,11,0.261,neutral,22,REV008788_F001;REV008816_F001;REV008824_F002;REV008827_F001;REV008836_F001;REV008843_F001;REV008843_F002;REV008852_F001;REV008902_F001;REV008903_F001;REV008917_F001;REV008934_F002;REV008935_F001;REV008942_F001;REV008947_F005;REV008952_F001;REV008956_F001;REV008977_F001;REV008978_F001;REV008996_F001;REV009007_F001;REV009011_F002;REV009039_F001
Isurumuniya Temple,Taxi service,4,0,1,3,-0.25,neutral,3,REV008851_F002;REV008851_F003;REV009028_F001;REV009030_F001
Isurumuniya Temple,Ticket or receipt,22,3,9,10,-0.273,neutral,21,REV008788_F001;REV008789_F001;REV008799_F001;REV008804_F001;REV008834_F001;REV008858_F001;REV008862_F001;REV008863_F001;REV008866_F001;REV008912_F001;REV008919_F001;REV008947_F003;REV008954_F001;REV008959_F001;REV008974_F001;REV008982_F001;REV008985_F001;REV008990_F001;REV008992_F001;REV009001_F001;REV009002_F001;REV009002_F002
Isurumuniya Temple,Toilet,2,1,0,1,0.5,positive,2,REV008889_F003;REV008909_F001
Isurumuniya Temple,Train service,3,1,0,2,0.333,neutral,3,REV008851_F002;REV008916_F001;REV008947_F001
Isurumuniya Temple,Tuk tuk service,2,0,0,2,0.0,neutral,2,REV008885_F001;REV008889_F001
Jaffna Fort,Accessibility ramp,36,12,2,22,0.278,neutral,32,REV039382_F002;REV039394_F001;REV039397_F002;REV039400_F001;REV039444_F001;REV039444_F002;REV039444_F003;REV039455_F001;REV039458_F001;REV039468_F002;REV039468_F003;REV039471_F001;REV039472_F001;REV039474_F001;REV039480_F001;REV039520_F001;REV039523_F003;REV039539_F001;REV039570_F001;REV039619_F001;REV039627_F001;REV039648_F001;REV039660_F001;REV039669_F001;REV039671_F001
Jaffna Fort,Accommodation,13,3,4,6,-0.077,neutral,5,REV039452_F001;REV039533_F001;REV039607_F001;REV039630_F001;REV039630_F002;REV039630_F003;REV039805_F002;REV039805_F003;REV039805_F004;REV039805_F009;REV039805_F010;REV039805_F011;REV039805_F012
Jaffna Fort,Bridge,4,1,0,3,0.25,neutral,4,REV039448_F001;REV039451_F001;REV039555_F001;REV039799_F001
Jaffna Fort,Brochure,9,1,2,6,-0.111,neutral,8,REV039388_F001;REV039415_F001;REV039416_F001;REV039416_F002;REV039433_F001;REV039438_F001;REV039470_F001;REV039625_F001;REV039736_F001
Jaffna Fort,Cafe,2,1,0,1,0.5,positive,2,REV039483_F002;REV039727_F002
Jaffna Fort,Donation box,3,1,0,2,0.333,neutral,3,REV039545_F001;REV039669_F002;REV039776_F001
Jaffna Fort,Drinking water,1,0,0,1,0.0,neutral,1,REV039503_F001
Jaffna Fort,Entrance fee,19,12,1,6,0.579,positive,18,REV039386_F002;REV039394_F002;REV039400_F002;REV039402_F001;REV039414_F001;REV039420_F001;REV039422_F001;REV039457_F001;REV039460_F001;REV039467_F001;REV039468_F001;REV039468_F004;REV039533_F001;REV039544_F001;REV039593_F001;REV039727_F001;REV039748_F001;REV039796_F001;REV039826_F001
Jaffna Fort,Food stall,2,0,0,2,0.0,neutral,2,REV039568_F001;REV039727_F002
Jaffna Fort,General facilities,5,0,1,4,-0.2,neutral,4,REV039388_F002;REV039523_F002;REV039586_F001;REV039586_F002;REV039796_F002
Jaffna Fort,Guide service,6,3,0,3,0.5,positive,6,REV039449_F001;REV039639_F001;REV039721_F001;REV039735_F001;REV039786_F001;REV039805_F008
Jaffna Fort,Information board,4,2,2,0,0.0,positive,4,REV039414_F002;REV039481_F001;REV039607_F001;REV039693_F001
Jaffna Fort,Lighting,1,0,0,1,0.0,neutral,1,REV039787_F001
Jaffna Fort,Multilingual information,3,3,0,0,1.0,positive,3,REV039598_F001;REV039613_F001;REV039805_F007
Jaffna Fort,Parking,4,2,0,2,0.5,positive,4,REV039383_F001;REV039424_F001;REV039554_F001;REV039568_F001
Jaffna Fort,Pathway,3,2,0,1,0.667,positive,3,REV039419_F001;REV039474_F001;REV039726_F001
Jaffna Fort,Restaurant,4,0,0,4,0.0,neutral,4,REV039399_F001;REV039455_F002;REV039575_F001;REV039727_F002
Jaffna Fort,Safety barrier,3,3,0,0,1.0,positive,3,REV039431_F001;REV039616_F001;REV039704_F001
Jaffna Fort,Seating,5,3,0,2,0.6,positive,5,REV039400_F002;REV039463_F001;REV039726_F001;REV039799_F001;REV039805_F005
Jaffna Fort,Security,2,0,1,1,-0.5,neutral,2,REV039645_F001;REV039708_F001
Jaffna Fort,Shade or shelter,8,1,3,4,-0.25,neutral,8,REV039400_F002;REV039437_F001;REV039463_F001;REV039479_F001;REV039638_F002;REV039654_F001;REV039684_F001;REV039766_F001
Jaffna Fort,Shoe storage,1,1,0,0,1.0,positive,1,REV039805_F006
Jaffna Fort,Shop,7,1,0,6,0.143,neutral,7,REV039383_F002;REV039424_F002;REV039483_F001;REV039496_F001;REV039523_F001;REV039578_F001;REV039592_F001
Jaffna Fort,Shower,1,1,0,0,1.0,positive,1,REV039805_F012
Jaffna Fort,Signage,12,4,3,5,0.083,neutral,12,REV039391_F001;REV039400_F002;REV039432_F001;REV039488_F001;REV039498_F001;REV039510_F001;REV039522_F001;REV039575_F002;REV039605_F001;REV039652_F001;REV039679_F001;REV039832_F001
Jaffna Fort,Souvenir shop,3,1,0,2,0.333,neutral,3,REV039397_F001;REV039593_F002;REV039628_F001
Jaffna Fort,Steps or stairs,8,2,2,4,0.0,neutral,8,REV039382_F002;REV039423_F001;REV039436_F001;REV039638_F001;REV039648_F002;REV039715_F001;REV039731_F001;REV039802_F001
Jaffna Fort,Taxi service,1,0,1,0,-1.0,negative,1,REV039665_F001
Jaffna Fort,Ticket or receipt,6,1,0,5,0.167,neutral,6,REV039382_F001;REV039386_F001;REV039394_F002;REV039408_F001;REV039411_F001;REV039507_F001
Jaffna Fort,Toilet,2,0,0,2,0.0,neutral,2,REV039483_F001;REV039517_F001
Jaffna Fort,Train service,1,1,0,0,1.0,positive,1,REV039805_F001
Jaffna Fort,Tuk tuk service,5,0,1,4,-0.2,neutral,5,REV039503_F002;REV039664_F001;REV039665_F001;REV039707_F001;REV039779_F001
Jaffna Fort,Visitor centre,2,2,0,0,1.0,positive,2,REV039638_F003;REV039784_F001
Jaffna Fort,Waste bins,1,0,1,0,-1.0,negative,1,REV039652_F002
Jaffna Public Library,Accessibility ramp,1,1,0,0,1.0,positive,1,REV039847_F001
Jaffna Public Library,Accommodation,2,0,1,1,-0.5,neutral,2,REV039858_F002;REV039909_F001
Jaffna Public Library,Cafe,1,0,1,0,-1.0,negative,1,REV039972_F001
Jaffna Public Library,Donation box,2,1,0,1,0.5,positive,2,REV039834_F001;REV039988_F001
Jaffna Public Library,Entrance fee,4,2,1,1,0.25,positive,4,REV039850_F001;REV039877_F001;REV040017_F001;REV040019_F001
Jaffna Public Library,Food stall,1,0,0,1,0.0,neutral,1,REV039910_F001
Jaffna Public Library,General facilities,3,2,0,1,0.667,positive,3,REV039858_F001;REV039927_F001;REV040002_F001
Jaffna Public Library,Guide service,1,0,1,0,-1.0,negative,1,REV039900_F001
Jaffna Public Library,Multilingual information,2,1,0,1,0.5,positive,2,REV039861_F001;REV039939_F001
Jaffna Public Library,Parking,1,1,0,0,1.0,positive,1,REV039841_F001
Jaffna Public Library,Restaurant,1,0,0,1,0.0,neutral,1,REV039910_F001
Jaffna Public Library,Road access,1,0,0,1,0.0,neutral,1,REV039902_F001
Jaffna Public Library,Security,5,2,1,2,0.2,positive,5,REV039859_F001;REV039871_F001;REV039875_F001;REV039946_F002;REV039949_F001
Jaffna Public Library,Shoe storage,3,0,0,3,0.0,neutral,3,REV039840_F001;REV039912_F001;REV039943_F001
Jaffna Public Library,Signage,4,0,3,1,-0.75,negative,4,REV039853_F001;REV039890_F001;REV039907_F001;REV039946_F001
Jaffna Public Library,Steps or stairs,4,0,1,3,-0.25,neutral,4,REV039866_F001;REV039935_F001;REV039984_F001;REV039994_F001
Jaffna Public Library,Taxi service,2,0,0,2,0.0,neutral,2,REV039920_F001;REV039988_F002
Jaffna Public Library,Ticket or receipt,1,0,1,0,-1.0,negative,1,REV040008_F001
Jaffna Public Library,Toilet,1,0,1,0,-1.0,negative,1,REV039875_F001
Jaffna Public Library,Tuk tuk service,1,0,0,1,0.0,neutral,1,REV039920_F001
Jami Ul-Alfar Mosque,Accessibility ramp,1,1,0,0,1.0,positive,1,REV003171_F001
Jami Ul-Alfar Mosque,Accommodation,3,1,0,2,0.333,neutral,3,REV002912_F001;REV003074_F001;REV003160_F003
Jami Ul-Alfar Mosque,Brochure,3,2,1,0,0.333,positive,3,REV002933_F001;REV002958_F001;REV003069_F001
Jami Ul-Alfar Mosque,Donation box,3,1,1,1,0.0,positive,3,REV002915_F002;REV003132_F002;REV003171_F001
Jami Ul-Alfar Mosque,Entrance fee,2,2,0,0,1.0,positive,2,REV003171_F001;REV003211_F001
Jami Ul-Alfar Mosque,Food stall,8,2,0,6,0.25,neutral,7,REV002971_F001;REV003021_F002;REV003031_F002;REV003041_F002;REV003051_F002;REV003061_F002;REV003092_F001;REV003092_F002
Jami Ul-Alfar Mosque,General facilities,6,2,1,3,0.167,neutral,5,REV002969_F001;REV003015_F001;REV003118_F002;REV003118_F003;REV003177_F001;REV003231_F001
Jami Ul-Alfar Mosque,Guide service,10,3,0,7,0.3,neutral,10,REV002924_F001;REV002973_F001;REV002979_F001;REV003016_F001;REV003026_F001;REV003036_F001;REV003046_F001;REV003056_F001;REV003070_F001;REV003111_F002
Jami Ul-Alfar Mosque,Multilingual information,2,0,0,2,0.0,neutral,2,REV002897_F001;REV003157_F001
Jami Ul-Alfar Mosque,Parking,18,0,10,8,-0.556,negative,18,REV002892_F001;REV002895_F001;REV002937_F001;REV003021_F001;REV003024_F001;REV003031_F001;REV003034_F001;REV003041_F001;REV003044_F001;REV003051_F001;REV003054_F001;REV003061_F001;REV003064_F001;REV003066_F001;REV003083_F001;REV003087_F001;REV003193_F001;REV003221_F001
Jami Ul-Alfar Mosque,Public transport access,5,0,0,5,0.0,neutral,5,REV003079_F001;REV003106_F001;REV003174_F001;REV003208_F001;REV003249_F001
Jami Ul-Alfar Mosque,Restaurant,9,2,0,7,0.222,neutral,8,REV002971_F001;REV003018_F001;REV003028_F001;REV003038_F001;REV003048_F001;REV003058_F001;REV003085_F001;REV003085_F002;REV003186_F001
Jami Ul-Alfar Mosque,Road access,1,0,0,1,0.0,neutral,1,REV002902_F001
Jami Ul-Alfar Mosque,Security,3,1,0,2,0.333,neutral,3,REV002905_F002;REV002974_F001;REV002988_F002
Jami Ul-Alfar Mosque,Shoe storage,4,1,1,2,0.0,neutral,4,REV002915_F001;REV003171_F001;REV003219_F001;REV003242_F001
Jami Ul-Alfar Mosque,Shop,23,2,1,20,0.043,neutral,21,REV002918_F001;REV002944_F001;REV002944_F004;REV002984_F001;REV003005_F001;REV003021_F002;REV003031_F002;REV003041_F002;REV003051_F002;REV003061_F002;REV003092_F001;REV003097_F001;REV003097_F002;REV003106_F002;REV003110_F001;REV003135_F002;REV003137_F001;REV003140_F001;REV003154_F001;REV003160_F001;REV003207_F001;REV003236_F001;REV003251_F001
Jami Ul-Alfar Mosque,Signage,5,2,0,3,0.4,neutral,5,REV002909_F001;REV003111_F001;REV003135_F001;REV003193_F001;REV003215_F001
Jami Ul-Alfar Mosque,Souvenir shop,2,2,0,0,1.0,positive,2,REV002944_F003;REV003136_F001
Jami Ul-Alfar Mosque,Steps or stairs,7,1,0,6,0.143,neutral,7,REV002892_F002;REV002915_F003;REV003160_F001;REV003199_F001;REV003201_F001;REV003208_F001;REV003210_F001
Jami Ul-Alfar Mosque,Taxi service,5,1,0,4,0.2,neutral,5,REV002892_F001;REV002895_F002;REV002903_F001;REV003118_F001;REV003233_F001
Jami Ul-Alfar Mosque,Ticket or receipt,1,0,1,0,-1.0,negative,1,REV003132_F002
Jami Ul-Alfar Mosque,Toilet,3,0,2,1,-0.667,negative,3,REV003092_F001;REV003132_F001;REV003138_F001
Jami Ul-Alfar Mosque,Train service,8,0,1,7,-0.125,neutral,8,REV002930_F001;REV002977_F001;REV002988_F001;REV002996_F001;REV003002_F001;REV003103_F001;REV003106_F001;REV003179_F001
Jami Ul-Alfar Mosque,Tuk tuk service,13,3,1,9,0.154,neutral,12,REV002905_F001;REV002934_F001;REV002942_F001;REV002944_F002;REV002945_F001;REV003078_F001;REV003087_F001;REV003112_F001;REV003137_F002;REV003160_F002;REV003160_F003;REV003193_F001;REV003236_F002
Jami Ul-Alfar Mosque,Visitor centre,6,1,0,5,0.167,neutral,6,REV003024_F002;REV003034_F002;REV003044_F002;REV003054_F002;REV003064_F002;REV003093_F001
Japanese Peace Pagoda - Rumassala,Accessibility ramp,1,0,0,1,0.0,neutral,1,REV028100_F001
Japanese Peace Pagoda - Rumassala,Accommodation,22,4,2,16,0.091,neutral,20,REV027757_F001;REV027758_F002;REV027835_F001;REV027877_F001;REV027906_F001;REV027967_F001;REV027969_F001;REV028010_F003;REV028025_F001;REV028075_F001;REV028089_F001;REV028089_F003;REV028095_F001;REV028095_F002;REV028118_F003;REV028127_F001;REV028135_F001;REV028140_F001;REV028158_F001;REV028188_F001;REV028224_F001;REV028230_F001
Japanese Peace Pagoda - Rumassala,Bridge,2,1,0,1,0.5,positive,2,REV027893_F002;REV027904_F001
Japanese Peace Pagoda - Rumassala,Brochure,3,0,0,3,0.0,neutral,2,REV027843_F001;REV028118_F002;REV028118_F003
Japanese Peace Pagoda - Rumassala,Clothing cover service,10,2,1,7,0.1,neutral,10,REV027784_F001;REV027807_F001;REV027822_F001;REV027841_F001;REV027857_F001;REV027878_F001;REV027888_F001;REV027947_F003;REV028042_F001;REV028115_F001
Japanese Peace Pagoda - Rumassala,Donation box,19,6,3,10,0.158,neutral,19,REV027756_F001;REV027767_F001;REV027778_F001;REV027816_F001;REV027874_F002;REV027924_F001;REV028010_F003;REV028036_F001;REV028045_F001;REV028055_F001;REV028056_F001;REV028087_F002;REV028118_F005;REV028128_F002;REV028142_F001;REV028191_F001;REV028234_F001;REV028241_F002;REV028245_F001
Japanese Peace Pagoda - Rumassala,Entrance fee,17,8,2,7,0.353,positive,16,REV027767_F001;REV027815_F002;REV027816_F001;REV027843_F006;REV027858_F001;REV027931_F001;REV027986_F001;REV027991_F001;REV028010_F002;REV028043_F001;REV028094_F001;REV028097_F001;REV028117_F001;REV028118_F005;REV028188_F003;REV028188_F004;REV028241_F001
Japanese Peace Pagoda - Rumassala,Food stall,2,0,1,1,-0.5,neutral,2,REV027947_F004;REV028214_F001
Japanese Peace Pagoda - Rumassala,Guide service,6,3,0,3,0.5,positive,5,REV027847_F001;REV027892_F001;REV028130_F001;REV028130_F002;REV028175_F001;REV028224_F001
Japanese Peace Pagoda - Rumassala,Parking,5,3,0,2,0.6,positive,5,REV027753_F001;REV027771_F001;REV027915_F001;REV028120_F001;REV028205_F001
Japanese Peace Pagoda - Rumassala,Pathway,2,1,0,1,0.5,positive,2,REV027817_F001;REV028087_F001
Japanese Peace Pagoda - Rumassala,Restaurant,6,3,0,3,0.5,positive,6,REV027757_F002;REV027824_F001;REV027882_F001;REV027904_F003;REV027947_F004;REV028016_F001
Japanese Peace Pagoda - Rumassala,Road access,7,1,3,3,-0.286,neutral,7,REV027826_F001;REV027932_F001;REV027947_F001;REV027952_F001;REV027962_F001;REV028060_F001;REV028190_F001
Japanese Peace Pagoda - Rumassala,Safety barrier,1,1,0,0,1.0,positive,1,REV027904_F001
Japanese Peace Pagoda - Rumassala,Scooter rental,1,0,0,1,0.0,neutral,1,REV028220_F001
Japanese Peace Pagoda - Rumassala,Seating,1,0,0,1,0.0,neutral,1,REV028133_F001
Japanese Peace Pagoda - Rumassala,Security,2,0,0,2,0.0,neutral,1,REV028178_F001;REV028178_F002
Japanese Peace Pagoda - Rumassala,Shade or shelter,3,0,2,1,-0.667,negative,3,REV027811_F001;REV027879_F002;REV028078_F001
Japanese Peace Pagoda - Rumassala,Shoe storage,10,0,4,6,-0.4,neutral,10,REV027821_F001;REV027834_F001;REV027867_F001;REV027874_F001;REV027879_F002;REV027941_F002;REV028046_F001;REV028118_F004;REV028211_F001;REV028248_F001
Japanese Peace Pagoda - Rumassala,Shop,1,0,0,1,0.0,neutral,1,REV028118_F006
Japanese Peace Pagoda - Rumassala,Signage,6,0,2,4,-0.333,neutral,6,REV027822_F001;REV027882_F001;REV027904_F002;REV027942_F001;REV027954_F001;REV027966_F001
Japanese Peace Pagoda - Rumassala,Souvenir shop,2,0,0,2,0.0,neutral,2,REV027757_F002;REV027808_F001
Japanese Peace Pagoda - Rumassala,Steps or stairs,14,3,2,9,0.071,neutral,11,REV027809_F001;REV027843_F002;REV027843_F003;REV027843_F004;REV027843_F005;REV027870_F001;REV027904_F001;REV027965_F001;REV027972_F001;REV027981_F002;REV028035_F001;REV028046_F001;REV028089_F002;REV028120_F001
Japanese Peace Pagoda - Rumassala,Taxi service,4,3,0,1,0.75,positive,4,REV027803_F001;REV027893_F001;REV027904_F003;REV027911_F001
Japanese Peace Pagoda - Rumassala,Ticket or receipt,1,0,1,0,-1.0,negative,1,REV028035_F002
Japanese Peace Pagoda - Rumassala,Toilet,3,1,0,2,0.333,neutral,3,REV027815_F002;REV027947_F004;REV028118_F006
Japanese Peace Pagoda - Rumassala,Train service,1,1,0,0,1.0,positive,1,REV027940_F001
Japanese Peace Pagoda - Rumassala,Tuk tuk service,72,23,3,46,0.278,neutral,67,REV027757_F001;REV027758_F001;REV027768_F001;REV027777_F001;REV027801_F001;REV027803_F001;REV027815_F001;REV027818_F001;REV027825_F001;REV027827_F001;REV027829_F001;REV027833_F001;REV027839_F001;REV027842_F001;REV027852_F001;REV027860_F001;REV027865_F001;REV027873_F001;REV027876_F001;REV027879_F001;REV027889_F001;REV027893_F001;REV027902_F001;REV027905_F001;REV027913_F001
Japanese Peace Pagoda - Rumassala,View platform,1,0,0,1,0.0,neutral,1,REV028027_F001
Jaya Sri Maha Bodhi,Accommodation,5,2,0,3,0.4,neutral,4,REV009345_F002;REV009345_F003;REV009428_F001;REV009464_F001;REV009473_F001
Jaya Sri Maha Bodhi,Brochure,7,3,3,1,0.0,positive,6,REV009055_F001;REV009108_F001;REV009108_F002;REV009210_F001;REV009345_F002;REV009409_F001;REV009433_F001
Jaya Sri Maha Bodhi,Clothing cover service,5,0,0,5,0.0,neutral,5,REV009150_F001;REV009210_F004;REV009275_F001;REV009318_F002;REV009401_F001
Jaya Sri Maha Bodhi,Donation box,4,0,0,4,0.0,neutral,4,REV009112_F001;REV009113_F001;REV009117_F001;REV009453_F002
Jaya Sri Maha Bodhi,Entrance fee,31,12,3,16,0.29,neutral,29,REV009070_F001;REV009108_F003;REV009148_F001;REV009170_F001;REV009181_F001;REV009200_F001;REV009211_F001;REV009212_F001;REV009238_F002;REV009248_F001;REV009252_F001;REV009257_F001;REV009259_F003;REV009259_F004;REV009259_F005;REV009287_F001;REV009299_F001;REV009344_F001;REV009345_F001;REV009348_F001;REV009365_F001;REV009375_F001;REV009377_F001;REV009385_F001;REV009400_F001
Jaya Sri Maha Bodhi,General facilities,1,0,0,1,0.0,neutral,1,REV009430_F001
Jaya Sri Maha Bodhi,Guide service,4,1,0,3,0.25,neutral,4,REV009259_F004;REV009313_F001;REV009440_F001;REV009453_F001
Jaya Sri Maha Bodhi,Lighting,2,1,0,1,0.5,positive,2,REV009054_F001;REV009121_F001
Jaya Sri Maha Bodhi,Multilingual information,1,0,0,1,0.0,neutral,1,REV009154_F001
Jaya Sri Maha Bodhi,Parking,3,0,0,3,0.0,neutral,3,REV009049_F001;REV009052_F002;REV009177_F001
Jaya Sri Maha Bodhi,Pathway,5,0,1,4,-0.2,neutral,5,REV009049_F001;REV009054_F003;REV009232_F001;REV009238_F001;REV009347_F001
Jaya Sri Maha Bodhi,Public transport access,3,0,0,3,0.0,neutral,3,REV009135_F002;REV009214_F001;REV009429_F003
Jaya Sri Maha Bodhi,Road access,1,0,0,1,0.0,neutral,1,REV009390_F001
Jaya Sri Maha Bodhi,Safety barrier,17,2,3,12,-0.059,neutral,17,REV009049_F002;REV009050_F001;REV009054_F002;REV009056_F001;REV009150_F001;REV009157_F001;REV009227_F001;REV009239_F001;REV009262_F001;REV009263_F001;REV009296_F001;REV009304_F001;REV009322_F001;REV009378_F001;REV009384_F001;REV009415_F002;REV009456_F001
Jaya Sri Maha Bodhi,Seating,3,2,0,1,0.667,positive,3,REV009141_F001;REV009348_F002;REV009353_F001
Jaya Sri Maha Bodhi,Security,21,5,3,13,0.095,neutral,20,REV009095_F001;REV009138_F001;REV009157_F001;REV009171_F001;REV009179_F001;REV009179_F002;REV009185_F001;REV009210_F002;REV009238_F002;REV009239_F001;REV009241_F001;REV009263_F002;REV009286_F001;REV009329_F001;REV009336_F001;REV009349_F001;REV009355_F001;REV009362_F003;REV009378_F002;REV009398_F001;REV009415_F001
Jaya Sri Maha Bodhi,Shade or shelter,16,3,1,12,0.125,neutral,15,REV009049_F001;REV009078_F001;REV009100_F001;REV009135_F001;REV009141_F001;REV009184_F001;REV009195_F001;REV009218_F001;REV009285_F001;REV009312_F001;REV009323_F001;REV009323_F002;REV009326_F001;REV009347_F001;REV009390_F002;REV009471_F001
Jaya Sri Maha Bodhi,Shoe storage,12,1,2,9,-0.083,neutral,11,REV009065_F001;REV009123_F001;REV009123_F002;REV009130_F001;REV009210_F003;REV009222_F001;REV009244_F001;REV009274_F001;REV009316_F001;REV009324_F001;REV009355_F001;REV009383_F001
Jaya Sri Maha Bodhi,Shop,3,1,1,1,0.0,positive,3,REV009254_F001;REV009259_F002;REV009470_F001
Jaya Sri Maha Bodhi,Signage,2,1,0,1,0.5,positive,2,REV009051_F001;REV009367_F001
Jaya Sri Maha Bodhi,Souvenir shop,1,0,0,1,0.0,neutral,1,REV009398_F002
Jaya Sri Maha Bodhi,Steps or stairs,7,0,3,4,-0.429,neutral,5,REV009050_F001;REV009052_F001;REV009052_F003;REV009143_F001;REV009175_F001;REV009175_F002;REV009455_F001
Jaya Sri Maha Bodhi,Taxi service,2,0,0,2,0.0,neutral,2,REV009362_F001;REV009369_F001
Jaya Sri Maha Bodhi,Ticket counter,1,0,1,0,-1.0,negative,1,REV009371_F001
Jaya Sri Maha Bodhi,Ticket or receipt,20,5,9,6,-0.2,negative,14,REV009153_F001;REV009170_F002;REV009179_F003;REV009180_F001;REV009200_F001;REV009203_F001;REV009203_F002;REV009289_F001;REV009362_F001;REV009362_F002;REV009371_F001;REV009375_F001;REV009400_F001;REV009406_F001;REV009406_F002;REV009406_F003;REV009427_F001;REV009427_F002;REV009427_F003;REV009463_F001
Jaya Sri Maha Bodhi,Toilet,2,1,1,0,0.0,positive,2,REV009051_F001;REV009470_F001
Jaya Sri Maha Bodhi,Train service,2,0,0,2,0.0,neutral,1,REV009429_F001;REV009429_F002
Jaya Sri Maha Bodhi,Tuk tuk service,5,1,1,3,0.0,neutral,5,REV009212_F001;REV009259_F001;REV009318_F001;REV009353_F002;REV009427_F003
Jungle Beach,Accessibility ramp,2,0,0,2,0.0,neutral,2,REV028265_F001;REV028286_F001
Jungle Beach,Accommodation,34,7,5,22,0.059,neutral,28,REV028274_F001;REV028282_F001;REV028282_F002;REV028282_F005;REV028299_F003;REV028302_F001;REV028313_F001;REV028350_F002;REV028388_F001;REV028412_F001;REV028412_F003;REV028418_F001;REV028424_F003;REV028427_F001;REV028427_F002;REV028428_F001;REV028428_F002;REV028428_F003;REV028456_F001;REV028522_F001;REV028543_F001;REV028553_F001;REV028562_F001;REV028612_F001;REV028658_F001
Jungle Beach,Bike rental,1,1,0,0,1.0,positive,1,REV028440_F001
Jungle Beach,Boat service,6,3,1,2,0.333,positive,6,REV028260_F001;REV028322_F001;REV028463_F002;REV028539_F001;REV028559_F001;REV028645_F001
Jungle Beach,Bridge,1,0,0,1,0.0,neutral,1,REV028678_F001
Jungle Beach,Brochure,4,0,2,2,-0.5,neutral,4,REV028321_F002;REV028502_F001;REV028540_F002;REV028780_F001
Jungle Beach,Cafe,21,7,4,10,0.143,neutral,17,REV028252_F001;REV028263_F002;REV028274_F003;REV028274_F004;REV028274_F005;REV028275_F001;REV028282_F004;REV028284_F002;REV028291_F001;REV028291_F002;REV028299_F001;REV028320_F001;REV028465_F001;REV028568_F002;REV028611_F001;REV028666_F001;REV028670_F002;REV028670_F003;REV028753_F002;REV028843_F001;REV028844_F001
Jungle Beach,Changing room,4,2,2,0,0.0,positive,4,REV028279_F002;REV028313_F003;REV028530_F003;REV028802_F003
Jungle Beach,Clothing cover service,1,0,1,0,-1.0,negative,1,REV028313_F003
Jungle Beach,Donation box,1,1,0,0,1.0,positive,1,REV028550_F001
Jungle Beach,Drinking water,2,0,2,0,-1.0,negative,1,REV028266_F001;REV028266_F002
Jungle Beach,Entrance fee,16,1,2,13,-0.062,neutral,14,REV028259_F001;REV028274_F002;REV028279_F003;REV028279_F004;REV028282_F006;REV028291_F003;REV028322_F001;REV028348_F001;REV028446_F001;REV028509_F001;REV028626_F002;REV028631_F001;REV028691_F001;REV028812_F001;REV028812_F002;REV028840_F001
Jungle Beach,Food stall,18,4,6,8,-0.111,neutral,17,REV028263_F002;REV028266_F003;REV028291_F002;REV028308_F002;REV028313_F003;REV028388_F002;REV028424_F002;REV028636_F001;REV028637_F001;REV028664_F002;REV028664_F004;REV028670_F002;REV028684_F001;REV028738_F001;REV028740_F001;REV028776_F001;REV028788_F001;REV028823_F001
Jungle Beach,General facilities,8,2,2,4,0.0,neutral,8,REV028300_F001;REV028427_F003;REV028540_F001;REV028639_F001;REV028672_F002;REV028689_F001;REV028828_F001;REV028844_F002
Jungle Beach,Guide service,2,1,0,1,0.5,positive,2,REV028273_F003;REV028275_F002
Jungle Beach,Lifeguard service,3,0,1,2,-0.333,neutral,3,REV028302_F002;REV028546_F002;REV028787_F001
Jungle Beach,Locker,1,0,1,0,-1.0,negative,1,REV028282_F003
Jungle Beach,Multilingual information,1,0,1,0,-1.0,negative,1,REV028313_F003
Jungle Beach,Parking,18,6,0,12,0.333,neutral,14,REV028288_F001;REV028313_F001;REV028319_F001;REV028321_F001;REV028321_F002;REV028349_F001;REV028375_F001;REV028375_F003;REV028375_F004;REV028530_F001;REV028530_F003;REV028548_F001;REV028591_F001;REV028699_F001;REV028700_F002;REV028708_F001;REV028751_F001;REV028792_F001
Jungle Beach,Pathway,9,3,2,4,0.111,neutral,9,REV028339_F001;REV028367_F001;REV028376_F001;REV028398_F001;REV028447_F001;REV028568_F001;REV028711_F002;REV028777_F001;REV028787_F001
Jungle Beach,Restaurant,56,14,8,34,0.107,neutral,47,REV028271_F001;REV028273_F002;REV028282_F007;REV028285_F001;REV028293_F001;REV028308_F001;REV028317_F001;REV028345_F001;REV028345_F002;REV028371_F001;REV028380_F001;REV028380_F002;REV028380_F003;REV028380_F004;REV028386_F001;REV028396_F001;REV028439_F002;REV028444_F001;REV028456_F001;REV028483_F001;REV028502_F002;REV028506_F001;REV028518_F001;REV028529_F001;REV028553_F001
Jungle Beach,Road access,16,2,5,9,-0.188,neutral,16,REV028280_F001;REV028282_F006;REV028299_F002;REV028314_F001;REV028324_F001;REV028357_F001;REV028450_F001;REV028502_F001;REV028539_F001;REV028558_F001;REV028641_F001;REV028651_F001;REV028683_F003;REV028686_F001;REV028691_F002;REV028775_F001
Jungle Beach,Seating,1,0,1,0,-1.0,negative,1,REV028740_F001
Jungle Beach,Security,6,0,2,4,-0.333,neutral,6,REV028266_F003;REV028302_F002;REV028546_F002;REV028787_F001;REV028811_F001;REV028826_F002
Jungle Beach,Shade or shelter,25,12,1,12,0.44,positive,22,REV028277_F001;REV028373_F002;REV028423_F001;REV028423_F002;REV028433_F001;REV028436_F001;REV028439_F002;REV028463_F001;REV028467_F001;REV028473_F001;REV028484_F001;REV028530_F002;REV028569_F001;REV028608_F002;REV028626_F001;REV028626_F003;REV028637_F002;REV028654_F001;REV028672_F003;REV028711_F001;REV028762_F001;REV028772_F001;REV028772_F002;REV028826_F001;REV028830_F001
Jungle Beach,Shop,7,2,1,4,0.143,neutral,7,REV028303_F001;REV028408_F001;REV028436_F002;REV028693_F002;REV028699_F001;REV028792_F001;REV028809_F001
Jungle Beach,Shower,7,3,2,2,0.143,positive,5,REV028279_F001;REV028279_F002;REV028279_F003;REV028349_F002;REV028419_F001;REV028530_F003;REV028792_F001
Jungle Beach,Signage,12,3,3,6,0.0,neutral,12,REV028284_F003;REV028313_F003;REV028372_F002;REV028412_F002;REV028439_F001;REV028522_F001;REV028557_F001;REV028582_F001;REV028608_F001;REV028632_F002;REV028802_F001;REV028822_F001
Jungle Beach,Snorkelling equipment rental,3,2,0,1,0.667,positive,3,REV028329_F001;REV028378_F001;REV028391_F001
Jungle Beach,Steps or stairs,17,4,4,9,0.0,neutral,17,REV028278_F001;REV028361_F001;REV028372_F001;REV028375_F002;REV028395_F001;REV028414_F001;REV028424_F001;REV028461_F001;REV028549_F001;REV028595_F001;REV028664_F001;REV028691_F002;REV028713_F002;REV028732_F001;REV028802_F002;REV028816_F001;REV028845_F001
Jungle Beach,Taxi service,4,0,1,3,-0.25,neutral,4,REV028323_F001;REV028401_F001;REV028631_F001;REV028682_F001
Jungle Beach,Ticket or receipt,1,0,0,1,0.0,neutral,1,REV028446_F001
Jungle Beach,Toilet,9,2,3,4,-0.111,neutral,7,REV028269_F001;REV028279_F001;REV028279_F002;REV028279_F003;REV028283_F001;REV028299_F002;REV028373_F001;REV028456_F002;REV028465_F002
Jungle Beach,Towel service,6,4,1,1,0.5,positive,5,REV028308_F002;REV028313_F002;REV028313_F003;REV028481_F001;REV028732_F002;REV028776_F002
Jungle Beach,Tuk tuk service,76,14,8,54,0.079,neutral,69,REV028252_F002;REV028255_F001;REV028263_F001;REV028265_F002;REV028273_F001;REV028274_F002;REV028282_F006;REV028284_F001;REV028286_F001;REV028291_F003;REV028299_F002;REV028348_F001;REV028350_F001;REV028364_F001;REV028365_F001;REV028391_F002;REV028393_F001;REV028401_F001;REV028412_F003;REV028424_F003;REV028477_F001;REV028496_F001;REV028496_F002;REV028503_F001;REV028509_F001
Jungle Beach,Waste bins,4,1,1,2,0.0,neutral,4,REV028407_F001;REV028469_F001;REV028501_F001;REV028521_F001
Kabalana Beach,Accommodation,8,2,3,3,-0.125,neutral,6,REV040025_F001;REV040027_F001;REV040027_F002;REV040034_F001;REV040044_F001;REV040044_F002;REV040049_F003;REV040050_F002
Kabalana Beach,Cafe,5,3,0,2,0.6,positive,5,REV040024_F001;REV040030_F001;REV040035_F002;REV040036_F001;REV040039_F001
Kabalana Beach,Entrance fee,3,2,0,1,0.667,positive,2,REV040031_F001;REV040049_F001;REV040049_F002
Kabalana Beach,Food stall,1,0,1,0,-1.0,negative,1,REV040025_F001
Kabalana Beach,Restaurant,8,4,1,3,0.375,positive,8,REV040024_F001;REV040029_F001;REV040034_F001;REV040035_F001;REV040038_F001;REV040039_F001;REV040041_F001;REV040043_F001
Kabalana Beach,Shade or shelter,2,0,1,1,-0.5,neutral,2,REV040025_F001;REV040028_F001
Kabalana Beach,Shop,1,0,1,0,-1.0,negative,1,REV040025_F001
Kabalana Beach,Tuk tuk service,1,0,0,1,0.0,neutral,1,REV040050_F001
Kalametiya Eco Bird Watching,Accommodation,15,3,1,11,0.133,neutral,12,REV040128_F001;REV040128_F002;REV040131_F001;REV040134_F001;REV040134_F003;REV040138_F001;REV040138_F002;REV040164_F001;REV040233_F001;REV040237_F001;REV040245_F001;REV040270_F002;REV040290_F001;REV040296_F001;REV040316_F001
Kalametiya Eco Bird Watching,Boat service,32,8,2,22,0.188,neutral,27,REV040080_F001;REV040082_F001;REV040091_F001;REV040099_F001;REV040099_F003;REV040101_F001;REV040105_F001;REV040108_F001;REV040126_F001;REV040137_F001;REV040146_F001;REV040146_F002;REV040175_F001;REV040177_F001;REV040188_F001;REV040192_F001;REV040196_F001;REV040211_F001;REV040244_F001;REV040244_F002;REV040249_F001;REV040265_F001;REV040270_F001;REV040270_F003;REV040281_F001
Kalametiya Eco Bird Watching,Brochure,6,3,0,3,0.5,positive,6,REV040100_F001;REV040145_F001;REV040158_F001;REV040163_F001;REV040296_F001;REV040301_F001
Kalametiya Eco Bird Watching,Drinking water,2,2,0,0,1.0,positive,2,REV040088_F001;REV040210_F002
Kalametiya Eco Bird Watching,Entrance fee,2,1,0,1,0.5,positive,2,REV040090_F001;REV040145_F002
Kalametiya Eco Bird Watching,Food stall,14,8,1,5,0.5,positive,13,REV040056_F002;REV040088_F002;REV040099_F004;REV040134_F004;REV040145_F001;REV040158_F001;REV040164_F001;REV040174_F002;REV040183_F001;REV040183_F002;REV040186_F002;REV040228_F001;REV040236_F005;REV040301_F001
Kalametiya Eco Bird Watching,Guide service,42,22,0,20,0.524,positive,38,REV040064_F001;REV040091_F002;REV040095_F001;REV040095_F002;REV040098_F001;REV040099_F002;REV040107_F001;REV040111_F001;REV040112_F001;REV040119_F001;REV040120_F001;REV040128_F002;REV040130_F001;REV040130_F002;REV040135_F001;REV040139_F001;REV040142_F001;REV040142_F002;REV040147_F001;REV040148_F001;REV040149_F001;REV040174_F001;REV040177_F002;REV040184_F001;REV040186_F001
Kalametiya Eco Bird Watching,Lighting,1,0,1,0,-1.0,negative,1,REV040125_F001
Kalametiya Eco Bird Watching,Public transport access,1,1,0,0,1.0,positive,1,REV040213_F001
Kalametiya Eco Bird Watching,Seating,3,2,0,1,0.667,positive,3,REV040104_F001;REV040156_F001;REV040296_F002
Kalametiya Eco Bird Watching,Shade or shelter,1,0,0,1,0.0,neutral,1,REV040148_F002
Kalametiya Eco Bird Watching,Shop,2,1,0,1,0.5,positive,2,REV040210_F001;REV040244_F003
Kalametiya Eco Bird Watching,Signage,1,0,0,1,0.0,neutral,1,REV040248_F001
Kalametiya Eco Bird Watching,Taxi service,1,0,0,1,0.0,neutral,1,REV040263_F001
Kalametiya Eco Bird Watching,Tuk tuk service,12,5,2,5,0.25,positive,10,REV040055_F001;REV040056_F001;REV040056_F003;REV040114_F001;REV040134_F002;REV040138_F002;REV040183_F003;REV040233_F001;REV040236_F003;REV040236_F004;REV040244_F004;REV040296_F001
Kalutara Bodhiya,Accommodation,11,2,1,8,0.091,neutral,9,REV040380_F001;REV040402_F001;REV040402_F002;REV040406_F001;REV040422_F001;REV040427_F001;REV040427_F002;REV040474_F001;REV040489_F001;REV040493_F002;REV040534_F001
Kalutara Bodhiya,Bridge,15,5,2,8,0.2,neutral,14,REV040329_F001;REV040330_F001;REV040338_F001;REV040377_F001;REV040377_F002;REV040405_F001;REV040408_F001;REV040419_F001;REV040465_F001;REV040477_F001;REV040484_F001;REV040501_F001;REV040504_F001;REV040530_F001;REV040547_F001
Kalutara Bodhiya,Cafe,1,0,0,1,0.0,neutral,1,REV040328_F002
Kalutara Bodhiya,Clothing cover service,2,0,0,2,0.0,neutral,2,REV040322_F001;REV040410_F001
Kalutara Bodhiya,Donation box,36,11,9,16,0.056,neutral,32,REV040317_F001;REV040320_F001;REV040327_F001;REV040363_F001;REV040370_F001;REV040371_F001;REV040379_F001;REV040388_F001;REV040399_F001;REV040400_F001;REV040402_F003;REV040403_F001;REV040412_F001;REV040450_F002;REV040454_F001;REV040467_F001;REV040481_F001;REV040487_F001;REV040488_F001;REV040499_F001;REV040500_F001;REV040506_F001;REV040514_F001;REV040517_F001;REV040517_F002
Kalutara Bodhiya,Entrance fee,28,7,9,12,-0.071,neutral,22,REV040320_F001;REV040325_F001;REV040363_F002;REV040379_F001;REV040403_F001;REV040405_F001;REV040450_F001;REV040454_F001;REV040454_F002;REV040474_F002;REV040481_F001;REV040481_F002;REV040489_F001;REV040489_F002;REV040489_F003;REV040497_F001;REV040499_F001;REV040500_F002;REV040506_F001;REV040516_F002;REV040516_F003;REV040519_F001;REV040527_F001;REV040530_F001;REV040546_F001
Kalutara Bodhiya,Guide service,8,3,1,4,0.25,neutral,7,REV040325_F002;REV040459_F001;REV040471_F001;REV040488_F002;REV040524_F001;REV040546_F004;REV040547_F002;REV040547_F003
Kalutara Bodhiya,Parking,10,3,0,7,0.3,neutral,10,REV040326_F001;REV040330_F001;REV040361_F001;REV040367_F001;REV040377_F001;REV040389_F001;REV040426_F001;REV040452_F001;REV040477_F002;REV040512_F001
Kalutara Bodhiya,Pathway,3,1,0,2,0.333,neutral,3,REV040323_F001;REV040388_F001;REV040466_F001
Kalutara Bodhiya,Public transport access,5,1,1,3,0.0,neutral,5,REV040328_F002;REV040402_F003;REV040419_F002;REV040509_F001;REV040546_F001
Kalutara Bodhiya,Road access,4,0,0,4,0.0,neutral,4,REV040474_F003;REV040489_F003;REV040497_F002;REV040529_F001
Kalutara Bodhiya,Safety barrier,1,0,0,1,0.0,neutral,1,REV040469_F001
Kalutara Bodhiya,Seating,1,1,0,0,1.0,positive,1,REV040321_F002
Kalutara Bodhiya,Shoe storage,8,1,0,7,0.125,neutral,8,REV040317_F001;REV040360_F001;REV040410_F002;REV040459_F002;REV040493_F001;REV040518_F002;REV040521_F001;REV040545_F001
Kalutara Bodhiya,Shop,4,1,0,3,0.25,neutral,4,REV040362_F002;REV040371_F001;REV040546_F003;REV040547_F004
Kalutara Bodhiya,Signage,2,0,1,1,-0.5,neutral,2,REV040460_F001;REV040548_F001
Kalutara Bodhiya,Steps or stairs,7,3,1,3,0.286,positive,6,REV040321_F001;REV040373_F001;REV040389_F002;REV040399_F001;REV040472_F001;REV040474_F004;REV040474_F005
Kalutara Bodhiya,Ticket or receipt,2,0,1,1,-0.5,neutral,2,REV040324_F001;REV040467_F001
Kalutara Bodhiya,Tuk tuk service,9,3,1,5,0.222,neutral,8,REV040328_F001;REV040362_F001;REV040362_F002;REV040365_F001;REV040373_F002;REV040418_F001;REV040427_F001;REV040474_F001;REV040516_F001
Kalutara Bodhiya,Waste bins,1,0,0,1,0.0,neutral,1,REV040467_F001
Kande Viharaya Temple,Accessibility ramp,2,1,0,1,0.5,positive,2,REV028854_F001;REV028895_F002
Kande Viharaya Temple,Accommodation,8,1,0,7,0.125,neutral,6,REV028866_F001;REV028904_F001;REV028913_F001;REV028913_F002;REV028927_F001;REV028958_F001;REV028971_F001;REV028971_F002
Kande Viharaya Temple,Boat service,2,0,0,2,0.0,neutral,1,REV028851_F001;REV028851_F002
Kande Viharaya Temple,Cafe,1,0,0,1,0.0,neutral,1,REV028854_F002
Kande Viharaya Temple,Donation box,6,2,2,2,0.0,positive,6,REV028902_F001;REV028904_F006;REV028916_F001;REV028918_F001;REV028921_F002;REV028925_F002
Kande Viharaya Temple,Entrance fee,6,1,3,2,-0.333,negative,4,REV028870_F001;REV028871_F001;REV028871_F002;REV028916_F001;REV028958_F002;REV028958_F003
Kande Viharaya Temple,Guide service,6,3,0,3,0.5,positive,6,REV028858_F001;REV028863_F002;REV028864_F001;REV028906_F001;REV028919_F001;REV028921_F001
Kande Viharaya Temple,Multilingual information,3,0,1,2,-0.333,neutral,3,REV028896_F001;REV028929_F001;REV028932_F001
Kande Viharaya Temple,Parking,5,2,1,2,0.2,positive,5,REV028870_F001;REV028873_F001;REV028928_F001;REV028930_F002;REV028948_F001
Kande Viharaya Temple,Shoe storage,3,0,1,2,-0.333,neutral,3,REV028919_F002;REV028921_F002;REV028931_F001
Kande Viharaya Temple,Signage,1,0,0,1,0.0,neutral,1,REV028891_F001
Kande Viharaya Temple,Steps or stairs,10,0,1,9,-0.1,neutral,7,REV028851_F003;REV028904_F002;REV028904_F003;REV028904_F004;REV028904_F005;REV028923_F001;REV028925_F001;REV028930_F001;REV028935_F001;REV028937_F001
Kande Viharaya Temple,Taxi service,2,1,0,1,0.5,positive,2,REV028961_F001;REV028965_F001
Kande Viharaya Temple,Ticket or receipt,1,0,0,1,0.0,neutral,1,REV028925_F002
Kande Viharaya Temple,Tuk tuk service,16,3,2,11,0.062,neutral,16,REV028851_F004;REV028863_F001;REV028867_F001;REV028880_F001;REV028895_F001;REV028897_F001;REV028904_F002;REV028906_F001;REV028911_F001;REV028913_F002;REV028915_F001;REV028941_F001;REV028947_F001;REV028957_F001;REV028959_F001;REV028960_F001
Kande Viharaya Temple,View platform,1,0,0,1,0.0,neutral,1,REV028850_F001
Kandy Lake,Accessibility ramp,1,0,0,1,0.0,neutral,1,REV017931_F001
Kandy Lake,Accommodation,34,9,3,22,0.176,neutral,31,REV017471_F001;REV017477_F001;REV017498_F001;REV017525_F001;REV017572_F001;REV017599_F001;REV017614_F001;REV017632_F001;REV017633_F002;REV017643_F001;REV017644_F001;REV017673_F001;REV017680_F001;REV017697_F001;REV017720_F001;REV017748_F001;REV017752_F002;REV017754_F001;REV017798_F001;REV017822_F001;REV017822_F002;REV017825_F001;REV017831_F001;REV017872_F001;REV017875_F001
Kandy Lake,Boat rental,1,1,0,0,1.0,positive,1,REV017685_F001
Kandy Lake,Boat service,34,9,3,22,0.176,neutral,26,REV017516_F001;REV017517_F001;REV017524_F001;REV017528_F001;REV017566_F001;REV017566_F002;REV017566_F003;REV017608_F001;REV017617_F001;REV017632_F002;REV017653_F001;REV017666_F001;REV017685_F001;REV017712_F001;REV017756_F001;REV017780_F001;REV017780_F002;REV017798_F002;REV017841_F001;REV017845_F002;REV017846_F001;REV017846_F002;REV017851_F001;REV017851_F002;REV017861_F002
Kandy Lake,Bridge,2,0,0,2,0.0,neutral,2,REV017713_F001;REV017885_F002
Kandy Lake,Brochure,1,0,1,0,-1.0,negative,1,REV017693_F001
Kandy Lake,Cafe,8,1,3,4,-0.25,neutral,8,REV017667_F001;REV017733_F002;REV017743_F001;REV017772_F001;REV017781_F002;REV017784_F001;REV017971_F001;REV017993_F001
Kandy Lake,Entrance fee,8,4,1,3,0.375,positive,8,REV017566_F002;REV017666_F001;REV017709_F001;REV017722_F001;REV017756_F001;REV017865_F003;REV017903_F001;REV018031_F003
Kandy Lake,Food stall,7,1,1,5,0.0,neutral,7,REV017603_F001;REV017614_F001;REV017747_F001;REV017749_F002;REV017861_F001;REV018004_F001;REV018039_F001
Kandy Lake,General facilities,2,0,0,2,0.0,neutral,2,REV017918_F001;REV017966_F001
Kandy Lake,Guide service,6,3,0,3,0.5,positive,5,REV017502_F001;REV017502_F002;REV017653_F001;REV017775_F001;REV017809_F001;REV018031_F004
Kandy Lake,Lighting,1,0,1,0,-1.0,negative,1,REV017512_F001
Kandy Lake,Parking,4,1,0,3,0.25,neutral,4,REV017522_F001;REV017535_F002;REV017808_F001;REV017926_F001
Kandy Lake,Pathway,51,8,9,34,-0.02,neutral,47,REV017488_F003;REV017520_F001;REV017522_F002;REV017534_F001;REV017543_F001;REV017557_F001;REV017562_F001;REV017567_F001;REV017604_F001;REV017617_F002;REV017617_F003;REV017636_F001;REV017648_F002;REV017669_F001;REV017669_F002;REV017675_F001;REV017694_F001;REV017696_F001;REV017715_F001;REV017715_F002;REV017715_F003;REV017716_F001;REV017727_F001;REV017730_F001;REV017733_F001
Kandy Lake,Public transport access,5,1,0,4,0.2,neutral,5,REV017613_F001;REV017633_F001;REV017787_F001;REV017865_F001;REV017891_F001
Kandy Lake,Restaurant,20,7,4,9,0.15,neutral,19,REV017461_F001;REV017601_F001;REV017603_F001;REV017686_F001;REV017743_F001;REV017761_F001;REV017810_F001;REV017811_F001;REV017817_F001;REV017857_F001;REV017870_F001;REV017883_F001;REV017891_F001;REV017902_F001;REV017902_F002;REV017934_F001;REV017945_F001;REV017971_F001;REV017973_F001;REV017974_F001
Kandy Lake,Road access,4,0,0,4,0.0,neutral,3,REV018014_F002;REV018023_F001;REV018023_F002;REV018024_F001
Kandy Lake,Safety barrier,1,1,0,0,1.0,positive,1,REV017582_F001
Kandy Lake,Seating,18,4,1,13,0.167,neutral,17,REV017546_F001;REV017547_F001;REV017548_F002;REV017557_F002;REV017576_F001;REV017588_F001;REV017600_F001;REV017633_F003;REV017633_F004;REV017705_F001;REV017749_F003;REV017845_F003;REV017898_F001;REV017901_F001;REV017902_F001;REV018007_F001;REV018031_F003;REV018049_F001
Kandy Lake,Shade or shelter,9,2,0,7,0.222,neutral,9,REV017458_F001;REV017507_F001;REV017564_F001;REV017590_F001;REV017670_F001;REV017726_F001;REV017749_F004;REV017963_F001;REV018031_F002
Kandy Lake,Shop,9,0,3,6,-0.333,neutral,9,REV017457_F001;REV017461_F001;REV017481_F001;REV017578_F001;REV017857_F001;REV017892_F001;REV017934_F001;REV017992_F001;REV018039_F001
Kandy Lake,Signage,3,0,0,3,0.0,neutral,3,REV017495_F001;REV017504_F001;REV017648_F001
Kandy Lake,Steps or stairs,3,0,0,3,0.0,neutral,3,REV017488_F002;REV017548_F001;REV017633_F005
Kandy Lake,Taxi service,4,0,2,2,-0.5,neutral,4,REV017693_F001;REV017779_F001;REV017814_F001;REV017840_F001
Kandy Lake,Ticket or receipt,5,0,1,4,-0.2,neutral,3,REV017781_F001;REV017840_F001;REV017865_F001;REV017865_F002;REV017865_F003
Kandy Lake,Train service,4,0,1,3,-0.25,neutral,4,REV017744_F001;REV017768_F001;REV017817_F001;REV017881_F001
Kandy Lake,Tuk tuk service,25,6,6,13,0.0,neutral,23,REV017464_F001;REV017474_F001;REV017488_F001;REV017488_F002;REV017493_F001;REV017499_F001;REV017506_F001;REV017510_F001;REV017535_F001;REV017535_F002;REV017537_F001;REV017656_F001;REV017693_F001;REV017755_F001;REV017766_F001;REV017784_F002;REV017842_F001;REV017843_F001;REV017858_F001;REV017890_F001;REV017917_F001;REV017957_F001;REV018002_F001;REV018014_F002;REV018023_F002
Kandy View Point,Accessibility ramp,2,2,0,0,1.0,positive,1,REV040883_F001;REV040883_F002
Kandy View Point,Accommodation,31,8,3,20,0.161,neutral,29,REV040565_F001;REV040567_F002;REV040569_F001;REV040586_F001;REV040601_F001;REV040615_F001;REV040619_F001;REV040635_F002;REV040668_F002;REV040689_F001;REV040703_F001;REV040705_F001;REV040705_F002;REV040739_F001;REV040747_F001;REV040751_F001;REV040757_F001;REV040764_F001;REV040795_F001;REV040845_F001;REV040846_F001;REV040846_F003;REV040863_F001;REV040874_F001;REV040875_F001
Kandy View Point,Bike rental,1,0,0,1,0.0,neutral,1,REV040872_F001
Kandy View Point,Boat service,1,0,0,1,0.0,neutral,1,REV040655_F001
Kandy View Point,Brochure,2,0,0,2,0.0,neutral,2,REV040643_F001;REV040938_F001
Kandy View Point,Cafe,1,0,0,1,0.0,neutral,1,REV040869_F001
Kandy View Point,Entrance fee,14,2,2,10,0.0,neutral,14,REV040598_F002;REV040605_F002;REV040640_F001;REV040715_F001;REV040728_F001;REV040731_F001;REV040788_F001;REV040846_F002;REV040908_F001;REV040910_F001;REV040916_F001;REV040917_F001;REV040931_F001;REV041047_F001
Kandy View Point,Food stall,1,0,0,1,0.0,neutral,1,REV040679_F001
Kandy View Point,General facilities,2,0,1,1,-0.5,neutral,2,REV040671_F001;REV040819_F002
Kandy View Point,Guide service,7,1,1,5,0.0,neutral,7,REV040563_F001;REV040567_F001;REV040836_F001;REV040837_F001;REV040886_F001;REV040898_F001;REV040974_F001
Kandy View Point,Lighting,2,0,0,2,0.0,neutral,2,REV040714_F001;REV040751_F001
Kandy View Point,Parking,18,2,9,7,-0.389,negative,16,REV040613_F001;REV040622_F001;REV040651_F001;REV040665_F001;REV040668_F001;REV040673_F001;REV040688_F001;REV040842_F001;REV040842_F002;REV040860_F002;REV040911_F001;REV040935_F001;REV040942_F002;REV040969_F001;REV041016_F001;REV041028_F001;REV041028_F002;REV041054_F001
Kandy View Point,Pathway,1,0,1,0,-1.0,negative,1,REV040861_F001
Kandy View Point,Public transport access,5,2,0,3,0.4,neutral,5,REV040657_F001;REV040739_F001;REV040909_F001;REV040971_F001;REV041050_F001
Kandy View Point,Restaurant,22,8,1,13,0.318,neutral,22,REV040601_F001;REV040619_F001;REV040657_F003;REV040689_F001;REV040757_F001;REV040764_F002;REV040766_F001;REV040801_F002;REV040839_F001;REV040846_F003;REV040854_F001;REV040856_F001;REV040860_F001;REV040862_F001;REV040874_F002;REV040876_F001;REV040925_F001;REV040944_F001;REV041026_F002;REV041037_F001;REV041038_F001;REV041043_F001
Kandy View Point,Road access,8,0,4,4,-0.5,neutral,8,REV040643_F002;REV040673_F001;REV040682_F001;REV040683_F002;REV040688_F002;REV040938_F002;REV040952_F001;REV041008_F001
Kandy View Point,Safety barrier,1,0,0,1,0.0,neutral,1,REV040683_F001
Kandy View Point,Seating,3,0,0,3,0.0,neutral,3,REV040708_F002;REV040779_F001;REV040967_F001
Kandy View Point,Security,1,0,0,1,0.0,neutral,1,REV040657_F004
Kandy View Point,Shade or shelter,5,1,1,3,0.0,neutral,5,REV040635_F002;REV040665_F001;REV040688_F003;REV040699_F001;REV040882_F001
Kandy View Point,Shop,7,2,0,5,0.286,neutral,7,REV040615_F003;REV040730_F001;REV040749_F001;REV040769_F001;REV040798_F001;REV040874_F002;REV040926_F002
Kandy View Point,Shower,2,2,0,0,1.0,positive,2,REV040909_F001;REV041022_F001
Kandy View Point,Signage,2,1,0,1,0.5,positive,2,REV040615_F002;REV040701_F001
Kandy View Point,Souvenir shop,12,1,2,9,-0.083,neutral,12,REV040663_F001;REV040679_F001;REV040709_F001;REV040740_F001;REV040788_F002;REV040817_F001;REV040893_F001;REV040913_F001;REV040925_F001;REV041020_F001;REV041046_F001;REV041049_F001
Kandy View Point,Steps or stairs,5,1,1,3,0.0,neutral,5,REV040708_F001;REV040834_F002;REV040938_F001;REV040972_F001;REV041054_F002
Kandy View Point,Taxi service,10,2,2,6,0.0,neutral,10,REV040743_F001;REV040796_F001;REV040809_F001;REV040812_F001;REV040901_F001;REV040946_F001;REV040950_F001;REV041036_F001;REV041049_F001;REV041053_F001
Kandy View Point,Ticket or receipt,2,1,1,0,0.0,positive,2,REV040882_F002;REV040894_F001
Kandy View Point,Train service,1,0,0,1,0.0,neutral,1,REV040801_F001
Kandy View Point,Tuk tuk service,55,10,2,43,0.145,neutral,51,REV040566_F001;REV040575_F001;REV040587_F001;REV040602_F001;REV040605_F001;REV040607_F001;REV040611_F001;REV040640_F001;REV040662_F001;REV040669_F001;REV040674_F001;REV040689_F001;REV040695_F001;REV040715_F001;REV040718_F001;REV040720_F001;REV040731_F001;REV040735_F001;REV040750_F001;REV040758_F001;REV040790_F001;REV040791_F001;REV040793_F001;REV040800_F001;REV040812_F001
Kandy View Point,View platform,24,6,3,15,0.125,neutral,23,REV040584_F001;REV040590_F001;REV040598_F001;REV040601_F002;REV040604_F001;REV040633_F001;REV040634_F001;REV040635_F001;REV040668_F001;REV040682_F001;REV040683_F002;REV040716_F001;REV040738_F001;REV040744_F001;REV040767_F001;REV040830_F001;REV040846_F003;REV040888_F001;REV040953_F001;REV040964_F001;REV040996_F001;REV041018_F001;REV041018_F002;REV041026_F001
Kandy View Point,Visitor centre,1,0,1,0,-1.0,negative,1,REV040657_F002
Kanniya Hot Springs,Accommodation,3,0,0,3,0.0,neutral,3,REV041103_F001;REV041297_F001;REV041309_F002
Kanniya Hot Springs,Brochure,4,0,2,2,-0.5,neutral,3,REV041072_F001;REV041097_F001;REV041097_F002;REV041282_F001
Kanniya Hot Springs,Changing room,21,8,1,12,0.333,neutral,19,REV041064_F002;REV041074_F001;REV041090_F001;REV041128_F001;REV041133_F001;REV041153_F001;REV041201_F001;REV041245_F001;REV041254_F001;REV041271_F002;REV041287_F001;REV041287_F002;REV041287_F003;REV041288_F002;REV041297_F001;REV041314_F001;REV041316_F001;REV041323_F001;REV041327_F001;REV041336_F001;REV041361_F002
Kanniya Hot Springs,Entrance fee,47,7,9,31,-0.043,neutral,45,REV041064_F001;REV041066_F001;REV041080_F002;REV041118_F001;REV041139_F001;REV041143_F001;REV041146_F001;REV041148_F001;REV041152_F001;REV041154_F001;REV041155_F001;REV041157_F001;REV041158_F001;REV041160_F002;REV041176_F001;REV041182_F001;REV041188_F001;REV041195_F001;REV041198_F001;REV041205_F001;REV041206_F001;REV041207_F001;REV041210_F001;REV041213_F001;REV041222_F001
Kanniya Hot Springs,Food stall,8,1,2,5,-0.125,neutral,7,REV041067_F001;REV041067_F002;REV041087_F001;REV041124_F002;REV041157_F003;REV041161_F001;REV041276_F002;REV041351_F001
Kanniya Hot Springs,General facilities,10,2,2,6,0.0,neutral,9,REV041073_F001;REV041082_F001;REV041149_F001;REV041208_F001;REV041209_F001;REV041293_F001;REV041331_F001;REV041331_F002;REV041335_F004;REV041347_F001
Kanniya Hot Springs,Guide service,2,0,0,2,0.0,neutral,2,REV041063_F001;REV041237_F001
Kanniya Hot Springs,Information board,2,1,0,1,0.5,positive,2,REV041256_F001;REV041285_F002
Kanniya Hot Springs,Market stalls,2,1,0,1,0.5,positive,2,REV041231_F002;REV041297_F001
Kanniya Hot Springs,Parking,18,3,2,13,0.056,neutral,18,REV041066_F002;REV041090_F002;REV041094_F001;REV041121_F001;REV041137_F001;REV041148_F001;REV041158_F001;REV041170_F001;REV041205_F001;REV041212_F001;REV041214_F001;REV041219_F002;REV041266_F001;REV041272_F001;REV041285_F004;REV041290_F002;REV041295_F001;REV041340_F001
Kanniya Hot Springs,Pathway,1,0,1,0,-1.0,negative,1,REV041123_F001
Kanniya Hot Springs,Public transport access,2,0,1,1,-0.5,neutral,2,REV041070_F001;REV041309_F001
Kanniya Hot Springs,Restaurant,1,0,1,0,-1.0,negative,1,REV041087_F001
Kanniya Hot Springs,Road access,1,0,0,1,0.0,neutral,1,REV041335_F001
Kanniya Hot Springs,Safety barrier,1,0,1,0,-1.0,negative,1,REV041097_F002
Kanniya Hot Springs,Shoe storage,4,0,0,4,0.0,neutral,4,REV041160_F001;REV041227_F001;REV041306_F001;REV041358_F001
Kanniya Hot Springs,Shop,6,3,1,2,0.333,positive,6,REV041064_F001;REV041087_F001;REV041157_F003;REV041197_F001;REV041280_F001;REV041295_F001
Kanniya Hot Springs,Shower,9,4,1,4,0.333,positive,7,REV041099_F001;REV041102_F001;REV041217_F001;REV041217_F002;REV041217_F003;REV041225_F002;REV041250_F001;REV041258_F001;REV041259_F001
Kanniya Hot Springs,Signage,4,0,2,2,-0.5,neutral,4,REV041105_F001;REV041157_F002;REV041254_F002;REV041282_F001
Kanniya Hot Springs,Souvenir shop,9,1,0,8,0.111,neutral,9,REV041116_F001;REV041153_F002;REV041158_F001;REV041174_F001;REV041212_F001;REV041232_F002;REV041274_F001;REV041297_F001;REV041334_F001
Kanniya Hot Springs,Steps or stairs,4,1,0,3,0.25,neutral,4,REV041114_F001;REV041276_F001;REV041286_F002;REV041297_F001
Kanniya Hot Springs,Ticket counter,3,1,0,2,0.333,neutral,3,REV041219_F001;REV041285_F002;REV041357_F001
Kanniya Hot Springs,Ticket or receipt,19,3,6,10,-0.158,neutral,16,REV041094_F001;REV041100_F001;REV041124_F001;REV041154_F002;REV041155_F001;REV041170_F002;REV041183_F001;REV041212_F001;REV041219_F001;REV041219_F002;REV041271_F001;REV041272_F001;REV041280_F002;REV041285_F002;REV041285_F003;REV041285_F004;REV041322_F001;REV041350_F002;REV041357_F001
Kanniya Hot Springs,Toilet,18,7,4,7,0.167,positive,16,REV041121_F002;REV041130_F001;REV041153_F001;REV041156_F001;REV041231_F001;REV041231_F002;REV041244_F001;REV041285_F005;REV041287_F001;REV041287_F002;REV041288_F002;REV041317_F001;REV041326_F001;REV041327_F001;REV041329_F001;REV041333_F003;REV041335_F002;REV041336_F001
Kanniya Hot Springs,Towel service,5,0,0,5,0.0,neutral,5,REV041080_F001;REV041144_F001;REV041189_F001;REV041342_F001;REV041361_F002
Kanniya Hot Springs,Tuk tuk service,4,1,0,3,0.25,neutral,4,REV041214_F001;REV041239_F001;REV041255_F001;REV041260_F001
Kataragama Temple,Accommodation,21,7,2,12,0.238,neutral,18,REV041367_F002;REV041371_F001;REV041378_F001;REV041379_F001;REV041382_F001;REV041386_F001;REV041419_F001;REV041441_F001;REV041453_F001;REV041548_F001;REV041577_F001;REV041592_F001;REV041594_F001;REV041594_F003;REV041594_F005;REV041608_F001;REV041614_F001;REV041618_F001;REV041649_F002;REV041649_F003;REV041655_F001
Kataragama Temple,Bridge,4,0,1,3,-0.25,neutral,4,REV041446_F001;REV041550_F001;REV041640_F002;REV041647_F001
Kataragama Temple,Brochure,3,1,2,0,-0.333,negative,3,REV041528_F001;REV041575_F001;REV041587_F001
Kataragama Temple,Clothing cover service,1,0,1,0,-1.0,negative,1,REV041478_F001
Kataragama Temple,Donation box,2,0,1,1,-0.5,neutral,2,REV041419_F002;REV041564_F003
Kataragama Temple,Entrance fee,6,1,2,3,-0.167,neutral,6,REV041470_F001;REV041528_F002;REV041564_F001;REV041577_F001;REV041604_F001;REV041629_F001
Kataragama Temple,Food stall,3,1,0,2,0.333,neutral,3,REV041385_F001;REV041407_F001;REV041625_F002
Kataragama Temple,Guide service,2,0,0,2,0.0,neutral,2,REV041403_F001;REV041583_F001
Kataragama Temple,Lighting,2,0,1,1,-0.5,neutral,2,REV041431_F001;REV041600_F003
Kataragama Temple,Parking,17,4,3,10,0.059,neutral,16,REV041367_F003;REV041378_F002;REV041411_F001;REV041425_F001;REV041459_F001;REV041462_F001;REV041483_F001;REV041491_F001;REV041512_F001;REV041545_F001;REV041548_F001;REV041578_F001;REV041600_F001;REV041637_F001;REV041637_F003;REV041640_F001;REV041647_F001
Kataragama Temple,Pathway,4,1,0,3,0.25,neutral,3,REV041446_F001;REV041631_F001;REV041631_F002;REV041639_F001
Kataragama Temple,Public transport access,8,3,0,5,0.375,neutral,7,REV041460_F001;REV041549_F001;REV041564_F002;REV041577_F001;REV041594_F002;REV041625_F001;REV041649_F001;REV041649_F004
Kataragama Temple,Rest area,1,1,0,0,1.0,positive,1,REV041367_F004
Kataragama Temple,Restaurant,3,2,1,0,0.333,positive,2,REV041367_F001;REV041378_F001;REV041378_F003
Kataragama Temple,Road access,5,1,1,3,0.0,neutral,5,REV041367_F004;REV041507_F001;REV041589_F002;REV041632_F001;REV041636_F001
Kataragama Temple,Safety barrier,1,0,1,0,-1.0,negative,1,REV041494_F001
Kataragama Temple,Security,9,0,1,8,-0.111,neutral,8,REV041365_F001;REV041403_F002;REV041403_F003;REV041408_F001;REV041425_F001;REV041454_F001;REV041538_F001;REV041599_F001;REV041600_F004
Kataragama Temple,Shade or shelter,2,0,0,2,0.0,neutral,2,REV041526_F001;REV041638_F002
Kataragama Temple,Shoe storage,2,0,0,2,0.0,neutral,2,REV041411_F002;REV041638_F001
Kataragama Temple,Shop,10,2,1,7,0.1,neutral,9,REV041378_F003;REV041397_F001;REV041460_F002;REV041473_F001;REV041473_F002;REV041529_F001;REV041571_F001;REV041589_F002;REV041594_F004;REV041640_F001
Kataragama Temple,Souvenir shop,1,0,0,1,0.0,neutral,1,REV041634_F001
Kataragama Temple,Taxi service,6,1,3,2,-0.333,negative,5,REV041367_F005;REV041367_F006;REV041575_F001;REV041577_F001;REV041604_F001;REV041627_F001
Kataragama Temple,Toilet,2,0,0,2,0.0,neutral,1,REV041540_F001;REV041540_F002
Kataragama Temple,Train service,1,1,0,0,1.0,positive,1,REV041594_F002
Kataragama Temple,Tuk tuk service,4,2,0,2,0.5,positive,4,REV041379_F001;REV041589_F001;REV041624_F001;REV041637_F002
Kataragama Temple,Waste bins,1,1,0,0,1.0,positive,1,REV041600_F002
Kaudulla National Park,Accommodation,55,18,5,32,0.236,neutral,49,REV033367_F001;REV033369_F002;REV033386_F001;REV033403_F001;REV033429_F001;REV033429_F002;REV033456_F001;REV033461_F001;REV033463_F001;REV033464_F001;REV033485_F001;REV033493_F001;REV033496_F001;REV033506_F002;REV033506_F003;REV033508_F001;REV033512_F001;REV033534_F002;REV033540_F003;REV033570_F001;REV033574_F001;REV033576_F001;REV033601_F001;REV033606_F001;REV033617_F001
Kaudulla National Park,Drinking water,1,1,0,0,1.0,positive,1,REV033518_F002
Kaudulla National Park,Entrance fee,58,16,7,35,0.155,neutral,48,REV033393_F001;REV033407_F002;REV033420_F002;REV033429_F002;REV033429_F003;REV033429_F006;REV033437_F001;REV033439_F001;REV033439_F002;REV033442_F001;REV033442_F002;REV033455_F001;REV033478_F001;REV033478_F002;REV033486_F001;REV033493_F001;REV033496_F001;REV033503_F001;REV033540_F001;REV033547_F001;REV033549_F001;REV033578_F002;REV033589_F002;REV033594_F002;REV033596_F001
Kaudulla National Park,General facilities,4,1,1,2,0.0,neutral,4,REV033366_F002;REV033407_F003;REV033579_F001;REV033826_F001
Kaudulla National Park,Guide service,26,9,4,13,0.192,neutral,25,REV033366_F003;REV033393_F002;REV033394_F001;REV033401_F001;REV033403_F001;REV033409_F001;REV033483_F001;REV033500_F001;REV033508_F001;REV033509_F001;REV033554_F001;REV033561_F001;REV033589_F001;REV033657_F001;REV033666_F001;REV033668_F001;REV033673_F001;REV033692_F001;REV033751_F002;REV033754_F001;REV033765_F001;REV033816_F004;REV033816_F005;REV033820_F001;REV033853_F001
Kaudulla National Park,Jeep service,48,16,2,30,0.292,neutral,44,REV033369_F001;REV033386_F003;REV033415_F001;REV033420_F001;REV033427_F001;REV033465_F001;REV033465_F002;REV033504_F001;REV033506_F001;REV033515_F001;REV033518_F001;REV033528_F001;REV033537_F001;REV033537_F002;REV033540_F002;REV033552_F001;REV033558_F001;REV033560_F001;REV033563_F001;REV033578_F001;REV033578_F003;REV033595_F001;REV033603_F001;REV033611_F001;REV033612_F001
Kaudulla National Park,Parking,4,1,0,3,0.25,neutral,3,REV033582_F001;REV033598_F001;REV033598_F002;REV033732_F002
Kaudulla National Park,Rest area,2,0,0,2,0.0,neutral,2,REV033581_F001;REV033768_F002
Kaudulla National Park,Restaurant,1,0,0,1,0.0,neutral,1,REV033732_F001
Kaudulla National Park,Road access,5,0,0,5,0.0,neutral,5,REV033559_F001;REV033621_F002;REV033647_F001;REV033662_F003;REV033696_F002
Kaudulla National Park,Safety barrier,1,0,0,1,0.0,neutral,1,REV033385_F001
Kaudulla National Park,Seating,5,1,1,3,0.0,neutral,5,REV033605_F001;REV033645_F001;REV033749_F001;REV033759_F001;REV033842_F002
Kaudulla National Park,Security,4,0,0,4,0.0,neutral,4,REV033532_F001;REV033606_F002;REV033695_F001;REV033739_F001
Kaudulla National Park,Shade or shelter,2,0,1,1,-0.5,neutral,2,REV033559_F002;REV033828_F001
Kaudulla National Park,Shop,2,2,0,0,1.0,positive,2,REV033654_F001;REV033753_F001
Kaudulla National Park,Shower,1,0,1,0,-1.0,negative,1,REV033616_F001
Kaudulla National Park,Signage,4,1,1,2,0.0,neutral,3,REV033503_F001;REV033534_F001;REV033594_F003;REV033594_F004
Kaudulla National Park,Taxi service,2,1,1,0,0.0,positive,2,REV033594_F001;REV033600_F001
Kaudulla National Park,Ticket counter,2,0,0,2,0.0,neutral,2,REV033390_F001;REV033778_F002
Kaudulla National Park,Ticket or receipt,24,3,0,21,0.125,neutral,17,REV033366_F001;REV033386_F002;REV033390_F001;REV033390_F002;REV033392_F001;REV033402_F001;REV033407_F001;REV033420_F002;REV033429_F002;REV033429_F003;REV033429_F004;REV033429_F005;REV033464_F002;REV033600_F002;REV033614_F001;REV033737_F002;REV033778_F001;REV033778_F002;REV033793_F001;REV033816_F002;REV033816_F003;REV033816_F006;REV033847_F001;REV033854_F003
Kaudulla National Park,Toilet,3,0,0,3,0.0,neutral,2,REV033626_F002;REV033626_F003;REV033850_F001
Kaudulla National Park,Tuk tuk service,1,1,0,0,1.0,positive,1,REV033641_F001
Kaudulla National Park,Visitor centre,1,1,0,0,1.0,positive,1,REV033806_F001
Keerimalai Hot springs,Accommodation,4,0,1,3,-0.25,neutral,4,REV041694_F001;REV041733_F001;REV041762_F001;REV041763_F001
Keerimalai Hot springs,Brochure,1,0,1,0,-1.0,negative,1,REV041763_F001
Keerimalai Hot springs,Changing room,12,5,5,2,0.0,positive,11,REV041659_F002;REV041676_F001;REV041676_F002;REV041678_F001;REV041689_F002;REV041700_F001;REV041734_F001;REV041754_F001;REV041771_F003;REV041772_F001;REV041780_F001;REV041785_F001
Keerimalai Hot springs,Clothing cover service,2,0,1,1,-0.5,neutral,2,REV041713_F001;REV041739_F001
Keerimalai Hot springs,Entrance fee,9,5,0,4,0.556,positive,9,REV041659_F001;REV041701_F002;REV041722_F001;REV041726_F001;REV041730_F001;REV041734_F001;REV041742_F003;REV041764_F001;REV041771_F004
Keerimalai Hot springs,Food stall,1,0,0,1,0.0,neutral,1,REV041693_F001
Keerimalai Hot springs,General facilities,3,2,0,1,0.667,positive,3,REV041670_F001;REV041689_F001;REV041698_F001
Keerimalai Hot springs,Guide service,1,0,1,0,-1.0,negative,1,REV041787_F001
Keerimalai Hot springs,Information board,1,0,0,1,0.0,neutral,1,REV041778_F001
Keerimalai Hot springs,Locker,1,0,1,0,-1.0,negative,1,REV041676_F001
Keerimalai Hot springs,Parking,3,2,0,1,0.667,positive,3,REV041669_F001;REV041673_F001;REV041750_F002
Keerimalai Hot springs,Public transport access,3,1,0,2,0.333,neutral,3,REV041699_F001;REV041733_F002;REV041771_F001
Keerimalai Hot springs,Road access,1,1,0,0,1.0,positive,1,REV041771_F001
Keerimalai Hot springs,Shop,1,0,0,1,0.0,neutral,1,REV041701_F002
Keerimalai Hot springs,Shower,5,3,0,2,0.6,positive,5,REV041679_F003;REV041692_F001;REV041742_F003;REV041773_F001;REV041779_F001
Keerimalai Hot springs,Signage,2,0,1,1,-0.5,neutral,1,REV041750_F001;REV041750_F003
Keerimalai Hot springs,Steps or stairs,4,1,2,1,-0.25,negative,4,REV041679_F001;REV041701_F001;REV041742_F001;REV041743_F001
Keerimalai Hot springs,Taxi service,1,0,0,1,0.0,neutral,1,REV041742_F002
Keerimalai Hot springs,Ticket or receipt,1,0,1,0,-1.0,negative,1,REV041679_F002
Keerimalai Hot springs,Toilet,5,3,2,0,0.2,positive,5,REV041659_F002;REV041669_F002;REV041724_F001;REV041750_F002;REV041780_F001
Keerimalai Hot springs,Train service,1,0,0,1,0.0,neutral,1,REV041771_F002
Keerimalai Hot springs,Tuk tuk service,5,1,0,4,0.2,neutral,5,REV041680_F001;REV041726_F001;REV041742_F002;REV041761_F001;REV041774_F001
Kelaniya Raja Maha Vihara,Accommodation,8,3,0,5,0.375,neutral,7,REV003255_F001;REV003288_F001;REV003288_F002;REV003351_F001;REV003435_F001;REV003650_F001;REV003660_F001;REV003706_F002
Kelaniya Raja Maha Vihara,Boat service,3,1,0,2,0.333,neutral,3,REV003402_F003;REV003647_F001;REV003734_F001
Kelaniya Raja Maha Vihara,Bridge,2,1,0,1,0.5,positive,2,REV003585_F001;REV003647_F001
Kelaniya Raja Maha Vihara,Brochure,1,0,1,0,-1.0,negative,1,REV003257_F001
Kelaniya Raja Maha Vihara,Clothing cover service,1,0,0,1,0.0,neutral,1,REV003730_F001
Kelaniya Raja Maha Vihara,Donation box,5,1,3,1,-0.4,negative,5,REV003261_F004;REV003455_F002;REV003465_F001;REV003525_F001;REV003549_F002
Kelaniya Raja Maha Vihara,Entrance fee,10,3,1,6,0.2,neutral,9,REV003265_F001;REV003267_F001;REV003276_F001;REV003276_F002;REV003368_F002;REV003371_F001;REV003494_F001;REV003650_F002;REV003664_F001;REV003721_F001
Kelaniya Raja Maha Vihara,General facilities,4,3,0,1,0.75,positive,4,REV003348_F001;REV003402_F001;REV003412_F001;REV003499_F001
Kelaniya Raja Maha Vihara,Guide service,7,1,1,5,0.0,neutral,7,REV003268_F002;REV003306_F001;REV003393_F001;REV003588_F001;REV003650_F004;REV003653_F001;REV003727_F001
Kelaniya Raja Maha Vihara,Lighting,1,0,0,1,0.0,neutral,1,REV003473_F001
Kelaniya Raja Maha Vihara,Multilingual information,1,0,0,1,0.0,neutral,1,REV003650_F003
Kelaniya Raja Maha Vihara,Parking,17,9,1,7,0.471,positive,17,REV003264_F001;REV003283_F001;REV003284_F001;REV003325_F001;REV003342_F001;REV003368_F003;REV003402_F002;REV003405_F001;REV003485_F001;REV003502_F001;REV003531_F001;REV003536_F001;REV003543_F001;REV003671_F001;REV003676_F001;REV003708_F002;REV003746_F001
Kelaniya Raja Maha Vihara,Pathway,1,0,1,0,-1.0,negative,1,REV003545_F001
Kelaniya Raja Maha Vihara,Public transport access,1,1,0,0,1.0,positive,1,REV003494_F001
Kelaniya Raja Maha Vihara,Restaurant,1,1,0,0,1.0,positive,1,REV003470_F002
Kelaniya Raja Maha Vihara,Road access,1,0,0,1,0.0,neutral,1,REV003319_F001
Kelaniya Raja Maha Vihara,Seating,2,1,0,1,0.5,positive,2,REV003371_F002;REV003409_F001
Kelaniya Raja Maha Vihara,Security,4,1,0,3,0.25,neutral,4,REV003261_F003;REV003285_F001;REV003405_F001;REV003708_F001
Kelaniya Raja Maha Vihara,Shade or shelter,3,1,0,2,0.333,neutral,2,REV003330_F001;REV003330_F002;REV003596_F001
Kelaniya Raja Maha Vihara,Shoe storage,13,1,3,9,-0.154,neutral,13,REV003253_F001;REV003268_F001;REV003337_F001;REV003363_F001;REV003468_F001;REV003499_F002;REV003548_F001;REV003576_F001;REV003602_F001;REV003604_F001;REV003688_F001;REV003695_F001;REV003704_F001
Kelaniya Raja Maha Vihara,Shop,6,1,0,5,0.167,neutral,6,REV003328_F001;REV003349_F001;REV003413_F001;REV003568_F001;REV003717_F001;REV003726_F001
Kelaniya Raja Maha Vihara,Signage,1,0,0,1,0.0,neutral,1,REV003741_F001
Kelaniya Raja Maha Vihara,Steps or stairs,5,0,1,4,-0.2,neutral,4,REV003261_F001;REV003261_F002;REV003363_F002;REV003548_F001;REV003624_F001
Kelaniya Raja Maha Vihara,Taxi service,8,3,2,3,0.125,positive,8,REV003261_F001;REV003276_F001;REV003317_F001;REV003349_F001;REV003455_F001;REV003470_F001;REV003549_F001;REV003556_F001
Kelaniya Raja Maha Vihara,Ticket or receipt,1,0,0,1,0.0,neutral,1,REV003567_F001
Kelaniya Raja Maha Vihara,Toilet,4,2,1,1,0.25,positive,4,REV003368_F001;REV003371_F001;REV003405_F001;REV003416_F001
Kelaniya Raja Maha Vihara,Tuk tuk service,11,3,0,8,0.273,neutral,11,REV003265_F001;REV003317_F001;REV003435_F002;REV003441_F001;REV003477_F001;REV003525_F002;REV003587_F001;REV003589_F001;REV003642_F001;REV003650_F002;REV003706_F001
Kiri Vehera,Entrance fee,1,0,0,1,0.0,neutral,1,REV033880_F001
Kiri Vehera,Guide service,1,0,0,1,0.0,neutral,1,REV033875_F001
Kiri Vehera,Lighting,2,0,0,2,0.0,neutral,2,REV033858_F001;REV033875_F002
Kiri Vehera,Parking,1,0,0,1,0.0,neutral,1,REV033859_F001
Kiri Vehera,Pathway,1,1,0,0,1.0,positive,1,REV033859_F002
Kiri Vehera,Steps or stairs,1,0,0,1,0.0,neutral,1,REV033875_F001
Kirinda Viharaya,Accommodation,1,0,0,1,0.0,neutral,1,REV041842_F001
Kirinda Viharaya,Donation box,3,1,1,1,0.0,positive,2,REV041799_F001;REV041799_F002;REV041822_F001
Kirinda Viharaya,General facilities,1,0,0,1,0.0,neutral,1,REV041845_F001
Kirinda Viharaya,Shoe storage,1,1,0,0,1.0,positive,1,REV041805_F001
Kirinda Viharaya,Steps or stairs,6,1,2,3,-0.167,neutral,6,REV041797_F001;REV041799_F001;REV041813_F001;REV041820_F001;REV041823_F001;REV041836_F001
Kirinda Viharaya,Ticket or receipt,1,1,0,0,1.0,positive,1,REV041799_F001
Kirinda Viharaya,Tuk tuk service,1,1,0,0,1.0,positive,1,REV041800_F001
Knuckles Mountain Range,Accommodation,102,25,8,69,0.167,neutral,68,REV018055_F001;REV018057_F001;REV018058_F001;REV018058_F002;REV018058_F003;REV018060_F001;REV018071_F001;REV018073_F001;REV018074_F001;REV018075_F001;REV018079_F001;REV018079_F002;REV018082_F001;REV018092_F001;REV018093_F001;REV018107_F001;REV018109_F002;REV018110_F002;REV018111_F001;REV018113_F001;REV018121_F001;REV018121_F003;REV018121_F005;REV018121_F006;REV018122_F001
Knuckles Mountain Range,Boat service,2,0,0,2,0.0,neutral,2,REV018226_F001;REV018236_F001
Knuckles Mountain Range,Brochure,1,0,0,1,0.0,neutral,1,REV018218_F001
Knuckles Mountain Range,Camping facility,16,5,0,11,0.312,neutral,11,REV018110_F004;REV018146_F001;REV018156_F001;REV018177_F001;REV018182_F001;REV018184_F001;REV018184_F002;REV018191_F001;REV018191_F002;REV018199_F001;REV018255_F001;REV018275_F001;REV018275_F002;REV018275_F003;REV018275_F004;REV018284_F002
Knuckles Mountain Range,Clothing cover service,1,0,0,1,0.0,neutral,1,REV018061_F002
Knuckles Mountain Range,Donation box,1,0,0,1,0.0,neutral,1,REV018276_F001
Knuckles Mountain Range,Entrance fee,11,3,2,6,0.091,neutral,10,REV018109_F001;REV018111_F002;REV018121_F002;REV018128_F001;REV018138_F002;REV018180_F003;REV018200_F003;REV018208_F003;REV018209_F001;REV018209_F002;REV018212_F002
Knuckles Mountain Range,First aid,1,1,0,0,1.0,positive,1,REV018061_F004
Knuckles Mountain Range,Food stall,5,2,0,3,0.4,neutral,4,REV018061_F004;REV018061_F007;REV018069_F001;REV018138_F002;REV018208_F002
Knuckles Mountain Range,General facilities,2,0,2,0,-1.0,negative,2,REV018132_F002;REV018133_F005
Knuckles Mountain Range,Guide service,23,4,3,16,0.043,neutral,22,REV018074_F002;REV018091_F002;REV018100_F001;REV018108_F001;REV018111_F002;REV018111_F003;REV018115_F003;REV018121_F004;REV018128_F006;REV018138_F001;REV018166_F001;REV018171_F001;REV018176_F004;REV018180_F001;REV018185_F001;REV018193_F001;REV018200_F001;REV018220_F001;REV018223_F001;REV018254_F001;REV018257_F001;REV018262_F001;REV018291_F001
Knuckles Mountain Range,Pathway,7,2,3,2,-0.143,negative,5,REV018110_F003;REV018135_F002;REV018135_F003;REV018176_F001;REV018176_F003;REV018212_F001;REV018290_F001
Knuckles Mountain Range,Public transport access,2,0,1,1,-0.5,neutral,2,REV018176_F002;REV018182_F001
Knuckles Mountain Range,Rest area,1,0,0,1,0.0,neutral,1,REV018180_F002
Knuckles Mountain Range,Restaurant,7,4,0,3,0.571,positive,5,REV018115_F002;REV018147_F006;REV018147_F007;REV018157_F006;REV018157_F007;REV018231_F003;REV018241_F003
Knuckles Mountain Range,Road access,9,0,2,7,-0.222,neutral,9,REV018080_F001;REV018115_F001;REV018122_F002;REV018182_F001;REV018194_F001;REV018202_F001;REV018208_F001;REV018212_F001;REV018261_F001
Knuckles Mountain Range,Safety barrier,1,0,0,1,0.0,neutral,1,REV018089_F001
Knuckles Mountain Range,Seating,2,2,0,0,1.0,positive,2,REV018147_F007;REV018157_F007
Knuckles Mountain Range,Security,1,0,0,1,0.0,neutral,1,REV018168_F001
Knuckles Mountain Range,Shade or shelter,6,3,0,3,0.5,positive,6,REV018186_F001;REV018188_F001;REV018225_F001;REV018235_F001;REV018257_F002;REV018303_F001
Knuckles Mountain Range,Shop,1,0,0,1,0.0,neutral,1,REV018171_F002
Knuckles Mountain Range,Shower,7,2,3,2,-0.143,negative,5,REV018091_F001;REV018147_F004;REV018147_F006;REV018157_F004;REV018157_F006;REV018177_F002;REV018200_F003
Knuckles Mountain Range,Signage,4,0,1,3,-0.25,neutral,3,REV018061_F005;REV018061_F006;REV018115_F003;REV018178_F001
Knuckles Mountain Range,Souvenir shop,1,1,0,0,1.0,positive,1,REV018056_F001
Knuckles Mountain Range,Steps or stairs,4,1,2,1,-0.25,negative,4,REV018061_F003;REV018121_F007;REV018147_F006;REV018157_F006
Knuckles Mountain Range,Taxi service,4,3,0,1,0.75,positive,3,REV018061_F001;REV018110_F001;REV018110_F004;REV018199_F003
Knuckles Mountain Range,Toilet,8,2,4,2,-0.25,negative,6,REV018091_F001;REV018103_F001;REV018147_F004;REV018147_F005;REV018157_F004;REV018157_F005;REV018177_F002;REV018275_F002
Knuckles Mountain Range,Towel service,3,1,2,0,-0.333,negative,3,REV018058_F004;REV018147_F003;REV018157_F003
Knuckles Mountain Range,Train service,1,0,0,1,0.0,neutral,1,REV018248_F002
Knuckles Mountain Range,Tuk tuk service,11,2,2,7,0.0,neutral,7,REV018094_F001;REV018099_F001;REV018124_F001;REV018128_F001;REV018128_F002;REV018128_F006;REV018211_F001;REV018219_F003;REV018219_F004;REV018219_F005;REV018265_F001
Koggala Lake,Accommodation,9,4,0,5,0.444,neutral,8,REV028988_F001;REV028996_F001;REV028999_F001;REV029022_F002;REV029055_F002;REV029064_F002;REV029068_F002;REV029068_F003;REV029070_F002
Koggala Lake,Boat rental,2,0,0,2,0.0,neutral,2,REV029027_F001;REV029034_F001
Koggala Lake,Boat service,64,15,6,43,0.141,neutral,45,REV028973_F001;REV028973_F003;REV028975_F001;REV028982_F003;REV028988_F002;REV028988_F004;REV028993_F001;REV028994_F001;REV028996_F001;REV028996_F004;REV028997_F001;REV028998_F001;REV029000_F001;REV029000_F003;REV029002_F001;REV029003_F001;REV029003_F003;REV029005_F001;REV029011_F001;REV029013_F001;REV029016_F001;REV029018_F001;REV029019_F001;REV029020_F002;REV029020_F003
Koggala Lake,Bridge,2,0,0,2,0.0,neutral,2,REV028988_F003;REV029045_F002
Koggala Lake,Brochure,3,2,0,1,0.667,positive,2,REV029020_F001;REV029020_F002;REV029037_F001
Koggala Lake,Cafe,1,0,0,1,0.0,neutral,1,REV028984_F001
Koggala Lake,Clothing cover service,1,1,0,0,1.0,positive,1,REV029036_F002
Koggala Lake,Entrance fee,39,6,4,29,0.051,neutral,25,REV028992_F001;REV028994_F002;REV028996_F003;REV029000_F001;REV029000_F002;REV029002_F002;REV029005_F001;REV029021_F002;REV029021_F003;REV029022_F001;REV029023_F001;REV029025_F002;REV029025_F003;REV029026_F001;REV029026_F002;REV029028_F001;REV029028_F002;REV029030_F001;REV029030_F002;REV029032_F001;REV029036_F001;REV029037_F002;REV029037_F003;REV029037_F004;REV029043_F001
Koggala Lake,General facilities,1,0,0,1,0.0,neutral,1,REV029060_F006
Koggala Lake,Guide service,5,2,1,2,0.2,positive,3,REV028982_F002;REV029024_F001;REV029024_F002;REV029033_F001;REV029033_F002
Koggala Lake,Life jacket,1,0,0,1,0.0,neutral,1,REV029003_F002
Koggala Lake,Multilingual information,1,0,1,0,-1.0,negative,1,REV029075_F001
Koggala Lake,Restaurant,2,0,1,1,-0.5,neutral,2,REV029003_F004;REV029029_F001
Koggala Lake,Security,2,0,1,1,-0.5,neutral,2,REV029055_F006;REV029076_F002
Koggala Lake,Shop,6,0,2,4,-0.333,neutral,5,REV028996_F002;REV029014_F001;REV029025_F001;REV029055_F003;REV029055_F005;REV029060_F003
Koggala Lake,Taxi service,2,0,0,2,0.0,neutral,2,REV029029_F001;REV029048_F001
Koggala Lake,Ticket or receipt,1,0,1,0,-1.0,negative,1,REV028996_F003
Koggala Lake,Tuk tuk service,19,3,3,13,0.0,neutral,16,REV028973_F002;REV028974_F001;REV028981_F001;REV028982_F001;REV028998_F002;REV029014_F002;REV029021_F001;REV029025_F003;REV029034_F001;REV029042_F002;REV029043_F001;REV029048_F001;REV029055_F001;REV029055_F005;REV029055_F007;REV029070_F002;REV029071_F002;REV029071_F004;REV029076_F001
Kosgoda Sea Turtle Conservation Project,Accessibility ramp,1,0,1,0,-1.0,negative,1,REV042233_F001
Kosgoda Sea Turtle Conservation Project,Accommodation,23,12,2,9,0.435,positive,21,REV041869_F001;REV041872_F001;REV041874_F002;REV041893_F001;REV041894_F001;REV041901_F001;REV041902_F001;REV041912_F001;REV041912_F002;REV041945_F001;REV042064_F001;REV042073_F002;REV042109_F001;REV042133_F002;REV042143_F001;REV042151_F001;REV042190_F001;REV042200_F001;REV042252_F001;REV042258_F003;REV042258_F004;REV042264_F001;REV042318_F001
Kosgoda Sea Turtle Conservation Project,Boat service,1,0,0,1,0.0,neutral,1,REV042059_F001
Kosgoda Sea Turtle Conservation Project,Brochure,7,0,1,6,-0.143,neutral,5,REV042012_F002;REV042012_F006;REV042052_F001;REV042088_F002;REV042295_F001;REV042295_F002;REV042316_F001
Kosgoda Sea Turtle Conservation Project,Donation box,81,24,9,48,0.185,neutral,64,REV041868_F001;REV041873_F001;REV041887_F001;REV041887_F003;REV041896_F002;REV041896_F003;REV041898_F001;REV041905_F001;REV041914_F001;REV041914_F002;REV041917_F001;REV041919_F001;REV041934_F001;REV041936_F001;REV041953_F001;REV041971_F001;REV041982_F003;REV041987_F002;REV041988_F001;REV041991_F001;REV042008_F001;REV042010_F001;REV042012_F003;REV042012_F004;REV042012_F005
Kosgoda Sea Turtle Conservation Project,Entrance fee,108,31,12,65,0.176,neutral,94,REV041848_F001;REV041854_F001;REV041869_F002;REV041870_F001;REV041876_F001;REV041881_F001;REV041881_F002;REV041882_F001;REV041890_F001;REV041898_F001;REV041899_F001;REV041906_F002;REV041920_F002;REV041932_F001;REV041934_F001;REV041942_F001;REV041948_F001;REV041949_F001;REV041956_F001;REV041958_F002;REV041982_F001;REV041982_F004;REV041986_F001;REV041990_F001;REV042011_F001
Kosgoda Sea Turtle Conservation Project,General facilities,15,4,2,9,0.133,neutral,14,REV041920_F001;REV041922_F001;REV041922_F002;REV041968_F001;REV041971_F002;REV041976_F001;REV041981_F001;REV041983_F002;REV042033_F001;REV042148_F001;REV042161_F002;REV042168_F001;REV042281_F001;REV042311_F001;REV042348_F001
Kosgoda Sea Turtle Conservation Project,Guide service,48,20,1,27,0.396,neutral,47,REV041859_F001;REV041863_F001;REV041865_F001;REV041867_F001;REV041896_F001;REV041940_F001;REV041951_F001;REV041963_F001;REV041967_F001;REV041973_F001;REV041974_F001;REV041979_F001;REV041982_F002;REV041983_F001;REV041986_F001;REV041991_F001;REV041998_F001;REV042007_F001;REV042011_F002;REV042038_F001;REV042100_F001;REV042103_F001;REV042105_F001;REV042108_F001;REV042110_F001
Kosgoda Sea Turtle Conservation Project,Lighting,1,1,0,0,1.0,positive,1,REV041902_F003
Kosgoda Sea Turtle Conservation Project,Multilingual information,3,2,0,1,0.667,positive,3,REV041880_F001;REV042128_F001;REV042234_F001
Kosgoda Sea Turtle Conservation Project,Parking,1,0,0,1,0.0,neutral,1,REV042132_F001
Kosgoda Sea Turtle Conservation Project,Public transport access,1,1,0,0,1.0,positive,1,REV042055_F002
Kosgoda Sea Turtle Conservation Project,Restaurant,3,0,1,2,-0.333,neutral,3,REV041904_F001;REV041950_F001;REV042236_F001
Kosgoda Sea Turtle Conservation Project,Safety barrier,1,0,0,1,0.0,neutral,1,REV042161_F001
Kosgoda Sea Turtle Conservation Project,Security,4,2,0,2,0.5,positive,4,REV042074_F002;REV042090_F001;REV042169_F001;REV042188_F001
Kosgoda Sea Turtle Conservation Project,Shade or shelter,7,0,2,5,-0.286,neutral,7,REV041887_F002;REV041958_F001;REV042001_F001;REV042159_F001;REV042233_F001;REV042289_F001;REV042350_F001
Kosgoda Sea Turtle Conservation Project,Shop,9,3,0,6,0.333,neutral,9,REV041859_F001;REV041963_F002;REV041976_F002;REV042008_F003;REV042013_F001;REV042054_F002;REV042145_F001;REV042161_F003;REV042213_F001
Kosgoda Sea Turtle Conservation Project,Signage,5,1,1,3,0.0,neutral,5,REV041902_F002;REV042024_F001;REV042044_F001;REV042055_F001;REV042333_F001
Kosgoda Sea Turtle Conservation Project,Souvenir shop,21,9,5,7,0.19,positive,21,REV041940_F001;REV041944_F001;REV041972_F001;REV041980_F001;REV042001_F002;REV042008_F002;REV042097_F001;REV042117_F001;REV042128_F001;REV042147_F001;REV042160_F002;REV042193_F001;REV042205_F002;REV042255_F001;REV042267_F004;REV042269_F002;REV042297_F002;REV042311_F002;REV042318_F003;REV042323_F001;REV042353_F002
Kosgoda Sea Turtle Conservation Project,Steps or stairs,1,0,0,1,0.0,neutral,1,REV041911_F001
Kosgoda Sea Turtle Conservation Project,Taxi service,1,0,0,1,0.0,neutral,1,REV041989_F002
Kosgoda Sea Turtle Conservation Project,Ticket counter,1,0,0,1,0.0,neutral,1,REV041906_F001
Kosgoda Sea Turtle Conservation Project,Ticket or receipt,27,7,4,16,0.111,neutral,25,REV041870_F001;REV041876_F001;REV041881_F002;REV041886_F001;REV041906_F001;REV041906_F002;REV041917_F001;REV041925_F001;REV041927_F001;REV041937_F001;REV041940_F001;REV041979_F002;REV041982_F001;REV041986_F001;REV041987_F001;REV041989_F001;REV042018_F001;REV042082_F001;REV042088_F003;REV042098_F002;REV042100_F001;REV042100_F002;REV042120_F001;REV042124_F001;REV042133_F001
Kosgoda Sea Turtle Conservation Project,Toilet,2,1,1,0,0.0,positive,2,REV042018_F002;REV042327_F001
Kosgoda Sea Turtle Conservation Project,Tuk tuk service,16,1,0,15,0.062,neutral,12,REV041874_F001;REV041909_F001;REV041920_F002;REV042012_F001;REV042012_F006;REV042014_F001;REV042076_F001;REV042088_F001;REV042098_F001;REV042098_F004;REV042140_F003;REV042140_F005;REV042249_F002;REV042250_F002;REV042258_F001;REV042258_F002
Kosgoda Sea Turtle Conservation Project,Visitor centre,1,0,0,1,0.0,neutral,1,REV042165_F002
Kosgoda Sea Turtle Conservation Project,Waste bins,1,0,1,0,-1.0,negative,1,REV042037_F001
Kumana National Park,Accommodation,9,5,1,3,0.444,positive,9,REV033888_F001;REV033916_F001;REV033931_F002;REV033932_F001;REV033960_F004;REV033975_F001;REV033979_F001;REV033986_F001;REV033991_F001
Kumana National Park,Bridge,1,0,0,1,0.0,neutral,1,REV033893_F001
Kumana National Park,Camping facility,13,3,1,9,0.154,neutral,6,REV033894_F001;REV033931_F001;REV033934_F002;REV033955_F001;REV033960_F003;REV033985_F001;REV033985_F002;REV033985_F003;REV033985_F004;REV033985_F005;REV033985_F006;REV033985_F007;REV033985_F008
Kumana National Park,Entrance fee,21,2,2,17,0.0,neutral,15,REV033887_F003;REV033896_F001;REV033905_F001;REV033906_F002;REV033926_F001;REV033926_F002;REV033926_F003;REV033929_F001;REV033933_F002;REV033933_F004;REV033940_F001;REV033942_F001;REV033942_F002;REV033943_F001;REV033960_F002;REV033964_F001;REV033973_F001;REV033973_F002;REV033980_F001;REV033980_F002;REV033986_F002
Kumana National Park,Food stall,1,0,0,1,0.0,neutral,1,REV033960_F001
Kumana National Park,Guide service,5,1,1,3,0.0,neutral,5,REV033892_F001;REV033933_F005;REV033945_F001;REV033959_F001;REV033968_F001
Kumana National Park,Jeep service,5,1,0,4,0.2,neutral,4,REV033887_F001;REV033887_F002;REV033934_F001;REV033978_F001;REV033979_F001
Kumana National Park,Multilingual information,1,0,1,0,-1.0,negative,1,REV033932_F002
Kumana National Park,Restaurant,1,0,1,0,-1.0,negative,1,REV033933_F001
Kumana National Park,Road access,9,2,3,4,-0.111,neutral,8,REV033886_F001;REV033901_F001;REV033906_F001;REV033948_F001;REV033955_F002;REV033963_F001;REV033964_F002;REV033966_F001;REV033966_F002
Kumana National Park,Signage,2,1,1,0,0.0,positive,2,REV033932_F003;REV033978_F002
Kumana National Park,Steps or stairs,1,0,0,1,0.0,neutral,1,REV033968_F001
Kumana National Park,Ticket or receipt,2,0,0,2,0.0,neutral,2,REV033917_F001;REV033960_F002
Kumana National Park,Tuk tuk service,2,0,0,2,0.0,neutral,2,REV033933_F003;REV033963_F002
Kumana National Park,Visitor centre,2,0,0,2,0.0,neutral,2,REV033929_F002;REV033945_F002
Laxapana Falls,Accommodation,4,2,1,1,0.25,positive,3,REV018307_F001;REV018307_F002;REV018313_F003;REV018318_F001
Laxapana Falls,Bridge,4,0,0,4,0.0,neutral,2,REV018305_F002;REV018305_F005;REV018305_F011;REV018322_F001
Laxapana Falls,Brochure,5,0,0,5,0.0,neutral,2,REV018305_F001;REV018305_F003;REV018305_F004;REV018305_F013;REV018310_F001
Laxapana Falls,Cafe,1,0,0,1,0.0,neutral,1,REV018310_F003
Laxapana Falls,Parking,1,0,1,0,-1.0,negative,1,REV018305_F012
Laxapana Falls,Pathway,3,1,0,2,0.333,neutral,2,REV018310_F002;REV018310_F003;REV018323_F002
Laxapana Falls,Restaurant,2,1,0,1,0.5,positive,2,REV018307_F002;REV018311_F001
Laxapana Falls,Road access,3,0,0,3,0.0,neutral,3,REV018308_F001;REV018310_F001;REV018324_F001
Laxapana Falls,Shop,3,0,1,2,-0.333,neutral,3,REV018305_F007;REV018308_F004;REV018310_F003
Laxapana Falls,Signage,1,0,0,1,0.0,neutral,1,REV018308_F002
Laxapana Falls,Steps or stairs,16,7,2,7,0.312,positive,9,REV018305_F007;REV018305_F008;REV018305_F009;REV018305_F010;REV018305_F014;REV018307_F002;REV018308_F003;REV018308_F004;REV018310_F002;REV018313_F001;REV018313_F002;REV018315_F001;REV018319_F001;REV018322_F002;REV018323_F001;REV018323_F002
Laxapana Falls,Toilet,2,2,0,0,1.0,positive,2,REV018305_F006;REV018307_F002
Lipton's Seat,Accommodation,64,15,1,48,0.219,neutral,58,REV018333_F002;REV018335_F007;REV018336_F003;REV018345_F001;REV018347_F001;REV018358_F002;REV018358_F003;REV018362_F002;REV018389_F001;REV018408_F002;REV018466_F001;REV018468_F001;REV018475_F001;REV018478_F003;REV018484_F001;REV018488_F001;REV018488_F002;REV018497_F001;REV018498_F002;REV018507_F001;REV018513_F001;REV018515_F002;REV018515_F004;REV018515_F011;REV018520_F001
Lipton's Seat,Bridge,1,0,0,1,0.0,neutral,1,REV018354_F002
Lipton's Seat,Brochure,6,1,0,5,0.167,neutral,5,REV018336_F002;REV018336_F004;REV018464_F003;REV018472_F001;REV018720_F001;REV018723_F001
Lipton's Seat,Cafe,55,20,3,32,0.309,neutral,53,REV018328_F002;REV018333_F003;REV018348_F002;REV018349_F001;REV018356_F002;REV018364_F002;REV018389_F001;REV018396_F001;REV018396_F002;REV018399_F001;REV018401_F002;REV018413_F001;REV018414_F002;REV018430_F003;REV018436_F002;REV018439_F001;REV018442_F004;REV018455_F004;REV018476_F001;REV018495_F003;REV018502_F002;REV018506_F002;REV018518_F001;REV018521_F001;REV018544_F002
Lipton's Seat,Clothing cover service,1,0,1,0,-1.0,negative,1,REV018766_F001
Lipton's Seat,Donation box,1,1,0,0,1.0,positive,1,REV018347_F001
Lipton's Seat,Entrance fee,102,17,10,75,0.069,neutral,76,REV018327_F003;REV018328_F001;REV018339_F005;REV018345_F003;REV018345_F004;REV018356_F001;REV018366_F001;REV018367_F001;REV018367_F002;REV018371_F001;REV018387_F001;REV018389_F001;REV018392_F001;REV018403_F002;REV018408_F004;REV018421_F001;REV018430_F001;REV018435_F002;REV018436_F001;REV018438_F001;REV018441_F001;REV018441_F003;REV018442_F001;REV018442_F002;REV018442_F003
Lipton's Seat,Food stall,30,11,2,17,0.3,neutral,30,REV018336_F005;REV018428_F001;REV018436_F002;REV018442_F003;REV018456_F002;REV018466_F002;REV018474_F007;REV018515_F009;REV018521_F001;REV018553_F002;REV018573_F001;REV018579_F003;REV018580_F001;REV018583_F002;REV018612_F002;REV018620_F001;REV018631_F004;REV018639_F001;REV018640_F001;REV018646_F004;REV018649_F001;REV018652_F001;REV018659_F002;REV018663_F002;REV018670_F001
Lipton's Seat,General facilities,1,1,0,0,1.0,positive,1,REV018756_F002
Lipton's Seat,Guide service,7,3,0,4,0.429,neutral,7,REV018330_F001;REV018333_F001;REV018481_F004;REV018548_F002;REV018745_F001;REV018756_F001;REV018813_F002
Lipton's Seat,Lighting,1,0,0,1,0.0,neutral,1,REV018775_F001
Lipton's Seat,Parking,8,2,0,6,0.25,neutral,8,REV018342_F002;REV018343_F002;REV018407_F002;REV018474_F002;REV018516_F001;REV018604_F002;REV018679_F001;REV018816_F001
Lipton's Seat,Public transport access,16,5,2,9,0.188,neutral,15,REV018408_F001;REV018445_F002;REV018474_F003;REV018485_F002;REV018551_F001;REV018551_F002;REV018554_F001;REV018631_F002;REV018651_F001;REV018736_F003;REV018744_F001;REV018770_F005;REV018773_F001;REV018803_F001;REV018808_F002;REV018809_F003
Lipton's Seat,Restaurant,16,5,0,11,0.312,neutral,16,REV018328_F002;REV018391_F002;REV018422_F001;REV018451_F002;REV018470_F002;REV018478_F002;REV018515_F003;REV018528_F001;REV018570_F002;REV018572_F001;REV018610_F002;REV018652_F001;REV018658_F001;REV018673_F002;REV018786_F001;REV018815_F001
Lipton's Seat,Road access,53,9,13,31,-0.075,neutral,51,REV018335_F002;REV018342_F002;REV018345_F002;REV018346_F001;REV018380_F001;REV018382_F001;REV018384_F001;REV018411_F001;REV018429_F002;REV018434_F001;REV018440_F001;REV018444_F001;REV018451_F002;REV018455_F001;REV018457_F001;REV018464_F002;REV018467_F001;REV018474_F001;REV018477_F001;REV018479_F001;REV018489_F001;REV018507_F001;REV018510_F002;REV018522_F001;REV018522_F002
Lipton's Seat,Scooter rental,1,0,1,0,-1.0,negative,1,REV018737_F001
Lipton's Seat,Seating,8,1,1,6,0.0,neutral,8,REV018328_F003;REV018361_F001;REV018474_F008;REV018512_F001;REV018554_F004;REV018628_F001;REV018773_F002;REV018776_F003
Lipton's Seat,Security,2,0,1,1,-0.5,neutral,2,REV018714_F001;REV018723_F003
Lipton's Seat,Shade or shelter,5,1,3,1,-0.4,negative,5,REV018353_F001;REV018715_F001;REV018755_F001;REV018797_F001;REV018818_F001
Lipton's Seat,Shop,35,12,3,20,0.257,neutral,34,REV018333_F003;REV018349_F001;REV018369_F003;REV018383_F002;REV018401_F002;REV018407_F002;REV018414_F002;REV018415_F001;REV018428_F001;REV018455_F004;REV018474_F007;REV018474_F009;REV018476_F001;REV018499_F002;REV018506_F002;REV018517_F001;REV018524_F002;REV018551_F004;REV018583_F002;REV018584_F003;REV018617_F001;REV018619_F001;REV018638_F002;REV018653_F001;REV018661_F002
Lipton's Seat,Signage,7,2,1,4,0.143,neutral,7,REV018437_F002;REV018455_F005;REV018462_F002;REV018472_F001;REV018646_F003;REV018648_F001;REV018734_F003
Lipton's Seat,Steps or stairs,7,0,1,6,-0.143,neutral,7,REV018383_F003;REV018441_F002;REV018481_F002;REV018607_F003;REV018655_F005;REV018723_F001;REV018729_F001
Lipton's Seat,Taxi service,11,1,3,7,-0.182,neutral,10,REV018331_F001;REV018474_F004;REV018474_F005;REV018506_F003;REV018509_F001;REV018555_F002;REV018593_F003;REV018677_F001;REV018681_F001;REV018682_F001;REV018768_F001
Lipton's Seat,Ticket counter,5,1,0,4,0.2,neutral,5,REV018348_F001;REV018376_F001;REV018403_F001;REV018521_F002;REV018554_F003
Lipton's Seat,Ticket or receipt,24,1,0,23,0.042,neutral,23,REV018335_F003;REV018348_F001;REV018369_F002;REV018372_F001;REV018376_F001;REV018394_F001;REV018403_F001;REV018403_F002;REV018430_F002;REV018435_F001;REV018442_F002;REV018445_F004;REV018472_F002;REV018474_F006;REV018489_F002;REV018521_F002;REV018547_F001;REV018554_F003;REV018584_F002;REV018595_F001;REV018623_F003;REV018685_F002;REV018794_F002;REV018814_F001
Lipton's Seat,Toilet,23,1,9,13,-0.348,neutral,22,REV018339_F004;REV018342_F001;REV018364_F002;REV018379_F001;REV018389_F001;REV018415_F002;REV018447_F001;REV018455_F003;REV018456_F003;REV018475_F001;REV018521_F003;REV018547_F003;REV018586_F001;REV018597_F005;REV018649_F001;REV018652_F001;REV018719_F002;REV018744_F002;REV018767_F002;REV018772_F002;REV018780_F001;REV018803_F003;REV018803_F004
Lipton's Seat,Train service,5,0,0,5,0.0,neutral,5,REV018335_F006;REV018468_F001;REV018485_F001;REV018638_F001;REV018708_F001
Lipton's Seat,Tuk tuk service,302,62,20,220,0.139,neutral,230,REV018327_F001;REV018327_F002;REV018328_F001;REV018328_F004;REV018331_F001;REV018332_F001;REV018334_F001;REV018335_F004;REV018335_F005;REV018336_F001;REV018336_F002;REV018337_F001;REV018337_F002;REV018338_F001;REV018338_F002;REV018339_F001;REV018339_F002;REV018339_F003;REV018343_F001;REV018343_F002;REV018345_F001;REV018345_F003;REV018345_F005;REV018346_F001;REV018347_F001
Lipton's Seat,View platform,2,1,0,1,0.5,positive,2,REV018335_F001;REV018474_F009
Lipton's Seat,Waste bins,1,0,0,1,0.0,neutral,1,REV018659_F002
Little Adam's Peak View Point,Accessibility ramp,2,0,1,1,-0.5,neutral,2,REV019253_F002;REV019380_F001
Little Adam's Peak View Point,Accommodation,72,23,2,47,0.292,neutral,67,REV018834_F001;REV018837_F001;REV018869_F002;REV018870_F002;REV018874_F001;REV018884_F002;REV018913_F002;REV018915_F001;REV018926_F002;REV018940_F001;REV018957_F001;REV018957_F002;REV018968_F001;REV018978_F001;REV018982_F001;REV018983_F001;REV019011_F002;REV019012_F001;REV019015_F001;REV019017_F002;REV019024_F001;REV019028_F001;REV019029_F001;REV019065_F001;REV019065_F002
Little Adam's Peak View Point,Bridge,37,13,0,24,0.351,neutral,34,REV018844_F001;REV018850_F003;REV018853_F002;REV018893_F001;REV018927_F001;REV018931_F001;REV018944_F002;REV018999_F001;REV019001_F001;REV019028_F003;REV019064_F001;REV019072_F001;REV019164_F001;REV019183_F002;REV019184_F001;REV019188_F001;REV019188_F003;REV019188_F005;REV019192_F001;REV019231_F001;REV019268_F001;REV019289_F001;REV019320_F002;REV019322_F001;REV019348_F001
Little Adam's Peak View Point,Brochure,11,3,0,8,0.273,neutral,10,REV018831_F002;REV018919_F001;REV018989_F001;REV019103_F001;REV019132_F001;REV019151_F001;REV019151_F003;REV019173_F001;REV019209_F001;REV019345_F001;REV019398_F001
Little Adam's Peak View Point,Cafe,17,4,3,10,0.059,neutral,17,REV018833_F001;REV018880_F001;REV018919_F001;REV018945_F003;REV018958_F002;REV018979_F001;REV019073_F002;REV019088_F003;REV019102_F001;REV019143_F001;REV019160_F002;REV019306_F001;REV019384_F002;REV019435_F001;REV019457_F001;REV019468_F001;REV019505_F002
Little Adam's Peak View Point,Clothing cover service,1,0,0,1,0.0,neutral,1,REV019345_F002
Little Adam's Peak View Point,Donation box,1,1,0,0,1.0,positive,1,REV019380_F004
Little Adam's Peak View Point,Entrance fee,33,12,5,16,0.212,neutral,31,REV018833_F002;REV018846_F001;REV018906_F004;REV018940_F002;REV018966_F002;REV018996_F001;REV018996_F003;REV019025_F001;REV019040_F001;REV019053_F001;REV019057_F001;REV019068_F001;REV019073_F002;REV019090_F001;REV019109_F001;REV019141_F001;REV019171_F001;REV019232_F002;REV019253_F001;REV019287_F003;REV019308_F002;REV019337_F003;REV019338_F001;REV019358_F001;REV019380_F004
Little Adam's Peak View Point,Food stall,12,3,0,9,0.25,neutral,12,REV018842_F001;REV018885_F001;REV018912_F001;REV018958_F004;REV019027_F001;REV019084_F001;REV019145_F001;REV019281_F002;REV019284_F001;REV019341_F001;REV019398_F004;REV019521_F003
Little Adam's Peak View Point,General facilities,1,0,0,1,0.0,neutral,1,REV018831_F001
Little Adam's Peak View Point,Guide service,6,3,1,2,0.333,positive,4,REV018847_F001;REV019170_F001;REV019170_F002;REV019170_F003;REV019232_F001;REV019337_F001
Little Adam's Peak View Point,Jeep service,1,0,0,1,0.0,neutral,1,REV019170_F004
Little Adam's Peak View Point,Lighting,1,0,1,0,-1.0,negative,1,REV019496_F003
Little Adam's Peak View Point,Locker,1,0,0,1,0.0,neutral,1,REV019097_F001
Little Adam's Peak View Point,Parking,9,1,1,7,0.0,neutral,9,REV018833_F001;REV018895_F001;REV018966_F002;REV018988_F001;REV019086_F001;REV019248_F001;REV019257_F001;REV019331_F001;REV019521_F001
Little Adam's Peak View Point,Pathway,6,2,1,3,0.167,neutral,6,REV019088_F002;REV019115_F001;REV019166_F002;REV019300_F001;REV019378_F001;REV019456_F001
Little Adam's Peak View Point,Public transport access,2,0,0,2,0.0,neutral,2,REV019188_F003;REV019366_F001
Little Adam's Peak View Point,Restaurant,11,5,0,6,0.455,neutral,10,REV018895_F002;REV018915_F001;REV018915_F002;REV018940_F003;REV018957_F002;REV019141_F001;REV019228_F001;REV019254_F001;REV019290_F002;REV019366_F003;REV019484_F001
Little Adam's Peak View Point,Road access,8,1,1,6,0.0,neutral,6,REV018940_F005;REV018956_F001;REV019165_F001;REV019366_F002;REV019366_F003;REV019366_F004;REV019467_F001;REV019485_F001
Little Adam's Peak View Point,Safety barrier,2,0,0,2,0.0,neutral,2,REV019065_F001;REV019119_F001
Little Adam's Peak View Point,Seating,1,1,0,0,1.0,positive,1,REV019252_F002
Little Adam's Peak View Point,Security,1,0,1,0,-1.0,negative,1,REV019076_F001
Little Adam's Peak View Point,Shade or shelter,18,6,8,4,-0.111,negative,18,REV018940_F006;REV018956_F002;REV018958_F006;REV018960_F001;REV018967_F002;REV019017_F001;REV019029_F002;REV019076_F002;REV019188_F002;REV019272_F001;REV019319_F002;REV019369_F002;REV019370_F001;REV019372_F001;REV019402_F002;REV019489_F001;REV019500_F001;REV019501_F002
Little Adam's Peak View Point,Shop,6,3,0,3,0.5,positive,6,REV018885_F001;REV018894_F001;REV018912_F001;REV018958_F002;REV019065_F003;REV019097_F001
Little Adam's Peak View Point,Signage,25,13,3,9,0.4,positive,25,REV018898_F001;REV018939_F002;REV018988_F002;REV019046_F001;REV019060_F001;REV019076_F001;REV019098_F001;REV019100_F001;REV019151_F004;REV019180_F001;REV019184_F001;REV019209_F001;REV019257_F001;REV019303_F001;REV019320_F001;REV019327_F001;REV019344_F001;REV019355_F001;REV019369_F001;REV019372_F002;REV019373_F003;REV019377_F001;REV019426_F001;REV019428_F001;REV019434_F002
Little Adam's Peak View Point,Souvenir shop,3,2,0,1,0.667,positive,3,REV018850_F002;REV018872_F001;REV019084_F001
Little Adam's Peak View Point,Steps or stairs,208,66,61,81,0.024,neutral,193,REV018828_F001;REV018829_F001;REV018836_F001;REV018838_F001;REV018842_F001;REV018851_F001;REV018853_F001;REV018860_F002;REV018860_F003;REV018869_F001;REV018870_F001;REV018871_F001;REV018875_F001;REV018877_F001;REV018878_F001;REV018880_F001;REV018881_F001;REV018882_F001;REV018887_F001;REV018892_F001;REV018895_F001;REV018896_F001;REV018906_F002;REV018906_F003;REV018908_F002
Little Adam's Peak View Point,Taxi service,5,0,0,5,0.0,neutral,5,REV018889_F001;REV019271_F001;REV019287_F001;REV019490_F002;REV019496_F001
Little Adam's Peak View Point,Ticket or receipt,3,0,1,2,-0.333,neutral,3,REV018859_F001;REV018967_F001;REV019436_F002
Little Adam's Peak View Point,Toilet,8,3,1,4,0.25,neutral,8,REV018871_F001;REV018884_F002;REV018969_F001;REV018997_F001;REV019073_F002;REV019096_F001;REV019392_F002;REV019449_F001
Little Adam's Peak View Point,Tuk tuk service,58,17,7,34,0.172,neutral,52,REV018826_F001;REV018831_F003;REV018850_F001;REV018860_F001;REV018867_F001;REV018884_F001;REV018895_F001;REV018906_F001;REV018906_F005;REV018908_F001;REV018910_F001;REV018940_F001;REV018940_F002;REV018945_F001;REV018951_F001;REV018958_F003;REV018976_F001;REV018987_F001;REV018988_F001;REV019010_F001;REV019025_F001;REV019034_F001;REV019064_F002;REV019070_F001;REV019073_F001
Little Adam's Peak View Point,View platform,1,0,1,0,-1.0,negative,1,REV018831_F004
Little Adam's Peak View Point,Waste bins,1,0,1,0,-1.0,negative,1,REV019139_F001
Lovamahapaya Brazen Palace,Accommodation,1,1,0,0,1.0,positive,1,REV009476_F001
Lovamahapaya Brazen Palace,Safety barrier,7,1,2,4,-0.143,neutral,7,REV009479_F001;REV009480_F001;REV009481_F001;REV009485_F001;REV009489_F001;REV009491_F001;REV009492_F001
Lovamahapaya Brazen Palace,Shade or shelter,1,0,1,0,-1.0,negative,1,REV009489_F001
Lovamahapaya Brazen Palace,Toilet,1,0,0,1,0.0,neutral,1,REV009495_F001
Lover's Leap Falls,Accommodation,25,7,0,18,0.28,neutral,24,REV019534_F001;REV019536_F001;REV019538_F002;REV019544_F003;REV019545_F001;REV019558_F001;REV019574_F002;REV019600_F001;REV019629_F001;REV019633_F001;REV019654_F002;REV019662_F001;REV019665_F004;REV019684_F001;REV019685_F001;REV019686_F001;REV019742_F001;REV019745_F001;REV019761_F001;REV019762_F002;REV019845_F001;REV019845_F002;REV019873_F001;REV019877_F001;REV019884_F002
Lover's Leap Falls,Bridge,1,1,0,0,1.0,positive,1,REV019689_F001
Lover's Leap Falls,Brochure,7,2,1,4,0.143,neutral,7,REV019534_F002;REV019536_F001;REV019606_F001;REV019659_F001;REV019707_F002;REV019717_F001;REV019739_F001
Lover's Leap Falls,Clothing cover service,1,0,0,1,0.0,neutral,1,REV019762_F002
Lover's Leap Falls,Drinking water,5,1,2,2,-0.2,neutral,5,REV019665_F002;REV019722_F001;REV019769_F001;REV019796_F001;REV019878_F001
Lover's Leap Falls,Entrance fee,25,6,5,14,0.04,neutral,24,REV019526_F003;REV019528_F002;REV019533_F002;REV019536_F002;REV019540_F001;REV019542_F001;REV019568_F002;REV019602_F001;REV019608_F002;REV019608_F003;REV019615_F001;REV019633_F001;REV019638_F002;REV019643_F002;REV019671_F001;REV019675_F001;REV019683_F001;REV019688_F003;REV019709_F002;REV019720_F001;REV019727_F001;REV019745_F001;REV019810_F001;REV019872_F003;REV019884_F001
Lover's Leap Falls,Food stall,3,0,0,3,0.0,neutral,3,REV019684_F003;REV019752_F001;REV019865_F001
Lover's Leap Falls,Guide service,4,1,0,3,0.25,neutral,4,REV019614_F001;REV019648_F001;REV019650_F001;REV019873_F001
Lover's Leap Falls,Parking,21,1,4,16,-0.143,neutral,18,REV019526_F001;REV019526_F002;REV019541_F001;REV019541_F002;REV019544_F002;REV019548_F001;REV019550_F001;REV019552_F001;REV019553_F001;REV019570_F003;REV019580_F001;REV019581_F001;REV019594_F001;REV019611_F001;REV019648_F001;REV019648_F002;REV019708_F001;REV019734_F001;REV019760_F001;REV019779_F001;REV019844_F001
Lover's Leap Falls,Pathway,7,0,0,7,0.0,neutral,7,REV019534_F003;REV019550_F001;REV019584_F001;REV019665_F003;REV019702_F001;REV019794_F002;REV019891_F001
Lover's Leap Falls,Public transport access,2,1,0,1,0.5,positive,2,REV019608_F001;REV019817_F002
Lover's Leap Falls,Restaurant,4,3,0,1,0.75,positive,4,REV019600_F001;REV019740_F001;REV019841_F001;REV019846_F001
Lover's Leap Falls,Road access,14,3,6,5,-0.214,negative,14,REV019547_F001;REV019611_F001;REV019616_F001;REV019641_F001;REV019643_F001;REV019645_F001;REV019648_F001;REV019719_F001;REV019767_F001;REV019789_F001;REV019794_F001;REV019805_F001;REV019809_F001;REV019827_F001
Lover's Leap Falls,Safety barrier,6,0,1,5,-0.167,neutral,6,REV019534_F004;REV019548_F001;REV019611_F001;REV019616_F003;REV019732_F001;REV019793_F002
Lover's Leap Falls,Seating,1,0,1,0,-1.0,negative,1,REV019783_F002
Lover's Leap Falls,Shade or shelter,2,0,0,2,0.0,neutral,2,REV019874_F001;REV019876_F002
Lover's Leap Falls,Shop,1,0,0,1,0.0,neutral,1,REV019646_F001
Lover's Leap Falls,Signage,10,2,3,5,-0.1,neutral,10,REV019563_F001;REV019606_F002;REV019634_F001;REV019654_F001;REV019684_F002;REV019730_F001;REV019762_F001;REV019793_F001;REV019834_F001;REV019876_F001
Lover's Leap Falls,Steps or stairs,3,0,0,3,0.0,neutral,2,REV019612_F001;REV019612_F002;REV019665_F001
Lover's Leap Falls,Taxi service,6,1,2,3,-0.167,neutral,6,REV019618_F001;REV019685_F001;REV019713_F001;REV019730_F001;REV019816_F001;REV019817_F001
Lover's Leap Falls,Ticket or receipt,1,0,1,0,-1.0,negative,1,REV019576_F002
Lover's Leap Falls,Tuk tuk service,119,26,17,76,0.076,neutral,95,REV019526_F001;REV019526_F002;REV019526_F003;REV019527_F001;REV019528_F001;REV019528_F002;REV019529_F001;REV019533_F001;REV019537_F001;REV019538_F001;REV019543_F001;REV019544_F001;REV019544_F002;REV019547_F001;REV019556_F001;REV019557_F001;REV019561_F001;REV019561_F002;REV019566_F001;REV019568_F001;REV019568_F002;REV019570_F001;REV019570_F002;REV019570_F003;REV019572_F001
Lover's Leap Falls,View platform,4,1,1,2,0.0,neutral,3,REV019658_F001;REV019658_F002;REV019783_F001;REV019854_F002
Lunugamvehera National Park,Accommodation,3,2,0,1,0.667,positive,2,REV033996_F001;REV033999_F001;REV033999_F002
Lunugamvehera National Park,Entrance fee,6,0,1,5,-0.167,neutral,5,REV034003_F001;REV034014_F001;REV034015_F001;REV034030_F001;REV034030_F002;REV034032_F001
Lunugamvehera National Park,Guide service,1,1,0,0,1.0,positive,1,REV033992_F001
Lunugamvehera National Park,Parking,1,0,0,1,0.0,neutral,1,REV034030_F003
Lunugamvehera National Park,Security,1,0,0,1,0.0,neutral,1,REV034005_F001
Lunugamvehera National Park,Taxi service,1,0,0,1,0.0,neutral,1,REV034019_F001
Lunugamvehera National Park,Ticket counter,1,0,0,1,0.0,neutral,1,REV034026_F001
Lunugamvehera National Park,Ticket or receipt,1,0,0,1,0.0,neutral,1,REV034026_F001
Madu River Safari by Buddhi,Accommodation,40,12,3,25,0.225,neutral,33,REV029100_F001;REV029108_F005;REV029115_F002;REV029123_F002;REV029123_F003;REV029127_F001;REV029131_F001;REV029150_F003;REV029182_F001;REV029191_F001;REV029191_F003;REV029194_F002;REV029211_F001;REV029282_F002;REV029299_F002;REV029331_F001;REV029334_F001;REV029362_F001;REV029363_F006;REV029372_F002;REV029377_F001;REV029398_F001;REV029398_F002;REV029399_F001;REV029399_F002
Madu River Safari by Buddhi,Boat rental,3,2,0,1,0.667,positive,3,REV029166_F004;REV029304_F001;REV029357_F001
Madu River Safari by Buddhi,Boat service,267,77,15,175,0.232,neutral,199,REV029085_F001;REV029092_F001;REV029094_F001;REV029094_F002;REV029098_F001;REV029100_F001;REV029101_F001;REV029101_F002;REV029106_F002;REV029108_F002;REV029111_F001;REV029112_F001;REV029114_F001;REV029114_F002;REV029116_F001;REV029116_F002;REV029117_F001;REV029119_F003;REV029120_F001;REV029122_F001;REV029124_F001;REV029126_F001;REV029128_F001;REV029128_F002;REV029132_F001
Madu River Safari by Buddhi,Bridge,30,6,2,22,0.133,neutral,28,REV029114_F003;REV029114_F004;REV029115_F002;REV029137_F002;REV029152_F002;REV029191_F002;REV029229_F001;REV029237_F001;REV029259_F005;REV029282_F002;REV029317_F001;REV029318_F001;REV029321_F001;REV029350_F002;REV029362_F004;REV029362_F005;REV029391_F002;REV029402_F003;REV029407_F002;REV029412_F003;REV029439_F001;REV029445_F001;REV029467_F003;REV029492_F003;REV029540_F003
Madu River Safari by Buddhi,Brochure,2,1,0,1,0.5,positive,2,REV029349_F001;REV029383_F004
Madu River Safari by Buddhi,Clothing cover service,3,0,1,2,-0.333,neutral,3,REV029119_F004;REV029398_F006;REV029399_F006
Madu River Safari by Buddhi,Donation box,14,4,2,8,0.143,neutral,14,REV029099_F002;REV029226_F002;REV029250_F005;REV029251_F001;REV029266_F001;REV029275_F003;REV029383_F003;REV029427_F002;REV029443_F002;REV029447_F001;REV029506_F002;REV029523_F003;REV029529_F004;REV029578_F003
Madu River Safari by Buddhi,Entrance fee,138,30,17,91,0.094,neutral,100,REV029105_F001;REV029106_F001;REV029108_F001;REV029108_F003;REV029108_F004;REV029108_F006;REV029108_F007;REV029108_F008;REV029108_F009;REV029111_F002;REV029116_F002;REV029119_F001;REV029125_F001;REV029130_F001;REV029138_F002;REV029158_F001;REV029166_F008;REV029169_F003;REV029171_F001;REV029173_F001;REV029179_F001;REV029179_F002;REV029191_F001;REV029191_F002;REV029199_F001
Madu River Safari by Buddhi,Food stall,7,1,0,6,0.143,neutral,7,REV029267_F001;REV029275_F002;REV029357_F003;REV029385_F005;REV029412_F004;REV029462_F001;REV029474_F003
Madu River Safari by Buddhi,General facilities,4,1,0,3,0.25,neutral,3,REV029147_F002;REV029540_F001;REV029544_F001;REV029544_F002
Madu River Safari by Buddhi,Guide service,37,15,4,18,0.297,neutral,32,REV029099_F001;REV029108_F002;REV029126_F002;REV029166_F003;REV029180_F001;REV029210_F002;REV029215_F001;REV029218_F001;REV029233_F002;REV029259_F001;REV029259_F002;REV029259_F003;REV029262_F001;REV029273_F002;REV029277_F001;REV029323_F001;REV029331_F002;REV029362_F006;REV029383_F001;REV029383_F002;REV029398_F004;REV029399_F004;REV029425_F002;REV029459_F004;REV029460_F002
Madu River Safari by Buddhi,Life jacket,14,4,1,9,0.214,neutral,13,REV029084_F002;REV029140_F002;REV029177_F003;REV029213_F001;REV029318_F002;REV029342_F001;REV029345_F001;REV029345_F003;REV029350_F001;REV029362_F002;REV029380_F001;REV029433_F002;REV029490_F004;REV029529_F001
Madu River Safari by Buddhi,Multilingual information,2,0,1,1,-0.5,neutral,2,REV029125_F001;REV029349_F004
Madu River Safari by Buddhi,Parking,2,1,1,0,0.0,positive,2,REV029084_F001;REV029347_F003
Madu River Safari by Buddhi,Public transport access,2,1,0,1,0.5,positive,2,REV029433_F001;REV029515_F001
Madu River Safari by Buddhi,Restaurant,11,3,1,7,0.182,neutral,9,REV029103_F001;REV029142_F003;REV029203_F001;REV029203_F002;REV029243_F002;REV029278_F003;REV029357_F003;REV029357_F004;REV029407_F002;REV029417_F002;REV029547_F001
Madu River Safari by Buddhi,Safety barrier,1,0,0,1,0.0,neutral,1,REV029496_F002
Madu River Safari by Buddhi,Seating,2,2,0,0,1.0,positive,2,REV029326_F002;REV029389_F001
Madu River Safari by Buddhi,Shade or shelter,15,1,2,12,-0.067,neutral,12,REV029088_F001;REV029115_F001;REV029115_F003;REV029122_F002;REV029123_F001;REV029140_F003;REV029262_F002;REV029276_F001;REV029282_F001;REV029357_F004;REV029362_F003;REV029362_F004;REV029540_F003;REV029575_F004;REV029575_F006
Madu River Safari by Buddhi,Shop,34,8,1,25,0.206,neutral,34,REV029086_F001;REV029093_F001;REV029111_F003;REV029132_F002;REV029139_F002;REV029149_F004;REV029163_F002;REV029191_F002;REV029234_F002;REV029250_F003;REV029254_F001;REV029259_F003;REV029275_F002;REV029282_F002;REV029311_F001;REV029326_F003;REV029358_F005;REV029362_F007;REV029363_F004;REV029368_F001;REV029374_F001;REV029375_F002;REV029385_F005;REV029393_F002;REV029397_F002
Madu River Safari by Buddhi,Shower,2,0,1,1,-0.5,neutral,1,REV029167_F002;REV029167_F003
Madu River Safari by Buddhi,Steps or stairs,2,0,1,1,-0.5,neutral,2,REV029209_F001;REV029265_F001
Madu River Safari by Buddhi,Taxi service,1,0,0,1,0.0,neutral,1,REV029167_F001
Madu River Safari by Buddhi,Ticket counter,1,0,0,1,0.0,neutral,1,REV029119_F002
Madu River Safari by Buddhi,Ticket or receipt,4,0,2,2,-0.5,neutral,4,REV029102_F001;REV029119_F002;REV029314_F001;REV029433_F001
Madu River Safari by Buddhi,Toilet,2,2,0,0,1.0,positive,2,REV029203_F003;REV029342_F001
Madu River Safari by Buddhi,Towel service,2,0,0,2,0.0,neutral,2,REV029140_F001;REV029147_F003
Madu River Safari by Buddhi,Tuk tuk service,14,3,4,7,-0.071,neutral,5,REV029354_F001;REV029354_F002;REV029398_F003;REV029398_F004;REV029398_F005;REV029398_F007;REV029399_F003;REV029399_F004;REV029399_F005;REV029399_F007;REV029433_F001;REV029490_F001;REV029490_F002;REV029490_F003
Maduru Oya National Park,Accommodation,9,3,0,6,0.333,neutral,5,REV034041_F001;REV034047_F001;REV034055_F001;REV034061_F001;REV034061_F003;REV034061_F004;REV034061_F005;REV034061_F006;REV034063_F003
Maduru Oya National Park,Brochure,1,1,0,0,1.0,positive,1,REV034047_F001
Maduru Oya National Park,Entrance fee,4,0,1,3,-0.25,neutral,3,REV034039_F001;REV034039_F002;REV034044_F001;REV034057_F001
Maduru Oya National Park,Guide service,1,0,0,1,0.0,neutral,1,REV034047_F002
Maduru Oya National Park,Road access,2,0,0,2,0.0,neutral,2,REV034061_F005;REV034063_F002
Maduru Oya National Park,Signage,1,0,0,1,0.0,neutral,1,REV034063_F001
Maduru Oya National Park,Taxi service,1,0,0,1,0.0,neutral,1,REV034061_F002
Maduru Oya National Park,Ticket or receipt,2,0,2,0,-1.0,negative,1,REV034043_F001;REV034043_F002
Maduru Oya National Park,Toilet,1,0,0,1,0.0,neutral,1,REV034060_F001
Maduru Oya National Park,Towel service,1,0,0,1,0.0,neutral,1,REV034060_F001
Maha Saman Dewalaya,Entrance fee,1,1,0,0,1.0,positive,1,REV029596_F002
Maha Saman Dewalaya,Guide service,2,0,0,2,0.0,neutral,2,REV029610_F001;REV029619_F001
Maha Saman Dewalaya,Lighting,1,0,0,1,0.0,neutral,1,REV029590_F001
Maha Saman Dewalaya,Parking,1,1,0,0,1.0,positive,1,REV029596_F003
Maha Saman Dewalaya,Security,1,0,0,1,0.0,neutral,1,REV029596_F001
Maha Saman Dewalaya,Shop,1,0,0,1,0.0,neutral,1,REV029590_F002
Maha Saman Dewalaya,Steps or stairs,1,0,0,1,0.0,neutral,1,REV029590_F003
Maligawila Buddha Statue,Accommodation,7,2,0,5,0.286,neutral,7,REV042356_F001;REV042357_F001;REV042360_F001;REV042364_F002;REV042369_F001;REV042373_F001;REV042380_F001
Maligawila Buddha Statue,Parking,1,0,0,1,0.0,neutral,1,REV042359_F001
Maligawila Buddha Statue,Public transport access,1,0,0,1,0.0,neutral,1,REV042381_F001
Maligawila Buddha Statue,Security,1,0,0,1,0.0,neutral,1,REV042359_F001
Maligawila Buddha Statue,Shade or shelter,2,0,0,2,0.0,neutral,2,REV042364_F001;REV042365_F001
Maligawila Buddha Statue,Steps or stairs,1,0,0,1,0.0,neutral,1,REV042367_F001
Marble Beach,Accommodation,134,40,12,82,0.209,neutral,89,REV042387_F001;REV042392_F001;REV042395_F001;REV042399_F001;REV042407_F001;REV042416_F001;REV042418_F002;REV042418_F003;REV042420_F001;REV042423_F001;REV042429_F001;REV042429_F002;REV042433_F001;REV042433_F002;REV042434_F001;REV042437_F001;REV042438_F001;REV042440_F001;REV042446_F001;REV042446_F002;REV042449_F002;REV042449_F003;REV042450_F001;REV042450_F002;REV042452_F001
Marble Beach,Bridge,1,0,0,1,0.0,neutral,1,REV042714_F002
Marble Beach,Cafe,8,2,0,6,0.25,neutral,8,REV042436_F001;REV042446_F003;REV042490_F001;REV042510_F001;REV042576_F001;REV042653_F001;REV042668_F001;REV042703_F001
Marble Beach,Changing room,5,3,0,2,0.6,positive,4,REV042488_F001;REV042488_F002;REV042644_F001;REV042688_F001;REV042719_F002
Marble Beach,Clothing cover service,1,1,0,0,1.0,positive,1,REV042700_F002
Marble Beach,Entrance fee,42,13,3,26,0.238,neutral,36,REV042391_F001;REV042392_F002;REV042396_F002;REV042413_F001;REV042418_F001;REV042418_F002;REV042449_F001;REV042450_F002;REV042455_F002;REV042466_F001;REV042466_F002;REV042466_F003;REV042466_F004;REV042469_F001;REV042477_F001;REV042492_F001;REV042498_F003;REV042500_F001;REV042506_F001;REV042509_F001;REV042533_F001;REV042535_F002;REV042543_F003;REV042547_F001;REV042549_F002
Marble Beach,Food stall,6,4,1,1,0.5,positive,6,REV042415_F002;REV042457_F002;REV042528_F003;REV042562_F003;REV042597_F001;REV042603_F001
Marble Beach,General facilities,11,4,2,5,0.182,neutral,11,REV042455_F003;REV042459_F001;REV042504_F002;REV042507_F001;REV042530_F001;REV042574_F001;REV042633_F001;REV042675_F001;REV042705_F005;REV042706_F003;REV042713_F001
Marble Beach,Guide service,1,0,0,1,0.0,neutral,1,REV042613_F001
Marble Beach,Lifeguard service,16,6,2,8,0.25,neutral,16,REV042395_F003;REV042404_F001;REV042415_F001;REV042434_F002;REV042463_F001;REV042469_F003;REV042475_F001;REV042498_F001;REV042499_F001;REV042502_F001;REV042628_F001;REV042655_F001;REV042656_F001;REV042697_F001;REV042705_F004;REV042706_F006
Marble Beach,Parking,13,6,0,7,0.462,neutral,12,REV042385_F001;REV042390_F001;REV042415_F004;REV042436_F002;REV042466_F003;REV042467_F001;REV042467_F002;REV042491_F001;REV042516_F001;REV042636_F001;REV042646_F001;REV042666_F001;REV042671_F002
Marble Beach,Public transport access,2,0,1,1,-0.5,neutral,1,REV042700_F004;REV042700_F005
Marble Beach,Restaurant,45,16,6,23,0.222,neutral,39,REV042392_F004;REV042396_F001;REV042397_F001;REV042414_F001;REV042419_F001;REV042425_F001;REV042433_F001;REV042438_F001;REV042439_F001;REV042446_F005;REV042447_F001;REV042447_F003;REV042456_F001;REV042456_F002;REV042457_F002;REV042465_F002;REV042470_F001;REV042474_F001;REV042484_F001;REV042501_F001;REV042526_F001;REV042536_F001;REV042542_F001;REV042543_F002;REV042560_F001
Marble Beach,Road access,7,0,1,6,-0.143,neutral,7,REV042408_F001;REV042415_F003;REV042580_F002;REV042687_F001;REV042713_F002;REV042714_F003;REV042719_F001
Marble Beach,Safety barrier,3,1,0,2,0.333,neutral,3,REV042580_F001;REV042607_F001;REV042694_F001
Marble Beach,Seating,1,0,0,1,0.0,neutral,1,REV042603_F001
Marble Beach,Security,25,8,3,14,0.2,neutral,24,REV042395_F003;REV042404_F001;REV042415_F001;REV042434_F002;REV042463_F001;REV042468_F002;REV042469_F002;REV042469_F003;REV042475_F001;REV042498_F001;REV042499_F001;REV042502_F001;REV042504_F001;REV042535_F001;REV042588_F005;REV042594_F001;REV042602_F001;REV042622_F001;REV042628_F001;REV042655_F001;REV042656_F001;REV042680_F004;REV042697_F001;REV042705_F004;REV042706_F006
Marble Beach,Shade or shelter,7,4,1,2,0.429,positive,7,REV042394_F001;REV042395_F001;REV042529_F001;REV042542_F002;REV042607_F002;REV042653_F001;REV042707_F002
Marble Beach,Shop,6,1,0,5,0.167,neutral,6,REV042392_F003;REV042401_F001;REV042410_F001;REV042415_F002;REV042578_F002;REV042655_F001
Marble Beach,Shower,15,8,3,4,0.333,positive,15,REV042394_F001;REV042409_F001;REV042423_F001;REV042446_F004;REV042447_F002;REV042450_F003;REV042527_F001;REV042573_F004;REV042574_F002;REV042590_F001;REV042611_F001;REV042640_F001;REV042644_F001;REV042685_F001;REV042690_F001
Marble Beach,Signage,2,0,2,0,-1.0,negative,2,REV042389_F001;REV042466_F002
Marble Beach,Snorkelling equipment rental,2,1,0,1,0.5,positive,2,REV042400_F001;REV042451_F001
Marble Beach,Steps or stairs,1,0,0,1,0.0,neutral,1,REV042706_F004
Marble Beach,Taxi service,17,4,0,13,0.235,neutral,14,REV042395_F001;REV042407_F001;REV042441_F001;REV042451_F001;REV042478_F003;REV042599_F003;REV042599_F004;REV042612_F002;REV042641_F001;REV042645_F004;REV042653_F001;REV042655_F001;REV042664_F001;REV042680_F002;REV042680_F006;REV042714_F004;REV042714_F006
Marble Beach,Ticket or receipt,16,7,1,8,0.375,neutral,15,REV042390_F002;REV042415_F005;REV042457_F001;REV042494_F001;REV042533_F001;REV042572_F001;REV042583_F001;REV042599_F001;REV042602_F001;REV042628_F003;REV042635_F001;REV042635_F002;REV042636_F001;REV042656_F002;REV042666_F001;REV042671_F001
Marble Beach,Toilet,22,11,5,6,0.273,positive,21,REV042394_F001;REV042399_F002;REV042409_F001;REV042446_F004;REV042450_F003;REV042455_F001;REV042467_F004;REV042488_F002;REV042510_F001;REV042513_F001;REV042528_F001;REV042533_F001;REV042538_F001;REV042573_F004;REV042580_F003;REV042580_F004;REV042588_F004;REV042669_F004;REV042679_F001;REV042686_F002;REV042705_F002;REV042706_F004
Marble Beach,Tuk tuk service,13,2,0,11,0.154,neutral,11,REV042395_F002;REV042418_F001;REV042418_F004;REV042450_F002;REV042466_F003;REV042483_F001;REV042498_F003;REV042536_F001;REV042551_F002;REV042552_F001;REV042593_F001;REV042593_F002;REV042700_F001
Marble Beach,Waste bins,1,1,0,0,1.0,positive,1,REV042528_F002
Matara Paravi Duwa Temple,Accessibility ramp,2,0,0,2,0.0,neutral,2,REV029675_F002;REV029680_F006
Matara Paravi Duwa Temple,Accommodation,2,0,1,1,-0.5,neutral,2,REV029622_F001;REV029636_F001
Matara Paravi Duwa Temple,Bridge,40,10,7,23,0.075,neutral,31,REV029624_F001;REV029624_F002;REV029624_F003;REV029626_F002;REV029628_F001;REV029630_F001;REV029632_F001;REV029633_F001;REV029633_F002;REV029634_F001;REV029636_F001;REV029640_F001;REV029640_F002;REV029640_F004;REV029641_F003;REV029643_F001;REV029644_F001;REV029646_F001;REV029647_F001;REV029647_F002;REV029647_F003;REV029650_F001;REV029651_F001;REV029653_F001;REV029653_F002
Matara Paravi Duwa Temple,Clothing cover service,1,0,0,1,0.0,neutral,1,REV029646_F002
Matara Paravi Duwa Temple,Donation box,4,1,2,1,-0.25,negative,4,REV029623_F002;REV029624_F004;REV029628_F002;REV029680_F003
Matara Paravi Duwa Temple,Entrance fee,12,2,0,10,0.167,neutral,11,REV029625_F002;REV029626_F003;REV029627_F002;REV029641_F002;REV029648_F001;REV029655_F001;REV029663_F001;REV029674_F002;REV029675_F003;REV029676_F001;REV029680_F004;REV029680_F007
Matara Paravi Duwa Temple,Guide service,1,0,0,1,0.0,neutral,1,REV029645_F001
Matara Paravi Duwa Temple,Pathway,5,0,1,4,-0.2,neutral,4,REV029641_F004;REV029648_F001;REV029648_F002;REV029651_F001;REV029677_F002
Matara Paravi Duwa Temple,Public transport access,9,3,0,6,0.333,neutral,7,REV029626_F001;REV029627_F001;REV029627_F004;REV029646_F003;REV029649_F001;REV029654_F001;REV029664_F001;REV029680_F001;REV029680_F006
Matara Paravi Duwa Temple,Restaurant,1,1,0,0,1.0,positive,1,REV029654_F001
Matara Paravi Duwa Temple,Security,1,0,0,1,0.0,neutral,1,REV029640_F003
Matara Paravi Duwa Temple,Shade or shelter,1,1,0,0,1.0,positive,1,REV029680_F005
Matara Paravi Duwa Temple,Shoe storage,1,0,0,1,0.0,neutral,1,REV029655_F001
Matara Paravi Duwa Temple,Shop,1,0,1,0,-1.0,negative,1,REV029628_F002
Matara Paravi Duwa Temple,Steps or stairs,7,1,2,4,-0.143,neutral,6,REV029623_F001;REV029627_F003;REV029641_F001;REV029646_F002;REV029674_F001;REV029674_F003;REV029680_F002
Matara Paravi Duwa Temple,Ticket or receipt,1,0,1,0,-1.0,negative,1,REV029680_F003
Matara Paravi Duwa Temple,Tuk tuk service,1,0,0,1,0.0,neutral,1,REV029680_F007
Matara Paravi Duwa Temple,View platform,1,1,0,0,1.0,positive,1,REV029625_F001
Mihintale,Accommodation,14,3,2,9,0.071,neutral,13,REV009603_F001;REV009619_F001;REV009646_F001;REV009675_F009;REV009675_F010;REV009722_F001;REV009731_F001;REV009733_F001;REV009744_F001;REV009870_F001;REV009888_F001;REV009918_F001;REV009971_F001;REV009987_F001
Mihintale,Bridge,2,0,1,1,-0.5,neutral,2,REV009578_F001;REV009724_F001
Mihintale,Brochure,6,3,0,3,0.5,positive,6,REV009605_F001;REV009647_F001;REV009655_F001;REV009850_F001;REV009910_F001;REV009946_F001
Mihintale,Cafe,2,0,1,1,-0.5,neutral,2,REV009675_F008;REV009998_F001
Mihintale,Clothing cover service,4,1,0,3,0.25,neutral,4,REV009685_F007;REV009773_F002;REV009888_F004;REV009976_F006
Mihintale,Donation box,4,0,2,2,-0.5,neutral,4,REV009675_F004;REV009681_F003;REV009713_F002;REV009719_F003
Mihintale,Drinking water,1,1,0,0,1.0,positive,1,REV009605_F004
Mihintale,Entrance fee,66,20,7,39,0.197,neutral,58,REV009500_F001;REV009513_F001;REV009517_F001;REV009519_F001;REV009521_F001;REV009526_F001;REV009545_F001;REV009554_F001;REV009562_F001;REV009570_F001;REV009594_F001;REV009606_F001;REV009606_F002;REV009612_F002;REV009631_F001;REV009632_F001;REV009647_F002;REV009672_F001;REV009675_F007;REV009675_F009;REV009677_F002;REV009682_F001;REV009691_F006;REV009691_F007;REV009698_F002
Mihintale,Food stall,2,1,0,1,0.5,positive,2,REV009889_F001;REV009978_F002
Mihintale,General facilities,1,0,0,1,0.0,neutral,1,REV009737_F001
Mihintale,Guide service,22,11,1,10,0.455,positive,18,REV009519_F001;REV009524_F001;REV009536_F001;REV009613_F001;REV009670_F001;REV009693_F001;REV009734_F001;REV009734_F002;REV009734_F003;REV009744_F002;REV009808_F001;REV009816_F002;REV009816_F003;REV009824_F001;REV009827_F001;REV009841_F004;REV009842_F001;REV009902_F001;REV009902_F002;REV009925_F002;REV009972_F001;REV009994_F001
Mihintale,Handrail,15,3,3,9,0.0,neutral,14,REV009506_F002;REV009651_F001;REV009667_F002;REV009675_F005;REV009694_F001;REV009695_F005;REV009758_F002;REV009760_F001;REV009771_F001;REV009801_F001;REV009839_F001;REV009939_F002;REV009955_F003;REV009964_F001;REV009964_F003
Mihintale,Lighting,1,0,0,1,0.0,neutral,1,REV009931_F002
Mihintale,Multilingual information,2,0,0,2,0.0,neutral,2,REV009773_F004;REV009849_F002
Mihintale,Parking,36,7,3,26,0.111,neutral,34,REV009520_F001;REV009549_F001;REV009591_F001;REV009603_F002;REV009612_F001;REV009619_F002;REV009625_F001;REV009626_F001;REV009640_F001;REV009672_F001;REV009685_F003;REV009687_F003;REV009691_F001;REV009695_F001;REV009698_F004;REV009700_F001;REV009714_F002;REV009722_F003;REV009767_F001;REV009777_F002;REV009809_F001;REV009817_F001;REV009834_F002;REV009840_F001;REV009847_F003
Mihintale,Pathway,3,0,1,2,-0.333,neutral,3,REV009605_F002;REV009667_F002;REV009669_F001
Mihintale,Public transport access,6,2,0,4,0.333,neutral,4,REV009606_F002;REV009606_F003;REV009698_F001;REV009837_F001;REV009932_F001;REV009932_F002
Mihintale,Restaurant,2,2,0,0,1.0,positive,2,REV009763_F002;REV009854_F001
Mihintale,Road access,2,0,0,2,0.0,neutral,2,REV009719_F002;REV009784_F001
Mihintale,Safety barrier,13,5,3,5,0.154,positive,13,REV009510_F001;REV009554_F003;REV009559_F002;REV009621_F001;REV009625_F002;REV009685_F008;REV009691_F005;REV009695_F003;REV009773_F003;REV009779_F001;REV009926_F005;REV009928_F002;REV009972_F004
Mihintale,Seating,1,0,0,1,0.0,neutral,1,REV009914_F004
Mihintale,Security,3,1,0,2,0.333,neutral,3,REV009732_F001;REV009800_F001;REV009881_F004
Mihintale,Shade or shelter,10,3,0,7,0.3,neutral,9,REV009584_F001;REV009605_F002;REV009626_F002;REV009847_F001;REV009854_F002;REV009908_F001;REV009955_F002;REV009955_F004;REV009967_F002;REV009969_F003
Mihintale,Shoe storage,32,3,8,21,-0.156,neutral,32,REV009507_F002;REV009513_F002;REV009529_F003;REV009551_F001;REV009566_F001;REV009587_F001;REV009596_F001;REV009597_F001;REV009634_F001;REV009636_F001;REV009643_F001;REV009667_F001;REV009675_F006;REV009684_F001;REV009687_F001;REV009691_F004;REV009710_F001;REV009719_F002;REV009751_F002;REV009777_F003;REV009870_F004;REV009873_F001;REV009888_F004;REV009909_F002;REV009910_F003
Mihintale,Shop,5,0,2,3,-0.4,neutral,5,REV009675_F008;REV009685_F010;REV009691_F003;REV009760_F002;REV009768_F003
Mihintale,Shower,1,0,0,1,0.0,neutral,1,REV009841_F001
Mihintale,Signage,7,3,2,2,0.143,positive,6,REV009605_F001;REV009615_F001;REV009636_F002;REV009773_F004;REV009849_F001;REV009849_F002;REV009917_F002
Mihintale,Steps or stairs,275,67,56,152,0.04,neutral,191,REV009501_F001;REV009504_F001;REV009505_F001;REV009506_F001;REV009507_F001;REV009510_F002;REV009510_F003;REV009516_F001;REV009527_F001;REV009527_F002;REV009529_F002;REV009547_F001;REV009554_F002;REV009556_F001;REV009556_F002;REV009559_F001;REV009565_F001;REV009576_F001;REV009576_F002;REV009584_F001;REV009587_F002;REV009592_F001;REV009595_F001;REV009595_F002;REV009596_F001
Mihintale,Taxi service,6,0,1,5,-0.167,neutral,6,REV009515_F001;REV009634_F001;REV009730_F001;REV009736_F001;REV009821_F001;REV009955_F002
Mihintale,Ticket counter,7,1,1,5,0.0,neutral,6,REV009562_F001;REV009606_F004;REV009606_F006;REV009656_F001;REV009672_F001;REV009881_F004;REV009955_F002
Mihintale,Ticket or receipt,19,2,3,14,-0.053,neutral,17,REV009513_F001;REV009531_F001;REV009533_F001;REV009562_F001;REV009606_F004;REV009606_F006;REV009619_F002;REV009632_F001;REV009656_F001;REV009672_F001;REV009675_F003;REV009691_F001;REV009691_F006;REV009697_F001;REV009698_F002;REV009765_F001;REV009881_F004;REV009940_F001;REV009955_F002
Mihintale,Toilet,3,0,3,0,-1.0,negative,3,REV009535_F001;REV009675_F008;REV009765_F003
Mihintale,Towel service,1,1,0,0,1.0,positive,1,REV009713_F001
Mihintale,Tuk tuk service,37,8,2,27,0.162,neutral,36,REV009503_F001;REV009503_F002;REV009529_F001;REV009534_F001;REV009565_F002;REV009570_F001;REV009586_F001;REV009602_F001;REV009603_F002;REV009605_F001;REV009644_F002;REV009652_F001;REV009666_F001;REV009675_F009;REV009685_F003;REV009719_F001;REV009722_F002;REV009731_F001;REV009733_F001;REV009744_F001;REV009747_F001;REV009777_F002;REV009780_F002;REV009787_F001;REV009813_F001
Mihintale,View platform,1,0,0,1,0.0,neutral,1,REV009976_F003
Minneriya National Park,Accessibility ramp,1,0,1,0,-1.0,negative,1,REV034440_F004
Minneriya National Park,Accommodation,50,13,2,35,0.22,neutral,44,REV034067_F001;REV034078_F001;REV034078_F003;REV034088_F002;REV034106_F001;REV034124_F003;REV034124_F004;REV034148_F001;REV034169_F001;REV034169_F002;REV034186_F001;REV034193_F002;REV034194_F001;REV034213_F001;REV034214_F002;REV034217_F001;REV034217_F003;REV034248_F002;REV034256_F001;REV034259_F002;REV034274_F002;REV034295_F001;REV034317_F001;REV034337_F001;REV034352_F001
Minneriya National Park,Brochure,1,0,0,1,0.0,neutral,1,REV034506_F001
Minneriya National Park,Drinking water,2,1,0,1,0.5,positive,2,REV034274_F001;REV034472_F001
Minneriya National Park,Entrance fee,64,11,9,44,0.031,neutral,51,REV034068_F001;REV034085_F001;REV034088_F001;REV034088_F003;REV034111_F001;REV034119_F001;REV034124_F004;REV034167_F001;REV034172_F001;REV034177_F001;REV034180_F001;REV034213_F001;REV034214_F001;REV034217_F002;REV034217_F004;REV034239_F001;REV034244_F001;REV034244_F002;REV034248_F001;REV034248_F003;REV034248_F004;REV034274_F002;REV034277_F001;REV034280_F002;REV034296_F001
Minneriya National Park,Food stall,1,0,0,1,0.0,neutral,1,REV034193_F002
Minneriya National Park,Guide service,34,19,5,10,0.412,positive,30,REV034067_F002;REV034080_F001;REV034097_F001;REV034117_F001;REV034117_F002;REV034155_F001;REV034163_F001;REV034163_F002;REV034166_F001;REV034191_F001;REV034195_F001;REV034225_F001;REV034225_F002;REV034230_F001;REV034234_F001;REV034234_F002;REV034263_F001;REV034343_F001;REV034349_F001;REV034369_F001;REV034385_F001;REV034389_F001;REV034398_F001;REV034420_F001;REV034438_F003
Minneriya National Park,Handrail,1,0,1,0,-1.0,negative,1,REV034363_F003
Minneriya National Park,Jeep service,60,18,5,37,0.217,neutral,52,REV034068_F001;REV034078_F002;REV034088_F002;REV034089_F001;REV034100_F001;REV034124_F001;REV034127_F001;REV034131_F001;REV034148_F001;REV034153_F001;REV034157_F001;REV034157_F002;REV034157_F003;REV034182_F001;REV034182_F002;REV034193_F001;REV034205_F001;REV034207_F001;REV034259_F001;REV034267_F001;REV034284_F001;REV034304_F001;REV034308_F001;REV034311_F001;REV034329_F001
Minneriya National Park,Multilingual information,1,0,0,1,0.0,neutral,1,REV034451_F003
Minneriya National Park,Parking,16,3,1,12,0.125,neutral,14,REV034111_F001;REV034118_F001;REV034137_F001;REV034165_F001;REV034167_F001;REV034194_F002;REV034230_F002;REV034237_F001;REV034237_F002;REV034289_F001;REV034309_F001;REV034363_F002;REV034363_F004;REV034365_F001;REV034409_F002;REV034535_F001
Minneriya National Park,Pathway,1,0,0,1,0.0,neutral,1,REV034475_F001
Minneriya National Park,Rest area,2,0,0,2,0.0,neutral,2,REV034424_F001;REV034627_F003
Minneriya National Park,Road access,5,1,1,3,0.0,neutral,5,REV034069_F001;REV034205_F002;REV034438_F001;REV034451_F004;REV034538_F001
Minneriya National Park,Safety barrier,1,1,0,0,1.0,positive,1,REV034200_F001
Minneriya National Park,Seating,8,1,2,5,-0.125,neutral,8,REV034252_F001;REV034289_F001;REV034317_F002;REV034363_F001;REV034365_F002;REV034379_F002;REV034440_F004;REV034526_F001
Minneriya National Park,Security,5,2,1,2,0.2,positive,5,REV034193_F001;REV034363_F002;REV034394_F001;REV034416_F001;REV034446_F004
Minneriya National Park,Shade or shelter,4,2,1,1,0.25,positive,4,REV034204_F001;REV034526_F002;REV034595_F001;REV034617_F001
Minneriya National Park,Shower,2,1,1,0,0.0,positive,2,REV034259_F002;REV034515_F001
Minneriya National Park,Signage,4,1,1,2,0.0,neutral,3,REV034341_F001;REV034341_F002;REV034483_F002;REV034485_F001
Minneriya National Park,Steps or stairs,1,0,0,1,0.0,neutral,1,REV034241_F001
Minneriya National Park,Taxi service,3,1,0,2,0.333,neutral,3,REV034089_F002;REV034124_F002;REV034238_F001
Minneriya National Park,Ticket counter,4,1,0,3,0.25,neutral,3,REV034213_F001;REV034217_F002;REV034556_F001;REV034556_F002
Minneriya National Park,Ticket or receipt,26,4,4,18,0.0,neutral,23,REV034082_F001;REV034091_F001;REV034093_F001;REV034093_F002;REV034118_F002;REV034143_F001;REV034146_F001;REV034213_F001;REV034217_F002;REV034238_F002;REV034239_F001;REV034290_F001;REV034308_F002;REV034398_F002;REV034438_F002;REV034440_F003;REV034451_F001;REV034457_F001;REV034521_F001;REV034544_F001;REV034556_F001;REV034556_F002;REV034561_F001;REV034561_F002;REV034603_F001
Minneriya National Park,Toilet,2,1,1,0,0.0,positive,2,REV034089_F002;REV034381_F001
Minneriya National Park,Tuk tuk service,1,0,0,1,0.0,neutral,1,REV034280_F001
Minneriya National Park,View platform,1,0,0,1,0.0,neutral,1,REV034540_F001
Mirissa Beach,Accessibility ramp,3,2,0,1,0.667,positive,3,REV029885_F001;REV030082_F002;REV030189_F001
Mirissa Beach,Accommodation,82,24,16,42,0.098,neutral,70,REV029682_F001;REV029682_F002;REV029684_F001;REV029688_F001;REV029689_F003;REV029691_F001;REV029691_F002;REV029691_F003;REV029695_F001;REV029703_F001;REV029723_F001;REV029723_F002;REV029737_F001;REV029750_F001;REV029758_F001;REV029768_F002;REV029785_F001;REV029796_F001;REV029799_F001;REV029819_F001;REV029821_F002;REV029822_F001;REV029824_F001;REV029830_F001;REV029830_F002
Mirissa Beach,Boat service,4,0,0,4,0.0,neutral,4,REV029699_F001;REV029708_F001;REV030191_F001;REV030199_F001
Mirissa Beach,Bridge,2,2,0,0,1.0,positive,2,REV029822_F002;REV030146_F001
Mirissa Beach,Brochure,2,0,0,2,0.0,neutral,2,REV029715_F001;REV029941_F002
Mirissa Beach,Cafe,31,15,0,16,0.484,neutral,30,REV029691_F005;REV029697_F001;REV029700_F001;REV029706_F001;REV029711_F001;REV029734_F001;REV029735_F001;REV029737_F001;REV029755_F001;REV029769_F001;REV029772_F001;REV029781_F001;REV029789_F001;REV029789_F002;REV029800_F001;REV029856_F001;REV029883_F001;REV029913_F001;REV030033_F001;REV030046_F001;REV030077_F001;REV030096_F001;REV030099_F002;REV030119_F001;REV030121_F001
Mirissa Beach,Entrance fee,11,3,0,8,0.273,neutral,9,REV029695_F002;REV029695_F003;REV029706_F002;REV029715_F002;REV029718_F001;REV029867_F001;REV029867_F002;REV029914_F001;REV029982_F001;REV030001_F002;REV030068_F001
Mirissa Beach,Food stall,4,3,0,1,0.75,positive,4,REV029881_F001;REV029961_F001;REV030094_F001;REV030222_F001
Mirissa Beach,General facilities,3,1,0,2,0.333,neutral,3,REV029725_F001;REV029823_F001;REV030029_F003
Mirissa Beach,Guide service,2,1,0,1,0.5,positive,2,REV029689_F002;REV029819_F001
Mirissa Beach,Lifeguard service,9,1,2,6,-0.111,neutral,8,REV029726_F002;REV029831_F001;REV029965_F001;REV029968_F001;REV029968_F002;REV029970_F003;REV029993_F001;REV030084_F002;REV030210_F004
Mirissa Beach,Lighting,1,0,1,0,-1.0,negative,1,REV029796_F002
Mirissa Beach,Pathway,2,1,1,0,0.0,positive,2,REV029796_F002;REV030012_F001
Mirissa Beach,Public transport access,2,1,0,1,0.5,positive,2,REV029890_F001;REV029909_F002
Mirissa Beach,Restaurant,282,143,18,121,0.443,positive,255,REV029684_F002;REV029686_F001;REV029689_F001;REV029689_F003;REV029693_F001;REV029696_F001;REV029697_F001;REV029700_F001;REV029710_F001;REV029711_F001;REV029712_F001;REV029714_F001;REV029716_F001;REV029717_F001;REV029719_F001;REV029721_F001;REV029721_F002;REV029721_F003;REV029722_F001;REV029728_F001;REV029730_F001;REV029731_F001;REV029735_F001;REV029736_F001;REV029737_F001
Mirissa Beach,Road access,4,0,1,3,-0.25,neutral,4,REV029999_F001;REV030005_F001;REV030029_F004;REV030073_F001
Mirissa Beach,Scooter rental,1,0,0,1,0.0,neutral,1,REV030110_F001
Mirissa Beach,Seating,5,2,1,2,0.2,positive,5,REV029827_F001;REV029914_F001;REV030068_F003;REV030118_F001;REV030177_F001
Mirissa Beach,Security,13,2,2,9,0.0,neutral,11,REV029726_F002;REV029766_F001;REV029831_F001;REV029965_F001;REV029968_F001;REV029968_F002;REV029970_F003;REV029993_F001;REV030034_F001;REV030084_F002;REV030210_F002;REV030210_F004;REV030265_F003
Mirissa Beach,Shade or shelter,16,6,2,8,0.25,neutral,15,REV029691_F004;REV029714_F001;REV029789_F001;REV029797_F002;REV029859_F002;REV029965_F001;REV029966_F001;REV029970_F003;REV030032_F001;REV030034_F001;REV030096_F001;REV030122_F001;REV030243_F001;REV030243_F002;REV030266_F001;REV030274_F001
Mirissa Beach,Shop,15,6,3,6,0.2,positive,15,REV029684_F001;REV029785_F001;REV029796_F003;REV029887_F001;REV029914_F002;REV029917_F002;REV029928_F001;REV029970_F001;REV030027_F004;REV030042_F001;REV030110_F002;REV030115_F002;REV030128_F001;REV030251_F001;REV030261_F001
Mirissa Beach,Shower,7,0,0,7,0.0,neutral,6,REV029691_F005;REV029718_F001;REV029860_F001;REV029965_F002;REV030036_F002;REV030044_F001;REV030044_F002
Mirissa Beach,Signage,4,0,2,2,-0.5,neutral,3,REV029689_F002;REV029726_F001;REV030210_F003;REV030210_F005
Mirissa Beach,Snorkelling equipment rental,2,2,0,0,1.0,positive,2,REV030001_F001;REV030105_F002
Mirissa Beach,Souvenir shop,3,0,3,0,-1.0,negative,3,REV029709_F001;REV030027_F003;REV030224_F001
Mirissa Beach,Steps or stairs,3,1,1,1,0.0,positive,3,REV029800_F002;REV030151_F003;REV030228_F002
Mirissa Beach,Taxi service,6,2,1,3,0.167,neutral,4,REV029819_F001;REV029904_F001;REV029904_F002;REV029904_F003;REV029909_F001;REV030006_F001
Mirissa Beach,Ticket or receipt,2,0,0,2,0.0,neutral,1,REV030068_F001;REV030068_F002
Mirissa Beach,Toilet,4,2,0,2,0.5,positive,4,REV029940_F001;REV030026_F001;REV030117_F003;REV030243_F003
Mirissa Beach,Towel service,1,0,0,1,0.0,neutral,1,REV029800_F001
Mirissa Beach,Tuk tuk service,25,8,3,14,0.2,neutral,23,REV029691_F002;REV029726_F003;REV029758_F002;REV029775_F001;REV029796_F003;REV029884_F001;REV029890_F002;REV029904_F002;REV029904_F003;REV029907_F002;REV029909_F001;REV029909_F002;REV029975_F003;REV030035_F002;REV030054_F002;REV030069_F001;REV030073_F002;REV030099_F001;REV030107_F001;REV030123_F002;REV030190_F002;REV030197_F001;REV030206_F001;REV030234_F002;REV030264_F001
Moon Plains,Accommodation,2,1,0,1,0.5,positive,2,REV019901_F001;REV019937_F001
Moon Plains,Brochure,2,1,1,0,0.0,positive,2,REV020014_F004;REV020027_F004
Moon Plains,Cafe,1,0,0,1,0.0,neutral,1,REV019962_F003
Moon Plains,Entrance fee,44,6,4,34,0.045,neutral,39,REV019893_F001;REV019893_F002;REV019900_F001;REV019903_F001;REV019905_F003;REV019912_F001;REV019912_F002;REV019912_F003;REV019923_F003;REV019924_F001;REV019925_F001;REV019926_F001;REV019936_F002;REV019942_F001;REV019944_F001;REV019944_F002;REV019945_F003;REV019947_F001;REV019949_F001;REV019949_F002;REV019953_F001;REV019956_F001;REV019969_F003;REV019972_F001;REV019973_F001
Moon Plains,Food stall,1,1,0,0,1.0,positive,1,REV020005_F001
Moon Plains,General facilities,2,0,1,1,-0.5,neutral,2,REV019903_F002;REV020033_F001
Moon Plains,Guide service,6,3,2,1,0.167,positive,6,REV019955_F001;REV019974_F002;REV019976_F001;REV019998_F001;REV020014_F001;REV020034_F002
Moon Plains,Jeep service,12,4,1,7,0.25,neutral,10,REV019905_F001;REV019905_F002;REV019925_F002;REV019932_F001;REV019941_F001;REV019941_F002;REV019947_F001;REV019961_F001;REV019989_F001;REV020001_F001;REV020004_F001;REV020034_F001
Moon Plains,Multilingual information,2,1,0,1,0.5,positive,1,REV019979_F001;REV019979_F002
Moon Plains,Parking,6,2,0,4,0.333,neutral,4,REV019924_F001;REV019934_F001;REV019934_F002;REV019934_F003;REV019962_F001;REV020056_F001
Moon Plains,Public transport access,2,0,2,0,-1.0,negative,2,REV020044_F001;REV020054_F001
Moon Plains,Restaurant,1,0,1,0,-1.0,negative,1,REV019974_F003
Moon Plains,Road access,6,0,4,2,-0.667,negative,6,REV019893_F003;REV019923_F002;REV019927_F001;REV019969_F004;REV020036_F001;REV020055_F001
Moon Plains,Safety barrier,4,1,2,1,-0.25,negative,3,REV019923_F001;REV019924_F002;REV019977_F002;REV019977_F003
Moon Plains,Seating,1,1,0,0,1.0,positive,1,REV019988_F001
Moon Plains,Security,1,0,0,1,0.0,neutral,1,REV020025_F002
Moon Plains,Shade or shelter,1,0,0,1,0.0,neutral,1,REV019945_F001
Moon Plains,Shop,2,0,0,2,0.0,neutral,2,REV019962_F003;REV020027_F003
Moon Plains,Shower,1,0,0,1,0.0,neutral,1,REV019976_F002
Moon Plains,Signage,3,0,1,2,-0.333,neutral,3,REV019962_F003;REV020011_F001;REV020053_F001
Moon Plains,Steps or stairs,5,0,1,4,-0.2,neutral,5,REV019916_F001;REV019934_F002;REV019962_F002;REV020025_F002;REV020029_F001
Moon Plains,Taxi service,4,0,0,4,0.0,neutral,2,REV019935_F001;REV019969_F001;REV019969_F002;REV019969_F003
Moon Plains,Ticket counter,6,0,1,5,-0.167,neutral,6,REV019942_F001;REV019979_F001;REV019997_F001;REV020020_F001;REV020027_F004;REV020030_F001
Moon Plains,Ticket or receipt,29,4,4,21,0.0,neutral,24,REV019903_F001;REV019914_F001;REV019914_F002;REV019928_F001;REV019936_F001;REV019942_F001;REV019945_F002;REV019947_F001;REV019949_F003;REV019979_F001;REV019996_F001;REV019997_F001;REV020004_F001;REV020016_F001;REV020020_F001;REV020023_F001;REV020025_F001;REV020027_F002;REV020027_F003;REV020027_F004;REV020027_F005;REV020028_F001;REV020030_F001;REV020032_F001;REV020032_F002
Moon Plains,Toilet,6,1,2,3,-0.167,neutral,5,REV019903_F001;REV019934_F003;REV019934_F004;REV019974_F004;REV020014_F002;REV020032_F004
Moon Plains,Tuk tuk service,3,0,0,3,0.0,neutral,2,REV019980_F002;REV019993_F001;REV019993_F002
Moon Plains,View platform,11,2,0,9,0.182,neutral,10,REV019962_F002;REV019983_F001;REV019987_F001;REV019991_F002;REV019992_F001;REV019996_F003;REV020016_F002;REV020017_F001;REV020027_F001;REV020027_F002;REV020041_F001
Moonstone or Sandakada pahana,Accommodation,1,1,0,0,1.0,positive,1,REV010057_F001
Moonstone or Sandakada pahana,Guide service,2,0,0,2,0.0,neutral,2,REV010037_F001;REV010054_F001
Moonstone or Sandakada pahana,Safety barrier,4,0,1,3,-0.25,neutral,4,REV010001_F001;REV010008_F001;REV010032_F001;REV010046_F001
Moonstone or Sandakada pahana,Shop,1,0,0,1,0.0,neutral,1,REV010003_F001
Moonstone or Sandakada pahana,Steps or stairs,11,1,0,10,0.091,neutral,10,REV010004_F001;REV010005_F001;REV010011_F001;REV010019_F001;REV010030_F001;REV010032_F002;REV010043_F001;REV010044_F001;REV010051_F001;REV010059_F001;REV010059_F002
Moonstone or Sandakada pahana,Ticket or receipt,1,0,1,0,-1.0,negative,1,REV010030_F002
Moonstone or Sandakada pahana,Tuk tuk service,2,0,1,1,-0.5,neutral,2,REV010015_F001;REV010027_F001
Mount Lavinia Beach,Accommodation,244,94,15,135,0.324,neutral,171,REV003756_F001;REV003756_F003;REV003768_F001;REV003769_F001;REV003773_F001;REV003774_F002;REV003774_F003;REV003778_F001;REV003781_F001;REV003792_F001;REV003798_F001;REV003798_F002;REV003799_F001;REV003799_F002;REV003803_F001;REV003806_F001;REV003807_F001;REV003807_F002;REV003808_F001;REV003810_F001;REV003811_F001;REV003811_F002;REV003812_F001;REV003812_F002;REV003814_F001
Mount Lavinia Beach,Boat service,2,0,0,2,0.0,neutral,2,REV003813_F001;REV004165_F002
Mount Lavinia Beach,Bridge,4,2,0,2,0.5,positive,4,REV003778_F001;REV003856_F001;REV004190_F001;REV004209_F001
Mount Lavinia Beach,Cafe,14,6,1,7,0.357,neutral,13,REV003764_F001;REV003790_F001;REV003802_F001;REV003804_F001;REV003824_F001;REV003848_F001;REV003896_F001;REV003953_F002;REV003953_F003;REV003954_F001;REV004158_F002;REV004173_F001;REV004191_F001;REV004226_F001
Mount Lavinia Beach,Changing room,4,1,0,3,0.25,neutral,4,REV003899_F004;REV003973_F002;REV004164_F004;REV004210_F002
Mount Lavinia Beach,Entrance fee,8,1,0,7,0.125,neutral,8,REV003784_F001;REV003787_F003;REV003919_F001;REV003932_F002;REV003945_F001;REV004033_F002;REV004041_F001;REV004079_F002
Mount Lavinia Beach,Food stall,17,5,2,10,0.176,neutral,16,REV003802_F002;REV003823_F003;REV003845_F001;REV003847_F001;REV003865_F002;REV003899_F003;REV003946_F001;REV003955_F001;REV003957_F001;REV003989_F002;REV003999_F001;REV004042_F003;REV004063_F001;REV004063_F002;REV004144_F001;REV004190_F001;REV004248_F001
Mount Lavinia Beach,General facilities,7,5,0,2,0.714,positive,7,REV003789_F001;REV003862_F002;REV003998_F002;REV004042_F004;REV004161_F002;REV004201_F002;REV004216_F002
Mount Lavinia Beach,Guide service,1,0,0,1,0.0,neutral,1,REV003949_F001
Mount Lavinia Beach,Lifeguard service,17,7,3,7,0.235,positive,17,REV003764_F002;REV003775_F001;REV003804_F001;REV003893_F001;REV003894_F002;REV003932_F004;REV003956_F003;REV003975_F002;REV004046_F001;REV004124_F003;REV004138_F004;REV004142_F004;REV004164_F006;REV004168_F001;REV004202_F001;REV004234_F002;REV004242_F002
Mount Lavinia Beach,Locker,1,1,0,0,1.0,positive,1,REV004092_F001
Mount Lavinia Beach,Multilingual information,1,0,0,1,0.0,neutral,1,REV004048_F002
Mount Lavinia Beach,Parking,7,2,0,5,0.286,neutral,7,REV003849_F002;REV003871_F001;REV003894_F001;REV003898_F002;REV003948_F002;REV004076_F001;REV004142_F002
Mount Lavinia Beach,Public transport access,3,2,0,1,0.667,positive,3,REV003834_F002;REV003972_F001;REV004098_F001
Mount Lavinia Beach,Restaurant,202,92,11,99,0.401,neutral,184,REV003754_F001;REV003755_F001;REV003758_F001;REV003764_F002;REV003765_F001;REV003770_F001;REV003774_F001;REV003778_F002;REV003779_F001;REV003781_F002;REV003785_F001;REV003787_F001;REV003787_F002;REV003788_F001;REV003791_F001;REV003792_F001;REV003796_F002;REV003797_F001;REV003800_F001;REV003802_F001;REV003807_F002;REV003809_F001;REV003811_F003;REV003814_F003;REV003815_F001
Mount Lavinia Beach,Safety barrier,1,1,0,0,1.0,positive,1,REV004005_F002
Mount Lavinia Beach,Seating,9,6,1,2,0.556,positive,9,REV003760_F003;REV003794_F001;REV003917_F003;REV003918_F003;REV004045_F001;REV004048_F001;REV004052_F001;REV004164_F008;REV004173_F002
Mount Lavinia Beach,Security,20,9,3,8,0.3,positive,20,REV003764_F002;REV003775_F001;REV003804_F001;REV003885_F001;REV003893_F001;REV003894_F002;REV003932_F004;REV003956_F003;REV003975_F002;REV004046_F001;REV004103_F001;REV004124_F003;REV004135_F002;REV004138_F004;REV004142_F004;REV004164_F006;REV004168_F001;REV004202_F001;REV004234_F002;REV004242_F002
Mount Lavinia Beach,Shade or shelter,7,4,1,2,0.429,positive,7,REV003994_F002;REV003996_F002;REV004023_F001;REV004112_F003;REV004164_F007;REV004173_F002;REV004197_F001
Mount Lavinia Beach,Shop,9,2,0,7,0.222,neutral,9,REV003781_F002;REV003899_F003;REV003920_F001;REV003929_F002;REV003975_F002;REV004039_F004;REV004116_F002;REV004218_F001;REV004241_F001
Mount Lavinia Beach,Shower,5,1,1,3,0.0,neutral,5,REV003760_F001;REV003932_F003;REV004013_F002;REV004058_F001;REV004164_F004
Mount Lavinia Beach,Signage,6,2,1,3,0.167,neutral,6,REV003841_F001;REV003862_F006;REV004020_F001;REV004124_F002;REV004183_F002;REV004242_F002
Mount Lavinia Beach,Souvenir shop,2,0,1,1,-0.5,neutral,2,REV003787_F004;REV004006_F002
Mount Lavinia Beach,Steps or stairs,2,1,0,1,0.5,positive,2,REV003796_F003;REV004201_F001
Mount Lavinia Beach,Taxi service,14,5,0,9,0.357,neutral,14,REV003762_F001;REV003816_F001;REV003871_F002;REV003924_F002;REV003929_F001;REV003953_F001;REV003984_F002;REV004004_F002;REV004049_F001;REV004051_F001;REV004142_F003;REV004199_F001;REV004205_F001;REV004242_F004
Mount Lavinia Beach,Ticket or receipt,1,0,0,1,0.0,neutral,1,REV003796_F001
Mount Lavinia Beach,Toilet,8,3,3,2,0.0,positive,8,REV003756_F002;REV003760_F001;REV003802_F003;REV003910_F003;REV003973_F002;REV004129_F002;REV004138_F003;REV004233_F001
Mount Lavinia Beach,Towel service,6,2,2,2,0.0,positive,5,REV003756_F002;REV003760_F001;REV003760_F002;REV003784_F001;REV003981_F002;REV004164_F005
Mount Lavinia Beach,Train service,7,3,0,4,0.429,neutral,7,REV003884_F001;REV003945_F002;REV003962_F001;REV003964_F001;REV004066_F001;REV004096_F001;REV004205_F001
Mount Lavinia Beach,Tuk tuk service,17,3,1,13,0.118,neutral,14,REV003816_F001;REV003849_F002;REV003849_F003;REV003864_F001;REV003926_F001;REV003926_F002;REV003929_F003;REV003932_F005;REV004004_F002;REV004005_F001;REV004005_F004;REV004085_F002;REV004122_F001;REV004142_F003;REV004205_F001;REV004224_F001;REV004239_F001
Mount Lavinia Beach,Visitor centre,1,0,0,1,0.0,neutral,1,REV003863_F001
Mount Lavinia Beach,Waste bins,1,0,1,0,-1.0,negative,1,REV003760_F002
Mulgirigala Raja Maha Vihara,Accommodation,17,6,1,10,0.294,neutral,14,REV030403_F001;REV030430_F003;REV030446_F001;REV030446_F002;REV030517_F001;REV030526_F001;REV030539_F001;REV030544_F001;REV030553_F001;REV030553_F002;REV030553_F003;REV030585_F001;REV030601_F001;REV030608_F001;REV030611_F001;REV030617_F002;REV030641_F001
Mulgirigala Raja Maha Vihara,Brochure,6,6,0,0,1.0,positive,5,REV030357_F001;REV030430_F003;REV030530_F006;REV030558_F002;REV030567_F001;REV030567_F004
Mulgirigala Raja Maha Vihara,Clothing cover service,3,0,0,3,0.0,neutral,3,REV030354_F001;REV030644_F001;REV030653_F001
Mulgirigala Raja Maha Vihara,Donation box,26,7,3,16,0.154,neutral,21,REV030292_F001;REV030339_F001;REV030359_F002;REV030359_F004;REV030430_F005;REV030432_F002;REV030438_F001;REV030441_F002;REV030451_F002;REV030481_F001;REV030481_F004;REV030490_F003;REV030490_F004;REV030495_F002;REV030500_F002;REV030505_F003;REV030538_F001;REV030541_F002;REV030554_F001;REV030556_F001;REV030556_F002;REV030562_F002;REV030582_F001;REV030582_F002;REV030585_F003
Mulgirigala Raja Maha Vihara,Entrance fee,111,31,8,72,0.207,neutral,84,REV030284_F002;REV030289_F001;REV030292_F001;REV030294_F003;REV030298_F001;REV030299_F001;REV030299_F004;REV030305_F003;REV030307_F001;REV030327_F001;REV030329_F001;REV030329_F002;REV030329_F003;REV030331_F001;REV030336_F001;REV030339_F001;REV030344_F001;REV030345_F001;REV030348_F001;REV030350_F001;REV030354_F001;REV030357_F002;REV030357_F003;REV030359_F002;REV030359_F003
Mulgirigala Raja Maha Vihara,Food stall,3,0,0,3,0.0,neutral,3,REV030299_F003;REV030481_F007;REV030649_F002
Mulgirigala Raja Maha Vihara,General facilities,4,0,2,2,-0.5,neutral,4,REV030460_F001;REV030582_F005;REV030631_F001;REV030638_F001
Mulgirigala Raja Maha Vihara,Guide service,34,19,1,14,0.529,positive,34,REV030315_F001;REV030322_F001;REV030323_F002;REV030339_F001;REV030354_F001;REV030356_F001;REV030366_F001;REV030374_F001;REV030378_F002;REV030384_F002;REV030394_F001;REV030400_F001;REV030414_F002;REV030423_F001;REV030424_F001;REV030430_F003;REV030443_F003;REV030490_F002;REV030517_F002;REV030520_F001;REV030525_F001;REV030530_F001;REV030532_F002;REV030541_F001;REV030544_F002
Mulgirigala Raja Maha Vihara,Handrail,2,0,1,1,-0.5,neutral,2,REV030459_F002;REV030540_F003
Mulgirigala Raja Maha Vihara,Multilingual information,2,0,0,2,0.0,neutral,2,REV030545_F001;REV030567_F003
Mulgirigala Raja Maha Vihara,Parking,14,2,1,11,0.071,neutral,13,REV030299_F001;REV030299_F002;REV030334_F001;REV030359_F001;REV030428_F003;REV030481_F004;REV030508_F001;REV030530_F011;REV030535_F001;REV030540_F001;REV030572_F001;REV030585_F003;REV030643_F002;REV030656_F001
Mulgirigala Raja Maha Vihara,Pathway,1,0,0,1,0.0,neutral,1,REV030629_F001
Mulgirigala Raja Maha Vihara,Public transport access,6,3,0,3,0.5,positive,6,REV030341_F001;REV030343_F001;REV030475_F001;REV030505_F002;REV030589_F001;REV030649_F004
Mulgirigala Raja Maha Vihara,Safety barrier,8,1,0,7,0.125,neutral,7,REV030299_F005;REV030356_F001;REV030473_F002;REV030481_F006;REV030521_F002;REV030530_F005;REV030530_F009;REV030559_F001
Mulgirigala Raja Maha Vihara,Shade or shelter,2,0,1,1,-0.5,neutral,1,REV030540_F004;REV030540_F005
Mulgirigala Raja Maha Vihara,Shoe storage,5,2,2,1,0.0,positive,4,REV030305_F002;REV030430_F005;REV030581_F002;REV030631_F002;REV030631_F003
Mulgirigala Raja Maha Vihara,Shop,1,0,0,1,0.0,neutral,1,REV030360_F004
Mulgirigala Raja Maha Vihara,Signage,4,1,1,2,0.0,neutral,4,REV030333_F002;REV030430_F003;REV030537_F001;REV030600_F006
Mulgirigala Raja Maha Vihara,Souvenir shop,1,0,0,1,0.0,neutral,1,REV030354_F001
Mulgirigala Raja Maha Vihara,Steps or stairs,187,46,52,89,-0.032,neutral,153,REV030284_F001;REV030284_F003;REV030286_F001;REV030291_F001;REV030293_F001;REV030294_F002;REV030299_F005;REV030299_F006;REV030302_F001;REV030304_F001;REV030305_F001;REV030306_F001;REV030308_F001;REV030309_F001;REV030314_F001;REV030315_F001;REV030318_F001;REV030320_F001;REV030321_F001;REV030323_F001;REV030324_F001;REV030325_F001;REV030326_F001;REV030330_F001;REV030330_F002
Mulgirigala Raja Maha Vihara,Taxi service,3,1,0,2,0.333,neutral,3,REV030303_F001;REV030551_F001;REV030660_F001
Mulgirigala Raja Maha Vihara,Ticket counter,9,2,2,5,0.0,neutral,7,REV030299_F004;REV030400_F002;REV030512_F002;REV030530_F004;REV030530_F010;REV030593_F001;REV030595_F001;REV030595_F002;REV030631_F002
Mulgirigala Raja Maha Vihara,Ticket or receipt,23,8,2,13,0.261,neutral,16,REV030299_F004;REV030359_F001;REV030359_F003;REV030369_F001;REV030400_F002;REV030415_F001;REV030494_F001;REV030494_F002;REV030512_F002;REV030530_F002;REV030530_F004;REV030530_F010;REV030562_F002;REV030566_F001;REV030579_F001;REV030589_F001;REV030593_F001;REV030595_F001;REV030595_F002;REV030631_F002;REV030648_F001;REV030648_F002;REV030648_F003
Mulgirigala Raja Maha Vihara,Toilet,6,0,2,4,-0.333,neutral,6,REV030305_F003;REV030530_F011;REV030545_F001;REV030567_F003;REV030582_F004;REV030585_F002
Mulgirigala Raja Maha Vihara,Tuk tuk service,50,17,2,31,0.3,neutral,45,REV030294_F001;REV030296_F001;REV030329_F001;REV030337_F001;REV030340_F001;REV030345_F001;REV030346_F001;REV030359_F001;REV030360_F001;REV030360_F002;REV030380_F002;REV030384_F002;REV030391_F002;REV030392_F001;REV030392_F002;REV030393_F001;REV030435_F002;REV030442_F001;REV030442_F003;REV030443_F002;REV030458_F001;REV030459_F001;REV030463_F001;REV030475_F002;REV030481_F002
Mulgirigala Raja Maha Vihara,Waste bins,1,1,0,0,1.0,positive,1,REV030430_F005
Muthurajawela Marsh,Accommodation,33,12,0,21,0.364,neutral,27,REV004266_F001;REV004268_F001;REV004268_F002;REV004268_F004;REV004280_F001;REV004284_F001;REV004287_F001;REV004290_F001;REV004294_F001;REV004294_F002;REV004294_F003;REV004298_F002;REV004298_F004;REV004300_F001;REV004302_F001;REV004319_F010;REV004329_F001;REV004342_F001;REV004348_F001;REV004364_F001;REV004377_F003;REV004408_F001;REV004438_F001;REV004440_F001;REV004440_F003
Muthurajawela Marsh,Boat rental,2,0,0,2,0.0,neutral,2,REV004263_F002;REV004326_F001
Muthurajawela Marsh,Boat service,147,48,6,93,0.286,neutral,102,REV004256_F001;REV004256_F002;REV004258_F001;REV004260_F001;REV004263_F001;REV004263_F002;REV004265_F001;REV004268_F002;REV004268_F003;REV004270_F001;REV004273_F001;REV004277_F001;REV004278_F001;REV004279_F001;REV004281_F001;REV004281_F002;REV004282_F001;REV004282_F002;REV004282_F003;REV004284_F001;REV004285_F001;REV004285_F002;REV004292_F001;REV004293_F001;REV004298_F001
Muthurajawela Marsh,Bridge,2,0,0,2,0.0,neutral,2,REV004261_F002;REV004414_F001
Muthurajawela Marsh,Brochure,4,0,0,4,0.0,neutral,3,REV004290_F003;REV004298_F003;REV004416_F004;REV004416_F005
Muthurajawela Marsh,Drinking water,3,2,0,1,0.667,positive,3,REV004361_F001;REV004408_F004;REV004416_F001
Muthurajawela Marsh,Entrance fee,33,6,4,23,0.061,neutral,27,REV004253_F001;REV004253_F002;REV004260_F002;REV004261_F001;REV004266_F001;REV004287_F002;REV004289_F001;REV004299_F003;REV004304_F001;REV004304_F003;REV004307_F003;REV004319_F002;REV004319_F004;REV004329_F001;REV004347_F001;REV004347_F002;REV004359_F003;REV004390_F001;REV004419_F003;REV004421_F002;REV004425_F003;REV004431_F002;REV004431_F004;REV004439_F001;REV004440_F004
Muthurajawela Marsh,Food stall,3,2,0,1,0.667,positive,3,REV004361_F001;REV004416_F001;REV004420_F001
Muthurajawela Marsh,Guide service,48,24,5,19,0.396,positive,46,REV004254_F001;REV004256_F003;REV004269_F001;REV004269_F002;REV004273_F003;REV004275_F001;REV004288_F001;REV004297_F001;REV004299_F002;REV004302_F003;REV004311_F001;REV004312_F001;REV004314_F001;REV004319_F005;REV004321_F001;REV004323_F001;REV004326_F002;REV004334_F002;REV004336_F001;REV004337_F001;REV004348_F002;REV004353_F001;REV004359_F002;REV004364_F002;REV004366_F002
Muthurajawela Marsh,Information board,1,0,0,1,0.0,neutral,1,REV004470_F002
Muthurajawela Marsh,Life jacket,3,3,0,0,1.0,positive,3,REV004367_F004;REV004418_F001;REV004467_F003
Muthurajawela Marsh,Public transport access,1,0,1,0,-1.0,negative,1,REV004447_F001
Muthurajawela Marsh,Restaurant,4,1,1,2,0.0,neutral,4,REV004298_F005;REV004346_F001;REV004367_F003;REV004420_F001
Muthurajawela Marsh,Road access,1,0,0,1,0.0,neutral,1,REV004427_F001
Muthurajawela Marsh,Safety barrier,1,0,1,0,-1.0,negative,1,REV004302_F003
Muthurajawela Marsh,Scooter rental,1,0,0,1,0.0,neutral,1,REV004396_F001
Muthurajawela Marsh,Seating,3,1,0,2,0.333,neutral,3,REV004298_F006;REV004319_F006;REV004371_F001
Muthurajawela Marsh,Shade or shelter,5,2,2,1,0.0,positive,5,REV004385_F003;REV004416_F002;REV004461_F001;REV004484_F003;REV004487_F003
Muthurajawela Marsh,Signage,8,1,1,6,0.0,neutral,7,REV004286_F002;REV004339_F001;REV004342_F001;REV004408_F003;REV004467_F001;REV004467_F004;REV004476_F002;REV004481_F001
Muthurajawela Marsh,Souvenir shop,2,2,0,0,1.0,positive,2,REV004408_F005;REV004487_F005
Muthurajawela Marsh,Taxi service,7,3,1,3,0.286,positive,7,REV004286_F001;REV004289_F001;REV004290_F001;REV004319_F008;REV004329_F001;REV004339_F001;REV004363_F001
Muthurajawela Marsh,Ticket or receipt,1,0,0,1,0.0,neutral,1,REV004345_F001
Muthurajawela Marsh,Toilet,2,1,0,1,0.5,positive,2,REV004301_F001;REV004408_F006
Muthurajawela Marsh,Tuk tuk service,28,9,1,18,0.286,neutral,22,REV004258_F001;REV004262_F001;REV004276_F001;REV004287_F001;REV004296_F001;REV004298_F002;REV004298_F003;REV004298_F004;REV004299_F001;REV004300_F001;REV004302_F001;REV004302_F002;REV004304_F001;REV004347_F001;REV004357_F001;REV004380_F001;REV004389_F002;REV004401_F002;REV004431_F003;REV004431_F004;REV004433_F001;REV004433_F002;REV004439_F001;REV004442_F001;REV004462_F001
Muthurajawela Marsh,Visitor centre,31,9,2,20,0.226,neutral,24,REV004255_F001;REV004258_F001;REV004265_F001;REV004271_F001;REV004273_F002;REV004276_F001;REV004277_F001;REV004282_F002;REV004282_F003;REV004290_F002;REV004303_F001;REV004304_F001;REV004304_F002;REV004304_F004;REV004319_F003;REV004319_F008;REV004319_F009;REV004339_F001;REV004340_F001;REV004345_F001;REV004354_F001;REV004367_F001;REV004367_F003;REV004389_F003;REV004401_F002
Nagadipa Purana Vihara,Accessibility ramp,2,0,1,1,-0.5,neutral,2,REV042742_F001;REV042866_F001
Nagadipa Purana Vihara,Accommodation,7,2,1,4,0.143,neutral,6,REV042748_F001;REV042752_F003;REV042764_F001;REV042777_F001;REV042777_F004;REV042784_F001;REV042814_F001
Nagadipa Purana Vihara,Boat rental,1,0,0,1,0.0,neutral,1,REV042752_F006
Nagadipa Purana Vihara,Boat service,63,9,7,47,0.032,neutral,53,REV042721_F001;REV042722_F001;REV042729_F001;REV042732_F001;REV042732_F003;REV042736_F001;REV042736_F002;REV042740_F001;REV042750_F001;REV042752_F006;REV042753_F001;REV042758_F001;REV042763_F001;REV042770_F001;REV042771_F001;REV042775_F001;REV042780_F001;REV042784_F002;REV042786_F001;REV042786_F002;REV042789_F001;REV042790_F001;REV042791_F002;REV042791_F004;REV042793_F001
Nagadipa Purana Vihara,Bridge,2,1,0,1,0.5,positive,2,REV042847_F001;REV042868_F001
Nagadipa Purana Vihara,Brochure,1,0,0,1,0.0,neutral,1,REV042838_F001
Nagadipa Purana Vihara,Cafe,2,1,0,1,0.5,positive,2,REV042815_F001;REV042837_F002
Nagadipa Purana Vihara,Clothing cover service,1,0,0,1,0.0,neutral,1,REV042870_F004
Nagadipa Purana Vihara,Donation box,3,1,0,2,0.333,neutral,3,REV042738_F002;REV042777_F003;REV042850_F002
Nagadipa Purana Vihara,Entrance fee,21,3,0,18,0.143,neutral,18,REV042726_F001;REV042732_F002;REV042738_F002;REV042739_F002;REV042747_F001;REV042747_F002;REV042749_F001;REV042752_F006;REV042762_F001;REV042762_F002;REV042769_F001;REV042771_F002;REV042803_F001;REV042816_F001;REV042830_F001;REV042832_F001;REV042843_F001;REV042850_F002;REV042850_F003;REV042857_F001;REV042870_F004
Nagadipa Purana Vihara,Food stall,1,0,0,1,0.0,neutral,1,REV042752_F007
Nagadipa Purana Vihara,General facilities,3,0,0,3,0.0,neutral,3,REV042836_F001;REV042838_F003;REV042871_F001
Nagadipa Purana Vihara,Life jacket,16,5,5,6,0.0,neutral,15,REV042732_F001;REV042744_F002;REV042748_F001;REV042777_F002;REV042785_F001;REV042786_F002;REV042787_F001;REV042787_F002;REV042791_F003;REV042818_F002;REV042839_F002;REV042846_F001;REV042847_F002;REV042850_F003;REV042867_F001;REV042876_F001
Nagadipa Purana Vihara,Market stalls,2,0,0,2,0.0,neutral,1,REV042870_F003;REV042870_F004
Nagadipa Purana Vihara,Parking,4,0,0,4,0.0,neutral,2,REV042752_F004;REV042752_F005;REV042752_F008;REV042777_F001
Nagadipa Purana Vihara,Pathway,1,0,0,1,0.0,neutral,1,REV042872_F002
Nagadipa Purana Vihara,Public transport access,8,1,2,5,-0.125,neutral,8,REV042747_F001;REV042791_F001;REV042811_F001;REV042818_F001;REV042826_F001;REV042828_F001;REV042829_F001;REV042847_F001
Nagadipa Purana Vihara,Restaurant,2,1,1,0,0.0,positive,2,REV042752_F002;REV042768_F001
Nagadipa Purana Vihara,Road access,4,1,1,2,0.0,neutral,4,REV042752_F001;REV042763_F001;REV042815_F001;REV042850_F001
Nagadipa Purana Vihara,Seating,3,3,0,0,1.0,positive,3,REV042732_F001;REV042811_F002;REV042857_F003
Nagadipa Purana Vihara,Shade or shelter,2,1,0,1,0.5,positive,2,REV042817_F003;REV042835_F001
Nagadipa Purana Vihara,Shoe storage,1,0,0,1,0.0,neutral,1,REV042738_F002
Nagadipa Purana Vihara,Shop,1,1,0,0,1.0,positive,1,REV042774_F001
Nagadipa Purana Vihara,Signage,2,0,1,1,-0.5,neutral,2,REV042820_F001;REV042862_F001
Nagadipa Purana Vihara,Steps or stairs,1,0,1,0,-1.0,negative,1,REV042870_F002
Nagadipa Purana Vihara,Ticket or receipt,2,0,0,2,0.0,neutral,2,REV042726_F001;REV042857_F002
Nagadipa Purana Vihara,Toilet,2,0,0,2,0.0,neutral,2,REV042770_F002;REV042878_F001
Nagadipa Purana Vihara,Tuk tuk service,11,3,3,5,0.0,neutral,10,REV042731_F001;REV042738_F001;REV042739_F001;REV042747_F003;REV042748_F001;REV042774_F001;REV042774_F002;REV042780_F002;REV042783_F001;REV042811_F004;REV042882_F001
Nagadipa Purana Vihara,Waste bins,1,0,0,1,0.0,neutral,1,REV042744_F001
Nalanda Gedige,Accommodation,4,1,0,3,0.25,neutral,4,REV010090_F001;REV010167_F001;REV010179_F001;REV010194_F002
Nalanda Gedige,Brochure,3,0,0,3,0.0,neutral,3,REV010113_F002;REV010168_F001;REV010194_F001
Nalanda Gedige,Diving equipment rental,1,0,1,0,-1.0,negative,1,REV010171_F001
Nalanda Gedige,Donation box,2,0,0,2,0.0,neutral,2,REV010203_F002;REV010204_F001
Nalanda Gedige,Entrance fee,13,7,2,4,0.385,positive,13,REV010092_F001;REV010100_F001;REV010101_F001;REV010110_F001;REV010113_F001;REV010165_F001;REV010177_F002;REV010188_F001;REV010196_F001;REV010208_F001;REV010209_F001;REV010210_F001;REV010212_F001
Nalanda Gedige,Guide service,3,1,0,2,0.333,neutral,3,REV010106_F002;REV010168_F001;REV010195_F001
Nalanda Gedige,Parking,10,3,0,7,0.3,neutral,10,REV010071_F001;REV010081_F001;REV010090_F001;REV010104_F001;REV010110_F002;REV010115_F001;REV010125_F001;REV010135_F001;REV010145_F001;REV010155_F001
Nalanda Gedige,Public transport access,1,0,0,1,0.0,neutral,1,REV010179_F001
Nalanda Gedige,Restaurant,1,1,0,0,1.0,positive,1,REV010187_F001
Nalanda Gedige,Shade or shelter,2,1,0,1,0.5,positive,2,REV010177_F001;REV010187_F001
Nalanda Gedige,Shoe storage,2,2,0,0,1.0,positive,2,REV010071_F001;REV010081_F001
Nalanda Gedige,Signage,6,0,0,6,0.0,neutral,6,REV010073_F001;REV010083_F001;REV010101_F002;REV010199_F001;REV010205_F001;REV010207_F001
Nalanda Gedige,Steps or stairs,1,0,1,0,-1.0,negative,1,REV010165_F001
Nalanda Gedige,Taxi service,1,0,0,1,0.0,neutral,1,REV010106_F001
Nalanda Gedige,Ticket or receipt,3,0,3,0,-1.0,negative,3,REV010102_F001;REV010203_F001;REV010206_F001
Nalanda Gedige,Toilet,1,0,0,1,0.0,neutral,1,REV010084_F001
Nalanda Gedige,Tuk tuk service,2,1,0,1,0.5,positive,2,REV010088_F001;REV010207_F002
Nalanda Gedige,Visitor centre,5,0,0,5,0.0,neutral,5,REV010118_F001;REV010128_F001;REV010138_F001;REV010148_F001;REV010158_F001
Nallur Kandaswamy Kovil Festival,Accommodation,1,0,0,1,0.0,neutral,1,REV042889_F001
Nallur Kandaswamy Kovil Festival,Shoe storage,1,1,0,0,1.0,positive,1,REV042891_F001
Negombo Beach,Accommodation,194,72,21,101,0.263,neutral,153,REV004491_F001;REV004500_F001;REV004501_F001;REV004503_F001;REV004506_F002;REV004506_F003;REV004507_F001;REV004515_F001;REV004516_F001;REV004516_F002;REV004516_F003;REV004523_F002;REV004523_F003;REV004523_F006;REV004523_F008;REV004523_F012;REV004527_F001;REV004528_F001;REV004530_F001;REV004532_F001;REV004533_F001;REV004539_F001;REV004542_F002;REV004547_F001;REV004548_F001
Negombo Beach,Bike rental,1,0,0,1,0.0,neutral,1,REV004749_F001
Negombo Beach,Boardwalk,1,1,0,0,1.0,positive,1,REV004735_F001
Negombo Beach,Boat service,14,2,2,10,0.0,neutral,12,REV004492_F001;REV004539_F002;REV004540_F001;REV004581_F001;REV004596_F001;REV004596_F003;REV004658_F002;REV004674_F002;REV004689_F001;REV004728_F001;REV004918_F001;REV004951_F001;REV005035_F001;REV005035_F002
Negombo Beach,Brochure,4,1,1,2,0.0,neutral,4,REV004523_F007;REV004565_F002;REV004774_F001;REV004842_F001
Negombo Beach,Cafe,9,2,0,7,0.222,neutral,8,REV004523_F008;REV004523_F011;REV004649_F003;REV004692_F001;REV004714_F001;REV004775_F001;REV004797_F001;REV004964_F001;REV005077_F001
Negombo Beach,Clothing cover service,1,0,1,0,-1.0,negative,1,REV004601_F001
Negombo Beach,Entrance fee,4,0,1,3,-0.25,neutral,4,REV004523_F001;REV004559_F003;REV004593_F001;REV004934_F001
Negombo Beach,Food stall,24,8,0,16,0.333,neutral,24,REV004494_F001;REV004524_F001;REV004534_F002;REV004563_F001;REV004581_F002;REV004590_F002;REV004596_F002;REV004599_F001;REV004744_F001;REV004766_F002;REV004772_F001;REV004774_F002;REV004779_F001;REV004780_F001;REV004782_F001;REV004799_F001;REV004858_F003;REV004914_F001;REV004917_F001;REV004936_F001;REV004946_F002;REV004964_F002;REV004998_F001;REV005017_F001
Negombo Beach,General facilities,9,0,7,2,-0.778,negative,9,REV004545_F001;REV004650_F001;REV004704_F001;REV004710_F001;REV004729_F001;REV004815_F001;REV004858_F001;REV004920_F001;REV005044_F001
Negombo Beach,Guide service,3,0,1,2,-0.333,neutral,3,REV004715_F001;REV004884_F001;REV004970_F001
Negombo Beach,Life jacket,1,0,0,1,0.0,neutral,1,REV004977_F001
Negombo Beach,Lifeguard service,2,0,2,0,-1.0,negative,2,REV004590_F001;REV005067_F003
Negombo Beach,Lighting,1,0,0,1,0.0,neutral,1,REV004736_F002
Negombo Beach,Parking,6,1,0,5,0.167,neutral,6,REV004514_F001;REV004590_F003;REV004709_F001;REV004746_F001;REV004946_F002;REV005042_F001
Negombo Beach,Public transport access,1,0,0,1,0.0,neutral,1,REV004513_F001
Negombo Beach,Restaurant,104,46,11,47,0.337,neutral,92,REV004488_F001;REV004491_F001;REV004500_F001;REV004506_F001;REV004509_F001;REV004509_F002;REV004509_F003;REV004510_F001;REV004523_F004;REV004523_F005;REV004523_F006;REV004523_F007;REV004523_F008;REV004523_F009;REV004526_F001;REV004527_F001;REV004530_F001;REV004534_F001;REV004565_F003;REV004575_F001;REV004590_F003;REV004599_F001;REV004602_F001;REV004603_F001;REV004612_F001
Negombo Beach,Road access,2,0,0,2,0.0,neutral,2,REV004687_F001;REV005042_F001
Negombo Beach,Safety barrier,4,0,0,4,0.0,neutral,3,REV004665_F001;REV004788_F001;REV004928_F001;REV004928_F002
Negombo Beach,Seating,4,2,0,2,0.5,positive,4,REV004508_F001;REV004874_F001;REV005027_F001;REV005030_F001
Negombo Beach,Security,4,0,2,2,-0.5,neutral,4,REV004590_F001;REV004766_F002;REV004928_F002;REV005067_F003
Negombo Beach,Shade or shelter,7,1,4,2,-0.429,negative,7,REV004587_F001;REV004654_F001;REV004673_F001;REV004686_F001;REV004862_F001;REV005020_F001;REV005026_F001
Negombo Beach,Shoe storage,1,0,1,0,-1.0,negative,1,REV004870_F001
Negombo Beach,Shop,13,4,1,8,0.231,neutral,10,REV004523_F004;REV004559_F001;REV004559_F002;REV004559_F004;REV004596_F002;REV004693_F001;REV004759_F001;REV004799_F001;REV004927_F003;REV004927_F004;REV004931_F001;REV004958_F002;REV004998_F001
Negombo Beach,Shower,1,0,0,1,0.0,neutral,1,REV004691_F001
Negombo Beach,Signage,2,1,1,0,0.0,positive,2,REV004881_F001;REV005028_F001
Negombo Beach,Souvenir shop,9,1,1,7,0.0,neutral,8,REV004523_F005;REV004523_F010;REV004649_F003;REV004674_F002;REV004761_F002;REV004794_F002;REV004932_F001;REV004989_F002;REV004992_F001
Negombo Beach,Steps or stairs,1,0,1,0,-1.0,negative,1,REV004554_F001
Negombo Beach,Taxi service,3,0,0,3,0.0,neutral,3,REV004531_F003;REV004771_F003;REV004911_F003
Negombo Beach,Toilet,4,0,1,3,-0.25,neutral,4,REV004526_F002;REV004542_F001;REV004619_F002;REV005001_F001
Negombo Beach,Towel service,4,2,1,1,0.25,positive,4,REV004504_F001;REV004883_F001;REV004935_F001;REV005042_F002
Negombo Beach,Train service,2,1,0,1,0.5,positive,2,REV004719_F003;REV004764_F001
Negombo Beach,Tuk tuk service,16,3,6,7,-0.188,neutral,10,REV004519_F001;REV004521_F001;REV004521_F002;REV004521_F003;REV004521_F004;REV004531_F001;REV004531_F002;REV004697_F001;REV004697_F004;REV004771_F001;REV004771_F002;REV004930_F001;REV004943_F002;REV004950_F001;REV005002_F001;REV005019_F001
Negombo Beach,Waste bins,2,2,0,0,1.0,positive,2,REV004879_F001;REV004996_F001
Negombo Fish Market,Accommodation,37,5,2,30,0.081,neutral,32,REV005091_F001;REV005091_F002;REV005095_F001;REV005109_F001;REV005119_F001;REV005136_F001;REV005161_F001;REV005177_F001;REV005184_F001;REV005190_F001;REV005204_F002;REV005217_F001;REV005219_F002;REV005239_F001;REV005242_F001;REV005265_F001;REV005272_F001;REV005272_F002;REV005275_F001;REV005276_F001;REV005290_F001;REV005291_F001;REV005305_F001;REV005305_F002;REV005305_F004
Negombo Fish Market,Boat service,4,0,1,3,-0.25,neutral,4,REV005145_F002;REV005231_F001;REV005245_F001;REV005376_F001
Negombo Fish Market,Bridge,5,1,1,3,0.0,neutral,5,REV005107_F001;REV005219_F001;REV005324_F001;REV005351_F001;REV005356_F001
Negombo Fish Market,Brochure,1,0,0,1,0.0,neutral,1,REV005107_F001
Negombo Fish Market,Donation box,3,1,0,2,0.333,neutral,3,REV005359_F001;REV005401_F002;REV005415_F002
Negombo Fish Market,Entrance fee,21,4,2,15,0.095,neutral,18,REV005094_F002;REV005094_F003;REV005103_F001;REV005222_F001;REV005222_F002;REV005222_F003;REV005240_F001;REV005247_F001;REV005283_F001;REV005305_F003;REV005315_F001;REV005316_F001;REV005318_F001;REV005361_F001;REV005365_F001;REV005383_F001;REV005414_F002;REV005415_F001;REV005419_F002;REV005441_F001;REV005445_F001
Negombo Fish Market,Food stall,1,0,0,1,0.0,neutral,1,REV005293_F001
Negombo Fish Market,Guide service,18,5,1,12,0.222,neutral,18,REV005091_F002;REV005122_F001;REV005135_F001;REV005137_F001;REV005179_F001;REV005196_F001;REV005216_F001;REV005226_F001;REV005246_F001;REV005277_F001;REV005284_F001;REV005310_F001;REV005320_F001;REV005345_F001;REV005401_F001;REV005444_F001;REV005467_F001;REV005468_F001
Negombo Fish Market,Market stalls,1,0,0,1,0.0,neutral,1,REV005107_F001
Negombo Fish Market,Parking,3,1,0,2,0.333,neutral,3,REV005207_F001;REV005310_F002;REV005398_F001
Negombo Fish Market,Public transport access,1,0,1,0,-1.0,negative,1,REV005283_F001
Negombo Fish Market,Restaurant,15,4,3,8,0.067,neutral,14,REV005094_F001;REV005094_F002;REV005141_F001;REV005159_F001;REV005190_F001;REV005219_F002;REV005239_F001;REV005245_F001;REV005299_F001;REV005301_F001;REV005305_F005;REV005355_F001;REV005380_F001;REV005417_F001;REV005419_F001
Negombo Fish Market,Road access,1,0,0,1,0.0,neutral,1,REV005258_F001
Negombo Fish Market,Seating,3,1,0,2,0.333,neutral,3,REV005270_F001;REV005386_F001;REV005414_F001
Negombo Fish Market,Shade or shelter,4,1,1,2,0.0,neutral,4,REV005177_F002;REV005320_F001;REV005356_F002;REV005386_F001
Negombo Fish Market,Shop,7,2,0,5,0.286,neutral,7,REV005111_F001;REV005228_F001;REV005294_F001;REV005379_F001;REV005414_F003;REV005438_F001;REV005473_F001
Negombo Fish Market,Taxi service,1,0,0,1,0.0,neutral,1,REV005095_F001
Negombo Fish Market,Train service,1,0,0,1,0.0,neutral,1,REV005281_F001
Negombo Fish Market,Tuk tuk service,27,7,1,19,0.222,neutral,27,REV005107_F001;REV005136_F001;REV005145_F001;REV005179_F001;REV005193_F001;REV005200_F001;REV005202_F001;REV005204_F001;REV005217_F001;REV005218_F001;REV005272_F001;REV005278_F001;REV005281_F001;REV005316_F001;REV005322_F001;REV005357_F001;REV005363_F001;REV005365_F001;REV005371_F001;REV005373_F001;REV005380_F001;REV005393_F001;REV005425_F001;REV005432_F001;REV005438_F001
Negombo Fish Market,Waste bins,1,0,0,1,0.0,neutral,1,REV005356_F003
Nilavarai Bottomless Well,Accommodation,6,1,0,5,0.167,neutral,5,REV042926_F002;REV042932_F001;REV042932_F002;REV042954_F001;REV042962_F002;REV042964_F001
Nilavarai Bottomless Well,Drinking water,2,0,0,2,0.0,neutral,2,REV042908_F002;REV042967_F001
Nilavarai Bottomless Well,Entrance fee,7,3,2,2,0.143,positive,6,REV042907_F001;REV042919_F001;REV042921_F001;REV042926_F001;REV042926_F002;REV042927_F001;REV042950_F001
Nilavarai Bottomless Well,Food stall,1,1,0,0,1.0,positive,1,REV042965_F001
Nilavarai Bottomless Well,Guide service,1,0,0,1,0.0,neutral,1,REV042908_F003
Nilavarai Bottomless Well,Parking,4,0,1,3,-0.25,neutral,4,REV042915_F001;REV042920_F001;REV042923_F002;REV042949_F001
Nilavarai Bottomless Well,Public transport access,1,1,0,0,1.0,positive,1,REV042979_F001
Nilavarai Bottomless Well,Restaurant,2,2,0,0,1.0,positive,2,REV042932_F003;REV042950_F001
Nilavarai Bottomless Well,Safety barrier,4,0,0,4,0.0,neutral,4,REV042936_F001;REV042955_F001;REV042975_F002;REV042978_F001
Nilavarai Bottomless Well,Seating,1,0,0,1,0.0,neutral,1,REV042906_F001
Nilavarai Bottomless Well,Security,3,0,1,2,-0.333,neutral,2,REV042934_F001;REV042934_F002;REV042955_F001
Nilavarai Bottomless Well,Shade or shelter,1,0,0,1,0.0,neutral,1,REV042906_F001
Nilavarai Bottomless Well,Shop,3,1,2,0,-0.333,negative,3,REV042911_F002;REV042950_F001;REV042990_F002
Nilavarai Bottomless Well,Signage,5,2,1,2,0.2,positive,5,REV042913_F001;REV042923_F001;REV042953_F001;REV042956_F001;REV042975_F003
Nilavarai Bottomless Well,Steps or stairs,2,0,0,2,0.0,neutral,2,REV042908_F001;REV042975_F001
Nilavarai Bottomless Well,Ticket or receipt,4,1,1,2,0.0,neutral,4,REV042915_F001;REV042919_F001;REV042925_F001;REV042930_F001
Nilavarai Bottomless Well,Tuk tuk service,5,1,1,3,0.0,neutral,5,REV042911_F001;REV042962_F001;REV042968_F001;REV042975_F003;REV042990_F001
Nilaveli Beach,Accommodation,110,28,25,57,0.027,neutral,76,REV042999_F001;REV043002_F001;REV043003_F001;REV043003_F002;REV043003_F003;REV043006_F001;REV043006_F002;REV043006_F003;REV043007_F001;REV043011_F002;REV043013_F001;REV043013_F002;REV043013_F003;REV043015_F001;REV043015_F002;REV043015_F003;REV043017_F001;REV043021_F001;REV043021_F004;REV043021_F005;REV043022_F001;REV043023_F001;REV043026_F001;REV043026_F004;REV043028_F001
Nilaveli Beach,Bike rental,1,1,0,0,1.0,positive,1,REV043193_F002
Nilaveli Beach,Boat service,8,2,0,6,0.25,neutral,8,REV043001_F001;REV043008_F001;REV043017_F001;REV043070_F001;REV043193_F002;REV043210_F001;REV043258_F002;REV043266_F002
Nilaveli Beach,Cafe,10,3,4,3,-0.1,negative,7,REV043026_F003;REV043026_F005;REV043065_F001;REV043067_F001;REV043067_F002;REV043104_F001;REV043107_F002;REV043182_F002;REV043258_F001;REV043258_F003
Nilaveli Beach,Changing room,1,0,0,1,0.0,neutral,1,REV043102_F002
Nilaveli Beach,Clothing cover service,1,0,1,0,-1.0,negative,1,REV043166_F001
Nilaveli Beach,Entrance fee,8,4,2,2,0.25,positive,7,REV042996_F001;REV043003_F004;REV043044_F001;REV043093_F002;REV043095_F001;REV043186_F003;REV043226_F001;REV043226_F002
Nilaveli Beach,Food stall,2,0,1,1,-0.5,neutral,2,REV043032_F001;REV043107_F002
Nilaveli Beach,General facilities,5,0,1,4,-0.2,neutral,4,REV043011_F001;REV043021_F003;REV043073_F003;REV043073_F005;REV043231_F002
Nilaveli Beach,Lifeguard service,14,7,0,7,0.5,positive,11,REV043004_F001;REV043021_F002;REV043026_F002;REV043065_F001;REV043092_F001;REV043092_F002;REV043101_F001;REV043107_F001;REV043107_F003;REV043118_F001;REV043119_F001;REV043193_F001;REV043193_F002;REV043230_F001
Nilaveli Beach,Parking,5,4,0,1,0.8,positive,4,REV043031_F001;REV043052_F001;REV043052_F002;REV043063_F001;REV043102_F001
Nilaveli Beach,Restaurant,41,11,12,18,-0.024,neutral,38,REV042997_F001;REV043002_F002;REV043003_F001;REV043006_F003;REV043007_F001;REV043010_F001;REV043020_F001;REV043021_F001;REV043030_F001;REV043034_F001;REV043040_F001;REV043051_F001;REV043055_F001;REV043059_F001;REV043062_F001;REV043064_F001;REV043067_F001;REV043068_F002;REV043073_F004;REV043085_F002;REV043094_F001;REV043121_F001;REV043126_F001;REV043133_F001;REV043135_F001
Nilaveli Beach,Road access,1,0,0,1,0.0,neutral,1,REV043021_F001
Nilaveli Beach,Security,17,9,0,8,0.529,positive,14,REV043004_F001;REV043021_F002;REV043026_F002;REV043065_F001;REV043092_F001;REV043092_F002;REV043101_F001;REV043107_F001;REV043107_F003;REV043118_F001;REV043119_F001;REV043145_F001;REV043193_F001;REV043193_F002;REV043195_F002;REV043201_F001;REV043230_F001
Nilaveli Beach,Shade or shelter,11,2,4,5,-0.182,neutral,11,REV043026_F001;REV043056_F001;REV043058_F001;REV043068_F001;REV043135_F003;REV043143_F001;REV043151_F001;REV043182_F001;REV043213_F002;REV043243_F001;REV043255_F001
Nilaveli Beach,Shop,9,0,6,3,-0.667,negative,8,REV043064_F001;REV043073_F004;REV043089_F001;REV043094_F001;REV043094_F002;REV043107_F002;REV043186_F002;REV043217_F001;REV043258_F003
Nilaveli Beach,Shower,3,1,2,0,-0.333,negative,3,REV042995_F001;REV043065_F002;REV043130_F001
Nilaveli Beach,Signage,1,0,0,1,0.0,neutral,1,REV043255_F002
Nilaveli Beach,Souvenir shop,1,1,0,0,1.0,positive,1,REV043059_F001
Nilaveli Beach,Taxi service,2,1,0,1,0.5,positive,2,REV043048_F001;REV043075_F001
Nilaveli Beach,Ticket or receipt,3,1,1,1,0.0,positive,3,REV043021_F004;REV043196_F003;REV043258_F002
Nilaveli Beach,Toilet,3,1,0,2,0.333,neutral,2,REV043102_F002;REV043196_F001;REV043196_F002
Nilaveli Beach,Tuk tuk service,4,2,0,2,0.5,positive,4,REV043093_F002;REV043143_F002;REV043186_F003;REV043194_F001
Nilaveli Beach,Waste bins,1,0,0,1,0.0,neutral,1,REV043071_F001
Nine Arches Bridge,Accessibility ramp,3,2,0,1,0.667,positive,3,REV020383_F004;REV020626_F002;REV020634_F002
Nine Arches Bridge,Accommodation,27,6,2,19,0.148,neutral,24,REV020069_F001;REV020073_F002;REV020090_F007;REV020091_F002;REV020146_F001;REV020187_F008;REV020200_F004;REV020200_F010;REV020219_F010;REV020228_F002;REV020245_F001;REV020353_F001;REV020354_F001;REV020412_F001;REV020437_F001;REV020473_F001;REV020485_F005;REV020485_F007;REV020500_F003;REV020504_F001;REV020536_F002;REV020574_F001;REV020574_F002;REV020587_F004;REV020588_F005
Nine Arches Bridge,Bridge,897,165,76,656,0.099,neutral,440,REV020057_F001;REV020060_F001;REV020060_F002;REV020061_F001;REV020062_F001;REV020063_F001;REV020064_F001;REV020065_F001;REV020065_F002;REV020066_F001;REV020066_F002;REV020067_F001;REV020067_F002;REV020067_F003;REV020068_F001;REV020068_F002;REV020068_F003;REV020069_F001;REV020070_F001;REV020070_F002;REV020070_F003;REV020070_F004;REV020070_F005;REV020072_F001;REV020073_F001
Nine Arches Bridge,Brochure,8,1,0,7,0.125,neutral,7,REV020115_F001;REV020219_F013;REV020225_F002;REV020248_F001;REV020412_F001;REV020412_F003;REV020514_F005;REV020604_F003
Nine Arches Bridge,Cafe,37,11,2,24,0.243,neutral,35,REV020064_F002;REV020090_F004;REV020090_F008;REV020134_F003;REV020158_F001;REV020179_F002;REV020183_F005;REV020208_F004;REV020238_F001;REV020246_F003;REV020247_F005;REV020252_F001;REV020259_F002;REV020311_F002;REV020317_F001;REV020334_F002;REV020338_F002;REV020370_F002;REV020376_F001;REV020388_F001;REV020399_F003;REV020400_F001;REV020430_F005;REV020433_F003;REV020434_F002
Nine Arches Bridge,Entrance fee,33,14,2,17,0.364,neutral,28,REV020060_F002;REV020066_F002;REV020076_F001;REV020076_F003;REV020129_F004;REV020130_F002;REV020131_F002;REV020142_F002;REV020183_F006;REV020190_F002;REV020196_F003;REV020196_F004;REV020224_F002;REV020224_F003;REV020243_F003;REV020260_F005;REV020270_F001;REV020280_F003;REV020343_F008;REV020367_F005;REV020430_F003;REV020430_F007;REV020439_F004;REV020439_F005;REV020493_F002
Nine Arches Bridge,First aid,4,1,1,2,0.0,neutral,4,REV020137_F002;REV020172_F005;REV020193_F010;REV020232_F004
Nine Arches Bridge,Food stall,8,2,1,5,0.125,neutral,8,REV020097_F003;REV020202_F002;REV020222_F002;REV020276_F001;REV020439_F002;REV020509_F002;REV020512_F009;REV020551_F003
Nine Arches Bridge,General facilities,3,1,1,1,0.0,positive,3,REV020219_F026;REV020587_F005;REV020634_F004
Nine Arches Bridge,Guide service,11,4,2,5,0.182,neutral,11,REV020091_F003;REV020129_F006;REV020183_F004;REV020200_F003;REV020215_F002;REV020306_F002;REV020367_F003;REV020444_F001;REV020496_F002;REV020633_F001;REV020651_F002
Nine Arches Bridge,Handrail,1,0,0,1,0.0,neutral,1,REV020390_F002
Nine Arches Bridge,Lighting,3,1,0,2,0.333,neutral,2,REV020082_F003;REV020387_F004;REV020387_F005
Nine Arches Bridge,Parking,16,2,2,12,0.0,neutral,13,REV020129_F003;REV020129_F005;REV020129_F007;REV020193_F004;REV020196_F004;REV020197_F003;REV020206_F001;REV020224_F004;REV020235_F001;REV020240_F001;REV020248_F001;REV020274_F003;REV020286_F004;REV020286_F005;REV020351_F001;REV020531_F003
Nine Arches Bridge,Pathway,5,1,0,4,0.2,neutral,4,REV020240_F002;REV020240_F003;REV020430_F003;REV020496_F001;REV020585_F001
Nine Arches Bridge,Public transport access,10,2,0,8,0.2,neutral,8,REV020199_F001;REV020338_F001;REV020422_F002;REV020474_F001;REV020501_F002;REV020501_F004;REV020527_F003;REV020527_F004;REV020538_F001;REV020635_F002
Nine Arches Bridge,Restaurant,4,3,0,1,0.75,positive,4,REV020187_F008;REV020243_F001;REV020505_F001;REV020563_F001
Nine Arches Bridge,Road access,16,4,2,10,0.125,neutral,16,REV020060_F003;REV020070_F003;REV020142_F003;REV020257_F001;REV020263_F001;REV020274_F002;REV020304_F002;REV020307_F002;REV020361_F001;REV020433_F003;REV020534_F001;REV020556_F001;REV020569_F002;REV020589_F001;REV020594_F001;REV020614_F002
Nine Arches Bridge,Safety barrier,2,0,1,1,-0.5,neutral,2,REV020501_F003;REV020634_F005
Nine Arches Bridge,Seating,7,4,0,3,0.571,positive,7,REV020062_F001;REV020199_F002;REV020276_F001;REV020387_F004;REV020472_F001;REV020512_F008;REV020523_F001
Nine Arches Bridge,Security,4,0,0,4,0.0,neutral,3,REV020134_F001;REV020217_F001;REV020217_F002;REV020655_F001
Nine Arches Bridge,Shade or shelter,4,1,0,3,0.25,neutral,4,REV020294_F002;REV020313_F001;REV020459_F003;REV020652_F003
Nine Arches Bridge,Shop,8,2,0,6,0.25,neutral,8,REV020064_F002;REV020183_F005;REV020278_F005;REV020404_F001;REV020434_F002;REV020463_F002;REV020551_F003;REV020554_F001
Nine Arches Bridge,Signage,18,1,8,9,-0.389,neutral,15,REV020148_F003;REV020172_F003;REV020172_F005;REV020193_F007;REV020231_F003;REV020311_F001;REV020352_F001;REV020392_F002;REV020412_F003;REV020444_F001;REV020465_F006;REV020485_F001;REV020485_F002;REV020486_F001;REV020514_F003;REV020514_F004;REV020528_F003;REV020643_F002
Nine Arches Bridge,Souvenir shop,2,0,0,2,0.0,neutral,2,REV020430_F005;REV020572_F002
Nine Arches Bridge,Steps or stairs,29,6,9,14,-0.103,neutral,28,REV020097_F001;REV020113_F002;REV020169_F002;REV020213_F001;REV020247_F004;REV020265_F002;REV020267_F001;REV020276_F001;REV020280_F004;REV020321_F003;REV020322_F002;REV020370_F001;REV020390_F002;REV020403_F002;REV020407_F003;REV020419_F001;REV020430_F003;REV020437_F001;REV020452_F003;REV020471_F003;REV020473_F002;REV020505_F001;REV020509_F001;REV020512_F004;REV020535_F001
Nine Arches Bridge,Taxi service,3,0,2,1,-0.667,negative,3,REV020219_F029;REV020235_F001;REV020458_F001
Nine Arches Bridge,Ticket or receipt,7,2,2,3,0.0,neutral,6,REV020095_F003;REV020095_F004;REV020112_F004;REV020196_F002;REV020200_F005;REV020352_F003;REV020521_F001
Nine Arches Bridge,Toilet,3,2,0,1,0.667,positive,3,REV020252_F001;REV020328_F001;REV020388_F001
Nine Arches Bridge,Train service,37,8,6,23,0.054,neutral,31,REV020061_F001;REV020091_F001;REV020094_F001;REV020095_F004;REV020106_F002;REV020109_F001;REV020120_F003;REV020133_F003;REV020152_F001;REV020196_F001;REV020199_F001;REV020215_F003;REV020218_F002;REV020218_F003;REV020219_F010;REV020223_F003;REV020278_F002;REV020289_F004;REV020289_F005;REV020312_F002;REV020323_F001;REV020323_F002;REV020352_F003;REV020398_F001;REV020437_F003
Nine Arches Bridge,Tuk tuk service,153,28,15,110,0.085,neutral,122,REV020057_F002;REV020057_F003;REV020058_F001;REV020064_F001;REV020065_F002;REV020066_F002;REV020070_F003;REV020073_F002;REV020076_F001;REV020076_F003;REV020078_F001;REV020085_F002;REV020088_F003;REV020097_F004;REV020099_F001;REV020113_F002;REV020121_F001;REV020129_F001;REV020129_F002;REV020129_F003;REV020129_F004;REV020129_F006;REV020131_F001;REV020131_F002;REV020132_F001
Nine Arches Bridge,View platform,1,0,0,1,0.0,neutral,1,REV020200_F005
Nine Arches Bridge,Waste bins,1,1,0,0,1.0,positive,1,REV020624_F003
Old Parliament Building,Accommodation,45,13,1,31,0.267,neutral,41,REV005492_F001;REV005492_F002;REV005520_F001;REV005520_F002;REV005525_F001;REV005529_F001;REV005533_F001;REV005535_F001;REV005539_F001;REV005543_F001;REV005545_F001;REV005549_F001;REV005553_F001;REV005555_F001;REV005559_F001;REV005563_F001;REV005585_F005;REV005594_F001;REV005604_F001;REV005610_F001;REV005612_F001;REV005618_F001;REV005627_F001;REV005628_F001;REV005633_F001
Old Parliament Building,Cafe,1,1,0,0,1.0,positive,1,REV005612_F001
Old Parliament Building,Food stall,1,0,0,1,0.0,neutral,1,REV005635_F001
Old Parliament Building,General facilities,1,0,0,1,0.0,neutral,1,REV005636_F001
Old Parliament Building,Parking,4,0,2,2,-0.5,neutral,4,REV005510_F001;REV005585_F002;REV005597_F002;REV005631_F001
Old Parliament Building,Pathway,2,1,0,1,0.5,positive,2,REV005675_F001;REV005717_F001
Old Parliament Building,Public transport access,1,1,0,0,1.0,positive,1,REV005654_F001
Old Parliament Building,Restaurant,1,0,0,1,0.0,neutral,1,REV005520_F002
Old Parliament Building,Safety barrier,12,1,4,7,-0.25,neutral,11,REV005501_F001;REV005517_F001;REV005585_F003;REV005585_F004;REV005591_F001;REV005597_F001;REV005599_F001;REV005611_F001;REV005613_F001;REV005618_F002;REV005647_F002;REV005749_F002
Old Parliament Building,Security,21,4,6,11,-0.095,neutral,20,REV005485_F001;REV005487_F001;REV005507_F001;REV005522_F001;REV005585_F001;REV005587_F001;REV005599_F002;REV005599_F003;REV005617_F001;REV005625_F001;REV005626_F001;REV005641_F001;REV005667_F001;REV005670_F001;REV005674_F001;REV005746_F001;REV005748_F002;REV005749_F002;REV005750_F001;REV005759_F002;REV005761_F001
Old Parliament Building,Shop,3,0,1,2,-0.333,neutral,3,REV005493_F001;REV005717_F002;REV005741_F001
Old Parliament Building,Taxi service,2,0,1,1,-0.5,neutral,2,REV005631_F001;REV005705_F001
Old Parliament Building,Tuk tuk service,2,0,0,2,0.0,neutral,2,REV005488_F001;REV005690_F001
Pasikudah Beach,Accessibility ramp,1,1,0,0,1.0,positive,1,REV043356_F003
Pasikudah Beach,Accommodation,65,21,8,36,0.2,neutral,47,REV043269_F001;REV043270_F001;REV043270_F002;REV043272_F001;REV043272_F003;REV043273_F001;REV043273_F002;REV043274_F001;REV043274_F002;REV043275_F001;REV043276_F001;REV043276_F002;REV043278_F001;REV043278_F002;REV043283_F001;REV043283_F002;REV043285_F001;REV043286_F001;REV043289_F001;REV043290_F001;REV043294_F001;REV043295_F001;REV043296_F001;REV043296_F002;REV043298_F001
Pasikudah Beach,Boat service,8,5,0,3,0.625,positive,8,REV043268_F001;REV043269_F001;REV043272_F001;REV043288_F001;REV043307_F001;REV043349_F001;REV043352_F002;REV043366_F002
Pasikudah Beach,Cafe,1,0,1,0,-1.0,negative,1,REV043296_F002
Pasikudah Beach,Changing room,3,1,0,2,0.333,neutral,3,REV043340_F001;REV043367_F001;REV043368_F001
Pasikudah Beach,Entrance fee,5,0,1,4,-0.2,neutral,4,REV043303_F002;REV043352_F002;REV043352_F003;REV043359_F002;REV043366_F002
Pasikudah Beach,Food stall,1,0,0,1,0.0,neutral,1,REV043353_F002
Pasikudah Beach,General facilities,2,1,0,1,0.5,positive,2,REV043346_F001;REV043359_F001
Pasikudah Beach,Lifeguard service,4,1,1,2,0.0,neutral,4,REV043304_F001;REV043345_F001;REV043366_F001;REV043368_F002
Pasikudah Beach,Restaurant,4,1,1,2,0.0,neutral,4,REV043272_F002;REV043303_F001;REV043326_F001;REV043342_F001
Pasikudah Beach,Safety barrier,1,1,0,0,1.0,positive,1,REV043356_F003
Pasikudah Beach,Seating,1,0,1,0,-1.0,negative,1,REV043358_F001
Pasikudah Beach,Security,7,1,2,4,-0.143,neutral,7,REV043275_F002;REV043304_F001;REV043344_F001;REV043345_F001;REV043359_F002;REV043366_F001;REV043368_F002
Pasikudah Beach,Shade or shelter,1,0,0,1,0.0,neutral,1,REV043272_F002
Pasikudah Beach,Shower,1,0,0,1,0.0,neutral,1,REV043367_F001
Passikudah Beach,Accessibility ramp,1,0,0,1,0.0,neutral,1,REV043653_F001
Passikudah Beach,Accommodation,222,80,22,120,0.261,neutral,156,REV043370_F001;REV043372_F001;REV043375_F001;REV043376_F001;REV043378_F001;REV043379_F001;REV043380_F001;REV043382_F001;REV043384_F001;REV043385_F001;REV043385_F002;REV043385_F004;REV043386_F001;REV043386_F002;REV043390_F001;REV043395_F001;REV043395_F002;REV043398_F001;REV043400_F001;REV043400_F002;REV043409_F001;REV043411_F001;REV043416_F001;REV043422_F001;REV043427_F001
Passikudah Beach,Boat rental,1,0,1,0,-1.0,negative,1,REV043692_F001
Passikudah Beach,Boat service,12,7,2,3,0.417,positive,12,REV043471_F001;REV043493_F001;REV043505_F002;REV043556_F003;REV043573_F001;REV043619_F001;REV043692_F001;REV043712_F001;REV043718_F001;REV043736_F002;REV043756_F001;REV043761_F001
Passikudah Beach,Bridge,1,0,1,0,-1.0,negative,1,REV043544_F003
Passikudah Beach,Cafe,1,0,0,1,0.0,neutral,1,REV043465_F001
Passikudah Beach,Changing room,2,1,0,1,0.5,positive,1,REV043675_F001;REV043675_F002
Passikudah Beach,Entrance fee,5,1,0,4,0.2,neutral,4,REV043491_F004;REV043559_F001;REV043602_F001;REV043756_F002;REV043756_F003
Passikudah Beach,Food stall,3,1,0,2,0.333,neutral,3,REV043582_F003;REV043703_F001;REV043734_F001
Passikudah Beach,General facilities,3,3,0,0,1.0,positive,3,REV043460_F001;REV043517_F001;REV043637_F001
Passikudah Beach,Lifeguard service,11,4,0,7,0.364,neutral,11,REV043402_F001;REV043409_F002;REV043507_F002;REV043517_F002;REV043532_F001;REV043554_F001;REV043570_F001;REV043649_F001;REV043674_F001;REV043697_F001;REV043774_F001
Passikudah Beach,Parking,5,1,0,4,0.2,neutral,5,REV043444_F003;REV043469_F001;REV043602_F001;REV043685_F001;REV043703_F001
Passikudah Beach,Restaurant,23,10,10,3,0.0,positive,22,REV043384_F002;REV043385_F002;REV043385_F003;REV043430_F002;REV043443_F002;REV043453_F002;REV043491_F002;REV043508_F001;REV043521_F001;REV043525_F001;REV043535_F003;REV043557_F002;REV043589_F001;REV043608_F001;REV043625_F002;REV043628_F001;REV043643_F002;REV043691_F001;REV043700_F001;REV043710_F001;REV043711_F003;REV043746_F001;REV043764_F001
Passikudah Beach,Road access,1,1,0,0,1.0,positive,1,REV043470_F001
Passikudah Beach,Seating,1,1,0,0,1.0,positive,1,REV043675_F001
Passikudah Beach,Security,18,7,0,11,0.389,neutral,18,REV043373_F001;REV043400_F002;REV043402_F001;REV043409_F002;REV043437_F001;REV043444_F002;REV043458_F002;REV043491_F002;REV043507_F002;REV043517_F002;REV043532_F001;REV043554_F001;REV043570_F001;REV043649_F001;REV043672_F001;REV043674_F001;REV043697_F001;REV043774_F001
Passikudah Beach,Shade or shelter,15,4,3,8,0.067,neutral,13,REV043400_F001;REV043436_F001;REV043436_F003;REV043444_F001;REV043491_F003;REV043512_F001;REV043576_F004;REV043586_F001;REV043609_F001;REV043645_F001;REV043675_F001;REV043733_F001;REV043763_F001;REV043763_F002;REV043764_F002
Passikudah Beach,Shoe storage,1,0,1,0,-1.0,negative,1,REV043540_F004
Passikudah Beach,Shop,9,3,4,2,-0.111,negative,9,REV043491_F006;REV043520_F002;REV043557_F002;REV043570_F002;REV043589_F001;REV043608_F001;REV043675_F003;REV043679_F002;REV043734_F001
Passikudah Beach,Shower,3,0,0,3,0.0,neutral,3,REV043561_F003;REV043614_F001;REV043675_F002
Passikudah Beach,Signage,1,0,0,1,0.0,neutral,1,REV043620_F001
Passikudah Beach,Taxi service,2,1,0,1,0.5,positive,2,REV043375_F001;REV043628_F001
Passikudah Beach,Ticket or receipt,1,0,0,1,0.0,neutral,1,REV043602_F001
Passikudah Beach,Toilet,2,0,0,2,0.0,neutral,2,REV043685_F001;REV043711_F002
Passikudah Beach,Towel service,1,0,0,1,0.0,neutral,1,REV043653_F001
Pedro Tea Factory,Accessibility ramp,1,1,0,0,1.0,positive,1,REV020852_F001
Pedro Tea Factory,Accommodation,14,6,1,7,0.357,neutral,13,REV020670_F001;REV020676_F001;REV020676_F002;REV020697_F001;REV020717_F001;REV020720_F001;REV020828_F001;REV020852_F001;REV020912_F003;REV020964_F001;REV020972_F001;REV020981_F001;REV021072_F001;REV021114_F003
Pedro Tea Factory,Brochure,1,0,1,0,-1.0,negative,1,REV020964_F003
Pedro Tea Factory,Cafe,26,12,1,13,0.423,neutral,24,REV020711_F002;REV020774_F002;REV020775_F002;REV020778_F003;REV020797_F001;REV020824_F001;REV020825_F001;REV020856_F001;REV020874_F002;REV020878_F001;REV020902_F002;REV020913_F002;REV020930_F001;REV020930_F002;REV020930_F004;REV020953_F001;REV020984_F001;REV020999_F001;REV021051_F001;REV021057_F001;REV021072_F002;REV021082_F001;REV021086_F001;REV021091_F001;REV021099_F001
Pedro Tea Factory,Donation box,1,0,0,1,0.0,neutral,1,REV020723_F002
Pedro Tea Factory,Entrance fee,106,26,7,73,0.179,neutral,93,REV020657_F002;REV020662_F001;REV020664_F002;REV020666_F001;REV020667_F001;REV020671_F001;REV020673_F001;REV020674_F001;REV020679_F001;REV020679_F002;REV020679_F003;REV020686_F001;REV020686_F002;REV020689_F001;REV020691_F001;REV020692_F001;REV020693_F001;REV020694_F002;REV020711_F001;REV020718_F002;REV020723_F001;REV020730_F002;REV020739_F001;REV020745_F001;REV020747_F002
Pedro Tea Factory,Food stall,3,1,1,1,0.0,positive,3,REV020760_F001;REV020869_F003;REV021107_F002
Pedro Tea Factory,General facilities,11,4,1,6,0.273,neutral,10,REV020694_F001;REV020730_F001;REV020801_F001;REV020804_F001;REV020846_F002;REV020916_F001;REV020916_F003;REV021005_F001;REV021006_F001;REV021020_F004;REV021025_F001
Pedro Tea Factory,Guide service,115,47,18,50,0.252,neutral,107,REV020657_F002;REV020657_F003;REV020669_F001;REV020676_F002;REV020681_F001;REV020684_F001;REV020694_F003;REV020696_F001;REV020701_F001;REV020707_F002;REV020707_F003;REV020714_F001;REV020715_F001;REV020718_F001;REV020721_F001;REV020721_F002;REV020737_F001;REV020747_F001;REV020749_F001;REV020750_F001;REV020754_F001;REV020757_F002;REV020759_F001;REV020762_F001;REV020768_F002
Pedro Tea Factory,Multilingual information,6,3,1,2,0.333,positive,6,REV020692_F001;REV020722_F001;REV020754_F002;REV020945_F001;REV021031_F002;REV021048_F001
Pedro Tea Factory,Parking,6,4,1,1,0.5,positive,6,REV020657_F001;REV020671_F002;REV020729_F002;REV021066_F001;REV021071_F001;REV021141_F001
Pedro Tea Factory,Public transport access,2,1,0,1,0.5,positive,2,REV020970_F002;REV021024_F001
Pedro Tea Factory,Restaurant,4,1,1,2,0.0,neutral,4,REV020730_F003;REV020997_F001;REV021022_F002;REV021051_F001
Pedro Tea Factory,Seating,1,1,0,0,1.0,positive,1,REV021099_F001
Pedro Tea Factory,Security,1,0,0,1,0.0,neutral,1,REV020772_F002
Pedro Tea Factory,Shop,43,13,9,21,0.093,neutral,43,REV020662_F002;REV020669_F002;REV020685_F001;REV020713_F001;REV020733_F001;REV020742_F001;REV020760_F001;REV020761_F001;REV020775_F001;REV020781_F001;REV020803_F001;REV020824_F001;REV020825_F001;REV020832_F001;REV020836_F003;REV020841_F001;REV020851_F001;REV020853_F001;REV020864_F002;REV020892_F001;REV020902_F002;REV020905_F001;REV020914_F001;REV020915_F001;REV020935_F001
Pedro Tea Factory,Shower,1,0,0,1,0.0,neutral,1,REV020757_F001
Pedro Tea Factory,Signage,5,2,2,1,0.0,positive,5,REV020757_F003;REV020819_F001;REV020910_F001;REV020913_F001;REV021060_F002
Pedro Tea Factory,Souvenir shop,8,2,1,5,0.125,neutral,8,REV020681_F002;REV020711_F003;REV020795_F001;REV020826_F001;REV020856_F001;REV020916_F004;REV021064_F002;REV021105_F002
Pedro Tea Factory,Steps or stairs,10,2,3,5,-0.1,neutral,8,REV020669_F002;REV020747_F001;REV020774_F001;REV020778_F001;REV020778_F002;REV020811_F001;REV020836_F002;REV020839_F001;REV020839_F002;REV020984_F001
Pedro Tea Factory,Taxi service,4,2,1,1,0.25,positive,4,REV020736_F001;REV020912_F003;REV020964_F002;REV020970_F002
Pedro Tea Factory,Ticket counter,1,0,0,1,0.0,neutral,1,REV021072_F002
Pedro Tea Factory,Ticket or receipt,21,5,5,11,0.0,neutral,17,REV020690_F001;REV020707_F001;REV020720_F002;REV020720_F003;REV020729_F001;REV020729_F003;REV020735_F001;REV020747_F002;REV020827_F001;REV020854_F001;REV020906_F001;REV020913_F001;REV020913_F003;REV020944_F001;REV020946_F001;REV020997_F002;REV021071_F002;REV021072_F002;REV021072_F003;REV021108_F001;REV021147_F001
Pedro Tea Factory,Toilet,6,2,4,0,-0.333,negative,6,REV020690_F002;REV020869_F004;REV020954_F001;REV020973_F002;REV020997_F001;REV021066_F002
Pedro Tea Factory,Towel service,1,0,1,0,-1.0,negative,1,REV020954_F001
Pedro Tea Factory,Tuk tuk service,21,9,0,12,0.429,neutral,20,REV020670_F002;REV020676_F002;REV020767_F001;REV020768_F001;REV020768_F003;REV020793_F001;REV020795_F002;REV020848_F001;REV020871_F001;REV020876_F001;REV020877_F002;REV020879_F001;REV020884_F001;REV020912_F004;REV021003_F001;REV021060_F002;REV021087_F001;REV021114_F003;REV021132_F002;REV021139_F002;REV021142_F002
Pedro Tea Factory,View platform,2,1,0,1,0.5,positive,2,REV020700_F001;REV020941_F001
Pedro Tea Factory,Visitor centre,2,0,0,2,0.0,neutral,2,REV020664_F001;REV021039_F001
Pettah Floating Market,Boardwalk,2,0,0,2,0.0,neutral,2,REV043868_F001;REV043870_F003
Pettah Floating Market,Bridge,2,0,1,1,-0.5,neutral,2,REV043778_F001;REV043806_F001
Pettah Floating Market,Brochure,1,0,0,1,0.0,neutral,1,REV043872_F001
Pettah Floating Market,Cafe,7,2,1,4,0.143,neutral,5,REV043796_F001;REV043813_F001;REV043845_F001;REV043845_F002;REV043846_F001;REV043846_F002;REV043874_F003
Pettah Floating Market,Drinking water,2,1,0,1,0.5,positive,2,REV043807_F003;REV043809_F001
Pettah Floating Market,Entrance fee,3,1,1,1,0.0,positive,3,REV043835_F003;REV043846_F002;REV043851_F002
Pettah Floating Market,Food stall,7,2,1,4,0.143,neutral,7,REV043785_F002;REV043823_F001;REV043830_F001;REV043847_F001;REV043854_F001;REV043864_F001;REV043865_F001
Pettah Floating Market,General facilities,1,1,0,0,1.0,positive,1,REV043869_F003
Pettah Floating Market,Lighting,1,0,0,1,0.0,neutral,1,REV043878_F001
Pettah Floating Market,Market stalls,2,0,0,2,0.0,neutral,2,REV043870_F002;REV043874_F002
Pettah Floating Market,Parking,2,0,0,2,0.0,neutral,2,REV043796_F001;REV043873_F001
Pettah Floating Market,Public transport access,7,2,1,4,0.143,neutral,7,REV043781_F001;REV043824_F002;REV043845_F002;REV043847_F003;REV043869_F001;REV043870_F001;REV043877_F001
Pettah Floating Market,Restaurant,16,4,2,10,0.125,neutral,16,REV043779_F001;REV043785_F001;REV043801_F002;REV043802_F002;REV043815_F001;REV043816_F001;REV043820_F001;REV043829_F001;REV043831_F002;REV043835_F002;REV043852_F001;REV043854_F001;REV043856_F001;REV043861_F001;REV043865_F001;REV043879_F001
Pettah Floating Market,Seating,3,2,0,1,0.667,positive,3,REV043818_F001;REV043855_F001;REV043864_F002
Pettah Floating Market,Security,2,1,1,0,0.0,positive,2,REV043856_F001;REV043869_F002
Pettah Floating Market,Shade or shelter,1,0,1,0,-1.0,negative,1,REV043813_F001
Pettah Floating Market,Shop,46,9,14,23,-0.109,neutral,38,REV043779_F001;REV043780_F001;REV043780_F002;REV043786_F001;REV043788_F001;REV043789_F001;REV043792_F001;REV043793_F001;REV043794_F001;REV043794_F002;REV043795_F001;REV043797_F001;REV043798_F001;REV043799_F001;REV043800_F001;REV043802_F001;REV043804_F001;REV043804_F002;REV043805_F001;REV043807_F001;REV043807_F002;REV043807_F004;REV043808_F001;REV043809_F002;REV043812_F001
Pettah Floating Market,Shower,1,0,0,1,0.0,neutral,1,REV043809_F001
Pettah Floating Market,Souvenir shop,4,1,1,2,0.0,neutral,4,REV043785_F001;REV043816_F001;REV043842_F002;REV043867_F001
Pettah Floating Market,Toilet,3,0,2,1,-0.667,negative,3,REV043783_F001;REV043820_F001;REV043847_F003
Pettah Floating Market,Train service,6,0,1,5,-0.167,neutral,6,REV043781_F001;REV043801_F001;REV043831_F001;REV043847_F003;REV043851_F001;REV043853_F001
Pettah Floating Market,Tuk tuk service,2,0,0,2,0.0,neutral,2,REV043804_F001;REV043874_F001
Pidurangala Rock,Accessibility ramp,2,0,1,1,-0.5,neutral,2,REV010247_F001;REV010311_F001
Pidurangala Rock,Accommodation,12,6,2,4,0.333,positive,12,REV010216_F001;REV010229_F001;REV010257_F003;REV010329_F002;REV010340_F001;REV010386_F001;REV010399_F003;REV010492_F003;REV010540_F001;REV010606_F001;REV010678_F001;REV010704_F001
Pidurangala Rock,Bridge,1,0,0,1,0.0,neutral,1,REV010416_F001
Pidurangala Rock,Brochure,8,3,1,4,0.25,neutral,7,REV010261_F001;REV010273_F001;REV010504_F001;REV010554_F001;REV010630_F001;REV010648_F001;REV010648_F003;REV010678_F001
Pidurangala Rock,Clothing cover service,12,5,2,5,0.25,positive,12,REV010219_F002;REV010289_F002;REV010399_F001;REV010414_F001;REV010419_F002;REV010472_F001;REV010480_F001;REV010492_F002;REV010494_F002;REV010541_F001;REV010587_F001;REV010651_F002
Pidurangala Rock,Entrance fee,107,47,9,51,0.355,neutral,98,REV010217_F001;REV010218_F001;REV010219_F001;REV010222_F001;REV010230_F001;REV010230_F002;REV010233_F001;REV010243_F002;REV010259_F002;REV010263_F002;REV010284_F003;REV010289_F001;REV010291_F003;REV010292_F001;REV010294_F001;REV010306_F001;REV010315_F001;REV010319_F001;REV010323_F001;REV010324_F002;REV010324_F003;REV010329_F001;REV010332_F001;REV010343_F002;REV010344_F001
Pidurangala Rock,Food stall,3,1,0,2,0.333,neutral,3,REV010232_F001;REV010573_F005;REV010650_F003
Pidurangala Rock,General facilities,2,0,1,1,-0.5,neutral,2,REV010353_F001;REV010495_F001
Pidurangala Rock,Guide service,7,2,3,2,-0.143,negative,6,REV010488_F001;REV010505_F001;REV010588_F001;REV010649_F001;REV010659_F002;REV010659_F003;REV010677_F001
Pidurangala Rock,Handrail,2,0,1,1,-0.5,neutral,2,REV010353_F002;REV010480_F002
Pidurangala Rock,Lighting,2,1,1,0,0.0,positive,2,REV010235_F001;REV010658_F001
Pidurangala Rock,Parking,3,2,0,1,0.667,positive,2,REV010351_F001;REV010351_F002;REV010434_F002
Pidurangala Rock,Pathway,6,0,5,1,-0.833,negative,6,REV010278_F001;REV010280_F001;REV010346_F001;REV010389_F001;REV010595_F001;REV010676_F001
Pidurangala Rock,Road access,1,1,0,0,1.0,positive,1,REV010259_F001
Pidurangala Rock,Safety barrier,3,0,1,2,-0.333,neutral,3,REV010233_F004;REV010239_F002;REV010416_F002
Pidurangala Rock,Security,3,0,2,1,-0.667,negative,3,REV010238_F001;REV010636_F001;REV010706_F002
Pidurangala Rock,Shade or shelter,19,5,1,13,0.211,neutral,18,REV010229_F003;REV010261_F003;REV010264_F001;REV010331_F001;REV010368_F003;REV010390_F002;REV010490_F001;REV010509_F003;REV010555_F001;REV010555_F002;REV010579_F001;REV010593_F001;REV010599_F003;REV010609_F001;REV010628_F001;REV010650_F003;REV010655_F003;REV010661_F001;REV010675_F001
Pidurangala Rock,Shoe storage,12,2,0,10,0.167,neutral,12,REV010233_F002;REV010337_F001;REV010362_F001;REV010429_F002;REV010472_F002;REV010494_F002;REV010556_F002;REV010576_F001;REV010590_F001;REV010642_F001;REV010645_F001;REV010655_F001
Pidurangala Rock,Shop,2,0,0,2,0.0,neutral,2,REV010281_F002;REV010429_F001
Pidurangala Rock,Shower,1,0,0,1,0.0,neutral,1,REV010229_F004
Pidurangala Rock,Signage,8,1,2,5,-0.125,neutral,8,REV010239_F001;REV010242_F002;REV010243_F003;REV010278_F001;REV010419_F001;REV010446_F005;REV010609_F001;REV010706_F001
Pidurangala Rock,Souvenir shop,1,0,1,0,-1.0,negative,1,REV010578_F001
Pidurangala Rock,Steps or stairs,160,37,62,61,-0.156,negative,141,REV010219_F003;REV010223_F001;REV010230_F002;REV010233_F003;REV010236_F001;REV010236_F002;REV010242_F001;REV010243_F001;REV010246_F001;REV010247_F001;REV010247_F002;REV010253_F001;REV010256_F001;REV010257_F001;REV010258_F001;REV010259_F001;REV010261_F002;REV010263_F001;REV010271_F001;REV010272_F001;REV010278_F001;REV010284_F001;REV010284_F002;REV010285_F001;REV010288_F001
Pidurangala Rock,Ticket counter,7,0,0,7,0.0,neutral,6,REV010229_F002;REV010281_F002;REV010307_F002;REV010307_F003;REV010353_F002;REV010434_F003;REV010546_F001
Pidurangala Rock,Ticket or receipt,28,7,0,21,0.25,neutral,24,REV010229_F002;REV010257_F002;REV010259_F002;REV010281_F002;REV010300_F001;REV010300_F002;REV010307_F002;REV010307_F003;REV010353_F002;REV010389_F002;REV010407_F002;REV010416_F003;REV010426_F001;REV010434_F003;REV010434_F004;REV010501_F001;REV010509_F001;REV010509_F002;REV010518_F002;REV010519_F001;REV010521_F001;REV010522_F001;REV010546_F001;REV010566_F001;REV010567_F001
Pidurangala Rock,Toilet,3,0,2,1,-0.667,negative,3,REV010290_F001;REV010324_F004;REV010353_F002
Pidurangala Rock,Tuk tuk service,25,7,2,16,0.2,neutral,24,REV010235_F001;REV010274_F001;REV010274_F002;REV010281_F001;REV010291_F001;REV010303_F002;REV010324_F005;REV010329_F002;REV010343_F001;REV010349_F001;REV010399_F003;REV010407_F001;REV010434_F002;REV010444_F001;REV010446_F001;REV010454_F002;REV010518_F001;REV010572_F002;REV010651_F001;REV010653_F002;REV010656_F001;REV010662_F002;REV010678_F001;REV010686_F001;REV010708_F001
Pidurutalagala,Accommodation,2,0,0,2,0.0,neutral,2,REV021166_F002;REV021179_F001
Pidurutalagala,Brochure,3,0,0,3,0.0,neutral,3,REV021159_F002;REV021161_F001;REV021240_F002
Pidurutalagala,Cafe,7,1,0,6,0.143,neutral,6,REV021159_F005;REV021162_F001;REV021162_F002;REV021163_F002;REV021166_F003;REV021184_F003;REV021221_F001
Pidurutalagala,Entrance fee,7,4,2,1,0.286,positive,7,REV021159_F003;REV021172_F002;REV021185_F001;REV021208_F003;REV021213_F001;REV021223_F001;REV021224_F003
Pidurutalagala,Food stall,6,1,1,4,0.0,neutral,6,REV021162_F002;REV021166_F004;REV021181_F002;REV021204_F002;REV021208_F002;REV021212_F002
Pidurutalagala,General facilities,1,0,0,1,0.0,neutral,1,REV021211_F001
Pidurutalagala,Guide service,2,1,0,1,0.5,positive,2,REV021181_F001;REV021238_F002
Pidurutalagala,Multilingual information,1,0,0,1,0.0,neutral,1,REV021240_F001
Pidurutalagala,Parking,6,0,2,4,-0.333,neutral,5,REV021159_F004;REV021159_F006;REV021171_F001;REV021179_F003;REV021204_F001;REV021223_F002
Pidurutalagala,Restaurant,1,0,0,1,0.0,neutral,1,REV021231_F001
Pidurutalagala,Road access,9,3,3,3,0.0,positive,9,REV021159_F001;REV021163_F001;REV021177_F001;REV021179_F002;REV021183_F001;REV021224_F001;REV021229_F001;REV021232_F001;REV021235_F001
Pidurutalagala,Safety barrier,7,1,0,6,0.143,neutral,6,REV021162_F002;REV021164_F001;REV021164_F003;REV021165_F001;REV021205_F001;REV021230_F001;REV021235_F002
Pidurutalagala,Security,29,2,5,22,-0.103,neutral,27,REV021159_F005;REV021164_F002;REV021166_F001;REV021167_F001;REV021171_F002;REV021172_F001;REV021173_F001;REV021176_F001;REV021179_F006;REV021180_F002;REV021180_F003;REV021182_F001;REV021186_F001;REV021187_F001;REV021189_F001;REV021192_F001;REV021207_F001;REV021208_F001;REV021208_F002;REV021212_F001;REV021213_F002;REV021215_F001;REV021216_F001;REV021218_F001;REV021224_F002
Pidurutalagala,Shop,7,0,0,7,0.0,neutral,7,REV021168_F003;REV021184_F003;REV021204_F002;REV021223_F003;REV021224_F004;REV021225_F001;REV021230_F002
Pidurutalagala,Signage,1,0,0,1,0.0,neutral,1,REV021240_F002
Pidurutalagala,Steps or stairs,1,0,1,0,-1.0,negative,1,REV021158_F001
Pidurutalagala,Ticket counter,2,0,1,1,-0.5,neutral,2,REV021179_F004;REV021184_F001
Pidurutalagala,Ticket or receipt,9,1,3,5,-0.222,neutral,7,REV021159_F003;REV021168_F001;REV021168_F002;REV021173_F001;REV021176_F001;REV021179_F004;REV021180_F001;REV021184_F001;REV021184_F002
Pidurutalagala,Toilet,4,1,0,3,0.25,neutral,4,REV021159_F005;REV021179_F005;REV021184_F004;REV021224_F004
Pidurutalagala,Tuk tuk service,2,0,1,1,-0.5,neutral,2,REV021158_F001;REV021225_F002
Pinnawala Elephant Orphanage,Accommodation,54,12,9,33,0.056,neutral,44,REV034708_F001;REV034711_F001;REV034713_F001;REV034713_F002;REV034737_F001;REV034755_F001;REV034755_F002;REV034755_F003;REV034771_F003;REV034771_F004;REV034771_F005;REV034771_F006;REV034771_F007;REV034781_F004;REV034785_F001;REV034826_F003;REV034839_F001;REV034843_F001;REV034854_F003;REV034858_F001;REV034865_F001;REV034877_F001;REV034887_F002;REV034918_F001;REV034918_F002
Pinnawala Elephant Orphanage,Boat service,1,0,0,1,0.0,neutral,1,REV034838_F001
Pinnawala Elephant Orphanage,Brochure,4,0,3,1,-0.75,negative,4,REV034795_F001;REV034909_F001;REV035070_F002;REV035097_F001
Pinnawala Elephant Orphanage,Cafe,5,1,0,4,0.2,neutral,5,REV034922_F001;REV035066_F001;REV035111_F002;REV035169_F002;REV035211_F001
Pinnawala Elephant Orphanage,Donation box,9,1,3,5,-0.222,neutral,7,REV034736_F001;REV034802_F001;REV034930_F002;REV034930_F003;REV034930_F004;REV035018_F001;REV035123_F001;REV035234_F003;REV035237_F001
Pinnawala Elephant Orphanage,Drinking water,1,1,0,0,1.0,positive,1,REV035210_F001
Pinnawala Elephant Orphanage,Entrance fee,102,16,19,67,-0.029,neutral,85,REV034673_F001;REV034680_F001;REV034680_F002;REV034690_F001;REV034693_F001;REV034696_F001;REV034696_F002;REV034696_F006;REV034699_F001;REV034699_F003;REV034699_F004;REV034701_F001;REV034704_F002;REV034706_F001;REV034706_F002;REV034738_F001;REV034761_F002;REV034767_F001;REV034773_F001;REV034774_F002;REV034782_F001;REV034782_F002;REV034786_F001;REV034787_F001;REV034787_F002
Pinnawala Elephant Orphanage,Food stall,4,0,0,4,0.0,neutral,4,REV034902_F004;REV034936_F003;REV035181_F001;REV035220_F001
Pinnawala Elephant Orphanage,General facilities,12,4,3,5,0.083,neutral,10,REV034709_F001;REV034710_F001;REV034726_F001;REV034727_F002;REV034727_F004;REV034739_F001;REV034935_F002;REV034979_F001;REV035012_F001;REV035033_F001;REV035033_F002;REV035188_F001
Pinnawala Elephant Orphanage,Guide service,30,10,7,13,0.1,neutral,27,REV034671_F001;REV034696_F004;REV034696_F005;REV034713_F001;REV034715_F001;REV034721_F001;REV034727_F001;REV034737_F002;REV034824_F001;REV034826_F001;REV034867_F001;REV034871_F001;REV034917_F001;REV034940_F001;REV034959_F001;REV034959_F002;REV034978_F001;REV034982_F001;REV034999_F002;REV035036_F001;REV035106_F002;REV035131_F001;REV035157_F001;REV035189_F001;REV035199_F002
Pinnawala Elephant Orphanage,Information board,6,2,0,4,0.333,neutral,6,REV034800_F001;REV034823_F002;REV034902_F002;REV034942_F001;REV035139_F001;REV035188_F002
Pinnawala Elephant Orphanage,Jeep service,2,1,0,1,0.5,positive,2,REV034915_F001;REV034967_F001
Pinnawala Elephant Orphanage,Lighting,1,0,0,1,0.0,neutral,1,REV034763_F001
Pinnawala Elephant Orphanage,Parking,3,1,1,1,0.0,positive,3,REV034873_F001;REV035004_F001;REV035221_F005
Pinnawala Elephant Orphanage,Pathway,1,1,0,0,1.0,positive,1,REV034902_F001
Pinnawala Elephant Orphanage,Public transport access,1,0,0,1,0.0,neutral,1,REV035220_F001
Pinnawala Elephant Orphanage,Restaurant,27,7,1,19,0.222,neutral,26,REV034676_F001;REV034683_F001;REV034780_F001;REV034817_F003;REV034842_F001;REV034842_F002;REV034849_F001;REV034851_F001;REV034873_F001;REV034918_F001;REV034934_F001;REV034944_F005;REV034960_F002;REV035014_F001;REV035026_F001;REV035046_F001;REV035059_F001;REV035060_F001;REV035088_F001;REV035115_F002;REV035175_F001;REV035180_F001;REV035212_F002;REV035219_F002;REV035220_F001
Pinnawala Elephant Orphanage,Road access,9,6,0,3,0.667,positive,9,REV034743_F001;REV034856_F001;REV034873_F001;REV034926_F001;REV035010_F001;REV035067_F001;REV035075_F001;REV035111_F001;REV035194_F001
Pinnawala Elephant Orphanage,Safety barrier,6,0,1,5,-0.167,neutral,6,REV034727_F003;REV034805_F001;REV034940_F003;REV034973_F001;REV035159_F001;REV035215_F001
Pinnawala Elephant Orphanage,Seating,1,1,0,0,1.0,positive,1,REV034920_F001
Pinnawala Elephant Orphanage,Security,10,2,2,6,0.0,neutral,8,REV034708_F002;REV034824_F002;REV034831_F001;REV034831_F002;REV034854_F002;REV034927_F003;REV035051_F001;REV035155_F001;REV035167_F003;REV035167_F004
Pinnawala Elephant Orphanage,Shade or shelter,16,3,6,7,-0.188,neutral,15,REV034704_F001;REV034749_F001;REV034771_F009;REV034774_F001;REV034900_F001;REV034901_F001;REV034909_F001;REV034930_F001;REV034936_F002;REV034955_F001;REV034955_F002;REV035049_F002;REV035055_F001;REV035158_F003;REV035159_F001;REV035221_F003
Pinnawala Elephant Orphanage,Shop,28,6,2,20,0.143,neutral,26,REV034743_F001;REV034748_F002;REV034762_F001;REV034771_F003;REV034777_F001;REV034787_F003;REV034852_F001;REV034894_F002;REV034894_F004;REV034894_F005;REV034902_F004;REV034922_F002;REV034937_F001;REV034940_F001;REV034944_F006;REV034973_F002;REV035039_F001;REV035048_F002;REV035066_F002;REV035069_F001;REV035074_F002;REV035092_F001;REV035111_F001;REV035182_F002;REV035199_F004
Pinnawala Elephant Orphanage,Shower,15,4,1,10,0.2,neutral,11,REV034696_F003;REV034697_F001;REV034697_F002;REV034711_F001;REV034776_F001;REV034776_F002;REV034793_F001;REV034897_F001;REV034944_F003;REV034944_F004;REV034987_F003;REV035041_F001;REV035072_F001;REV035072_F002;REV035234_F001
Pinnawala Elephant Orphanage,Signage,13,2,3,8,-0.077,neutral,13,REV034771_F001;REV034800_F001;REV034889_F001;REV034921_F001;REV034925_F001;REV034948_F001;REV034993_F001;REV035038_F001;REV035076_F004;REV035106_F001;REV035167_F002;REV035214_F003;REV035248_F001
Pinnawala Elephant Orphanage,Souvenir shop,32,12,3,17,0.281,neutral,28,REV034705_F001;REV034705_F002;REV034736_F002;REV034740_F002;REV034776_F002;REV034778_F001;REV034781_F002;REV034781_F003;REV034781_F004;REV034794_F001;REV034853_F001;REV034871_F002;REV034873_F001;REV034891_F001;REV034894_F003;REV034902_F003;REV034936_F003;REV034946_F002;REV034973_F003;REV035006_F001;REV035041_F002;REV035076_F001;REV035076_F003;REV035088_F002;REV035092_F002
Pinnawala Elephant Orphanage,Steps or stairs,5,0,0,5,0.0,neutral,5,REV034780_F001;REV034940_F005;REV035212_F002;REV035219_F001;REV035239_F001
Pinnawala Elephant Orphanage,Taxi service,1,1,0,0,1.0,positive,1,REV034763_F002
Pinnawala Elephant Orphanage,Ticket counter,4,1,0,3,0.25,neutral,4,REV034699_F002;REV034823_F001;REV034927_F001;REV035234_F002
Pinnawala Elephant Orphanage,Ticket or receipt,76,13,16,47,-0.039,neutral,63,REV034699_F002;REV034704_F002;REV034706_F001;REV034732_F001;REV034739_F002;REV034739_F003;REV034740_F001;REV034745_F001;REV034748_F001;REV034748_F002;REV034749_F002;REV034764_F001;REV034771_F002;REV034771_F003;REV034771_F004;REV034771_F008;REV034774_F002;REV034781_F001;REV034787_F004;REV034808_F001;REV034815_F002;REV034817_F001;REV034817_F002;REV034823_F001;REV034828_F001
Pinnawala Elephant Orphanage,Toilet,6,5,0,1,0.833,positive,6,REV034871_F002;REV034873_F001;REV034909_F002;REV034933_F002;REV035119_F001;REV035138_F001
Pinnawala Elephant Orphanage,Train service,1,0,0,1,0.0,neutral,1,REV034782_F002
Pinnawala Elephant Orphanage,Tuk tuk service,6,3,0,3,0.5,positive,6,REV034710_F002;REV034711_F001;REV034761_F001;REV034782_F002;REV034815_F001;REV034949_F001
Pinnawala Elephant Orphanage,View platform,2,1,0,1,0.5,positive,2,REV034993_F002;REV035088_F001
Pitawala Pathana,Accommodation,3,2,0,1,0.667,positive,3,REV043884_F001;REV043915_F001;REV043928_F001
Pitawala Pathana,Cafe,1,0,0,1,0.0,neutral,1,REV043880_F001
Pitawala Pathana,Entrance fee,1,0,0,1,0.0,neutral,1,REV043885_F005
Pitawala Pathana,Food stall,3,0,0,3,0.0,neutral,3,REV043882_F001;REV043911_F003;REV043921_F002
Pitawala Pathana,Parking,2,0,0,2,0.0,neutral,2,REV043885_F002;REV043911_F002
Pitawala Pathana,Restaurant,2,2,0,0,1.0,positive,2,REV043892_F001;REV043932_F001
Pitawala Pathana,Road access,3,0,1,2,-0.333,neutral,3,REV043891_F001;REV043906_F001;REV043919_F001
Pitawala Pathana,Seating,1,0,0,1,0.0,neutral,1,REV043921_F002
Pitawala Pathana,Shop,2,1,0,1,0.5,positive,2,REV043911_F003;REV043928_F001
Pitawala Pathana,Signage,2,1,0,1,0.5,positive,2,REV043885_F001;REV043899_F004
Pitawala Pathana,Ticket counter,2,0,0,2,0.0,neutral,2,REV043885_F004;REV043899_F001
Pitawala Pathana,Ticket or receipt,9,0,2,7,-0.222,neutral,6,REV043885_F004;REV043885_F006;REV043891_F002;REV043897_F001;REV043899_F001;REV043899_F002;REV043899_F003;REV043911_F001;REV043921_F001
Pitawala Pathana,Toilet,2,1,0,1,0.5,positive,2,REV043885_F003;REV043899_F001
Polhena Beach,Accommodation,36,15,2,19,0.361,neutral,32,REV030673_F001;REV030684_F001;REV030696_F001;REV030705_F001;REV030713_F001;REV030716_F002;REV030721_F001;REV030724_F001;REV030724_F002;REV030728_F002;REV030730_F001;REV030730_F002;REV030733_F001;REV030745_F001;REV030745_F002;REV030750_F008;REV030793_F001;REV030799_F001;REV030800_F001;REV030804_F003;REV030809_F002;REV030812_F001;REV030814_F001;REV030815_F001;REV030822_F001
Polhena Beach,Boat service,1,0,0,1,0.0,neutral,1,REV030810_F001
Polhena Beach,Brochure,1,0,0,1,0.0,neutral,1,REV030868_F001
Polhena Beach,Cafe,3,1,1,1,0.0,positive,3,REV030665_F001;REV030670_F001;REV030756_F001
Polhena Beach,Changing room,4,1,1,2,0.0,neutral,4,REV030707_F001;REV030786_F002;REV030802_F001;REV030807_F001
Polhena Beach,Clothing cover service,1,0,0,1,0.0,neutral,1,REV030693_F001
Polhena Beach,Diving equipment rental,1,1,0,0,1.0,positive,1,REV030736_F002
Polhena Beach,Entrance fee,8,3,2,3,0.125,positive,8,REV030670_F001;REV030681_F002;REV030723_F001;REV030750_F004;REV030799_F001;REV030803_F001;REV030805_F001;REV030848_F001
Polhena Beach,Food stall,1,1,0,0,1.0,positive,1,REV030734_F002
Polhena Beach,General facilities,3,0,0,3,0.0,neutral,3,REV030725_F001;REV030797_F001;REV030806_F001
Polhena Beach,Guide service,2,1,0,1,0.5,positive,2,REV030668_F001;REV030717_F001
Polhena Beach,Lifeguard service,6,1,3,2,-0.333,negative,6,REV030670_F003;REV030754_F001;REV030756_F001;REV030769_F001;REV030826_F001;REV030828_F001
Polhena Beach,Parking,11,2,4,5,-0.182,neutral,11,REV030703_F001;REV030728_F001;REV030745_F003;REV030750_F006;REV030756_F002;REV030763_F001;REV030795_F001;REV030809_F003;REV030823_F001;REV030845_F001;REV030848_F001
Polhena Beach,Public transport access,1,0,0,1,0.0,neutral,1,REV030750_F004
Polhena Beach,Restaurant,22,9,2,11,0.318,neutral,21,REV030679_F001;REV030683_F002;REV030696_F001;REV030704_F001;REV030708_F001;REV030709_F001;REV030713_F001;REV030716_F001;REV030738_F001;REV030750_F009;REV030752_F001;REV030760_F001;REV030768_F001;REV030770_F001;REV030772_F001;REV030804_F002;REV030804_F003;REV030828_F002;REV030836_F002;REV030844_F001;REV030850_F001;REV030862_F001
Polhena Beach,Road access,1,0,0,1,0.0,neutral,1,REV030844_F001
Polhena Beach,Security,12,5,4,3,0.083,positive,11,REV030670_F003;REV030714_F001;REV030754_F001;REV030756_F001;REV030769_F001;REV030786_F001;REV030786_F002;REV030794_F001;REV030804_F001;REV030826_F001;REV030828_F001;REV030856_F001
Polhena Beach,Shade or shelter,11,1,4,6,-0.273,neutral,10,REV030664_F001;REV030670_F001;REV030695_F001;REV030701_F001;REV030704_F002;REV030716_F001;REV030729_F002;REV030743_F001;REV030750_F001;REV030750_F011;REV030757_F001
Polhena Beach,Shop,8,1,2,5,-0.125,neutral,8,REV030672_F001;REV030675_F001;REV030695_F001;REV030716_F001;REV030729_F001;REV030736_F001;REV030750_F010;REV030850_F001
Polhena Beach,Shower,3,0,1,2,-0.333,neutral,3,REV030703_F001;REV030740_F001;REV030750_F007
Polhena Beach,Signage,1,1,0,0,1.0,positive,1,REV030840_F001
Polhena Beach,Snorkelling equipment rental,7,2,1,4,0.143,neutral,7,REV030670_F003;REV030681_F001;REV030700_F001;REV030715_F001;REV030723_F001;REV030734_F001;REV030822_F003
Polhena Beach,Steps or stairs,1,0,0,1,0.0,neutral,1,REV030684_F002
Polhena Beach,Taxi service,1,1,0,0,1.0,positive,1,REV030856_F001
Polhena Beach,Toilet,1,0,1,0,-1.0,negative,1,REV030749_F001
Polhena Beach,Towel service,2,0,1,1,-0.5,neutral,2,REV030670_F002;REV030676_F001
Polhena Beach,Train service,3,0,0,3,0.0,neutral,2,REV030750_F002;REV030750_F003;REV030809_F001
Polhena Beach,Tuk tuk service,10,2,1,7,0.1,neutral,8,REV030674_F001;REV030683_F001;REV030705_F001;REV030723_F001;REV030749_F002;REV030750_F004;REV030750_F005;REV030781_F001;REV030819_F001;REV030819_F002
Polhena Beach,Waste bins,1,1,0,0,1.0,positive,1,REV030840_F001
Polonnaruwa Vatadage,Bike rental,3,3,0,0,1.0,positive,3,REV010759_F001;REV010771_F001;REV010862_F001
Polonnaruwa Vatadage,Brochure,7,0,2,5,-0.286,neutral,7,REV010716_F001;REV010718_F003;REV010769_F001;REV010771_F002;REV010795_F001;REV010866_F001;REV010902_F001
Polonnaruwa Vatadage,Clothing cover service,2,1,0,1,0.5,positive,2,REV010758_F002;REV010856_F001
Polonnaruwa Vatadage,Entrance fee,9,3,2,4,0.111,neutral,6,REV010718_F003;REV010759_F001;REV010764_F001;REV010764_F002;REV010810_F002;REV010853_F001;REV010853_F002;REV010870_F001;REV010870_F002
Polonnaruwa Vatadage,Food stall,2,0,1,1,-0.5,neutral,2,REV010751_F001;REV010896_F001
Polonnaruwa Vatadage,General facilities,2,1,0,1,0.5,positive,2,REV010862_F002;REV010868_F001
Polonnaruwa Vatadage,Guide service,10,2,0,8,0.2,neutral,10,REV010719_F001;REV010743_F001;REV010758_F001;REV010775_F001;REV010801_F001;REV010803_F001;REV010839_F001;REV010842_F001;REV010845_F001;REV010857_F001
Polonnaruwa Vatadage,Multilingual information,1,0,0,1,0.0,neutral,1,REV010718_F003
Polonnaruwa Vatadage,Pathway,1,0,1,0,-1.0,negative,1,REV010741_F001
Polonnaruwa Vatadage,Security,9,2,0,7,0.222,neutral,8,REV010744_F003;REV010806_F002;REV010806_F003;REV010808_F001;REV010814_F001;REV010840_F001;REV010846_F001;REV010855_F001;REV010888_F001
Polonnaruwa Vatadage,Shade or shelter,3,2,1,0,0.333,positive,3,REV010799_F001;REV010865_F001;REV010896_F001
Polonnaruwa Vatadage,Shoe storage,12,0,2,10,-0.167,neutral,12,REV010754_F001;REV010756_F001;REV010762_F001;REV010769_F002;REV010778_F002;REV010786_F001;REV010796_F001;REV010798_F001;REV010810_F001;REV010815_F001;REV010825_F001;REV010872_F001
Polonnaruwa Vatadage,Shop,2,1,0,1,0.5,positive,1,REV010795_F001;REV010795_F002
Polonnaruwa Vatadage,Signage,7,1,0,6,0.143,neutral,7,REV010726_F001;REV010742_F001;REV010744_F002;REV010817_F001;REV010829_F001;REV010884_F001;REV010893_F001
Polonnaruwa Vatadage,Souvenir shop,2,0,1,1,-0.5,neutral,2,REV010732_F001;REV010764_F002
Polonnaruwa Vatadage,Steps or stairs,15,1,0,14,0.067,neutral,14,REV010715_F001;REV010730_F001;REV010736_F001;REV010736_F002;REV010744_F001;REV010763_F001;REV010783_F001;REV010806_F001;REV010808_F001;REV010813_F001;REV010827_F001;REV010880_F001;REV010884_F001;REV010888_F001;REV010895_F001
Polonnaruwa Vatadage,Ticket counter,1,0,0,1,0.0,neutral,1,REV010718_F002
Polonnaruwa Vatadage,Ticket or receipt,5,2,0,3,0.4,neutral,4,REV010718_F002;REV010718_F003;REV010795_F002;REV010810_F002;REV010870_F005
Polonnaruwa Vatadage,Toilet,1,1,0,0,1.0,positive,1,REV010795_F002
Polonnaruwa Vatadage,Tuk tuk service,5,0,1,4,-0.2,neutral,4,REV010718_F001;REV010751_F002;REV010778_F001;REV010870_F003;REV010870_F004
Popham's Arboretum,Accommodation,14,6,1,7,0.357,neutral,9,REV010910_F001;REV010910_F002;REV010910_F003;REV010921_F001;REV010923_F001;REV010925_F002;REV010925_F003;REV010925_F005;REV010960_F007;REV010976_F001;REV010978_F001;REV010987_F001;REV010987_F002;REV011049_F002
Popham's Arboretum,Brochure,5,1,0,4,0.2,neutral,5,REV010907_F001;REV010999_F001;REV011009_F001;REV011042_F002;REV011056_F001
Popham's Arboretum,Donation box,38,10,7,21,0.079,neutral,26,REV010914_F001;REV010930_F002;REV010931_F001;REV010931_F002;REV010931_F004;REV010931_F005;REV010931_F006;REV010935_F001;REV010938_F001;REV010942_F001;REV010944_F001;REV010956_F001;REV010956_F002;REV010960_F004;REV010960_F005;REV010960_F006;REV010978_F002;REV010984_F002;REV010986_F002;REV011004_F002;REV011006_F001;REV011009_F002;REV011009_F003;REV011009_F005;REV011009_F006
Popham's Arboretum,Entrance fee,31,6,3,22,0.097,neutral,20,REV010907_F001;REV010907_F002;REV010920_F001;REV010920_F002;REV010922_F002;REV010925_F003;REV010925_F004;REV010931_F001;REV010931_F003;REV010935_F001;REV010940_F001;REV010941_F002;REV010958_F002;REV010960_F001;REV010960_F002;REV010960_F004;REV010960_F005;REV010961_F001;REV010971_F001;REV010980_F001;REV010980_F002;REV010992_F002;REV010994_F001;REV011009_F001;REV011009_F002
Popham's Arboretum,Food stall,1,1,0,0,1.0,positive,1,REV010920_F001
Popham's Arboretum,General facilities,2,0,0,2,0.0,neutral,2,REV011027_F001;REV011029_F001
Popham's Arboretum,Guide service,27,15,1,11,0.519,positive,25,REV010905_F001;REV010910_F004;REV010914_F001;REV010921_F002;REV010922_F001;REV010925_F001;REV010930_F001;REV010941_F001;REV010949_F001;REV010958_F001;REV010958_F002;REV010959_F001;REV010960_F003;REV010964_F001;REV010964_F002;REV010977_F001;REV010984_F001;REV010986_F001;REV010991_F001;REV010997_F001;REV011005_F001;REV011012_F001;REV011023_F001;REV011025_F001;REV011041_F001
Popham's Arboretum,Jeep service,1,1,0,0,1.0,positive,1,REV010937_F001
Popham's Arboretum,Pathway,3,2,0,1,0.667,positive,3,REV010927_F001;REV010989_F001;REV011042_F001
Popham's Arboretum,Safety barrier,1,0,1,0,-1.0,negative,1,REV011058_F001
Popham's Arboretum,Security,4,2,0,2,0.5,positive,4,REV010927_F002;REV011022_F003;REV011055_F001;REV011061_F001
Popham's Arboretum,Shade or shelter,3,1,0,2,0.333,neutral,3,REV010986_F003;REV011011_F001;REV011018_F001
Popham's Arboretum,Shower,2,1,0,1,0.5,positive,2,REV010976_F002;REV010978_F003
Popham's Arboretum,Signage,11,4,0,7,0.364,neutral,9,REV010927_F001;REV010978_F003;REV010992_F001;REV010994_F002;REV010994_F003;REV011015_F001;REV011022_F001;REV011022_F002;REV011034_F001;REV011039_F001;REV011044_F001
Popham's Arboretum,Steps or stairs,1,1,0,0,1.0,positive,1,REV011063_F001
Popham's Arboretum,Ticket or receipt,6,1,2,3,-0.167,neutral,4,REV010920_F001;REV010920_F002;REV010931_F002;REV010956_F001;REV011013_F002;REV011013_F003
Popham's Arboretum,Toilet,2,1,0,1,0.5,positive,2,REV010992_F003;REV011004_F001
Popham's Arboretum,Tuk tuk service,6,1,0,5,0.167,neutral,6,REV010993_F001;REV010994_F004;REV011009_F004;REV011019_F001;REV011037_F001;REV011050_F003
Rankoth Vehera,Accommodation,2,0,0,2,0.0,neutral,2,REV011093_F002;REV011116_F001
Rankoth Vehera,General facilities,1,0,0,1,0.0,neutral,1,REV011083_F001
Rankoth Vehera,Security,1,0,0,1,0.0,neutral,1,REV011078_F001
Rankoth Vehera,Shoe storage,1,0,0,1,0.0,neutral,1,REV011078_F001
Rankoth Vehera,Shop,1,0,0,1,0.0,neutral,1,REV011105_F001
Rankoth Vehera,Steps or stairs,3,0,1,2,-0.333,neutral,3,REV011093_F001;REV011107_F001;REV011111_F001
Rankoth Vehera,Ticket or receipt,1,0,0,1,0.0,neutral,1,REV011081_F001
Ravana Ella Falls,Accessibility ramp,1,0,0,1,0.0,neutral,1,REV021464_F001
Ravana Ella Falls,Accommodation,11,2,1,8,0.091,neutral,11,REV021390_F001;REV021399_F001;REV021441_F001;REV021457_F001;REV021462_F001;REV021489_F001;REV021512_F001;REV021639_F001;REV021668_F002;REV021691_F001;REV021739_F002
Ravana Ella Falls,Bridge,14,2,2,10,0.0,neutral,14,REV021268_F001;REV021271_F001;REV021330_F001;REV021346_F001;REV021381_F001;REV021449_F001;REV021475_F001;REV021495_F002;REV021508_F001;REV021524_F001;REV021543_F001;REV021566_F002;REV021643_F001;REV021688_F001
Ravana Ella Falls,Cafe,2,2,0,0,1.0,positive,2,REV021556_F001;REV021630_F002
Ravana Ella Falls,Clothing cover service,3,0,2,1,-0.667,negative,3,REV021398_F002;REV021619_F002;REV021628_F002
Ravana Ella Falls,Entrance fee,34,8,3,23,0.147,neutral,33,REV021311_F001;REV021334_F003;REV021337_F001;REV021340_F001;REV021353_F001;REV021379_F001;REV021383_F001;REV021407_F001;REV021422_F001;REV021447_F001;REV021467_F001;REV021479_F001;REV021523_F003;REV021549_F002;REV021562_F001;REV021566_F001;REV021567_F001;REV021573_F001;REV021595_F001;REV021596_F001;REV021602_F001;REV021606_F001;REV021618_F001;REV021644_F001;REV021649_F003
Ravana Ella Falls,Food stall,25,10,2,13,0.32,neutral,24,REV021244_F001;REV021270_F001;REV021293_F001;REV021350_F001;REV021351_F001;REV021363_F001;REV021386_F002;REV021435_F001;REV021475_F002;REV021484_F001;REV021505_F001;REV021517_F001;REV021523_F002;REV021536_F001;REV021538_F001;REV021612_F001;REV021621_F002;REV021660_F001;REV021683_F001;REV021686_F001;REV021717_F001;REV021720_F002;REV021723_F001;REV021723_F002;REV021729_F002
Ravana Ella Falls,General facilities,1,1,0,0,1.0,positive,1,REV021495_F001
Ravana Ella Falls,Guide service,3,1,0,2,0.333,neutral,3,REV021452_F003;REV021533_F001;REV021739_F001
Ravana Ella Falls,Information board,1,0,1,0,-1.0,negative,1,REV021540_F001
Ravana Ella Falls,Lighting,1,0,0,1,0.0,neutral,1,REV021670_F001
Ravana Ella Falls,Parking,28,8,4,16,0.143,neutral,25,REV021289_F001;REV021326_F001;REV021337_F001;REV021350_F001;REV021383_F001;REV021406_F001;REV021420_F001;REV021434_F001;REV021436_F001;REV021446_F002;REV021452_F002;REV021549_F001;REV021557_F001;REV021574_F001;REV021600_F001;REV021600_F002;REV021647_F001;REV021649_F001;REV021649_F002;REV021649_F003;REV021660_F001;REV021667_F001;REV021669_F001;REV021692_F002;REV021727_F001
Ravana Ella Falls,Public transport access,7,1,2,4,-0.143,neutral,6,REV021498_F001;REV021595_F001;REV021595_F002;REV021629_F001;REV021663_F001;REV021664_F001;REV021706_F003
Ravana Ella Falls,Restaurant,10,7,0,3,0.7,positive,10,REV021330_F002;REV021341_F001;REV021371_F001;REV021399_F001;REV021507_F001;REV021522_F001;REV021581_F001;REV021630_F002;REV021664_F002;REV021729_F002
Ravana Ella Falls,Road access,11,3,2,6,0.091,neutral,11,REV021255_F002;REV021352_F002;REV021353_F002;REV021364_F001;REV021375_F001;REV021611_F001;REV021621_F003;REV021622_F001;REV021653_F002;REV021689_F002;REV021720_F001
Ravana Ella Falls,Safety barrier,2,0,1,1,-0.5,neutral,2,REV021255_F001;REV021667_F001
Ravana Ella Falls,Scooter rental,1,0,0,1,0.0,neutral,1,REV021630_F001
Ravana Ella Falls,Seating,1,0,0,1,0.0,neutral,1,REV021356_F001
Ravana Ella Falls,Security,3,1,0,2,0.333,neutral,3,REV021392_F001;REV021426_F001;REV021646_F001
Ravana Ella Falls,Shade or shelter,1,0,0,1,0.0,neutral,1,REV021304_F001
Ravana Ella Falls,Shop,10,4,1,5,0.3,neutral,10,REV021284_F001;REV021302_F001;REV021324_F002;REV021329_F001;REV021465_F001;REV021467_F002;REV021475_F002;REV021547_F001;REV021633_F001;REV021654_F002
Ravana Ella Falls,Shower,15,2,2,11,0.0,neutral,14,REV021336_F001;REV021369_F001;REV021382_F001;REV021390_F002;REV021400_F001;REV021400_F002;REV021446_F001;REV021530_F001;REV021606_F002;REV021609_F001;REV021668_F001;REV021681_F001;REV021692_F001;REV021717_F002;REV021736_F001
Ravana Ella Falls,Signage,4,0,3,1,-0.75,negative,4,REV021359_F001;REV021452_F004;REV021539_F001;REV021737_F001
Ravana Ella Falls,Souvenir shop,12,3,2,7,0.083,neutral,12,REV021319_F001;REV021441_F002;REV021503_F001;REV021510_F001;REV021518_F001;REV021536_F001;REV021539_F002;REV021568_F001;REV021614_F001;REV021621_F002;REV021655_F001;REV021722_F001
Ravana Ella Falls,Steps or stairs,5,0,3,2,-0.6,negative,5,REV021266_F001;REV021389_F001;REV021641_F001;REV021712_F001;REV021721_F001
Ravana Ella Falls,Taxi service,6,1,1,4,0.0,neutral,6,REV021332_F001;REV021334_F001;REV021434_F002;REV021521_F001;REV021653_F001;REV021674_F001
Ravana Ella Falls,Ticket or receipt,5,1,1,3,0.0,neutral,5,REV021536_F001;REV021549_F002;REV021557_F001;REV021587_F001;REV021727_F001
Ravana Ella Falls,Toilet,4,4,0,0,1.0,positive,4,REV021313_F001;REV021330_F002;REV021556_F001;REV021633_F001
Ravana Ella Falls,Towel service,2,0,1,1,-0.5,neutral,2,REV021407_F002;REV021619_F002
Ravana Ella Falls,Train service,1,0,0,1,0.0,neutral,1,REV021452_F001
Ravana Ella Falls,Tuk tuk service,52,15,5,32,0.192,neutral,50,REV021263_F001;REV021275_F001;REV021311_F001;REV021324_F001;REV021332_F001;REV021334_F002;REV021340_F001;REV021352_F001;REV021353_F001;REV021364_F001;REV021379_F001;REV021383_F001;REV021398_F001;REV021407_F001;REV021407_F003;REV021408_F001;REV021413_F001;REV021422_F001;REV021426_F002;REV021440_F001;REV021445_F001;REV021467_F002;REV021477_F001;REV021488_F001;REV021488_F002
Ravana Ella Falls,View platform,9,4,0,5,0.444,neutral,9,REV021291_F001;REV021313_F001;REV021330_F001;REV021350_F001;REV021379_F002;REV021386_F001;REV021429_F001;REV021495_F002;REV021622_F001
Ravana Ella Falls,Waste bins,1,1,0,0,1.0,positive,1,REV021678_F001
Richmond Castle,Accommodation,12,2,1,9,0.083,neutral,12,REV043956_F001;REV043967_F001;REV043977_F001;REV043984_F002;REV043993_F001;REV043995_F002;REV044012_F001;REV044021_F001;REV044079_F001;REV044090_F001;REV044104_F003;REV044109_F001
Richmond Castle,Brochure,1,0,0,1,0.0,neutral,1,REV044073_F001
Richmond Castle,Donation box,7,2,1,4,0.143,neutral,7,REV044048_F005;REV044090_F002;REV044093_F001;REV044101_F001;REV044114_F003;REV044118_F001;REV044119_F002
Richmond Castle,Drinking water,2,1,1,0,0.0,positive,2,REV043974_F002;REV044003_F001
Richmond Castle,Entrance fee,50,19,3,28,0.32,neutral,43,REV043934_F001;REV043935_F001;REV043935_F002;REV043942_F002;REV043943_F001;REV043945_F001;REV043946_F003;REV043953_F001;REV043956_F004;REV043962_F001;REV043968_F001;REV043970_F002;REV043971_F001;REV043974_F001;REV043976_F001;REV043978_F001;REV043986_F001;REV043993_F002;REV043997_F001;REV044005_F001;REV044005_F002;REV044005_F003;REV044007_F001;REV044009_F001;REV044028_F001
Richmond Castle,Food stall,1,0,1,0,-1.0,negative,1,REV044048_F008
Richmond Castle,General facilities,1,1,0,0,1.0,positive,1,REV044107_F001
Richmond Castle,Guide service,28,20,1,7,0.679,positive,26,REV043946_F002;REV043960_F002;REV043967_F002;REV043970_F001;REV043973_F001;REV043980_F001;REV043982_F001;REV043986_F003;REV043993_F003;REV043995_F003;REV044004_F001;REV044010_F001;REV044016_F001;REV044022_F001;REV044024_F001;REV044035_F001;REV044040_F003;REV044041_F001;REV044041_F003;REV044055_F001;REV044055_F002;REV044057_F001;REV044077_F001;REV044095_F001;REV044110_F001
Richmond Castle,Multilingual information,2,0,1,1,-0.5,neutral,2,REV043944_F001;REV043978_F002
Richmond Castle,Parking,3,1,0,2,0.333,neutral,3,REV043982_F003;REV044005_F004;REV044048_F004
Richmond Castle,Public transport access,1,0,0,1,0.0,neutral,1,REV044003_F003
Richmond Castle,Restaurant,1,1,0,0,1.0,positive,1,REV043956_F002
Richmond Castle,Road access,1,0,0,1,0.0,neutral,1,REV044089_F001
Richmond Castle,Seating,1,1,0,0,1.0,positive,1,REV043956_F002
Richmond Castle,Signage,6,2,1,3,0.167,neutral,6,REV043934_F001;REV043956_F003;REV043986_F002;REV043991_F001;REV044041_F002;REV044048_F001
Richmond Castle,Steps or stairs,15,5,1,9,0.267,neutral,14,REV043934_F001;REV043942_F001;REV043962_F002;REV043973_F002;REV043973_F003;REV043974_F002;REV043982_F002;REV044008_F001;REV044022_F001;REV044031_F001;REV044043_F001;REV044052_F001;REV044064_F001;REV044085_F001;REV044095_F001
Richmond Castle,Taxi service,1,0,0,1,0.0,neutral,1,REV043967_F001
Richmond Castle,Ticket or receipt,8,4,1,3,0.375,positive,8,REV043971_F002;REV043976_F001;REV044000_F001;REV044003_F002;REV044012_F002;REV044039_F001;REV044041_F004;REV044053_F001
Richmond Castle,Toilet,3,2,1,0,0.333,positive,3,REV043956_F002;REV044003_F001;REV044048_F007
Richmond Castle,Tuk tuk service,25,9,0,16,0.36,neutral,24,REV043934_F001;REV043935_F001;REV043946_F001;REV043954_F001;REV043960_F001;REV043967_F003;REV043976_F001;REV043978_F001;REV043984_F001;REV043993_F001;REV043995_F001;REV043995_F004;REV044003_F003;REV044005_F001;REV044048_F002;REV044064_F002;REV044065_F001;REV044072_F001;REV044076_F001;REV044087_F001;REV044090_F001;REV044104_F001;REV044110_F002;REV044114_F001;REV044119_F001
Ridee Viharaya (silver Temple),Accommodation,16,13,0,3,0.812,positive,14,REV011125_F001;REV011133_F001;REV011134_F001;REV011135_F001;REV011135_F002;REV011137_F001;REV011138_F001;REV011138_F002;REV011142_F001;REV011144_F001;REV011145_F001;REV011150_F003;REV011151_F001;REV011172_F001;REV011174_F001;REV011176_F001
Ridee Viharaya (silver Temple),Brochure,1,0,0,1,0.0,neutral,1,REV011150_F002
Ridee Viharaya (silver Temple),Donation box,6,2,0,4,0.333,neutral,5,REV011134_F001;REV011141_F001;REV011176_F003;REV011176_F004;REV011192_F001;REV011194_F001
Ridee Viharaya (silver Temple),Entrance fee,1,1,0,0,1.0,positive,1,REV011176_F007
Ridee Viharaya (silver Temple),General facilities,2,2,0,0,1.0,positive,2,REV011163_F001;REV011167_F002
Ridee Viharaya (silver Temple),Guide service,4,1,0,3,0.25,neutral,4,REV011136_F001;REV011150_F001;REV011154_F002;REV011162_F001
Ridee Viharaya (silver Temple),Parking,1,1,0,0,1.0,positive,1,REV011167_F001
Ridee Viharaya (silver Temple),Restaurant,1,1,0,0,1.0,positive,1,REV011176_F008
Ridee Viharaya (silver Temple),Steps or stairs,4,1,0,3,0.25,neutral,2,REV011142_F001;REV011176_F002;REV011176_F005;REV011176_F006
Ridee Viharaya (silver Temple),Toilet,1,0,0,1,0.0,neutral,1,REV011154_F001
Ridee Viharaya (silver Temple),Visitor centre,1,0,0,1,0.0,neutral,1,REV011139_F001
Ritigala Forest Monastery,Accessibility ramp,1,0,0,1,0.0,neutral,1,REV011283_F001
Ritigala Forest Monastery,Accommodation,10,4,2,4,0.2,positive,8,REV011216_F001;REV011216_F002;REV011239_F001;REV011264_F001;REV011340_F001;REV011340_F002;REV011360_F001;REV011375_F001;REV011406_F004;REV011415_F001
Ritigala Forest Monastery,Bridge,6,2,1,3,0.167,neutral,5,REV011207_F002;REV011264_F002;REV011266_F008;REV011266_F010;REV011281_F002;REV011344_F001
Ritigala Forest Monastery,Brochure,12,2,2,8,0.0,neutral,10,REV011208_F001;REV011208_F002;REV011233_F002;REV011253_F001;REV011263_F001;REV011266_F003;REV011274_F001;REV011291_F002;REV011322_F001;REV011339_F001;REV011401_F001;REV011401_F002
Ritigala Forest Monastery,Donation box,26,8,5,13,0.115,neutral,22,REV011317_F001;REV011323_F001;REV011337_F002;REV011351_F002;REV011358_F003;REV011359_F001;REV011363_F001;REV011366_F001;REV011370_F001;REV011374_F002;REV011377_F004;REV011380_F002;REV011381_F003;REV011381_F004;REV011383_F004;REV011386_F001;REV011387_F001;REV011390_F001;REV011393_F001;REV011396_F002;REV011396_F004;REV011402_F004;REV011402_F006;REV011402_F007;REV011407_F002
Ritigala Forest Monastery,Drinking water,1,1,0,0,1.0,positive,1,REV011415_F002
Ritigala Forest Monastery,Entrance fee,60,16,8,36,0.133,neutral,50,REV011196_F001;REV011205_F001;REV011206_F002;REV011207_F001;REV011208_F001;REV011213_F003;REV011213_F004;REV011226_F001;REV011231_F001;REV011233_F001;REV011236_F002;REV011242_F002;REV011252_F003;REV011263_F001;REV011265_F002;REV011269_F002;REV011274_F001;REV011278_F001;REV011280_F001;REV011283_F002;REV011285_F001;REV011297_F001;REV011300_F001;REV011304_F001;REV011305_F003
Ritigala Forest Monastery,General facilities,2,1,0,1,0.5,positive,2,REV011265_F001;REV011423_F002
Ritigala Forest Monastery,Guide service,26,9,2,15,0.269,neutral,26,REV011200_F001;REV011206_F002;REV011213_F001;REV011215_F001;REV011221_F003;REV011231_F001;REV011232_F001;REV011236_F001;REV011243_F001;REV011252_F002;REV011260_F001;REV011261_F001;REV011266_F007;REV011279_F001;REV011305_F001;REV011311_F001;REV011313_F001;REV011331_F001;REV011367_F001;REV011374_F001;REV011377_F005;REV011396_F003;REV011406_F003;REV011407_F001;REV011415_F003
Ritigala Forest Monastery,Information board,2,1,0,1,0.5,positive,2,REV011253_F001;REV011274_F001
Ritigala Forest Monastery,Multilingual information,1,0,0,1,0.0,neutral,1,REV011362_F001
Ritigala Forest Monastery,Parking,5,0,1,4,-0.2,neutral,5,REV011253_F001;REV011273_F001;REV011330_F001;REV011409_F001;REV011419_F002
Ritigala Forest Monastery,Pathway,21,2,5,14,-0.143,neutral,17,REV011213_F002;REV011229_F001;REV011259_F001;REV011266_F006;REV011266_F009;REV011269_F001;REV011281_F001;REV011281_F002;REV011281_F003;REV011285_F002;REV011291_F001;REV011299_F002;REV011305_F002;REV011321_F001;REV011337_F001;REV011337_F002;REV011354_F001;REV011385_F002;REV011388_F002;REV011419_F004;REV011421_F004
Ritigala Forest Monastery,Restaurant,1,0,1,0,-1.0,negative,1,REV011315_F001
Ritigala Forest Monastery,Road access,16,3,4,9,-0.062,neutral,14,REV011242_F001;REV011247_F002;REV011256_F002;REV011275_F001;REV011319_F001;REV011347_F002;REV011352_F001;REV011369_F001;REV011377_F002;REV011379_F001;REV011402_F001;REV011406_F001;REV011406_F002;REV011417_F002;REV011417_F004;REV011419_F001
Ritigala Forest Monastery,Safety barrier,2,0,0,2,0.0,neutral,2,REV011211_F002;REV011270_F001
Ritigala Forest Monastery,Scooter rental,1,0,0,1,0.0,neutral,1,REV011247_F001
Ritigala Forest Monastery,Security,4,1,0,3,0.25,neutral,4,REV011196_F001;REV011260_F002;REV011280_F002;REV011308_F002
Ritigala Forest Monastery,Shade or shelter,7,2,1,4,0.143,neutral,7,REV011235_F001;REV011259_F002;REV011268_F002;REV011292_F001;REV011305_F002;REV011307_F001;REV011354_F002
Ritigala Forest Monastery,Shop,1,0,1,0,-1.0,negative,1,REV011245_F001
Ritigala Forest Monastery,Shower,1,0,0,1,0.0,neutral,1,REV011240_F001
Ritigala Forest Monastery,Signage,7,3,2,2,0.143,positive,6,REV011220_F001;REV011228_F001;REV011247_F001;REV011306_F001;REV011306_F002;REV011322_F002;REV011368_F001
Ritigala Forest Monastery,Steps or stairs,27,5,6,16,-0.037,neutral,23,REV011196_F001;REV011198_F001;REV011200_F002;REV011211_F001;REV011213_F005;REV011221_F001;REV011247_F002;REV011255_F001;REV011255_F002;REV011266_F004;REV011266_F005;REV011268_F001;REV011273_F001;REV011299_F001;REV011319_F002;REV011330_F002;REV011350_F001;REV011352_F002;REV011354_F001;REV011366_F002;REV011375_F001;REV011384_F001;REV011388_F001;REV011388_F002;REV011416_F001
Ritigala Forest Monastery,Taxi service,3,0,2,1,-0.667,negative,2,REV011206_F001;REV011374_F003;REV011374_F005
Ritigala Forest Monastery,Ticket counter,3,1,0,2,0.333,neutral,3,REV011233_F002;REV011274_F001;REV011416_F003
Ritigala Forest Monastery,Ticket or receipt,25,4,2,19,0.08,neutral,23,REV011201_F001;REV011229_F002;REV011233_F002;REV011235_F001;REV011256_F001;REV011266_F001;REV011266_F002;REV011274_F001;REV011303_F001;REV011308_F001;REV011310_F001;REV011317_F001;REV011351_F002;REV011363_F001;REV011389_F001;REV011402_F005;REV011412_F001;REV011415_F004;REV011416_F003;REV011417_F005;REV011419_F003;REV011421_F002;REV011421_F003;REV011427_F001;REV011428_F002
Ritigala Forest Monastery,Toilet,13,2,2,9,0.0,neutral,13,REV011215_F001;REV011221_F002;REV011222_F001;REV011232_F002;REV011252_F001;REV011269_F003;REV011273_F001;REV011295_F001;REV011315_F001;REV011344_F001;REV011345_F002;REV011374_F004;REV011387_F002
Ritigala Forest Monastery,Tuk tuk service,34,9,2,23,0.206,neutral,29,REV011205_F001;REV011263_F001;REV011274_F001;REV011291_F002;REV011298_F001;REV011325_F001;REV011332_F001;REV011337_F001;REV011338_F001;REV011338_F002;REV011345_F001;REV011351_F001;REV011358_F001;REV011358_F002;REV011364_F001;REV011372_F001;REV011373_F001;REV011377_F001;REV011378_F001;REV011380_F001;REV011381_F001;REV011381_F004;REV011383_F001;REV011383_F002;REV011385_F001
Ritigala Forest Monastery,Visitor centre,6,1,0,5,0.167,neutral,5,REV011330_F001;REV011347_F003;REV011373_F001;REV011417_F001;REV011417_F006;REV011428_F001
Royal Botanical Gardens,Accommodation,3,1,0,2,0.333,neutral,3,REV021970_F001;REV021984_F001;REV022129_F001
Royal Botanical Gardens,Bridge,87,31,9,47,0.253,neutral,79,REV021758_F002;REV021758_F004;REV021768_F002;REV021769_F002;REV021783_F001;REV021806_F001;REV021807_F002;REV021817_F001;REV021823_F001;REV021834_F002;REV021844_F002;REV021861_F001;REV021868_F001;REV021911_F001;REV021912_F001;REV021917_F001;REV021924_F002;REV021935_F001;REV021946_F001;REV021948_F001;REV021957_F001;REV021959_F002;REV021987_F002;REV021989_F001;REV021990_F002
Royal Botanical Gardens,Brochure,35,17,5,13,0.343,positive,34,REV021745_F001;REV021763_F002;REV021807_F001;REV021873_F001;REV021899_F003;REV021925_F001;REV021931_F001;REV021938_F001;REV021949_F001;REV021952_F001;REV021952_F002;REV021955_F001;REV021959_F001;REV021977_F001;REV021988_F001;REV021998_F001;REV022030_F002;REV022038_F001;REV022056_F002;REV022064_F001;REV022149_F001;REV022165_F001;REV022188_F001;REV022200_F002;REV022216_F003
Royal Botanical Gardens,Cafe,62,32,7,23,0.403,positive,57,REV021742_F001;REV021746_F001;REV021749_F002;REV021775_F001;REV021841_F002;REV021851_F002;REV021904_F002;REV021906_F003;REV021909_F001;REV021912_F002;REV021925_F001;REV021925_F002;REV021939_F001;REV021954_F001;REV021955_F004;REV021990_F003;REV021996_F001;REV022023_F001;REV022038_F001;REV022042_F001;REV022046_F001;REV022056_F001;REV022066_F001;REV022073_F003;REV022074_F001
Royal Botanical Gardens,Donation box,2,1,0,1,0.5,positive,2,REV021919_F002;REV022010_F001
Royal Botanical Gardens,Drinking water,1,0,0,1,0.0,neutral,1,REV022315_F003
Royal Botanical Gardens,Entrance fee,113,36,14,63,0.195,neutral,101,REV021744_F001;REV021745_F002;REV021747_F001;REV021777_F001;REV021780_F001;REV021782_F001;REV021787_F001;REV021787_F002;REV021798_F001;REV021801_F003;REV021819_F001;REV021831_F001;REV021834_F001;REV021835_F002;REV021844_F001;REV021845_F002;REV021855_F001;REV021863_F001;REV021877_F001;REV021879_F001;REV021883_F001;REV021883_F003;REV021884_F001;REV021891_F001;REV021896_F001
Royal Botanical Gardens,Food stall,11,2,1,8,0.091,neutral,11,REV021760_F002;REV021815_F001;REV021857_F001;REV021858_F001;REV021906_F003;REV022098_F002;REV022118_F001;REV022134_F001;REV022244_F002;REV022315_F003;REV022335_F001
Royal Botanical Gardens,General facilities,3,3,0,0,1.0,positive,3,REV021802_F003;REV021982_F002;REV022257_F001
Royal Botanical Gardens,Guide service,25,11,0,14,0.44,neutral,23,REV021750_F001;REV021769_F001;REV021784_F001;REV021784_F002;REV021816_F001;REV021883_F002;REV021898_F001;REV021944_F001;REV021955_F001;REV021962_F001;REV022010_F001;REV022025_F001;REV022028_F001;REV022048_F001;REV022050_F002;REV022059_F002;REV022062_F001;REV022065_F001;REV022089_F001;REV022178_F001;REV022187_F001;REV022200_F001;REV022208_F003;REV022245_F001;REV022245_F002
Royal Botanical Gardens,Information board,2,1,0,1,0.5,positive,2,REV021860_F001;REV022035_F002
Royal Botanical Gardens,Multilingual information,3,0,1,2,-0.333,neutral,3,REV021773_F001;REV022047_F002;REV022275_F002
Royal Botanical Gardens,Parking,4,3,1,0,0.5,positive,4,REV022106_F002;REV022290_F004;REV022292_F001;REV022338_F003
Royal Botanical Gardens,Pathway,17,6,1,10,0.294,neutral,17,REV021745_F003;REV021772_F001;REV021802_F001;REV021862_F001;REV021863_F001;REV021873_F001;REV021929_F002;REV021955_F002;REV021967_F001;REV021971_F002;REV022103_F001;REV022180_F002;REV022213_F001;REV022267_F001;REV022290_F002;REV022302_F001;REV022327_F001
Royal Botanical Gardens,Public transport access,2,0,0,2,0.0,neutral,2,REV022216_F005;REV022338_F001
Royal Botanical Gardens,Rest area,1,1,0,0,1.0,positive,1,REV022107_F001
Royal Botanical Gardens,Restaurant,31,13,5,13,0.258,positive,30,REV021775_F001;REV021815_F001;REV021838_F001;REV021848_F001;REV021915_F001;REV021926_F002;REV021931_F003;REV021970_F001;REV022044_F001;REV022056_F001;REV022066_F001;REV022074_F001;REV022082_F001;REV022107_F001;REV022107_F002;REV022118_F001;REV022129_F001;REV022172_F001;REV022203_F002;REV022204_F001;REV022217_F002;REV022220_F001;REV022255_F002;REV022270_F004;REV022272_F001
Royal Botanical Gardens,Seating,19,7,3,9,0.211,neutral,18,REV021757_F001;REV021768_F001;REV021788_F001;REV021855_F002;REV021899_F001;REV021907_F001;REV021909_F001;REV021931_F002;REV021987_F001;REV022035_F003;REV022081_F001;REV022098_F001;REV022107_F001;REV022172_F002;REV022172_F003;REV022198_F001;REV022213_F002;REV022254_F005;REV022300_F001
Royal Botanical Gardens,Security,4,2,0,2,0.5,positive,4,REV021817_F001;REV021863_F001;REV022159_F001;REV022196_F004
Royal Botanical Gardens,Shade or shelter,36,17,2,17,0.417,positive,36,REV021748_F001;REV021749_F001;REV021760_F001;REV021779_F001;REV021790_F001;REV021796_F001;REV021802_F002;REV021857_F002;REV021867_F001;REV021873_F001;REV021905_F001;REV021906_F002;REV021908_F001;REV021921_F001;REV021929_F001;REV021938_F002;REV022030_F001;REV022050_F001;REV022064_F002;REV022102_F001;REV022128_F001;REV022141_F001;REV022146_F001;REV022147_F001;REV022151_F001
Royal Botanical Gardens,Shop,15,5,1,9,0.267,neutral,15,REV021764_F001;REV021778_F001;REV021815_F001;REV021857_F001;REV022057_F001;REV022064_F001;REV022095_F001;REV022113_F001;REV022134_F001;REV022201_F001;REV022221_F001;REV022275_F006;REV022315_F003;REV022334_F004;REV022335_F001
Royal Botanical Gardens,Signage,10,4,1,5,0.3,neutral,10,REV021752_F001;REV021756_F001;REV021856_F002;REV021873_F001;REV021906_F001;REV021926_F001;REV021932_F001;REV022093_F001;REV022256_F001;REV022266_F001
Royal Botanical Gardens,Souvenir shop,19,13,1,5,0.632,positive,17,REV021745_F003;REV021917_F001;REV021938_F003;REV021947_F001;REV021954_F001;REV021976_F001;REV021984_F003;REV021998_F003;REV021998_F004;REV021998_F005;REV022132_F001;REV022224_F001;REV022248_F003;REV022255_F001;REV022270_F004;REV022273_F002;REV022296_F001;REV022321_F004;REV022335_F002
Royal Botanical Gardens,Taxi service,9,1,1,7,0.0,neutral,8,REV021758_F001;REV021758_F003;REV021841_F001;REV021851_F001;REV021955_F003;REV022041_F001;REV022126_F001;REV022160_F001;REV022262_F001
Royal Botanical Gardens,Ticket counter,4,4,0,0,1.0,positive,4,REV021801_F002;REV021925_F001;REV021993_F001;REV022220_F001
Royal Botanical Gardens,Ticket or receipt,22,11,0,11,0.5,positive,21,REV021752_F002;REV021763_F001;REV021777_F001;REV021801_F001;REV021801_F002;REV021807_F001;REV021827_F001;REV021835_F001;REV021845_F001;REV021874_F001;REV021891_F001;REV021925_F001;REV021951_F002;REV021993_F001;REV021999_F001;REV022000_F001;REV022051_F001;REV022108_F001;REV022133_F002;REV022215_F001;REV022220_F001;REV022334_F001
Royal Botanical Gardens,Toilet,24,16,2,6,0.583,positive,24,REV021780_F002;REV021796_F002;REV021810_F001;REV021813_F001;REV021841_F002;REV021851_F002;REV021899_F002;REV021915_F002;REV021925_F002;REV021954_F001;REV021984_F004;REV021996_F002;REV022042_F001;REV022043_F002;REV022056_F001;REV022064_F001;REV022066_F001;REV022106_F002;REV022111_F002;REV022174_F001;REV022213_F002;REV022243_F001;REV022260_F001;REV022322_F001
Royal Botanical Gardens,Train service,1,0,0,1,0.0,neutral,1,REV022268_F001
Royal Botanical Gardens,Tuk tuk service,24,6,3,15,0.125,neutral,20,REV021798_F001;REV021831_F001;REV021856_F001;REV021882_F001;REV021984_F001;REV022014_F001;REV022064_F002;REV022104_F002;REV022114_F002;REV022129_F002;REV022129_F003;REV022133_F001;REV022170_F001;REV022180_F001;REV022216_F001;REV022216_F006;REV022244_F001;REV022255_F003;REV022270_F001;REV022275_F001;REV022275_F005;REV022275_F007;REV022280_F001;REV022321_F002
Royal Botanical Gardens,Visitor centre,1,1,0,0,1.0,positive,1,REV022207_F001
Royal Botanical Gardens,Waste bins,1,1,0,0,1.0,positive,1,REV022250_F002
Ruwanweli Maha Seya,Accessibility ramp,1,0,0,1,0.0,neutral,1,REV011840_F002
Ruwanweli Maha Seya,Accommodation,6,0,2,4,-0.333,neutral,5,REV011444_F004;REV011457_F001;REV011518_F001;REV011799_F002;REV011799_F004;REV011924_F001
Ruwanweli Maha Seya,Bike rental,2,1,0,1,0.5,positive,2,REV011559_F002;REV011627_F002
Ruwanweli Maha Seya,Brochure,6,0,4,2,-0.667,negative,6,REV011565_F002;REV011615_F002;REV011671_F005;REV011681_F005;REV011691_F005;REV011799_F004
Ruwanweli Maha Seya,Clothing cover service,3,0,1,2,-0.333,neutral,3,REV011587_F001;REV011719_F001;REV011751_F001
Ruwanweli Maha Seya,Donation box,9,1,1,7,0.0,neutral,9,REV011444_F002;REV011669_F002;REV011671_F002;REV011679_F002;REV011681_F002;REV011689_F002;REV011691_F002;REV011729_F001;REV011890_F001
Ruwanweli Maha Seya,Drinking water,1,0,0,1,0.0,neutral,1,REV011615_F003
Ruwanweli Maha Seya,Entrance fee,39,12,5,22,0.179,neutral,25,REV011453_F001;REV011454_F001;REV011455_F001;REV011511_F001;REV011530_F001;REV011550_F002;REV011559_F005;REV011559_F009;REV011563_F001;REV011565_F001;REV011600_F001;REV011615_F001;REV011669_F002;REV011669_F004;REV011669_F005;REV011671_F001;REV011671_F003;REV011679_F002;REV011679_F004;REV011679_F005;REV011681_F001;REV011681_F003;REV011689_F002;REV011689_F004;REV011689_F005
Ruwanweli Maha Seya,Food stall,1,0,0,1,0.0,neutral,1,REV011444_F003
Ruwanweli Maha Seya,General facilities,2,2,0,0,1.0,positive,2,REV011709_F001;REV011744_F001
Ruwanweli Maha Seya,Guide service,14,7,0,7,0.5,positive,10,REV011431_F001;REV011455_F002;REV011511_F001;REV011511_F002;REV011511_F003;REV011513_F001;REV011613_F001;REV011660_F001;REV011813_F001;REV011850_F001;REV011851_F001;REV011851_F002;REV011851_F003;REV011917_F001
Ruwanweli Maha Seya,Lighting,5,3,0,2,0.6,positive,5,REV011444_F001;REV011729_F001;REV011757_F001;REV011873_F001;REV011876_F001
Ruwanweli Maha Seya,Multilingual information,3,2,0,1,0.667,positive,3,REV011447_F001;REV011556_F001;REV011780_F002
Ruwanweli Maha Seya,Parking,12,3,2,7,0.083,neutral,12,REV011444_F002;REV011460_F002;REV011512_F001;REV011516_F001;REV011525_F001;REV011571_F001;REV011592_F001;REV011620_F002;REV011658_F001;REV011668_F001;REV011744_F003;REV011832_F001
Ruwanweli Maha Seya,Pathway,6,0,3,3,-0.5,neutral,6,REV011510_F001;REV011636_F001;REV011712_F002;REV011787_F001;REV011914_F001;REV011918_F002
Ruwanweli Maha Seya,Public transport access,2,0,1,1,-0.5,neutral,1,REV011559_F017;REV011559_F018
Ruwanweli Maha Seya,Road access,1,0,0,1,0.0,neutral,1,REV011590_F001
Ruwanweli Maha Seya,Security,6,0,1,5,-0.167,neutral,5,REV011473_F002;REV011535_F001;REV011620_F001;REV011744_F002;REV011744_F004;REV011908_F001
Ruwanweli Maha Seya,Shade or shelter,6,0,3,3,-0.5,neutral,6,REV011593_F001;REV011616_F002;REV011700_F001;REV011734_F001;REV011763_F001;REV011773_F001
Ruwanweli Maha Seya,Shoe storage,20,1,4,15,-0.15,neutral,20,REV011429_F001;REV011434_F001;REV011449_F001;REV011574_F001;REV011602_F001;REV011669_F001;REV011673_F001;REV011679_F001;REV011683_F001;REV011689_F001;REV011693_F001;REV011727_F001;REV011737_F001;REV011815_F001;REV011817_F001;REV011840_F001;REV011870_F001;REV011879_F001;REV011910_F001;REV011918_F001
Ruwanweli Maha Seya,Shop,7,0,0,7,0.0,neutral,7,REV011460_F001;REV011518_F001;REV011668_F001;REV011671_F002;REV011681_F002;REV011691_F002;REV011883_F001
Ruwanweli Maha Seya,Signage,4,0,3,1,-0.75,negative,4,REV011473_F002;REV011559_F003;REV011567_F001;REV011833_F001
Ruwanweli Maha Seya,Souvenir shop,1,0,1,0,-1.0,negative,1,REV011746_F001
Ruwanweli Maha Seya,Steps or stairs,4,0,0,4,0.0,neutral,3,REV011616_F001;REV011706_F001;REV011706_F002;REV011780_F001
Ruwanweli Maha Seya,Taxi service,3,0,0,3,0.0,neutral,3,REV011669_F005;REV011679_F005;REV011689_F005
Ruwanweli Maha Seya,Ticket counter,1,0,1,0,-1.0,negative,1,REV011663_F001
Ruwanweli Maha Seya,Ticket or receipt,34,4,10,20,-0.176,neutral,22,REV011455_F001;REV011464_F001;REV011464_F002;REV011473_F001;REV011473_F002;REV011550_F002;REV011559_F008;REV011559_F010;REV011559_F011;REV011559_F012;REV011559_F013;REV011559_F015;REV011559_F016;REV011628_F001;REV011663_F001;REV011669_F004;REV011670_F001;REV011671_F004;REV011679_F004;REV011680_F001;REV011681_F004;REV011689_F004;REV011690_F001;REV011691_F004;REV011797_F001
Ruwanweli Maha Seya,Toilet,2,0,1,1,-0.5,neutral,2,REV011615_F003;REV011717_F001
Ruwanweli Maha Seya,Train service,10,0,1,9,-0.1,neutral,7,REV011669_F003;REV011669_F005;REV011678_F001;REV011679_F003;REV011679_F005;REV011688_F001;REV011689_F003;REV011689_F005;REV011698_F001;REV011862_F001
Ruwanweli Maha Seya,Tuk tuk service,25,5,3,17,0.08,neutral,13,REV011433_F001;REV011433_F002;REV011550_F001;REV011550_F002;REV011559_F001;REV011559_F004;REV011559_F006;REV011559_F007;REV011559_F011;REV011559_F014;REV011559_F015;REV011559_F016;REV011561_F001;REV011615_F002;REV011627_F001;REV011678_F002;REV011678_F003;REV011688_F002;REV011688_F003;REV011698_F002;REV011698_F003;REV011780_F002;REV011799_F002;REV011818_F001;REV011830_F001
Ruwanweli Maha Seya,Waste bins,1,0,0,1,0.0,neutral,1,REV011843_F001
Samadhi Statue,Accommodation,1,0,0,1,0.0,neutral,1,REV011956_F001
Samadhi Statue,Brochure,1,0,0,1,0.0,neutral,1,REV011996_F001
Samadhi Statue,Donation box,1,0,0,1,0.0,neutral,1,REV011939_F001
Samadhi Statue,Entrance fee,5,1,0,4,0.2,neutral,4,REV011933_F001;REV011939_F002;REV011939_F003;REV011942_F001;REV012032_F001
Samadhi Statue,Food stall,1,0,0,1,0.0,neutral,1,REV011982_F001
Samadhi Statue,Guide service,1,0,0,1,0.0,neutral,1,REV011961_F001
Samadhi Statue,Market stalls,1,0,0,1,0.0,neutral,1,REV011994_F001
Samadhi Statue,Multilingual information,2,0,0,2,0.0,neutral,2,REV011939_F002;REV012023_F001
Samadhi Statue,Parking,2,0,0,2,0.0,neutral,2,REV011964_F002;REV011967_F002
Samadhi Statue,Pathway,4,1,0,3,0.25,neutral,3,REV011982_F001;REV012018_F002;REV012024_F001;REV012024_F002
Samadhi Statue,Safety barrier,1,0,0,1,0.0,neutral,1,REV011967_F001
Samadhi Statue,Shade or shelter,5,1,0,4,0.2,neutral,5,REV011959_F001;REV011964_F001;REV012014_F001;REV012018_F001;REV012031_F001
Samadhi Statue,Shoe storage,2,0,0,2,0.0,neutral,2,REV011981_F001;REV012012_F001
Samadhi Statue,Shop,1,0,1,0,-1.0,negative,1,REV012027_F001
Samadhi Statue,Signage,3,0,0,3,0.0,neutral,2,REV011931_F001;REV011983_F001;REV011983_F002
Samadhi Statue,Ticket or receipt,2,0,1,1,-0.5,neutral,2,REV011939_F001;REV012008_F001
Samudra Parakrama,Accommodation,6,2,0,4,0.333,neutral,5,REV012044_F001;REV012047_F003;REV012047_F004;REV012048_F003;REV012050_F001;REV012055_F001
Samudra Parakrama,Boat service,4,1,0,3,0.25,neutral,2,REV012047_F001;REV012047_F003;REV012048_F001;REV012048_F003
Samudra Parakrama,Brochure,1,0,0,1,0.0,neutral,1,REV012056_F001
Samudra Parakrama,General facilities,1,1,0,0,1.0,positive,1,REV012056_F002
Samudra Parakrama,Guide service,2,1,0,1,0.5,positive,2,REV012040_F001;REV012042_F001
Samudra Parakrama,Life jacket,2,0,2,0,-1.0,negative,2,REV012047_F002;REV012048_F002
Samudra Parakrama,Parking,2,0,0,2,0.0,neutral,2,REV012047_F004;REV012050_F001
Samudra Parakrama,Ticket or receipt,1,0,1,0,-1.0,negative,1,REV012059_F001
Sea Turtle Conservation Project (Koggala),Accessibility ramp,3,1,1,1,0.0,positive,3,REV030884_F002;REV030965_F002;REV030992_F001
Sea Turtle Conservation Project (Koggala),Accommodation,7,0,0,7,0.0,neutral,7,REV030896_F001;REV030935_F001;REV030962_F002;REV030978_F001;REV030980_F001;REV030999_F001;REV031017_F002
Sea Turtle Conservation Project (Koggala),Donation box,19,7,3,9,0.211,neutral,18,REV030874_F001;REV030894_F002;REV030914_F002;REV030917_F001;REV030920_F001;REV030922_F001;REV030943_F001;REV030950_F001;REV030959_F001;REV030970_F001;REV030976_F001;REV030978_F003;REV030979_F001;REV030980_F003;REV030980_F004;REV031007_F002;REV031008_F001;REV031022_F001;REV031050_F001
Sea Turtle Conservation Project (Koggala),Entrance fee,52,15,9,28,0.115,neutral,49,REV030876_F001;REV030883_F001;REV030884_F001;REV030891_F001;REV030894_F001;REV030895_F001;REV030896_F002;REV030898_F002;REV030909_F002;REV030914_F001;REV030917_F001;REV030932_F001;REV030936_F001;REV030937_F001;REV030946_F001;REV030948_F001;REV030950_F002;REV030951_F001;REV030953_F001;REV030954_F001;REV030957_F001;REV030962_F003;REV030965_F001;REV030971_F001;REV030972_F003
Sea Turtle Conservation Project (Koggala),General facilities,6,2,0,4,0.333,neutral,5,REV030916_F001;REV030927_F001;REV031016_F002;REV031016_F004;REV031051_F001;REV031057_F001
Sea Turtle Conservation Project (Koggala),Guide service,26,10,3,13,0.269,neutral,23,REV030887_F001;REV030898_F001;REV030906_F001;REV030909_F001;REV030910_F001;REV030913_F001;REV030918_F001;REV030940_F001;REV030942_F001;REV030955_F001;REV030956_F001;REV030962_F001;REV030962_F003;REV030962_F004;REV030972_F001;REV030994_F002;REV030996_F002;REV030997_F001;REV030998_F001;REV030999_F002;REV031011_F001;REV031011_F002;REV031014_F001;REV031016_F001;REV031036_F001
Sea Turtle Conservation Project (Koggala),Multilingual information,1,1,0,0,1.0,positive,1,REV030906_F001
Sea Turtle Conservation Project (Koggala),Safety barrier,1,0,0,1,0.0,neutral,1,REV030994_F001
Sea Turtle Conservation Project (Koggala),Shade or shelter,1,1,0,0,1.0,positive,1,REV031039_F001
Sea Turtle Conservation Project (Koggala),Signage,1,0,0,1,0.0,neutral,1,REV030887_F002
Sea Turtle Conservation Project (Koggala),Souvenir shop,1,1,0,0,1.0,positive,1,REV030979_F001
Sea Turtle Conservation Project (Koggala),Steps or stairs,1,0,0,1,0.0,neutral,1,REV031000_F001
Sea Turtle Conservation Project (Koggala),Taxi service,1,1,0,0,1.0,positive,1,REV030905_F001
Sea Turtle Conservation Project (Koggala),Ticket or receipt,17,5,2,10,0.176,neutral,16,REV030882_F001;REV030929_F001;REV030942_F002;REV030951_F001;REV030974_F001;REV030984_F002;REV030984_F003;REV030986_F002;REV031007_F001;REV031008_F001;REV031013_F001;REV031019_F001;REV031026_F001;REV031031_F001;REV031034_F001;REV031035_F001;REV031053_F001
Sea Turtle Conservation Project (Koggala),Tuk tuk service,4,2,0,2,0.5,positive,4,REV030904_F001;REV030972_F002;REV030986_F001;REV031043_F001
Sea Turtle Farm Galle Mahamodara,Accommodation,4,0,1,3,-0.25,neutral,4,REV031224_F001;REV031240_F001;REV031501_F001;REV031530_F001
Sea Turtle Farm Galle Mahamodara,Cafe,1,0,0,1,0.0,neutral,1,REV031121_F002
Sea Turtle Farm Galle Mahamodara,Donation box,37,7,2,28,0.135,neutral,34,REV031063_F001;REV031105_F001;REV031148_F002;REV031165_F001;REV031173_F002;REV031187_F001;REV031224_F002;REV031228_F001;REV031241_F001;REV031262_F001;REV031266_F001;REV031276_F001;REV031298_F001;REV031306_F001;REV031324_F001;REV031339_F001;REV031350_F001;REV031356_F001;REV031356_F002;REV031356_F004;REV031357_F002;REV031379_F001;REV031384_F001;REV031386_F001;REV031388_F001
Sea Turtle Farm Galle Mahamodara,Entrance fee,52,12,2,38,0.192,neutral,44,REV031071_F003;REV031071_F005;REV031076_F001;REV031076_F002;REV031078_F001;REV031089_F001;REV031089_F002;REV031091_F001;REV031093_F001;REV031116_F001;REV031117_F001;REV031120_F001;REV031120_F004;REV031123_F001;REV031141_F001;REV031148_F003;REV031165_F001;REV031173_F001;REV031188_F002;REV031189_F002;REV031189_F003;REV031192_F001;REV031198_F001;REV031218_F001;REV031231_F001
Sea Turtle Farm Galle Mahamodara,General facilities,22,12,0,10,0.545,positive,20,REV031083_F001;REV031087_F001;REV031097_F002;REV031109_F001;REV031120_F002;REV031120_F003;REV031125_F001;REV031150_F001;REV031182_F001;REV031185_F002;REV031191_F001;REV031191_F002;REV031207_F001;REV031211_F001;REV031213_F001;REV031220_F001;REV031225_F001;REV031227_F001;REV031319_F001;REV031357_F001;REV031500_F001;REV031537_F001
Sea Turtle Farm Galle Mahamodara,Guide service,19,12,0,7,0.632,positive,15,REV031071_F001;REV031071_F002;REV031071_F006;REV031074_F001;REV031078_F001;REV031078_F002;REV031106_F001;REV031188_F001;REV031189_F001;REV031195_F001;REV031195_F002;REV031240_F001;REV031270_F001;REV031296_F001;REV031458_F001;REV031459_F002;REV031492_F001;REV031518_F001;REV031529_F001
Sea Turtle Farm Galle Mahamodara,Multilingual information,1,0,1,0,-1.0,negative,1,REV031367_F001
Sea Turtle Farm Galle Mahamodara,Parking,1,0,0,1,0.0,neutral,1,REV031203_F001
Sea Turtle Farm Galle Mahamodara,Restaurant,4,3,0,1,0.75,positive,4,REV031259_F001;REV031306_F002;REV031323_F001;REV031338_F001
Sea Turtle Farm Galle Mahamodara,Safety barrier,1,0,0,1,0.0,neutral,1,REV031117_F001
Sea Turtle Farm Galle Mahamodara,Security,4,0,0,4,0.0,neutral,4,REV031065_F001;REV031067_F001;REV031068_F001;REV031069_F001
Sea Turtle Farm Galle Mahamodara,Shade or shelter,4,1,0,3,0.25,neutral,4,REV031097_F001;REV031117_F001;REV031214_F001;REV031464_F001
Sea Turtle Farm Galle Mahamodara,Shop,1,0,0,1,0.0,neutral,1,REV031560_F001
Sea Turtle Farm Galle Mahamodara,Souvenir shop,1,1,0,0,1.0,positive,1,REV031171_F001
Sea Turtle Farm Galle Mahamodara,Steps or stairs,4,2,0,2,0.5,positive,4,REV031148_F001;REV031185_F001;REV031206_F001;REV031430_F001
Sea Turtle Farm Galle Mahamodara,Taxi service,1,1,0,0,1.0,positive,1,REV031084_F001
Sea Turtle Farm Galle Mahamodara,Ticket or receipt,16,3,1,12,0.125,neutral,12,REV031071_F001;REV031071_F004;REV031071_F005;REV031125_F002;REV031151_F001;REV031173_F001;REV031347_F001;REV031356_F003;REV031356_F004;REV031391_F001;REV031397_F001;REV031407_F001;REV031417_F001;REV031423_F001;REV031423_F002;REV031436_F001
Sea Turtle Farm Galle Mahamodara,Train service,2,1,0,1,0.5,positive,2,REV031142_F001;REV031234_F001
Sea Turtle Farm Galle Mahamodara,Tuk tuk service,10,1,1,8,0.0,neutral,9,REV031121_F001;REV031234_F002;REV031288_F001;REV031314_F001;REV031326_F001;REV031355_F001;REV031416_F001;REV031465_F001;REV031503_F001;REV031503_F002
Seema Malakaya Temple,Accessibility ramp,1,0,0,1,0.0,neutral,1,REV005810_F001
Seema Malakaya Temple,Accommodation,8,0,1,7,-0.125,neutral,8,REV005854_F002;REV005863_F001;REV005880_F001;REV005886_F001;REV006022_F001;REV006047_F001;REV006069_F001;REV006079_F001
Seema Malakaya Temple,Boardwalk,2,1,0,1,0.5,positive,2,REV005872_F003;REV005959_F002
Seema Malakaya Temple,Boat service,2,1,0,1,0.5,positive,2,REV005975_F001;REV006053_F002
Seema Malakaya Temple,Bridge,31,8,1,22,0.226,neutral,24,REV005769_F001;REV005777_F001;REV005787_F001;REV005787_F002;REV005795_F001;REV005823_F001;REV005823_F003;REV005823_F004;REV005853_F001;REV005893_F001;REV005900_F001;REV005901_F001;REV005901_F002;REV005923_F001;REV005935_F002;REV005941_F001;REV005959_F001;REV005959_F002;REV005975_F001;REV005981_F001;REV005981_F002;REV005982_F001;REV005999_F001;REV006001_F001;REV006002_F001
Seema Malakaya Temple,Brochure,1,0,1,0,-1.0,negative,1,REV006045_F001
Seema Malakaya Temple,Cafe,1,0,0,1,0.0,neutral,1,REV006083_F002
Seema Malakaya Temple,Donation box,16,0,5,11,-0.312,neutral,14,REV005821_F001;REV005843_F001;REV005872_F001;REV005872_F002;REV005969_F001;REV005990_F001;REV005990_F002;REV005993_F001;REV006006_F001;REV006013_F001;REV006039_F001;REV006046_F001;REV006050_F001;REV006053_F001;REV006063_F001;REV006070_F001
Seema Malakaya Temple,Entrance fee,68,15,10,43,0.074,neutral,62,REV005770_F001;REV005773_F001;REV005776_F001;REV005777_F002;REV005778_F001;REV005780_F001;REV005780_F002;REV005788_F001;REV005789_F001;REV005795_F002;REV005803_F001;REV005808_F001;REV005814_F001;REV005816_F001;REV005818_F001;REV005821_F001;REV005821_F002;REV005823_F002;REV005830_F001;REV005834_F001;REV005846_F001;REV005847_F001;REV005850_F001;REV005857_F001;REV005859_F001
Seema Malakaya Temple,Guide service,1,0,0,1,0.0,neutral,1,REV006006_F002
Seema Malakaya Temple,Lighting,2,0,0,2,0.0,neutral,1,REV005785_F001;REV005785_F002
Seema Malakaya Temple,Pathway,5,0,2,3,-0.4,neutral,5,REV005781_F001;REV005902_F001;REV005986_F001;REV006019_F001;REV006026_F001
Seema Malakaya Temple,Restaurant,1,0,0,1,0.0,neutral,1,REV005922_F001
Seema Malakaya Temple,Road access,1,0,0,1,0.0,neutral,1,REV005902_F001
Seema Malakaya Temple,Safety barrier,1,0,0,1,0.0,neutral,1,REV006001_F002
Seema Malakaya Temple,Seating,5,1,0,4,0.2,neutral,5,REV005899_F002;REV005970_F001;REV005985_F001;REV006037_F002;REV006062_F001
Seema Malakaya Temple,Security,3,2,1,0,0.333,positive,3,REV005770_F002;REV005878_F002;REV005974_F001
Seema Malakaya Temple,Shade or shelter,3,1,0,2,0.333,neutral,3,REV005894_F001;REV005900_F002;REV005997_F001
Seema Malakaya Temple,Shoe storage,6,0,0,6,0.0,neutral,6,REV005781_F001;REV005811_F001;REV005848_F001;REV005876_F001;REV005902_F002;REV005971_F001
Seema Malakaya Temple,Shop,4,1,1,2,0.0,neutral,4,REV005795_F002;REV005824_F001;REV005922_F001;REV006026_F002
Seema Malakaya Temple,Signage,2,0,1,1,-0.5,neutral,2,REV005825_F001;REV006045_F001
Seema Malakaya Temple,Steps or stairs,2,0,1,1,-0.5,neutral,2,REV005822_F001;REV005960_F001
Seema Malakaya Temple,Taxi service,4,2,0,2,0.5,positive,3,REV005823_F003;REV005823_F004;REV005873_F002;REV005983_F001
Seema Malakaya Temple,Ticket counter,1,0,0,1,0.0,neutral,1,REV005830_F002
Seema Malakaya Temple,Ticket or receipt,54,15,9,30,0.111,neutral,50,REV005773_F001;REV005787_F003;REV005789_F002;REV005796_F001;REV005809_F001;REV005809_F002;REV005810_F002;REV005812_F001;REV005815_F001;REV005818_F001;REV005820_F001;REV005823_F002;REV005826_F001;REV005830_F002;REV005831_F001;REV005832_F001;REV005838_F001;REV005849_F001;REV005854_F001;REV005855_F001;REV005856_F001;REV005859_F001;REV005860_F001;REV005867_F002;REV005872_F003
Seema Malakaya Temple,Toilet,1,0,1,0,-1.0,negative,1,REV005975_F002
Seema Malakaya Temple,Tuk tuk service,5,3,1,1,0.4,positive,5,REV005795_F002;REV005880_F001;REV006030_F001;REV006043_F001;REV006045_F001
Seenigama Muhudu Viharaya,Accommodation,5,1,1,3,0.0,neutral,5,REV044156_F001;REV044164_F001;REV044166_F001;REV044167_F001;REV044169_F002
Seenigama Muhudu Viharaya,Boat service,9,2,1,6,0.111,neutral,7,REV044144_F001;REV044144_F002;REV044148_F001;REV044149_F001;REV044150_F001;REV044155_F002;REV044155_F003;REV044158_F001;REV044175_F001
Seenigama Muhudu Viharaya,Brochure,2,0,0,2,0.0,neutral,1,REV044169_F001;REV044169_F002
Seenigama Muhudu Viharaya,Entrance fee,5,1,1,3,0.0,neutral,5,REV044141_F001;REV044155_F003;REV044160_F001;REV044171_F001;REV044175_F002
Seenigama Muhudu Viharaya,Lighting,1,0,1,0,-1.0,negative,1,REV044171_F002
Seenigama Muhudu Viharaya,Parking,1,0,0,1,0.0,neutral,1,REV044131_F001
Seenigama Muhudu Viharaya,Road access,1,0,0,1,0.0,neutral,1,REV044155_F001
Seenigama Muhudu Viharaya,Shoe storage,1,0,0,1,0.0,neutral,1,REV044133_F001
Seenigama Muhudu Viharaya,Steps or stairs,1,0,1,0,-1.0,negative,1,REV044143_F001
Seruwila Mangala Raja Maha Vihara,Accommodation,1,0,0,1,0.0,neutral,1,REV044186_F001
Seruwila Mangala Raja Maha Vihara,Drinking water,1,0,0,1,0.0,neutral,1,REV044210_F001
Seruwila Mangala Raja Maha Vihara,Parking,1,1,0,0,1.0,positive,1,REV044223_F001
Seruwila Mangala Raja Maha Vihara,Pathway,1,0,1,0,-1.0,negative,1,REV044195_F001
Seruwila Mangala Raja Maha Vihara,Restaurant,1,1,0,0,1.0,positive,1,REV044197_F001
Seruwila Mangala Raja Maha Vihara,Road access,2,0,0,2,0.0,neutral,2,REV044217_F001;REV044224_F001
Seruwila Mangala Raja Maha Vihara,Safety barrier,3,0,0,3,0.0,neutral,3,REV044212_F001;REV044213_F001;REV044222_F001
Seruwila Mangala Raja Maha Vihara,Security,1,0,0,1,0.0,neutral,1,REV044192_F001
Seruwila Mangala Raja Maha Vihara,Taxi service,1,0,0,1,0.0,neutral,1,REV044224_F002
Seruwila Mangala Raja Maha Vihara,Ticket or receipt,1,1,0,0,1.0,positive,1,REV044223_F001
Sigiriya Lion Rock,Accessibility ramp,2,0,0,2,0.0,neutral,2,REV012156_F001;REV012367_F001
Sigiriya Lion Rock,Accommodation,26,8,1,17,0.269,neutral,20,REV012085_F001;REV012110_F001;REV012116_F001;REV012116_F003;REV012193_F001;REV012202_F002;REV012203_F001;REV012208_F001;REV012229_F001;REV012230_F001;REV012253_F001;REV012267_F002;REV012293_F001;REV012317_F001;REV012330_F001;REV012368_F001;REV012377_F001;REV012453_F001;REV012460_F001;REV012460_F002;REV012460_F003;REV012460_F004;REV012460_F006;REV012460_F007;REV012505_F001
Sigiriya Lion Rock,Bridge,1,0,1,0,-1.0,negative,1,REV012338_F002
Sigiriya Lion Rock,Brochure,9,5,1,3,0.444,positive,9,REV012171_F002;REV012228_F002;REV012245_F001;REV012326_F002;REV012334_F001;REV012338_F005;REV012456_F002;REV012521_F003;REV012585_F002
Sigiriya Lion Rock,Cafe,1,0,1,0,-1.0,negative,1,REV012327_F001
Sigiriya Lion Rock,Donation box,1,0,1,0,-1.0,negative,1,REV012540_F001
Sigiriya Lion Rock,Drinking water,4,3,0,1,0.75,positive,4,REV012072_F003;REV012177_F001;REV012297_F004;REV012303_F001
Sigiriya Lion Rock,Entrance fee,88,16,26,46,-0.114,neutral,75,REV012075_F001;REV012080_F001;REV012082_F001;REV012091_F001;REV012103_F001;REV012110_F002;REV012128_F002;REV012136_F002;REV012142_F002;REV012143_F001;REV012143_F004;REV012149_F001;REV012158_F001;REV012162_F002;REV012168_F001;REV012179_F002;REV012189_F001;REV012208_F003;REV012234_F001;REV012235_F002;REV012248_F001;REV012249_F001;REV012253_F001;REV012262_F002;REV012262_F003
Sigiriya Lion Rock,Food stall,8,0,2,6,-0.25,neutral,7,REV012142_F003;REV012171_F004;REV012171_F007;REV012240_F003;REV012334_F002;REV012344_F001;REV012448_F002;REV012456_F003
Sigiriya Lion Rock,General facilities,6,2,1,3,0.167,neutral,6,REV012255_F001;REV012398_F002;REV012443_F002;REV012450_F003;REV012493_F002;REV012543_F002
Sigiriya Lion Rock,Guide service,43,19,4,20,0.349,neutral,41,REV012069_F001;REV012116_F002;REV012149_F002;REV012161_F001;REV012170_F001;REV012190_F001;REV012192_F002;REV012202_F001;REV012213_F002;REV012227_F001;REV012246_F001;REV012258_F004;REV012272_F001;REV012283_F002;REV012294_F001;REV012320_F001;REV012324_F001;REV012335_F001;REV012338_F002;REV012344_F002;REV012371_F001;REV012376_F001;REV012376_F002;REV012377_F001;REV012377_F004
Sigiriya Lion Rock,Handrail,6,0,2,4,-0.333,neutral,5,REV012301_F002;REV012416_F001;REV012420_F001;REV012492_F003;REV012492_F004;REV012544_F001
Sigiriya Lion Rock,Information board,1,1,0,0,1.0,positive,1,REV012317_F002
Sigiriya Lion Rock,Parking,14,5,3,6,0.143,neutral,12,REV012136_F004;REV012143_F002;REV012143_F004;REV012168_F002;REV012171_F005;REV012171_F007;REV012192_F002;REV012220_F002;REV012236_F002;REV012283_F005;REV012379_F002;REV012387_F003;REV012517_F001;REV012585_F001
Sigiriya Lion Rock,Pathway,5,1,3,1,-0.4,negative,5,REV012219_F001;REV012258_F003;REV012359_F001;REV012377_F002;REV012509_F001
Sigiriya Lion Rock,Rest area,2,1,0,1,0.5,positive,2,REV012346_F002;REV012374_F001
Sigiriya Lion Rock,Restaurant,2,1,0,1,0.5,positive,2,REV012453_F001;REV012546_F001
Sigiriya Lion Rock,Road access,3,2,0,1,0.667,positive,3,REV012233_F002;REV012359_F003;REV012402_F001
Sigiriya Lion Rock,Safety barrier,4,2,0,2,0.5,positive,4,REV012302_F001;REV012338_F004;REV012461_F003;REV012581_F003
Sigiriya Lion Rock,Seating,2,1,0,1,0.5,positive,2,REV012174_F002;REV012598_F003
Sigiriya Lion Rock,Security,10,5,2,3,0.3,positive,10,REV012066_F004;REV012135_F004;REV012158_F001;REV012234_F002;REV012263_F001;REV012367_F002;REV012419_F002;REV012453_F001;REV012562_F003;REV012589_F001
Sigiriya Lion Rock,Shade or shelter,12,2,3,7,-0.083,neutral,11,REV012135_F003;REV012182_F001;REV012305_F002;REV012391_F001;REV012426_F001;REV012534_F002;REV012555_F001;REV012564_F001;REV012569_F001;REV012574_F001;REV012575_F002;REV012575_F003
Sigiriya Lion Rock,Shop,4,1,1,2,0.0,neutral,4,REV012144_F001;REV012148_F001;REV012430_F001;REV012556_F003
Sigiriya Lion Rock,Shower,2,0,1,1,-0.5,neutral,2,REV012264_F003;REV012473_F001
Sigiriya Lion Rock,Signage,14,7,3,4,0.286,positive,13,REV012072_F002;REV012091_F001;REV012174_F003;REV012200_F002;REV012203_F003;REV012276_F001;REV012296_F001;REV012340_F002;REV012472_F001;REV012495_F005;REV012525_F005;REV012525_F006;REV012538_F003;REV012566_F003
Sigiriya Lion Rock,Souvenir shop,4,0,0,4,0.0,neutral,4,REV012110_F008;REV012171_F007;REV012179_F003;REV012213_F003
Sigiriya Lion Rock,Steps or stairs,284,64,81,139,-0.06,neutral,211,REV012062_F001;REV012066_F001;REV012066_F002;REV012066_F003;REV012066_F004;REV012072_F001;REV012073_F001;REV012073_F002;REV012074_F001;REV012076_F001;REV012082_F001;REV012094_F001;REV012095_F001;REV012095_F002;REV012097_F001;REV012098_F001;REV012103_F002;REV012107_F001;REV012110_F004;REV012110_F005;REV012110_F006;REV012110_F007;REV012115_F001;REV012121_F001;REV012121_F002
Sigiriya Lion Rock,Taxi service,3,2,0,1,0.667,positive,3,REV012158_F001;REV012478_F001;REV012533_F001
Sigiriya Lion Rock,Ticket counter,15,2,2,11,0.0,neutral,15,REV012133_F003;REV012192_F001;REV012215_F001;REV012222_F002;REV012235_F002;REV012324_F002;REV012326_F001;REV012334_F001;REV012389_F001;REV012412_F001;REV012456_F001;REV012492_F001;REV012493_F001;REV012521_F003;REV012531_F001
Sigiriya Lion Rock,Ticket or receipt,78,19,16,43,0.038,neutral,63,REV012084_F001;REV012099_F001;REV012110_F002;REV012110_F003;REV012111_F001;REV012111_F002;REV012125_F001;REV012125_F002;REV012131_F002;REV012133_F003;REV012136_F001;REV012136_F003;REV012148_F002;REV012171_F005;REV012174_F001;REV012177_F001;REV012179_F001;REV012180_F001;REV012189_F001;REV012192_F001;REV012195_F001;REV012215_F001;REV012221_F001;REV012222_F002;REV012230_F002
Sigiriya Lion Rock,Toilet,14,5,5,4,0.0,positive,12,REV012133_F001;REV012168_F002;REV012171_F005;REV012171_F006;REV012189_F002;REV012195_F001;REV012324_F003;REV012324_F004;REV012326_F001;REV012391_F003;REV012422_F004;REV012443_F003;REV012462_F002;REV012488_F002
Sigiriya Lion Rock,Tuk tuk service,5,2,0,3,0.4,neutral,5,REV012105_F001;REV012208_F002;REV012325_F001;REV012412_F001;REV012492_F001
Single Tree Hill,Accommodation,7,0,0,7,0.0,neutral,7,REV044229_F004;REV044230_F001;REV044263_F001;REV044267_F002;REV044269_F001;REV044272_F001;REV044282_F002
Single Tree Hill,Brochure,4,0,1,3,-0.25,neutral,4,REV044229_F001;REV044269_F002;REV044276_F001;REV044280_F003
Single Tree Hill,Clothing cover service,1,1,0,0,1.0,positive,1,REV044266_F001
Single Tree Hill,Guide service,1,0,0,1,0.0,neutral,1,REV044253_F001
Single Tree Hill,Parking,3,1,1,1,0.0,positive,3,REV044229_F002;REV044232_F001;REV044275_F002
Single Tree Hill,Pathway,1,0,0,1,0.0,neutral,1,REV044232_F002
Single Tree Hill,Public transport access,1,0,1,0,-1.0,negative,1,REV044276_F001
Single Tree Hill,Restaurant,1,0,0,1,0.0,neutral,1,REV044230_F001
Single Tree Hill,Road access,5,0,3,2,-0.6,negative,5,REV044239_F001;REV044263_F001;REV044265_F001;REV044275_F001;REV044284_F002
Single Tree Hill,Safety barrier,8,0,0,8,0.0,neutral,8,REV044229_F003;REV044231_F001;REV044238_F001;REV044263_F002;REV044265_F002;REV044267_F001;REV044272_F002;REV044279_F001
Single Tree Hill,Seating,1,0,0,1,0.0,neutral,1,REV044266_F002
Single Tree Hill,Security,1,0,1,0,-1.0,negative,1,REV044237_F001
Single Tree Hill,Signage,4,0,2,2,-0.5,neutral,3,REV044229_F001;REV044280_F001;REV044280_F002;REV044282_F001
Single Tree Hill,Steps or stairs,3,0,0,3,0.0,neutral,3,REV044263_F003;REV044266_F002;REV044269_F002
Single Tree Hill,Taxi service,3,1,0,2,0.333,neutral,3,REV044245_F001;REV044265_F001;REV044284_F001
Single Tree Hill,Tuk tuk service,5,3,0,2,0.6,positive,5,REV044236_F001;REV044248_F001;REV044255_F001;REV044270_F001;REV044287_F001
Single Tree Hill,View platform,2,0,0,2,0.0,neutral,1,REV044228_F001;REV044228_F002
Sinharaja Forest Reserve,Accommodation,116,30,12,74,0.155,neutral,79,REV035271_F002;REV035272_F001;REV035272_F003;REV035273_F001;REV035273_F002;REV035274_F001;REV035276_F002;REV035277_F002;REV035277_F003;REV035283_F001;REV035291_F001;REV035291_F002;REV035292_F001;REV035300_F001;REV035303_F002;REV035308_F001;REV035308_F002;REV035313_F001;REV035316_F001;REV035316_F002;REV035325_F001;REV035334_F001;REV035334_F003;REV035347_F001;REV035348_F001
Sinharaja Forest Reserve,Bike rental,1,1,0,0,1.0,positive,1,REV035680_F001
Sinharaja Forest Reserve,Bridge,13,1,3,9,-0.154,neutral,10,REV035276_F001;REV035409_F003;REV035494_F002;REV035507_F001;REV035528_F007;REV035564_F001;REV035587_F004;REV035587_F005;REV035650_F003;REV035650_F004;REV035650_F005;REV035688_F002;REV035699_F003
Sinharaja Forest Reserve,Brochure,5,2,2,1,0.0,positive,4,REV035320_F001;REV035320_F002;REV035380_F003;REV035492_F002;REV035528_F006
Sinharaja Forest Reserve,Cafe,3,1,1,1,0.0,positive,3,REV035349_F001;REV035492_F002;REV035576_F001
Sinharaja Forest Reserve,Donation box,1,0,0,1,0.0,neutral,1,REV035528_F005
Sinharaja Forest Reserve,Drinking water,1,1,0,0,1.0,positive,1,REV035496_F002
Sinharaja Forest Reserve,Entrance fee,67,19,9,39,0.149,neutral,45,REV035266_F001;REV035312_F002;REV035312_F003;REV035316_F003;REV035328_F002;REV035338_F001;REV035340_F002;REV035341_F001;REV035341_F002;REV035341_F004;REV035348_F002;REV035348_F003;REV035348_F004;REV035360_F003;REV035361_F002;REV035371_F001;REV035382_F001;REV035384_F001;REV035387_F002;REV035387_F003;REV035387_F004;REV035387_F007;REV035408_F001;REV035408_F002;REV035410_F001
Sinharaja Forest Reserve,Food stall,13,3,0,10,0.231,neutral,13,REV035283_F002;REV035286_F001;REV035342_F002;REV035348_F006;REV035360_F004;REV035379_F001;REV035382_F003;REV035400_F001;REV035488_F001;REV035492_F004;REV035493_F001;REV035531_F001;REV035676_F001
Sinharaja Forest Reserve,General facilities,3,2,1,0,0.333,positive,3,REV035362_F001;REV035460_F001;REV035492_F001
Sinharaja Forest Reserve,Guide service,112,51,8,53,0.384,neutral,99,REV035265_F001;REV035265_F002;REV035271_F001;REV035271_F002;REV035274_F001;REV035275_F001;REV035280_F001;REV035281_F001;REV035289_F001;REV035291_F002;REV035293_F001;REV035296_F001;REV035300_F001;REV035300_F002;REV035302_F001;REV035302_F002;REV035303_F001;REV035303_F002;REV035305_F001;REV035310_F002;REV035311_F001;REV035314_F001;REV035315_F001;REV035334_F002;REV035339_F001
Sinharaja Forest Reserve,Jeep service,3,1,1,1,0.0,positive,3,REV035529_F001;REV035668_F001;REV035694_F001
Sinharaja Forest Reserve,Parking,6,5,1,0,0.667,positive,6,REV035272_F002;REV035380_F001;REV035492_F002;REV035497_F002;REV035528_F004;REV035682_F001
Sinharaja Forest Reserve,Pathway,10,1,5,4,-0.4,negative,10,REV035310_F001;REV035360_F006;REV035381_F003;REV035543_F001;REV035570_F001;REV035574_F001;REV035622_F001;REV035626_F001;REV035683_F002;REV035686_F002
Sinharaja Forest Reserve,Public transport access,5,3,1,1,0.4,positive,3,REV035445_F001;REV035561_F001;REV035564_F003;REV035564_F004;REV035564_F005
Sinharaja Forest Reserve,Rest area,4,1,0,3,0.25,neutral,4,REV035520_F001;REV035528_F001;REV035560_F001;REV035623_F001
Sinharaja Forest Reserve,Restaurant,9,3,0,6,0.333,neutral,8,REV035267_F001;REV035273_F003;REV035348_F005;REV035368_F001;REV035501_F002;REV035587_F001;REV035606_F002;REV035606_F003;REV035650_F006
Sinharaja Forest Reserve,Road access,12,1,4,7,-0.25,neutral,11,REV035277_F001;REV035318_F001;REV035328_F001;REV035340_F003;REV035387_F006;REV035497_F001;REV035528_F007;REV035536_F003;REV035564_F002;REV035650_F001;REV035650_F002;REV035683_F001
Sinharaja Forest Reserve,Safety barrier,1,0,1,0,-1.0,negative,1,REV035309_F001
Sinharaja Forest Reserve,Seating,1,1,0,0,1.0,positive,1,REV035507_F001
Sinharaja Forest Reserve,Security,2,1,0,1,0.5,positive,2,REV035360_F001;REV035469_F001
Sinharaja Forest Reserve,Shade or shelter,17,2,3,12,-0.059,neutral,12,REV035269_F001;REV035327_F001;REV035334_F002;REV035399_F001;REV035415_F001;REV035419_F001;REV035477_F001;REV035528_F006;REV035564_F007;REV035564_F008;REV035564_F009;REV035564_F010;REV035564_F011;REV035564_F012;REV035572_F001;REV035609_F002;REV035621_F001
Sinharaja Forest Reserve,Shop,9,2,0,7,0.222,neutral,9,REV035312_F002;REV035382_F003;REV035398_F002;REV035423_F002;REV035456_F001;REV035460_F002;REV035482_F004;REV035493_F001;REV035684_F001
Sinharaja Forest Reserve,Shower,3,2,0,1,0.667,positive,3,REV035287_F001;REV035549_F001;REV035563_F001
Sinharaja Forest Reserve,Signage,2,0,2,0,-1.0,negative,2,REV035492_F002;REV035700_F001
Sinharaja Forest Reserve,Snorkelling equipment rental,2,0,0,2,0.0,neutral,1,REV035550_F001;REV035550_F003
Sinharaja Forest Reserve,Souvenir shop,1,0,0,1,0.0,neutral,1,REV035491_F001
Sinharaja Forest Reserve,Steps or stairs,3,0,1,2,-0.333,neutral,3,REV035334_F002;REV035610_F001;REV035644_F004
Sinharaja Forest Reserve,Taxi service,6,2,0,4,0.333,neutral,4,REV035387_F001;REV035474_F001;REV035617_F001;REV035669_F001;REV035669_F002;REV035669_F004
Sinharaja Forest Reserve,Ticket counter,13,3,1,9,0.154,neutral,9,REV035312_F001;REV035312_F002;REV035328_F002;REV035342_F001;REV035388_F001;REV035409_F001;REV035514_F001;REV035528_F004;REV035528_F005;REV035528_F007;REV035528_F008;REV035574_F001;REV035576_F001
Sinharaja Forest Reserve,Ticket or receipt,30,5,2,23,0.1,neutral,22,REV035312_F001;REV035312_F002;REV035328_F002;REV035341_F003;REV035342_F001;REV035360_F005;REV035361_F003;REV035361_F004;REV035388_F001;REV035398_F001;REV035408_F002;REV035408_F004;REV035408_F005;REV035409_F001;REV035428_F001;REV035501_F001;REV035508_F001;REV035512_F001;REV035514_F001;REV035528_F004;REV035528_F005;REV035528_F007;REV035528_F008;REV035533_F002;REV035536_F002
Sinharaja Forest Reserve,Toilet,10,3,4,3,-0.1,negative,9,REV035272_F002;REV035287_F001;REV035382_F004;REV035492_F002;REV035516_F002;REV035528_F006;REV035606_F004;REV035606_F005;REV035650_F005;REV035651_F006
Sinharaja Forest Reserve,Towel service,2,1,0,1,0.5,positive,2,REV035606_F004;REV035674_F003
Sinharaja Forest Reserve,Tuk tuk service,31,7,2,22,0.161,neutral,25,REV035274_F001;REV035283_F001;REV035350_F001;REV035360_F002;REV035361_F001;REV035426_F001;REV035426_F002;REV035439_F001;REV035480_F003;REV035482_F003;REV035512_F001;REV035512_F002;REV035513_F002;REV035576_F001;REV035587_F001;REV035611_F001;REV035620_F001;REV035631_F001;REV035631_F005;REV035635_F002;REV035637_F003;REV035637_F004;REV035650_F001;REV035651_F002;REV035662_F002
Sinharaja Forest Reserve,Visitor centre,2,0,1,1,-0.5,neutral,1,REV035651_F004;REV035651_F007
Sithulpawwa Rock Temple,Accessibility ramp,1,0,0,1,0.0,neutral,1,REV044342_F001
Sithulpawwa Rock Temple,Accommodation,6,2,0,4,0.333,neutral,5,REV044303_F001;REV044305_F002;REV044319_F001;REV044334_F001;REV044371_F003;REV044371_F004
Sithulpawwa Rock Temple,Clothing cover service,1,0,0,1,0.0,neutral,1,REV044329_F001
Sithulpawwa Rock Temple,Donation box,3,2,0,1,0.667,positive,3,REV044305_F010;REV044343_F001;REV044371_F003
Sithulpawwa Rock Temple,Entrance fee,3,2,1,0,0.333,positive,3,REV044296_F003;REV044305_F013;REV044372_F002
Sithulpawwa Rock Temple,Food stall,1,1,0,0,1.0,positive,1,REV044310_F001
Sithulpawwa Rock Temple,General facilities,1,1,0,0,1.0,positive,1,REV044313_F001
Sithulpawwa Rock Temple,Guide service,2,1,0,1,0.5,positive,2,REV044292_F003;REV044319_F001
Sithulpawwa Rock Temple,Handrail,2,0,1,1,-0.5,neutral,2,REV044292_F002;REV044305_F008
Sithulpawwa Rock Temple,Parking,8,1,1,6,0.0,neutral,6,REV044293_F001;REV044296_F001;REV044305_F004;REV044305_F005;REV044305_F006;REV044320_F002;REV044374_F001;REV044375_F002
Sithulpawwa Rock Temple,Public transport access,1,0,1,0,-1.0,negative,1,REV044300_F002
Sithulpawwa Rock Temple,Road access,11,5,3,3,0.182,positive,11,REV044289_F001;REV044298_F001;REV044302_F001;REV044305_F003;REV044320_F001;REV044324_F001;REV044328_F001;REV044368_F001;REV044370_F001;REV044374_F002;REV044379_F001
Sithulpawwa Rock Temple,Safety barrier,1,0,0,1,0.0,neutral,1,REV044305_F011
Sithulpawwa Rock Temple,Seating,1,0,0,1,0.0,neutral,1,REV044371_F002
Sithulpawwa Rock Temple,Security,1,0,0,1,0.0,neutral,1,REV044305_F001
Sithulpawwa Rock Temple,Shade or shelter,1,0,0,1,0.0,neutral,1,REV044357_F001
Sithulpawwa Rock Temple,Shoe storage,3,0,2,1,-0.667,negative,3,REV044305_F012;REV044316_F001;REV044362_F001
Sithulpawwa Rock Temple,Shop,2,0,0,2,0.0,neutral,2,REV044305_F005;REV044375_F001
Sithulpawwa Rock Temple,Signage,1,0,0,1,0.0,neutral,1,REV044323_F001
Sithulpawwa Rock Temple,Steps or stairs,13,2,3,8,-0.077,neutral,9,REV044292_F001;REV044292_F002;REV044292_F003;REV044294_F001;REV044297_F001;REV044305_F007;REV044305_F009;REV044305_F010;REV044331_F001;REV044335_F001;REV044343_F001;REV044362_F001;REV044371_F001
Sithulpawwa Rock Temple,Toilet,3,2,0,1,0.667,positive,2,REV044296_F002;REV044296_F004;REV044320_F003
Sithulpawwa Rock Temple,Tuk tuk service,3,0,0,3,0.0,neutral,3,REV044300_F001;REV044303_F002;REV044372_F001
Somawathiya Chaitya,Accommodation,2,1,0,1,0.5,positive,2,REV012618_F001;REV012673_F001
Somawathiya Chaitya,Brochure,2,0,0,2,0.0,neutral,2,REV012616_F001;REV012635_F001
Somawathiya Chaitya,Donation box,1,0,1,0,-1.0,negative,1,REV012636_F001
Somawathiya Chaitya,Drinking water,1,0,0,1,0.0,neutral,1,REV012630_F001
Somawathiya Chaitya,Food stall,1,0,0,1,0.0,neutral,1,REV012630_F001
Somawathiya Chaitya,General facilities,2,0,0,2,0.0,neutral,2,REV012637_F001;REV012643_F001
Somawathiya Chaitya,Guide service,1,0,0,1,0.0,neutral,1,REV012655_F001
Somawathiya Chaitya,Parking,2,0,1,1,-0.5,neutral,2,REV012624_F003;REV012653_F002
Somawathiya Chaitya,Road access,9,2,2,5,0.0,neutral,8,REV012606_F001;REV012609_F001;REV012624_F001;REV012624_F002;REV012629_F001;REV012644_F001;REV012658_F001;REV012671_F001;REV012683_F001
Somawathiya Chaitya,Safety barrier,3,0,0,3,0.0,neutral,2,REV012647_F001;REV012647_F002;REV012653_F001
Somawathiya Chaitya,Security,2,0,0,2,0.0,neutral,2,REV012623_F001;REV012682_F001
Somawathiya Chaitya,Shop,1,0,0,1,0.0,neutral,1,REV012624_F003
Somawathiya Chaitya,Signage,1,0,0,1,0.0,neutral,1,REV012622_F001
Somawathiya Chaitya,Ticket or receipt,2,0,0,2,0.0,neutral,2,REV012624_F003;REV012642_F001
Sri Pada / Adam's Peak,Accessibility ramp,1,0,0,1,0.0,neutral,1,REV013455_F001
Sri Pada / Adam's Peak,Accommodation,108,17,11,80,0.056,neutral,84,REV013172_F002;REV013177_F001;REV013180_F002;REV013186_F001;REV013200_F001;REV013202_F001;REV013207_F001;REV013217_F001;REV013227_F001;REV013237_F001;REV013247_F001;REV013257_F001;REV013265_F003;REV013267_F003;REV013269_F001;REV013269_F002;REV013271_F001;REV013276_F002;REV013277_F002;REV013278_F001;REV013285_F001;REV013292_F001;REV013302_F001;REV013303_F001;REV013316_F001
Sri Pada / Adam's Peak,Bridge,2,0,1,1,-0.5,neutral,2,REV013277_F003;REV013339_F002
Sri Pada / Adam's Peak,Brochure,8,2,3,3,-0.125,neutral,6,REV013284_F001;REV013284_F002;REV013409_F002;REV013466_F003;REV013484_F001;REV013545_F001;REV013545_F002;REV013640_F001
Sri Pada / Adam's Peak,Cafe,26,4,10,12,-0.231,neutral,26,REV013180_F005;REV013182_F001;REV013221_F001;REV013231_F001;REV013241_F001;REV013251_F001;REV013261_F001;REV013333_F002;REV013350_F001;REV013352_F002;REV013374_F006;REV013375_F001;REV013382_F002;REV013400_F001;REV013406_F001;REV013445_F001;REV013454_F002;REV013472_F002;REV013479_F001;REV013487_F001;REV013574_F002;REV013583_F002;REV013625_F002;REV013633_F002;REV013638_F001
Sri Pada / Adam's Peak,Clothing cover service,2,0,1,1,-0.5,neutral,2,REV013291_F002;REV013382_F003
Sri Pada / Adam's Peak,Donation box,47,7,18,22,-0.234,neutral,23,REV013207_F005;REV013265_F002;REV013305_F001;REV013305_F002;REV013305_F003;REV013305_F004;REV013305_F005;REV013305_F006;REV013305_F007;REV013307_F001;REV013307_F002;REV013307_F003;REV013307_F004;REV013307_F005;REV013307_F006;REV013339_F003;REV013343_F002;REV013373_F004;REV013404_F002;REV013421_F001;REV013465_F001;REV013510_F001;REV013510_F005;REV013524_F002;REV013528_F003
Sri Pada / Adam's Peak,Drinking water,1,1,0,0,1.0,positive,1,REV013441_F003
Sri Pada / Adam's Peak,Entrance fee,33,9,10,14,-0.03,neutral,26,REV013180_F008;REV013182_F002;REV013295_F001;REV013295_F002;REV013300_F003;REV013307_F003;REV013329_F002;REV013339_F003;REV013374_F001;REV013396_F002;REV013396_F004;REV013404_F002;REV013406_F001;REV013419_F003;REV013450_F002;REV013453_F003;REV013462_F002;REV013462_F003;REV013493_F003;REV013529_F002;REV013529_F004;REV013535_F001;REV013535_F003;REV013545_F006;REV013554_F002
Sri Pada / Adam's Peak,First aid,2,1,0,1,0.5,positive,2,REV013199_F005;REV013445_F002
Sri Pada / Adam's Peak,Food stall,51,17,4,30,0.255,neutral,48,REV013169_F001;REV013181_F003;REV013182_F001;REV013194_F001;REV013199_F005;REV013201_F002;REV013205_F002;REV013275_F003;REV013286_F002;REV013333_F002;REV013335_F002;REV013336_F003;REV013337_F001;REV013343_F002;REV013350_F001;REV013361_F002;REV013364_F003;REV013369_F001;REV013374_F001;REV013402_F001;REV013404_F001;REV013409_F003;REV013410_F003;REV013414_F001;REV013433_F001
Sri Pada / Adam's Peak,General facilities,3,1,2,0,-0.333,negative,3,REV013164_F001;REV013280_F002;REV013567_F002
Sri Pada / Adam's Peak,Guide service,10,2,2,6,0.0,neutral,9,REV013160_F001;REV013160_F002;REV013197_F008;REV013438_F004;REV013456_F003;REV013478_F004;REV013583_F001;REV013595_F001;REV013617_F003;REV013622_F001
Sri Pada / Adam's Peak,Handrail,12,3,0,9,0.25,neutral,12,REV013197_F003;REV013219_F001;REV013229_F001;REV013239_F001;REV013249_F001;REV013259_F001;REV013358_F001;REV013364_F002;REV013427_F003;REV013488_F002;REV013549_F003;REV013633_F004
Sri Pada / Adam's Peak,Lighting,8,0,6,2,-0.75,negative,8,REV013201_F004;REV013266_F002;REV013289_F001;REV013418_F002;REV013513_F002;REV013523_F001;REV013545_F002;REV013607_F002
Sri Pada / Adam's Peak,Market stalls,1,1,0,0,1.0,positive,1,REV013480_F001
Sri Pada / Adam's Peak,Multilingual information,1,0,1,0,-1.0,negative,1,REV013315_F001
Sri Pada / Adam's Peak,Parking,3,1,0,2,0.333,neutral,3,REV013275_F002;REV013315_F003;REV013438_F001
Sri Pada / Adam's Peak,Pathway,26,1,12,13,-0.423,neutral,10,REV013217_F002;REV013217_F003;REV013217_F004;REV013217_F007;REV013227_F002;REV013227_F003;REV013227_F004;REV013227_F007;REV013237_F002;REV013237_F003;REV013237_F004;REV013237_F007;REV013247_F002;REV013247_F003;REV013247_F004;REV013247_F007;REV013257_F002;REV013257_F003;REV013257_F004;REV013257_F007;REV013292_F001;REV013305_F006;REV013484_F001;REV013484_F002;REV013607_F001
Sri Pada / Adam's Peak,Public transport access,7,0,1,6,-0.143,neutral,7,REV013223_F001;REV013233_F001;REV013243_F001;REV013253_F001;REV013263_F001;REV013295_F001;REV013339_F002
Sri Pada / Adam's Peak,Rest area,1,1,0,0,1.0,positive,1,REV013597_F001
Sri Pada / Adam's Peak,Restaurant,8,4,1,3,0.375,positive,8,REV013200_F001;REV013374_F006;REV013466_F001;REV013482_F001;REV013510_F004;REV013511_F002;REV013630_F004;REV013641_F004
Sri Pada / Adam's Peak,Road access,5,0,2,3,-0.4,neutral,5,REV013318_F001;REV013339_F002;REV013426_F002;REV013438_F001;REV013575_F001
Sri Pada / Adam's Peak,Safety barrier,16,6,4,6,0.125,positive,16,REV013156_F002;REV013205_F002;REV013207_F004;REV013218_F002;REV013228_F002;REV013238_F002;REV013248_F002;REV013258_F002;REV013265_F001;REV013267_F001;REV013339_F004;REV013346_F002;REV013356_F001;REV013510_F002;REV013512_F004;REV013586_F003
Sri Pada / Adam's Peak,Seating,3,0,1,2,-0.333,neutral,3,REV013197_F001;REV013265_F007;REV013507_F001
Sri Pada / Adam's Peak,Security,6,1,1,4,0.0,neutral,5,REV013183_F004;REV013199_F003;REV013199_F004;REV013317_F003;REV013455_F002;REV013512_F007
Sri Pada / Adam's Peak,Shade or shelter,9,1,2,6,-0.111,neutral,8,REV013172_F001;REV013180_F005;REV013316_F006;REV013430_F002;REV013453_F004;REV013538_F002;REV013538_F003;REV013545_F005;REV013567_F001
Sri Pada / Adam's Peak,Shoe storage,13,0,2,11,-0.154,neutral,13,REV013180_F004;REV013205_F002;REV013430_F001;REV013435_F002;REV013467_F004;REV013474_F002;REV013556_F001;REV013574_F004;REV013599_F007;REV013600_F007;REV013623_F003;REV013633_F009;REV013634_F001
Sri Pada / Adam's Peak,Shop,97,21,27,49,-0.062,neutral,86,REV013166_F003;REV013179_F002;REV013190_F001;REV013193_F001;REV013197_F002;REV013199_F005;REV013199_F007;REV013199_F008;REV013199_F010;REV013205_F002;REV013207_F002;REV013217_F005;REV013220_F001;REV013227_F005;REV013230_F001;REV013237_F005;REV013240_F001;REV013247_F005;REV013250_F001;REV013257_F005;REV013260_F001;REV013265_F001;REV013265_F007;REV013265_F008;REV013266_F003
Sri Pada / Adam's Peak,Shower,7,1,0,6,0.143,neutral,6,REV013190_F003;REV013197_F004;REV013197_F010;REV013382_F004;REV013397_F002;REV013429_F001;REV013633_F005
Sri Pada / Adam's Peak,Signage,10,1,4,5,-0.3,neutral,9,REV013197_F007;REV013280_F001;REV013300_F004;REV013319_F001;REV013373_F003;REV013380_F001;REV013501_F004;REV013556_F002;REV013577_F001;REV013577_F002
Sri Pada / Adam's Peak,Steps or stairs,349,69,119,161,-0.143,neutral,228,REV013155_F001;REV013156_F001;REV013156_F003;REV013160_F002;REV013165_F001;REV013166_F001;REV013166_F002;REV013175_F001;REV013176_F001;REV013179_F001;REV013180_F001;REV013180_F003;REV013180_F005;REV013180_F006;REV013181_F001;REV013181_F005;REV013183_F001;REV013183_F002;REV013183_F003;REV013183_F005;REV013186_F002;REV013190_F002;REV013191_F001;REV013192_F002;REV013197_F003
Sri Pada / Adam's Peak,Taxi service,6,1,2,3,-0.167,neutral,4,REV013265_F006;REV013265_F010;REV013265_F011;REV013421_F002;REV013537_F001;REV013574_F007
Sri Pada / Adam's Peak,Ticket counter,1,0,1,0,-1.0,negative,1,REV013305_F003
Sri Pada / Adam's Peak,Ticket or receipt,2,0,1,1,-0.5,neutral,2,REV013305_F003;REV013535_F001
Sri Pada / Adam's Peak,Toilet,55,16,9,30,0.127,neutral,47,REV013180_F009;REV013181_F004;REV013182_F002;REV013184_F001;REV013192_F001;REV013197_F004;REV013197_F006;REV013199_F006;REV013199_F008;REV013201_F003;REV013205_F002;REV013217_F006;REV013227_F006;REV013237_F006;REV013247_F006;REV013257_F006;REV013265_F001;REV013265_F004;REV013265_F007;REV013265_F008;REV013265_F009;REV013269_F003;REV013300_F003;REV013337_F001;REV013343_F002
Sri Pada / Adam's Peak,Tuk tuk service,15,4,1,10,0.2,neutral,9,REV013295_F001;REV013295_F002;REV013392_F002;REV013396_F002;REV013396_F003;REV013396_F004;REV013396_F005;REV013428_F001;REV013434_F001;REV013493_F002;REV013493_F003;REV013550_F001;REV013550_F003;REV013574_F007;REV013653_F002
Sri Pada / Adam's Peak,View platform,4,1,0,3,0.25,neutral,4,REV013180_F007;REV013181_F002;REV013507_F003;REV013642_F003
Sri Pada / Adam's Peak,Waste bins,1,1,0,0,1.0,positive,1,REV013618_F003
St Benedict's Monastery - Adisham,Accommodation,14,1,1,12,0.0,neutral,12,REV022351_F002;REV022351_F003;REV022396_F001;REV022406_F001;REV022421_F001;REV022421_F005;REV022457_F001;REV022465_F001;REV022478_F001;REV022506_F003;REV022513_F002;REV022516_F001;REV022526_F001;REV022552_F001
St Benedict's Monastery - Adisham,Bridge,1,1,0,0,1.0,positive,1,REV022455_F001
St Benedict's Monastery - Adisham,Brochure,1,0,0,1,0.0,neutral,1,REV022555_F001
St Benedict's Monastery - Adisham,Cafe,5,2,0,3,0.4,neutral,5,REV022409_F001;REV022490_F002;REV022502_F004;REV022528_F001;REV022537_F001
St Benedict's Monastery - Adisham,Entrance fee,29,9,3,17,0.207,neutral,29,REV022359_F001;REV022367_F001;REV022368_F001;REV022379_F001;REV022381_F001;REV022382_F001;REV022383_F001;REV022385_F001;REV022394_F001;REV022396_F002;REV022397_F001;REV022399_F001;REV022401_F001;REV022407_F001;REV022420_F001;REV022421_F002;REV022422_F001;REV022434_F001;REV022440_F002;REV022445_F001;REV022454_F001;REV022476_F001;REV022496_F001;REV022497_F004;REV022502_F002
St Benedict's Monastery - Adisham,Food stall,5,1,0,4,0.2,neutral,4,REV022347_F001;REV022411_F001;REV022534_F001;REV022556_F001;REV022556_F002
St Benedict's Monastery - Adisham,General facilities,1,0,1,0,-1.0,negative,1,REV022517_F001
St Benedict's Monastery - Adisham,Guide service,2,1,1,0,0.0,positive,2,REV022344_F001;REV022491_F001
St Benedict's Monastery - Adisham,Information board,1,0,0,1,0.0,neutral,1,REV022369_F001
St Benedict's Monastery - Adisham,Multilingual information,4,2,0,2,0.5,positive,3,REV022474_F002;REV022493_F001;REV022546_F001;REV022546_F002
St Benedict's Monastery - Adisham,Parking,4,0,1,3,-0.25,neutral,4,REV022346_F003;REV022408_F001;REV022489_F001;REV022497_F002
St Benedict's Monastery - Adisham,Pathway,1,0,1,0,-1.0,negative,1,REV022470_F001
St Benedict's Monastery - Adisham,Public transport access,1,0,1,0,-1.0,negative,1,REV022491_F001
St Benedict's Monastery - Adisham,Restaurant,3,0,0,3,0.0,neutral,3,REV022369_F002;REV022402_F002;REV022475_F001
St Benedict's Monastery - Adisham,Road access,11,1,2,8,-0.091,neutral,10,REV022346_F003;REV022378_F001;REV022397_F002;REV022440_F001;REV022442_F001;REV022474_F001;REV022490_F001;REV022490_F003;REV022497_F001;REV022503_F001;REV022551_F001
St Benedict's Monastery - Adisham,Safety barrier,1,1,0,0,1.0,positive,1,REV022418_F002
St Benedict's Monastery - Adisham,Seating,2,1,1,0,0.0,positive,2,REV022362_F001;REV022370_F001
St Benedict's Monastery - Adisham,Security,6,1,2,3,-0.167,neutral,5,REV022383_F003;REV022421_F003;REV022432_F001;REV022441_F004;REV022469_F001;REV022469_F002
St Benedict's Monastery - Adisham,Shade or shelter,1,0,0,1,0.0,neutral,1,REV022374_F003
St Benedict's Monastery - Adisham,Shop,32,13,1,18,0.375,neutral,32,REV022346_F001;REV022351_F003;REV022353_F001;REV022355_F001;REV022365_F001;REV022376_F001;REV022381_F003;REV022383_F002;REV022394_F002;REV022399_F002;REV022400_F001;REV022417_F001;REV022421_F004;REV022423_F001;REV022435_F001;REV022441_F004;REV022445_F002;REV022451_F002;REV022457_F001;REV022458_F001;REV022472_F001;REV022482_F002;REV022487_F001;REV022495_F001;REV022497_F003
St Benedict's Monastery - Adisham,Signage,2,0,1,1,-0.5,neutral,2,REV022483_F001;REV022491_F001
St Benedict's Monastery - Adisham,Souvenir shop,4,1,0,3,0.25,neutral,4,REV022379_F001;REV022403_F001;REV022436_F001;REV022493_F002
St Benedict's Monastery - Adisham,Steps or stairs,1,1,0,0,1.0,positive,1,REV022381_F002
St Benedict's Monastery - Adisham,Taxi service,2,1,0,1,0.5,positive,2,REV022491_F002;REV022496_F001
St Benedict's Monastery - Adisham,Ticket or receipt,13,1,0,12,0.077,neutral,12,REV022351_F001;REV022363_F001;REV022370_F002;REV022394_F001;REV022402_F001;REV022429_F001;REV022440_F002;REV022441_F001;REV022441_F002;REV022454_F001;REV022460_F001;REV022462_F001;REV022468_F001
St Benedict's Monastery - Adisham,Toilet,9,3,1,5,0.222,neutral,7,REV022345_F001;REV022346_F002;REV022358_F001;REV022374_F001;REV022374_F002;REV022441_F003;REV022472_F001;REV022502_F003;REV022502_F004
St Benedict's Monastery - Adisham,Tuk tuk service,12,4,1,7,0.25,neutral,11,REV022378_F002;REV022418_F001;REV022420_F002;REV022422_F001;REV022422_F002;REV022423_F002;REV022451_F001;REV022482_F001;REV022491_F002;REV022502_F001;REV022505_F001;REV022559_F001
St Clair's Falls,Accommodation,5,1,0,4,0.2,neutral,4,REV022630_F001;REV022668_F001;REV022669_F002;REV022786_F001;REV022786_F002
St Clair's Falls,Cafe,8,1,0,7,0.125,neutral,6,REV022617_F001;REV022636_F002;REV022638_F001;REV022645_F001;REV022657_F001;REV022741_F001;REV022741_F003;REV022741_F004
St Clair's Falls,Entrance fee,2,2,0,0,1.0,positive,2,REV022668_F002;REV022791_F002
St Clair's Falls,Food stall,4,1,0,3,0.25,neutral,4,REV022598_F002;REV022605_F001;REV022745_F001;REV022747_F001
St Clair's Falls,General facilities,1,0,1,0,-1.0,negative,1,REV022629_F001
St Clair's Falls,Guide service,1,0,0,1,0.0,neutral,1,REV022687_F001
St Clair's Falls,Parking,8,5,0,3,0.625,positive,8,REV022606_F001;REV022607_F001;REV022619_F001;REV022654_F001;REV022655_F001;REV022657_F002;REV022693_F001;REV022698_F001
St Clair's Falls,Pathway,2,0,0,2,0.0,neutral,2,REV022577_F002;REV022616_F001
St Clair's Falls,Public transport access,4,1,0,3,0.25,neutral,2,REV022660_F001;REV022669_F001;REV022669_F002;REV022669_F003
St Clair's Falls,Rest area,1,1,0,0,1.0,positive,1,REV022680_F001
St Clair's Falls,Restaurant,16,5,1,10,0.25,neutral,15,REV022578_F002;REV022591_F001;REV022605_F001;REV022609_F001;REV022610_F001;REV022610_F002;REV022632_F001;REV022680_F002;REV022710_F001;REV022734_F001;REV022758_F001;REV022760_F001;REV022761_F001;REV022798_F001;REV022799_F001;REV022806_F001
St Clair's Falls,Road access,1,0,0,1,0.0,neutral,1,REV022657_F001
St Clair's Falls,Security,2,1,0,1,0.5,positive,2,REV022663_F001;REV022751_F001
St Clair's Falls,Shop,6,1,0,5,0.167,neutral,5,REV022617_F001;REV022636_F002;REV022645_F001;REV022657_F001;REV022741_F001;REV022741_F003
St Clair's Falls,Shower,1,0,0,1,0.0,neutral,1,REV022754_F001
St Clair's Falls,Signage,1,0,0,1,0.0,neutral,1,REV022601_F001
St Clair's Falls,Souvenir shop,2,0,0,2,0.0,neutral,2,REV022632_F001;REV022696_F001
St Clair's Falls,Steps or stairs,12,2,1,9,0.083,neutral,12,REV022566_F001;REV022580_F001;REV022598_F001;REV022601_F002;REV022604_F001;REV022636_F001;REV022674_F001;REV022699_F001;REV022751_F001;REV022761_F001;REV022763_F001;REV022803_F001
St Clair's Falls,Taxi service,2,1,0,1,0.5,positive,2,REV022770_F001;REV022772_F001
St Clair's Falls,Toilet,1,0,0,1,0.0,neutral,1,REV022577_F001
St Clair's Falls,Train service,3,0,0,3,0.0,neutral,3,REV022663_F001;REV022738_F001;REV022780_F001
St Clair's Falls,Tuk tuk service,3,1,0,2,0.333,neutral,2,REV022658_F001;REV022791_F001;REV022791_F002
St Clair's Falls,View platform,15,3,1,11,0.133,neutral,14,REV022572_F001;REV022578_F001;REV022578_F002;REV022581_F001;REV022584_F001;REV022596_F001;REV022603_F001;REV022638_F001;REV022688_F001;REV022741_F002;REV022745_F001;REV022763_F001;REV022771_F001;REV022778_F001;REV022787_F001
St Lucia's Cathedral,Lighting,1,0,0,1,0.0,neutral,1,REV006094_F001
St Lucia's Cathedral,Parking,7,4,0,3,0.571,positive,6,REV006088_F001;REV006101_F001;REV006101_F003;REV006108_F001;REV006110_F001;REV006114_F001;REV006121_F001
St Lucia's Cathedral,Seating,2,0,2,0,-1.0,negative,2,REV006101_F004;REV006102_F001
St Lucia's Cathedral,Security,4,0,0,4,0.0,neutral,3,REV006090_F001;REV006090_F002;REV006101_F001;REV006110_F001
St Lucia's Cathedral,Steps or stairs,2,0,0,2,0.0,neutral,2,REV006101_F002;REV006119_F001
St Lucia's Cathedral,Tuk tuk service,2,0,0,2,0.0,neutral,1,REV006126_F001;REV006126_F002
St. Mary's Church,Accommodation,6,2,0,4,0.333,neutral,6,REV006150_F001;REV006172_F001;REV006271_F001;REV006286_F001;REV006293_F001;REV006382_F001
St. Mary's Church,Clothing cover service,1,1,0,0,1.0,positive,1,REV006165_F001
St. Mary's Church,Donation box,5,1,1,3,0.0,neutral,5,REV006186_F001;REV006239_F001;REV006244_F001;REV006327_F001;REV006385_F001
St. Mary's Church,Entrance fee,4,2,1,1,0.25,positive,4,REV006130_F001;REV006185_F001;REV006320_F001;REV006327_F001
St. Mary's Church,Guide service,2,0,1,1,-0.5,neutral,2,REV006259_F001;REV006371_F001
St. Mary's Church,Lighting,1,0,0,1,0.0,neutral,1,REV006368_F001
St. Mary's Church,Market stalls,1,0,0,1,0.0,neutral,1,REV006291_F001
St. Mary's Church,Multilingual information,2,0,0,2,0.0,neutral,2,REV006177_F001;REV006267_F001
St. Mary's Church,Parking,7,3,0,4,0.429,neutral,7,REV006132_F001;REV006220_F001;REV006236_F001;REV006250_F001;REV006258_F001;REV006345_F001;REV006350_F001
St. Mary's Church,Restaurant,1,0,0,1,0.0,neutral,1,REV006134_F001
St. Mary's Church,Road access,1,1,0,0,1.0,positive,1,REV006183_F001
St. Mary's Church,Seating,2,0,0,2,0.0,neutral,2,REV006128_F001;REV006252_F001
St. Mary's Church,Security,1,0,0,1,0.0,neutral,1,REV006143_F001
St. Mary's Church,Shade or shelter,3,1,0,2,0.333,neutral,3,REV006205_F001;REV006301_F001;REV006348_F001
St. Mary's Church,Shop,5,1,0,4,0.2,neutral,5,REV006180_F001;REV006289_F001;REV006296_F001;REV006307_F001;REV006377_F001
St. Mary's Church,Signage,4,1,2,1,-0.25,negative,4,REV006140_F001;REV006203_F001;REV006218_F001;REV006226_F001
St. Mary's Church,Souvenir shop,2,1,0,1,0.5,positive,2,REV006326_F001;REV006329_F001
St. Mary's Church,Steps or stairs,2,0,0,2,0.0,neutral,2,REV006166_F001;REV006289_F001
St. Mary's Church,Tuk tuk service,10,4,0,6,0.4,neutral,10,REV006152_F001;REV006167_F001;REV006206_F001;REV006256_F001;REV006260_F001;REV006306_F001;REV006323_F001;REV006339_F001;REV006352_F001;REV006373_F001
Statue of Parakramabahu I,Accommodation,1,0,0,1,0.0,neutral,1,REV012740_F001
Statue of Parakramabahu I,Brochure,3,2,0,1,0.667,positive,3,REV012715_F003;REV012737_F001;REV012771_F001
Statue of Parakramabahu I,Clothing cover service,1,0,0,1,0.0,neutral,1,REV012712_F001
Statue of Parakramabahu I,Guide service,1,0,0,1,0.0,neutral,1,REV012774_F001
Statue of Parakramabahu I,Parking,2,2,0,0,1.0,positive,2,REV012715_F001;REV012770_F001
Statue of Parakramabahu I,Security,1,0,0,1,0.0,neutral,1,REV012715_F002
Statue of Parakramabahu I,Shade or shelter,1,0,1,0,-1.0,negative,1,REV012778_F001
Statue of Parakramabahu I,Shoe storage,1,0,0,1,0.0,neutral,1,REV012739_F001
Statue of Parakramabahu I,Signage,1,0,0,1,0.0,neutral,1,REV012718_F001
Statue of Parakramabahu I,Ticket or receipt,3,0,2,1,-0.667,negative,2,REV012685_F001;REV012709_F001;REV012709_F002
Temple of the Sacred Tooth Relic,Accessibility ramp,3,1,0,2,0.333,neutral,3,REV022935_F001;REV023055_F001;REV023244_F001
Temple of the Sacred Tooth Relic,Accommodation,7,1,2,4,-0.143,neutral,7,REV023036_F002;REV023092_F002;REV023128_F001;REV023251_F001;REV023334_F001;REV023345_F001;REV023423_F001
Temple of the Sacred Tooth Relic,Brochure,2,0,0,2,0.0,neutral,2,REV023025_F001;REV023152_F001
Temple of the Sacred Tooth Relic,Cafe,2,2,0,0,1.0,positive,2,REV022889_F001;REV023288_F002
Temple of the Sacred Tooth Relic,Clothing cover service,24,3,4,17,-0.042,neutral,21,REV022851_F002;REV022884_F001;REV022890_F001;REV022890_F002;REV022913_F001;REV022986_F001;REV022994_F001;REV022998_F001;REV023005_F001;REV023019_F002;REV023021_F001;REV023116_F001;REV023152_F006;REV023192_F001;REV023192_F002;REV023201_F002;REV023202_F001;REV023223_F001;REV023223_F003;REV023238_F001;REV023240_F002;REV023265_F001;REV023276_F003;REV023394_F001
Temple of the Sacred Tooth Relic,Donation box,16,2,3,11,-0.062,neutral,15,REV022957_F003;REV022971_F001;REV023060_F003;REV023073_F001;REV023092_F003;REV023115_F001;REV023215_F004;REV023223_F004;REV023235_F002;REV023235_F003;REV023242_F001;REV023289_F006;REV023299_F002;REV023300_F001;REV023343_F001;REV023406_F001
Temple of the Sacred Tooth Relic,Entrance fee,89,17,22,50,-0.056,neutral,79,REV022826_F001;REV022827_F001;REV022827_F002;REV022829_F001;REV022840_F001;REV022842_F002;REV022851_F003;REV022860_F001;REV022866_F001;REV022868_F001;REV022872_F001;REV022882_F001;REV022893_F002;REV022899_F001;REV022904_F001;REV022913_F002;REV022932_F001;REV022957_F002;REV022957_F003;REV022962_F002;REV022962_F003;REV022977_F001;REV022988_F001;REV023001_F001;REV023005_F001
Temple of the Sacred Tooth Relic,General facilities,1,1,0,0,1.0,positive,1,REV023369_F001
Temple of the Sacred Tooth Relic,Guide service,43,11,4,28,0.163,neutral,40,REV022817_F001;REV022823_F001;REV022828_F001;REV022881_F001;REV022891_F002;REV022893_F001;REV022952_F001;REV022957_F001;REV022973_F001;REV022975_F001;REV022981_F001;REV023004_F001;REV023016_F002;REV023017_F001;REV023017_F002;REV023019_F001;REV023040_F001;REV023055_F001;REV023060_F002;REV023070_F001;REV023106_F001;REV023117_F001;REV023129_F001;REV023130_F001;REV023131_F001
Temple of the Sacred Tooth Relic,Lighting,2,0,1,1,-0.5,neutral,2,REV022869_F001;REV023016_F001
Temple of the Sacred Tooth Relic,Locker,3,0,2,1,-0.667,negative,3,REV023006_F001;REV023242_F001;REV023345_F002
Temple of the Sacred Tooth Relic,Multilingual information,5,2,1,2,0.2,positive,5,REV022842_F004;REV022927_F001;REV023110_F001;REV023220_F002;REV023360_F003
Temple of the Sacred Tooth Relic,Parking,10,0,2,8,-0.2,neutral,10,REV022906_F001;REV022916_F001;REV023027_F001;REV023172_F001;REV023173_F001;REV023237_F001;REV023246_F001;REV023266_F001;REV023364_F002;REV023386_F001
Temple of the Sacred Tooth Relic,Pathway,6,0,1,5,-0.167,neutral,6,REV022993_F002;REV023025_F002;REV023194_F001;REV023223_F006;REV023334_F002;REV023430_F002
Temple of the Sacred Tooth Relic,Restaurant,4,3,0,1,0.75,positive,4,REV022993_F003;REV023302_F002;REV023309_F001;REV023352_F001
Temple of the Sacred Tooth Relic,Safety barrier,2,0,1,1,-0.5,neutral,2,REV023152_F003;REV023177_F002
Temple of the Sacred Tooth Relic,Seating,1,1,0,0,1.0,positive,1,REV023246_F002
Temple of the Sacred Tooth Relic,Security,60,16,8,36,0.133,neutral,55,REV022842_F001;REV022849_F002;REV022862_F001;REV022891_F001;REV022891_F003;REV022924_F001;REV022938_F001;REV022938_F002;REV022954_F001;REV022958_F001;REV022958_F002;REV022976_F001;REV022978_F001;REV022981_F002;REV022983_F001;REV023006_F001;REV023036_F001;REV023036_F003;REV023039_F001;REV023057_F001;REV023057_F003;REV023060_F001;REV023086_F001;REV023129_F002;REV023148_F001
Temple of the Sacred Tooth Relic,Shade or shelter,3,1,1,1,0.0,positive,3,REV022997_F001;REV023124_F001;REV023326_F001
Temple of the Sacred Tooth Relic,Shoe storage,30,5,4,21,0.033,neutral,30,REV022838_F001;REV022848_F001;REV022895_F001;REV022916_F001;REV022924_F002;REV022936_F001;REV022957_F001;REV022962_F003;REV022981_F001;REV022986_F001;REV022994_F001;REV023018_F001;REV023037_F001;REV023162_F002;REV023175_F001;REV023192_F003;REV023215_F002;REV023223_F003;REV023236_F002;REV023240_F001;REV023267_F001;REV023288_F001;REV023302_F001;REV023341_F001;REV023363_F001
Temple of the Sacred Tooth Relic,Shop,12,2,1,9,0.083,neutral,11,REV022851_F001;REV022913_F002;REV022993_F003;REV022998_F002;REV023070_F002;REV023086_F001;REV023170_F001;REV023189_F003;REV023237_F002;REV023340_F001;REV023341_F001;REV023341_F002
Temple of the Sacred Tooth Relic,Signage,11,3,3,5,0.0,neutral,11,REV022849_F001;REV022892_F001;REV022897_F001;REV023028_F001;REV023033_F001;REV023152_F004;REV023215_F003;REV023223_F007;REV023317_F001;REV023410_F002;REV023412_F001
Temple of the Sacred Tooth Relic,Souvenir shop,2,0,0,2,0.0,neutral,2,REV023189_F002;REV023230_F001
Temple of the Sacred Tooth Relic,Steps or stairs,20,4,3,13,0.05,neutral,19,REV022864_F001;REV022923_F001;REV022924_F002;REV022933_F001;REV022962_F001;REV022981_F003;REV022982_F001;REV022985_F001;REV023000_F001;REV023001_F002;REV023012_F001;REV023032_F001;REV023192_F004;REV023246_F003;REV023262_F001;REV023269_F002;REV023333_F001;REV023333_F002;REV023339_F001;REV023426_F002
Temple of the Sacred Tooth Relic,Taxi service,10,0,3,7,-0.3,neutral,9,REV022917_F001;REV023021_F002;REV023052_F001;REV023069_F002;REV023116_F001;REV023135_F001;REV023223_F007;REV023223_F008;REV023238_F002;REV023304_F002
Temple of the Sacred Tooth Relic,Ticket counter,4,1,0,3,0.25,neutral,4,REV022849_F002;REV022993_F001;REV023124_F003;REV023352_F002
Temple of the Sacred Tooth Relic,Ticket or receipt,67,15,13,39,0.03,neutral,59,REV022849_F001;REV022849_F002;REV022902_F001;REV022916_F001;REV022957_F002;REV022962_F002;REV022962_F004;REV022966_F001;REV022993_F001;REV023010_F002;REV023011_F002;REV023018_F001;REV023019_F001;REV023023_F001;REV023030_F001;REV023030_F002;REV023037_F001;REV023039_F002;REV023039_F003;REV023055_F001;REV023069_F001;REV023071_F001;REV023092_F001;REV023113_F001;REV023124_F003
Temple of the Sacred Tooth Relic,Toilet,4,1,1,2,0.0,neutral,3,REV022842_F003;REV023026_F002;REV023026_F003;REV023159_F002
Temple of the Sacred Tooth Relic,Towel service,1,0,0,1,0.0,neutral,1,REV023427_F001
Temple of the Sacred Tooth Relic,Tuk tuk service,4,0,1,3,-0.25,neutral,4,REV022920_F001;REV023047_F001;REV023092_F002;REV023122_F001
Temple of the Sacred Tooth Relic,Waste bins,1,0,1,0,-1.0,negative,1,REV023025_F002
Trincomalee Beach,Accommodation,21,8,2,11,0.286,neutral,19,REV044382_F001;REV044383_F001;REV044386_F002;REV044388_F001;REV044396_F001;REV044401_F001;REV044402_F001;REV044407_F001;REV044409_F001;REV044409_F002;REV044413_F001;REV044417_F001;REV044420_F001;REV044429_F001;REV044430_F001;REV044432_F003;REV044433_F002;REV044433_F003;REV044438_F002;REV044446_F001;REV044447_F001
Trincomalee Beach,Boat service,3,2,0,1,0.667,positive,2,REV044400_F001;REV044442_F001;REV044442_F002
Trincomalee Beach,Cafe,1,1,0,0,1.0,positive,1,REV044386_F002
Trincomalee Beach,Clothing cover service,1,0,0,1,0.0,neutral,1,REV044401_F002
Trincomalee Beach,Entrance fee,1,0,0,1,0.0,neutral,1,REV044400_F002
Trincomalee Beach,Food stall,1,1,0,0,1.0,positive,1,REV044412_F001
Trincomalee Beach,General facilities,1,1,0,0,1.0,positive,1,REV044386_F001
Trincomalee Beach,Guide service,3,0,0,3,0.0,neutral,2,REV044433_F001;REV044433_F004;REV044444_F001
Trincomalee Beach,Lifeguard service,2,0,0,2,0.0,neutral,2,REV044438_F001;REV044443_F001
Trincomalee Beach,Parking,1,1,0,0,1.0,positive,1,REV044431_F001
Trincomalee Beach,Public transport access,1,1,0,0,1.0,positive,1,REV044434_F001
Trincomalee Beach,Restaurant,8,3,1,4,0.25,neutral,6,REV044382_F001;REV044386_F002;REV044407_F001;REV044409_F001;REV044432_F001;REV044432_F002;REV044432_F004;REV044437_F001
Trincomalee Beach,Security,3,1,0,2,0.333,neutral,3,REV044386_F002;REV044438_F001;REV044443_F001
Trincomalee Beach,Taxi service,1,1,0,0,1.0,positive,1,REV044421_F001
Trincomalee Beach,Towel service,1,1,0,0,1.0,positive,1,REV044388_F002
Trincomalee War Cemetery,Accommodation,13,6,0,7,0.462,neutral,13,REV044461_F001;REV044477_F001;REV044499_F001;REV044519_F001;REV044528_F001;REV044558_F001;REV044571_F001;REV044579_F001;REV044587_F001;REV044606_F002;REV044624_F001;REV044627_F001;REV044629_F001
Trincomalee War Cemetery,Brochure,2,1,1,0,0.0,positive,2,REV044582_F001;REV044700_F001
Trincomalee War Cemetery,Donation box,5,3,0,2,0.6,positive,5,REV044552_F001;REV044576_F001;REV044580_F001;REV044593_F001;REV044664_F001
Trincomalee War Cemetery,Entrance fee,4,2,1,1,0.25,positive,4,REV044555_F001;REV044575_F001;REV044623_F002;REV044662_F001
Trincomalee War Cemetery,Guide service,41,13,3,25,0.244,neutral,38,REV044453_F001;REV044455_F001;REV044473_F001;REV044478_F001;REV044482_F001;REV044489_F001;REV044492_F001;REV044496_F001;REV044502_F001;REV044516_F001;REV044516_F002;REV044519_F001;REV044522_F001;REV044543_F002;REV044549_F001;REV044550_F001;REV044550_F002;REV044558_F002;REV044569_F001;REV044570_F002;REV044571_F002;REV044572_F001;REV044578_F001;REV044579_F002;REV044581_F001
Trincomalee War Cemetery,Information board,1,0,1,0,-1.0,negative,1,REV044464_F001
Trincomalee War Cemetery,Multilingual information,1,1,0,0,1.0,positive,1,REV044523_F001
Trincomalee War Cemetery,Parking,1,1,0,0,1.0,positive,1,REV044694_F001
Trincomalee War Cemetery,Restaurant,1,0,0,1,0.0,neutral,1,REV044499_F001
Trincomalee War Cemetery,Road access,2,1,0,1,0.5,positive,2,REV044543_F001;REV044561_F001
Trincomalee War Cemetery,Seating,2,0,0,2,0.0,neutral,2,REV044500_F001;REV044570_F001
Trincomalee War Cemetery,Security,5,3,0,2,0.6,positive,4,REV044453_F001;REV044659_F001;REV044659_F002;REV044689_F001;REV044701_F001
Trincomalee War Cemetery,Shade or shelter,1,0,1,0,-1.0,negative,1,REV044693_F001
Trincomalee War Cemetery,Shop,1,0,0,1,0.0,neutral,1,REV044563_F001
Trincomalee War Cemetery,Steps or stairs,2,0,0,2,0.0,neutral,2,REV044502_F001;REV044579_F002
Trincomalee War Cemetery,Tuk tuk service,3,0,0,3,0.0,neutral,3,REV044555_F001;REV044574_F001;REV044695_F001
Turtle Conservation Project Turtle Watch,Accessibility ramp,2,0,1,1,-0.5,neutral,2,REV031809_F001;REV031860_F001
Turtle Conservation Project Turtle Watch,Accommodation,46,9,9,28,0.0,neutral,36,REV031562_F001;REV031564_F001;REV031565_F002;REV031586_F001;REV031590_F001;REV031602_F001;REV031609_F001;REV031616_F001;REV031616_F002;REV031620_F001;REV031648_F002;REV031660_F001;REV031665_F001;REV031680_F001;REV031680_F002;REV031682_F001;REV031682_F003;REV031684_F001;REV031686_F001;REV031693_F001;REV031693_F002;REV031705_F001;REV031705_F002;REV031706_F001;REV031717_F001
Turtle Conservation Project Turtle Watch,Brochure,2,0,0,2,0.0,neutral,2,REV031856_F002;REV031925_F001
Turtle Conservation Project Turtle Watch,Cafe,1,1,0,0,1.0,positive,1,REV031620_F001
Turtle Conservation Project Turtle Watch,Donation box,32,8,6,18,0.062,neutral,27,REV031567_F001;REV031579_F001;REV031584_F001;REV031605_F002;REV031605_F003;REV031613_F002;REV031630_F001;REV031653_F001;REV031682_F001;REV031683_F001;REV031697_F001;REV031701_F001;REV031701_F002;REV031706_F002;REV031706_F003;REV031710_F001;REV031734_F001;REV031745_F002;REV031757_F001;REV031775_F001;REV031782_F002;REV031794_F002;REV031802_F002;REV031803_F002;REV031804_F002
Turtle Conservation Project Turtle Watch,Entrance fee,72,14,18,40,-0.056,neutral,70,REV031561_F001;REV031567_F001;REV031584_F001;REV031596_F003;REV031605_F002;REV031615_F001;REV031616_F003;REV031619_F001;REV031645_F001;REV031646_F001;REV031648_F001;REV031649_F001;REV031656_F001;REV031662_F001;REV031669_F001;REV031671_F003;REV031675_F001;REV031680_F001;REV031680_F002;REV031691_F001;REV031706_F002;REV031707_F001;REV031711_F001;REV031713_F001;REV031714_F001
Turtle Conservation Project Turtle Watch,Food stall,3,0,0,3,0.0,neutral,3,REV031644_F001;REV031831_F001;REV031924_F003
Turtle Conservation Project Turtle Watch,General facilities,5,0,1,4,-0.2,neutral,5,REV031582_F001;REV031648_F003;REV031767_F001;REV031779_F001;REV031839_F001
Turtle Conservation Project Turtle Watch,Guide service,46,13,8,25,0.109,neutral,42,REV031580_F001;REV031588_F001;REV031592_F001;REV031596_F004;REV031600_F001;REV031606_F001;REV031607_F001;REV031611_F001;REV031613_F001;REV031614_F001;REV031637_F001;REV031643_F001;REV031654_F001;REV031655_F001;REV031663_F001;REV031665_F002;REV031669_F002;REV031685_F001;REV031692_F001;REV031702_F001;REV031713_F001;REV031723_F001;REV031724_F002;REV031747_F002;REV031750_F001
Turtle Conservation Project Turtle Watch,Information board,1,0,0,1,0.0,neutral,1,REV031565_F001
Turtle Conservation Project Turtle Watch,Lighting,4,0,3,1,-0.75,negative,4,REV031568_F002;REV031744_F001;REV031815_F001;REV031880_F004
Turtle Conservation Project Turtle Watch,Locker,1,0,0,1,0.0,neutral,1,REV031684_F002
Turtle Conservation Project Turtle Watch,Multilingual information,2,1,0,1,0.5,positive,2,REV031731_F001;REV031865_F001
Turtle Conservation Project Turtle Watch,Parking,1,0,0,1,0.0,neutral,1,REV031825_F002
Turtle Conservation Project Turtle Watch,Restaurant,3,2,0,1,0.667,positive,3,REV031620_F001;REV031671_F001;REV031717_F002
Turtle Conservation Project Turtle Watch,Safety barrier,4,1,3,0,-0.5,negative,4,REV031596_F002;REV031733_F001;REV031783_F002;REV031846_F001
Turtle Conservation Project Turtle Watch,Seating,3,0,1,2,-0.333,neutral,2,REV031761_F001;REV031761_F002;REV031860_F001
Turtle Conservation Project Turtle Watch,Security,23,2,7,14,-0.217,neutral,20,REV031605_F001;REV031625_F001;REV031625_F002;REV031631_F001;REV031631_F002;REV031643_F001;REV031680_F001;REV031682_F002;REV031699_F001;REV031703_F001;REV031729_F001;REV031749_F001;REV031782_F001;REV031782_F003;REV031809_F003;REV031811_F001;REV031816_F002;REV031817_F001;REV031837_F001;REV031885_F003;REV031889_F001;REV031890_F002;REV031919_F002
Turtle Conservation Project Turtle Watch,Shop,2,1,1,0,0.0,positive,2,REV031620_F001;REV031777_F001
Turtle Conservation Project Turtle Watch,Shower,1,0,0,1,0.0,neutral,1,REV031565_F002
Turtle Conservation Project Turtle Watch,Signage,4,2,0,2,0.5,positive,4,REV031874_F001;REV031884_F001;REV031913_F001;REV031924_F002
Turtle Conservation Project Turtle Watch,Steps or stairs,2,0,1,1,-0.5,neutral,2,REV031616_F002;REV031705_F003
Turtle Conservation Project Turtle Watch,Taxi service,2,0,1,1,-0.5,neutral,2,REV031733_F002;REV031766_F001
Turtle Conservation Project Turtle Watch,Ticket counter,1,0,0,1,0.0,neutral,1,REV031661_F001
Turtle Conservation Project Turtle Watch,Ticket or receipt,23,1,4,18,-0.13,neutral,19,REV031565_F002;REV031568_F001;REV031583_F001;REV031661_F001;REV031671_F002;REV031722_F001;REV031761_F001;REV031761_F002;REV031764_F001;REV031780_F001;REV031780_F002;REV031780_F003;REV031794_F002;REV031803_F001;REV031804_F001;REV031806_F001;REV031850_F001;REV031856_F001;REV031890_F001;REV031898_F002;REV031904_F002;REV031904_F003;REV031934_F002
Turtle Conservation Project Turtle Watch,Tuk tuk service,28,2,5,21,-0.107,neutral,27,REV031650_F001;REV031671_F002;REV031682_F003;REV031689_F001;REV031713_F001;REV031713_F002;REV031717_F001;REV031725_F001;REV031734_F001;REV031741_F001;REV031794_F001;REV031798_F001;REV031800_F001;REV031809_F002;REV031825_F002;REV031831_F002;REV031847_F001;REV031857_F001;REV031874_F002;REV031876_F001;REV031880_F002;REV031883_F001;REV031885_F001;REV031925_F002;REV031930_F001
Turtle Conservation Project Turtle Watch,Visitor centre,16,5,1,10,0.25,neutral,14,REV031596_F001;REV031639_F001;REV031802_F001;REV031809_F003;REV031816_F001;REV031825_F001;REV031853_F001;REV031853_F002;REV031866_F001;REV031880_F001;REV031904_F001;REV031906_F001;REV031919_F001;REV031924_F001;REV031925_F002;REV031925_F003
Twin Baths (Kuttam Pokuna),Entrance fee,13,2,3,8,-0.077,neutral,12,REV012786_F001;REV012796_F001;REV012806_F002;REV012850_F002;REV012914_F001;REV012915_F001;REV012948_F001;REV012980_F001;REV012994_F001;REV012994_F003;REV013007_F001;REV013008_F001;REV013031_F003
Twin Baths (Kuttam Pokuna),Food stall,1,0,0,1,0.0,neutral,1,REV012927_F001
Twin Baths (Kuttam Pokuna),Guide service,6,1,0,5,0.167,neutral,6,REV012810_F001;REV012813_F001;REV012837_F001;REV012903_F001;REV013015_F001;REV013024_F001
Twin Baths (Kuttam Pokuna),Market stalls,1,0,0,1,0.0,neutral,1,REV012994_F002
Twin Baths (Kuttam Pokuna),Parking,1,0,0,1,0.0,neutral,1,REV013014_F001
Twin Baths (Kuttam Pokuna),Pathway,1,1,0,0,1.0,positive,1,REV012853_F001
Twin Baths (Kuttam Pokuna),Public transport access,2,1,1,0,0.0,positive,2,REV012898_F001;REV013031_F001
Twin Baths (Kuttam Pokuna),Restaurant,1,1,0,0,1.0,positive,1,REV012998_F001
Twin Baths (Kuttam Pokuna),Road access,1,1,0,0,1.0,positive,1,REV012795_F001
Twin Baths (Kuttam Pokuna),Seating,2,0,0,2,0.0,neutral,2,REV012817_F001;REV013024_F001
Twin Baths (Kuttam Pokuna),Security,5,1,1,3,0.0,neutral,5,REV012785_F001;REV012806_F004;REV012808_F001;REV012831_F001;REV013037_F001
Twin Baths (Kuttam Pokuna),Shade or shelter,1,0,1,0,-1.0,negative,1,REV012812_F001
Twin Baths (Kuttam Pokuna),Shop,6,2,0,4,0.333,neutral,5,REV012795_F001;REV012802_F001;REV012898_F002;REV012898_F003;REV012939_F001;REV013030_F001
Twin Baths (Kuttam Pokuna),Souvenir shop,2,0,0,2,0.0,neutral,2,REV012850_F002;REV012901_F001
Twin Baths (Kuttam Pokuna),Steps or stairs,20,2,5,13,-0.15,neutral,16,REV012784_F001;REV012787_F001;REV012794_F001;REV012827_F001;REV012835_F001;REV012846_F001;REV012847_F001;REV012847_F002;REV012850_F001;REV012864_F001;REV012889_F001;REV012889_F002;REV012889_F003;REV012899_F001;REV012910_F001;REV012962_F001;REV012962_F002;REV012982_F001;REV012984_F001;REV013005_F001
Twin Baths (Kuttam Pokuna),Ticket counter,1,0,1,0,-1.0,negative,1,REV012806_F001
Twin Baths (Kuttam Pokuna),Ticket or receipt,8,2,3,3,-0.125,neutral,5,REV012798_F001;REV012806_F001;REV012806_F003;REV012806_F005;REV012850_F002;REV012948_F001;REV012976_F001;REV012976_F002
Twin Baths (Kuttam Pokuna),Toilet,3,0,2,1,-0.667,negative,3,REV012854_F001;REV012994_F003;REV013031_F002
Twin Baths (Kuttam Pokuna),Tuk tuk service,2,0,1,1,-0.5,neutral,2,REV012919_F001;REV012995_F001
Udawalawe National Park,Accommodation,93,39,2,52,0.398,neutral,85,REV035702_F001;REV035720_F001;REV035732_F001;REV035735_F001;REV035736_F001;REV035749_F001;REV035758_F001;REV035763_F001;REV035768_F001;REV035769_F001;REV035773_F001;REV035774_F001;REV035774_F002;REV035787_F001;REV035792_F001;REV035804_F001;REV035817_F001;REV035824_F001;REV035851_F002;REV035852_F001;REV035852_F002;REV035854_F002;REV035862_F001;REV035867_F001;REV035875_F001
Udawalawe National Park,Brochure,4,0,1,3,-0.25,neutral,4,REV035760_F001;REV035908_F001;REV035917_F003;REV036150_F003
Udawalawe National Park,Cafe,1,1,0,0,1.0,positive,1,REV036013_F001
Udawalawe National Park,Entrance fee,27,7,0,20,0.259,neutral,19,REV035708_F001;REV035759_F001;REV035981_F002;REV036010_F003;REV036051_F001;REV036059_F001;REV036067_F001;REV036067_F002;REV036070_F001;REV036078_F001;REV036107_F001;REV036107_F002;REV036116_F001;REV036116_F002;REV036127_F001;REV036127_F002;REV036128_F001;REV036128_F002;REV036128_F003;REV036128_F004;REV036191_F001;REV036234_F003;REV036247_F003;REV036247_F005;REV036254_F001
Udawalawe National Park,Food stall,11,7,1,3,0.545,positive,11,REV035724_F001;REV035908_F001;REV036013_F001;REV036034_F001;REV036063_F001;REV036084_F002;REV036120_F001;REV036218_F001;REV036241_F002;REV036243_F001;REV036271_F001
Udawalawe National Park,General facilities,1,1,0,0,1.0,positive,1,REV036247_F004
Udawalawe National Park,Guide service,124,71,6,47,0.524,positive,102,REV035702_F001;REV035722_F001;REV035727_F001;REV035737_F001;REV035737_F002;REV035737_F003;REV035741_F001;REV035741_F002;REV035745_F001;REV035745_F002;REV035751_F001;REV035755_F001;REV035764_F001;REV035765_F001;REV035772_F001;REV035773_F002;REV035777_F001;REV035779_F001;REV035781_F001;REV035781_F002;REV035789_F001;REV035794_F002;REV035799_F001;REV035806_F001;REV035806_F002
Udawalawe National Park,Jeep service,17,2,0,15,0.118,neutral,13,REV035707_F001;REV035723_F001;REV035723_F002;REV035779_F002;REV035785_F001;REV035802_F001;REV035842_F001;REV035934_F001;REV035934_F002;REV035985_F001;REV036128_F005;REV036149_F001;REV036149_F002;REV036190_F001;REV036276_F001;REV036276_F002;REV036288_F001
Udawalawe National Park,Lighting,3,2,0,1,0.667,positive,3,REV035794_F001;REV035850_F002;REV036069_F001
Udawalawe National Park,Multilingual information,5,3,1,1,0.4,positive,5,REV035844_F002;REV035854_F002;REV035866_F001;REV035897_F001;REV036289_F001
Udawalawe National Park,Parking,1,0,0,1,0.0,neutral,1,REV036010_F002
Udawalawe National Park,Restaurant,4,1,0,3,0.25,neutral,4,REV035709_F001;REV035713_F001;REV035802_F001;REV036159_F001
Udawalawe National Park,Road access,1,1,0,0,1.0,positive,1,REV036247_F002
Udawalawe National Park,Safety barrier,6,3,0,3,0.5,positive,4,REV035915_F002;REV035939_F002;REV036007_F001;REV036007_F002;REV036121_F002;REV036121_F003
Udawalawe National Park,Seating,4,1,0,3,0.25,neutral,4,REV035969_F001;REV036074_F001;REV036255_F001;REV036256_F001
Udawalawe National Park,Security,1,1,0,0,1.0,positive,1,REV036126_F001
Udawalawe National Park,Shade or shelter,1,0,0,1,0.0,neutral,1,REV036239_F001
Udawalawe National Park,Shower,3,0,0,3,0.0,neutral,3,REV035937_F001;REV036024_F001;REV036229_F003
Udawalawe National Park,Signage,2,0,0,2,0.0,neutral,2,REV036079_F001;REV036266_F001
Udawalawe National Park,Souvenir shop,1,1,0,0,1.0,positive,1,REV036013_F001
Udawalawe National Park,Steps or stairs,1,1,0,0,1.0,positive,1,REV036266_F002
Udawalawe National Park,Taxi service,19,13,2,4,0.579,positive,19,REV035706_F001;REV035748_F001;REV035765_F002;REV035808_F001;REV035827_F001;REV035835_F002;REV035837_F001;REV035850_F001;REV035865_F001;REV035881_F001;REV035959_F001;REV036004_F001;REV036052_F001;REV036060_F001;REV036131_F001;REV036134_F001;REV036160_F001;REV036252_F001;REV036255_F002
Udawalawe National Park,Ticket counter,1,0,0,1,0.0,neutral,1,REV036242_F001
Udawalawe National Park,Ticket or receipt,17,3,3,11,0.0,neutral,16,REV035868_F001;REV035879_F001;REV035893_F001;REV035981_F001;REV036010_F001;REV036010_F003;REV036059_F004;REV036085_F001;REV036139_F001;REV036152_F001;REV036178_F002;REV036189_F001;REV036196_F001;REV036242_F001;REV036255_F003;REV036268_F001;REV036286_F001
Udawalawe National Park,Toilet,3,1,0,2,0.333,neutral,3,REV036085_F003;REV036229_F002;REV036268_F001
Udawalawe National Park,Visitor centre,2,0,0,2,0.0,neutral,1,REV036236_F001;REV036236_F003
Unawatuna Beach,Accommodation,47,8,6,33,0.043,neutral,22,REV031943_F003;REV031951_F001;REV031951_F002;REV031951_F004;REV031951_F005;REV031954_F001;REV031957_F002;REV031957_F003;REV031970_F002;REV031970_F004;REV031970_F005;REV031970_F007;REV031970_F008;REV031973_F001;REV031973_F002;REV031973_F004;REV031980_F001;REV031980_F002;REV031981_F001;REV031985_F001;REV031989_F001;REV032004_F001;REV032004_F002;REV032005_F005;REV032005_F006
Unawatuna Beach,Boat service,2,1,0,1,0.5,positive,2,REV031997_F001;REV031999_F002
Unawatuna Beach,Brochure,1,0,0,1,0.0,neutral,1,REV031961_F001
Unawatuna Beach,Cafe,19,9,1,9,0.421,positive,17,REV031942_F001;REV031945_F001;REV031947_F001;REV031952_F001;REV031953_F001;REV031953_F002;REV031966_F001;REV031969_F001;REV031977_F001;REV031978_F001;REV031979_F001;REV031985_F001;REV031989_F001;REV031990_F001;REV032018_F001;REV032043_F001;REV032043_F002;REV032055_F001;REV032066_F001
Unawatuna Beach,Clothing cover service,1,0,0,1,0.0,neutral,1,REV032039_F003
Unawatuna Beach,Entrance fee,14,5,2,7,0.214,neutral,9,REV031943_F003;REV031944_F001;REV031950_F001;REV031953_F002;REV031980_F001;REV031980_F002;REV032005_F004;REV032005_F006;REV032005_F007;REV032005_F008;REV032005_F009;REV032024_F001;REV032045_F002;REV032068_F001
Unawatuna Beach,Food stall,3,1,0,2,0.333,neutral,3,REV031941_F001;REV032012_F001;REV032039_F002
Unawatuna Beach,General facilities,1,1,0,0,1.0,positive,1,REV031996_F001
Unawatuna Beach,Guide service,2,0,1,1,-0.5,neutral,1,REV032005_F002;REV032005_F003
Unawatuna Beach,Information board,1,0,0,1,0.0,neutral,1,REV031973_F004
Unawatuna Beach,Lifeguard service,1,0,0,1,0.0,neutral,1,REV032005_F001
Unawatuna Beach,Multilingual information,1,0,0,1,0.0,neutral,1,REV032006_F002
Unawatuna Beach,Parking,4,3,0,1,0.75,positive,3,REV031989_F002;REV031989_F003;REV032005_F007;REV032045_F002
Unawatuna Beach,Public transport access,1,0,1,0,-1.0,negative,1,REV032048_F001
Unawatuna Beach,Restaurant,71,28,5,38,0.324,neutral,61,REV031936_F002;REV031938_F001;REV031940_F001;REV031941_F001;REV031942_F001;REV031945_F001;REV031951_F002;REV031951_F003;REV031951_F005;REV031952_F001;REV031953_F005;REV031955_F001;REV031962_F001;REV031965_F001;REV031966_F001;REV031969_F001;REV031970_F005;REV031970_F006;REV031971_F001;REV031973_F002;REV031973_F003;REV031974_F001;REV031976_F001;REV031985_F001;REV031987_F001
Unawatuna Beach,Road access,1,0,0,1,0.0,neutral,1,REV032045_F001
Unawatuna Beach,Seating,2,1,0,1,0.5,positive,2,REV031936_F001;REV032016_F001
Unawatuna Beach,Security,1,0,0,1,0.0,neutral,1,REV032005_F001
Unawatuna Beach,Shade or shelter,2,0,1,1,-0.5,neutral,2,REV031942_F002;REV032063_F001
Unawatuna Beach,Shop,8,2,1,5,0.125,neutral,8,REV031941_F001;REV031943_F003;REV031969_F001;REV031970_F002;REV031981_F002;REV032009_F001;REV032037_F001;REV032067_F003
Unawatuna Beach,Shower,2,2,0,0,1.0,positive,2,REV032005_F007;REV032045_F002
Unawatuna Beach,Signage,3,0,0,3,0.0,neutral,3,REV031957_F001;REV031970_F003;REV032006_F002
Unawatuna Beach,Souvenir shop,1,0,0,1,0.0,neutral,1,REV032004_F003
Unawatuna Beach,Steps or stairs,1,1,0,0,1.0,positive,1,REV032066_F001
Unawatuna Beach,Taxi service,4,0,2,2,-0.5,neutral,2,REV031943_F001;REV031943_F002;REV031953_F003;REV031953_F004
Unawatuna Beach,Tuk tuk service,15,3,3,9,0.0,neutral,13,REV031943_F001;REV031950_F001;REV031953_F004;REV031956_F001;REV031957_F004;REV031962_F002;REV031970_F001;REV031980_F001;REV031980_F002;REV032008_F001;REV032009_F002;REV032018_F002;REV032018_F003;REV032048_F001;REV032049_F001
Uppuveli Beach,Accommodation,35,13,7,15,0.171,neutral,29,REV044702_F001;REV044704_F001;REV044708_F001;REV044708_F002;REV044709_F001;REV044711_F001;REV044715_F001;REV044717_F002;REV044727_F001;REV044731_F001;REV044739_F001;REV044740_F001;REV044740_F002;REV044744_F001;REV044746_F001;REV044749_F001;REV044750_F001;REV044753_F002;REV044754_F001;REV044760_F001;REV044766_F001;REV044771_F001;REV044779_F001;REV044779_F002;REV044780_F002
Uppuveli Beach,Boat service,2,1,0,1,0.5,positive,2,REV044702_F002;REV044783_F001
Uppuveli Beach,Cafe,3,2,0,1,0.667,positive,3,REV044734_F001;REV044744_F002;REV044775_F001
Uppuveli Beach,Entrance fee,2,1,0,1,0.5,positive,1,REV044708_F002;REV044708_F003
Uppuveli Beach,Food stall,1,1,0,0,1.0,positive,1,REV044706_F001
Uppuveli Beach,Lifeguard service,3,0,1,2,-0.333,neutral,3,REV044744_F003;REV044750_F002;REV044773_F001
Uppuveli Beach,Restaurant,37,19,6,12,0.351,positive,34,REV044702_F003;REV044703_F001;REV044709_F001;REV044711_F001;REV044711_F002;REV044717_F001;REV044717_F002;REV044718_F001;REV044724_F001;REV044735_F001;REV044745_F001;REV044746_F001;REV044747_F001;REV044750_F001;REV044752_F001;REV044753_F001;REV044754_F001;REV044756_F001;REV044757_F001;REV044759_F001;REV044762_F001;REV044763_F002;REV044764_F001;REV044767_F001;REV044768_F001
Uppuveli Beach,Security,3,0,1,2,-0.333,neutral,3,REV044744_F003;REV044750_F002;REV044773_F001
Uppuveli Beach,Shower,1,1,0,0,1.0,positive,1,REV044763_F001
Uppuveli Beach,Taxi service,2,1,0,1,0.5,positive,2,REV044746_F001;REV044785_F001
Uppuveli Beach,Tuk tuk service,4,2,1,1,0.25,positive,4,REV044757_F001;REV044775_F002;REV044787_F001;REV044794_F001
Victoria Park of Nuwara Eliya,Accommodation,15,7,1,7,0.4,positive,15,REV023511_F001;REV023519_F001;REV023528_F001;REV023541_F001;REV023549_F001;REV023552_F001;REV023555_F001;REV023563_F002;REV023636_F001;REV023650_F001;REV023667_F001;REV023720_F001;REV023726_F001;REV023812_F001;REV023863_F001
Victoria Park of Nuwara Eliya,Boat rental,1,1,0,0,1.0,positive,1,REV023546_F001
Victoria Park of Nuwara Eliya,Boat service,1,1,0,0,1.0,positive,1,REV023546_F001
Victoria Park of Nuwara Eliya,Bridge,4,2,1,1,0.25,positive,4,REV023539_F001;REV023633_F001;REV023766_F001;REV023931_F001
Victoria Park of Nuwara Eliya,Brochure,7,0,2,5,-0.286,neutral,7,REV023462_F001;REV023465_F001;REV023489_F002;REV023514_F001;REV023899_F001;REV023925_F001;REV023942_F001
Victoria Park of Nuwara Eliya,Cafe,17,9,1,7,0.471,positive,17,REV023446_F003;REV023447_F001;REV023452_F001;REV023465_F002;REV023486_F001;REV023546_F001;REV023557_F001;REV023593_F002;REV023633_F002;REV023659_F002;REV023697_F002;REV023801_F003;REV023826_F001;REV023853_F001;REV023875_F002;REV023885_F002;REV023916_F001
Victoria Park of Nuwara Eliya,Drinking water,1,1,0,0,1.0,positive,1,REV023736_F002
Victoria Park of Nuwara Eliya,Entrance fee,133,41,11,81,0.226,neutral,120,REV023446_F003;REV023449_F001;REV023451_F001;REV023452_F002;REV023455_F001;REV023458_F001;REV023460_F001;REV023461_F001;REV023468_F001;REV023469_F001;REV023470_F001;REV023471_F001;REV023474_F001;REV023474_F002;REV023476_F003;REV023477_F001;REV023488_F001;REV023488_F002;REV023492_F001;REV023495_F001;REV023496_F001;REV023505_F001;REV023508_F001;REV023511_F001;REV023521_F001
Victoria Park of Nuwara Eliya,Food stall,6,1,0,5,0.167,neutral,6,REV023511_F001;REV023715_F001;REV023750_F001;REV023801_F003;REV023857_F002;REV023934_F003
Victoria Park of Nuwara Eliya,General facilities,5,2,0,3,0.4,neutral,4,REV023484_F001;REV023630_F001;REV023830_F001;REV023901_F001;REV023901_F002
Victoria Park of Nuwara Eliya,Guide service,3,1,0,2,0.333,neutral,3,REV023489_F002;REV023753_F001;REV023903_F001
Victoria Park of Nuwara Eliya,Information board,1,0,0,1,0.0,neutral,1,REV023934_F003
Victoria Park of Nuwara Eliya,Multilingual information,3,1,1,1,0.0,positive,2,REV023701_F002;REV023701_F003;REV023774_F001
Victoria Park of Nuwara Eliya,Parking,6,4,0,2,0.667,positive,6,REV023483_F002;REV023491_F001;REV023512_F001;REV023550_F001;REV023663_F001;REV023670_F002
Victoria Park of Nuwara Eliya,Pathway,8,3,1,4,0.25,neutral,8,REV023482_F001;REV023547_F001;REV023594_F002;REV023757_F001;REV023794_F002;REV023848_F001;REV023905_F001;REV023937_F001
Victoria Park of Nuwara Eliya,Public transport access,7,2,1,4,0.143,neutral,7,REV023446_F001;REV023449_F002;REV023645_F001;REV023693_F001;REV023695_F003;REV023697_F001;REV023794_F001
Victoria Park of Nuwara Eliya,Restaurant,6,2,0,4,0.333,neutral,6,REV023502_F001;REV023537_F002;REV023546_F001;REV023801_F003;REV023855_F002;REV023934_F004
Victoria Park of Nuwara Eliya,Safety barrier,2,2,0,0,1.0,positive,2,REV023884_F003;REV023894_F003
Victoria Park of Nuwara Eliya,Seating,19,9,0,10,0.474,neutral,19,REV023445_F001;REV023450_F001;REV023462_F001;REV023489_F001;REV023510_F001;REV023570_F001;REV023578_F002;REV023595_F001;REV023620_F001;REV023629_F001;REV023641_F001;REV023736_F001;REV023738_F001;REV023776_F001;REV023794_F003;REV023841_F001;REV023913_F001;REV023917_F001;REV023934_F002
Victoria Park of Nuwara Eliya,Security,8,1,1,6,0.0,neutral,6,REV023476_F002;REV023488_F003;REV023488_F005;REV023488_F006;REV023501_F001;REV023755_F001;REV023758_F001;REV023822_F001
Victoria Park of Nuwara Eliya,Shade or shelter,7,3,0,4,0.429,neutral,7,REV023446_F002;REV023570_F001;REV023594_F002;REV023666_F002;REV023694_F001;REV023801_F002;REV023930_F001
Victoria Park of Nuwara Eliya,Shop,8,3,0,5,0.375,neutral,8,REV023486_F001;REV023565_F001;REV023695_F003;REV023712_F001;REV023715_F001;REV023785_F001;REV023916_F001;REV023934_F003
Victoria Park of Nuwara Eliya,Shower,1,1,0,0,1.0,positive,1,REV023801_F001
Victoria Park of Nuwara Eliya,Signage,7,1,2,4,-0.143,neutral,6,REV023488_F004;REV023696_F001;REV023701_F002;REV023701_F003;REV023745_F001;REV023755_F002;REV023800_F001
Victoria Park of Nuwara Eliya,Steps or stairs,3,1,1,1,0.0,positive,3,REV023575_F002;REV023583_F001;REV023863_F001
Victoria Park of Nuwara Eliya,Ticket counter,3,0,2,1,-0.667,negative,2,REV023497_F001;REV023815_F003;REV023815_F006
Victoria Park of Nuwara Eliya,Ticket or receipt,32,5,10,17,-0.156,neutral,24,REV023476_F001;REV023488_F003;REV023488_F007;REV023489_F002;REV023496_F001;REV023497_F001;REV023508_F001;REV023564_F001;REV023595_F002;REV023595_F003;REV023601_F001;REV023620_F001;REV023632_F001;REV023636_F001;REV023670_F001;REV023685_F001;REV023696_F001;REV023708_F001;REV023722_F001;REV023723_F001;REV023787_F001;REV023787_F002;REV023803_F001;REV023815_F001;REV023815_F002
Victoria Park of Nuwara Eliya,Toilet,16,4,5,7,-0.062,neutral,16,REV023445_F001;REV023469_F002;REV023471_F002;REV023489_F001;REV023495_F002;REV023503_F001;REV023523_F001;REV023578_F001;REV023619_F001;REV023663_F001;REV023670_F003;REV023715_F001;REV023723_F003;REV023813_F001;REV023841_F002;REV023934_F004
Victoria Park of Nuwara Eliya,Train service,7,4,1,2,0.429,positive,7,REV023483_F001;REV023495_F001;REV023602_F001;REV023653_F001;REV023805_F001;REV023865_F001;REV023941_F002
Victoria Park of Nuwara Eliya,Tuk tuk service,1,0,0,1,0.0,neutral,1,REV023609_F001
Victoria Park of Nuwara Eliya,Waste bins,5,4,0,1,0.8,positive,5,REV023701_F001;REV023771_F001;REV023884_F003;REV023894_F003;REV023896_F001
Viharamahadevi Park,Accessibility ramp,2,1,0,1,0.5,positive,2,REV006435_F001;REV006821_F001
Viharamahadevi Park,Accommodation,9,4,0,5,0.444,neutral,9,REV006408_F001;REV006529_F001;REV006543_F001;REV006717_F001;REV006739_F001;REV006750_F001;REV006766_F001;REV006782_F001;REV006807_F001
Viharamahadevi Park,Boat rental,1,0,0,1,0.0,neutral,1,REV006536_F001
Viharamahadevi Park,Boat service,3,1,0,2,0.333,neutral,3,REV006455_F001;REV006539_F001;REV006840_F001
Viharamahadevi Park,Bridge,16,2,0,14,0.125,neutral,14,REV006466_F001;REV006495_F002;REV006552_F001;REV006561_F001;REV006561_F003;REV006582_F004;REV006585_F002;REV006612_F009;REV006612_F011;REV006614_F003;REV006615_F001;REV006643_F001;REV006675_F001;REV006814_F001;REV006829_F001;REV006902_F001
Viharamahadevi Park,Brochure,3,1,0,2,0.333,neutral,3,REV006462_F001;REV006612_F002;REV006833_F001
Viharamahadevi Park,Cafe,17,8,0,9,0.471,neutral,17,REV006438_F001;REV006468_F001;REV006587_F001;REV006592_F001;REV006629_F001;REV006631_F002;REV006636_F001;REV006657_F002;REV006666_F002;REV006678_F001;REV006693_F001;REV006757_F001;REV006758_F001;REV006760_F002;REV006775_F003;REV006820_F001;REV006838_F001
Viharamahadevi Park,Donation box,3,0,0,3,0.0,neutral,3,REV006612_F005;REV006712_F001;REV006730_F001
Viharamahadevi Park,Drinking water,7,2,0,5,0.286,neutral,7,REV006582_F003;REV006612_F006;REV006646_F001;REV006764_F002;REV006791_F001;REV006876_F001;REV006900_F001
Viharamahadevi Park,Entrance fee,18,8,4,6,0.222,positive,16,REV006433_F001;REV006520_F001;REV006560_F001;REV006569_F001;REV006577_F001;REV006582_F005;REV006584_F001;REV006584_F002;REV006612_F014;REV006613_F001;REV006625_F001;REV006633_F001;REV006694_F001;REV006699_F002;REV006772_F002;REV006786_F004;REV006786_F005;REV006897_F001
Viharamahadevi Park,Food stall,25,6,2,17,0.16,neutral,25,REV006434_F005;REV006452_F002;REV006454_F002;REV006478_F001;REV006527_F001;REV006536_F001;REV006545_F001;REV006575_F001;REV006625_F002;REV006627_F002;REV006646_F001;REV006657_F002;REV006688_F001;REV006694_F001;REV006698_F001;REV006721_F001;REV006735_F002;REV006757_F001;REV006759_F001;REV006772_F001;REV006775_F003;REV006829_F001;REV006843_F003;REV006853_F005;REV006888_F001
Viharamahadevi Park,General facilities,6,2,1,3,0.167,neutral,6,REV006542_F001;REV006659_F001;REV006662_F001;REV006731_F001;REV006815_F001;REV006884_F001
Viharamahadevi Park,Guide service,4,1,1,2,0.0,neutral,4,REV006418_F001;REV006551_F001;REV006663_F001;REV006690_F002
Viharamahadevi Park,Lighting,4,1,3,0,-0.5,negative,4,REV006514_F004;REV006568_F001;REV006756_F001;REV006893_F001
Viharamahadevi Park,Parking,15,6,3,6,0.2,positive,15,REV006417_F001;REV006432_F001;REV006434_F008;REV006454_F002;REV006455_F002;REV006497_F001;REV006581_F001;REV006612_F008;REV006614_F002;REV006660_F001;REV006723_F001;REV006726_F001;REV006753_F002;REV006812_F001;REV006858_F003
Viharamahadevi Park,Pathway,37,19,0,18,0.514,positive,34,REV006409_F002;REV006411_F002;REV006414_F002;REV006424_F001;REV006434_F001;REV006434_F002;REV006434_F003;REV006454_F001;REV006464_F001;REV006480_F001;REV006514_F002;REV006530_F001;REV006561_F002;REV006583_F001;REV006610_F002;REV006612_F011;REV006612_F012;REV006614_F003;REV006616_F001;REV006631_F002;REV006708_F001;REV006710_F001;REV006713_F001;REV006724_F001;REV006743_F001
Viharamahadevi Park,Public transport access,2,1,0,1,0.5,positive,2,REV006600_F002;REV006717_F001
Viharamahadevi Park,Rest area,1,1,0,0,1.0,positive,1,REV006761_F001
Viharamahadevi Park,Restaurant,10,2,2,6,0.0,neutral,10,REV006424_F002;REV006426_F001;REV006462_F002;REV006527_F001;REV006587_F001;REV006616_F001;REV006625_F002;REV006672_F002;REV006698_F001;REV006711_F001
Viharamahadevi Park,Road access,1,0,1,0,-1.0,negative,1,REV006612_F004
Viharamahadevi Park,Safety barrier,10,1,5,4,-0.4,negative,8,REV006511_F001;REV006612_F001;REV006612_F003;REV006612_F013;REV006614_F001;REV006690_F003;REV006787_F002;REV006853_F002;REV006858_F001;REV006878_F002
Viharamahadevi Park,Seating,47,20,2,25,0.383,neutral,44,REV006415_F001;REV006427_F001;REV006434_F006;REV006452_F001;REV006467_F001;REV006476_F001;REV006485_F001;REV006486_F001;REV006486_F002;REV006486_F003;REV006502_F001;REV006522_F001;REV006527_F002;REV006559_F001;REV006585_F002;REV006610_F001;REV006612_F011;REV006627_F001;REV006629_F002;REV006631_F001;REV006657_F001;REV006659_F002;REV006672_F001;REV006673_F001;REV006685_F002
Viharamahadevi Park,Security,8,2,3,3,-0.125,neutral,8,REV006428_F001;REV006515_F002;REV006600_F001;REV006735_F001;REV006766_F001;REV006786_F002;REV006787_F001;REV006806_F001
Viharamahadevi Park,Shade or shelter,54,27,2,25,0.463,positive,50,REV006405_F001;REV006405_F002;REV006408_F002;REV006411_F001;REV006418_F002;REV006450_F001;REV006469_F001;REV006485_F001;REV006495_F001;REV006499_F001;REV006501_F001;REV006515_F001;REV006527_F002;REV006531_F001;REV006557_F001;REV006567_F001;REV006570_F001;REV006575_F001;REV006582_F001;REV006582_F002;REV006583_F002;REV006584_F003;REV006585_F001;REV006585_F002;REV006591_F001
Viharamahadevi Park,Shop,7,1,0,6,0.143,neutral,7,REV006434_F005;REV006610_F003;REV006617_F001;REV006670_F001;REV006766_F001;REV006874_F003;REV006898_F001
Viharamahadevi Park,Shower,1,1,0,0,1.0,positive,1,REV006618_F001
Viharamahadevi Park,Steps or stairs,1,0,0,1,0.0,neutral,1,REV006434_F004
Viharamahadevi Park,Taxi service,4,2,0,2,0.5,positive,4,REV006409_F003;REV006443_F001;REV006766_F001;REV006853_F001
Viharamahadevi Park,Ticket or receipt,3,2,1,0,0.333,positive,3,REV006466_F001;REV006614_F001;REV006786_F005
Viharamahadevi Park,Toilet,18,7,3,8,0.222,neutral,17,REV006424_F002;REV006430_F001;REV006433_F002;REV006434_F007;REV006438_F001;REV006482_F002;REV006514_F001;REV006514_F003;REV006520_F001;REV006610_F004;REV006612_F014;REV006625_F001;REV006631_F001;REV006723_F002;REV006786_F004;REV006789_F001;REV006843_F002;REV006853_F004
Viharamahadevi Park,Train service,4,0,0,4,0.0,neutral,4,REV006409_F001;REV006414_F001;REV006482_F001;REV006519_F001
Viharamahadevi Park,Tuk tuk service,7,4,0,3,0.571,positive,7,REV006443_F001;REV006539_F001;REV006699_F001;REV006790_F001;REV006807_F001;REV006853_F001;REV006854_F001
Viharamahadevi Park,Waste bins,2,0,0,2,0.0,neutral,2,REV006733_F001;REV006843_F002
Visit Kanneliya Rain Forest,Accommodation,10,2,1,7,0.1,neutral,8,REV036302_F002;REV036307_F001;REV036320_F003;REV036320_F005;REV036322_F001;REV036325_F001;REV036348_F002;REV036351_F002;REV036351_F007;REV036366_F002
Visit Kanneliya Rain Forest,Bridge,1,0,0,1,0.0,neutral,1,REV036366_F001
Visit Kanneliya Rain Forest,Brochure,1,1,0,0,1.0,positive,1,REV036351_F003
Visit Kanneliya Rain Forest,Cafe,2,0,1,1,-0.5,neutral,2,REV036325_F002;REV036338_F002
Visit Kanneliya Rain Forest,Entrance fee,8,2,1,5,0.125,neutral,6,REV036310_F001;REV036320_F003;REV036320_F004;REV036348_F001;REV036354_F001;REV036360_F001;REV036372_F002;REV036372_F003
Visit Kanneliya Rain Forest,Food stall,5,2,1,2,0.2,positive,5,REV036322_F003;REV036329_F001;REV036332_F001;REV036336_F001;REV036338_F002
Visit Kanneliya Rain Forest,General facilities,2,2,0,0,1.0,positive,1,REV036343_F001;REV036343_F002
Visit Kanneliya Rain Forest,Guide service,16,4,0,12,0.25,neutral,12,REV036302_F001;REV036303_F003;REV036307_F001;REV036313_F001;REV036320_F001;REV036321_F001;REV036321_F002;REV036322_F002;REV036327_F003;REV036330_F001;REV036338_F001;REV036354_F001;REV036372_F001;REV036372_F002;REV036372_F003;REV036372_F004
Visit Kanneliya Rain Forest,Parking,1,1,0,0,1.0,positive,1,REV036370_F001
Visit Kanneliya Rain Forest,Pathway,4,3,1,0,0.5,positive,3,REV036303_F001;REV036303_F002;REV036321_F003;REV036349_F001
Visit Kanneliya Rain Forest,Public transport access,2,1,0,1,0.5,positive,2,REV036339_F001;REV036342_F001
Visit Kanneliya Rain Forest,Rest area,1,0,0,1,0.0,neutral,1,REV036333_F002
Visit Kanneliya Rain Forest,Road access,2,0,1,1,-0.5,neutral,1,REV036327_F001;REV036327_F002
Visit Kanneliya Rain Forest,Safety barrier,1,0,1,0,-1.0,negative,1,REV036334_F002
Visit Kanneliya Rain Forest,Security,1,1,0,0,1.0,positive,1,REV036365_F001
Visit Kanneliya Rain Forest,Shade or shelter,2,1,0,1,0.5,positive,2,REV036333_F001;REV036351_F003
Visit Kanneliya Rain Forest,Shop,2,2,0,0,1.0,positive,2,REV036342_F002;REV036353_F001
Visit Kanneliya Rain Forest,Steps or stairs,2,0,2,0,-1.0,negative,2,REV036320_F002;REV036369_F001
Visit Kanneliya Rain Forest,Taxi service,1,0,1,0,-1.0,negative,1,REV036303_F004
Visit Kanneliya Rain Forest,Ticket counter,1,0,0,1,0.0,neutral,1,REV036334_F001
Visit Kanneliya Rain Forest,Ticket or receipt,9,4,0,5,0.444,neutral,5,REV036334_F001;REV036351_F001;REV036351_F003;REV036351_F004;REV036351_F005;REV036351_F006;REV036361_F001;REV036362_F001;REV036370_F001
Visit Kanneliya Rain Forest,Toilet,2,0,0,2,0.0,neutral,2,REV036303_F005;REV036336_F002
Visit Kanneliya Rain Forest,Tuk tuk service,1,1,0,0,1.0,positive,1,REV036342_F001
Visit Kanneliya Rain Forest,View platform,1,0,0,1,0.0,neutral,1,REV036325_F003
Wasgamuwa National Park,Accommodation,6,1,1,4,0.0,neutral,4,REV036373_F001;REV036407_F001;REV036407_F002;REV036407_F003;REV036414_F003;REV036436_F003
Wasgamuwa National Park,Bridge,1,1,0,0,1.0,positive,1,REV036400_F001
Wasgamuwa National Park,Cafe,2,0,2,0,-1.0,negative,2,REV036373_F001;REV036414_F002
Wasgamuwa National Park,Camping facility,4,1,0,3,0.25,neutral,4,REV036398_F001;REV036401_F001;REV036404_F001;REV036436_F002
Wasgamuwa National Park,Drinking water,1,0,0,1,0.0,neutral,1,REV036401_F003
Wasgamuwa National Park,Entrance fee,8,2,0,6,0.25,neutral,6,REV036388_F001;REV036391_F001;REV036397_F001;REV036397_F002;REV036397_F003;REV036414_F001;REV036428_F001;REV036435_F001
Wasgamuwa National Park,General facilities,2,0,0,2,0.0,neutral,1,REV036393_F001;REV036393_F002
Wasgamuwa National Park,Guide service,3,1,0,2,0.333,neutral,3,REV036380_F001;REV036403_F001;REV036414_F003
Wasgamuwa National Park,Jeep service,3,2,0,1,0.667,positive,3,REV036389_F001;REV036390_F001;REV036399_F001
Wasgamuwa National Park,Parking,1,0,0,1,0.0,neutral,1,REV036401_F002
Wasgamuwa National Park,Public transport access,1,0,1,0,-1.0,negative,1,REV036428_F002
Wasgamuwa National Park,Road access,3,0,2,1,-0.667,negative,3,REV036393_F003;REV036415_F001;REV036436_F001
Wasgamuwa National Park,Security,1,0,0,1,0.0,neutral,1,REV036376_F001
Wasgamuwa National Park,Shade or shelter,1,1,0,0,1.0,positive,1,REV036395_F001
Wasgamuwa National Park,Shop,1,0,1,0,-1.0,negative,1,REV036414_F002
Wasgamuwa National Park,Ticket or receipt,2,0,1,1,-0.5,neutral,2,REV036397_F001;REV036408_F001
Wasgamuwa National Park,Toilet,4,0,1,3,-0.25,neutral,3,REV036397_F004;REV036397_F005;REV036401_F004;REV036421_F001
Wasgamuwa National Park,Tuk tuk service,1,0,0,1,0.0,neutral,1,REV036380_F002
Weherahena Buddhist Temple,Accommodation,2,0,0,2,0.0,neutral,2,REV032082_F001;REV032145_F001
Weherahena Buddhist Temple,Bridge,1,0,0,1,0.0,neutral,1,REV032135_F001
Weherahena Buddhist Temple,Brochure,1,1,0,0,1.0,positive,1,REV032094_F002
Weherahena Buddhist Temple,Donation box,16,1,4,11,-0.188,neutral,16,REV032069_F004;REV032080_F001;REV032086_F001;REV032095_F001;REV032107_F002;REV032108_F001;REV032112_F001;REV032114_F002;REV032124_F003;REV032133_F001;REV032136_F001;REV032138_F001;REV032140_F001;REV032144_F002;REV032147_F001;REV032149_F001
Weherahena Buddhist Temple,Entrance fee,18,4,2,12,0.111,neutral,14,REV032069_F002;REV032069_F003;REV032069_F004;REV032069_F005;REV032069_F006;REV032071_F001;REV032076_F002;REV032086_F001;REV032097_F001;REV032098_F001;REV032114_F001;REV032118_F002;REV032124_F002;REV032126_F003;REV032133_F001;REV032138_F001;REV032139_F001;REV032140_F001
Weherahena Buddhist Temple,Guide service,7,5,0,2,0.714,positive,6,REV032080_F001;REV032094_F001;REV032094_F003;REV032097_F002;REV032128_F001;REV032142_F001;REV032144_F001
Weherahena Buddhist Temple,Multilingual information,2,0,0,2,0.0,neutral,2,REV032132_F002;REV032140_F002
Weherahena Buddhist Temple,Parking,3,0,0,3,0.0,neutral,3,REV032072_F001;REV032076_F001;REV032114_F002
Weherahena Buddhist Temple,Public transport access,3,1,0,2,0.333,neutral,3,REV032069_F001;REV032101_F002;REV032118_F001
Weherahena Buddhist Temple,Security,1,0,0,1,0.0,neutral,1,REV032127_F001
Weherahena Buddhist Temple,Shoe storage,1,0,0,1,0.0,neutral,1,REV032126_F001
Weherahena Buddhist Temple,Shop,1,0,0,1,0.0,neutral,1,REV032069_F003
Weherahena Buddhist Temple,Signage,1,0,0,1,0.0,neutral,1,REV032122_F001
Weherahena Buddhist Temple,Steps or stairs,5,3,0,2,0.6,positive,5,REV032076_F003;REV032101_F001;REV032107_F001;REV032124_F001;REV032139_F002
Weherahena Buddhist Temple,Ticket or receipt,2,0,1,1,-0.5,neutral,2,REV032075_F001;REV032126_F002
Weherahena Buddhist Temple,Tuk tuk service,8,3,0,5,0.375,neutral,6,REV032077_F001;REV032077_F002;REV032113_F001;REV032121_F001;REV032121_F002;REV032123_F001;REV032132_F001;REV032150_F001
Weligama Beach,Accommodation,53,14,5,34,0.17,neutral,40,REV032155_F001;REV032157_F001;REV032157_F002;REV032157_F003;REV032157_F007;REV032158_F001;REV032163_F001;REV032164_F001;REV032175_F001;REV032176_F001;REV032176_F002;REV032176_F003;REV032177_F002;REV032183_F002;REV032189_F001;REV032193_F001;REV032194_F001;REV032194_F002;REV032197_F001;REV032206_F001;REV032206_F002;REV032208_F002;REV032230_F001;REV032232_F001;REV032243_F001
Weligama Beach,Bridge,1,0,1,0,-1.0,negative,1,REV032187_F001
Weligama Beach,Cafe,11,6,1,4,0.455,positive,10,REV032156_F001;REV032157_F004;REV032157_F005;REV032208_F001;REV032211_F001;REV032230_F001;REV032237_F001;REV032249_F001;REV032250_F003;REV032252_F001;REV032285_F001
Weligama Beach,Entrance fee,4,2,0,2,0.5,positive,4,REV032199_F001;REV032213_F004;REV032224_F001;REV032267_F001
Weligama Beach,Food stall,4,3,0,1,0.75,positive,4,REV032168_F001;REV032202_F002;REV032239_F001;REV032324_F001
Weligama Beach,Lifeguard service,1,0,1,0,-1.0,negative,1,REV032288_F002
Weligama Beach,Parking,4,1,0,3,0.25,neutral,4,REV032183_F001;REV032196_F001;REV032303_F002;REV032337_F001
Weligama Beach,Restaurant,35,13,5,17,0.229,neutral,34,REV032157_F004;REV032179_F001;REV032180_F001;REV032185_F001;REV032185_F002;REV032187_F002;REV032205_F001;REV032209_F001;REV032213_F001;REV032218_F001;REV032225_F002;REV032226_F001;REV032237_F001;REV032243_F001;REV032248_F001;REV032251_F002;REV032252_F001;REV032265_F001;REV032266_F001;REV032272_F001;REV032278_F001;REV032279_F003;REV032282_F001;REV032295_F001;REV032302_F001
Weligama Beach,Road access,2,0,0,2,0.0,neutral,2,REV032202_F002;REV032233_F001
Weligama Beach,Seating,1,0,1,0,-1.0,negative,1,REV032275_F001
Weligama Beach,Security,1,0,1,0,-1.0,negative,1,REV032288_F002
Weligama Beach,Shade or shelter,3,1,0,2,0.333,neutral,3,REV032157_F006;REV032241_F001;REV032301_F001
Weligama Beach,Shop,10,4,2,4,0.2,positive,8,REV032205_F001;REV032213_F003;REV032213_F004;REV032225_F002;REV032229_F001;REV032229_F002;REV032251_F001;REV032259_F001;REV032265_F001;REV032310_F001
Weligama Beach,Shower,1,0,0,1,0.0,neutral,1,REV032177_F001
Weligama Beach,Steps or stairs,2,0,0,2,0.0,neutral,1,REV032202_F004;REV032202_F005
Weligama Beach,Surfboard rental,3,1,0,2,0.333,neutral,3,REV032224_F001;REV032251_F001;REV032309_F001
Weligama Beach,Taxi service,1,0,1,0,-1.0,negative,1,REV032207_F001
Weligama Beach,Toilet,2,0,1,1,-0.5,neutral,1,REV032202_F001;REV032202_F003
Weligama Beach,Towel service,2,0,0,2,0.0,neutral,2,REV032200_F001;REV032327_F001
Weligama Beach,Tuk tuk service,11,6,1,4,0.455,positive,8,REV032186_F001;REV032191_F001;REV032191_F002;REV032191_F003;REV032192_F001;REV032192_F002;REV032213_F002;REV032220_F001;REV032225_F001;REV032233_F002;REV032293_F002
Weligama Beach,Waste bins,1,1,0,0,1.0,positive,1,REV032175_F002
Wewurukannala Vihara,Accommodation,3,1,0,2,0.333,neutral,3,REV044843_F001;REV044899_F001;REV044913_F001
Wewurukannala Vihara,Clothing cover service,1,0,1,0,-1.0,negative,1,REV044846_F002
Wewurukannala Vihara,Donation box,16,2,4,10,-0.125,neutral,14,REV044814_F001;REV044823_F001;REV044825_F001;REV044825_F002;REV044825_F003;REV044834_F001;REV044842_F001;REV044843_F002;REV044844_F001;REV044845_F001;REV044846_F002;REV044848_F002;REV044850_F002;REV044868_F002;REV044922_F001;REV044926_F001
Wewurukannala Vihara,Entrance fee,21,2,4,15,-0.095,neutral,20,REV044819_F001;REV044820_F001;REV044835_F001;REV044844_F001;REV044846_F002;REV044847_F001;REV044847_F002;REV044848_F001;REV044854_F002;REV044860_F001;REV044867_F001;REV044868_F001;REV044870_F001;REV044878_F001;REV044909_F001;REV044916_F001;REV044917_F001;REV044921_F001;REV044922_F001;REV044923_F001;REV044926_F001
Wewurukannala Vihara,Guide service,3,0,0,3,0.0,neutral,2,REV044825_F001;REV044825_F002;REV044892_F001
Wewurukannala Vihara,Multilingual information,1,1,0,0,1.0,positive,1,REV044915_F001
Wewurukannala Vihara,Road access,1,1,0,0,1.0,positive,1,REV044850_F001
Wewurukannala Vihara,Seating,1,1,0,0,1.0,positive,1,REV044899_F002
Wewurukannala Vihara,Shoe storage,2,0,0,2,0.0,neutral,2,REV044906_F001;REV044928_F002
Wewurukannala Vihara,Shop,1,0,0,1,0.0,neutral,1,REV044923_F002
Wewurukannala Vihara,Signage,1,0,0,1,0.0,neutral,1,REV044819_F002
Wewurukannala Vihara,Steps or stairs,5,0,2,3,-0.4,neutral,5,REV044820_F002;REV044832_F001;REV044868_F003;REV044906_F002;REV044928_F002
Wewurukannala Vihara,Taxi service,2,0,0,2,0.0,neutral,2,REV044854_F001;REV044895_F001
Wewurukannala Vihara,Ticket or receipt,5,0,2,3,-0.4,neutral,5,REV044808_F001;REV044819_F001;REV044844_F001;REV044869_F001;REV044872_F001
Wewurukannala Vihara,Tuk tuk service,6,2,0,4,0.333,neutral,6,REV044823_F001;REV044846_F001;REV044866_F001;REV044913_F001;REV044914_F001;REV044928_F001
Whale Watching in Mirissa,Accommodation,10,6,1,3,0.5,positive,10,REV032362_F001;REV032381_F001;REV032385_F001;REV032390_F003;REV032396_F001;REV032409_F003;REV032411_F001;REV032414_F002;REV032427_F001;REV032444_F002
Whale Watching in Mirissa,Boat service,4,2,0,2,0.5,positive,4,REV032352_F001;REV032379_F001;REV032416_F001;REV032435_F001
Whale Watching in Mirissa,Drinking water,1,1,0,0,1.0,positive,1,REV032352_F002
Whale Watching in Mirissa,Entrance fee,6,3,1,2,0.333,positive,6,REV032360_F001;REV032384_F001;REV032394_F002;REV032409_F002;REV032411_F002;REV032435_F002
Whale Watching in Mirissa,Food stall,15,7,2,6,0.333,positive,15,REV032356_F001;REV032372_F001;REV032378_F001;REV032381_F001;REV032385_F002;REV032387_F001;REV032391_F001;REV032404_F001;REV032405_F001;REV032414_F001;REV032423_F001;REV032424_F001;REV032428_F001;REV032434_F001;REV032439_F001
Whale Watching in Mirissa,General facilities,1,1,0,0,1.0,positive,1,REV032444_F001
Whale Watching in Mirissa,Guide service,1,0,0,1,0.0,neutral,1,REV032379_F001
Whale Watching in Mirissa,Public transport access,1,0,1,0,-1.0,negative,1,REV032409_F001
Whale Watching in Mirissa,Seating,5,2,2,1,0.0,positive,4,REV032390_F001;REV032390_F002;REV032391_F003;REV032426_F001;REV032443_F001
Whale Watching in Mirissa,Shade or shelter,1,0,1,0,-1.0,negative,1,REV032395_F001
Whale Watching in Mirissa,Shop,2,0,1,1,-0.5,neutral,2,REV032381_F001;REV032414_F002
Whale Watching in Mirissa,Taxi service,1,0,0,1,0.0,neutral,1,REV032401_F001
Whale Watching in Mirissa,Ticket or receipt,2,1,0,1,0.5,positive,2,REV032393_F001;REV032427_F002
Whale Watching in Mirissa,Towel service,14,9,0,5,0.643,positive,14,REV032367_F001;REV032374_F001;REV032379_F002;REV032391_F002;REV032393_F002;REV032394_F001;REV032403_F001;REV032404_F001;REV032413_F001;REV032414_F001;REV032416_F002;REV032428_F001;REV032431_F001;REV032433_F001
Whale Watching in Mirissa,Tuk tuk service,4,2,1,1,0.25,positive,4,REV032396_F001;REV032409_F001;REV032427_F001;REV032444_F002
Wilpattu National Park,Accessibility ramp,1,0,0,1,0.0,neutral,1,REV036487_F001
Wilpattu National Park,Accommodation,40,13,6,21,0.175,neutral,32,REV036452_F001;REV036531_F001;REV036554_F001;REV036593_F001;REV036600_F001;REV036601_F001;REV036601_F002;REV036613_F001;REV036620_F001;REV036622_F001;REV036643_F001;REV036659_F001;REV036661_F001;REV036683_F001;REV036683_F002;REV036683_F003;REV036715_F001;REV036720_F001;REV036758_F001;REV036763_F001;REV036774_F001;REV036796_F001;REV036798_F001;REV036808_F001;REV036808_F002
Wilpattu National Park,Bridge,1,0,0,1,0.0,neutral,1,REV036755_F001
Wilpattu National Park,Brochure,4,0,2,2,-0.5,neutral,3,REV036507_F001;REV036550_F001;REV036879_F002;REV036879_F003
Wilpattu National Park,Camping facility,2,0,0,2,0.0,neutral,2,REV036823_F001;REV036927_F001
Wilpattu National Park,Drinking water,5,0,1,4,-0.2,neutral,5,REV036644_F001;REV036648_F001;REV036753_F001;REV036865_F002;REV036927_F002
Wilpattu National Park,Entrance fee,49,10,12,27,-0.041,neutral,41,REV036453_F001;REV036456_F002;REV036493_F001;REV036495_F001;REV036518_F002;REV036524_F001;REV036563_F001;REV036573_F001;REV036590_F001;REV036611_F001;REV036613_F002;REV036613_F003;REV036652_F001;REV036657_F002;REV036657_F003;REV036671_F002;REV036678_F001;REV036683_F001;REV036738_F001;REV036738_F003;REV036763_F002;REV036778_F002;REV036782_F001;REV036789_F001;REV036808_F002
Wilpattu National Park,Food stall,5,0,2,3,-0.4,neutral,5,REV036474_F002;REV036839_F004;REV036905_F001;REV036927_F002;REV036932_F001
Wilpattu National Park,General facilities,4,2,1,1,0.25,positive,4,REV036472_F001;REV036656_F001;REV036842_F001;REV036886_F001
Wilpattu National Park,Guide service,29,15,1,13,0.483,positive,26,REV036452_F002;REV036465_F001;REV036479_F001;REV036481_F001;REV036497_F001;REV036499_F002;REV036509_F001;REV036518_F001;REV036534_F001;REV036556_F001;REV036556_F002;REV036572_F001;REV036577_F002;REV036604_F001;REV036606_F001;REV036632_F001;REV036641_F001;REV036656_F003;REV036752_F001;REV036779_F001;REV036790_F001;REV036790_F003;REV036796_F002;REV036796_F003;REV036797_F001
Wilpattu National Park,Jeep service,25,7,1,17,0.24,neutral,19,REV036439_F001;REV036449_F001;REV036450_F001;REV036497_F001;REV036549_F001;REV036549_F002;REV036574_F001;REV036577_F001;REV036652_F001;REV036657_F001;REV036671_F001;REV036674_F001;REV036683_F001;REV036770_F001;REV036778_F001;REV036778_F003;REV036814_F001;REV036852_F001;REV036873_F001;REV036873_F002;REV036873_F003;REV036877_F001;REV036877_F002;REV036901_F001;REV036901_F002
Wilpattu National Park,Lighting,2,1,1,0,0.0,positive,2,REV036548_F001;REV036622_F002
Wilpattu National Park,Multilingual information,1,1,0,0,1.0,positive,1,REV036582_F001
Wilpattu National Park,Parking,3,0,0,3,0.0,neutral,3,REV036469_F001;REV036600_F003;REV036623_F001
Wilpattu National Park,Pathway,1,0,0,1,0.0,neutral,1,REV036759_F003
Wilpattu National Park,Public transport access,1,0,0,1,0.0,neutral,1,REV036683_F003
Wilpattu National Park,Rest area,5,1,1,3,0.0,neutral,5,REV036474_F001;REV036500_F001;REV036529_F001;REV036596_F001;REV036767_F001
Wilpattu National Park,Restaurant,3,0,1,2,-0.333,neutral,3,REV036538_F001;REV036570_F001;REV036839_F003
Wilpattu National Park,Road access,3,0,2,1,-0.667,negative,3,REV036454_F001;REV036879_F002;REV036895_F002
Wilpattu National Park,Seating,7,6,1,0,0.714,positive,7,REV036499_F001;REV036542_F001;REV036677_F001;REV036694_F001;REV036766_F001;REV036869_F001;REV036873_F003
Wilpattu National Park,Security,1,0,0,1,0.0,neutral,1,REV036816_F002
Wilpattu National Park,Shade or shelter,6,1,0,5,0.167,neutral,6,REV036509_F002;REV036543_F001;REV036766_F001;REV036800_F001;REV036832_F001;REV036931_F001
Wilpattu National Park,Shop,3,0,3,0,-1.0,negative,3,REV036839_F003;REV036841_F001;REV036925_F003
Wilpattu National Park,Signage,1,1,0,0,1.0,positive,1,REV036499_F001
Wilpattu National Park,Souvenir shop,2,0,1,1,-0.5,neutral,2,REV036696_F001;REV036826_F002
Wilpattu National Park,Steps or stairs,1,1,0,0,1.0,positive,1,REV036562_F001
Wilpattu National Park,Taxi service,16,5,7,4,-0.125,negative,13,REV036469_F002;REV036635_F001;REV036671_F002;REV036688_F001;REV036688_F002;REV036715_F002;REV036762_F001;REV036762_F002;REV036791_F001;REV036808_F002;REV036828_F001;REV036834_F001;REV036864_F001;REV036907_F001;REV036907_F002;REV036930_F001
Wilpattu National Park,Ticket counter,2,0,0,2,0.0,neutral,2,REV036791_F002;REV036885_F002
Wilpattu National Park,Ticket or receipt,20,5,2,13,0.15,neutral,17,REV036456_F001;REV036457_F001;REV036503_F001;REV036524_F001;REV036613_F008;REV036664_F001;REV036683_F003;REV036745_F001;REV036759_F001;REV036759_F002;REV036790_F002;REV036791_F002;REV036865_F001;REV036878_F001;REV036878_F002;REV036879_F001;REV036885_F002;REV036885_F005;REV036892_F001;REV036899_F001
Wilpattu National Park,Toilet,34,5,8,21,-0.088,neutral,26,REV036492_F001;REV036529_F001;REV036538_F001;REV036546_F001;REV036600_F002;REV036602_F001;REV036613_F004;REV036613_F005;REV036613_F006;REV036613_F007;REV036613_F008;REV036647_F001;REV036656_F002;REV036677_F002;REV036692_F001;REV036738_F002;REV036744_F001;REV036762_F002;REV036795_F001;REV036796_F001;REV036812_F001;REV036816_F001;REV036839_F005;REV036877_F003;REV036877_F004
Wilpattu National Park,Towel service,1,0,0,1,0.0,neutral,1,REV036656_F002
Wilpattu National Park,Tuk tuk service,1,0,1,0,-1.0,negative,1,REV036471_F001
Wilpattu National Park,View platform,1,1,0,0,1.0,positive,1,REV036801_F001
Wilpattu National Park,Waste bins,2,0,2,0,-1.0,negative,2,REV036738_F002;REV036925_F005
Wolvendaal Church,Brochure,3,1,1,1,0.0,positive,3,REV006950_F001;REV006981_F001;REV007015_F002
Wolvendaal Church,Donation box,18,5,6,7,-0.056,neutral,16,REV006929_F002;REV006940_F002;REV006941_F001;REV006957_F002;REV006963_F001;REV006968_F001;REV006969_F001;REV006978_F001;REV006981_F003;REV006982_F001;REV006987_F001;REV006988_F001;REV006992_F001;REV006992_F002;REV006993_F002;REV006993_F003;REV007001_F001;REV007011_F001
Wolvendaal Church,Entrance fee,6,3,1,2,0.333,positive,6,REV006930_F001;REV006940_F003;REV006963_F002;REV006968_F001;REV007001_F001;REV007015_F004
Wolvendaal Church,Guide service,13,4,2,7,0.154,neutral,12,REV006940_F001;REV006946_F001;REV006957_F001;REV006975_F001;REV006980_F001;REV006981_F002;REV006981_F003;REV006985_F001;REV006993_F001;REV007000_F001;REV007008_F001;REV007019_F001;REV007021_F001
Wolvendaal Church,Lighting,1,1,0,0,1.0,positive,1,REV007010_F001
Wolvendaal Church,Seating,4,0,1,3,-0.25,neutral,4,REV006976_F001;REV006995_F001;REV006998_F001;REV007008_F001
Wolvendaal Church,Signage,6,1,2,3,-0.167,neutral,5,REV006929_F001;REV006959_F001;REV007001_F002;REV007003_F001;REV007015_F002;REV007015_F003
Wolvendaal Church,Taxi service,1,1,0,0,1.0,positive,1,REV006967_F001
Wolvendaal Church,Tuk tuk service,8,2,1,5,0.125,neutral,7,REV006907_F001;REV006907_F002;REV006916_F001;REV006953_F001;REV006957_F002;REV006981_F001;REV007015_F001;REV007020_F001
Yala National Park,Accommodation,13,3,4,6,-0.077,neutral,11,REV036940_F001;REV036953_F001;REV036954_F001;REV036957_F001;REV036957_F002;REV036957_F003;REV036966_F001;REV036997_F001;REV037000_F002;REV037002_F001;REV037010_F001;REV037011_F001;REV037015_F001
Yala National Park,Cafe,2,1,0,1,0.5,positive,2,REV036978_F001;REV037012_F001
Yala National Park,Entrance fee,5,1,1,3,0.0,neutral,4,REV036971_F001;REV036982_F001;REV037009_F001;REV037010_F001;REV037010_F002
Yala National Park,Food stall,1,0,1,0,-1.0,negative,1,REV036985_F001
Yala National Park,General facilities,1,1,0,0,1.0,positive,1,REV037012_F002
Yala National Park,Guide service,3,2,0,1,0.667,positive,3,REV036956_F001;REV036975_F001;REV037010_F001
Yala National Park,Jeep service,2,2,0,0,1.0,positive,2,REV036951_F001;REV036976_F001
Yala National Park,Rest area,1,0,1,0,-1.0,negative,1,REV037002_F004
Yala National Park,Restaurant,2,0,1,1,-0.5,neutral,2,REV036948_F001;REV037002_F002
Yala National Park,Road access,4,1,1,2,0.0,neutral,4,REV036946_F001;REV036990_F001;REV037001_F001;REV037016_F002
Yala National Park,Taxi service,4,2,0,2,0.5,positive,4,REV036983_F001;REV036993_F001;REV036997_F001;REV037011_F001
Yala National Park,Ticket counter,1,0,0,1,0.0,neutral,1,REV037003_F001
Yala National Park,Ticket or receipt,5,1,1,3,0.0,neutral,4,REV036957_F003;REV036957_F004;REV037000_F001;REV037002_F005;REV037003_F001
Yala National Park,Toilet,8,1,3,4,-0.25,neutral,6,REV036948_F001;REV036958_F001;REV036958_F002;REV036961_F001;REV036986_F001;REV037002_F003;REV037016_F001;REV037016_F002
Yapahuwa Rock Fortress,Accessibility ramp,1,0,0,1,0.0,neutral,1,REV013116_F004
Yapahuwa Rock Fortress,Accommodation,3,0,0,3,0.0,neutral,3,REV013039_F001;REV013119_F003;REV013120_F001
Yapahuwa Rock Fortress,Brochure,1,0,1,0,-1.0,negative,1,REV013121_F001
Yapahuwa Rock Fortress,Entrance fee,5,2,0,3,0.4,neutral,5,REV013041_F001;REV013060_F001;REV013078_F003;REV013092_F004;REV013114_F002
Yapahuwa Rock Fortress,Food stall,2,0,1,1,-0.5,neutral,2,REV013110_F003;REV013121_F004
Yapahuwa Rock Fortress,Guide service,2,0,0,2,0.0,neutral,2,REV013121_F002;REV013122_F001
Yapahuwa Rock Fortress,Handrail,2,1,1,0,0.0,positive,2,REV013049_F001;REV013108_F001
Yapahuwa Rock Fortress,Multilingual information,1,0,0,1,0.0,neutral,1,REV013060_F003
Yapahuwa Rock Fortress,Parking,2,1,0,1,0.5,positive,2,REV013074_F003;REV013116_F003
Yapahuwa Rock Fortress,Pathway,4,0,1,3,-0.25,neutral,4,REV013054_F002;REV013078_F010;REV013089_F001;REV013116_F004
Yapahuwa Rock Fortress,Public transport access,1,1,0,0,1.0,positive,1,REV013111_F001
Yapahuwa Rock Fortress,Rest area,1,0,0,1,0.0,neutral,1,REV013121_F003
Yapahuwa Rock Fortress,Restaurant,1,0,0,1,0.0,neutral,1,REV013121_F003
Yapahuwa Rock Fortress,Security,2,2,0,0,1.0,positive,1,REV013078_F004;REV013078_F006
Yapahuwa Rock Fortress,Shade or shelter,2,1,1,0,0.0,positive,2,REV013108_F003;REV013110_F003
Yapahuwa Rock Fortress,Signage,1,0,0,1,0.0,neutral,1,REV013078_F016
Yapahuwa Rock Fortress,Steps or stairs,94,14,29,51,-0.16,neutral,54,REV013038_F001;REV013038_F002;REV013039_F001;REV013040_F001;REV013041_F002;REV013044_F001;REV013045_F001;REV013045_F002;REV013046_F001;REV013047_F001;REV013047_F002;REV013049_F001;REV013051_F001;REV013054_F001;REV013054_F002;REV013055_F001;REV013055_F002;REV013059_F001;REV013061_F001;REV013063_F001;REV013064_F001;REV013065_F001;REV013065_F002;REV013066_F001;REV013068_F001
Yapahuwa Rock Fortress,Taxi service,2,1,0,1,0.5,positive,2,REV013078_F007;REV013096_F001
Yapahuwa Rock Fortress,Ticket counter,1,0,0,1,0.0,neutral,1,REV013078_F005
Yapahuwa Rock Fortress,Ticket or receipt,2,0,0,2,0.0,neutral,2,REV013074_F002;REV013078_F005
Yapahuwa Rock Fortress,Toilet,3,0,0,3,0.0,neutral,3,REV013074_F003;REV013108_F004;REV013121_F003
Yapahuwa Rock Fortress,Tuk tuk service,2,0,0,2,0.0,neutral,2,REV013060_F002;REV013114_F001
