id,question,expected_intent,detected_intent,intent_confidence,elapsed_seconds,faithfulness,answer_relevancy,context_precision,context_recall,user_input,retrieved_contexts,response,reference
Q_ACT_01,Where are the best places for swimming in Sri Lanka?,activity_query,activity_query,1.0,8.96,0.9230769230769232,0.9897791866463536,0.6783803939204982,1.0,Where are the best places for swimming in Sri Lanka?,"['Knowledge Graph Fact Knowledge Graph Fact 1. Polhena Beach is a beach in Matara District for Swimming, featuring Safety, Peacefulness, and Family friendliness.', 'Knowledge Graph Fact Knowledge Graph Fact 2. Aberdeen Falls is a waterfall for Swimming, featuring Waterfall, Road access, and Trail.', 'Knowledge Graph Fact Knowledge Graph Fact 3. Goyambokka Beach is a beach in Hambantota District for Swimming, featuring Peacefulness, Family friendliness, and Ticket price.', 'Knowledge Graph Fact Knowledge Graph Fact 4. Unawatuna Beach is a beach in Galle District for Swimming, featuring Safety, Peacefulness, and Family friendliness.', 'Knowledge Graph Fact Knowledge Graph Fact 5. Diyaluma Falls is a waterfall in Badulla District for Swimming, featuring Waterfall, Road access, and Trail.', 'Knowledge Graph Fact Knowledge Graph Fact 6. Hiriketiya Beach is a beach in Matara District for Swimming, featuring Peacefulness, Family friendliness, and Ticket price.', 'Knowledge Graph Fact Knowledge Graph Fact 7. Nilaveli Beach is a beach in Trincomalee District for Swimming, featuring Peacefulness, Cleanliness, and Crowdedness.', 'Knowledge Graph Fact Knowledge Graph Fact 8. Casuarina Beach is a beach in Jaffna District for Swimming, featuring Safety, Peacefulness, and Family friendliness.', 'Knowledge Graph Fact RETRIEVAL NOTES:', 'Knowledge Graph Fact - Ranked by: positive sentiment, Swimming', 'Knowledge Graph Fact - CONTRADICTION RULE: If Review Evidence contradicts the Knowledge Graph facts, you MUST treat the Knowledge Graph as the absolute ground truth.']","The best places for swimming in Sri Lanka are:

- **Polhena Beach** — Located in the Matara District, this beach is noted for its safety, peacefulness, and family friendliness.
- **Aberdeen Falls** — This waterfall destination provides swimming opportunities and is accessible via a trail and road.
- **Goyambokka Beach** — Situated in the Hambantota District, this beach offers a peaceful and family-friendly environment, and there is a ticket price required for entry.
- **Unawatuna Beach** — Found in the Galle District, this beach is characterized by its safety, peacefulness, and family friendliness.
- **Diyaluma Falls** — A waterfall in the Badulla District suitable for swimming, which is reachable by road and a trail.
- **Hiriketiya Beach** — Located in the Matara District, this beach features a peaceful and family-friendly atmosphere, with a ticket price required for entry.
- **Nilaveli Beach** — A beach in the Trincomalee District known for its peacefulness, cleanliness, and level of crowdedness.
- **Casuarina Beach** — A beach in the Jaffna District recognized for its safety, peacefulness, and family friendliness.","The best places for swimming in Sri Lanka include Polhena Beach, Goyambokka Beach, Unawatuna Beach, Diyaluma Falls, Hiriketiya Beach, Nilaveli Beach, and Casuarina Beach."
Q_ACT_02,Which destinations are good for bird watching in Sri Lanka?,activity_query,activity_query,1.0,7.04,0.8,0.933905195530328,1.0,1.0,Which destinations are good for bird watching in Sri Lanka?,"['Knowledge Graph Fact Knowledge Graph Fact 1. Kalametiya Eco Bird Watching is a location for Bird watching, featuring Rock formation, Scenic view, and Peacefulness.', 'Knowledge Graph Fact Knowledge Graph Fact 2. Beddegana Wetland Park is located in Colombo District for Bird watching, featuring Trail, Scenic view, and Peacefulness.', 'Knowledge Graph Fact Knowledge Graph Fact 3. Kumana National Park is located in Ampara District for Bird watching, featuring Road access, Scenic view, and Peacefulness.', 'Knowledge Graph Fact RETRIEVAL NOTES:', 'Knowledge Graph Fact - Ranked by: Bird watching', 'Knowledge Graph Fact - CONTRADICTION RULE: If Review Evidence contradicts the Knowledge Graph facts, you MUST treat the Knowledge Graph as the absolute ground truth.']","Here are the top bird watching destinations in Sri Lanka:

- **Kalametiya Eco Bird Watching** — This location is ideal for bird watching and features a rock formation, scenic views, and peacefulness.

- **Beddegana Wetland Park** — Located in the Colombo District, this wetland park offers bird watching opportunities along a trail, complemented by scenic views and a sense of peacefulness.

- **Kumana National Park** — Situated in the Ampara District, this national park provides bird watching access via roads and is characterized by its scenic views and peacefulness.","Good destinations for bird watching in Sri Lanka include Kalametiya Eco Bird Watching, Beddegana Wetland Park, and Kumana National Park."
Q_ACT_03,What are the best spots for hiking in Sri Lanka?,activity_query,activity_query,1.0,8.22,1.0,0.9580983350131014,0.9090946796321637,0.442774397300195,What are the best spots for hiking in Sri Lanka?,"['Knowledge Graph Fact Knowledge Graph Fact 1. Ella Rock is located in Badulla District for Hiking, featuring Waterfall, Trail, and Rock formation.', ""Knowledge Graph Fact Knowledge Graph Fact 2. Little Adam's Peak View Point is located in Badulla District for Hiking, featuring Trail, Rock formation, and Scenic view."", 'Knowledge Graph Fact Knowledge Graph Fact 3. Horton Plains National Park is located in Nuwara Eliya District for Hiking, featuring Waterfall, Trail, and Scenic view.', 'Knowledge Graph Fact Knowledge Graph Fact 4. Knuckles Mountain Range is a location for Hiking, featuring Waterfall, Road access, and Trail.', 'Knowledge Graph Fact Knowledge Graph Fact 5. Single Tree Hill is located in Nuwara Eliya District for Hiking, featuring Road access, Trail, and Scenic view.', 'Knowledge Graph Fact Knowledge Graph Fact 6. Knuckles Mountain Range is a location for Trekking, featuring Waterfall, Road access, and Trail.', 'Knowledge Graph Fact Knowledge Graph Fact 7. Pidurangala Rock is located in Matale District for Hiking, featuring Trail, Rock formation, and Scenic view.', 'Knowledge Graph Fact Knowledge Graph Fact 8. Aberdeen Falls is a location for Hiking, featuring Waterfall, Road access, and Trail.', 'Knowledge Graph Fact RETRIEVAL NOTES:', 'Knowledge Graph Fact - Ranked by: Hiking', 'Knowledge Graph Fact - CONTRADICTION RULE: If Review Evidence contradicts the Knowledge Graph facts, you MUST treat the Knowledge Graph as the absolute ground truth.']","The best places for hiking in Sri Lanka are:

- **Ella Rock** — Located in the Badulla District, this site features a trail, a waterfall, and a rock formation.
- **Little Adam's Peak View Point** — Situated in the Badulla District, this location offers a trail, a rock formation, and a scenic view.
- **Horton Plains National Park** — Found in the Nuwara Eliya District, this park provides a trail, a waterfall, and a scenic view.
- **Knuckles Mountain Range** — This area features a trail, a waterfall, and road access.
- **Single Tree Hill** — Located in the Nuwara Eliya District, this spot includes a trail, road access, and a scenic view.
- **Pidurangala Rock** — Situated in the Matale District, this site features a trail, a rock formation, and a scenic view.
- **Aberdeen Falls** — This location offers a trail, a waterfall, and road access.

### Trekking

- **Knuckles Mountain Range** — This area features a trail, a waterfall, and road access.","The best hiking spots in Sri Lanka include Ella Rock, Little Adam's Peak View Point, Horton Plains National Park, Knuckles Mountain Range, Single Tree Hill, Pidurangala Rock, Aberdeen Falls, Sinharaja Forest Reserve, Devon Falls, and Nine Arches Bridge."
Q_ACT_04,Which places are popular for exploring ancient ruins in Sri Lanka?,activity_query,activity_query,0.98,6.86,1.0,0.9797794873065212,1.0,0.19277439730019502,Which places are popular for exploring ancient ruins in Sri Lanka?,"['Knowledge Graph Fact Knowledge Graph Fact 1. Ancient City of Polonnaruwa is a Heritage Site for Ruins exploration, featuring Temple, Weather condition, and Ancient ruins.', 'Knowledge Graph Fact Knowledge Graph Fact 2. Ritigala Forest Monastery is located in Anuradhapura District for Ruins exploration, featuring Road access, Trail, and Ancient ruins.', 'Knowledge Graph Fact Knowledge Graph Fact 3. Polonnaruwa Vatadage is located in Polonnaruwa District for Ruins exploration, featuring Temple, Weather condition, and Ancient ruins.', 'Knowledge Graph Fact RETRIEVAL NOTES:', 'Knowledge Graph Fact - Ranked by: popularity, historical significance', 'Knowledge Graph Fact - CONTRADICTION RULE: If Review Evidence contradicts the Knowledge Graph facts, you MUST treat the Knowledge Graph as the absolute ground truth.']","The popular places for exploring ancient ruins in Sri Lanka are:

- **Ancient City of Polonnaruwa** — This heritage site features ancient ruins and a temple. When planning your visit, keep in mind that the weather condition can impact your exploration.
- **Ritigala Forest Monastery** — Located in the Anuradhapura District, this religious site offers a trail and road access to explore its ancient ruins.
- **Polonnaruwa Vatadage** — Situated in the Polonnaruwa District, this heritage site features ancient ruins and a temple. Be sure to consider the weather condition when planning your trip to this location.","Popular places for exploring ancient ruins in Sri Lanka include the Ancient City of Polonnaruwa, Ritigala Forest Monastery, Polonnaruwa Vatadage, and Yapahuwa Rock Fortress."
Q_ACT_05,Where can I visit famous Buddhist temples in Sri Lanka?,activity_query,activity_query,0.95,7.59,1.0,0.949649884316072,1.0,0.19277439730019502,Where can I visit famous Buddhist temples in Sri Lanka?,"['Knowledge Graph Fact Knowledge Graph Fact 1. Nagadipa Purana Vihara is a Religious Site for a Temple visit, featuring Road access, Safety, and Temple.', 'Knowledge Graph Fact Knowledge Graph Fact 2. Temple of the Sacred Tooth Relic is located in Kandy District for a Temple visit, featuring Temple, Buddha statue, and Peacefulness.', 'Knowledge Graph Fact Knowledge Graph Fact 3. Sithulpawwa Rock Temple is a Religious Site for a Temple visit, featuring Road access, Rock formation, and Scenic view.', 'Knowledge Graph Fact Knowledge Graph Fact 4. Kelaniya Raja Maha Vihara is located in Gampaha District for a Temple visit, featuring River, Temple, and Buddha statue.', 'Knowledge Graph Fact Knowledge Graph Fact 5. Weherahena Buddhist Temple is a Religious Site for a Temple visit, featuring Scenic view, Temple, and Buddha statue.', 'Knowledge Graph Fact RETRIEVAL NOTES:', 'Knowledge Graph Fact - Ranked by: popularity, cultural significance', 'Knowledge Graph Fact - CONTRADICTION RULE: If Review Evidence contradicts the Knowledge Graph facts, you MUST treat the Knowledge Graph as the absolute ground truth.']","The famous Buddhist temples you can visit in Sri Lanka are:

- **Temple of the Sacred Tooth Relic** — Located in the Kandy District, this temple offers a peaceful environment and features a Buddha statue.

- **Kelaniya Raja Maha Vihara** — Situated in the Gampaha District, this temple is located by a river and features a Buddha statue.

- **Nagadipa Purana Vihara** — This religious site is accessible by road and serves as a destination for temple visits, with safety noted as a feature.

- **Sithulpawwa Rock Temple** — This religious site features a rock formation and provides scenic views, with access available by road.

- **Weherahena Buddhist Temple** — This temple features a Buddha statue and offers scenic views.","Famous Buddhist temples and religious sites in Sri Lanka include Nagadipa Purana Vihara, the Temple of the Sacred Tooth Relic, Kelaniya Raja Maha Vihara, Gangaramaya Temple, Rankoth Vehera, Sithulpawwa Rock Temple, and Weherahena Buddhist Temple."
Q_ACT_06,Where can I experience a wildlife safari in Sri Lanka?,activity_query,activity_query,1.0,8.49,0.9333333333333332,0.940406113810648,0.9587375367706321,1.0,Where can I experience a wildlife safari in Sri Lanka?,"['Knowledge Graph Fact Knowledge Graph Fact 1. Elephant Transit Home (ETH) is located in Ratnapura District for Safari, featuring Family friendliness, Wildlife, Ticket price, and Elephants, with facilities including Entrance fee.', 'Knowledge Graph Fact Knowledge Graph Fact 2. Gal Oya National Park is located in Polonnaruwa District for Swimming, Safari, Boat safari, Boat ride, Elephant watching, Camping, and Jeep safari, featuring Road access, Scenic view, Peacefulness, Wildlife, Local guide, Birds, Lake, Elephants, Boat service, and Forest, with facilities including Boat service and Jeep service.', 'Knowledge Graph Fact Knowledge Graph Fact 3. Hurulu Eco Park is located in Anuradhapura District for Safari and Elephant watching, featuring Road access, Trail, Scenic view, Weather condition, Family friendliness, Wildlife, Ticket price, Crowdedness, Local guide, Accommodation, Birds, and Elephants, with facilities including Accommodation and Entrance fee.', 'Knowledge Graph Fact Knowledge Graph Fact 4. Kaudulla National Park is located in Polonnaruwa District for Safari, Elephant watching, and Jeep safari, featuring Road access, Wildlife, Ticket price, Crowdedness, Local guide, Birds, Lake, and Elephants.', 'Knowledge Graph Fact Knowledge Graph Fact 5. Kumana National Park is located in Ampara District for Bird watching, Safari, and Camping, featuring Road access, Scenic view, Peacefulness, Wildlife, Ticket price, Crowdedness, Local guide, Birds, Elephants, Forest, and Leopards, with facilities including Entrance fee.', 'Knowledge Graph Fact RETRIEVAL NOTES:', 'Knowledge Graph Fact - Ranked by: Wildlife, Safari', 'Knowledge Graph Fact - CONTRADICTION RULE: If Review Evidence contradicts the Knowledge Graph facts, you MUST treat the Knowledge Graph as the absolute ground truth.']","The best places to experience a wildlife safari in Sri Lanka are:

- **Elephant Transit Home (ETH)** — offers safari experiences focused on elephants and is noted for being family-friendly, providing a great opportunity to see wildlife in the Ratnapura District.
- **Gal Oya National Park** — provides opportunities for both jeep safaris and boat safaris, allowing visitors to view elephants, birds, and the forest while enjoying scenic views, peacefulness, and the lake.
- **Hurulu Eco Park** — features safari activities centered on elephant watching, with local guides available to enhance the experience, as well as on-site accommodation options.
- **Kaudulla National Park** — hosts jeep safaris where visitors can observe elephants, birds, and the lake, often with the help of a local guide.
- **Kumana National Park** — offers safari experiences in a peaceful setting where visitors can spot leopards, elephants, and birds, while enjoying scenic views of the forest.","Top places for wildlife safari experiences in Sri Lanka include Gal Oya National Park, Hurulu Eco Park, Kaudulla National Park, Kumana National Park, and the Elephant Transit Home."
Q_ACT_07,What are the best places for boating and boat rides in Sri Lanka?,activity_query,activity_query,0.98,9.14,0.7575757575757576,0.9354012596871972,1.0,0.19277439730019502,What are the best places for boating and boat rides in Sri Lanka?,"['Knowledge Graph Fact Knowledge Graph Fact 1. Gal Oya National Park is located in Polonnaruwa District for Swimming, Safari, Boat safari, Boat ride, Elephant watching, Camping, and Jeep safari, featuring Road access, Scenic view, Peacefulness, Wildlife, Local guide, Birds, Lake, Elephants, Boat service, and Forest, with facilities including Boat service and Jeep service.', 'Knowledge Graph Fact Knowledge Graph Fact 2. Madu River Safari by Buddhi is located in Galle District for Temple visit, Safari, Boat safari, Boat ride, and Spa treatment, featuring River, Scenic view, Temple, Family friendliness, Wildlife, Ticket price, Local guide, Value for money, Birds, and Boat service, with facilities including Entrance fee and Boat service.', 'Knowledge Graph Fact Knowledge Graph Fact 3. Gregory Lake is located in Nuwara Eliya District for Relaxing and Boat ride, featuring Scenic view, Family friendliness, Ticket price, Cleanliness, Mountain, Food quality, Lake, and Boat service, with facilities including Entrance fee and Boat service.', 'Knowledge Graph Fact Knowledge Graph Fact 4. Kalametiya Eco Bird Watching is a location for Photography, Bird watching, Sunset watching, and Boat ride, featuring Rock formation, Scenic view, Peacefulness, Wildlife, Local guide, Lagoon, Birds, Sunset view, and Boat service, with facilities including Guide service and Boat service.', 'Knowledge Graph Fact Knowledge Graph Fact 5. Koggala Lake is located in Galle District for Temple visit, Relaxing, Boat ride, and Spa treatment, featuring Temple, Peacefulness, Wildlife, Ticket price, Public transport access, Local guide, Value for money, Birds, Lake, and Boat service, with facilities including Tuk tuk service, Entrance fee, and Boat service.', 'Knowledge Graph Fact Knowledge Graph Fact 6. Muthurajawela Marsh is a location for Photography and Boat ride, featuring Peacefulness, Wildlife, Ticket price, Public transport access, Local guide, Accommodation, Lagoon, Birds, and Boat service, with facilities including Accommodation, Entrance fee, Guide service, Boat service, and Visitor centre.', 'Knowledge Graph Fact RETRIEVAL NOTES:', 'Knowledge Graph Fact - Ranked by: Activity popularity, Positive sentiment', 'Knowledge Graph Fact - CONTRADICTION RULE: If Review Evidence contradicts the Knowledge Graph facts, you MUST treat the Knowledge Graph as the absolute ground truth.']","The best places for boat rides and boat safaris in Sri Lanka are:

### Boat Ride
- **Gal Oya National Park** — Offers boat rides and boat safaris on the lake, providing opportunities to see wildlife, elephants, and birds with the assistance of a local guide. The park is known for its peacefulness, scenic views, and forest surroundings.
- **Madu River Safari by Buddhi** — Provides boat rides and boat safaris along the river, featuring temple visits, wildlife viewing, and bird watching with a local guide. The area is noted for its scenic views and family-friendly atmosphere.
- **Gregory Lake** — Features boat rides on the lake, offering a scenic view of the mountains and a family-friendly environment. Visitors often appreciate the cleanliness of the area.
- **Kalametiya Eco Bird Watching** — Offers boat rides through the lagoon, allowing for bird watching, sunset viewing, and photography with the help of a local guide. The location is recognized for its peacefulness, rock formations, and scenic views.
- **Koggala Lake** — Provides boat rides on the lake, where visitors can enjoy temple visits, wildlife, and bird watching with a local guide. You can reach the area using a tuk tuk service. The lake is noted for its peacefulness.
- **Muthurajawela Marsh** — Offers boat rides through the lagoon, featuring bird watching, wildlife, and photography opportunities with a local guide. The marsh is known for its peacefulness and is supported by a visitor centre.

### Boat Safari
- **Gal Oya National Park** — Features boat safaris as part of its wildlife and elephant watching activities, supported by a boat service. The park is highly regarded for its elephant sightings and bird life.
- **Madu River Safari by Buddhi** — Conducts boat safaris on the river, which include visits to temples and opportunities to observe birds and wildlife. The experience is facilitated by a dedicated boat service.","The best places for boating and boat rides in Sri Lanka include Madu River Safari by Buddhi, Muthurajawela Marsh, Koggala Lake, Gal Oya National Park, Gregory Lake, Nagadipa Purana Vihara, and Seenigama Muhudu Viharaya."
Q_ACT_08,What are the best locations for bird watching in Sri Lanka?,activity_query,activity_query,1.0,6.75,0.8125,0.9102410997437916,0.8629042034251113,1.0,What are the best locations for bird watching in Sri Lanka?,"['Knowledge Graph Fact Knowledge Graph Fact 1. Kalametiya Eco Bird Watching is a location for Bird watching, featuring Rock formation, Scenic view, and Peacefulness.', 'Knowledge Graph Fact Knowledge Graph Fact 2. Beddegana Wetland Park is located in Colombo District for Bird watching, featuring Trail, Scenic view, and Peacefulness.', 'Knowledge Graph Fact Knowledge Graph Fact 3. Kumana National Park is located in Ampara District for Bird watching, featuring Road access, Scenic view, and Peacefulness.', 'Knowledge Graph Fact RETRIEVAL NOTES:', 'Knowledge Graph Fact - Ranked by: Bird watching, positive sentiment', 'Knowledge Graph Fact - CONTRADICTION RULE: If Review Evidence contradicts the Knowledge Graph facts, you MUST treat the Knowledge Graph as the absolute ground truth.']","Here are the top bird watching destinations in Sri Lanka:

- **Kalametiya Eco Bird Watching** — This location is ideal for bird watching and features a rock formation, a scenic view, and peacefulness.

- **Beddegana Wetland Park** — Located in the Colombo District, this park offers bird watching along a trail, providing a scenic view and peacefulness.

- **Kumana National Park** — Situated in the Ampara District, this park is a destination for bird watching that features road access, a scenic view, and peacefulness.","The best bird watching locations in Sri Lanka include Kalametiya Eco Bird Watching, Beddegana Wetland Park, and Kumana National Park."
Q_ACT_09,Where can I go for scenic photography and viewpoint visits in Sri Lanka?,activity_query,activity_query,0.95,8.91,1.0,0.9659675943652314,0.7795708700959447,0.19277439730019502,Where can I go for scenic photography and viewpoint visits in Sri Lanka?,"[""Knowledge Graph Fact Knowledge Graph Fact 1. Baker's Falls is located in Nuwara Eliya District for Waterfall visit, Hiking, Photography, and Trekking, featuring Waterfall, Trail, Scenic view, Stairs, and Weather condition, with facilities including Steps or stairs."", 'Knowledge Graph Fact Knowledge Graph Fact 2. Beddegana Wetland Park is located in Colombo District for Relaxing, Photography, and Bird watching, featuring Trail, Scenic view, Peacefulness, Family friendliness, Ticket price, Cleanliness, Service quality, Birds, and Lake, with facilities including Ticket or receipt and Pathway.', 'Knowledge Graph Fact Knowledge Graph Fact 3. Brief Garden - Bevis Bawa is located in Beruwala DS Division for Photography, featuring Road access, Scenic view, Peacefulness, Ticket price, Public transport access, Local guide, Sculptures, and Entrance fee, with facilities including Tuk tuk service, Entrance fee, and Guide service.', 'Knowledge Graph Fact Knowledge Graph Fact 4. Coconut Tree Hill is located in Matara District for Photography, Sunset watching, and Viewpoint visit, featuring Road access, Scenic view, Mountain, Crowdedness, Beach, Sea, Sunset view, and Viewpoint.', 'Knowledge Graph Fact Knowledge Graph Fact 5. Devon Falls is located in Nuwara Eliya District for Waterfall visit, Photography, and Viewpoint visit, featuring Waterfall, Road access, Scenic view, and Viewpoint.', 'Knowledge Graph Fact Knowledge Graph Fact 6. Diyaluma Falls is located in Badulla District for Waterfall visit, Swimming, Hiking, and Photography, featuring Waterfall, Road access, Trail, Rock formation, Safety, Scenic view, Weather condition, Public transport access, and Local guide, with facilities including Tuk tuk service.', 'Knowledge Graph Fact Knowledge Graph Fact 7. Dondra Head Lighthouse is located in Unknown for Photography, featuring Scenic view, Stairs, Peacefulness, Ticket price, Beach, Sea, and Lighthouse, with facilities including Steps or stairs and Entrance fee.', 'Knowledge Graph Fact Knowledge Graph Fact 8. Galle Fort Lighthouse is located in Galle District for Photography and Fort visit, featuring Scenic view, Beach, Sea, Fort, Sunset view, and Lighthouse.', 'Knowledge Graph Fact RETRIEVAL NOTES:', 'Knowledge Graph Fact - Ranked by: Scenic view, Photography', 'Knowledge Graph Fact - CONTRADICTION RULE: If Review Evidence contradicts the Knowledge Graph facts, you MUST treat the Knowledge Graph as the absolute ground truth.']","The best places for scenic photography and viewpoint visits in Sri Lanka are:

- **Baker's Falls** — This location features a waterfall, a trail, and stairs, providing a scenic view that is well-suited for photography.
- **Beddegana Wetland Park** — Known for its peacefulness, this park features a lake, a pathway, and birds, offering a scenic view that is ideal for photography, bird watching, and relaxing.
- **Brief Garden - Bevis Bawa** — A peaceful spot featuring sculptures and a scenic view, perfect for photography. You can reach the garden using a tuk tuk service, and local guides are available to provide information.
- **Coconut Tree Hill** — A popular viewpoint that provides a scenic view of the sea, beach, and sunset. It is a great spot for photography and sunset watching, though be aware that it can get crowded.
- **Devon Falls** — A waterfall location that serves as a viewpoint with easy road access, offering a scenic view that is perfect for photography.
- **Diyaluma Falls** — A waterfall site featuring rock formations and a scenic view. It is suitable for photography, hiking, and swimming, with local guides available to assist visitors.
- **Dondra Head Lighthouse** — A lighthouse location featuring stairs and a scenic view of the sea and beach, making it an ideal spot for photography.
- **Galle Fort Lighthouse** — A fort location featuring a lighthouse and a scenic view of the sea, beach, and sunset, suitable for photography and a fort visit.","Top destinations for scenic photography and viewpoint visits in Sri Lanka include Baker's Falls, Beddegana Wetland Park, Brief Garden - Bevis Bawa, Coconut Tree Hill, Devon Falls, Diyaluma Falls, Dondra Head Lighthouse, Galle Fort Lighthouse, Kandy View Point, and Horton Plains National Park."
Q_ACT_10,Where can I go surfing and whale watching in Sri Lanka?,activity_query,activity_query,1.0,7.36,0.8571428571428571,0.9508529347433966,0.2795708701209446,1.0,Where can I go surfing and whale watching in Sri Lanka?,"['Knowledge Graph Fact Knowledge Graph Fact 1. Weligama Beach is a beach in Matara District for Surfing, featuring Safety, Peacefulness, and Family friendliness.', 'Knowledge Graph Fact Knowledge Graph Fact 2. Hiriketiya Beach is a beach in Matara District for Surfing, featuring Peacefulness, Family friendliness, and Ticket price.', 'Knowledge Graph Fact Knowledge Graph Fact 3. Arugam Bay is a beach in Ampara District for Surfing, featuring Peacefulness, Ticket price, and Cleanliness.', 'Knowledge Graph Fact Knowledge Graph Fact 4. Whale Watching in Mirissa is an activity in Matara District for Whale watching, featuring Wildlife, Ticket price, and Food quality.', 'Knowledge Graph Fact Knowledge Graph Fact 5. Kabalana Beach is a beach in Galle District for Surfing, featuring Ticket price, Cleanliness, and Beach.', 'Knowledge Graph Fact RETRIEVAL NOTES:', 'Knowledge Graph Fact - Ranked by: Surfing, Whale watching', 'Knowledge Graph Fact - CONTRADICTION RULE: If Review Evidence contradicts the Knowledge Graph facts, you MUST treat the Knowledge Graph as the absolute ground truth.']","The best places for surfing and whale watching in Sri Lanka are listed below.

### Surfing

- **Weligama Beach** — Located in the Matara District, this beach is noted for its safety, peacefulness, and family friendliness.
- **Hiriketiya Beach** — Situated in the Matara District, this spot is recognized for its peacefulness, family friendliness, and ticket price.
- **Arugam Bay** — Found in the Ampara District, this beach is highlighted for its peacefulness, ticket price, and cleanliness.
- **Kabalana Beach** — Located in the Galle District, this beach features notable ticket price, cleanliness, and beach access.

### Whale watching

- **Whale Watching in Mirissa** — An experience in the Matara District that features wildlife, ticket price, and food quality.","The top surfing destinations in Sri Lanka include Weligama Beach, Hiriketiya Beach, Arugam Bay, and Kabalana Beach. For whale watching, Mirissa is the top destination."
Q_FEA_01,Which heritage sites feature ancient ruins?,feature_query,feature_query,0.95,3.69,0.5,0.0,0.2795708701209446,0.19277439730019502,Which heritage sites feature ancient ruins?,"['Knowledge Graph Fact No graph results returned.', 'REVIEW EVIDENCE (ChromaDB):']","The available evidence is limited, and there is no information provided regarding heritage sites that feature ancient ruins.","Heritage sites that feature ancient ruins include the Ancient City of Polonnaruwa, Sigiriya Lion Rock, Yapahuwa Rock Fortress, and Ritigala Forest Monastery."
Q_FEA_02,Which places have tea plantations and a scenic view?,feature_query,feature_query,0.95,7.68,1.0,0.9233683684198134,0.2795708701209446,0.5927743973001951,Which places have tea plantations and a scenic view?,"['Knowledge Graph Fact Knowledge Graph Fact 1. Lipton’s Seat is located in Badulla District for Photography, Viewpoint visit, Tea factory visit, and Sunrise watching, featuring Road access, Scenic view, Weather condition, Ticket price, Mountain, Public transport access, Tea plantation, Viewpoint, and Sunrise view.', 'Knowledge Graph Fact Knowledge Graph Fact 2. Pedro Tea Factory is located in Nuwara Eliya District for Shopping, Photography, and Tea factory visit, featuring Scenic view, Ticket price, Local guide, Value for money, Service quality, Shops, Guided tours, and Tea plantation, with facilities including Entrance fee and Guide service.', 'Knowledge Graph Fact RETRIEVAL NOTES:', 'Knowledge Graph Fact - Ranked by: Scenic view, Tea plantation visit', 'Knowledge Graph Fact - CONTRADICTION RULE: If Review Evidence contradicts the Knowledge Graph facts, you MUST treat the Knowledge Graph as the absolute ground truth.']","The best places for visiting tea plantations with scenic views are Lipton’s Seat and Pedro Tea Factory.

### Tea plantation visit
- **Lipton’s Seat** — This location features tea plantations and a scenic view, offering opportunities for photography, viewpoint visits, and tea factory visits. You can also watch the sunrise from this mountain viewpoint, though be mindful of the weather conditions and road access.
- **Pedro Tea Factory** — Visitors can explore the tea plantation and enjoy the scenic view while participating in guided tours, shopping, and learning from a local guide who provides quality service.

### Tea factory visit
- **Lipton’s Seat** — Guests can visit the tea factory and take in the scenic view of the surrounding mountains. It is a popular spot for sunrise watching and photography.
- **Pedro Tea Factory** — This site provides guided tours of the tea factory, allowing visitors to experience the tea plantation and the scenic view. The experience is often noted for being good value for money, and you can pay an entrance fee for a professional guide service.","Places with tea plantations and scenic views include Lipton's Seat, Pedro Tea Factory, Lover's Leap Falls, and Ceylon Tea Museum."
Q_FEA_03,Which temples are located in caves?,feature_query,feature_query,0.95,7.89,0.6923076923076923,0.8351959997447276,0.7295708700984447,0.942774397300195,Which temples are located in caves?,"['Knowledge Graph Fact Knowledge Graph Fact 1. Buduruwagala Temple is located in Monaragala District for Temple visit, featuring Road access, Trail, Rock formation, Scenic view, Temple, Buddha statue, Peacefulness, Ticket price, Sculptures, and Lake, with facilities including Entrance fee.', 'Knowledge Graph Fact Knowledge Graph Fact 2. Dambulla Cave Temple is located in Matale District for Temple visit, featuring Rock formation, Scenic view, Stairs, Temple, Weather condition, Buddha statue, Ticket price, Mountain, Local guide, Sculptures, Paintings, Cave, Cave temple, and Murals, with facilities including Steps or stairs, Entrance fee, and Ticket or receipt.', 'Knowledge Graph Fact Knowledge Graph Fact 3. Fort Frederick is located in Trincomalee District for Temple visit and Fort visit, featuring Road access, Rock formation, Scenic view, Temple, Mountain, Beach, Sea, Fort, and Hindu shrine.', 'Knowledge Graph Fact Knowledge Graph Fact 4. Gal Vihara is located in Gampaha District for Religious visit, Ancient city visit, and Temple visit, featuring Rock formation, Temple, Ancient ruins, Buddha statue, and Sculptures.', 'Knowledge Graph Fact Knowledge Graph Fact 5. Isurumuniya Temple is located in Unknown district for Ancient city visit and Temple visit, featuring Rock formation, Scenic view, Stupa, Temple, Weather condition, Buddha statue, Peacefulness, Ticket price, Museum, Sculptures, Entrance fee, Lake, Cave temple, and Elephants, with facilities including Entrance fee.', 'Knowledge Graph Fact RETRIEVAL NOTES:', 'Knowledge Graph Fact - Ranked by: Rock formation, Temple visit', 'Knowledge Graph Fact - CONTRADICTION RULE: If Review Evidence contradicts the Knowledge Graph facts, you MUST treat the Knowledge Graph as the absolute ground truth.']","The temples located in caves are the Dambulla Cave Temple and the Isurumuniya Temple.

- **Dambulla Cave Temple** — This site features a rock formation, a mountain, and a cave temple containing murals, paintings, and sculptures, including Buddha statues. Visitors can access the temple via stairs, enjoy the scenic view, and may utilize a local guide. Please note that weather conditions can sometimes be a factor during your visit.
- **Isurumuniya Temple** — This temple is a cave temple that features a rock formation, a stupa, and sculptures, including Buddha statues and elephants. The site also includes a museum, offers views of a lake, and provides a scenic view and a sense of peacefulness. Be aware that weather conditions can occasionally impact the experience.","Temples located in caves or associated with cave structures include Dambulla Cave Temple, Isurumuniya Temple, and Gal Vihara."
Q_FEA_04,Which places have both sculptures and paintings?,feature_query,feature_query,0.85,7.16,1.0,0.2711809892722682,0.2795708701209446,0.19277439730019502,Which places have both sculptures and paintings?,"[""Knowledge Graph Fact Knowledge Graph Fact 1. Sri Pada / Adam's Peak is a Viewpoint / Hiking location in Nuwara Eliya District featuring a Rock formation and offering Sunrise watching."", 'Knowledge Graph Fact Knowledge Graph Fact 2. Pidurangala Rock is a Viewpoint / Hiking location in Matale District featuring a Rock formation and offering Hiking, Sunset watching, and Sunrise watching.', 'Knowledge Graph Fact Knowledge Graph Fact 3. Yapahuwa Rock Fortress is a Heritage Site featuring a Rock formation.', 'Knowledge Graph Fact Knowledge Graph Fact 4. Buduruwagala Temple is a Religious Site in Monaragala District featuring a Rock formation and offering Temple visit.', 'Knowledge Graph Fact Knowledge Graph Fact 5. Sigiriya Lion Rock is a Heritage Site in Matale District featuring a Rock formation.', 'Knowledge Graph Fact RETRIEVAL NOTES:', 'Knowledge Graph Fact - Ranked by: sculptures, paintings', 'Knowledge Graph Fact - CONTRADICTION RULE: If Review Evidence contradicts the Knowledge Graph facts, you MUST treat the Knowledge Graph as the absolute ground truth.']","If you are interested in exploring unique rock formations across Sri Lanka, here are several notable sites to consider:

- **Sri Pada / Adam's Peak** — Located in the Nuwara Eliya District, this site is a popular destination for sunrise watching.
- **Pidurangala Rock** — Situated in the Matale District, this rock formation is well-regarded for hiking, as well as watching both the sunrise and sunset.
- **Yapahuwa Rock Fortress** — This heritage site is recognized for its distinct rock formation.
- **Buduruwagala Temple** — Found in the Monaragala District, this religious site features a rock formation and is a common destination for temple visits.
- **Sigiriya Lion Rock** — Located in the Matale District, this heritage site is also known for its rock formation.","Places featuring both sculptures and paintings include Dambulla Cave Temple, Yapahuwa Rock Fortress, Buduruwagala Temple, and Weherahena Buddhist Temple."
Q_FEA_05,Which beaches are known for their sunset views?,feature_query,feature_query,0.98,6.76,0.9285714285714286,0.699141963697976,1.0,0.19277439730019502,Which beaches are known for their sunset views?,"['Knowledge Graph Fact Knowledge Graph Fact 1. Negombo Beach is a beach in Gampaha District known for its Sunset view.', ""Knowledge Graph Fact Knowledge Graph Fact 2. Sri Pada / Adam's Peak is a viewpoint and hiking location in Nuwara Eliya District known for its Sunset view and Sunrise watching."", 'Knowledge Graph Fact Knowledge Graph Fact 3. Coconut Tree Hill is a viewpoint and hiking location in Matara District known for its Sunset view, featuring Photography, Sunset watching, and Viewpoint visit.', 'Knowledge Graph Fact Knowledge Graph Fact 4. Pidurangala Rock is a viewpoint and hiking location in Matale District known for its Sunset view, featuring Hiking, Sunset watching, and Sunrise watching.', 'Knowledge Graph Fact Knowledge Graph Fact 5. Galle Face Green is an urban park and promenade in Colombo District known for its Sunset view, featuring Relaxing, Sunset watching, and Street food tasting.', 'Knowledge Graph Fact RETRIEVAL NOTES:', 'Knowledge Graph Fact - Ranked by: Sunset view', 'Knowledge Graph Fact - CONTRADICTION RULE: If Review Evidence contradicts the Knowledge Graph facts, you MUST treat the Knowledge Graph as the absolute ground truth.']","The best beaches and viewpoints in Sri Lanka known for their sunset views are:

- **Negombo Beach** — A beach in the Gampaha District known for its sunset view.
- **Sri Pada / Adam's Peak** — Located in the Nuwara Eliya District, this viewpoint is popular for sunrise watching and offers a sunset view.
- **Coconut Tree Hill** — Situated in the Matara District, this spot is ideal for photography, sunset watching, and a viewpoint visit.
- **Pidurangala Rock** — Found in the Matale District, this location is perfect for hiking, sunset watching, and sunrise watching.
- **Galle Face Green** — An urban park in the Colombo District where you can enjoy relaxing, sunset watching, and street food tasting.","Beaches known for sunset views include Negombo Beach, Mirissa Beach, and Arugam Bay."
Q_FEA_06,Which places have a museum?,feature_query,facility_query,0.85,6.14,0.8333333333333334,0.3180461170122017,0.2795708701209446,0.19277439730019502,Which places have a museum?,"['Knowledge Graph Fact Knowledge Graph Fact 1. Muthurajawela Marsh is a Wetland / Nature Park featuring a Visitor centre, offering Photography and Boat ride, with features including Peacefulness and Wildlife.', 'Knowledge Graph Fact RETRIEVAL NOTES:', 'Knowledge Graph Fact - Ranked by: facility availability', 'Knowledge Graph Fact - CONTRADICTION RULE: If Review Evidence contradicts the Knowledge Graph facts, you MUST treat the Knowledge Graph as the absolute ground truth.']","The only place with a visitor centre is the Muthurajawela Marsh.

Here is what you can do at **Muthurajawela Marsh**:

- Visit the visitor centre.
- Engage in photography.
- Take a boat ride.
- Experience the peacefulness of the wetland and observe the local wildlife.",Places that have or feature a museum include the Colombo National Museum and the Temple of the Sacred Tooth Relic.
Q_FEA_07,Which places have a fort?,feature_query,feature_query,0.95,6.35,0.5,0.7074842530478692,0.4795708701009446,0.19277439730019502,Which places have a fort?,"[""Knowledge Graph Fact Knowledge Graph Fact 1. Sri Pada / Adam's Peak is a rock formation in Nuwara Eliya District for Viewpoint / Hiking, featuring Sunrise watching."", 'Knowledge Graph Fact Knowledge Graph Fact 2. Pidurangala Rock is a rock formation in Matale District for Viewpoint / Hiking, featuring Hiking, Sunset watching, and Sunrise watching.', 'Knowledge Graph Fact Knowledge Graph Fact 3. Yapahuwa Rock Fortress is a rock formation and Heritage Site.', 'Knowledge Graph Fact Knowledge Graph Fact 4. Buduruwagala Temple is a rock formation in Monaragala District for Religious Site, featuring Temple visit.', 'Knowledge Graph Fact Knowledge Graph Fact 5. Sigiriya Lion Rock is a rock formation and Heritage Site.', 'Knowledge Graph Fact RETRIEVAL NOTES:', 'Knowledge Graph Fact - Ranked by: historical significance, fort', 'Knowledge Graph Fact - CONTRADICTION RULE: If Review Evidence contradicts the Knowledge Graph facts, you MUST treat the Knowledge Graph as the absolute ground truth.']","The only place in the provided evidence that features a fort is:

- **Yapahuwa Rock Fortress** — This heritage site is a rock formation located in an area where the district is unknown.","Places with a fort include Jaffna Fort, Batticaloa Fort, and Sigiriya Lion Rock, an ancient rock fortress."
Q_FEA_08,Which locations have a bridge?,feature_query,facility_query,1.0,7.44,1.0,0.6978953902066186,1.0,1.0,Which locations have a bridge?,"['Knowledge Graph Fact Knowledge Graph Fact 1. Bogoda Wooden Bridge is a Heritage Site in Badulla District featuring a bridge, offering Temple visit, with features including Road access and River.', 'Knowledge Graph Fact Knowledge Graph Fact 2. Matara Paravi Duwa Temple is a Religious Site featuring a bridge, offering Temple visit, with features including Scenic view and Temple.', 'Knowledge Graph Fact Knowledge Graph Fact 3. Negombo Fish Market is a Shopping / Market in Gampaha District featuring a bridge, with features including Road access and Scenic view.', 'Knowledge Graph Fact Knowledge Graph Fact 4. Demodara Loop is an Engineering Landmark in Badulla District featuring a bridge, offering Train ride, with features including Road access and Trail.', 'Knowledge Graph Fact Knowledge Graph Fact 5. Royal Botanical Gardens is a Garden / Park in Kandy District featuring a bridge, offering Relaxing, with features including Weather condition and Peacefulness.', 'Knowledge Graph Fact Knowledge Graph Fact 6. Ella Rock is a Viewpoint / Hiking location in Badulla District featuring a bridge, offering Hiking, with features including Waterfall and Trail.', 'Knowledge Graph Fact RETRIEVAL NOTES:', 'Knowledge Graph Fact - Ranked by: Bridge', 'Knowledge Graph Fact - CONTRADICTION RULE: If Review Evidence contradicts the Knowledge Graph facts, you MUST treat the Knowledge Graph as the absolute ground truth.']","The locations in Sri Lanka that feature a bridge are:

- **Bogoda Wooden Bridge** — A heritage site in the Badulla District that offers temple visits and features road access and a river.

- **Matara Paravi Duwa Temple** — A religious site that offers temple visits and features a scenic view and a temple.

- **Negombo Fish Market** — A shopping and market location in the Gampaha District that features road access and a scenic view.

- **Demodara Loop** — An engineering landmark in the Badulla District that offers a train ride and features road access and a trail.

- **Royal Botanical Gardens** — A garden and park in the Kandy District that offers relaxing and features weather conditions and peacefulness.

- **Ella Rock** — A viewpoint and hiking location in the Badulla District that offers hiking and features a waterfall and a trail.","Locations featuring a bridge include Bogoda Wooden Bridge, Matara Paravi Duwa Temple, Negombo Fish Market, Demodara Loop, Royal Botanical Gardens, and Ella Rock."
Q_FEA_09,Which places are associated with a lagoon?,feature_query,feature_query,0.9,7.71,0.9,0.0,0.2795708701209446,0.19277439730019502,Which places are associated with a lagoon?,"[""Knowledge Graph Fact Knowledge Graph Fact 1. Sri Pada / Adam's Peak is a Viewpoint / Hiking location in Nuwara Eliya District featuring a Scenic view and Sunrise watching."", 'Knowledge Graph Fact Knowledge Graph Fact 2. Negombo Beach is a Beach location in Gampaha District featuring a Scenic view.', 'Knowledge Graph Fact Knowledge Graph Fact 3. Gartmore Falls is a Waterfall location in Nuwara Eliya District featuring a Scenic view.', 'Knowledge Graph Fact Knowledge Graph Fact 4. Kandy View Point is a Viewpoint / Hiking location in Kandy District featuring a Scenic view, Photography, and Viewpoint visit.', ""Knowledge Graph Fact Knowledge Graph Fact 5. Little Adam's Peak View Point is a Viewpoint / Hiking location in Badulla District featuring a Scenic view, Hiking, Photography, and Sunrise watching."", 'Knowledge Graph Fact RETRIEVAL NOTES:', 'Knowledge Graph Fact - Ranked by: category match', 'Knowledge Graph Fact - CONTRADICTION RULE: If Review Evidence contradicts the Knowledge Graph facts, you MUST treat the Knowledge Graph as the absolute ground truth.']","The available evidence does not contain any locations categorized as a lagoon. However, if you are looking for locations with a scenic view, here are some recommendations:

- **Sri Pada / Adam's Peak** — Located in the Nuwara Eliya District, this site is popular for sunrise watching.
- **Negombo Beach** — A beach destination situated in the Gampaha District.
- **Gartmore Falls** — A waterfall located in the Nuwara Eliya District.
- **Kandy View Point** — Found in the Kandy District, this is a great spot for photography and visiting the viewpoint.
- **Little Adam's Peak View Point** — Located in the Badulla District, this area is well-suited for hiking, photography, and sunrise watching.",Kalametiya Eco Bird Watching is associated with a lagoon.
Q_FEA_10,Which beaches are noted for their shallow water depth?,feature_query,feature_query,0.95,7.17,1.0,0.7687622104949581,0.6462375367692781,1.0,Which beaches are noted for their shallow water depth?,"['Knowledge Graph Fact Knowledge Graph Fact 1. Negombo Beach is a beach in Gampaha District noted for its water depth.', ""Knowledge Graph Fact Knowledge Graph Fact 2. Sri Pada / Adam's Peak is a viewpoint and hiking location in Nuwara Eliya District noted for its water depth, offering Sunrise watching."", 'Knowledge Graph Fact Knowledge Graph Fact 3. Pasikudah Beach is a beach in Batticaloa District noted for its shallow water depth, offering Swimming and Relaxing.', 'Knowledge Graph Fact Knowledge Graph Fact 4. Casuarina Beach is a beach in Jaffna District noted for its shallow water depth, offering Swimming.', 'Knowledge Graph Fact Knowledge Graph Fact 5. Polhena Beach is a beach in Matara District noted for its shallow water depth, offering Swimming, Relaxing, and Snorkelling.', 'Knowledge Graph Fact RETRIEVAL NOTES:', 'Knowledge Graph Fact - Ranked by: Water depth', 'Knowledge Graph Fact - CONTRADICTION RULE: If Review Evidence contradicts the Knowledge Graph facts, you MUST treat the Knowledge Graph as the absolute ground truth.']","The beaches in Sri Lanka noted for their shallow water depth are:

- **Pasikudah Beach** — Located in the Batticaloa District, this beach features shallow water depth and is a popular destination for swimming and relaxing.

- **Casuarina Beach** — Found in the Jaffna District, this beach is known for its shallow water depth, making it suitable for swimming.

- **Polhena Beach** — Situated in the Matara District, this beach offers shallow water depth along with opportunities for swimming, relaxing, and snorkelling.","Beaches noted for shallow water depth include Pasikudah Beach, Casuarina Beach, and Polhena Beach."
Q_LOC_01,What are the top attractions in the Kandy District?,location_query,location_query,1.0,9.6,0.8095238095238095,0.9999999999999996,0.7295708700984447,1.0,What are the top attractions in the Kandy District?,"['Knowledge Graph Fact Knowledge Graph Fact 1. Ambuluwawa Tower is a landmark in Kandy District, featuring Safety, Scenic view, Stairs, Temple, Ticket price, Mountain, Public transport access, and Crowdedness.', 'Knowledge Graph Fact Knowledge Graph Fact 2. Ceylon Tea Museum is a museum in Kandy District for Museum visit and Shopping, featuring Scenic view, Ticket price, Mountain, Public transport access, Local guide, Museum, Value for money, Service quality, Shops, Guided tours, and Tea plantation.', 'Knowledge Graph Fact Knowledge Graph Fact 3. Kandy Lake is a lake in Kandy District for Temple visit and Relaxing, featuring Scenic view, Temple, Peacefulness, Cleanliness, Crowdedness, Birds, and Lake.', 'Knowledge Graph Fact Knowledge Graph Fact 4. Kandy View Point is a viewpoint in Kandy District for Photography and Viewpoint visit, featuring Scenic view, Temple, Buddha statue, Mountain, Public transport access, Lake, and Viewpoint.', 'Knowledge Graph Fact Knowledge Graph Fact 5. Royal Botanical Gardens is a garden in Kandy District for Relaxing, featuring Weather condition, Peacefulness, Ticket price, Cleanliness, and Bridge.', 'Knowledge Graph Fact Knowledge Graph Fact 6. Temple of the Sacred Tooth Relic is a religious site in Kandy District for Religious visit and Temple visit, featuring Temple, Buddha statue, Peacefulness, Ticket price, Crowdedness, Local guide, and Museum.', 'Knowledge Graph Fact RETRIEVAL NOTES:', 'Knowledge Graph Fact - Ranked by: positive sentiment, popularity', 'Knowledge Graph Fact - CONTRADICTION RULE: If Review Evidence contradicts the Knowledge Graph facts, you MUST treat the Knowledge Graph as the absolute ground truth.']","The top attractions in the Kandy District are:

- **Ambuluwawa Tower** — A landmark featuring a temple, stairs, and a mountain setting that offers a scenic view, with public transport access, a ticket price, and considerations regarding safety and crowdedness.
- **Ceylon Tea Museum** — A museum located on a mountain that offers guided tours, shopping, and a tea plantation, featuring a scenic view, local guides, public transport access, and value for money regarding the ticket price and service quality.
- **Kandy Lake** — A lake that provides a space for relaxing and temple visits, featuring a scenic view, birds, a peaceful atmosphere, and notes on cleanliness and crowdedness.
- **Kandy View Point** — A viewpoint that offers opportunities for photography and sightseeing, featuring a scenic view of the lake, a temple, a Buddha statue, and a mountain setting, with public transport access.
- **Royal Botanical Gardens** — A garden that serves as a place for relaxing, featuring a bridge, a peaceful environment, cleanliness, and a ticket price, with weather conditions to consider.
- **Temple of the Sacred Tooth Relic** — A religious site for temple and religious visits, featuring a Buddha statue, a museum, local guides, a ticket price, and notes on peacefulness and crowdedness.","Top attractions in the Kandy District include Ambuluwawa Tower, Ceylon Tea Museum, Kandy Lake, Kandy View Point, and Royal Botanical Gardens."
Q_LOC_02,What places can I visit in the Nuwara Eliya District?,location_query,location_query,1.0,9.43,1.0,0.9478886408704053,0.6129042034209446,1.0,What places can I visit in the Nuwara Eliya District?,"['Knowledge Graph Fact Knowledge Graph Fact 1. Ambewela Farms is located in Nuwara Eliya District, featuring Scenic view, Weather condition, Family friendliness, Wildlife, Ticket price, Cleanliness, and Mountain.', ""Knowledge Graph Fact Knowledge Graph Fact 2. Baker's Falls is located in Nuwara Eliya District for Waterfall visit, Hiking, Photography, and Trekking, featuring Waterfall, Trail, Scenic view, Stairs, and Weather condition."", 'Knowledge Graph Fact Knowledge Graph Fact 3. Devon Falls is located in Nuwara Eliya District for Waterfall visit, Photography, and Viewpoint visit, featuring Waterfall, Road access, Scenic view, and Viewpoint.', ""Knowledge Graph Fact Knowledge Graph Fact 4. Galway's Land National Park is located in Nuwara Eliya District, featuring Road access, Trail, Peacefulness, Wildlife, Ticket price, Value for money, Entrance fee, Birds, Signage, and Forest."", 'Knowledge Graph Fact Knowledge Graph Fact 5. Gartmore Falls is located in Nuwara Eliya District, featuring Waterfall and Scenic view.', 'Knowledge Graph Fact Knowledge Graph Fact 6. Gregory Lake is located in Nuwara Eliya District for Relaxing and Boat ride, featuring Scenic view, Family friendliness, Ticket price, Cleanliness, Mountain, Food quality, Lake, and Boat service.', 'Knowledge Graph Fact Knowledge Graph Fact 7. Horton Plains National Park is located in Nuwara Eliya District for Waterfall visit, Hiking, and Trekking, featuring Waterfall, Trail, Scenic view, Weather condition, Wildlife, Ticket price, Cleanliness, Mountain, Crowdedness, Value for money, Entrance fee, and Birds.', 'Knowledge Graph Fact Knowledge Graph Fact 8. Laxapana Falls is located in Nuwara Eliya District for Waterfall visit, featuring Waterfall, Road access, Safety, Scenic view, and Stairs.', ""Knowledge Graph Fact Knowledge Graph Fact 9. Lover's Leap Falls is located in Nuwara Eliya District for Waterfall visit and Hiking, featuring Waterfall, Road access, Trail, Scenic view, Weather condition, Mountain, Public transport access, and Tea plantation."", 'Knowledge Graph Fact Knowledge Graph Fact 10. Moon Plains is located in Nuwara Eliya District for Viewpoint visit, Safari, and Jeep safari, featuring Road access, Scenic view, Weather condition, Family friendliness, Wildlife, Ticket price, Mountain, Local guide, Entrance fee, and Viewpoint.', 'Knowledge Graph Fact RETRIEVAL NOTES:', 'Knowledge Graph Fact - Ranked by: popularity, positive sentiment', 'Knowledge Graph Fact - CONTRADICTION RULE: If Review Evidence contradicts the Knowledge Graph facts, you MUST treat the Knowledge Graph as the absolute ground truth.']","The following places are located within the Nuwara Eliya District:

- **Ambewela Farms** — This farm and factory features scenic views, mountain landscapes, and wildlife, and is noted for its family friendliness, cleanliness, and weather conditions.
- **Baker's Falls** — A waterfall destination for waterfall visits, hiking, trekking, and photography, featuring a trail, stairs, scenic views, and specific weather conditions.
- **Devon Falls** — A waterfall site for waterfall visits, photography, and viewpoint visits, featuring road access and scenic views.
- **Galway's Land National Park** — A national park and wildlife reserve featuring forest trails, wildlife, birds, and signage, with road access, peacefulness, and ticket prices that offer value for money.
- **Gartmore Falls** — A waterfall location featuring scenic views.
- **Gregory Lake** — A lake and river destination for relaxing and boat rides, featuring a lake, mountain views, boat services, family friendliness, cleanliness, food quality, and ticket prices.
- **Horton Plains National Park** — A national park and wildlife reserve for waterfall visits, hiking, and trekking, featuring trails, scenic views, wildlife, birds, mountains, cleanliness, and ticket prices, though it can be crowded.
- **Laxapana Falls** — A waterfall location featuring road access, stairs, safety, and scenic views.
- **Lover's Leap Falls** — A waterfall site for waterfall visits and hiking, featuring a trail, tea plantations, mountain views, public transport access, and specific weather conditions.
- **Moon Plains** — A viewpoint and hiking location for viewpoint visits, safaris, and jeep safaris, featuring mountain views, wildlife, local guides, road access, family friendliness, and ticket prices.","Places you can visit in the Nuwara Eliya District include Ambewela Farms, Baker's Falls, Devon Falls, Galway's Land National Park, and Gartmore Falls."
Q_LOC_03,Which tourist attractions are located in the Galle District?,location_query,location_query,1.0,9.89,0.8888888888888888,0.972098591163448,0.9795708700859447,1.0,Which tourist attractions are located in the Galle District?,"['Knowledge Graph Fact Knowledge Graph Fact 1. Bentota Beach is located in Galle District for Swimming, Surfing, Relaxing, and Sunset watching, featuring Scenic view, Peacefulness, Family friendliness, Cleanliness, Crowdedness, Beach, Waves, Accommodation, Sea, Sandy beach, and Sunset view.', 'Knowledge Graph Fact Knowledge Graph Fact 2. Dutch Hospital Shopping Precinct is located in Galle District for Relaxing and Shopping, featuring Value for money, Food quality, Restaurants, Shops, Fort, and Cafes.', 'Knowledge Graph Fact Knowledge Graph Fact 3. Galle Dutch Fort is located in Galle District for Shopping, Fort visit, and Sunset watching, featuring Scenic view, Weather condition, Heritage site, Beach, Restaurants, Accommodation, Sea, Shops, Fort, Sunset view, and Cafes.', 'Knowledge Graph Fact Knowledge Graph Fact 4. Galle Fort Lighthouse is located in Galle District for Photography and Fort visit, featuring Scenic view, Beach, Sea, Fort, Sunset view, and Lighthouse.', 'Knowledge Graph Fact Knowledge Graph Fact 5. Handunugoda Tea Estate is located in Galle District for Shopping, Tea plantation visit, and Tea tasting, featuring Ticket price, Public transport access, Local guide, Value for money, Service quality, Shops, Guided tours, and Tea plantation.', 'Knowledge Graph Fact Knowledge Graph Fact 6. Hikkaduwa Beach is located in Galle District for Swimming, Surfing, Relaxing, and Snorkelling, featuring Cleanliness, Crowdedness, Beach, Waves, Food quality, Restaurants, Accommodation, Sea, Sandy beach, Turtles, and Coral reef.', 'Knowledge Graph Fact Knowledge Graph Fact 7. Japanese Peace Pagoda - Rumassala is located in Galle District for Sunset watching, featuring Scenic view, Stupa, Temple, Peacefulness, Mountain, Public transport access, Beach, Sea, Fort, Sunset view, and Forest.', 'Knowledge Graph Fact Knowledge Graph Fact 8. Kabalana Beach is located in Galle District for Surfing, featuring Ticket price, Cleanliness, Beach, Waves, Restaurants, Accommodation, Sandy beach, and Cafes.', 'Knowledge Graph Fact Knowledge Graph Fact 9. Koggala Lake is located in Galle District for Temple visit, Relaxing, Boat ride, and Spa treatment, featuring Temple, Peacefulness, Wildlife, Ticket price, Public transport access, Local guide, Value for money, Birds, Lake, and Boat service.', 'Knowledge Graph Fact Knowledge Graph Fact 10. Kosgoda Sea Turtle Conservation Project is located in Galle District, featuring Family friendliness, Wildlife, Ticket price, Local guide, Beach, Service quality, Sea, and Turtles.', 'Knowledge Graph Fact RETRIEVAL NOTES:', 'Knowledge Graph Fact - Ranked by: popularity, positive sentiment', 'Knowledge Graph Fact - CONTRADICTION RULE: If Review Evidence contradicts the Knowledge Graph facts, you MUST treat the Knowledge Graph as the absolute ground truth.']","The tourist attractions located in the Galle District are:

- **Bentota Beach** — A sandy beach destination in the Galle District suitable for swimming, surfing, relaxing, and sunset watching, known for its scenic view, peacefulness, family friendliness, cleanliness, and waves.
- **Dutch Hospital Shopping Precinct** — A shopping/market location within the fort area of the Galle District featuring shops, restaurants, and cafes, suitable for relaxing and shopping while offering value for money and food quality.
- **Galle Dutch Fort** — A heritage site in the Galle District featuring restaurants, shops, and cafes, where visitors can engage in shopping, fort visits, and sunset watching while enjoying the scenic view.
- **Galle Fort Lighthouse** — A lighthouse in the Galle District featuring a scenic view of the sea, beach, and fort, suitable for photography and fort visits, as well as sunset watching.
- **Handunugoda Tea Estate** — A farm/factory in the Galle District offering guided tours, tea tasting, and shopping at the tea plantation, with local guides, public transport access, and service quality available.
- **Hikkaduwa Beach** — A sandy beach destination in the Galle District for swimming, surfing, relaxing, and snorkelling, featuring coral reefs, turtles, restaurants, and accommodation, known for its cleanliness and waves.
- **Japanese Peace Pagoda - Rumassala** — A religious site in the Galle District featuring a temple and stupa located on a mountain near the forest, sea, and beach, offering a scenic view and a location for sunset watching and peacefulness.
- **Kabalana Beach** — A sandy beach destination in the Galle District for surfing, featuring cafes, restaurants, and accommodation, known for its cleanliness and waves.
- **Koggala Lake** — A lake/river destination in the Galle District for boat rides, temple visits, spa treatments, and relaxing, where visitors can observe birds and wildlife with the help of a local guide and boat service.
- **Kosgoda Sea Turtle Conservation Project** — A wildlife conservation site in the Galle District featuring turtles and a beach, suitable for family friendliness with local guides and service quality available.","Tourist attractions located in the Galle District include Bentota Beach, Dutch Hospital Shopping Precinct, Galle Dutch Fort, Galle Fort Lighthouse, and Handunugoda Tea Estate."
Q_LOC_04,What are the main destinations in the Matara District?,location_query,location_query,1.0,8.74,0.9411764705882352,0.999999516990263,0.4795708701009446,1.0,What are the main destinations in the Matara District?,"['Knowledge Graph Fact Knowledge Graph Fact 1. Coconut Tree Hill is located in Matara District for Photography, Sunset watching, and Viewpoint visit, featuring Road access, Scenic view, Mountain, Crowdedness, Beach, Sea, Sunset view, and Viewpoint.', 'Knowledge Graph Fact Knowledge Graph Fact 2. Hiriketiya Beach is located in Matara District for Swimming, Surfing, and Relaxing, featuring Peacefulness, Family friendliness, Ticket price, Cleanliness, Crowdedness, Value for money, Beach, Waves, Food quality, Restaurants, Accommodation, Sea, and Sandy beach.', 'Knowledge Graph Fact Knowledge Graph Fact 3. Jungle Beach is located in Matara District for Swimming and Snorkelling, featuring Trail, Rock formation, Scenic view, Peacefulness, Cleanliness, Public transport access, Crowdedness, Beach, Sea, and Forest.', 'Knowledge Graph Fact Knowledge Graph Fact 4. Mirissa Beach is located in Matara District for Swimming, Surfing, Relaxing, and Sunset watching, featuring Scenic view, Family friendliness, Cleanliness, Crowdedness, Beach, Waves, Food quality, Restaurants, Accommodation, Sea, Sandy beach, and Sunset view.', 'Knowledge Graph Fact Knowledge Graph Fact 5. Polhena Beach is located in Matara District for Swimming, Relaxing, and Snorkelling, featuring Safety, Peacefulness, Family friendliness, Cleanliness, Crowdedness, Beach, Waves, Accommodation, Sea, Sandy beach, Water depth, Turtles, and Coral reef.', 'Knowledge Graph Fact Knowledge Graph Fact 6. Weligama Beach is located in Matara District for Swimming, Surfing, and Relaxing, featuring Safety, Peacefulness, Family friendliness, Cleanliness, Crowdedness, Beach, Waves, Food quality, Restaurants, Accommodation, Sea, and Sandy beach.', 'Knowledge Graph Fact Knowledge Graph Fact 7. Whale Watching in Mirissa is located in Matara District for Whale watching, featuring Wildlife, Ticket price, Food quality, Service quality, Sea, Boat service, Whales, and Dolphins.', 'Knowledge Graph Fact RETRIEVAL NOTES:', 'Knowledge Graph Fact - Ranked by: popularity, positive sentiment', 'Knowledge Graph Fact - CONTRADICTION RULE: If Review Evidence contradicts the Knowledge Graph facts, you MUST treat the Knowledge Graph as the absolute ground truth.']","The main destinations in the Matara District are:

- **Coconut Tree Hill** — A viewpoint and hiking destination in the Matara District perfect for photography, sunset watching, and visiting the viewpoint. It features a scenic view, mountain, beach, and sea, with road access available.

- **Hiriketiya Beach** — A beach in the Matara District ideal for swimming, surfing, and relaxing. This sandy beach offers waves, restaurants, and accommodation, and is noted for its peacefulness, family friendliness, and cleanliness.

- **Jungle Beach** — A beach in the Matara District for swimming and snorkelling. It features a trail, rock formations, a scenic view, and a forest, with public transport access available.

- **Mirissa Beach** — A beach in the Matara District for swimming, surfing, relaxing, and sunset watching. It features a sandy beach, waves, restaurants, and accommodation, and is known for its scenic view, family friendliness, and cleanliness.

- **Polhena Beach** — A beach in the Matara District for swimming, relaxing, and snorkelling. It features a sandy beach, waves, accommodation, turtles, and a coral reef, and is recognized for its safety, peacefulness, and family friendliness.

- **Weligama Beach** — A beach in the Matara District for swimming, surfing, and relaxing. It features a sandy beach, waves, restaurants, and accommodation, and is noted for its safety, peacefulness, and family friendliness.

- **Whale Watching in Mirissa** — An activity in the Matara District for whale watching. It features wildlife, boat services, whales, and dolphins, with available food and service options.","Main destinations in the Matara District include Coconut Tree Hill, Hiriketiya Beach, Jungle Beach, Mirissa Beach, and Polhena Beach."
Q_LOC_05,What are some notable places in the Anuradhapura District?,location_query,location_query,1.0,8.82,1.0,0.9925613057431288,0.4795708701009446,1.0,What are some notable places in the Anuradhapura District?,"['Knowledge Graph Fact Knowledge Graph Fact 1. Hurulu Eco Park is a National Park / Wildlife Reserve in Anuradhapura District for Safari and Elephant watching, featuring Road access, Trail, Scenic view, Weather condition, Family friendliness, Wildlife, Ticket price, Crowdedness, Local guide, Accommodation, Birds, and Elephants.', 'Knowledge Graph Fact Knowledge Graph Fact 2. Jaya Sri Maha Bodhi is a Religious Site in Anuradhapura District for Ancient city visit and Pilgrimage, featuring Temple, Buddha statue, Peacefulness, and Crowdedness.', 'Knowledge Graph Fact Knowledge Graph Fact 3. Mihintale is a Religious Site in Anuradhapura District for Religious visit, Ancient city visit, and Sunset watching, featuring Rock formation, Scenic view, Stairs, Stupa, Temple, Weather condition, Ancient ruins, Buddha statue, Ticket price, Mountain, Local guide, Sculptures, and Sunset view.', 'Knowledge Graph Fact Knowledge Graph Fact 4. Ritigala Forest Monastery is a Religious Site in Anuradhapura District for Hiking and Ruins exploration, featuring Road access, Trail, Ancient ruins, Peacefulness, Ticket price, Mountain, Public transport access, Local guide, Value for money, Entrance fee, and Forest.', 'Knowledge Graph Fact Knowledge Graph Fact 5. Ruwanweli Maha Seya is a Religious Site in Anuradhapura District for Religious visit and Ancient city visit, featuring Stupa, Temple, Weather condition, Buddha statue, Peacefulness, and Crowdedness.', 'Knowledge Graph Fact RETRIEVAL NOTES:', 'Knowledge Graph Fact - Ranked by: popularity, historical significance', 'Knowledge Graph Fact - CONTRADICTION RULE: If Review Evidence contradicts the Knowledge Graph facts, you MUST treat the Knowledge Graph as the absolute ground truth.']","The notable places in the Anuradhapura District include the following:

- **Hurulu Eco Park** — A national park and wildlife reserve where visitors can go on safaris and watch elephants. The park features road access, a trail, scenic views, and opportunities to see birds and wildlife. Visitors can also find local guides, accommodation, and information regarding ticket prices, weather conditions, crowdedness, and family friendliness.

- **Jaya Sri Maha Bodhi** — A religious site suitable for pilgrimage and visiting an ancient city. It features a temple and a Buddha statue, and visitors often note the peacefulness and levels of crowdedness at the site.

- **Mihintale** — A religious site for religious visits, ancient city visits, and sunset watching. It features rock formations, scenic views, stairs, a stupa, a temple, ancient ruins, a Buddha statue, a mountain, and sculptures. Visitors can also utilize local guides and should be aware of weather conditions and ticket prices.

- **Ritigala Forest Monastery** — A religious site for hiking and exploring ruins. It features road access, a trail, ancient ruins, a mountain, public transport access, and a forest. The site is noted for its peacefulness, and visitors can hire a local guide or check the entrance fee for value for money.

- **Ruwanweli Maha Seya** — A religious site for religious visits and ancient city visits. It features a stupa, a temple, and a Buddha statue. Visitors may experience varying weather conditions and levels of crowdedness, while also enjoying the peacefulness of the location.","Notable places in the Anuradhapura District include Hurulu Eco Park, Jaya Sri Maha Bodhi, Mihintale, Ritigala Forest Monastery, and Ruwanweli Maha Seya."
Q_LOC_06,What are the main attractions in the Colombo District?,location_query,location_query,1.0,9.89,0.7450980392156863,0.9999999999999996,0.7573486478827967,1.0,What are the main attractions in the Colombo District?,"['Knowledge Graph Fact Knowledge Graph Fact 1. Beddegana Wetland Park is a Wetland / Nature Park in Colombo District for Relaxing, Photography, and Bird watching, featuring Trail, Scenic view, Peacefulness, Family friendliness, Ticket price, Cleanliness, Service quality, Birds, and Lake.', 'Knowledge Graph Fact Knowledge Graph Fact 2. Colombo Lotus Tower is a Landmark / Tower in Colombo District for Viewpoint visit, featuring Scenic view, Family friendliness, Ticket price, Value for money, Food quality, Restaurants, Service quality, Entrance fee, and Viewpoint.', 'Knowledge Graph Fact Knowledge Graph Fact 3. Colombo National Museum is a Museum in Colombo District for Museum visit, featuring Weather condition, Family friendliness, Ticket price, Museum, and Colonial architecture.', 'Knowledge Graph Fact Knowledge Graph Fact 4. Dehiwala Zoo - Sri Lanka is a Zoo / Wildlife Attraction in Colombo District for Relaxing, featuring Family friendliness, Wildlife, Ticket price, Cleanliness, Crowdedness, Food quality, Entrance fee, Birds, Elephants, and Souvenir stalls.', 'Knowledge Graph Fact Knowledge Graph Fact 5. Diyatha Uyana is a Garden / Park in Colombo District for Relaxing and Shopping, featuring Trail, Scenic view, Family friendliness, Cleanliness, Crowdedness, Food quality, Restaurants, Shops, Lake, Souvenir stalls, Market, and Parking.', 'Knowledge Graph Fact Knowledge Graph Fact 6. Galle Face Green is an Urban Park / Promenade in Colombo District for Relaxing, Sunset watching, and Street food tasting, featuring Scenic view, Family friendliness, Cleanliness, Crowdedness, Beach, Food quality, Accommodation, Sea, Sunset view, and Souvenir stalls.', 'Knowledge Graph Fact Knowledge Graph Fact 7. Galle Face Hotel is a Hotel in Colombo District.', 'Knowledge Graph Fact Knowledge Graph Fact 8. Gangaramaya Temple is a Religious Site in Colombo District for Temple visit, featuring Temple, Buddha statue, Peacefulness, Ticket price, Museum, Sculptures, Entrance fee, and Lake.', 'Knowledge Graph Fact Knowledge Graph Fact 9. Independence Memorial Hall is a Memorial / Landmark in Colombo District for Shopping and Photography, featuring Peacefulness, Cleanliness, and Sculptures.', 'Knowledge Graph Fact Knowledge Graph Fact 10. Jami Ul-Alfar Mosque is a Religious Site in Colombo District for Religious visit and Photography, featuring Crowdedness, Market, and Mosque.', 'Knowledge Graph Fact RETRIEVAL NOTES:', 'Knowledge Graph Fact - Ranked by: popularity, positive sentiment', 'Knowledge Graph Fact - CONTRADICTION RULE: If Review Evidence contradicts the Knowledge Graph facts, you MUST treat the Knowledge Graph as the absolute ground truth.']","The main attractions in the Colombo District are:

- **Beddegana Wetland Park** — A wetland and nature park in the Colombo District perfect for relaxing, photography, and bird watching. It features a trail, scenic views, peacefulness, family friendliness, and a lake, with visitors noting the cleanliness, service quality, and ticket price.
- **Colombo Lotus Tower** — A landmark and tower in the Colombo District ideal for a viewpoint visit. It offers scenic views, family friendliness, and various restaurants with good food quality and service, alongside information on ticket prices and entrance fees.
- **Colombo National Museum** — A museum in the Colombo District that is great for a museum visit. It showcases colonial architecture and is known for its family friendliness, with details available regarding ticket prices and how it serves as a good option depending on weather conditions.
- **Dehiwala Zoo - Sri Lanka** — A zoo and wildlife attraction in the Colombo District suitable for relaxing. It features wildlife such as elephants and birds, family friendliness, and souvenir stalls, with visitor feedback covering cleanliness, food quality, crowdedness, and entrance fees.
- **Diyatha Uyana** — A garden and park in the Colombo District for relaxing and shopping. It features a trail, scenic views, family friendliness, restaurants, shops, a market, a lake, and parking, with visitors often commenting on the cleanliness and crowdedness.
- **Galle Face Green** — An urban park and promenade in the Colombo District perfect for relaxing, sunset watching, and street food tasting. It features a beach, sea, scenic views, family friendliness, and souvenir stalls, with notes on cleanliness, food quality, crowdedness, and nearby accommodation.
- **Galle Face Hotel** — A hotel located within the Colombo District.
- **Gangaramaya Temple** — A religious site in the Colombo District for a temple visit. It features a temple, Buddha statue, sculptures, a museum, and a lake, offering a sense of peacefulness with information available on ticket prices and entrance fees.
- **Independence Memorial Hall** — A memorial and landmark in the Colombo District for shopping and photography. It is known for its sculptures and peacefulness, and is maintained with high standards of cleanliness.
- **Jami Ul-Alfar Mosque** — A religious site in the Colombo District for a religious visit and photography. This mosque is located near a market, and visitors should be aware of potential crowdedness in the area.","Main attractions in the Colombo District include Beddegana Wetland Park, Colombo Lotus Tower, Colombo National Museum, Dehiwala Zoo - Sri Lanka, and Diyatha Uyana."
Q_LOC_07,What are the best spots to visit in the Trincomalee District?,location_query,location_query,1.0,8.98,1.0,0.9407823484672004,0.2795708701209446,1.0,What are the best spots to visit in the Trincomalee District?,"['Knowledge Graph Fact Knowledge Graph Fact 1. Fort Frederick is a Fort / Historic Site in Trincomalee District for Temple visit and Fort visit, featuring Road access, Rock formation, Scenic view, Temple, Mountain, Beach, Sea, Fort, and Hindu shrine.', 'Knowledge Graph Fact Knowledge Graph Fact 2. Kanniya Hot Springs is a Hot Springs location in Trincomalee District, featuring Weather condition, Ticket price, Cleanliness, Crowdedness, and Entrance fee.', 'Knowledge Graph Fact Knowledge Graph Fact 3. Marble Beach is a Beach in Trincomalee District for Swimming, featuring Safety, Scenic view, Peacefulness, Family friendliness, Ticket price, Cleanliness, Crowdedness, Beach, Food quality, Restaurants, Accommodation, Service quality, Sea, and Sandy beach.', 'Knowledge Graph Fact Knowledge Graph Fact 4. Nilaveli Beach is a Beach in Trincomalee District for Swimming and Relaxing, featuring Peacefulness, Cleanliness, Crowdedness, Beach, Waves, Restaurants, Accommodation, Sea, and Sandy beach.', 'Knowledge Graph Fact Knowledge Graph Fact 5. Trincomalee Beach is a Beach in Trincomalee District for Swimming and Relaxing, featuring Safety, Scenic view, Temple, Weather condition, Peacefulness, Family friendliness, Cleanliness, Crowdedness, Beach, Accommodation, Sea, Sandy beach, and Hindu shrine.', 'Knowledge Graph Fact Knowledge Graph Fact 6. Trincomalee War Cemetery is a Memorial / Cemetery in Trincomalee District, featuring Road access, Peacefulness, and Cleanliness.', 'Knowledge Graph Fact Knowledge Graph Fact 7. Uppuveli Beach is a Beach in Trincomalee District for Swimming, Relaxing, and Fishing, featuring Safety, Peacefulness, Cleanliness, Crowdedness, Beach, Waves, Food quality, Restaurants, Accommodation, Sea, Sandy beach, and Boat service.', 'Knowledge Graph Fact RETRIEVAL NOTES:', 'Knowledge Graph Fact - Ranked by: positive sentiment, popularity', 'Knowledge Graph Fact - CONTRADICTION RULE: If Review Evidence contradicts the Knowledge Graph facts, you MUST treat the Knowledge Graph as the absolute ground truth.']","The recommended places to visit in the Trincomalee District are:

- **Fort Frederick** — A historic site and fort featuring a temple, Hindu shrine, rock formation, mountain, and beach, offering scenic views and road access for a fort visit or temple visit.

- **Kanniya Hot Springs** — A hot springs location where visitors can experience the site's specific weather conditions, cleanliness, entrance fee, ticket price, and crowd levels.

- **Marble Beach** — A sandy beach suitable for swimming, known for its peacefulness, family friendliness, and scenic views, with on-site restaurants, food quality, service quality, and accommodation. It also features a sea and is noted for its cleanliness, ticket price, and crowd levels.

- **Nilaveli Beach** — A sandy beach ideal for swimming and relaxing, characterized by its peaceful atmosphere, waves, cleanliness, crowd levels, and available restaurants and accommodation near the sea.

- **Trincomalee Beach** — A sandy beach featuring a temple and Hindu shrine, suitable for swimming and relaxing, with family-friendly amenities, accommodation, and scenic views. It is also noted for its peacefulness, cleanliness, crowd levels, and weather conditions near the sea.

- **Trincomalee War Cemetery** — A memorial and cemetery site noted for its peacefulness, cleanliness, and road access.

- **Uppuveli Beach** — A sandy beach offering swimming, relaxing, and fishing, with boat services, restaurants, food quality, and accommodation available. It is also noted for its safety, peacefulness, cleanliness, crowd levels, waves, and sea.","The best spots to visit in the Trincomalee District include Fort Frederick, Kanniya Hot Springs, Marble Beach, Nilaveli Beach, and Trincomalee Beach."
Q_LOC_08,What is there to explore in the Badulla District?,location_query,location_query,1.0,9.49,1.0,0.8026803556133331,0.2795708701209446,1.0,What is there to explore in the Badulla District?,"['Knowledge Graph Fact Knowledge Graph Fact 1. Bambarakanda Falls is a waterfall located in Badulla District.', 'Knowledge Graph Fact Knowledge Graph Fact 2. Bogoda Wooden Bridge is a heritage site in Badulla District for a Temple visit, featuring Road access, River, Stairs, Temple, Public transport access, Bridge, Cave, and Cave temple.', 'Knowledge Graph Fact Knowledge Graph Fact 3. Demodara Loop is an engineering landmark in Badulla District for a Train ride, featuring Road access, Trail, Scenic view, Ticket price, Mountain, Public transport access, and Bridge.', 'Knowledge Graph Fact Knowledge Graph Fact 4. Diyaluma Falls is a waterfall in Badulla District for a Waterfall visit, Swimming, Hiking, and Photography, featuring Waterfall, Road access, Trail, Rock formation, Safety, Scenic view, Weather condition, Public transport access, and Local guide.', 'Knowledge Graph Fact Knowledge Graph Fact 5. Dunhinda Falls is a waterfall located in Badulla District.', 'Knowledge Graph Fact Knowledge Graph Fact 6. Ella Rock is a viewpoint and hiking location in Badulla District for Hiking, featuring Waterfall, Trail, Rock formation, Scenic view, Weather condition, Ticket price, Mountain, Local guide, Bridge, Tea plantation, Viewpoint, and Signage.', 'Knowledge Graph Fact Knowledge Graph Fact 7. Lipton’s Seat is a viewpoint and hiking location in Badulla District for Photography, Viewpoint visit, Tea factory visit, and Sunrise watching, featuring Road access, Scenic view, Weather condition, Ticket price, Mountain, Public transport access, Tea plantation, Viewpoint, and Sunrise view.', ""Knowledge Graph Fact Knowledge Graph Fact 8. Little Adam's Peak View Point is a viewpoint and hiking location in Badulla District for Hiking, Photography, Sunrise watching, and Ziplining, featuring Trail, Rock formation, Scenic view, Stairs, Weather condition, Mountain, Tea plantation, and Sunrise view."", 'Knowledge Graph Fact Knowledge Graph Fact 9. Maduru Oya National Park is a national park and wildlife reserve in Badulla District for a Safari and Elephant watching, featuring Road access, Scenic view, Wildlife, Crowdedness, Birds, Lake, and Elephants.', 'Knowledge Graph Fact Knowledge Graph Fact 10. Nine Arches Bridge is an engineering landmark located in Badulla District.', 'Knowledge Graph Fact RETRIEVAL NOTES:', 'Knowledge Graph Fact - Ranked by: popularity, positive sentiment', 'Knowledge Graph Fact - CONTRADICTION RULE: If Review Evidence contradicts the Knowledge Graph facts, you MUST treat the Knowledge Graph as the absolute ground truth.']","The Badulla District offers a variety of natural landmarks, heritage sites, and viewpoints for exploration.

- **Bambarakanda Falls** — A waterfall located in the Badulla District.

- **Bogoda Wooden Bridge** — A heritage site in the Badulla District featuring a bridge, a temple, a cave, and a cave temple, with access via road, stairs, and public transport. Visitors can also enjoy a temple visit.

- **Demodara Loop** — An engineering landmark in the Badulla District featuring a bridge and mountain scenery. It is accessible by road, trail, and public transport, and offers a train ride with scenic views.

- **Diyaluma Falls** — A waterfall in the Badulla District suitable for swimming, hiking, and photography. It features rock formations, trails, and scenic views, with access via road and public transport. Visitors may also utilize a local guide, though it is important to consider weather conditions and safety.

- **Dunhinda Falls** — A waterfall located in the Badulla District.

- **Ella Rock** — A viewpoint and hiking location in the Badulla District featuring a trail, waterfall, rock formations, tea plantations, and bridges. It offers scenic views and requires a ticket, with signage available to guide hikers. Visitors may also choose to hire a local guide, though it is recommended to check weather conditions before heading out.

- **Lipton’s Seat** — A viewpoint and hiking location in the Badulla District featuring tea plantations and mountains. It is suitable for photography, tea factory visits, and sunrise watching, with access via road and public transport. Visitors should be aware of weather conditions and the required ticket price.

- **Little Adam's Peak View Point** — A viewpoint and hiking location in the Badulla District featuring stairs, trails, rock formations, and tea plantations. It is suitable for hiking, photography, sunrise watching, and ziplining, offering scenic views of the mountains. Visitors should keep weather conditions in mind.

- **Maduru Oya National Park** — A national park and wildlife reserve in the Badulla District featuring a lake, birds, and wildlife, including elephants. It is suitable for safaris and elephant watching, with road access available.

- **Nine Arches Bridge** — An engineering landmark located in the Badulla District.","In the Badulla District, you can explore Bambarakanda Falls, Bogoda Wooden Bridge, Demodara Loop, Diyaluma Falls, and Dunhinda Falls."
Q_LOC_09,Which places should I visit in the Monaragala District?,location_query,location_query,1.0,8.89,1.0,0.9613624245302328,0.2795708701209446,1.0,Which places should I visit in the Monaragala District?,"['Knowledge Graph Fact Knowledge Graph Fact 1. Buduruwagala Temple is a Religious Site in Monaragala District for Temple visit, featuring Road access, Trail, Rock formation, Scenic view, Temple, Buddha statue, Peacefulness, Ticket price, Sculptures, and Lake.', 'Knowledge Graph Fact Knowledge Graph Fact 2. Kataragama Temple is a Religious Site in Monaragala District for Temple visit and Pilgrimage, featuring Temple, Peacefulness, Crowdedness, and Hindu shrine.', 'Knowledge Graph Fact Knowledge Graph Fact 3. Lunugamvehera National Park is a National Park / Wildlife Reserve in Monaragala District for Safari and Jeep safari, featuring Scenic view, Peacefulness, Wildlife, Ticket price, Crowdedness, Local guide, Birds, Lake, Elephants, Forest, and Leopards.', 'Knowledge Graph Fact Knowledge Graph Fact 4. Maligawila Buddha Statue is a Religious Site in Monaragala District for Religious visit, featuring Rock formation, Ancient ruins, Buddha statue, Sculptures, and Value for money.', 'Knowledge Graph Fact Knowledge Graph Fact 5. Udawalawe National Park is a National Park / Wildlife Reserve in Monaragala District for Safari, featuring Wildlife, Ticket price, Local guide, Accommodation, Birds, and Elephants.', 'Knowledge Graph Fact RETRIEVAL NOTES:', 'Knowledge Graph Fact - Ranked by: positive sentiment, popularity', 'Knowledge Graph Fact - CONTRADICTION RULE: If Review Evidence contradicts the Knowledge Graph facts, you MUST treat the Knowledge Graph as the absolute ground truth.']","The places to visit in the Monaragala District include the following:

- **Buduruwagala Temple** — This religious site is ideal for a temple visit, where you can see a Buddha statue, various sculptures, and a rock formation. The area offers a lake, a trail, and scenic views, all contributing to a sense of peacefulness. Be sure to check the ticket price before you go, and note that there is road access to the site.
- **Kataragama Temple** — A significant religious site for temple visits and pilgrimages, this location features a Hindu shrine. While it is known for its peacefulness, visitors should be aware that it can get crowded.
- **Lunugamvehera National Park** — This national park and wildlife reserve is a great spot for a safari or jeep safari. You can enjoy scenic views of the lake and forest while looking for elephants, leopards, and birds. The park is known for its peacefulness and low crowdedness, and you can hire a local guide to help you spot the wildlife. Remember to check the ticket price before your visit.
- **Maligawila Buddha Statue** — This religious site is perfect for a religious visit to see ancient ruins, a Buddha statue, and intricate sculptures carved into a rock formation. Many visitors find the site to be good value for money.
- **Udawalawe National Park** — A popular national park and wildlife reserve for a safari, this park is well-known for sightings of elephants and birds. You can hire a local guide to help you explore the wildlife, and there is accommodation available nearby. Don't forget to check the ticket price before planning your trip.","Places you should visit in the Monaragala District include Buduruwagala Temple, Kataragama Temple, Lunugamvehera National Park, Maligawila Buddha Statue, and Udawalawe National Park."
Q_LOC_10,What to see around the Hambantota District?,location_query,location_query,0.98,9.24,1.0,0.8465805090822839,0.7795708700709447,1.0,What to see around the Hambantota District?,"['Knowledge Graph Fact Knowledge Graph Fact 1. Goyambokka Beach is a beach in Hambantota District for Swimming and Relaxing, featuring Peacefulness, Family friendliness, Ticket price, Cleanliness, Crowdedness, Value for money, Beach, Waves, Food quality, Restaurants, Accommodation, Sea, and Sandy beach.', 'Knowledge Graph Fact Knowledge Graph Fact 2. Hummanaya Blow Hole is a natural landmark in Hambantota District, featuring Rock formation, Scenic view, Stairs, Weather condition, Ticket price, Beach, Waves, Sea, and Entrance fee.', 'Knowledge Graph Fact Knowledge Graph Fact 3. Kirinda Viharaya is a religious site in Hambantota District for Temple visit, featuring Rock formation, Safety, Scenic view, Stairs, Temple, Weather condition, Buddha statue, Peacefulness, Sculptures, Beach, and Sea.', 'Knowledge Graph Fact RETRIEVAL NOTES:', 'Knowledge Graph Fact - Ranked by: popularity, positive sentiment', 'Knowledge Graph Fact - CONTRADICTION RULE: If Review Evidence contradicts the Knowledge Graph facts, you MUST treat the Knowledge Graph as the absolute ground truth.']","The attractions located in the Hambantota District include the following:

- **Goyambokka Beach** — This beach in the Hambantota District is a destination suitable for swimming and relaxing. It features a sandy beach environment, cleanliness, and peacefulness, with nearby restaurants and accommodation options available.
- **Hummanaya Blow Hole** — A natural landmark in the Hambantota District featuring a rock formation, waves, and sea views, accessible via stairs. Visitors should be mindful of weather conditions and the entrance fee.
- **Kirinda Viharaya** — A religious site in the Hambantota District featuring a temple, Buddha statue, and sculptures, set against a backdrop of rock formations and sea views. The site is accessed by stairs and offers peacefulness, though visitors should consider weather conditions and safety.","Around the Hambantota District, you can see Goyambokka Beach, Hummanaya Blow Hole, and Kirinda Viharaya."
Q_COM_01,What are the main differences between Yala National Park and Udawalawe National Park?,comparison_query,comparison_query,1.0,9.43,0.8823529411764706,1.0000000000000002,0.2795708701209446,1.0,What are the main differences between Yala National Park and Udawalawe National Park?,"['Knowledge Graph Fact Knowledge Graph Fact 1. Udawalawe National Park is a National Park / Wildlife Reserve in Monaragala District for Safari, featuring Wildlife, Ticket price, Local guide, Accommodation, Birds, and Elephants.', 'Knowledge Graph Fact Knowledge Graph Fact 2. Yala National Park is a National Park / Wildlife Reserve for Safari, featuring Road access, Trail, Wildlife, Ticket price, Crowdedness, Local guide, Beach, Accommodation, Birds, Elephants, Forest, and Leopards.', 'Knowledge Graph Fact RETRIEVAL NOTES:', 'Knowledge Graph Fact - Ranked by: wildlife sightings, crowd levels, safari quality', 'Knowledge Graph Fact - CONTRADICTION RULE: If Review Evidence contradicts the Knowledge Graph facts, you MUST treat the Knowledge Graph as the absolute ground truth.']","The main differences between Yala National Park and Udawalawe National Park are defined by their unique wildlife features, terrain, and visitor experiences.

| Feature | Yala National Park | Udawalawe National Park |
| :--- | :--- | :--- |
| **Wildlife** | Leopards, elephants, birds, and wildlife. | Elephants, birds, and wildlife. |
| **Terrain/Features** | Forest, trails, and beach. | Not specified. |
| **Access** | Road access. | Not specified. |
| **Visitor Experience** | Known for crowdedness. | Not specified. |
| **Common Amenities** | Safari, local guide, and accommodation. | Safari, local guide, and accommodation. |

- **Yala National Park** — This park offers a diverse landscape featuring forests, trails, and beach areas. It is a destination for safari activities where visitors can observe leopards, elephants, and birds. The park provides road access, local guides, and on-site accommodation, though it is noted for its crowdedness.

- **Udawalawe National Park** — Located in the Monaragala District, this park is a dedicated wildlife reserve focused on safari experiences. It is recognized for sightings of elephants and birds. Visitors can utilize local guides and access various accommodation options while exploring the park.","Both Yala and Udawalawe National Parks are renowned for wildlife safaris and elephant watching. However, Yala National Park is famous for its leopard population and offers a broader range of wildlife viewing, though it can become quite crowded. In contrast, Udawalawe National Park is highly regarded for its large elephant population and features on-site accommodation, but it is not known for leopards."
Q_COM_02,How does Sigiriya Lion Rock compare to Pidurangala Rock for visitors?,comparison_query,comparison_query,0.98,8.29,1.0,0.839716467402571,1.0,0.5261077306335284,How does Sigiriya Lion Rock compare to Pidurangala Rock for visitors?,"['Knowledge Graph Fact Knowledge Graph Fact 1. Pidurangala Rock is a Viewpoint / Hiking location in Matale District for Hiking, Sunset watching, and Sunrise watching, featuring Trail, Rock formation, Scenic view, Stairs, Temple, Weather condition, Buddha statue, Ticket price, Crowdedness, Sunset view, and Sunrise view.', 'Knowledge Graph Fact Knowledge Graph Fact 2. Sigiriya Lion Rock is a Heritage Site in Matale District, featuring Rock formation, Scenic view, Stairs, Weather condition, Ancient ruins, Ticket price, Crowdedness, Local guide, Heritage site, Value for money, Paintings, Murals, and Fortress.', 'Knowledge Graph Fact RETRIEVAL NOTES:', 'Knowledge Graph Fact - Ranked by: Value for money, Scenic view, Steps or stairs', 'Knowledge Graph Fact - CONTRADICTION RULE: If Review Evidence contradicts the Knowledge Graph facts, you MUST treat the Knowledge Graph as the absolute ground truth.']","Sigiriya Lion Rock and Pidurangala Rock offer distinct experiences for visitors in the Matale District, characterized by the following features:

| Feature | Sigiriya Lion Rock | Pidurangala Rock |
| :--- | :--- | :--- |
| **Primary Experience** | Heritage site and ancient fortress | Viewpoint and hiking location |
| **Key Attractions** | Ancient ruins, paintings, and murals | Temple, Buddha statue, and sunrise/sunset views |
| **Accessibility** | Stairs | Stairs and trail |
| **Visitor Focus** | Exploration of historical structures | Scenic views and nature observation |

- **Sigiriya Lion Rock** — This site functions as a heritage site and ancient fortress. Visitors can explore ancient ruins and view paintings and murals. The experience involves climbing stairs and navigating the rock formation, with local guides available to provide context. While it offers a scenic view, some visitors have noted concerns regarding weather conditions, crowdedness, and value for money.

- **Pidurangala Rock** — This location serves as a viewpoint and hiking destination. Visitors can explore a temple and see a Buddha statue while navigating a trail and stairs. It is specifically utilized for sunrise and sunset watching to take in the scenic views from the rock formation. While the sunrise and sunset views are highlighted, some visitors have reported negative experiences regarding weather conditions and crowdedness.","Both Sigiriya Lion Rock and Pidurangala Rock offer excellent hiking and scenic views in the same area. Sigiriya Lion Rock is an ancient rock fortress that features extensive ruins, a museum, and significant historical value, but it has a much higher entrance fee. Pidurangala Rock, while lacking the ancient ruins, is a popular alternative for hiking that offers breathtaking sunset views, a lower ticket price, and is generally less crowded."
Q_COM_03,Can you compare Arugam Bay and Weligama Beach?,comparison_query,comparison_query,1.0,8.5,1.0,0.8548031405156907,0.2795708701209446,1.0,Can you compare Arugam Bay and Weligama Beach?,"['Knowledge Graph Fact Knowledge Graph Fact 1. Arugam Bay is a beach in Ampara District offering Swimming, Surfing, Relaxing, and Shopping, featuring Peacefulness, Ticket price, Cleanliness, Public transport access, Crowdedness, Value for money, Beach, Waves, Food quality, Restaurants, Accommodation, Service quality, Sea, and Shops.', 'Knowledge Graph Fact Knowledge Graph Fact 2. Weligama Beach is a beach in Matara District offering Swimming, Surfing, and Relaxing, featuring Safety, Peacefulness, Family friendliness, Cleanliness, Crowdedness, Beach, Waves, Food quality, Restaurants, Accommodation, Sea, and Sandy beach.', 'Knowledge Graph Fact RETRIEVAL NOTES:', 'Knowledge Graph Fact - Ranked by: Surfing, Peacefulness, Accommodation, Crowdedness', 'Knowledge Graph Fact - CONTRADICTION RULE: If Review Evidence contradicts the Knowledge Graph facts, you MUST treat the Knowledge Graph as the absolute ground truth.']","Arugam Bay and Weligama Beach are both prominent coastal destinations in Sri Lanka that offer distinct features and activities for visitors.

| Feature | Arugam Bay | Weligama Beach |
| :--- | :--- | :--- |
| **District** | Ampara District | Matara District |
| **Activities** | Swimming, Surfing, Relaxing, Shopping | Swimming, Surfing, Relaxing |
| **Key Features** | Peacefulness, Ticket price, Cleanliness, Public transport access, Crowdedness, Value for money, Beach, Waves, Food quality, Restaurants, Accommodation, Service quality, Sea, Shops | Safety, Peacefulness, Family friendliness, Cleanliness, Crowdedness, Beach, Waves, Food quality, Restaurants, Accommodation, Sea, Sandy beach |

- **Arugam Bay** — Located in the Ampara District, this destination is a hub for surfing, swimming, relaxing, and shopping. It is defined by its beach, waves, and sea, with local infrastructure including restaurants, accommodation, and shops. Visitors often comment on the peacefulness, cleanliness, and public transport access, though reviews also mention the crowdedness and value for money. The area is also recognized for its food quality and service quality.

- **Weligama Beach** — Situated in the Matara District, this spot is well-regarded for its sandy beach, waves, and sea. It is a popular choice for swimming, surfing, and relaxing. The area is noted for its safety, family friendliness, peacefulness, and cleanliness. While it can be crowded, it offers a variety of restaurants and accommodation options, with visitors highlighting the food quality.","Arugam Bay and Weligama Beach are both highly popular destinations for surfing. Arugam Bay is famous for its world-class waves, peaceful atmosphere, and surf shops, though it can get crowded during peak season. Weligama Beach also offers excellent waves for surfing but is distinguished by being a family-friendly, sandy beach that is highly accessible for beginners."
Q_COM_04,Compare the experiences of visiting Victoria Park of Nuwara Eliya versus Ella Rock.,comparison_query,comparison_query,1.0,7.36,0.9411764705882352,0.9571938174731706,0.2795708701209446,0.5261077306335284,Compare the experiences of visiting Victoria Park of Nuwara Eliya versus Ella Rock.,"['Knowledge Graph Fact Knowledge Graph Fact 1. Ella Rock is located in Badulla District for Hiking, featuring Waterfall, Trail, Rock formation, Scenic view, Weather condition, Ticket price, Mountain, Local guide, Bridge, Tea plantation, Viewpoint, and Signage.', 'Knowledge Graph Fact Knowledge Graph Fact 2. Victoria Park of Nuwara Eliya is located in Colombo District for Relaxing, featuring Family friendliness, Ticket price, Cleanliness, and Entrance fee.', 'Knowledge Graph Fact RETRIEVAL NOTES:', 'Knowledge Graph Fact - Ranked by: positive sentiment, activity variety, feature comparison', 'Knowledge Graph Fact - CONTRADICTION RULE: If Review Evidence contradicts the Knowledge Graph facts, you MUST treat the Knowledge Graph as the absolute ground truth.']","The experiences of visiting Victoria Park of Nuwara Eliya and Ella Rock differ based on their primary activities and features as outlined below:

| Feature | Victoria Park of Nuwara Eliya | Ella Rock |
| :--- | :--- | :--- |
| **Primary Activity** | Relaxing | Hiking |
| **District** | Colombo District | Badulla District |
| **Key Features** | Family friendliness, cleanliness, and entrance fee | Waterfall, trail, rock formation, scenic view, weather condition, mountain, local guide, bridge, tea plantation, viewpoint, and signage |
| **Cost Information** | Ticket price available | Ticket price available |

The available evidence indicates that Victoria Park of Nuwara Eliya is a destination focused on relaxing, noted for its family friendliness and cleanliness. In contrast, Ella Rock is a destination for hiking, characterized by its mountain, tea plantations, rock formations, and waterfalls. Visitors can navigate the trail using bridges and signage, and local guides are available to assist. While the site offers a scenic view, visitors should be aware of potential weather conditions.","Victoria Park of Nuwara Eliya and Ella Rock offer very different experiences. Victoria Park is a clean, family-friendly destination focused on relaxing, featuring well-maintained gardens in Nuwara Eliya. Ella Rock, on the other hand, is a rugged viewpoint in Badulla District that requires hiking along a trail, rewarding visitors with scenic mountain views, waterfalls, and nearby attractions like the Nine Arches Bridge."
Q_COM_05,What are the differences between Unawatuna Beach and Mirissa Beach?,comparison_query,comparison_query,1.0,8.32,0.9285714285714286,1.0,1.0,0.19277439730019502,What are the differences between Unawatuna Beach and Mirissa Beach?,"['Knowledge Graph Fact Knowledge Graph Fact 1. Mirissa Beach is located in Matara District for Swimming, Surfing, Relaxing, and Sunset watching, featuring Scenic view, Family friendliness, Cleanliness, Crowdedness, Beach, Waves, Food quality, Restaurants, Accommodation, Sea, Sandy beach, and Sunset view.', 'Knowledge Graph Fact Knowledge Graph Fact 2. Unawatuna Beach is located in Galle District for Swimming and Relaxing, featuring Safety, Peacefulness, Family friendliness, Ticket price, Cleanliness, Crowdedness, Value for money, Beach, Waves, Food quality, Restaurants, Accommodation, Sea, Sandy beach, and Cafes.', 'Knowledge Graph Fact RETRIEVAL NOTES:', 'Knowledge Graph Fact - Ranked by: features, activities, crowd levels, facilities', 'Knowledge Graph Fact - CONTRADICTION RULE: If Review Evidence contradicts the Knowledge Graph facts, you MUST treat the Knowledge Graph as the absolute ground truth.']","The differences between Unawatuna Beach and Mirissa Beach are defined by their specific locations, available activities, and unique environmental features.

| Feature | Unawatuna Beach | Mirissa Beach |
| :--- | :--- | :--- |
| **District** | Galle District | Matara District |
| **Activities** | Swimming, Relaxing | Swimming, Surfing, Relaxing, Sunset watching |
| **Key Features** | Safety, Peacefulness, Family friendliness, Ticket price, Cleanliness, Crowdedness, Beach, Waves, Food quality, Restaurants, Accommodation, Sea, Sandy beach, Cafes, Value for money | Scenic view, Family friendliness, Cleanliness, Crowdedness, Beach, Waves, Food quality, Restaurants, Accommodation, Sea, Sandy beach, Sunset view |

- **Unawatuna Beach** — Located in the Galle District, this destination is popular for swimming and relaxing. It is noted for its safety, peacefulness, family friendliness, cleanliness, and value for money. Visitors can enjoy the sandy beach, sea, and waves while accessing a wide variety of restaurants, cafes, and accommodation. While it is a popular spot, some visitors have noted issues with crowdedness.

- **Mirissa Beach** — Situated in the Matara District, this beach is a hub for swimming, surfing, relaxing, and sunset watching. It is characterized by its scenic view, family friendliness, and sunset view, with facilities including restaurants, accommodation, and a sandy beach area. Like Unawatuna, it features a clean environment with quality food and waves, though it is also mentioned in the context of crowdedness.","Both Unawatuna and Mirissa are popular coastal destinations in the South. Unawatuna Beach is known for its calm waters, making it an excellent family-friendly spot for safe swimming, relaxing, and enjoying nearby cafes. Mirissa Beach also offers sandy shores and swimming, but it stands out for its surfing waves, spectacular sunset watching, and scenic viewpoints."
Q_COM_06,Compare Ruwanweli Maha Seya and Polonnaruwa Vatadage.,comparison_query,comparison_query,1.0,7.95,0.8333333333333334,0.8236879480319655,0.2795708701209446,0.19277439730019502,Compare Ruwanweli Maha Seya and Polonnaruwa Vatadage.,"['Knowledge Graph Fact Knowledge Graph Fact 1. Polonnaruwa Vatadage is a Heritage Site in Polonnaruwa District for Ancient city visit and Ruins exploration, featuring Temple, Weather condition, Ancient ruins, Buddha statue, Local guide, Museum, Heritage site, and Sculptures.', 'Knowledge Graph Fact Knowledge Graph Fact 2. Ruwanweli Maha Seya is a Religious Site in Anuradhapura District for Religious visit and Ancient city visit, featuring Stupa, Temple, Weather condition, Buddha statue, Peacefulness, and Crowdedness.', 'Knowledge Graph Fact RETRIEVAL NOTES:', 'Knowledge Graph Fact - Ranked by: historical importance, visitor reviews', 'Knowledge Graph Fact - CONTRADICTION RULE: If Review Evidence contradicts the Knowledge Graph facts, you MUST treat the Knowledge Graph as the absolute ground truth.']","The following table compares the Ruwanweli Maha Seya and the Polonnaruwa Vatadage based on their primary attributes and visitor activities.

| Feature | Ruwanweli Maha Seya | Polonnaruwa Vatadage |
| :--- | :--- | :--- |
| **Location** | Anuradhapura District | Polonnaruwa District |
| **Site Category** | Religious Site | Heritage Site |
| **Primary Activities** | Religious visit, Ancient city visit | Ancient city visit, Ruins exploration |
| **Key Features** | Stupa, Temple, Buddha statue, Peacefulness, Crowdedness, Weather condition | Temple, Ancient ruins, Buddha statue, Local guide, Museum, Heritage site, Sculptures, Weather condition |

When deciding between these two locations, consider the following differences:

- **Ruwanweli Maha Seya** — Located in the Anuradhapura District, this religious site is centered around its stupa and temple. Visitors often note the peacefulness of the area, though some report that it can become crowded and that weather conditions can impact the experience.
- **Polonnaruwa Vatadage** — Situated in the Polonnaruwa District, this heritage site is known for its ancient ruins and sculptures. While the site features a temple and Buddha statue, visitors often utilize local guides to explore the ruins. Similar to the Ruwanweli Maha Seya, weather conditions are a factor to keep in mind when planning your visit to this museum and heritage site.","Ruwanweli Maha Seya and Polonnaruwa Vatadage are both significant historical and religious sites, but they belong to different eras and locations. Ruwanweli Maha Seya is a massive, highly revered ancient stupa located in the sacred city of Anuradhapura. The Polonnaruwa Vatadage is a prominent heritage site in Polonnaruwa, featuring a distinct circular structure with ancient ruins, stone sculptures, and a central Buddha statue."
Q_COM_07,How do Gal Oya National Park and Madu River Safari by Buddhi compare for boat tours?,comparison_query,comparison_query,1.0,7.68,0.8666666666666667,0.9096099933611096,0.7795708700709447,0.19277439730019502,How do Gal Oya National Park and Madu River Safari by Buddhi compare for boat tours?,"['Knowledge Graph Fact Knowledge Graph Fact 1. Gal Oya National Park is located in Polonnaruwa District for Swimming, Safari, Boat safari, Boat ride, Elephant watching, Camping, and Jeep safari, featuring Road access, Scenic view, Peacefulness, Wildlife, Local guide, Birds, Lake, Elephants, Boat service, and Forest.', 'Knowledge Graph Fact Knowledge Graph Fact 2. Madu River Safari by Buddhi is located in Galle District for Temple visit, Safari, Boat safari, Boat ride, and Spa treatment, featuring River, Scenic view, Temple, Family friendliness, Wildlife, Ticket price, Local guide, Value for money, Birds, and Boat service.', 'Knowledge Graph Fact RETRIEVAL NOTES:', 'Knowledge Graph Fact - Ranked by: Boat safari, Service quality, Wildlife', 'Knowledge Graph Fact - CONTRADICTION RULE: If Review Evidence contradicts the Knowledge Graph facts, you MUST treat the Knowledge Graph as the absolute ground truth.']","The boat safari experiences at Gal Oya National Park and Madu River Safari by Buddhi offer distinct environments and activities for visitors.

### Gal Oya National Park
- **Gal Oya National Park** — Located in the Polonnaruwa District, this park offers a boat safari on a lake within a forest setting. Visitors can engage in elephant watching and bird sightings, with the experience noted for its peacefulness and scenic views. Local guides are available to assist, and you can choose between a boat safari or a jeep safari to explore the wildlife.

### Madu River Safari by Buddhi
- **Madu River Safari by Buddhi** — Situated in the Galle District, this excursion takes place on a river and is known for its boat ride service. The experience includes opportunities for wildlife and bird watching, as well as a temple visit and spa treatments. While local guides are available to provide service, some visitors have noted concerns regarding the value for money, though the location is recognized for its family friendliness and scenic views.","Both locations offer boat-based experiences but with different focuses. Gal Oya National Park offers boat safaris on a large lake where visitors can spot elephants, birds, and forest wildlife in a highly peaceful, remote setting. Madu River Safari by Buddhi provides boat rides through river mangroves, offering a family-friendly experience that includes a temple visit, fish spa treatments, and scenic river views."
Q_COM_08,Compare the Colombo National Museum and the Temple of the Sacred Tooth Relic.,comparison_query,comparison_query,1.0,7.57,1.0,0.9318717668553936,0.2795708701209446,0.19277439730019502,Compare the Colombo National Museum and the Temple of the Sacred Tooth Relic.,"['Knowledge Graph Fact Knowledge Graph Fact 1. Colombo National Museum is located in Colombo District for a Museum visit, featuring Weather condition, Family friendliness, Ticket price, Museum, and Colonial architecture.', 'Knowledge Graph Fact Knowledge Graph Fact 2. Temple of the Sacred Tooth Relic is located in Kandy District for Religious visit and Temple visit, featuring Temple, Buddha statue, Peacefulness, Ticket price, Crowdedness, Local guide, and Museum.', 'Knowledge Graph Fact RETRIEVAL NOTES:', 'Knowledge Graph Fact - Ranked by: features, activities, facilities, cost', 'Knowledge Graph Fact - CONTRADICTION RULE: If Review Evidence contradicts the Knowledge Graph facts, you MUST treat the Knowledge Graph as the absolute ground truth.']","The Colombo National Museum and the Temple of the Sacred Tooth Relic offer distinct cultural experiences based on their specific features and primary purposes.

| Feature | Colombo National Museum | Temple of the Sacred Tooth Relic |
| :--- | :--- | :--- |
| **Primary Purpose** | Museum visit | Religious visit and temple visit |
| **Location** | Colombo District | Kandy District |
| **Key Features** | Museum, colonial architecture, family friendliness, and weather conditions | Temple, Buddha statue, museum, peacefulness, crowdedness, and local guides |
| **Cost** | Ticket price information available | Ticket price information available |

- **Colombo National Museum** — Located in the Colombo District, this site is primarily visited as a museum. It is noted for its colonial architecture and family friendliness, though some visitors have commented on the weather conditions. Ticket price information is available for those planning a visit.
- **Temple of the Sacred Tooth Relic** — Situated in the Kandy District, this religious site is a destination for temple visits. While it features a Buddha statue and an on-site museum, visitors often note the peacefulness of the grounds alongside the potential for crowdedness. Local guides are available to assist with your visit, and ticket price information is available.","The Colombo National Museum is a cultural institution focused on Sri Lanka's history, showcasing ancient ruins, royal regalia, and historical artifacts. The Temple of the Sacred Tooth Relic in Kandy is primarily an active, highly sacred religious site that houses a relic of the Buddha; it also features its own museum and involves significant cultural and religious rituals."
Q_COM_09,What is the difference between Minneriya National Park and Kaudulla National Park?,comparison_query,comparison_query,1.0,7.58,0.4545454545454545,0.985274149014495,0.2795708701209446,0.442774397300195,What is the difference between Minneriya National Park and Kaudulla National Park?,"['Knowledge Graph Fact Knowledge Graph Fact 1. Kaudulla National Park is a National Park / Wildlife Reserve in Polonnaruwa District offering Safari, Elephant watching, and Jeep safari, featuring Road access, Wildlife, Ticket price, Crowdedness, Local guide, Birds, Lake, and Elephants.', 'Knowledge Graph Fact Knowledge Graph Fact 2. Minneriya National Park is a National Park / Wildlife Reserve in Polonnaruwa District offering Safari, Elephant watching, and Jeep safari, featuring Scenic view, Family friendliness, Wildlife, Ticket price, Crowdedness, Local guide, Birds, Lake, and Elephants.', 'Knowledge Graph Fact RETRIEVAL NOTES:', 'Knowledge Graph Fact - Ranked by: wildlife, crowd levels, visitor experience', 'Knowledge Graph Fact - CONTRADICTION RULE: If Review Evidence contradicts the Knowledge Graph facts, you MUST treat the Knowledge Graph as the absolute ground truth.']","The differences between Minneriya National Park and Kaudulla National Park are based on their specific features and visitor experiences within the Polonnaruwa District.

- **Minneriya National Park** — This park offers safari, elephant watching, and jeep safari activities. It features scenic views, family friendliness, wildlife, ticket prices, crowd levels, local guides, birds, a lake, and elephants. Visitors often note the positive experience with local guides and the positive presence of elephants, though the park can be crowded.

- **Kaudulla National Park** — This park offers safari, elephant watching, and jeep safari activities. It features road access, wildlife, ticket prices, crowd levels, local guides, birds, a lake, and elephants. While the park is known for its positive elephant sightings and helpful local guides, visitors should be aware that it can also experience issues with crowdedness.","Minneriya and Kaudulla National Parks are both top destinations for elephant watching and jeep safaris, featuring lakes and birdlife. The main difference lies in the seasonal movement of elephants between the two parks. Both can experience crowdedness, but Minneriya is famous for 'The Gathering' of elephants during the dry season, while Kaudulla is highly rated as an alternative that also boasts significant elephant herds."
Q_COM_10,Compare Galle Dutch Fort and Jaffna Fort.,comparison_query,comparison_query,1.0,7.64,0.9333333333333332,0.8344044429727954,0.2795708701209446,0.5261077306335284,Compare Galle Dutch Fort and Jaffna Fort.,"['Knowledge Graph Fact Knowledge Graph Fact 1. Galle Dutch Fort is a Fort / Historic Site in Galle District for Shopping, Fort visit, and Sunset watching, featuring Scenic view, Weather condition, Heritage site, Beach, Restaurants, Accommodation, Sea, Shops, Fort, Sunset view, and Cafes.', 'Knowledge Graph Fact Knowledge Graph Fact 2. Jaffna Fort is a Fort / Historic Site in Jaffna District for Fort visit, featuring Scenic view, Ancient ruins, and Fort.', 'Knowledge Graph Fact RETRIEVAL NOTES:', 'Knowledge Graph Fact - Ranked by: historical significance, visitor experience, features', 'Knowledge Graph Fact - CONTRADICTION RULE: If Review Evidence contradicts the Knowledge Graph facts, you MUST treat the Knowledge Graph as the absolute ground truth.']","The Galle Dutch Fort and Jaffna Fort are both historic sites that offer unique experiences for visitors interested in exploring ancient fortifications and scenic views.

| Feature | Galle Dutch Fort | Jaffna Fort |
| :--- | :--- | :--- |
| **District** | Galle District | Jaffna District |
| **Primary Activities** | Shopping, Fort visit, Sunset watching | Fort visit |
| **Key Features** | Scenic view, Heritage site, Beach, Restaurants, Accommodation, Sea, Shops, Fort, Sunset view, Cafes | Scenic view, Ancient ruins, Fort |

- **Galle Dutch Fort** — Located in the Galle District, this heritage site provides a comprehensive experience where visitors can explore the fort, shop at local stores, dine at various restaurants and cafes, and enjoy scenic views of the sea and sunset. It also offers on-site accommodation and access to the beach.
- **Jaffna Fort** — Situated in the Jaffna District, this site is primarily focused on the exploration of its fort and ancient ruins, offering visitors a historical experience characterized by its scenic views.","Both Galle Dutch Fort and Jaffna Fort are historic colonial-era heritage sites with scenic views. Galle Dutch Fort is located in the South, featuring extensive preservation, beaches, museums, and a vibrant scene of restaurants and boutiques. Jaffna Fort is located in the North and offers significant historical value and scenic coastal views, but it lacks the extensive commercialized restaurant and boutique scene found in Galle."
Q_EXP_01,Explain about Sigiriya Lion Rock.,explanation_query,explanation_query,1.0,7.96,1.0,0.7698318961456833,1.0,1.0,Explain about Sigiriya Lion Rock.,"['Knowledge Graph Fact Knowledge Graph Fact 1. Sigiriya Lion Rock is a Heritage Site located in Matale District, featuring Rock formation, Scenic view, Stairs, Weather condition, Ancient ruins, Ticket price, Crowdedness, Local guide, Heritage site, Value for money, Paintings, Murals, and Fortress.', 'Knowledge Graph Fact RETRIEVAL NOTES:', 'Knowledge Graph Fact - Ranked by: historical context, visitor experience', 'Knowledge Graph Fact - CONTRADICTION RULE: If Review Evidence contradicts the Knowledge Graph facts, you MUST treat the Knowledge Graph as the absolute ground truth.']","Here is what you can do at **Sigiriya Lion Rock**:

- Explore the ancient ruins and fortress structures that define this site.
- Climb the stairs to reach the top of the rock formation.
- View the paintings and murals preserved on the site.
- Experience the scenic views from the summit.
- Engage a local guide to learn about the heritage site.
- Observe the weather conditions during your visit.
- Assess the value for money and manage your time based on the crowdedness of the location.
- Purchase a ticket to gain entry to this heritage site in the Matale District.","Evidence shows Sigiriya Lion Rock features scenic views, ancient ruins including a fortress, and well-preserved murals, though visitors note a steep climb with stairs and a high ticket price."
Q_EXP_02,Explain about Ella Rock.,explanation_query,explanation_query,1.0,6.96,1.0,0.6981191901813769,1.0,1.0,Explain about Ella Rock.,"['Knowledge Graph Fact Knowledge Graph Fact 1. Ella Rock is located in Badulla District for Hiking, featuring Waterfall, Trail, Rock formation, Scenic view, Weather condition, Ticket price, Mountain, Local guide, Bridge, Tea plantation, Viewpoint, and Signage.', 'Knowledge Graph Fact RETRIEVAL NOTES:', 'Knowledge Graph Fact - Ranked by: comprehensive description, visitor experience', 'Knowledge Graph Fact - CONTRADICTION RULE: If Review Evidence contradicts the Knowledge Graph facts, you MUST treat the Knowledge Graph as the absolute ground truth.']","Here is what you can do at **Ella Rock**:

- **Ella Rock** — Located in the Badulla District, this site is a popular destination for hiking and offers a scenic view from the mountain.

- Hike through the mountain terrain.
- Experience the rock formation and reach the viewpoint.
- Observe the surrounding tea plantations.
- Walk along the bridge.
- View the waterfall.
- Utilize local guides for navigation.
- Follow the signage provided along the trail.
- Experience the local weather conditions.
- Pay the required ticket price for access.","Ella Rock is recommended based on visitor evidence highlighting it as a great place for hiking that features waterfalls, trails, rock formations, and amazing views."
Q_EXP_03,Explain about Arugam Bay.,explanation_query,explanation_query,1.0,6.93,1.0,0.7949829106862788,1.0,1.0,Explain about Arugam Bay.,"['Knowledge Graph Fact Knowledge Graph Fact 1. Arugam Bay is a beach located in Ampara District offering Swimming, Surfing, Relaxing, and Shopping, featuring Peacefulness, Ticket price, Cleanliness, Public transport access, Crowdedness, Value for money, Beach, Waves, Food quality, Restaurants, Accommodation, Service quality, Sea, and Shops.', 'Knowledge Graph Fact RETRIEVAL NOTES:', 'Knowledge Graph Fact - Ranked by: positive sentiment, comprehensive description', 'Knowledge Graph Fact - CONTRADICTION RULE: If Review Evidence contradicts the Knowledge Graph facts, you MUST treat the Knowledge Graph as the absolute ground truth.']","Here is what you can do at **Arugam Bay**:

- Swim in the sea.
- Surf the waves, which are a highlight for visitors.
- Relax on the beach, which is frequently noted for its cleanliness.
- Shop at local stores.
- Access the area via public transport, though experiences with this can be neutral.
- Enjoy the peacefulness of the location.
- Dine at various restaurants offering quality food.
- Utilize available accommodation options, though keep in mind that some visitors find the value for money and crowdedness to be points of concern.","Evidence indicates Arugam Bay is excellent for surfing and swimming, featuring a peaceful sandy beach with good waves and food, though it can get crowded."
Q_EXP_04,Explain about Victoria Park of Nuwara Eliya.,explanation_query,explanation_query,1.0,6.32,1.0,0.8322466609253846,1.0,1.0,Explain about Victoria Park of Nuwara Eliya.,"['Knowledge Graph Fact Knowledge Graph Fact 1. Victoria Park of Nuwara Eliya is a Garden / Park located in Colombo District for Relaxing, featuring Family friendliness, Ticket price, Cleanliness, and Entrance fee.', 'Knowledge Graph Fact RETRIEVAL NOTES:', 'Knowledge Graph Fact - Ranked by: relevance, comprehensive description', 'Knowledge Graph Fact - CONTRADICTION RULE: If Review Evidence contradicts the Knowledge Graph facts, you MUST treat the Knowledge Graph as the absolute ground truth.']","Here is what you can do at **Victoria Park of Nuwara Eliya**:

- Relax in the garden and park setting.
- Enjoy the family-friendly environment.
- Pay an entrance fee to access the grounds.
- Experience the cleanliness of the park.
- Purchase a ticket to enter, as there is a set ticket price for visitors.","Victoria Park of Nuwara Eliya is recommended because evidence shows it is a well-maintained, clean garden that is family-friendly and good for relaxing walks."
Q_EXP_05,Explain about the Temple of the Sacred Tooth Relic.,explanation_query,explanation_query,1.0,6.65,0.8,0.7559472725762394,1.0,1.0,Explain about the Temple of the Sacred Tooth Relic.,"['Knowledge Graph Fact Knowledge Graph Fact 1. The Temple of the Sacred Tooth Relic is a Religious Site in Kandy District for Religious visits and Temple visits, featuring a Temple, Buddha statue, Peacefulness, Ticket price, Crowdedness, Local guide, and Museum.', 'Knowledge Graph Fact RETRIEVAL NOTES:', 'Knowledge Graph Fact - Ranked by: historical importance, cultural significance', 'Knowledge Graph Fact - CONTRADICTION RULE: If Review Evidence contradicts the Knowledge Graph facts, you MUST treat the Knowledge Graph as the absolute ground truth.']","Here is what you can do at the **Temple of the Sacred Tooth Relic**:

- Visit the site for religious purposes and to explore the temple grounds.
- View the Buddha statue located within the premises.
- Experience the atmosphere of peacefulness that visitors enjoy.
- Explore the museum, which is well-regarded by guests.
- Hire a local guide to assist with your visit, as they are highly recommended for navigating the site.
- Note that the site requires a ticket price for entry and can be crowded at times.","Evidence highlights the Temple of the Sacred Tooth Relic as a deeply peaceful, culturally important site containing a Buddha statue, though it charges an entrance fee and can be crowded."
Q_EXP_06,Explain about Galle Fort Lighthouse.,explanation_query,explanation_query,1.0,6.44,1.0,0.7236196617081273,1.0,1.0,Explain about Galle Fort Lighthouse.,"['Knowledge Graph Fact Knowledge Graph Fact 1. Galle Fort Lighthouse is a lighthouse in Galle District for Photography and Fort visit, featuring Scenic view, Beach, Sea, Fort, Sunset view, and Lighthouse.', 'Knowledge Graph Fact RETRIEVAL NOTES:', 'Knowledge Graph Fact - Ranked by: historical significance, visitor experience', 'Knowledge Graph Fact - CONTRADICTION RULE: If Review Evidence contradicts the Knowledge Graph facts, you MUST treat the Knowledge Graph as the absolute ground truth.']","Here is what you can do at the **Galle Fort Lighthouse**:

- Engage in photography to capture the area.
- Visit the fort, which is a popular activity for those exploring the district.
- Enjoy the scenic view available from the site.
- Access the beach and the sea nearby.
- Observe the sunset view from the lighthouse grounds.
- View the lighthouse structure itself.","Galle Fort Lighthouse is recommended based on evidence showing it offers scenic sunset views of the sea and beach, making it great for photography."
Q_EXP_07,Explain about Horton Plains National Park.,explanation_query,explanation_query,1.0,7.3,1.0,0.7884381631457623,1.0,0.8594410639668617,Explain about Horton Plains National Park.,"['Knowledge Graph Fact Knowledge Graph Fact 1. Horton Plains National Park is a National Park / Wildlife Reserve in Nuwara Eliya District offering Waterfall visit, Hiking, and Trekking, featuring Waterfall, Trail, Scenic view, Weather condition, Wildlife, Ticket price, Cleanliness, Mountain, Crowdedness, Value for money, Entrance fee, and Birds.', 'Knowledge Graph Fact RETRIEVAL NOTES:', 'Knowledge Graph Fact - Ranked by: relevance, comprehensive description', 'Knowledge Graph Fact - CONTRADICTION RULE: If Review Evidence contradicts the Knowledge Graph facts, you MUST treat the Knowledge Graph as the absolute ground truth.']","Here is what you can do at **Horton Plains National Park**:

- Visit the waterfall, which is a notable feature of the park.
- Engage in hiking along the trails.
- Participate in trekking through the landscape.
- Observe the wildlife and various birds found within the park.
- Experience the mountain terrain and take in the scenic views.
- Be prepared for changing weather conditions during your visit.
- Pay the required entrance fee or ticket price to access the park.
- Experience the park's cleanliness, crowdedness, and overall value for money.","Evidence indicates Horton Plains National Park is an excellent location for hiking and trekking, featuring scenic mountain trails, waterfalls, and wildlife like birds, though visitors should be prepared for varying weather."
Q_EXP_08,Explain about Sri Pada / Adam's Peak.,explanation_query,explanation_query,1.0,8.1,0.9230769230769232,0.7999420983881467,1.0,1.0,Explain about Sri Pada / Adam's Peak.,"[""Knowledge Graph Fact Knowledge Graph Fact 1. Sri Pada / Adam's Peak is a Viewpoint / Hiking location in Nuwara Eliya District for Sunrise watching, featuring Waterfall, Road access, Trail, Rock formation, Safety, Leeches, River, Scenic view, Stairs, Temple, Weather condition, Buddha statue, Peacefulness, Family friendliness, Wildlife, Ticket price, Cleanliness, Mountain, Public transport access, Crowdedness, Local guide, Heritage site, Value for money, Food quality, Restaurants, Accommodation, Service quality, Shops, Entrance fee, Lake, Sunset view, Water depth, Toilets, Souvenir stalls, Market, Cafes, Signage, Hindu shrine, Forest, Sunrise view, and Strong current."", 'Knowledge Graph Fact RETRIEVAL NOTES:', 'Knowledge Graph Fact - Ranked by: relevance, comprehensive description', 'Knowledge Graph Fact - CONTRADICTION RULE: If Review Evidence contradicts the Knowledge Graph facts, you MUST treat the Knowledge Graph as the absolute ground truth.']","Here is what you can do at **Sri Pada / Adam's Peak**:

- Watch the sunrise and sunset from the mountain, which offers a scenic view and a sense of peacefulness.
- Hike the trail featuring stairs and rock formations.
- Visit the temple, Buddha statue, and Hindu shrine located at the site.
- Observe the waterfall, river, lake, and forest surroundings.
- Access the location via road or public transport.
- Utilize local amenities including restaurants, cafes, shops, souvenir stalls, and a market.
- Find accommodation and local guide services in the area, where visitors have noted the service quality and value for money.
- Experience the heritage site while noting features such as wildlife, leeches, and varying weather conditions, and be aware that the area can be crowded and has concerns regarding safety and cleanliness.
- Benefit from available signage and toilets, though note that weather conditions can be challenging.","Sri Pada is recommended because evidence highlights it as a deeply peaceful heritage site with scenic mountain and sunrise views, though the trail involves many stairs and leeches."
Q_EXP_09,Explain about the Ancient City of Polonnaruwa.,explanation_query,explanation_query,1.0,7.1,1.0,0.5345300685781433,1.0,0.692774397300195,Explain about the Ancient City of Polonnaruwa.,"['Knowledge Graph Fact Knowledge Graph Fact 1. Polonnaruwa Vatadage is a Heritage Site in Polonnaruwa District for Ancient city visit and Ruins exploration, featuring Temple, Weather condition, Ancient ruins, Buddha statue, Local guide, Museum, Heritage site, and Sculptures.', 'Knowledge Graph Fact RETRIEVAL NOTES:', 'Knowledge Graph Fact - Ranked by: historical importance, visitor reviews', 'Knowledge Graph Fact - CONTRADICTION RULE: If Review Evidence contradicts the Knowledge Graph facts, you MUST treat the Knowledge Graph as the absolute ground truth.']","Here is what you can do at the **Polonnaruwa Vatadage**:

- Explore the ancient ruins of this heritage site, which are frequently highlighted by visitors.
- Visit the temple grounds to view the Buddha statue.
- Observe the intricate sculptures preserved at the location, which are noted for their quality.
- Engage a local guide to learn more about the site during your ancient city visit.
- Visit the nearby museum to gain further context on the ruins.
- Experience the site while considering the local weather conditions, as some visitors have noted these can be challenging.","Evidence supports the Ancient City of Polonnaruwa as a highly rated heritage site where visitors can explore ancient ruins and temples, though weather conditions can be a factor."
Q_EXP_10,Explain about Yala National Park.,explanation_query,explanation_query,1.0,6.77,1.0,0.7485308633029476,1.0,1.0,Explain about Yala National Park.,"['Knowledge Graph Fact Knowledge Graph Fact 1. Yala National Park is a National Park / Wildlife Reserve for Safari, featuring Road access, Trail, Wildlife, Ticket price, Crowdedness, Local guide, Beach, Accommodation, Birds, Elephants, Forest, and Leopards.', 'Knowledge Graph Fact RETRIEVAL NOTES:', 'Knowledge Graph Fact - Ranked by: relevance, evidence_support', 'Knowledge Graph Fact - CONTRADICTION RULE: If Review Evidence contradicts the Knowledge Graph facts, you MUST treat the Knowledge Graph as the absolute ground truth.']","Here is what you can do at **Yala National Park**:

- Experience a safari to observe the park's wildlife.
- Explore the park via road access, which is well-regarded, or by following the trails.
- View diverse animals including elephants, leopards, and birds.
- Visit the beach located within the park.
- Traverse through the forest areas.
- Utilize the services of a local guide during your visit.
- Access various accommodation options available for your stay.
- Purchase tickets for entry to the park.
- Be prepared to encounter varying levels of crowdedness during your trip.","Yala National Park is recommended based on evidence that it is a premier location for safaris, offering frequent wildlife sightings including elephants, leopards, and birds with the help of local guides."
Q_NEA_01,Can you provide a simple list of the names of places to visit near Mirissa Beach?,nearby_query,nearby_query,1.0,9.12,0.9655172413793104,0.8764666322669558,0.6962375367667779,1.0,Can you provide a simple list of the names of places to visit near Mirissa Beach?,"['Knowledge Graph Fact Knowledge Graph Fact 1. Coconut Tree Hill is located in Matara District for Photography, Sunset watching, and Viewpoint visit, situated 1.0 km away, featuring Road access, Scenic view, and Mountain.', 'Knowledge Graph Fact Knowledge Graph Fact 2. Whale Watching in Mirissa is located in Matara District for Whale watching, situated 6.6 km away, featuring Wildlife, Ticket price, and Food quality.', 'Knowledge Graph Fact Knowledge Graph Fact 3. Weligama Beach is located in Matara District for Swimming, Surfing, and Relaxing, situated 6.7 km away, featuring Safety, Peacefulness, and Family friendliness.', 'Knowledge Graph Fact Knowledge Graph Fact 4. Polhena Beach is located in Matara District for Swimming, Relaxing, and Snorkelling, situated 8.6 km away, featuring Safety, Peacefulness, and Family friendliness.', 'Knowledge Graph Fact Knowledge Graph Fact 5. Matara Paravi Duwa Temple is a Religious Site for Temple visit, situated 8.6 km away, featuring Scenic view, Temple, and Peacefulness.', 'Knowledge Graph Fact Knowledge Graph Fact 6. Jungle Beach is located in Matara District for Swimming and Snorkelling, situated 8.8 km away, featuring Trail, Rock formation, and Scenic view.', 'Knowledge Graph Fact Knowledge Graph Fact 7. Weherahena Buddhist Temple is a Religious Site for Religious visit and Temple visit, situated 14.2 km away, featuring Scenic view, Temple, and Buddha statue.', 'Knowledge Graph Fact Knowledge Graph Fact 8. Kabalana Beach is located in Galle District for Surfing, situated 15.8 km away, featuring Ticket price, Cleanliness, and Beach.', 'Knowledge Graph Fact Knowledge Graph Fact 9. Dondra Head Lighthouse is a Lighthouse for Photography, situated 17.4 km away, featuring Scenic view, Stairs, and Peacefulness.', 'Knowledge Graph Fact Knowledge Graph Fact 10. Sea Turtle Conservation Project (Koggala) is located in Galle District, situated 19.7 km away, featuring Wildlife, Ticket price, and Local guide.', 'Knowledge Graph Fact RETRIEVAL NOTES:', 'Knowledge Graph Fact - Ranked by: proximity', 'Knowledge Graph Fact - CONTRADICTION RULE: If Review Evidence contradicts the Knowledge Graph facts, you MUST treat the Knowledge Graph as the absolute ground truth.']","The following places are located near Mirissa Beach:

- **Coconut Tree Hill** — Located 1.0 km away in the Matara District, this spot is ideal for photography, sunset watching, and visiting as a viewpoint. It features road access, a mountain, and a scenic view.

- **Whale Watching in Mirissa** — Situated 6.6 km away in the Matara District, this experience offers whale watching and includes details regarding wildlife, ticket prices, and food quality.

- **Weligama Beach** — Found 6.7 km away in the Matara District, this beach is suitable for swimming, surfing, and relaxing. It is noted for its safety, peacefulness, and family friendliness.

- **Polhena Beach** — Located 8.6 km away in the Matara District, this beach is perfect for swimming, relaxing, and snorkelling, offering a safe, peaceful, and family-friendly environment.

- **Matara Paravi Duwa Temple** — A religious site 8.6 km away that is suitable for a temple visit, featuring a temple, peacefulness, and a scenic view.

- **Jungle Beach** — Situated 8.8 km away in the Matara District, this beach is suitable for swimming and snorkelling. It features a trail, rock formations, and a scenic view.

- **Weherahena Buddhist Temple** — Located 14.2 km away, this site is suitable for a religious visit or a temple visit, featuring a temple, a Buddha statue, and a scenic view.

- **Kabalana Beach** — Found 15.8 km away in the Galle District, this beach is suitable for surfing and is noted for its cleanliness and ticket price.

- **Dondra Head Lighthouse** — A lighthouse 17.4 km away suitable for photography, featuring stairs, peacefulness, and a scenic view.

- **Sea Turtle Conservation Project (Koggala)** — Located 19.7 km away in the Galle District, this project features wildlife, a ticket price, and a local guide.","Places near Mirissa Beach include Coconut Tree Hill, Weligama Beach, and Polhena Beach."
Q_NEA_02,What are the names of the attractions located around Ella Rock?,nearby_query,nearby_query,0.98,3.03,0.6666666666666666,0.0,0.2795708701209446,0.19277439730019502,What are the names of the attractions located around Ella Rock?,"['Knowledge Graph Fact No graph results returned.', 'REVIEW EVIDENCE (ChromaDB):']","The available evidence is limited, and there are no attractions listed in the provided data that are located around Ella Rock.","Attractions around Ella Rock include Ravana Ella Falls, Nine Arches Bridge, and Little Adam's Peak View Point."
Q_NEA_03,Please list the names of the places close to the Temple of the Sacred Tooth Relic.,nearby_query,nearby_query,1.0,8.38,0.7,0.8881978315978066,0.2795708701209446,1.0,Please list the names of the places close to the Temple of the Sacred Tooth Relic.,"['Knowledge Graph Fact Knowledge Graph Fact 1. Kandy View Point is located in Kandy District for Photography and Viewpoint visit, situated 1.0 km away, featuring Scenic view, Temple, and Buddha statue.', 'Knowledge Graph Fact Knowledge Graph Fact 2. Kandy Lake is located in Kandy District for Temple visit and Relaxing, situated 1.3 km away, featuring Scenic view, Temple, and Peacefulness.', 'Knowledge Graph Fact Knowledge Graph Fact 3. Bahiravokanda Vihara Buddha Statue is a Religious Site for Religious visit and Temple visit, situated 1.5 km away, featuring Scenic view, Stairs, and Temple.', 'Knowledge Graph Fact Knowledge Graph Fact 4. Royal Botanical Gardens is located in Kandy District for Relaxing, situated 6.7 km away, featuring Peacefulness, Ticket price, and Cleanliness.', 'Knowledge Graph Fact Knowledge Graph Fact 5. Ceylon Tea Museum is located in Kandy District for Museum visit and Shopping, situated 8.2 km away, featuring Scenic view, Ticket price, and Mountain.', 'Knowledge Graph Fact Knowledge Graph Fact 6. Embekka Devalaya is a Religious Site for Temple visit, situated 15.2 km away, featuring Road access, Temple, and Peacefulness.', 'Knowledge Graph Fact Knowledge Graph Fact 7. Ambuluwawa Tower is a Landmark / Tower located in Kandy District, situated 27.2 km away, featuring Scenic view, Stairs, and Temple.', 'Knowledge Graph Fact Knowledge Graph Fact 8. Knuckles Mountain Range is a Viewpoint / Hiking location for Hiking, Trekking, and Camping, situated 39.3 km away, featuring Waterfall, Road access, and Trail.', 'Knowledge Graph Fact RETRIEVAL NOTES:', 'Knowledge Graph Fact - Ranked by: proximity, popularity', 'Knowledge Graph Fact - CONTRADICTION RULE: If Review Evidence contradicts the Knowledge Graph facts, you MUST treat the Knowledge Graph as the absolute ground truth.']","The following places are located near the Temple of the Sacred Tooth Relic:

- **Kandy View Point** — Located 1.0 km away, this site offers a scenic view and features a temple and a Buddha statue, suitable for photography and visiting a viewpoint.
- **Kandy Lake** — Situated 1.3 km away, this location provides a scenic view and a sense of peacefulness, ideal for relaxing and visiting temples.
- **Bahiravokanda Vihara Buddha Statue** — Found 1.5 km away, this religious site features a temple, stairs, and a scenic view, suitable for religious and temple visits.
- **Royal Botanical Gardens** — Located 6.7 km away, this garden is known for its peacefulness, cleanliness, and ticket price, providing a space for relaxing.
- **Ceylon Tea Museum** — Situated 8.2 km away, this museum offers a scenic view of the mountain and is a destination for shopping and museum visits, with a ticket price for entry.
- **Embekka Devalaya** — Located 15.2 km away, this religious site is accessible by road and offers a peaceful environment for temple visits.
- **Ambuluwawa Tower** — Situated 27.2 km away, this landmark features a temple, stairs, and a scenic view.
- **Knuckles Mountain Range** — Located 39.3 km away, this area features trails, waterfalls, and road access, serving as a destination for hiking, trekking, and camping.","Close to the Temple of the Sacred Tooth Relic, you can visit Kandy Lake, Kandy View Point, and Bahiravokanda Vihara Buddha Statue."
Q_NEA_04,Provide a simple list of interesting places near Sigiriya Lion Rock.,nearby_query,nearby_query,1.0,8.7,1.0,0.8508613227063635,0.7795708700709447,1.0,Provide a simple list of interesting places near Sigiriya Lion Rock.,"['Knowledge Graph Fact Knowledge Graph Fact 1. Pidurangala Rock is located in Matale District for Hiking, Sunset watching, and Sunrise watching, situated 2.7 km away, featuring Trail, Rock formation, and Scenic view.', 'Knowledge Graph Fact Knowledge Graph Fact 2. Hurulu Eco Park is located in Anuradhapura District for Safari and Elephant watching, situated 14.9 km away, featuring Road access, Trail, and Scenic view.', 'Knowledge Graph Fact Knowledge Graph Fact 3. Dambulla Cave Temple is located in Matale District for Temple visit, situated 19.7 km away, featuring Rock formation, Scenic view, and Stairs.', ""Knowledge Graph Fact Knowledge Graph Fact 4. Popham's Arboretum is located in Matale District for Safari, situated 21.6 km away, featuring Trail, Peacefulness, and Wildlife."", 'Knowledge Graph Fact Knowledge Graph Fact 5. Minneriya National Park is located in Polonnaruwa District for Safari, Elephant watching, and Jeep safari, situated 23.2 km away, featuring Scenic view, Family friendliness, and Wildlife.', 'Knowledge Graph Fact Knowledge Graph Fact 6. Ritigala Forest Monastery is located in Anuradhapura District for Hiking and Ruins exploration, situated 31.9 km away, featuring Road access, Trail, and Ancient ruins.', 'Knowledge Graph Fact Knowledge Graph Fact 7. Kaudulla National Park is located in Polonnaruwa District for Safari, Elephant watching, and Jeep safari, situated 40.4 km away, featuring Road access, Wildlife, and Ticket price.', 'Knowledge Graph Fact Knowledge Graph Fact 8. Nalanda Gedige is located in Matale District for Temple visit, situated 42.8 km away, featuring Road access, Scenic view, and Temple.', 'Knowledge Graph Fact RETRIEVAL NOTES:', 'Knowledge Graph Fact - Ranked by: proximity, popularity', 'Knowledge Graph Fact - CONTRADICTION RULE: If Review Evidence contradicts the Knowledge Graph facts, you MUST treat the Knowledge Graph as the absolute ground truth.']","The following places are located near Sigiriya Lion Rock:

- **Pidurangala Rock** — Located 2.7 km away in the Matale District, this site features a rock formation, a trail, and a scenic view, suitable for hiking, sunset watching, and sunrise watching.

- **Hurulu Eco Park** — Situated 14.9 km away in the Anuradhapura District, this park offers safari and elephant watching, featuring road access, a trail, and a scenic view.

- **Dambulla Cave Temple** — Found 19.7 km away in the Matale District, this location features a rock formation, a scenic view, and stairs, and is visited for its temple.

- **Popham's Arboretum** — Located 21.6 km away in the Matale District, this site is used for safari and features a trail, wildlife, and peacefulness.

- **Minneriya National Park** — Situated 23.2 km away in the Polonnaruwa District, this park offers safari, elephant watching, and jeep safari, featuring wildlife, a scenic view, and family friendliness.

- **Ritigala Forest Monastery** — Located 31.9 km away in the Anuradhapura District, this site is used for hiking and ruins exploration, featuring ancient ruins, a trail, and road access.

- **Kaudulla National Park** — Found 40.4 km away in the Polonnaruwa District, this park offers safari, elephant watching, and jeep safari, featuring wildlife, road access, and a ticket price.

- **Nalanda Gedige** — Situated 42.8 km away in the Matale District, this site is a temple featuring road access, a scenic view, and a temple structure.","Near Sigiriya Lion Rock, you can visit Pidurangala Rock, Hurulu Eco Park, and Dambulla Cave Temple."
Q_NEA_05,What are the names of the places I should see around Galle Dutch Fort?,nearby_query,nearby_query,1.0,8.36,0.7037037037037037,0.893255359576273,0.7795708700709447,1.0,What are the names of the places I should see around Galle Dutch Fort?,"['Knowledge Graph Fact Knowledge Graph Fact 1. Galle Fort Lighthouse is a Lighthouse in Galle District situated 0.2 km away for Photography and Fort visit, featuring Scenic view, Beach, and Sea.', 'Knowledge Graph Fact Knowledge Graph Fact 2. Sea Turtle Farm Galle Mahamodara is a Wildlife Conservation site in Galle District situated 2.2 km away, featuring Family friendliness, Wildlife, and Cleanliness.', 'Knowledge Graph Fact Knowledge Graph Fact 3. Japanese Peace Pagoda - Rumassala is a Religious Site in Galle District situated 6.3 km away for Sunset watching, featuring Scenic view, Stupa, and Temple.', 'Knowledge Graph Fact Knowledge Graph Fact 4. Unawatuna Beach is a Beach in Galle District situated 7.2 km away for Swimming and Relaxing, featuring Safety, Peacefulness, and Family friendliness.', 'Knowledge Graph Fact Knowledge Graph Fact 5. Sea Turtle Conservation Project (Koggala) is a Wildlife Conservation site in Galle District situated 17.4 km away, featuring Wildlife, Ticket price, and Local guide.', 'Knowledge Graph Fact Knowledge Graph Fact 6. Kabalana Beach is a Beach in Galle District situated 18.9 km away for Surfing, featuring Ticket price, Cleanliness, and Beach.', 'Knowledge Graph Fact Knowledge Graph Fact 7. Hikkaduwa Beach is a Beach in Galle District situated 18.9 km away for Swimming, Surfing, and Relaxing, featuring Cleanliness, Beach, and Waves.', 'Knowledge Graph Fact Knowledge Graph Fact 8. Koggala Lake is a Lake / River in Galle District situated 19.6 km away for Temple visit, Relaxing, and Boat ride, featuring Temple, Peacefulness, and Wildlife.', 'Knowledge Graph Fact RETRIEVAL NOTES:', 'Knowledge Graph Fact - Ranked by: proximity, popularity', 'Knowledge Graph Fact - CONTRADICTION RULE: If Review Evidence contradicts the Knowledge Graph facts, you MUST treat the Knowledge Graph as the absolute ground truth.']","The following places are located in the vicinity of the Galle Dutch Fort:

- **Galle Fort Lighthouse** — Situated 0.2 km away, this site is perfect for photography and visiting the fort, offering a scenic view of the beach and the sea.

- **Sea Turtle Farm Galle Mahamodara** — Located 2.2 km away, this wildlife conservation site is known for its family friendliness, wildlife, and cleanliness.

- **Japanese Peace Pagoda - Rumassala** — Found 6.3 km away, this religious site is a popular spot for sunset watching and features a scenic view, a stupa, and a temple.

- **Unawatuna Beach** — Situated 7.2 km away, this beach is ideal for swimming and relaxing, and is characterized by its safety, peacefulness, and family friendliness.

- **Sea Turtle Conservation Project (Koggala)** — Located 17.4 km away, this wildlife conservation site features wildlife, ticket price information, and a local guide.

- **Kabalana Beach** — Situated 18.9 km away, this beach is used for surfing and is noted for its ticket price information and cleanliness.

- **Hikkaduwa Beach** — Located 18.9 km away, this beach is used for swimming, surfing, and relaxing, featuring cleanliness and waves.

- **Koggala Lake** — Situated 19.6 km away, this lake is used for temple visits, relaxing, and boat rides, featuring a temple, peacefulness, and wildlife.","Around Galle Dutch Fort, you can visit Galle Fort Lighthouse, Sea Turtle Farm Galle Mahamodara, and the Japanese Peace Pagoda."
Q_NEA_06,Places to visit near Nuwara Eliya?,nearby_query,nearby_query,1.0,8.72,1.0,0.9011448535661238,0.9779835685103626,1.0,Places to visit near Nuwara Eliya?,"['Knowledge Graph Fact Knowledge Graph Fact 1. Single Tree Hill is a Viewpoint / Hiking location in Nuwara Eliya District situated 0.9 km away, offering Hiking and Temple visit, featuring Road access, Trail, and Scenic view.', ""Knowledge Graph Fact Knowledge Graph Fact 2. Galway's Land National Park is a National Park / Wildlife Reserve in Nuwara Eliya District situated 2.1 km away, featuring Road access, Trail, and Peacefulness."", 'Knowledge Graph Fact Knowledge Graph Fact 3. Gregory Lake is a Lake / River in Nuwara Eliya District situated 2.3 km away, offering Relaxing and Boat ride, featuring Scenic view, Family friendliness, and Ticket price.', ""Knowledge Graph Fact Knowledge Graph Fact 4. Lover's Leap Falls is a Waterfall in Nuwara Eliya District situated 3.6 km away, offering Waterfall visit and Hiking, featuring Waterfall, Road access, and Trail."", 'Knowledge Graph Fact Knowledge Graph Fact 5. Pedro Tea Factory is a Farm / Factory in Nuwara Eliya District situated 4.2 km away, offering Shopping, Photography, and Tea factory visit, featuring Scenic view, Ticket price, and Local guide.', 'Knowledge Graph Fact Knowledge Graph Fact 6. Moon Plains is a Viewpoint / Hiking location in Nuwara Eliya District situated 6.2 km away, offering Viewpoint visit, Safari, and Jeep safari, featuring Road access, Scenic view, and Family friendliness.', 'Knowledge Graph Fact Knowledge Graph Fact 7. Hakgala Botanic Gardens is a Garden / Park situated 8.6 km away, featuring Scenic view, Ticket price, and Cleanliness.', 'Knowledge Graph Fact Knowledge Graph Fact 8. Ambewela Farms is a Farm / Factory in Nuwara Eliya District situated 10.1 km away, featuring Scenic view, Family friendliness, and Wildlife.', 'Knowledge Graph Fact RETRIEVAL NOTES:', 'Knowledge Graph Fact - Ranked by: proximity, popularity', 'Knowledge Graph Fact - CONTRADICTION RULE: If Review Evidence contradicts the Knowledge Graph facts, you MUST treat the Knowledge Graph as the absolute ground truth.']","The following attractions are located near Nuwara Eliya:

- **Single Tree Hill** — Located 0.9 km away, this viewpoint and hiking location offers opportunities for hiking and temple visits, featuring road access, a trail, and a scenic view.

- **Galway's Land National Park** — Situated 2.1 km away, this national park and wildlife reserve features road access, a trail, and peacefulness.

- **Gregory Lake** — Found 2.3 km away, this lake offers relaxing activities and boat rides, featuring a scenic view, family friendliness, and a ticket price.

- **Lover's Leap Falls** — Located 3.6 km away, this waterfall offers waterfall visits and hiking, featuring a waterfall, road access, and a trail.

- **Pedro Tea Factory** — Situated 4.2 km away, this farm and factory offers shopping, photography, and tea factory visits, featuring a scenic view, a ticket price, and a local guide.

- **Moon Plains** — Located 6.2 km away, this viewpoint and hiking location offers viewpoint visits, safaris, and jeep safaris, featuring road access, a scenic view, and family friendliness.

- **Hakgala Botanic Gardens** — Situated 8.6 km away, this garden and park features a scenic view, a ticket price, and cleanliness.

- **Ambewela Farms** — Located 10.1 km away, this farm and factory features a scenic view, family friendliness, and wildlife.","Places near Nuwara Eliya include Single Tree Hill, Galway's Land National Park, Gregory Lake, Lover's Leap Falls, Pedro Tea Factory, Moon Plains, Hakgala Botanic Gardens, and Ambewela Farms."
Q_NEA_07,What attractions are close to Yala National Park?,nearby_query,nearby_query,1.0,8.89,0.5294117647058824,0.9497574002644832,0.2795708701209446,1.0,What attractions are close to Yala National Park?,"['Knowledge Graph Fact Knowledge Graph Fact 1. Sithulpawwa Rock Temple is a Religious Site situated 26.3 km away for Temple visit, featuring Road access, Rock formation, and Scenic view.', 'Knowledge Graph Fact Knowledge Graph Fact 2. Kataragama Temple is a Religious Site in Monaragala District situated 39.7 km away for Temple visit and Pilgrimage, featuring Temple, Peacefulness, and Hindu shrine.', 'Knowledge Graph Fact Knowledge Graph Fact 3. Kirinda Viharaya is a Religious Site in Hambantota District situated 62.8 km away for Temple visit, featuring Rock formation, Scenic view, and Stairs.', 'Knowledge Graph Fact Knowledge Graph Fact 4. Lunugamvehera National Park is a National Park / Wildlife Reserve in Monaragala District situated 80.3 km away for Safari and Jeep safari, featuring Scenic view, Peacefulness, and Wildlife.', 'Knowledge Graph Fact Knowledge Graph Fact 5. Maligawila Buddha Statue is a Religious Site in Monaragala District situated 93.7 km away for Religious visit, featuring Rock formation, Ancient ruins, and Buddha statue.', 'Knowledge Graph Fact Knowledge Graph Fact 6. Buduruwagala Temple is a Religious Site in Monaragala District situated 100.2 km away for Temple visit, featuring Road access, Trail, and Rock formation.', 'Knowledge Graph Fact Knowledge Graph Fact 7. Kalametiya Eco Bird Watching is a Wildlife / Bird Watching site situated 103.9 km away for Photography, Bird watching, and Sunset watching, featuring Rock formation, Scenic view, and Peacefulness.', 'Knowledge Graph Fact Knowledge Graph Fact 8. Elephant Transit Home (ETH) is a Wildlife Conservation site in Ratnapura District situated 104.4 km away for Safari, featuring Family friendliness, Wildlife, and Ticket price.', 'Knowledge Graph Fact RETRIEVAL NOTES:', 'Knowledge Graph Fact - Ranked by: proximity, popularity', 'Knowledge Graph Fact - CONTRADICTION RULE: If Review Evidence contradicts the Knowledge Graph facts, you MUST treat the Knowledge Graph as the absolute ground truth.']","The attractions located near Yala National Park are:

- **Sithulpawwa Rock Temple** — A religious site located 26.3 km away that offers temple visits, road access, rock formations, and scenic views.

- **Kataragama Temple** — A religious site in the Monaragala District situated 39.7 km away, known for temple visits, pilgrimages, Hindu shrines, and peacefulness.

- **Kirinda Viharaya** — A religious site in the Hambantota District located 62.8 km away, featuring temple visits, rock formations, scenic views, and stairs.

- **Lunugamvehera National Park** — A wildlife reserve in the Monaragala District situated 80.3 km away, offering safaris, jeep safaris, scenic views, peacefulness, and wildlife.

- **Maligawila Buddha Statue** — A religious site in the Monaragala District located 93.7 km away, featuring religious visits, rock formations, ancient ruins, and a Buddha statue.

- **Buduruwagala Temple** — A religious site in the Monaragala District situated 100.2 km away, providing temple visits, road access, trails, and rock formations.

- **Kalametiya Eco Bird Watching** — A wildlife and bird watching site located 103.9 km away, suitable for photography, bird watching, and sunset watching, while featuring rock formations, scenic views, and peacefulness.

- **Elephant Transit Home (ETH)** — A wildlife conservation site in the Ratnapura District situated 104.4 km away, offering safaris, family friendliness, wildlife, and ticket prices.","Attractions close to Yala National Park include Sithulpawwa Rock Temple, Kataragama Temple, Kirinda Viharaya, Lunugamvehera National Park, Maligawila Buddha Statue, Buduruwagala Temple, Kalametiya Eco Bird Watching, and Elephant Transit Home (ETH)."
Q_NEA_08,Are there any good spots near Arugam Bay?,nearby_query,nearby_query,0.98,6.8,0.8571428571428571,0.9416977871674224,0.9795708700859447,0.39277439730019503,Are there any good spots near Arugam Bay?,"['Knowledge Graph Fact Knowledge Graph Fact 1. Kumana National Park is a National Park / Wildlife Reserve in Ampara District for Bird watching, Safari, and Camping, featuring a Scenic view and situated 43.8 km away.', ""Knowledge Graph Fact Knowledge Graph Fact 2. Little Adam's Peak View Point is a Viewpoint / Hiking site in Badulla District for Hiking, Photography, and Sunrise watching, featuring a Scenic view and situated 135.3 km away."", 'Knowledge Graph Fact Knowledge Graph Fact 3. Demodara Loop is an Engineering Landmark in Badulla District for a Train ride, featuring a Scenic view and situated 140.3 km away.', 'Knowledge Graph Fact Knowledge Graph Fact 4. Lunugamvehera National Park is a National Park / Wildlife Reserve in Monaragala District for Safari and Jeep safari, featuring a Scenic view and situated 142.5 km away.', 'Knowledge Graph Fact Knowledge Graph Fact 5. Sithulpawwa Rock Temple is a Religious Site for a Temple visit, featuring a Scenic view and situated 151.0 km away.', 'Knowledge Graph Fact RETRIEVAL NOTES:', 'Knowledge Graph Fact - Ranked by: positive sentiment, popularity', 'Knowledge Graph Fact - CONTRADICTION RULE: If Review Evidence contradicts the Knowledge Graph facts, you MUST treat the Knowledge Graph as the absolute ground truth.']","The best spot near Arugam Bay is Kumana National Park.

- **Kumana National Park** — Located 43.8 km away in the Ampara District, this national park and wildlife reserve offers opportunities for bird watching, safari, and camping while providing a scenic view.","Good spots near Arugam Bay include Kumana National Park, Little Adam's Peak View Point, Demodara Loop, Lunugamvehera National Park, and Sithulpawwa Rock Temple."
Q_NEA_09,What can I visit around Anuradhapura?,nearby_query,nearby_query,0.98,19.48,1.0,0.931802161854212,0.8033803939173734,1.0,What can I visit around Anuradhapura?,"['Knowledge Graph Fact Knowledge Graph Fact 1. Isurumuniya Temple is a Religious Site situated 2.7 km away for Ancient city visit and Temple visit, featuring Rock formation, Scenic view, and Stupa.', 'Knowledge Graph Fact Knowledge Graph Fact 2. Lovamahapaya Brazen Palace is a Heritage Site situated 3.0 km away, featuring Ancient ruins.', 'Knowledge Graph Fact Knowledge Graph Fact 3. Jaya Sri Maha Bodhi is a Religious Site in Anuradhapura District situated 3.2 km away for Ancient city visit and Pilgrimage, featuring Temple, Buddha statue, and Peacefulness.', 'Knowledge Graph Fact Knowledge Graph Fact 4. Moonstone or Sandakada pahana is a Heritage Site situated 3.4 km away, featuring Temple, Ancient ruins, and Wildlife.', 'Knowledge Graph Fact Knowledge Graph Fact 5. Ruwanweli Maha Seya is a Religious Site in Anuradhapura District situated 3.4 km away for Religious visit and Ancient city visit, featuring Stupa, Temple, and Buddha statue.', 'Knowledge Graph Fact Knowledge Graph Fact 6. Twin Baths (Kuttam Pokuna) is a Heritage Site situated 4.0 km away for Ancient city visit, featuring Cleanliness.', 'Knowledge Graph Fact Knowledge Graph Fact 7. Dagoba of Thuparama is a Religious Site situated 4.1 km away for Religious visit, Ancient city visit, and Photography, featuring Stupa, Temple, and Ancient ruins.', 'Knowledge Graph Fact Knowledge Graph Fact 8. Abhayagiri Dagaba is a Religious Site situated 5.6 km away for Religious visit and Ancient city visit, featuring Stupa, Temple, and Ancient ruins.', 'Knowledge Graph Fact RETRIEVAL NOTES:', 'Knowledge Graph Fact - Ranked by: proximity, historical significance', 'Knowledge Graph Fact - CONTRADICTION RULE: If Review Evidence contradicts the Knowledge Graph facts, you MUST treat the Knowledge Graph as the absolute ground truth.']","The places you can visit around Anuradhapura are:

- **Isurumuniya Temple** — A religious site located 2.7 km away that features a rock formation, scenic view, and a stupa, suitable for an ancient city or temple visit.

- **Lovamahapaya Brazen Palace** — A heritage site located 3.0 km away that features ancient ruins.

- **Jaya Sri Maha Bodhi** — A religious site in the Anuradhapura District located 3.2 km away that features a temple, Buddha statue, and peacefulness, suitable for an ancient city visit or pilgrimage.

- **Moonstone or Sandakada pahana** — A heritage site located 3.4 km away that features a temple, ancient ruins, and wildlife.

- **Ruwanweli Maha Seya** — A religious site in the Anuradhapura District located 3.4 km away that features a stupa, temple, and Buddha statue, suitable for a religious or ancient city visit.

- **Twin Baths (Kuttam Pokuna)** — A heritage site located 4.0 km away that features cleanliness and is suitable for an ancient city visit.

- **Dagoba of Thuparama** — A religious site located 4.1 km away that features a stupa, temple, and ancient ruins, suitable for a religious visit, ancient city visit, or photography.

- **Abhayagiri Dagaba** — A religious site located 5.6 km away that features a stupa, temple, and ancient ruins, suitable for a religious or ancient city visit.","Around Anuradhapura, you can visit Isurumuniya Temple, Lovamahapaya Brazen Palace, Jaya Sri Maha Bodhi, Moonstone or Sandakada pahana, Ruwanweli Maha Seya, Twin Baths (Kuttam Pokuna), Dagoba of Thuparama, and Abhayagiri Dagaba."
Q_NEA_10,Recommendations for places near Trincomalee?,nearby_query,nearby_query,1.0,8.3,1.0,0.8771194103332395,1.0,1.0,Recommendations for places near Trincomalee?,"['Knowledge Graph Fact Knowledge Graph Fact 1. Trincomalee War Cemetery is a Memorial / Cemetery in Trincomalee District situated 1.0 km away, featuring Road access, Peacefulness, and Cleanliness.', 'Knowledge Graph Fact Knowledge Graph Fact 2. Uppuveli Beach is a Beach in Trincomalee District situated 2.2 km away, offering Swimming, Relaxing, and Fishing, with features including Safety, Peacefulness, and Beach.', 'Knowledge Graph Fact Knowledge Graph Fact 3. Fort Frederick is a Fort / Historic Site in Trincomalee District situated 7.1 km away, offering Temple visit and Fort visit, featuring Road access, Rock formation, and Scenic view.', 'Knowledge Graph Fact Knowledge Graph Fact 4. Kanniya Hot Springs is a Hot Springs in Trincomalee District situated 7.5 km away, featuring Ticket price, Cleanliness, and Entrance fee.', 'Knowledge Graph Fact Knowledge Graph Fact 5. Nilaveli Beach is a Beach in Trincomalee District situated 12.1 km away, offering Swimming and Relaxing, featuring Peacefulness, Cleanliness, and Beach.', 'Knowledge Graph Fact Knowledge Graph Fact 6. Marble Beach is a Beach in Trincomalee District situated 18.4 km away, offering Swimming, featuring Safety, Scenic view, and Peacefulness.', 'Knowledge Graph Fact Knowledge Graph Fact 7. Seruwila Mangala Raja Maha Vihara is a Religious Site situated 43.4 km away, offering Religious visit and Temple visit, featuring Road access, Stupa, and Temple.', 'Knowledge Graph Fact Knowledge Graph Fact 8. Hurulu Eco Park is a National Park / Wildlife Reserve in Anuradhapura District situated 83.4 km away, offering Safari and Elephant watching, featuring Road access, Trail, and Scenic view.', 'Knowledge Graph Fact RETRIEVAL NOTES:', 'Knowledge Graph Fact - Ranked by: proximity, popularity', 'Knowledge Graph Fact - CONTRADICTION RULE: If Review Evidence contradicts the Knowledge Graph facts, you MUST treat the Knowledge Graph as the absolute ground truth.']","The following places are located near Trincomalee:

- **Trincomalee War Cemetery** — A memorial and cemetery located 1.0 km away, known for its peacefulness and cleanliness, with convenient road access.

- **Uppuveli Beach** — Located 2.2 km away, this beach is a great spot for swimming, relaxing, and fishing. It is noted for its safety and peacefulness.

- **Fort Frederick** — A historic site 7.1 km away where you can enjoy temple and fort visits. The area features unique rock formations, scenic views, and road access.

- **Kanniya Hot Springs** — Situated 7.5 km away, this site is maintained for its cleanliness and requires an entrance fee and ticket purchase for access.

- **Nilaveli Beach** — Found 12.1 km away, this beach offers a peaceful and clean environment perfect for swimming and relaxing.

- **Marble Beach** — Located 18.4 km away, this beach is known for its safety, peacefulness, and scenic views, making it an ideal location for swimming.

- **Seruwila Mangala Raja Maha Vihara** — A religious site 43.4 km away that features a temple and a stupa. It is accessible by road and suitable for religious and temple visits.

- **Hurulu Eco Park** — Located 83.4 km away in the Anuradhapura District, this national park and wildlife reserve offers safari experiences and elephant watching. The park features road access, a trail, and scenic views.","Places near Trincomalee include Trincomalee War Cemetery, Uppuveli Beach, Fort Frederick, Kanniya Hot Springs, Nilaveli Beach, Marble Beach, Seruwila Mangala Raja Maha Vihara, and Hurulu Eco Park."
Q_FAC_01,What are some tourist spots that feature on-site restaurants?,facility_query,facility_query,1.0,8.16,0.9523809523809524,0.7560019712127225,0.7795708700709447,1.0,What are some tourist spots that feature on-site restaurants?,"['Knowledge Graph Fact Knowledge Graph Fact 1. Negombo Beach is a Beach in Gampaha District with a Restaurant, featuring Road access and Safety.', 'Knowledge Graph Fact Knowledge Graph Fact 2. Negombo Fish Market is a Shopping / Market in Gampaha District with a Restaurant, featuring Road access and Scenic view.', ""Knowledge Graph Fact Knowledge Graph Fact 3. Sri Pada / Adam's Peak is a Viewpoint / Hiking location in Nuwara Eliya District with a Restaurant, offering Sunrise watching and featuring Waterfall and Road access."", 'Knowledge Graph Fact Knowledge Graph Fact 4. Dutch Hospital Shopping Precinct is a Shopping / Market in Galle District with a Restaurant, offering Relaxing and Shopping, and featuring Value for money and Food quality.', 'Knowledge Graph Fact Knowledge Graph Fact 5. Unawatuna Beach is a Beach in Galle District with a Restaurant, offering Swimming and Relaxing, and featuring Safety and Peacefulness.', 'Knowledge Graph Fact Knowledge Graph Fact 6. Mirissa Beach is a Beach in Matara District with a Restaurant, offering Swimming and Surfing, and featuring Scenic view and Family friendliness.', 'Knowledge Graph Fact Knowledge Graph Fact 7. Goyambokka Beach is a Beach in Hambantota District with a Restaurant, offering Swimming and Relaxing, and featuring Peacefulness and Family friendliness.', 'Knowledge Graph Fact Knowledge Graph Fact 8. Mount Lavinia Beach is a Beach in Colombo District with a Restaurant, offering Swimming and Relaxing, and featuring Safety and Scenic view.', 'Knowledge Graph Fact RETRIEVAL NOTES:', 'Knowledge Graph Fact - Ranked by: Restaurant', 'Knowledge Graph Fact - CONTRADICTION RULE: If Review Evidence contradicts the Knowledge Graph facts, you MUST treat the Knowledge Graph as the absolute ground truth.']","The following tourist spots in Sri Lanka feature on-site restaurants:

- **Negombo Beach** — A beach in the Gampaha District that provides road access and safety.
- **Negombo Fish Market** — A shopping and market location in the Gampaha District that offers scenic views and road access.
- **Sri Pada / Adam's Peak** — A viewpoint and hiking location in the Nuwara Eliya District that offers sunrise watching, waterfalls, and road access.
- **Dutch Hospital Shopping Precinct** — A shopping and market location in the Galle District that offers opportunities for relaxing and shopping, with notable food quality and value for money.
- **Unawatuna Beach** — A beach in the Galle District that offers swimming and relaxing, characterized by its peacefulness and safety.
- **Mirissa Beach** — A beach in the Matara District that offers swimming and surfing, featuring scenic views and family friendliness.
- **Goyambokka Beach** — A beach in the Hambantota District that offers swimming and relaxing, known for its peacefulness and family friendliness.
- **Mount Lavinia Beach** — A beach in the Colombo District that offers swimming and relaxing, featuring scenic views and safety.","The tourist spots that feature on-site restaurants include Negombo Beach, Negombo Fish Market, and Sri Pada / Adam's Peak."
Q_FAC_02,What are some attractions that feature steps or stairs?,facility_query,facility_query,1.0,8.19,0.9090909090909092,0.7522092997520581,1.0,1.0,What are some attractions that feature steps or stairs?,"[""Knowledge Graph Fact Knowledge Graph Fact 1. Sri Pada / Adam's Peak is a Viewpoint / Hiking location in Nuwara Eliya District with facilities including Steps or stairs, offering Sunrise watching, and featuring Waterfall and Road access."", 'Knowledge Graph Fact Knowledge Graph Fact 2. Yapahuwa Rock Fortress is a Heritage Site featuring Steps or stairs, a Trail, and a Rock formation.', 'Knowledge Graph Fact Knowledge Graph Fact 3. Laxapana Falls is a Waterfall in Nuwara Eliya District with facilities including Steps or stairs, offering a Waterfall visit, and featuring a Waterfall and Road access.', 'Knowledge Graph Fact Knowledge Graph Fact 4. Mulgirigala Raja Maha Vihara is a Religious Site with facilities including Steps or stairs, offering a Temple visit, and featuring a Rock formation and Scenic view.', 'Knowledge Graph Fact Knowledge Graph Fact 5. Dambulla Cave Temple is a Religious Site in Matale District with facilities including Steps or stairs, offering a Temple visit, and featuring a Rock formation and Scenic view.', 'Knowledge Graph Fact Knowledge Graph Fact 6. Sigiriya Lion Rock is a Heritage Site in Matale District with facilities including Steps or stairs, and featuring a Rock formation and Scenic view.', 'Knowledge Graph Fact Knowledge Graph Fact 7. Ambuluwawa Tower is a Landmark / Tower in Kandy District with facilities including Steps or stairs, and featuring Safety and a Scenic view.', 'Knowledge Graph Fact Knowledge Graph Fact 8. Mihintale is a Religious Site in Anuradhapura District with facilities including Steps or stairs, offering a Religious visit and Ancient city visit, and featuring a Rock formation and Scenic view.', 'Knowledge Graph Fact RETRIEVAL NOTES:', 'Knowledge Graph Fact - Ranked by: Steps or stairs', 'Knowledge Graph Fact - CONTRADICTION RULE: If Review Evidence contradicts the Knowledge Graph facts, you MUST treat the Knowledge Graph as the absolute ground truth.']","The following attractions in Sri Lanka feature steps or stairs:

- **Sri Pada / Adam's Peak** — A viewpoint and hiking location in the Nuwara Eliya District that offers sunrise watching and features a waterfall and road access.
- **Yapahuwa Rock Fortress** — A heritage site that features a trail and a rock formation.
- **Laxapana Falls** — A waterfall in the Nuwara Eliya District that offers waterfall visits and features road access.
- **Mulgirigala Raja Maha Vihara** — A religious site that offers temple visits and features a rock formation and scenic view.
- **Dambulla Cave Temple** — A religious site in the Matale District that offers temple visits and features a rock formation and scenic view.
- **Sigiriya Lion Rock** — A heritage site in the Matale District that features a rock formation and scenic view.
- **Ambuluwawa Tower** — A landmark and tower in the Kandy District that features safety and scenic view.
- **Mihintale** — A religious site in the Anuradhapura District that offers religious and ancient city visits and features a rock formation and scenic view.","Attractions that feature steps or stairs include Sri Pada / Adam's Peak, Yapahuwa Rock Fortress, and Laxapana Falls."
Q_FAC_03,What are some locations that offer value for money and require an entrance fee?,facility_query,cost_query,0.95,9.42,0.875,0.0,1.0,1.0,What are some locations that offer value for money and require an entrance fee?,"['Knowledge Graph Fact Knowledge Graph Fact 1. Ancient City of Polonnaruwa is a location for Ancient city visit, Ruins exploration, and Museum visit, featuring Temple, Weather condition, Ancient ruins, Buddha statue, Ticket price, Public transport access, Local guide, Museum, Heritage site, Sculptures, and Value for money, with facilities including Tuk tuk service, Entrance fee, Ticket or receipt, and Guide service.', 'Knowledge Graph Fact Knowledge Graph Fact 2. Ceylon Tea Museum is located in Kandy District for Museum visit and Shopping, featuring Scenic view, Ticket price, Mountain, Public transport access, Local guide, Museum, Value for money, Service quality, Shops, Guided tours, and Tea plantation, with facilities including Tuk tuk service, Entrance fee, Guide service, and Shop.', 'Knowledge Graph Fact Knowledge Graph Fact 3. Colombo Lotus Tower is located in Colombo District for Viewpoint visit, featuring Scenic view, Family friendliness, Ticket price, Value for money, Food quality, Restaurants, Service quality, Entrance fee, and Viewpoint, with facilities including Entrance fee, Ticket or receipt, Restaurant, and View platform.', ""Knowledge Graph Fact Knowledge Graph Fact 4. Galway's Land National Park is located in Nuwara Eliya District, featuring Road access, Trail, Peacefulness, Wildlife, Ticket price, Value for money, Entrance fee, Birds, Signage, and Forest, with facilities including Entrance fee, Ticket or receipt, and Pathway."", 'Knowledge Graph Fact Knowledge Graph Fact 5. Hakgala Botanic Gardens features Scenic view, Ticket price, Cleanliness, Value for money, and Entrance fee, with facilities including Entrance fee.', 'Knowledge Graph Fact Knowledge Graph Fact 6. Horton Plains National Park is located in Nuwara Eliya District for Waterfall visit, Hiking, and Trekking, featuring Waterfall, Trail, Scenic view, Weather condition, Wildlife, Ticket price, Cleanliness, Mountain, Crowdedness, Value for money, Entrance fee, and Birds, with facilities including Entrance fee and Ticket or receipt.', 'Knowledge Graph Fact Knowledge Graph Fact 7. Koggala Lake is located in Galle District for Temple visit, Relaxing, Boat ride, and Spa treatment, featuring Temple, Peacefulness, Wildlife, Ticket price, Public transport access, Local guide, Value for money, Birds, Lake, and Boat service, with facilities including Tuk tuk service, Entrance fee, and Boat service.', 'Knowledge Graph Fact Knowledge Graph Fact 8. Madu River Safari by Buddhi is located in Galle District for Temple visit, Safari, Boat safari, Boat ride, and Spa treatment, featuring River, Scenic view, Temple, Family friendliness, Wildlife, Ticket price, Local guide, Value for money, Birds, and Boat service, with facilities including Entrance fee and Boat service.', 'Knowledge Graph Fact RETRIEVAL NOTES:', 'Knowledge Graph Fact - Ranked by: Value for money, Entrance fee', 'Knowledge Graph Fact - CONTRADICTION RULE: If Review Evidence contradicts the Knowledge Graph facts, you MUST treat the Knowledge Graph as the absolute ground truth.']","The following locations in Sri Lanka require an entrance fee, though visitor opinions on their value for money vary:

- **Ancient City of Polonnaruwa** — Offers opportunities for exploring ancient ruins, visiting the museum, and viewing temples, Buddha statues, and sculptures. Local guides are available to assist with your visit.
- **Ceylon Tea Museum** — Located in the Kandy District, this site features a museum, tea plantations, guided tours, and shops. Visitors have noted the service quality and value for money.
- **Colombo Lotus Tower** — Situated in the Colombo District, this location provides a viewpoint and viewing platform, along with restaurants serving food. While the scenic views are noted, some visitors have expressed concerns regarding value for money.
- **Galway's Land National Park** — Located in the Nuwara Eliya District, this park features forest trails, wildlife, and bird watching. Some visitors have noted concerns regarding value for money.
- **Hakgala Botanic Gardens** — A location known for its scenic views and cleanliness. Some visitors have noted concerns regarding value for money.
- **Horton Plains National Park** — Located in the Nuwara Eliya District, this park is suitable for waterfall visits, hiking, and trekking, and features mountain views, wildlife, and birds. Some visitors have noted concerns regarding value for money, cleanliness, and crowdedness.
- **Koggala Lake** — Located in the Galle District, this area offers boat rides, temple visits, and spa treatments. While the lake and wildlife are noted, some visitors have expressed concerns regarding value for money.
- **Madu River Safari by Buddhi** — Located in the Galle District, this site provides boat safaris, river tours, and temple visits. While the river and scenic views are noted, some visitors have expressed concerns regarding value for money.","Locations that require an entrance fee include Ancient City of Polonnaruwa, Ceylon Tea Museum, and Colombo Lotus Tower."
Q_FAC_04,What are some places that feature a local guide or guide service?,facility_query,facility_query,1.0,7.87,1.0,0.6459107953334784,1.0,1.0,What are some places that feature a local guide or guide service?,"['Knowledge Graph Fact Knowledge Graph Fact 1. Negombo Fish Market is a Shopping / Market in Gampaha District offering a Guide service, featuring Road access and Scenic view.', ""Knowledge Graph Fact Knowledge Graph Fact 2. Sri Pada / Adam's Peak is a Viewpoint / Hiking location in Nuwara Eliya District offering a Guide service and Sunrise watching, featuring Waterfall and Road access."", 'Knowledge Graph Fact Knowledge Graph Fact 3. Handunugoda Tea Estate is a Farm / Factory in Galle District offering a Guide service, Shopping, and Tea plantation visit, featuring Ticket price and Public transport access.', 'Knowledge Graph Fact Knowledge Graph Fact 4. Sinharaja Forest Reserve is a Forest Reserve in Palinda-Nuwara (Baduraliya) DS Division offering a Guide service, Waterfall visit, and Swimming, featuring Waterfall and Trail.', 'Knowledge Graph Fact Knowledge Graph Fact 5. Pedro Tea Factory is a Farm / Factory in Nuwara Eliya District offering a Guide service, Shopping, and Photography, featuring Scenic view and Ticket price.', 'Knowledge Graph Fact Knowledge Graph Fact 6. Ceylon Tea Museum is a Museum in Kandy District offering a Guide service, Museum visit, and Shopping, featuring Scenic view and Ticket price.', 'Knowledge Graph Fact Knowledge Graph Fact 7. Muthurajawela Marsh is a Wetland / Nature Park offering a Guide service, Photography, and Boat ride, featuring Peacefulness and Wildlife.', 'Knowledge Graph Fact Knowledge Graph Fact 8. Udawalawe National Park is a National Park / Wildlife Reserve in Monaragala District offering a Guide service and Safari, featuring Wildlife and Ticket price.', 'Knowledge Graph Fact RETRIEVAL NOTES:', 'Knowledge Graph Fact - Ranked by: Guide service', 'Knowledge Graph Fact - CONTRADICTION RULE: If Review Evidence contradicts the Knowledge Graph facts, you MUST treat the Knowledge Graph as the absolute ground truth.']","The following places in Sri Lanka provide a guide service:

- **Negombo Fish Market** — Located in the Gampaha District, this market offers a guide service and features road access and a scenic view.
- **Sri Pada / Adam's Peak** — This hiking location and viewpoint in the Nuwara Eliya District provides a guide service and sunrise watching, with features including a waterfall and road access.
- **Handunugoda Tea Estate** — Visitors can utilize a guide service at this farm and factory in the Galle District, which also offers shopping and tea plantation visits, along with public transport access and a ticket price.
- **Sinharaja Forest Reserve** — Situated in the Palinda-Nuwara (Baduraliya) DS Division, this forest reserve offers a guide service, waterfall visits, and swimming, featuring a trail and a waterfall.
- **Pedro Tea Factory** — This farm and factory in the Nuwara Eliya District provides a guide service, shopping, and photography, featuring a scenic view and a ticket price.
- **Ceylon Tea Museum** — Located in the Kandy District, this museum offers a guide service, museum visits, and shopping, featuring a scenic view and a ticket price.
- **Muthurajawela Marsh** — This wetland and nature park provides a guide service, photography, and boat rides, featuring wildlife and peacefulness.
- **Udawalawe National Park** — This national park and wildlife reserve in the Monaragala District offers a guide service and safari, featuring wildlife and a ticket price.","Places that offer a local guide include Negombo Fish Market, Sri Pada / Adam's Peak, and Handunugoda Tea Estate."
Q_FAC_05,What are some temples and sites in Sri Lanka that feature donation boxes?,facility_query,facility_query,0.95,8.9,0.9090909090909092,0.9737321387842724,1.0,1.0,What are some temples and sites in Sri Lanka that feature donation boxes?,"['Knowledge Graph Fact Knowledge Graph Fact 1. Angurukaramulla Temple is located in Gampaha District for Religious and Temple visits, featuring Temple, Buddha statue, Peacefulness, Public transport access, Local guide, Sculptures, and Paintings, with facilities including Tuk tuk service, Entrance fee, Guide service, and Donation box.', 'Knowledge Graph Fact Knowledge Graph Fact 2. Bahiravokanda Vihara Buddha Statue is a location for Religious and Temple visits, featuring Scenic view, Stairs, Temple, Buddha statue, Peacefulness, Ticket price, Mountain, Public transport access, Sculptures, and Entrance fee, with facilities including Steps or stairs, Tuk tuk service, Entrance fee, and Donation box.', 'Knowledge Graph Fact Knowledge Graph Fact 3. Kalutara Bodhiya is located in Kalutara DS Division for Religious and Temple visits, featuring Road access, River, Scenic view, Stupa, Temple, Buddha statue, Peacefulness, Crowdedness, and Local guide, with facilities including Donation box.', 'Knowledge Graph Fact Knowledge Graph Fact 4. Weherahena Buddhist Temple is a location for Religious and Temple visits, featuring Scenic view, Temple, Buddha statue, Peacefulness, Ticket price, Public transport access, Local guide, Sculptures, Paintings, and Murals, with facilities including Entrance fee and Donation box.', 'Knowledge Graph Fact Knowledge Graph Fact 5. Wewurukannala Vihara is a location for Religious, Temple visits, and Photography, featuring Temple, Buddha statue, Wildlife, Ticket price, Sculptures, Paintings, Entrance fee, Murals, and Elephants, with facilities including Entrance fee and Donation box.', 'Knowledge Graph Fact RETRIEVAL NOTES:', 'Knowledge Graph Fact - Ranked by: Donation box', 'Knowledge Graph Fact - CONTRADICTION RULE: If Review Evidence contradicts the Knowledge Graph facts, you MUST treat the Knowledge Graph as the absolute ground truth.']","The temples in Sri Lanka that feature donation boxes are:

- **Angurukaramulla Temple** — Located in the Gampaha District, this site is popular for religious and temple visits. It features a Buddha statue, sculptures, and paintings, and visitors can enjoy a sense of peacefulness. Facilities include a tuk-tuk service, a guide service, an entrance fee, and a donation box.

- **Bahiravokanda Vihara Buddha Statue** — This location is ideal for religious and temple visits, offering a scenic view from the mountain. It features a large Buddha statue, sculptures, and a peaceful atmosphere. You can access the site via steps or stairs, and facilities include a tuk-tuk service, an entrance fee, and a donation box.

- **Kalutara Bodhiya** — Situated in the Kalutara DS Division, this site is a popular spot for religious and temple visits. It features a stupa, a Buddha statue, and scenic views of the river. While it can be crowded, it is known for its peacefulness and offers road access, local guide services, and a donation box.

- **Weherahena Buddhist Temple** — This temple is well-regarded for religious and temple visits, showcasing a Buddha statue, sculptures, paintings, and murals. Visitors can enjoy the scenic views and peacefulness of the grounds. Facilities include an entrance fee, a donation box, and access to local guides and public transport.

- **Wewurukannala Vihara** — This site is used for religious visits, temple visits, and photography. It features a Buddha statue, sculptures, paintings, murals, and wildlife, including elephants. Facilities available to visitors include an entrance fee and a donation box.","Temples and sites that feature donation boxes include Angurukaramulla Temple, Bahiravokanda Vihara Buddha Statue, and Kalutara Bodhiya."
Q_FAC_06,What are some places in Sri Lanka that provide tourist accommodation?,facility_query,facility_query,1.0,8.08,0.9629629629629628,0.9999996391101617,1.0,1.0,What are some places in Sri Lanka that provide tourist accommodation?,"['Knowledge Graph Fact Knowledge Graph Fact 1. Negombo Beach is a beach in Gampaha District providing accommodation, featuring Road access and Safety.', ""Knowledge Graph Fact Knowledge Graph Fact 2. Sri Pada / Adam's Peak is a viewpoint and hiking location in Nuwara Eliya District providing accommodation, offering Sunrise watching, and featuring Waterfall and Road access."", 'Knowledge Graph Fact Knowledge Graph Fact 3. Negombo Fish Market is a shopping and market location in Gampaha District providing accommodation, featuring Road access and Scenic view.', 'Knowledge Graph Fact Knowledge Graph Fact 4. Pasikudah Beach is a beach in Batticaloa District providing accommodation, offering Swimming and Relaxing, and featuring Safety and Scenic view.', 'Knowledge Graph Fact Knowledge Graph Fact 5. Mount Lavinia Beach is a beach in Colombo District providing accommodation, offering Swimming and Relaxing, and featuring Safety and Scenic view.', 'Knowledge Graph Fact Knowledge Graph Fact 6. Arugam Bay is a beach in Ampara District providing accommodation, offering Swimming and Surfing, and featuring Peacefulness and Ticket price.', 'Knowledge Graph Fact Knowledge Graph Fact 7. Uppuveli Beach is a beach in Trincomalee District providing accommodation, offering Swimming and Relaxing, and featuring Safety and Peacefulness.', 'Knowledge Graph Fact Knowledge Graph Fact 8. Bentota Beach is a beach in Galle District providing accommodation, offering Swimming and Surfing, and featuring Scenic view and Peacefulness.', 'Knowledge Graph Fact Knowledge Graph Fact 9. Trincomalee Beach is a beach in Trincomalee District providing accommodation, offering Swimming and Relaxing, and featuring Safety and Scenic view.', 'Knowledge Graph Fact Knowledge Graph Fact 10. Nilaveli Beach is a beach in Trincomalee District providing accommodation, offering Swimming and Relaxing, and featuring Peacefulness and Cleanliness.', 'Knowledge Graph Fact RETRIEVAL NOTES:', 'Knowledge Graph Fact - Ranked by: Accommodation', 'Knowledge Graph Fact - CONTRADICTION RULE: If Review Evidence contradicts the Knowledge Graph facts, you MUST treat the Knowledge Graph as the absolute ground truth.']","The places in Sri Lanka that provide tourist accommodation are:

- **Negombo Beach** — A beach in the Gampaha District featuring road access and safety.
- **Sri Pada / Adam's Peak** — A viewpoint and hiking location in the Nuwara Eliya District that offers sunrise watching, a waterfall, and road access.
- **Negombo Fish Market** — A shopping and market location in the Gampaha District featuring road access and a scenic view.
- **Pasikudah Beach** — A beach in the Batticaloa District offering swimming and relaxing, with features including safety and a scenic view.
- **Mount Lavinia Beach** — A beach in the Colombo District offering swimming and relaxing, with features including safety and a scenic view.
- **Arugam Bay** — A beach in the Ampara District offering swimming and surfing, with features including peacefulness and ticket price.
- **Uppuveli Beach** — A beach in the Trincomalee District offering swimming and relaxing, with features including safety and peacefulness.
- **Bentota Beach** — A beach in the Galle District offering swimming and surfing, with features including a scenic view and peacefulness.
- **Trincomalee Beach** — A beach in the Trincomalee District offering swimming and relaxing, with features including safety and a scenic view.
- **Nilaveli Beach** — A beach in the Trincomalee District offering swimming and relaxing, with features including peacefulness and cleanliness.","Places that provide tourist accommodation include Negombo Beach, Sri Pada / Adam's Peak, and Negombo Fish Market."
Q_FAC_07,What are some locations that provide easily accessible tuk tuk services?,facility_query,facility_query,0.95,7.45,1.0,0.9875642342537206,0.5295708700959447,0.19277439730019502,What are some locations that provide easily accessible tuk tuk services?,"['Knowledge Graph Fact Knowledge Graph Fact 1. Negombo Fish Market is a Shopping / Market in Gampaha District providing Tuk tuk service, featuring Road access and Scenic view.', 'Knowledge Graph Fact Knowledge Graph Fact 2. Negombo Beach is a Beach in Gampaha District providing Tuk tuk service, featuring Road access and Safety.', ""Knowledge Graph Fact Knowledge Graph Fact 3. Sri Pada / Adam's Peak is a Viewpoint / Hiking location in Nuwara Eliya District providing Tuk tuk service, offering Sunrise watching and featuring Waterfall and Road access."", ""Knowledge Graph Fact Knowledge Graph Fact 4. Lover's Leap Falls is a Waterfall in Nuwara Eliya District providing Tuk tuk service, offering Waterfall visit and Hiking, and featuring Waterfall and Road access."", 'Knowledge Graph Fact Knowledge Graph Fact 5. Ambuluwawa Tower is a Landmark / Tower in Kandy District providing Tuk tuk service, featuring Safety and Scenic view.', 'Knowledge Graph Fact RETRIEVAL NOTES:', 'Knowledge Graph Fact - Ranked by: Tuk tuk service, Accessibility', 'Knowledge Graph Fact - CONTRADICTION RULE: If Review Evidence contradicts the Knowledge Graph facts, you MUST treat the Knowledge Graph as the absolute ground truth.']","The following locations provide easily accessible tuk tuk services:

- **Negombo Fish Market** — Located in the Gampaha District, this shopping and market destination offers tuk tuk service, road access, and a scenic view.

- **Negombo Beach** — This beach in the Gampaha District provides tuk tuk service, road access, and safety.

- **Sri Pada / Adam's Peak** — Situated in the Nuwara Eliya District, this viewpoint and hiking location provides tuk tuk service, opportunities for sunrise watching, a waterfall, and road access.

- **Lover's Leap Falls** — This waterfall in the Nuwara Eliya District provides tuk tuk service, opportunities for waterfall visits and hiking, and features a waterfall and road access.

- **Ambuluwawa Tower** — This landmark and tower in the Kandy District provides tuk tuk service, safety, and a scenic view.","Locations that provide easily accessible tuk tuk services include Lover's Leap Falls, Jungle Beach, and Japanese Peace Pagoda."
Q_FAC_08,What are some beaches or attractions that provide toilet facilities?,facility_query,facility_query,0.98,6.63,1.0,0.7416200505466776,0.7795708700709447,0.692774397300195,What are some beaches or attractions that provide toilet facilities?,"[""Knowledge Graph Fact Knowledge Graph Fact 1. Sri Pada / Adam's Peak is a Viewpoint and Hiking location in Nuwara Eliya District offering Sunrise watching, featuring a Waterfall and Road access, with facilities including a Toilet."", 'Knowledge Graph Fact Knowledge Graph Fact 2. Casuarina Beach is a Beach in Jaffna District offering Swimming, featuring Safety and Peacefulness, with facilities including a Toilet.', 'Knowledge Graph Fact RETRIEVAL NOTES:', 'Knowledge Graph Fact - Ranked by: Toilet', 'Knowledge Graph Fact - CONTRADICTION RULE: If Review Evidence contradicts the Knowledge Graph facts, you MUST treat the Knowledge Graph as the absolute ground truth.']","The following locations provide toilet facilities:

- **Sri Pada / Adam's Peak** — Located in the Nuwara Eliya District, this viewpoint and hiking destination is known for sunrise watching and features a waterfall and road access.

- **Casuarina Beach** — Situated in the Jaffna District, this beach is a popular spot for swimming and is noted for its safety and peacefulness.","Beaches or attractions that provide toilet facilities include Sri Pada / Adam's Peak, Casuarina Beach, and Ritigala Forest Monastery."
Q_FAC_09,What are some attractions that provide parking facilities?,facility_query,facility_query,1.0,7.02,1.0,0.7266113122289165,1.0,1.0,What are some attractions that provide parking facilities?,"['Knowledge Graph Fact Knowledge Graph Fact 1. Negombo Beach is a Beach in Gampaha District with Parking, featuring Road access and Safety.', 'Knowledge Graph Fact Knowledge Graph Fact 2. Diyatha Uyana is a Garden / Park in Colombo District with Parking, offering Relaxing and Shopping, and featuring a Trail and Scenic view.', 'Knowledge Graph Fact Knowledge Graph Fact 3. Henerathgoda Botanical Garden is a Garden / Park with Parking, offering Relaxing, and featuring Peacefulness and Family friendliness.', ""Knowledge Graph Fact Knowledge Graph Fact 4. St Lucia's Cathedral is a Religious Site in Colombo District with Parking, offering a Religious visit, and featuring Peacefulness and Cleanliness."", 'Knowledge Graph Fact Knowledge Graph Fact 5. Hummanaya Blow Hole is a Natural Landmark in Hambantota District with Parking, featuring a Rock formation and Scenic view.', 'Knowledge Graph Fact RETRIEVAL NOTES:', 'Knowledge Graph Fact - Ranked by: Parking', 'Knowledge Graph Fact - CONTRADICTION RULE: If Review Evidence contradicts the Knowledge Graph facts, you MUST treat the Knowledge Graph as the absolute ground truth.']","The following attractions in Sri Lanka provide parking facilities:

- **Negombo Beach** — A beach in the Gampaha District that features road access and safety.

- **Diyatha Uyana** — A garden and park in the Colombo District where you can enjoy relaxing and shopping, featuring a trail and a scenic view.

- **Henerathgoda Botanical Garden** — A garden and park that offers a space for relaxing and features peacefulness and family friendliness.

- **St Lucia's Cathedral** — A religious site in the Colombo District that is suitable for a religious visit and features peacefulness and cleanliness.

- **Hummanaya Blow Hole** — A natural landmark in the Hambantota District that features a rock formation and a scenic view.","Attractions that provide parking facilities include Negombo Beach, Diyatha Uyana, and Henerathgoda Botanical Garden."
Q_FAC_10,What are some places that provide access to shops or souvenir shops?,facility_query,facility_query,1.0,7.52,0.9545454545454546,0.7734045132151134,0.2795708701209446,1.0,What are some places that provide access to shops or souvenir shops?,"[""Knowledge Graph Fact Knowledge Graph Fact 1. Sri Pada / Adam's Peak is a Viewpoint / Hiking location in Nuwara Eliya District with a Shop, offering Sunrise watching and featuring Waterfall and Road access."", 'Knowledge Graph Fact Knowledge Graph Fact 2. Negombo Beach is a Beach location in Gampaha District with a Shop, featuring Road access and Safety.', 'Knowledge Graph Fact Knowledge Graph Fact 3. Negombo Beach is a Beach location in Gampaha District with a Souvenir shop, featuring Road access and Safety.', 'Knowledge Graph Fact Knowledge Graph Fact 4. Negombo Fish Market is a Shopping / Market location in Gampaha District with a Shop, featuring Road access and Scenic view.', 'Knowledge Graph Fact Knowledge Graph Fact 5. Dutch Hospital Shopping Precinct is a Shopping / Market location in Galle District with a Shop, offering Relaxing and Shopping, and featuring Value for money and Food quality.', 'Knowledge Graph Fact Knowledge Graph Fact 6. Pettah Floating Market is a Shopping / Market location in Colombo District with a Shop, offering Shopping, and featuring Ticket price and Cleanliness.', 'Knowledge Graph Fact Knowledge Graph Fact 7. Galle Dutch Fort is a Fort / Historic Site location in Galle District with a Shop, offering Shopping and Fort visit, and featuring Scenic view and Weather condition.', 'Knowledge Graph Fact Knowledge Graph Fact 8. Handunugoda Tea Estate is a Farm / Factory location in Galle District with a Shop, offering Shopping and Tea plantation visit, and featuring Ticket price and Public transport access.', 'Knowledge Graph Fact RETRIEVAL NOTES:', 'Knowledge Graph Fact - Ranked by: Shop, Souvenir shop', 'Knowledge Graph Fact - CONTRADICTION RULE: If Review Evidence contradicts the Knowledge Graph facts, you MUST treat the Knowledge Graph as the absolute ground truth.']","The following places in Sri Lanka provide access to shops or souvenir shops:

- **Sri Pada / Adam's Peak** — Located in the Nuwara Eliya District, this viewpoint and hiking destination is known for sunrise watching and features a waterfall and road access, along with a shop for visitors.
- **Negombo Beach** — Situated in the Gampaha District, this beach offers road access and safety, providing visitors with access to both a shop and a souvenir shop.
- **Negombo Fish Market** — This market in the Gampaha District features a shop, road access, and a scenic view.
- **Dutch Hospital Shopping Precinct** — Located in the Galle District, this shopping destination is ideal for relaxing and shopping, offering food quality and value for money in its shops.
- **Pettah Floating Market** — This Colombo District market features a shop for visitors, with notable features including its cleanliness and ticket price.
- **Galle Dutch Fort** — This historic site in the Galle District offers shopping and fort visits, featuring a scenic view and weather conditions that visitors should consider while browsing the shops.
- **Handunugoda Tea Estate** — Located in the Galle District, this tea plantation offers shopping and factory visits, with features including public transport access and a specific ticket price for the estate.","Places that provide access to shops or souvenir shops include Sri Pada / Adam's Peak, Negombo Beach, and Negombo Fish Market."
Q_PAT_01,"What are the features, activities, and facilities available at Sigiriya Lion Rock?",place_attribute_query,place_attribute_query,1.0,6.85,1.0,0.8426230563143969,1.0,1.0,"What are the features, activities, and facilities available at Sigiriya Lion Rock?","['Knowledge Graph Fact Knowledge Graph Fact 1. Sigiriya Lion Rock features Rock formation, Scenic view, Stairs, Weather condition, Ancient ruins, Ticket price, Crowdedness, Local guide, Heritage site, Value for money, Paintings, Murals, and Fortress, with facilities including Steps or stairs, Entrance fee, and Ticket or receipt.', 'Knowledge Graph Fact RETRIEVAL NOTES:', 'Knowledge Graph Fact - Ranked by: completeness of information', 'Knowledge Graph Fact - CONTRADICTION RULE: If Review Evidence contradicts the Knowledge Graph facts, you MUST treat the Knowledge Graph as the absolute ground truth.']","Here is what you can do and find at **Sigiriya Lion Rock**:

- Explore the ancient ruins and fortress.
- View the paintings and murals.
- Experience the rock formation and scenic views.
- Navigate the site using the stairs.
- Utilize the services of a local guide.
- Observe the heritage site.
- Access the site using the provided steps or stairs.
- Pay an entrance fee to receive a ticket or receipt.
- Consider the weather conditions and crowd levels during your visit.
- Evaluate the ticket price and overall value for money.","The features and activities at Sigiriya Lion Rock include Scenic view, Rock formation, Stairs, Local guide, Ticket price, and Fortress."
Q_PAT_02,"What are the features, activities, and facilities available at Temple of the Sacred Tooth Relic?",place_attribute_query,place_attribute_query,1.0,6.55,1.0,0.899156953047453,1.0,1.0,"What are the features, activities, and facilities available at Temple of the Sacred Tooth Relic?","['Knowledge Graph Fact Knowledge Graph Fact 1. The Temple of the Sacred Tooth Relic is a location for Religious visit and Temple visit, featuring Temple, Buddha statue, Peacefulness, Ticket price, Crowdedness, Local guide, and Museum, with facilities including Entrance fee.', 'Knowledge Graph Fact RETRIEVAL NOTES:', 'Knowledge Graph Fact - Ranked by: relevance', 'Knowledge Graph Fact - CONTRADICTION RULE: If Review Evidence contradicts the Knowledge Graph facts, you MUST treat the Knowledge Graph as the absolute ground truth.']","Here is what you can do and find at the **Temple of the Sacred Tooth Relic**:

- Engage in a religious visit or a temple visit.
- View the temple architecture and the Buddha statue.
- Experience the atmosphere of peacefulness.
- Access the museum located on the premises.
- Utilize the services of a local guide.
- Pay an entrance fee to access the site.
- Note that the location features specific ticket pricing and levels of crowdedness.","The features and activities at Temple of the Sacred Tooth Relic include Religious visit, Temple visit, Temple, Crowdedness, Buddha statue, and Local guide."
Q_PAT_03,"What are the features, activities, and facilities available at Yala National Park?",place_attribute_query,place_attribute_query,1.0,6.85,1.0,0.8726847736967634,1.0,1.0,"What are the features, activities, and facilities available at Yala National Park?","['Knowledge Graph Fact Knowledge Graph Fact 1. Yala National Park is a location for Safari, featuring Road access, Trail, Wildlife, Ticket price, Crowdedness, Local guide, Beach, Accommodation, Birds, Elephants, Forest, and Leopards, with facilities including Accommodation.', 'Knowledge Graph Fact RETRIEVAL NOTES:', 'Knowledge Graph Fact - Ranked by: completeness of information', 'Knowledge Graph Fact - CONTRADICTION RULE: If Review Evidence contradicts the Knowledge Graph facts, you MUST treat the Knowledge Graph as the absolute ground truth.']","Here is what you can do at **Yala National Park**:

- Experience a safari to view wildlife, including elephants and leopards.
- Observe various species of birds.
- Explore the park via roads and trails.
- Visit the beach located within the park.
- Traverse through forest areas.
- Utilize local guides for your tour.
- Stay at on-site accommodation facilities.
- Access the park using available road networks.
- Note that ticket prices, crowd levels, and accommodation options are available features of the park, though be aware that the park can be crowded.","The features and activities at Yala National Park include Safari, Wildlife, Leopards, Birds, Elephants, and Crowdedness."
Q_PAT_04,"What are the features, activities, and facilities available at Mirissa Beach?",place_attribute_query,place_attribute_query,1.0,6.34,0.8,0.8735496132317196,1.0,1.0,"What are the features, activities, and facilities available at Mirissa Beach?","['Knowledge Graph Fact Knowledge Graph Fact 1. Mirissa Beach features Scenic view, Family friendliness, Cleanliness, Beach, Waves, Food quality, Restaurants, Accommodation, Sea, Sandy beach, and Sunset view, while offering activities including Swimming, Surfing, Relaxing, and Sunset watching, with facilities including Accommodation and Restaurant.', 'Knowledge Graph Fact RETRIEVAL NOTES:', 'Knowledge Graph Fact - Ranked by: completeness of information', 'Knowledge Graph Fact - CONTRADICTION RULE: If Review Evidence contradicts the Knowledge Graph facts, you MUST treat the Knowledge Graph as the absolute ground truth.']","Here is what you can do at **Mirissa Beach**:

- Enjoy the scenic view and the sandy beach.
- Engage in swimming in the sea.
- Go surfing on the waves.
- Relax by the water.
- Watch the sunset.
- Experience the family-friendly atmosphere and cleanliness of the area.
- Access various restaurants offering quality food.
- Utilize the available accommodation facilities. 

Please note that while the area is popular, it can be crowded at times.","The features and activities at Mirissa Beach include Relaxing, Surfing, Swimming, Sunset watching, Beach, and Restaurants."
Q_PAT_05,"What are the features, activities, and facilities available at Galle Dutch Fort?",place_attribute_query,place_attribute_query,1.0,6.49,1.0,0.8886593687366866,1.0,1.0,"What are the features, activities, and facilities available at Galle Dutch Fort?","['Knowledge Graph Fact Knowledge Graph Fact 1. Galle Dutch Fort features Scenic view, Weather condition, Heritage site, Beach, Restaurants, Accommodation, Sea, Shops, Fort, Sunset view, and Cafes, offering activities including Shopping, Fort visit, and Sunset watching, with facilities including Accommodation, Restaurant, Shop, and Cafe.', 'Knowledge Graph Fact RETRIEVAL NOTES:', 'Knowledge Graph Fact - Ranked by: completeness of information', 'Knowledge Graph Fact - CONTRADICTION RULE: If Review Evidence contradicts the Knowledge Graph facts, you MUST treat the Knowledge Graph as the absolute ground truth.']","Here is what you can do at **Galle Dutch Fort**:

- Explore the heritage site and the fort structure.
- Enjoy the scenic views and watch the sunset.
- Visit the beach and take in the views of the sea.
- Dine at the various restaurants and cafes available within the area.
- Browse and shop at the local stores.
- Utilize the on-site accommodation facilities.

While visiting, keep in mind that weather conditions can sometimes be a factor during your trip.","The features and activities at Galle Dutch Fort include Fort visit, Shopping, Sunset watching, Fort, Shops, and Scenic view."
Q_PAT_06,"What are the features, activities, and facilities available at Ella Rock?",place_attribute_query,place_attribute_query,1.0,7.17,1.0,0.911961633085922,1.0,1.0,"What are the features, activities, and facilities available at Ella Rock?","['Knowledge Graph Fact Knowledge Graph Fact 1. Ella Rock is a location for Hiking, featuring Waterfall, Trail, Rock formation, Scenic view, Weather condition, Ticket price, Mountain, Local guide, Bridge, Tea plantation, Viewpoint, and Signage, with facilities including Accommodation, Bridge, Signage, and Brochure.', 'Knowledge Graph Fact RETRIEVAL NOTES:', 'Knowledge Graph Fact - Ranked by: relevance', 'Knowledge Graph Fact - CONTRADICTION RULE: If Review Evidence contradicts the Knowledge Graph facts, you MUST treat the Knowledge Graph as the absolute ground truth.']","Here are the features, activities, and facilities available at **Ella Rock**:

- Engage in hiking, which is a popular activity on the mountain.
- Explore the rock formation and the surrounding trail.
- Experience the scenic view from the viewpoint.
- Observe the waterfall and tea plantation.
- Utilize the bridge and signage provided at the location.
- Access local guides to assist with the experience.
- Find accommodation nearby.
- Obtain a brochure for information.
- Be aware of the weather conditions and the ticket price.","The features and activities at Ella Rock include Hiking, Scenic view, Trail, Rock formation, Local guide, and Mountain."
Q_PAT_07,"What are the features, activities, and facilities available at Horton Plains National Park?",place_attribute_query,place_attribute_query,1.0,7.01,0.75,0.9196299284931924,1.0,1.0,"What are the features, activities, and facilities available at Horton Plains National Park?","['Knowledge Graph Fact Knowledge Graph Fact 1. Horton Plains National Park features Waterfall, Trail, Scenic view, Weather condition, Wildlife, Ticket price, Cleanliness, Mountain, Crowdedness, Value for money, Entrance fee, and Birds, offering activities including Waterfall visit, Hiking, and Trekking, with facilities including Entrance fee and Ticket or receipt.', 'Knowledge Graph Fact RETRIEVAL NOTES:', 'Knowledge Graph Fact - Ranked by: completeness of information', 'Knowledge Graph Fact - CONTRADICTION RULE: If Review Evidence contradicts the Knowledge Graph facts, you MUST treat the Knowledge Graph as the absolute ground truth.']","Here is what you can do and find at **Horton Plains National Park**:

- Visit waterfalls, which are a highlight for many visitors.
- Engage in hiking, a popular activity at the park.
- Participate in trekking through the landscape.
- Observe wildlife and view various birds.
- Experience mountain landscapes and enjoy scenic views.
- Encounter various weather conditions, which can sometimes be unpredictable.
- Utilize facilities including the entrance fee and ticket or receipt process.
- Note features such as cleanliness, crowdedness, and value for money, which are aspects visitors often comment on.","The features and activities at Horton Plains National Park include Hiking, Waterfall visit, Trekking, Scenic view, Waterfall, and Trail."
Q_PAT_08,"What are the features, activities, and facilities available at Pinnawala Elephant Orphanage?",place_attribute_query,place_attribute_query,1.0,6.53,0.875,0.8776792689553377,1.0,1.0,"What are the features, activities, and facilities available at Pinnawala Elephant Orphanage?","['Knowledge Graph Fact Knowledge Graph Fact 1. Pinnawala Elephant Orphanage features River, Family friendliness, Wildlife, Ticket price, Value for money, and Elephants, offering activities including Photography and Elephant watching, with facilities including Entrance fee and Ticket or receipt.', 'Knowledge Graph Fact RETRIEVAL NOTES:', 'Knowledge Graph Fact - Ranked by: completeness of information', 'Knowledge Graph Fact - CONTRADICTION RULE: If Review Evidence contradicts the Knowledge Graph facts, you MUST treat the Knowledge Graph as the absolute ground truth.']","Here is what you can do at **Pinnawala Elephant Orphanage**:

- Observe elephants in a wildlife setting, which many visitors find to be a great value for money.
- Engage in elephant watching to see the elephants up close.
- Take photographs of the animals during your visit.
- Enjoy the river environment where the elephants spend time.
- Experience a family-friendly destination suitable for all ages.
- Purchase an entrance ticket to access the facility and receive your receipt upon entry.","The features and activities at Pinnawala Elephant Orphanage include Photography, Elephant watching, Elephants, River, Wildlife, and Ticket price."
Q_PAT_09,"What are the features, activities, and facilities available at Colombo Lotus Tower?",place_attribute_query,place_attribute_query,1.0,6.24,1.0,0.925047141538812,1.0,1.0,"What are the features, activities, and facilities available at Colombo Lotus Tower?","['Knowledge Graph Fact Knowledge Graph Fact 1. Colombo Lotus Tower is a location for Viewpoint visit, featuring Scenic view, Family friendliness, Ticket price, Value for money, Food quality, Restaurants, Service quality, Entrance fee, and Viewpoint, with facilities including Entrance fee, Ticket or receipt, Restaurant, and View platform.', 'Knowledge Graph Fact RETRIEVAL NOTES:', 'Knowledge Graph Fact - Ranked by: Colombo Lotus Tower', 'Knowledge Graph Fact - CONTRADICTION RULE: If Review Evidence contradicts the Knowledge Graph facts, you MUST treat the Knowledge Graph as the absolute ground truth.']","Here is what you can do and find at the **Colombo Lotus Tower**:

- Visit the viewpoint to enjoy a scenic view.
- Dine at the on-site restaurant, where visitors have noted the food quality and service quality.
- Experience a family-friendly environment.
- Utilize the view platform.
- Purchase a ticket or receipt to cover the entrance fee.","The features and activities at Colombo Lotus Tower include Viewpoint visit, Scenic view, Ticket price, Viewpoint, Value for money, and Restaurants."
Q_PAT_10,"What are the features, activities, and facilities available at Arugam Bay?",place_attribute_query,place_attribute_query,1.0,6.78,1.0,0.8958078094434622,1.0,1.0,"What are the features, activities, and facilities available at Arugam Bay?","['Knowledge Graph Fact Knowledge Graph Fact 1. Arugam Bay features Peacefulness, Ticket price, Cleanliness, Public transport access, Crowdedness, Value for money, Beach, Waves, Food quality, Restaurants, Accommodation, Service quality, Sea, and Shops, offering activities including Swimming, Surfing, Relaxing, and Shopping, with facilities including Accommodation, Tuk tuk service, and Restaurant.', 'Knowledge Graph Fact RETRIEVAL NOTES:', 'Knowledge Graph Fact - Ranked by: completeness of information', 'Knowledge Graph Fact - CONTRADICTION RULE: If Review Evidence contradicts the Knowledge Graph facts, you MUST treat the Knowledge Graph as the absolute ground truth.']","Here is what you can do and find at **Arugam Bay**:

- Engage in activities such as swimming, surfing, relaxing, and shopping.
- Utilize facilities including various accommodation options, restaurant services, and tuk-tuk transportation.
- Experience the beach, the sea, and the waves.
- Access local shops and dining establishments.
- Benefit from the peacefulness, cleanliness, and public transport access.
- Evaluate the location based on factors such as ticket price, crowdedness, value for money, food quality, and service quality.","The features and activities at Arugam Bay include Surfing, Relaxing, Swimming, Shopping, Beach, and Waves."
Q_ACT_11,What are the best locations for snorkelling in Sri Lanka?,activity_query,activity_query,1.0,7.59,0.9333333333333332,0.9701316037334706,0.2795708701209446,0.19277439730019502,What are the best locations for snorkelling in Sri Lanka?,"['Knowledge Graph Fact Knowledge Graph Fact 1. Polhena Beach is a beach in Matara District for Snorkelling, featuring Safety, Peacefulness, and Family friendliness.', 'Knowledge Graph Fact Knowledge Graph Fact 2. Hikkaduwa Beach is a beach in Galle District for Snorkelling, featuring Cleanliness, Crowdedness, and Beach.', 'Knowledge Graph Fact Knowledge Graph Fact 3. Jungle Beach is a beach in Matara District for Snorkelling, featuring Trail, Rock formation, and Scenic view.', 'Knowledge Graph Fact RETRIEVAL NOTES:', 'Knowledge Graph Fact - Ranked by: Snorkelling', 'Knowledge Graph Fact - CONTRADICTION RULE: If Review Evidence contradicts the Knowledge Graph facts, you MUST treat the Knowledge Graph as the absolute ground truth.']","The best places for snorkelling in Sri Lanka are Polhena Beach, Hikkaduwa Beach, and Jungle Beach.

- **Polhena Beach** — Located in the Matara District, this beach is suitable for snorkelling and is noted for its safety, peacefulness, and family friendliness.

- **Hikkaduwa Beach** — Situated in the Galle District, this beach offers snorkelling opportunities and is characterized by its cleanliness and crowded atmosphere.

- **Jungle Beach** — Found in the Matara District, this location provides snorkelling alongside features such as a trail, rock formations, and a scenic view.","The best locations for snorkelling include Polhena Beach, Hikkaduwa Beach, Jungle Beach, and Victoria Park of Nuwara Eliya."
Q_ACT_12,Which places are highly recommended for elephant watching?,activity_query,activity_query,1.0,7.46,1.0,0.8225207416036463,1.0,1.0,Which places are highly recommended for elephant watching?,"['Knowledge Graph Fact Knowledge Graph Fact 1. Maduru Oya National Park is a National Park / Wildlife Reserve in Badulla District for Elephant watching, featuring Road access, Scenic view, and Wildlife.', 'Knowledge Graph Fact Knowledge Graph Fact 2. Wasgamuwa National Park is a National Park / Wildlife Reserve in Polonnaruwa District for Elephant watching, featuring Road access, River, and Scenic view.', 'Knowledge Graph Fact Knowledge Graph Fact 3. Hurulu Eco Park is a National Park / Wildlife Reserve in Anuradhapura District for Elephant watching, featuring Road access, Trail, and Scenic view.', 'Knowledge Graph Fact Knowledge Graph Fact 4. Kaudulla National Park is a National Park / Wildlife Reserve in Polonnaruwa District for Elephant watching, featuring Road access, Wildlife, and Ticket price.', 'Knowledge Graph Fact Knowledge Graph Fact 5. Gal Oya National Park is a National Park / Wildlife Reserve in Polonnaruwa District for Elephant watching, featuring Road access, Scenic view, and Peacefulness.', 'Knowledge Graph Fact RETRIEVAL NOTES:', 'Knowledge Graph Fact - Ranked by: positive sentiment, activity relevance', 'Knowledge Graph Fact - CONTRADICTION RULE: If Review Evidence contradicts the Knowledge Graph facts, you MUST treat the Knowledge Graph as the absolute ground truth.']","The best places for elephant watching in Sri Lanka are:

- **Maduru Oya National Park** — Located in the Badulla District, this national park and wildlife reserve offers road access, scenic views, and wildlife.

- **Wasgamuwa National Park** — Situated in the Polonnaruwa District, this national park and wildlife reserve features road access, a river, and scenic views.

- **Hurulu Eco Park** — Found in the Anuradhapura District, this national park and wildlife reserve provides road access, a trail, and scenic views.

- **Kaudulla National Park** — Located in the Polonnaruwa District, this national park and wildlife reserve offers road access, wildlife, and a ticket price.

- **Gal Oya National Park** — Also in the Polonnaruwa District, this national park and wildlife reserve is characterized by road access, scenic views, and peacefulness.","The best locations for elephant watching include Maduru Oya National Park, Wasgamuwa National Park, Hurulu Eco Park, and Kaudulla National Park."
Q_ACT_13,Where can I go camping in Sri Lanka?,activity_query,activity_query,1.0,6.75,1.0,0.9326635899086284,0.8629042034251113,0.19277439730019502,Where can I go camping in Sri Lanka?,"['Knowledge Graph Fact Knowledge Graph Fact 1. Knuckles Mountain Range is a Viewpoint and Hiking location for Camping, featuring Waterfall, Road access, and Trail.', 'Knowledge Graph Fact Knowledge Graph Fact 2. Gal Oya National Park is a National Park and Wildlife Reserve located in Polonnaruwa District for Camping, featuring Road access, Scenic view, and Peacefulness.', 'Knowledge Graph Fact Knowledge Graph Fact 3. Kumana National Park is a National Park and Wildlife Reserve located in Ampara District for Camping, featuring Road access, Scenic view, and Peacefulness.', 'Knowledge Graph Fact RETRIEVAL NOTES:', 'Knowledge Graph Fact - Ranked by: Camping', 'Knowledge Graph Fact - CONTRADICTION RULE: If Review Evidence contradicts the Knowledge Graph facts, you MUST treat the Knowledge Graph as the absolute ground truth.']","The best places for camping in Sri Lanka are the Knuckles Mountain Range, Gal Oya National Park, and Kumana National Park.

- **Knuckles Mountain Range** — This location serves as a viewpoint and hiking destination that features a waterfall, road access, and a trail.

- **Gal Oya National Park** — Situated in the Polonnaruwa District, this national park and wildlife reserve offers road access, scenic views, and peacefulness.

- **Kumana National Park** — Located in the Ampara District, this national park and wildlife reserve provides road access, scenic views, and peacefulness.","The best locations for camping include Knuckles Mountain Range, Gal Oya National Park, Kumana National Park, and Wasgamuwa National Park."
Q_ACT_14,What are the best places to experience a train ride?,activity_query,activity_query,1.0,6.44,0.7142857142857143,0.973691867325089,0.2795708701209446,0.19277439730019502,What are the best places to experience a train ride?,"['Knowledge Graph Fact Knowledge Graph Fact 1. Demodara Loop is an Engineering Landmark in Badulla District for a Train ride, featuring Road access, Trail, and Scenic view.', 'Knowledge Graph Fact RETRIEVAL NOTES:', 'Knowledge Graph Fact - Ranked by: positive sentiment, scenic view', 'Knowledge Graph Fact - CONTRADICTION RULE: If Review Evidence contradicts the Knowledge Graph facts, you MUST treat the Knowledge Graph as the absolute ground truth.']","The best place to experience a train ride is the Demodara Loop.

- **Demodara Loop** — Located in the Badulla District, this engineering landmark offers a unique train ride experience that features a scenic view, road access, and a trail.","The best locations for a train ride include Demodara Loop, Ella Rock, Moon Plains, and Dunhinda Falls."
Q_ACT_15,Where can I go for a tea plantation visit?,activity_query,activity_query,1.0,7.06,1.0,0.790646139624763,1.0,1.0,Where can I go for a tea plantation visit?,"['Knowledge Graph Fact Knowledge Graph Fact 1. Handunugoda Tea Estate is located in Galle District for a Tea plantation visit, featuring Ticket price, Public transport access, and Local guide.', 'Knowledge Graph Fact Knowledge Graph Fact 2. Pedro Tea Factory is located in Nuwara Eliya District for a Tea factory visit, featuring Scenic view, Ticket price, and Local guide.', 'Knowledge Graph Fact Knowledge Graph Fact 3. Lipton’s Seat is located in Badulla District for a Tea factory visit, featuring Road access, Scenic view, and Weather condition.', 'Knowledge Graph Fact RETRIEVAL NOTES:', 'Knowledge Graph Fact - Ranked by: Tea plantation visit', 'Knowledge Graph Fact - CONTRADICTION RULE: If Review Evidence contradicts the Knowledge Graph facts, you MUST treat the Knowledge Graph as the absolute ground truth.']","The best places for a tea plantation or tea factory visit in Sri Lanka are:

### Tea plantation visit
- **Handunugoda Tea Estate** — Located in the Galle District, this farm and factory offers visitors the opportunity to explore the plantation with the assistance of a local guide. It is accessible via public transport, and visitors can inquire about the ticket price upon arrival.

### Tea factory visit
- **Pedro Tea Factory** — Situated in the Nuwara Eliya District, this factory provides a scenic view and includes a local guide for visitors. Information regarding the ticket price is available on-site.
- **Lipton’s Seat** — Located in the Badulla District, this site offers a scenic view and is accessible by road, though visits are subject to weather conditions.","The best locations for a tea plantation visit include Handunugoda Tea Estate, Pedro Tea Factory, and Lipton’s Seat."
Q_FEA_11,Which places are noted for their cleanliness?,feature_query,feature_query,1.0,6.95,1.0,0.5489457435686798,1.0,1.0,Which places are noted for their cleanliness?,"['Knowledge Graph Fact Knowledge Graph Fact 1. Trincomalee Beach is a beach in Trincomalee District noted for Cleanliness, offering Swimming and Relaxing.', 'Knowledge Graph Fact Knowledge Graph Fact 2. Nilaveli Beach is a beach in Trincomalee District noted for Cleanliness, offering Swimming and Relaxing.', 'Knowledge Graph Fact Knowledge Graph Fact 3. Bentota Beach is a beach in Galle District noted for Cleanliness, offering Swimming, Surfing, and Relaxing.', 'Knowledge Graph Fact Knowledge Graph Fact 4. Casuarina Beach is a beach in Jaffna District noted for Cleanliness, offering Swimming.', 'Knowledge Graph Fact Knowledge Graph Fact 5. Marble Beach is a beach in Trincomalee District noted for Cleanliness, offering Swimming.', 'Knowledge Graph Fact RETRIEVAL NOTES:', 'Knowledge Graph Fact - Ranked by: Cleanliness', 'Knowledge Graph Fact - CONTRADICTION RULE: If Review Evidence contradicts the Knowledge Graph facts, you MUST treat the Knowledge Graph as the absolute ground truth.']","The places noted for their cleanliness in Sri Lanka are:

- **Trincomalee Beach** — Located in the Trincomalee District, this beach is recognized for its cleanliness and provides opportunities for swimming and relaxing.

- **Nilaveli Beach** — Also situated in the Trincomalee District, this destination is known for being clean and is suitable for swimming and relaxing.

- **Bentota Beach** — Found in the Galle District, this location is noted for its cleanliness and offers activities such as swimming, surfing, and relaxing.

- **Casuarina Beach** — Located in the Jaffna District, this beach is characterized by its cleanliness and is a place where visitors can go swimming.

- **Marble Beach** — Situated in the Trincomalee District, this beach is noted for its cleanliness and is a destination for swimming.","Places known for their cleanliness include Trincomalee Beach, Nilaveli Beach, Bentota Beach, and Casuarina Beach."
Q_FEA_12,What are the most family friendly destinations?,feature_query,feature_query,0.95,7.06,1.0,0.6788620965193916,0.9184597589885373,1.0,What are the most family friendly destinations?,"['Knowledge Graph Fact Knowledge Graph Fact 1. Negombo Beach is a beach in Gampaha District featuring Family friendliness.', ""Knowledge Graph Fact Knowledge Graph Fact 2. Sri Pada / Adam's Peak is a viewpoint and hiking location in Nuwara Eliya District for Sunrise watching, featuring Family friendliness."", 'Knowledge Graph Fact Knowledge Graph Fact 3. Negombo Fish Market is a shopping and market location in Gampaha District featuring Family friendliness.', 'Knowledge Graph Fact Knowledge Graph Fact 4. Diyatha Uyana is a garden and park in Colombo District for Relaxing and Shopping, featuring Family friendliness.', 'Knowledge Graph Fact Knowledge Graph Fact 5. Viharamahadevi Park is a garden and park in Colombo District for Relaxing, featuring Family friendliness.', 'Knowledge Graph Fact RETRIEVAL NOTES:', 'Knowledge Graph Fact - Ranked by: Family friendliness', 'Knowledge Graph Fact - CONTRADICTION RULE: If Review Evidence contradicts the Knowledge Graph facts, you MUST treat the Knowledge Graph as the absolute ground truth.']","The best family-friendly destinations in Sri Lanka are:

- **Negombo Beach** — A beach located in the Gampaha District that is suitable for families.

- **Sri Pada / Adam's Peak** — A viewpoint and hiking location in the Nuwara Eliya District that offers sunrise watching and is suitable for families.

- **Negombo Fish Market** — A shopping and market location in the Gampaha District that is suitable for families.

- **Diyatha Uyana** — A garden and park in the Colombo District that provides space for relaxing and shopping, and is suitable for families.

- **Viharamahadevi Park** — A garden and park in the Colombo District that is suitable for relaxing and is family-friendly.","Places known for their family friendliness include Negombo Beach, Sri Pada / Adam's Peak, Negombo Fish Market, and Diyatha Uyana."
Q_FEA_13,Which locations are known for their safety?,feature_query,feature_query,0.95,6.87,1.0,0.6276149059054956,0.8629042034251113,1.0,Which locations are known for their safety?,"['Knowledge Graph Fact Knowledge Graph Fact 1. Laxapana Falls is a waterfall in Nuwara Eliya District known for Safety, offering Waterfall visit.', 'Knowledge Graph Fact Knowledge Graph Fact 2. Polhena Beach is a beach in Matara District known for Safety, offering Swimming, Relaxing, and Snorkelling.', 'Knowledge Graph Fact Knowledge Graph Fact 3. Aberdeen Falls is a waterfall known for Safety, offering Waterfall visit, Swimming, and Hiking.', 'Knowledge Graph Fact Knowledge Graph Fact 4. Pasikudah Beach is a beach in Batticaloa District known for Safety, offering Swimming and Relaxing.', 'Knowledge Graph Fact Knowledge Graph Fact 5. Marble Beach is a beach in Trincomalee District known for Safety, offering Swimming.', 'Knowledge Graph Fact RETRIEVAL NOTES:', 'Knowledge Graph Fact - Ranked by: Safety', 'Knowledge Graph Fact - CONTRADICTION RULE: If Review Evidence contradicts the Knowledge Graph facts, you MUST treat the Knowledge Graph as the absolute ground truth.']","The locations known for their safety in Sri Lanka are:

- **Laxapana Falls** — A waterfall located in the Nuwara Eliya District where visitors can enjoy a waterfall visit.
- **Polhena Beach** — A beach in the Matara District that provides opportunities for swimming, relaxing, and snorkelling.
- **Aberdeen Falls** — A waterfall destination that allows for waterfall visits, swimming, and hiking.
- **Pasikudah Beach** — A beach situated in the Batticaloa District suitable for swimming and relaxing.
- **Marble Beach** — A beach located in the Trincomalee District that is known for swimming.","Places known for their safety include Laxapana Falls, Polhena Beach, Aberdeen Falls, and Pasikudah Beach."
Q_FEA_14,What are some tourist spots that offer great value for money?,feature_query,feature_query,0.95,7.35,1.0,0.7832866066220109,1.0,1.0,What are some tourist spots that offer great value for money?,"[""Knowledge Graph Fact Knowledge Graph Fact 1. Sri Pada / Adam's Peak is a Viewpoint and Hiking location in Nuwara Eliya District offering great value for money and Sunrise watching."", 'Knowledge Graph Fact Knowledge Graph Fact 2. Negombo Beach is a Beach location in Gampaha District offering great value for money.', 'Knowledge Graph Fact Knowledge Graph Fact 3. Negombo Fish Market is a Shopping and Market location in Gampaha District offering great value for money.', 'Knowledge Graph Fact Knowledge Graph Fact 4. Handunugoda Tea Estate is a Farm and Factory location in Galle District offering great value for money, featuring Shopping, Tea plantation visit, and Tea tasting.', 'Knowledge Graph Fact Knowledge Graph Fact 5. Maligawila Buddha Statue is a Religious Site in Monaragala District offering great value for money and Religious visit.', 'Knowledge Graph Fact RETRIEVAL NOTES:', 'Knowledge Graph Fact - Ranked by: Value for money, median_lkr', 'Knowledge Graph Fact - CONTRADICTION RULE: If Review Evidence contradicts the Knowledge Graph facts, you MUST treat the Knowledge Graph as the absolute ground truth.']","The tourist spots in Sri Lanka that offer great value for money are:

- **Sri Pada / Adam's Peak** — A viewpoint and hiking location in the Nuwara Eliya District where visitors can watch the sunrise. It is considered a great value for money destination.

- **Negombo Beach** — A beach location situated in the Gampaha District that offers great value for money.

- **Negombo Fish Market** — A shopping and market location located in the Gampaha District that provides great value for money.

- **Handunugoda Tea Estate** — A farm and factory location in the Galle District that features shopping, tea plantation visits, and tea tasting. It is recognized for offering great value for money.

- **Maligawila Buddha Statue** — A religious site in the Monaragala District suitable for a religious visit, which also offers great value for money.","Places known for their value for money include Sri Pada / Adam's Peak, Negombo Beach, Negombo Fish Market, and Handunugoda Tea Estate."
Q_FEA_15,Which places are known for their peacefulness and quiet atmosphere?,feature_query,feature_query,0.98,7.65,1.0,0.736911656857368,1.0,1.0,Which places are known for their peacefulness and quiet atmosphere?,"['Knowledge Graph Fact Knowledge Graph Fact 1. Negombo Beach is a beach in Gampaha District known for Peacefulness.', ""Knowledge Graph Fact Knowledge Graph Fact 2. Sri Pada / Adam's Peak is a viewpoint and hiking location in Nuwara Eliya District known for Peacefulness and Sunrise watching."", 'Knowledge Graph Fact Knowledge Graph Fact 3. Japanese Peace Pagoda - Rumassala is a religious site in Galle District known for Peacefulness and Sunset watching.', 'Knowledge Graph Fact Knowledge Graph Fact 4. Beddegana Wetland Park is a wetland and nature park in Colombo District known for Peacefulness, Relaxing, Photography, and Bird watching.', 'Knowledge Graph Fact Knowledge Graph Fact 5. Buduruwagala Temple is a religious site in Monaragala District known for Peacefulness and Temple visits.', 'Knowledge Graph Fact Knowledge Graph Fact 6. Seema Malakaya Temple is a religious site in Gampaha District known for Peacefulness, Temple visits, Photography, and Meditation.', 'Knowledge Graph Fact Knowledge Graph Fact 7. Kalametiya Eco Bird Watching is a wildlife and bird watching site known for Peacefulness, Photography, Bird watching, and Sunset watching.', 'Knowledge Graph Fact Knowledge Graph Fact 8. Pasikudah Beach is a beach in Batticaloa District known for Peacefulness, Swimming, and Relaxing.', 'Knowledge Graph Fact RETRIEVAL NOTES:', 'Knowledge Graph Fact - Ranked by: Peacefulness, Crowdedness', 'Knowledge Graph Fact - CONTRADICTION RULE: If Review Evidence contradicts the Knowledge Graph facts, you MUST treat the Knowledge Graph as the absolute ground truth.']","The places in Sri Lanka known for their peacefulness and quiet atmosphere are:

- **Negombo Beach** — Located in the Gampaha District, this beach is a peaceful destination.

- **Sri Pada / Adam's Peak** — This viewpoint and hiking location in the Nuwara Eliya District offers a peaceful atmosphere, perfect for sunrise watching.

- **Japanese Peace Pagoda - Rumassala** — Situated in the Galle District, this religious site is known for its peacefulness and is a great spot for sunset watching.

- **Beddegana Wetland Park** — A wetland and nature park in the Colombo District that provides a peaceful setting for relaxing, photography, and bird watching.

- **Buduruwagala Temple** — This religious site in the Monaragala District is recognized for its peacefulness and is ideal for a temple visit.

- **Seema Malakaya Temple** — Located in the Gampaha District, this religious site offers a peaceful environment suitable for temple visits, photography, and meditation.

- **Kalametiya Eco Bird Watching** — This wildlife and bird watching site is known for its peacefulness, offering opportunities for photography, bird watching, and sunset watching.

- **Pasikudah Beach** — Found in the Batticaloa District, this beach is a peaceful location where you can enjoy swimming and relaxing.","Places known for their peacefulness include Negombo Beach, Sri Pada / Adam's Peak, Japanese Peace Pagoda - Rumassala, and Beddegana Wetland Park."
Q_CON_01,Where are the best places for hiking in Nuwara Eliya District?,constraint_query,activity_query,0.98,7.47,0.6,0.989607486678112,0.7795708700709447,0.19277439730019502,Where are the best places for hiking in Nuwara Eliya District?,"[""Knowledge Graph Fact Knowledge Graph Fact 1. Baker's Falls is located in Nuwara Eliya District for Waterfall visit, Hiking, Photography, and Trekking, featuring Waterfall, Trail, Scenic view, Stairs, and Weather condition, with facilities including Steps or stairs."", 'Knowledge Graph Fact Knowledge Graph Fact 2. Horton Plains National Park is located in Nuwara Eliya District for Waterfall visit, Hiking, and Trekking, featuring Waterfall, Trail, Scenic view, Weather condition, Wildlife, Ticket price, Cleanliness, Mountain, Crowdedness, Value for money, Entrance fee, and Birds, with facilities including Entrance fee and Ticket or receipt.', ""Knowledge Graph Fact Knowledge Graph Fact 3. Lover's Leap Falls is located in Nuwara Eliya District for Waterfall visit and Hiking, featuring Waterfall, Road access, Trail, Scenic view, Weather condition, Mountain, Public transport access, and Tea plantation, with facilities including Tuk tuk service."", 'Knowledge Graph Fact RETRIEVAL NOTES:', 'Knowledge Graph Fact - Ranked by: Hiking, positive sentiment', 'Knowledge Graph Fact - CONTRADICTION RULE: If Review Evidence contradicts the Knowledge Graph facts, you MUST treat the Knowledge Graph as the absolute ground truth.']","The best places for hiking in the Nuwara Eliya District are:

- **Baker's Falls** — This location offers opportunities for hiking and trekking. It features a waterfall, a trail, scenic views, and stairs, though some visitors have noted the steps or stairs as a facility concern and mentioned weather conditions as a factor. It is also a popular spot for photography.
- **Horton Plains National Park** — This park is suitable for hiking and trekking, featuring a waterfall, a trail, scenic views, wildlife, mountains, and birds. While it is a popular destination, some visitors have noted concerns regarding weather conditions, cleanliness, crowdedness, and value for money, as well as the entrance fee and ticket or receipt process.
- **Lover's Leap Falls** — This site provides a location for hiking, featuring a waterfall, road access, a trail, scenic views, mountains, public transport access, and a tea plantation. You can take a tuk tuk to reach the area, though be mindful of potential weather conditions.",The best places for hiking in Nuwara Eliya District include Horton Plains National Park and Single Tree Hill.
Q_CON_02,"I'm traveling with my family, what are some family-friendly beaches in Matara?",constraint_query,constraint_query,0.98,6.75,1.0,0.8986953559522903,1.0,1.0,"I'm traveling with my family, what are some family-friendly beaches in Matara?","['Knowledge Graph Fact Knowledge Graph Fact 1. Polhena Beach is a beach in Matara District known for Family friendliness.', 'Knowledge Graph Fact Knowledge Graph Fact 2. Hiriketiya Beach is a beach in Matara District known for Family friendliness.', 'Knowledge Graph Fact Knowledge Graph Fact 3. Mirissa Beach is a beach in Matara District known for Family friendliness.', 'Knowledge Graph Fact Knowledge Graph Fact 4. Weligama Beach is a beach in Matara District known for Family friendliness.', 'Knowledge Graph Fact RETRIEVAL NOTES:', 'Knowledge Graph Fact - Ranked by: Family friendliness, Safety', 'Knowledge Graph Fact - CONTRADICTION RULE: If Review Evidence contradicts the Knowledge Graph facts, you MUST treat the Knowledge Graph as the absolute ground truth.']","The family-friendly beaches in the Matara District are:

- **Polhena Beach** — Located in the Matara District, this beach is noted for its family-friendly environment.
- **Hiriketiya Beach** — This Matara District beach is recognized for being family-friendly.
- **Mirissa Beach** — Situated in the Matara District, this beach is a family-friendly option.
- **Weligama Beach** — This beach in the Matara District is known for its family-friendly environment.",Family-friendly beaches in Matara include Polhena Beach and Hiriketiya Beach.
Q_CON_03,Are there any places for bird watching in the Ampara District?,constraint_query,activity_query,1.0,6.85,0.875,0.9397597981860596,1.0,1.0,Are there any places for bird watching in the Ampara District?,"['Knowledge Graph Fact Knowledge Graph Fact 1. Kumana National Park is located in Ampara District for Bird watching, Safari, and Camping, featuring Road access, Scenic view, Peacefulness, Wildlife, Ticket price, Crowdedness, Local guide, Birds, Elephants, Forest, and Leopards, with facilities including Entrance fee.', 'Knowledge Graph Fact RETRIEVAL NOTES:', 'Knowledge Graph Fact - Ranked by: Bird watching', 'Knowledge Graph Fact - CONTRADICTION RULE: If Review Evidence contradicts the Knowledge Graph facts, you MUST treat the Knowledge Graph as the absolute ground truth.']","The best place for bird watching in the Ampara District is Kumana National Park.

- **Kumana National Park** — This location offers opportunities for bird watching alongside safari and camping activities. Visitors can observe birds, elephants, and leopards within the forest environment, which is noted for its peacefulness and scenic views. The park provides road access and local guide services, and requires an entrance fee for entry. While it is a popular destination for wildlife, some visitors have noted that it can become crowded.",A good place for bird watching in the Ampara District is Kumana National Park.
Q_CON_04,What are the top attractions for swimming in the Galle District?,constraint_query,activity_query,0.98,7.15,0.7647058823529411,1.0,0.8629042034251113,1.0,What are the top attractions for swimming in the Galle District?,"['Knowledge Graph Fact Knowledge Graph Fact 1. Bentota Beach is located in Galle District for Swimming, Surfing, Relaxing, and Sunset watching, featuring Scenic view, Peacefulness, Family friendliness, Cleanliness, Beach, Waves, Accommodation, Sea, Sandy beach, and Sunset view, with facilities including Accommodation and Restaurant.', 'Knowledge Graph Fact Knowledge Graph Fact 2. Hikkaduwa Beach is located in Galle District for Swimming, Surfing, Relaxing, and Snorkelling, featuring Cleanliness, Beach, Waves, Food quality, Restaurants, Accommodation, Sea, Sandy beach, Turtles, and Coral reef, with facilities including Accommodation and Restaurant.', 'Knowledge Graph Fact Knowledge Graph Fact 3. Unawatuna Beach is located in Galle District for Swimming and Relaxing, featuring Safety, Peacefulness, Family friendliness, Ticket price, Cleanliness, Value for money, Beach, Waves, Food quality, Restaurants, Accommodation, Sea, Sandy beach, and Cafes, with facilities including Accommodation, Restaurant, and Cafe.', 'Knowledge Graph Fact RETRIEVAL NOTES:', 'Knowledge Graph Fact - Ranked by: Swimming, positive sentiment', 'Knowledge Graph Fact - CONTRADICTION RULE: If Review Evidence contradicts the Knowledge Graph facts, you MUST treat the Knowledge Graph as the absolute ground truth.']","The top attractions for swimming in the Galle District are:

- **Bentota Beach** — A sandy beach destination suitable for swimming, surfing, relaxing, and sunset watching. It offers a scenic view, peacefulness, and a family-friendly environment, and is noted for its cleanliness. You will find on-site accommodation and restaurants available here.

- **Hikkaduwa Beach** — A location for swimming, surfing, relaxing, and snorkelling that features a sandy beach, coral reefs, and turtles. The area is supported by local restaurants and accommodation, and visitors often note the quality of the sea and waves.

- **Unawatuna Beach** — A beach area known for swimming and relaxing that provides a safe, peaceful, and family-friendly atmosphere. It is well-regarded for its cleanliness and food quality, and is complete with cafes, restaurants, and accommodation.",Top attractions for swimming in the Galle District include Unawatuna Beach and Hikkaduwa Beach.
Q_CON_05,Where can I go for a safari in the Polonnaruwa District?,constraint_query,activity_query,0.98,8.29,0.925925925925926,0.9379145835729112,0.7795708700959447,1.0,Where can I go for a safari in the Polonnaruwa District?,"['Knowledge Graph Fact Knowledge Graph Fact 1. Gal Oya National Park is located in Polonnaruwa District for Swimming, Safari, Boat safari, Boat ride, Elephant watching, Camping, and Jeep safari, featuring Road access, Scenic view, Peacefulness, Wildlife, Local guide, Birds, Lake, Elephants, Boat service, and Forest, with facilities including Boat service and Jeep service.', 'Knowledge Graph Fact Knowledge Graph Fact 2. Kaudulla National Park is located in Polonnaruwa District for Safari, Elephant watching, and Jeep safari, featuring Road access, Wildlife, Ticket price, Crowdedness, Local guide, Birds, Lake, and Elephants.', 'Knowledge Graph Fact Knowledge Graph Fact 3. Minneriya National Park is located in Polonnaruwa District for Safari, Elephant watching, and Jeep safari, featuring Scenic view, Family friendliness, Wildlife, Ticket price, Crowdedness, Local guide, Birds, Lake, and Elephants.', 'Knowledge Graph Fact Knowledge Graph Fact 4. Wasgamuwa National Park is located in Polonnaruwa District for Safari, Elephant watching, and Jeep safari, featuring Road access, River, Scenic view, Peacefulness, Wildlife, Ticket price, Crowdedness, Local guide, Food quality, Birds, Elephants, Forest, and Leopards.', 'Knowledge Graph Fact RETRIEVAL NOTES:', 'Knowledge Graph Fact - Ranked by: Safari', 'Knowledge Graph Fact - CONTRADICTION RULE: If Review Evidence contradicts the Knowledge Graph facts, you MUST treat the Knowledge Graph as the absolute ground truth.']","The best places for a safari in the Polonnaruwa District are Gal Oya National Park, Kaudulla National Park, Minneriya National Park, and Wasgamuwa National Park.

### Safari, Jeep safari, and Boat safari
- **Gal Oya National Park** — Offers safari, jeep safari, and boat safari experiences. Visitors can enjoy elephant watching, bird watching, and boat rides on the lake, surrounded by forest and wildlife. The park features road access, scenic views, and a sense of peacefulness, with local guides, boat services, and jeep services available.

### Safari and Jeep safari
- **Kaudulla National Park** — Provides opportunities for safari and jeep safari activities, with a focus on elephant watching. The park features wildlife, birds, a lake, and elephants, and is accessible by road. Local guides are available to assist visitors, though some reviews note the park can be crowded.
- **Minneriya National Park** — Features safari and jeep safari options, including elephant watching. This park is known for its scenic views, wildlife, birds, and lake, and is home to many elephants. It is considered family-friendly, local guides are available, and ticket prices are a noted feature, though some visitors mention the park can be crowded.
- **Wasgamuwa National Park** — Offers safari and jeep safari experiences centered on elephant watching. The park features a river, forest, and scenic views, with wildlife including elephants, birds, and leopards. It is accessible by road and provides local guides, with food quality, ticket prices, and a sense of peacefulness noted as features, though some reviews mention the park can be crowded.","You can go for a safari in the Polonnaruwa District at Kaudulla National Park, Gal Oya National Park, or Wasgamuwa National Park."
Q_TIM_01,When is the best time of day to visit Sri Pada / Adam's Peak?,timing_query,timing_query,1.0,3.57,0.5,0.0,0.2795708701209446,0.19277439730019502,When is the best time of day to visit Sri Pada / Adam's Peak?,"['Knowledge Graph Fact No graph results returned.', 'REVIEW EVIDENCE (ChromaDB):']","The available evidence is limited, and there is no information provided regarding the best time of day to visit **Adam's Peak**.",The best time to visit Sri Pada / Adam's Peak is early in the morning to witness the sunrise from the summit.
Q_TIM_02,Is it recommended to visit Horton Plains National Park early in the morning?,timing_query,timing_query,0.98,6.54,1.0,0.8072218448551793,1.0,1.0,Is it recommended to visit Horton Plains National Park early in the morning?,"['Knowledge Graph Fact Knowledge Graph Fact 1. Horton Plains National Park in Nuwara Eliya District is recommended for an early morning visit during the monsoon season in March.', 'Knowledge Graph Fact RETRIEVAL NOTES:', 'Knowledge Graph Fact - Ranked by: time_of_day, confidence', 'Knowledge Graph Fact - CONTRADICTION RULE: If Review Evidence contradicts the Knowledge Graph facts, you MUST treat the Knowledge Graph as the absolute ground truth.']","It is recommended to visit **Horton Plains National Park** early in the morning, particularly during the monsoon season in March.

Here is what you can do at this location:
- Experience the park during the early morning hours.
- Visit during the month of March to align with the recommended monsoon season timing.","Yes, it is highly recommended to visit Horton Plains National Park early in the morning (around 6 AM) before the cloud cover rolls in and obscures the views."
Q_TIM_03,What time does the Pinnawala Elephant Orphanage feed the baby elephants?,timing_query,timing_query,0.98,3.47,0.5,0.0,0.2795708701209446,0.19277439730019502,What time does the Pinnawala Elephant Orphanage feed the baby elephants?,"['Knowledge Graph Fact No graph results returned.', 'REVIEW EVIDENCE (ChromaDB):']","The available evidence is limited, and there is no information provided regarding the specific feeding times for baby elephants at the **Pinnawala Elephant Orphanage**.","The Pinnawala Elephant Orphanage feeds the baby elephants at designated times, including a popular feeding session at 9:00 AM."
Q_TIM_04,Can I visit the Temple of the Sacred Tooth Relic in the evening?,timing_query,timing_query,0.98,6.24,0.5,0.7793781802932426,0.2795708701209446,0.19277439730019502,Can I visit the Temple of the Sacred Tooth Relic in the evening?,"['Knowledge Graph Fact Knowledge Graph Fact 1. The Temple of the Sacred Tooth Relic is located in Kandy District and is best visited in the early morning.', 'Knowledge Graph Fact RETRIEVAL NOTES:', 'Knowledge Graph Fact - Ranked by: time_of_day', 'Knowledge Graph Fact - CONTRADICTION RULE: If Review Evidence contradicts the Knowledge Graph facts, you MUST treat the Knowledge Graph as the absolute ground truth.']","The Temple of the Sacred Tooth Relic is best visited in the early morning.

Here is what you can do at the Temple of the Sacred Tooth Relic:
- Visit the temple for a temple visit.","Yes, you can visit the Temple of the Sacred Tooth Relic in the evening when the temple is beautifully lit up, and during the evening worship rituals."
Q_TIM_05,What is the best time of year to see migratory birds at Yala National Park?,timing_query,timing_query,0.98,3.26,0.5,0.0,0.2795708701209446,0.19277439730019502,What is the best time of year to see migratory birds at Yala National Park?,"['Knowledge Graph Fact No graph results returned.', 'REVIEW EVIDENCE (ChromaDB):']","The available evidence is limited, and there is no information provided regarding the best time of year to see migratory birds at Yala National Park.",The best time to see migratory birds at Yala National Park is during the winter months when over 180 species visit the coastal lagoons.
