,Aberdeen Falls,Abhayagiri Dagaba,Ambewela Farms,Ambuluwawa Tower,Ancient City of Polonnaruwa,Angurukaramulla Temple,Arugam Bay,Bahiravokanda Vihara Buddha Statue,Baker's Falls,Bambarakanda Falls,Batticaloa Fort,Beddegana Wetland Park,Bentota Beach,Bogoda Wooden Bridge,Bopath Ella (Bopath Falls),Brief Garden - Bevis Bawa,Buduruwagala Temple,Casuarina Beach,Ceylon Tea Museum,Coconut Tree Hill,Colombo Lotus Tower,Colombo National Museum,Dagoba of Thuparama,Dambulla Cave Temple,Dehiwala Zoo - Sri Lanka,Demodara Loop,Devon Falls,Diyaluma Falls,Diyatha Uyana,Dondra Head Lighthouse,Dunhinda Falls,Dutch Hospital Shopping Precinct,Elephant Pass,Elephant Transit Home (ETH),Ella Rock,Embekka Devalaya,Fort Frederick,Gal Oya National Park,Gal Vihara,Galle Dutch Fort,Galle Face Green,Galle Face Hotel,Galle Fort Lighthouse,Galway's Land National Park,Gangaramaya Temple,Gartmore Falls,Goyambokka Beach,Gregory Lake,Hakgala Botanic Gardens,Handunugoda Tea Estate,Henerathgoda Botanical Garden,Hikkaduwa Beach,Hiriketiya Beach,Horton Plains National Park,Hummanaya Blow Hole,Hurulu Eco Park,Independence Memorial Hall,Isurumuniya Temple,Jaffna Fort,Jaffna Public Library,Jami Ul-Alfar Mosque,Japanese Peace Pagoda - Rumassala,Jaya Sri Maha Bodhi,Jungle Beach,Kabalana Beach,Kalametiya Eco Bird Watching,Kalutara Bodhiya,Kande Viharaya Temple,Kandy Lake,Kandy View Point,Kanniya Hot Springs,Kataragama Temple,Kaudulla National Park,Keerimalai Hot springs,Kelaniya Raja Maha Vihara,Kiri Vehera,Kirinda Viharaya,Knuckles Mountain Range,Koggala Lake,Kosgoda Sea Turtle Conservation Project,Kumana National Park,Laxapana Falls,Lipton’s Seat,Little Adam's Peak View Point,Lovamahapaya Brazen Palace,Lover's Leap Falls,Lunugamvehera National Park,Madu River Safari by Buddhi,Maduru Oya National Park,Maha Saman Dewalaya,Maligawila Buddha Statue,Marble Beach,Matara Paravi Duwa Temple,Mihintale,Minneriya National Park,Mirissa Beach,Moon Plains,Moonstone or Sandakada pahana,Mount Lavinia Beach,Mulgirigala Raja Maha Vihara,Muthurajawela Marsh,Nagadipa Purana Vihara,Nalanda Gedige,Nallur Kandaswamy Kovil Festival,Negombo Beach,Negombo Fish Market,Nilavarai Bottomless Well,Nilaveli Beach,Nine Arches Bridge,Old Parliament Building,Pasikudah Beach,Pedro Tea Factory,Pettah Floating Market,Pidurangala Rock,Pidurutalagala,Pinnawala Elephant Orphanage,Pitawala Pathana,Polhena Beach,Polonnaruwa Vatadage,Popham's Arboretum,Rankoth Vehera,Ravana Ella Falls,Richmond Castle,Ridee Viharaya (silver Temple),Ritigala Forest Monastery,Royal Botanical Gardens,Ruwanweli Maha Seya,Samadhi Statue,Samudra Parakrama,Sea Turtle Conservation Project (Koggala),Sea Turtle Farm Galle Mahamodara,Seema Malakaya Temple,Seenigama Muhudu Viharaya,Seruwila Mangala Raja Maha Vihara,Sigiriya Lion Rock,Single Tree Hill,Sinharaja Forest Reserve,Sithulpawwa Rock Temple,Somawathiya Chaitya,Sri Pada / Adam's Peak,St Benedict's Monastery - Adisham,St Clair's Falls,St Lucia's Cathedral,St. Mary's Church,Statue of Parakramabahu I,Temple of the Sacred Tooth Relic,Trincomalee Beach,Trincomalee War Cemetery,Turtle Conservation Project Turtle Watch,Twin Baths (Kuttam Pokuna),Udawalawe National Park,Unawatuna Beach,Uppuveli Beach,Victoria Park of Nuwara Eliya,Viharamahadevi Park,Visit Kanneliya Rain Forest,Wasgamuwa National Park,Weherahena Buddhist Temple,Weligama Beach,Wewurukannala Vihara,Whale Watching in Mirissa,Wilpattu National Park,Wolvendaal Church,Yala National Park,Yapahuwa Rock Fortress
Aberdeen Falls,0.0,448.74,92.81,68.53,348.99,218.38,416.08,115.71,102.32,116.46,444.73,186.0,227.64,155.46,61.99,211.91,198.47,905.7,108.69,317.55,201.06,200.51,443.85,289.31,198.09,176.08,40.03,178.67,184.78,324.3,176.64,302.96,810.94,191.29,174.36,87.24,562.69,318.79,356.42,302.96,205.41,204.94,303.66,86.36,201.73,56.29,307.95,86.68,99.56,297.11,167.94,285.11,316.54,103.78,314.14,358.95,198.54,437.4,867.32,867.09,202.99,304.67,440.4,312.54,309.02,302.4,203.85,221.85,116.23,116.21,564.69,314.68,406.95,913.56,182.1,355.5,347.94,183.15,302.23,240.28,377.76,15.49,168.81,177.13,439.37,89.04,263.81,256.93,267.36,92.4,274.46,539.19,314.64,443.49,352.97,316.39,95.19,429.86,202.01,269.72,201.51,868.11,231.3,869.98,226.11,224.89,891.9,590.96,176.21,205.82,452.12,91.91,202.07,330.19,86.42,116.42,204.69,318.43,350.72,292.07,354.04,175.97,197.38,185.08,375.32,105.58,442.09,445.76,332.61,306.04,300.13,201.64,280.65,514.86,327.19,81.45,172.14,344.74,423.39,39.0,144.96,46.03,199.35,200.57,346.61,117.0,568.76,569.25,304.11,429.24,182.57,306.47,565.59,82.99,200.27,225.64,281.42,313.93,309.0,322.48,328.67,495.84,200.74,335.68,279.6
Abhayagiri Dagaba,448.74,0.0,478.11,383.38,162.99,281.65,333.89,346.71,511.5,520.31,232.54,342.81,436.43,467.91,345.56,428.55,400.17,236.89,354.56,535.65,338.82,342.06,2.49,126.02,352.17,506.76,452.46,552.09,341.81,541.11,474.13,517.54,184.76,437.85,519.0,366.66,138.52,254.08,159.56,517.54,340.31,341.17,518.05,457.84,341.1,503.46,526.8,461.61,473.01,519.08,293.73,496.59,534.58,508.14,532.27,77.74,342.89,5.89,215.62,215.43,336.96,519.67,4.24,531.17,527.17,516.08,404.12,431.87,348.64,348.15,128.51,351.03,88.05,238.6,329.37,160.16,376.27,315.99,521.7,451.59,345.5,464.14,536.31,517.44,4.84,455.19,328.75,468.31,242.11,372.21,303.77,131.11,534.25,18.65,91.82,534.75,464.87,9.85,357.18,500.53,297.5,221.76,163.81,216.57,276.33,283.43,226.73,136.76,514.07,339.19,197.92,458.04,337.9,119.73,446.81,235.71,197.19,536.85,161.78,127.94,160.74,516.09,400.2,184.92,56.8,351.75,3.37,1.61,162.15,524.19,514.89,341.19,492.36,146.42,121.02,458.98,434.37,359.14,129.0,487.56,529.93,456.75,334.17,334.89,163.36,347.46,136.04,135.22,521.49,10.06,423.17,521.28,136.03,456.96,341.1,467.67,178.81,533.87,528.93,538.62,543.75,61.24,335.67,338.02,123.42
Ambewela Farms,92.81,478.11,0.0,112.18,332.38,309.36,323.64,133.07,35.01,42.19,380.14,276.88,291.49,70.67,136.99,275.36,112.2,942.69,125.55,320.16,292.78,291.9,473.34,303.19,288.13,83.76,53.85,91.11,275.74,315.36,90.86,329.4,833.31,150.13,81.6,121.78,545.21,236.85,340.56,329.4,297.11,296.55,330.02,20.27,293.25,83.68,281.42,16.52,10.63,310.76,260.19,325.29,297.26,30.58,291.84,363.17,289.8,467.44,901.59,901.24,294.9,329.21,469.93,320.42,322.69,259.86,279.39,286.71,130.54,131.12,551.57,234.26,401.81,946.8,274.26,339.49,274.65,171.81,318.41,298.09,285.92,92.08,78.79,84.34,469.26,23.12,184.09,308.68,223.5,147.54,182.4,522.17,311.27,465.94,350.29,319.65,15.11,458.76,291.43,246.26,293.85,909.47,245.42,903.51,316.5,316.03,923.21,577.78,83.46,297.62,401.38,20.83,293.89,334.29,31.35,178.41,203.38,315.81,334.46,303.32,337.91,83.16,273.34,220.54,388.46,131.12,471.62,474.99,317.87,322.46,327.94,293.16,322.54,489.45,331.35,19.95,182.7,261.09,400.11,88.52,59.12,47.23,291.41,292.61,330.04,131.74,552.99,553.89,270.28,459.58,126.47,330.21,549.45,21.45,291.77,249.43,266.72,306.88,316.03,302.27,328.39,543.47,292.71,245.66,324.6
Ambuluwawa Tower,68.53,383.38,112.18,0.0,283.2,216.96,412.65,48.9,138.51,150.6,399.51,216.71,287.94,148.22,126.09,272.81,223.76,843.6,42.94,385.22,227.38,228.36,378.51,220.89,230.91,180.69,70.93,202.5,215.23,390.34,167.4,371.29,744.64,245.94,184.8,18.84,495.94,294.04,290.4,371.29,231.69,231.69,372.0,94.74,228.94,120.47,369.71,97.59,112.56,365.55,176.23,351.94,380.31,137.04,377.14,290.44,227.1,372.19,804.24,803.96,228.15,373.09,375.06,380.68,377.49,358.46,257.46,281.79,50.34,50.1,497.23,346.37,338.94,850.2,207.06,289.52,386.42,120.19,370.74,302.94,388.5,83.81,188.98,186.02,374.12,94.44,296.27,321.36,214.11,160.01,285.9,472.41,381.54,376.56,284.89,384.13,104.7,364.33,236.34,331.93,208.67,807.66,162.77,806.66,221.91,223.82,827.91,523.46,183.92,231.54,397.89,98.14,227.81,261.71,86.83,66.39,137.91,385.46,284.85,223.56,288.11,184.63,250.86,119.27,307.03,37.56,376.76,380.36,266.59,374.57,368.38,228.94,347.21,450.04,258.73,92.81,239.59,372.54,358.59,105.75,171.28,76.33,223.82,225.19,280.84,50.85,501.69,502.11,363.47,364.07,230.23,374.91,498.6,92.19,227.74,294.19,216.09,380.25,377.06,386.08,396.06,437.59,225.69,352.63,218.91
Ancient City of Polonnaruwa,348.99,162.99,332.38,283.2,0.0,298.02,301.0,234.34,367.09,370.65,160.47,332.4,399.09,293.27,286.37,388.74,276.9,468.99,240.79,455.82,335.04,337.06,160.84,79.53,342.98,326.94,332.06,379.8,331.29,453.42,291.02,454.75,372.33,335.67,341.68,264.71,150.15,192.24,5.85,454.75,337.6,338.04,455.25,314.46,336.84,390.75,427.95,318.04,323.66,446.58,289.0,443.87,440.18,362.01,435.96,57.07,336.93,159.31,436.59,436.17,334.43,455.52,159.3,454.96,455.02,407.75,375.08,394.71,233.25,233.38,153.5,349.56,55.35,465.28,321.65,5.06,386.93,166.71,451.19,410.16,324.88,363.04,364.76,338.7,159.82,310.63,324.3,423.19,92.2,308.93,277.51,133.78,450.3,141.16,37.34,455.35,317.29,152.49,347.65,404.34,304.51,455.12,98.1,436.65,296.58,301.91,446.24,171.89,335.23,336.98,121.72,312.0,334.75,52.99,304.01,194.73,101.85,453.42,1.61,73.52,3.95,337.63,370.52,142.71,85.98,245.87,160.11,161.09,11.89,453.97,453.06,336.87,440.75,117.18,53.19,317.94,356.1,355.63,53.7,381.06,368.1,333.17,331.19,332.13,1.68,232.61,155.01,155.52,418.29,156.33,315.44,456.57,152.64,315.21,336.33,399.28,47.37,447.44,452.07,443.52,462.03,242.47,332.73,320.94,153.48
Angurukaramulla Temple,218.38,281.65,309.36,216.96,298.02,0.0,439.29,243.62,320.25,334.44,418.33,71.31,174.58,362.19,144.06,170.47,291.72,562.23,243.73,310.32,62.23,65.89,278.66,224.44,77.73,389.91,255.56,397.05,70.67,326.61,382.39,272.42,523.71,272.13,390.43,222.79,427.62,357.03,301.12,272.42,62.72,63.76,272.9,298.5,64.52,258.6,333.07,299.96,314.42,286.0,37.66,242.7,331.94,322.05,333.23,273.65,67.35,273.94,541.04,541.05,59.72,275.94,276.6,301.38,292.49,341.94,139.05,170.49,247.63,246.84,422.16,371.19,314.34,573.93,58.58,300.84,391.05,304.71,285.63,191.73,416.7,224.38,386.96,392.72,275.35,299.96,335.79,209.99,285.65,163.72,344.24,412.06,315.15,290.82,280.73,308.93,308.44,271.68,82.26,307.4,20.55,529.38,200.42,544.03,7.75,4.8,562.58,438.93,391.35,61.41,404.99,303.47,60.96,258.83,294.51,118.22,210.32,316.55,298.53,229.67,300.18,391.46,136.45,156.75,268.47,232.48,277.58,280.2,286.59,287.42,268.98,64.64,237.81,409.35,257.2,294.51,227.62,393.12,350.13,241.31,363.34,262.26,57.72,58.16,296.64,247.14,428.79,428.49,336.6,268.73,273.23,277.98,427.37,295.24,64.92,237.78,259.91,318.56,300.42,336.42,319.98,275.31,58.93,387.81,166.78
Arugam Bay,416.08,333.89,323.64,412.65,301.0,439.29,0.0,400.24,325.52,312.96,140.03,420.12,411.94,265.37,319.6,401.35,168.04,559.3,396.77,358.81,431.44,430.76,331.97,340.68,427.65,240.0,376.29,252.11,419.34,338.66,245.42,395.99,484.67,240.12,243.02,411.15,292.63,79.81,305.77,395.99,434.46,434.06,396.24,330.77,431.73,397.61,294.57,329.89,316.54,369.52,406.92,409.78,313.52,321.41,306.04,256.87,429.24,330.16,535.39,535.06,432.96,393.53,330.59,366.61,375.78,256.92,412.96,409.71,396.0,396.88,302.6,107.69,257.76,555.53,418.52,305.02,128.4,373.44,376.89,410.91,45.0,415.52,255.39,239.74,330.75,328.8,115.72,411.81,217.41,319.2,78.35,284.28,345.56,319.95,243.51,359.52,321.32,325.09,429.68,287.52,430.49,549.88,315.89,535.22,443.4,444.06,541.25,313.23,240.3,434.85,178.58,325.48,432.24,339.42,333.54,330.81,281.43,348.85,302.48,336.8,304.15,240.81,409.26,329.61,277.29,407.68,331.3,332.38,298.89,379.33,396.9,431.67,410.02,257.18,338.18,335.27,306.52,95.33,229.48,408.3,281.94,370.07,430.53,431.37,300.17,396.92,298.73,299.77,277.2,327.22,218.94,393.07,296.67,334.14,430.69,350.16,280.89,337.81,363.18,313.94,358.5,385.66,431.43,67.76,394.68
Bahiravokanda Vihara Buddha Statue,115.71,346.71,133.07,48.9,234.34,243.62,400.24,0.0,165.28,174.99,359.21,258.28,336.66,145.39,174.81,321.6,237.36,810.3,7.89,428.96,267.02,268.59,341.87,177.17,272.94,182.96,107.59,216.3,256.74,431.76,160.84,418.54,705.26,278.79,190.8,30.73,447.34,269.04,241.56,418.54,271.2,271.39,419.25,112.97,268.91,163.46,406.71,116.64,129.56,411.04,209.96,400.37,419.27,162.28,415.31,244.41,267.64,335.83,769.71,769.39,267.32,420.13,338.46,425.31,423.04,390.66,305.19,330.49,4.26,3.39,449.01,360.36,291.3,815.21,246.71,240.69,404.68,72.32,416.66,351.81,386.61,130.46,201.26,190.89,337.69,110.91,312.06,370.22,170.87,207.99,287.16,423.81,424.09,336.88,237.39,427.99,121.2,327.43,278.79,369.69,240.32,776.53,118.41,771.79,246.73,250.39,792.09,475.26,188.12,270.84,352.59,114.15,267.21,215.44,102.39,75.77,89.19,428.19,235.99,178.97,239.25,189.43,298.61,87.81,263.66,12.75,340.16,343.61,217.76,420.54,415.78,268.93,395.74,401.16,212.44,113.38,283.52,383.21,309.71,150.75,189.0,111.09,262.82,264.21,231.96,3.54,453.21,453.69,398.4,327.86,258.6,421.86,450.09,111.64,267.84,340.65,167.19,422.01,421.56,424.8,439.29,410.74,264.81,355.93,192.32
Baker's Falls,102.32,511.5,35.01,138.51,367.09,320.25,325.52,165.28,0.0,14.16,405.73,276.69,273.51,93.56,131.34,257.55,96.64,975.56,157.54,286.56,293.87,292.37,506.7,337.56,286.61,92.42,70.56,77.81,275.7,280.76,110.87,299.59,867.66,115.33,84.39,150.64,579.54,254.81,375.3,299.59,298.07,297.34,300.19,54.6,293.94,72.09,246.43,50.81,43.46,278.74,268.86,298.84,262.26,5.91,256.82,398.1,290.06,500.72,934.8,934.46,296.4,299.01,503.29,287.49,290.59,225.88,267.09,269.23,163.05,163.59,586.2,213.04,436.8,980.16,276.51,374.21,249.28,206.81,286.76,277.65,278.85,96.19,70.65,88.37,502.56,57.88,162.17,285.94,255.96,132.64,176.94,556.59,277.11,499.99,385.31,286.14,49.97,492.17,289.09,211.24,302.08,941.68,279.51,936.81,328.22,326.7,956.76,612.36,88.89,298.82,431.08,55.82,295.2,369.19,65.74,203.23,238.2,281.7,369.17,337.86,372.64,87.64,261.41,251.85,423.04,162.02,504.99,508.37,352.69,290.81,298.46,293.85,296.59,523.16,366.26,52.71,152.31,242.51,434.21,83.85,44.59,64.03,293.29,294.41,364.76,164.25,587.44,588.36,235.54,492.81,93.36,299.85,583.89,54.94,292.41,220.16,301.65,272.44,283.03,267.26,294.45,574.18,294.36,234.77,355.11
Bambarakanda Falls,116.46,520.31,42.19,150.6,370.65,334.44,312.96,174.99,14.16,0.0,400.95,290.25,283.09,89.79,144.51,267.24,82.5,984.84,167.38,286.09,307.56,305.98,515.51,345.15,299.98,83.19,83.94,63.9,289.26,278.34,105.3,303.0,875.21,109.35,73.63,161.96,582.13,246.96,378.9,303.0,311.72,310.99,303.6,62.46,307.59,84.92,241.18,58.69,48.28,280.24,283.03,304.5,258.17,13.63,252.24,404.25,303.64,509.61,943.78,943.41,310.11,302.12,512.12,287.91,291.96,217.91,278.4,279.0,172.54,173.12,589.39,199.26,441.58,988.99,290.34,377.81,236.29,212.74,288.6,286.26,265.05,110.34,57.62,77.85,511.44,65.19,148.41,293.55,256.39,143.89,163.48,559.29,275.7,508.03,390.64,285.77,55.93,500.96,302.36,206.98,316.22,951.49,287.51,945.69,342.39,340.86,965.38,615.49,78.77,312.49,428.85,62.53,308.89,375.47,73.5,215.85,244.86,280.37,372.75,345.15,376.22,77.27,272.85,262.16,430.18,172.46,513.81,517.18,356.59,292.65,302.12,307.48,302.55,524.7,372.54,61.61,155.94,228.47,436.44,97.52,31.18,77.29,307.05,308.14,368.34,173.74,590.25,591.24,229.07,501.75,84.32,302.81,586.65,63.45,306.04,224.23,305.96,270.43,283.33,262.95,293.4,584.91,308.1,220.69,365.89
Batticaloa Fort,444.73,232.54,380.14,399.51,160.47,418.33,140.03,359.21,405.73,400.95,0.0,431.26,467.93,312.19,353.35,456.65,263.83,436.25,361.39,474.36,438.1,439.03,231.28,232.0,441.29,323.08,411.06,372.19,430.22,462.65,295.67,492.56,355.54,342.65,337.16,386.34,156.73,87.0,162.51,492.56,441.06,441.15,492.96,371.64,439.35,461.79,425.53,373.67,369.51,474.65,398.1,493.14,442.24,399.81,436.0,157.85,438.27,230.63,411.6,411.21,438.4,491.75,230.36,477.87,482.55,394.37,454.01,464.24,355.78,356.42,168.11,219.92,145.3,429.85,423.85,162.06,246.84,293.01,480.96,473.98,175.12,453.56,362.81,332.66,230.87,367.65,212.45,482.1,132.77,367.27,166.96,150.0,464.49,215.18,143.63,474.47,367.84,225.84,445.1,408.53,418.56,431.03,230.59,410.89,419.19,422.88,414.95,177.34,330.17,440.85,41.38,366.58,438.29,212.59,365.83,300.93,209.91,467.91,161.34,226.22,161.73,332.46,449.47,266.96,178.48,371.64,230.86,231.29,165.59,483.75,492.04,439.35,491.44,121.71,212.42,376.91,389.79,215.89,106.95,461.34,381.06,408.21,435.28,436.26,160.62,355.93,163.08,164.24,411.02,228.92,318.45,492.12,161.06,374.27,438.56,437.64,171.68,458.9,474.5,444.3,477.65,292.11,436.67,185.27,304.38
Beddegana Wetland Park,186.0,342.81,276.88,216.71,332.4,71.31,420.12,258.28,276.69,290.25,431.26,0.0,55.08,341.44,54.65,53.04,259.83,632.48,255.26,129.35,13.71,11.41,339.63,267.05,10.57,360.64,225.94,354.0,1.12,139.06,362.59,107.67,590.01,223.26,357.17,229.93,472.31,352.22,336.42,107.67,16.04,15.24,107.93,272.34,12.83,206.06,272.02,272.51,284.68,115.84,49.11,91.49,268.68,280.11,270.81,318.47,9.54,334.85,610.65,610.65,16.38,109.63,337.44,124.22,119.09,285.73,36.13,52.91,261.36,260.81,469.1,331.12,358.11,643.58,13.61,335.99,345.57,329.04,115.36,64.23,388.54,184.82,347.25,360.41,336.29,275.04,296.98,73.98,300.33,60.21,317.55,456.19,132.56,348.93,321.92,128.58,280.93,331.78,15.36,247.59,50.94,600.09,235.23,613.53,78.92,72.59,631.74,486.63,359.89,17.0,427.15,277.91,15.06,301.2,272.16,138.06,234.72,133.16,333.19,271.42,335.18,359.36,65.19,190.84,318.52,245.59,338.49,341.16,320.55,116.23,105.81,12.74,88.86,448.26,299.34,267.34,89.97,354.69,386.01,192.84,321.28,231.62,16.07,16.27,330.87,261.36,474.54,474.45,277.71,329.37,229.6,110.74,472.83,268.97,11.75,91.2,289.11,134.78,123.84,273.13,134.57,344.08,15.78,356.44,222.0
Bentota Beach,227.64,436.43,291.49,287.94,399.09,174.58,411.94,336.66,273.51,283.09,467.93,55.08,0.0,362.08,61.86,11.31,243.92,734.4,330.86,79.81,60.58,58.62,433.12,345.25,52.18,365.85,257.76,337.86,55.42,91.97,381.73,54.05,687.47,180.02,356.66,305.98,546.38,369.23,403.92,54.05,60.79,60.19,54.28,297.36,59.46,207.94,195.34,295.63,301.84,65.14,147.72,36.69,186.74,278.94,190.86,396.68,57.7,428.35,711.86,711.83,62.08,56.24,430.83,73.77,67.58,219.42,35.57,4.59,338.25,338.01,545.76,293.69,433.9,744.79,61.98,403.35,297.1,407.89,63.74,17.28,367.81,216.56,337.67,360.92,429.79,301.26,264.68,35.55,346.44,53.84,304.26,529.94,84.69,439.54,396.27,78.95,302.16,424.56,50.13,175.83,154.16,702.58,308.02,714.58,182.19,175.8,732.39,563.9,361.84,61.52,475.69,302.61,61.34,377.62,302.68,210.2,297.27,84.83,400.17,348.62,402.39,360.34,38.23,266.96,401.94,324.66,431.94,434.62,387.33,64.33,52.08,59.39,63.81,516.18,375.6,292.03,59.4,318.56,452.27,207.13,311.89,260.31,62.78,62.66,397.44,338.76,549.78,549.94,205.84,422.7,196.28,57.4,547.77,294.6,59.12,46.42,352.5,87.91,73.82,190.88,85.01,444.88,62.26,332.43,313.25
Bogoda Wooden Bridge,155.46,467.91,70.67,148.22,293.27,362.19,265.37,145.39,93.56,89.79,312.19,341.44,362.08,0.0,206.25,345.94,104.87,932.7,140.01,374.44,356.19,355.8,463.33,288.13,353.55,39.3,115.69,87.13,340.2,364.14,21.17,392.59,812.72,191.12,51.17,149.19,500.23,166.35,301.63,392.59,360.56,360.15,393.19,69.43,356.96,154.35,321.28,69.77,60.56,369.88,316.65,392.31,340.93,87.64,333.9,337.78,353.89,458.01,889.69,889.26,357.96,391.82,460.05,377.01,381.56,289.46,349.65,357.34,141.51,142.35,509.34,222.19,368.21,933.79,336.9,300.49,271.2,151.95,378.32,368.25,242.08,158.4,71.72,49.52,459.69,66.49,177.94,378.04,170.98,218.21,141.77,477.86,363.02,450.75,320.38,374.23,61.86,448.71,357.34,289.93,350.21,903.28,235.11,891.02,368.06,369.02,908.83,535.11,46.2,360.9,339.21,63.79,357.13,310.11,69.54,211.2,186.24,367.78,295.48,286.26,298.89,48.17,343.56,229.05,368.66,149.7,461.7,464.74,280.74,382.37,391.61,356.89,389.98,440.34,307.37,74.61,245.38,241.26,354.17,158.38,76.91,110.4,354.17,355.44,291.06,142.63,509.01,510.15,305.76,450.62,159.58,392.53,505.31,72.75,355.54,313.5,232.69,356.94,372.36,345.17,381.11,546.64,355.65,210.6,332.34
Bopath Ella (Bopath Falls),61.99,345.56,136.99,126.09,286.37,144.06,319.6,174.81,131.34,144.51,353.35,54.65,61.86,206.25,0.0,55.98,157.4,660.38,168.3,101.94,61.35,60.62,342.15,240.12,58.08,219.28,94.09,207.96,54.31,106.66,227.1,92.65,599.59,128.08,214.01,144.81,435.42,260.64,291.45,92.65,62.86,62.54,92.92,137.68,61.26,59.79,196.35,136.76,146.23,92.54,106.41,84.4,198.96,135.21,198.65,290.13,59.7,337.51,634.7,634.56,62.42,93.54,339.77,99.14,96.86,200.04,53.97,59.72,175.84,175.71,436.2,230.29,325.09,667.33,55.39,290.83,247.69,244.22,93.97,66.61,286.19,51.28,201.96,217.59,338.93,141.19,195.57,73.05,230.46,26.79,215.56,418.95,102.05,344.11,287.25,101.4,144.43,332.69,58.93,169.66,127.83,632.34,200.43,636.81,150.8,148.02,652.94,454.53,217.48,63.2,359.73,143.25,61.9,270.28,140.98,109.88,184.77,103.26,287.52,242.59,289.83,216.64,51.62,163.98,299.5,163.63,340.94,343.54,274.77,95.31,91.42,61.22,82.59,402.9,268.2,132.32,49.56,253.35,338.85,48.71,175.67,97.76,61.4,61.78,284.7,176.49,439.41,439.69,197.08,331.77,130.06,94.32,437.25,134.55,60.68,65.14,239.22,102.54,98.02,203.34,106.51,370.88,61.71,254.0,223.84
Brief Garden - Bevis Bawa,211.91,428.55,275.36,272.81,388.74,170.47,401.35,321.6,257.55,267.24,456.65,53.04,11.31,345.94,55.98,0.0,233.31,728.59,315.71,78.9,59.0,57.07,425.23,335.77,50.69,349.91,241.74,322.41,53.34,90.44,365.64,54.8,680.16,170.67,340.82,290.96,536.33,357.98,393.62,54.8,59.37,58.77,55.05,281.23,57.94,191.79,190.19,279.49,285.71,64.54,141.97,38.55,182.52,262.95,186.27,387.09,56.1,420.46,705.71,705.66,60.53,56.85,422.93,73.14,67.3,212.81,33.24,8.36,323.14,322.91,535.9,284.49,424.1,738.63,59.69,393.03,288.84,392.66,63.5,23.02,357.73,200.68,322.03,345.09,421.9,285.13,255.01,40.4,335.39,47.81,293.7,519.88,83.32,431.21,386.4,78.07,286.03,416.56,48.85,169.71,149.95,697.14,298.23,708.38,178.17,171.97,726.01,554.07,345.96,60.09,464.61,286.48,59.78,367.94,286.56,200.79,286.91,83.59,389.83,339.03,392.07,344.49,34.64,257.54,392.82,309.69,424.05,426.74,377.0,64.21,52.9,57.86,67.42,505.79,365.91,275.89,54.66,309.33,441.82,191.04,296.16,244.22,61.07,61.0,387.09,323.66,539.82,540.0,199.95,414.81,186.34,57.98,537.78,278.44,57.54,43.77,342.06,86.3,73.04,186.75,84.14,438.71,60.62,322.45,305.23
Buduruwagala Temple,198.47,400.17,112.2,223.76,276.9,291.72,168.04,237.36,96.64,82.5,263.83,259.83,243.92,104.87,157.4,233.31,0.0,725.76,230.57,211.74,272.22,270.98,396.92,274.6,266.2,68.64,163.46,21.3,259.19,198.85,104.55,237.47,642.3,80.73,54.17,231.58,418.63,146.37,282.75,237.47,275.1,274.55,237.79,129.09,272.15,165.13,162.51,126.17,111.26,215.25,255.85,246.21,178.65,94.69,172.64,309.79,269.28,393.12,695.85,695.55,274.1,235.8,394.6,216.41,222.66,134.75,245.73,241.67,234.06,234.79,426.12,86.28,330.23,726.83,260.44,281.94,117.78,255.96,222.1,243.25,128.9,192.84,36.13,56.89,394.31,129.73,52.45,245.08,187.95,152.9,60.47,403.35,201.15,388.68,297.35,211.98,119.27,386.67,267.6,144.69,279.1,704.61,236.61,696.84,297.19,296.25,709.46,443.93,60.39,275.69,293.53,126.09,273.19,290.48,137.83,203.11,203.1,204.58,278.48,273.5,280.83,58.01,242.19,227.31,331.41,238.09,395.77,397.95,268.65,224.8,237.72,272.07,245.85,374.87,288.57,131.01,140.79,104.23,316.77,179.29,53.89,156.64,272.04,272.79,275.4,235.29,425.21,426.09,149.11,387.85,56.61,235.75,422.52,131.57,271.05,186.82,235.78,195.27,212.95,180.89,214.4,452.49,272.73,96.89,300.48
Casuarina Beach,905.7,236.89,942.69,843.6,468.99,562.23,559.3,810.3,975.56,984.84,436.25,632.48,734.4,932.7,660.38,728.59,725.76,0.0,818.06,851.36,624.44,628.1,239.28,451.2,639.79,971.31,913.99,1017.32,631.68,859.74,938.01,825.76,90.21,761.94,983.85,828.0,286.18,480.82,463.94,825.76,624.93,626.0,826.27,922.39,626.73,961.67,849.12,926.14,937.91,832.02,586.71,800.19,855.55,972.43,853.85,306.61,629.48,242.15,24.94,25.4,621.93,828.54,240.98,845.42,839.7,840.52,699.45,730.05,812.51,811.97,272.93,587.27,301.61,20.8,619.05,464.7,612.86,780.88,833.64,751.04,576.91,920.79,1001.57,982.14,241.25,919.89,565.42,768.96,558.52,687.09,538.51,289.55,851.64,245.66,318.48,850.29,929.7,246.73,644.42,822.51,581.92,30.02,489.54,26.52,555.06,562.0,31.69,267.65,978.77,623.61,395.37,922.8,623.19,438.96,911.44,552.97,522.66,853.96,467.46,452.56,465.63,980.83,696.3,507.49,288.37,814.33,240.13,238.49,472.63,835.92,822.72,626.85,795.52,317.73,440.65,923.31,752.25,594.6,331.99,944.68,995.16,918.73,619.89,620.34,469.98,811.31,279.84,278.55,844.92,246.09,748.19,830.36,281.57,921.39,627.11,780.5,497.76,852.18,843.56,859.74,860.04,211.3,621.13,571.95,438.29
Ceylon Tea Museum,108.69,354.56,125.55,42.94,240.79,243.73,396.77,7.89,157.54,167.38,361.39,255.26,330.86,140.01,168.3,315.71,230.57,818.06,0.0,421.26,264.49,265.93,349.74,184.99,269.81,177.15,99.75,209.46,253.71,423.94,156.02,411.34,713.16,270.94,184.63,25.8,454.11,267.58,248.08,411.34,268.71,268.84,412.05,105.51,266.31,155.81,398.83,109.14,122.23,403.54,208.61,393.6,411.39,154.61,407.4,252.0,264.88,343.67,777.54,777.19,264.9,412.89,346.31,417.71,415.54,382.84,300.11,324.73,7.54,7.52,456.0,353.68,298.54,823.03,244.14,247.2,397.65,77.31,409.2,345.71,381.66,123.28,194.53,184.82,345.54,103.54,305.19,363.86,173.83,201.04,281.72,430.59,416.34,344.76,244.69,420.3,113.87,335.27,275.55,361.78,239.46,784.2,126.21,779.61,247.18,250.54,799.93,482.27,182.12,268.39,356.42,106.82,264.73,223.01,94.99,77.23,96.0,420.41,242.46,186.73,245.76,183.36,293.51,95.12,271.48,11.36,348.0,351.47,224.27,413.08,408.62,266.31,389.01,407.38,220.01,105.79,275.87,376.84,315.9,143.29,181.8,103.2,260.42,261.81,238.41,8.31,460.07,460.56,390.54,335.68,250.91,414.6,456.94,104.1,265.2,333.3,173.46,414.21,413.91,416.91,431.57,418.09,262.39,350.31,199.5
Coconut Tree Hill,317.55,535.65,320.16,385.22,455.82,310.32,358.81,428.96,286.56,286.09,474.36,129.35,79.81,374.44,101.94,78.9,211.74,851.36,421.26,0.0,136.08,134.26,532.23,423.97,128.15,355.63,322.37,305.51,129.51,27.84,386.64,57.8,789.56,131.75,341.01,403.37,605.43,358.08,461.44,57.8,136.73,136.14,57.64,337.07,135.14,265.54,70.08,333.58,329.68,28.07,276.47,48.78,52.53,292.11,59.82,471.15,133.22,527.65,825.81,825.69,137.62,53.19,529.83,12.81,26.65,107.81,96.46,81.05,428.42,428.61,609.28,214.02,501.97,858.46,135.06,460.72,199.09,486.32,32.92,71.66,301.6,302.08,315.11,345.47,529.05,341.01,200.19,63.74,379.62,87.66,260.02,589.23,14.82,532.68,464.82,1.67,335.19,522.58,126.69,71.3,290.07,822.84,382.96,827.94,318.05,312.71,844.04,627.67,348.13,137.42,499.08,339.92,136.86,450.81,347.29,300.23,359.9,12.59,457.22,425.49,459.63,345.75,96.77,351.74,484.44,420.66,531.01,533.6,445.25,33.29,61.09,135.08,50.93,566.72,448.71,333.36,54.38,236.35,504.13,279.49,299.23,320.08,137.85,137.87,454.15,429.39,610.7,611.26,87.34,521.91,156.0,51.33,608.26,336.11,134.68,38.83,409.08,23.67,11.47,54.76,9.82,561.43,137.54,266.55,414.81
Colombo Lotus Tower,201.06,338.82,292.78,227.38,335.04,62.23,431.44,267.02,293.87,307.56,438.1,13.71,60.58,356.19,61.35,59.0,272.22,624.44,264.49,136.08,0.0,3.71,335.7,267.67,15.76,376.54,241.09,371.4,13.92,146.0,377.31,113.78,584.26,236.82,373.54,239.57,472.98,361.6,338.88,113.78,3.06,3.06,114.03,287.4,2.31,223.8,285.56,287.74,300.3,122.42,47.22,97.21,282.03,297.15,284.24,318.8,5.44,330.94,603.11,603.12,2.9,115.79,333.54,130.85,125.58,299.44,41.66,58.51,270.3,269.68,469.23,344.3,358.8,636.01,14.25,338.48,359.06,336.75,121.82,69.79,400.79,200.83,364.29,376.67,332.37,289.95,310.02,79.54,306.51,67.38,329.54,456.99,139.43,345.92,323.07,135.3,296.23,328.12,20.04,261.19,42.75,591.6,237.33,606.08,69.55,62.8,624.5,486.62,376.05,3.48,432.38,292.93,1.47,302.02,286.71,141.82,238.83,140.0,335.77,272.26,337.69,375.58,40.55,192.7,317.61,254.44,334.57,337.25,323.23,122.66,111.89,2.43,94.56,450.21,300.23,282.51,97.27,367.75,388.49,210.04,338.46,246.96,4.68,4.1,333.52,270.21,474.98,474.84,291.36,325.53,242.9,116.92,473.32,284.04,2.74,98.1,292.6,141.73,130.51,286.47,141.3,337.0,3.31,368.96,219.39
Colombo National Museum,200.51,342.06,291.9,228.36,337.06,65.89,430.76,268.59,292.37,305.98,439.03,11.41,58.62,355.8,60.62,57.07,270.98,628.1,265.93,134.26,3.71,0.0,338.94,270.12,12.07,375.66,240.51,369.79,11.88,144.25,376.93,111.86,587.73,234.63,372.45,240.88,475.44,361.69,340.95,111.86,4.82,3.87,112.11,286.86,1.67,221.98,282.57,287.14,299.53,120.57,49.91,95.25,278.91,295.71,281.17,321.31,2.03,334.17,606.72,606.74,6.48,113.88,336.77,129.01,123.7,296.76,39.7,56.56,271.82,271.22,471.79,342.52,361.25,639.63,15.52,340.53,356.97,338.64,119.95,67.83,399.63,199.86,362.85,375.62,335.59,289.48,308.34,77.58,307.63,66.29,328.52,459.42,137.66,349.02,325.41,133.47,295.59,331.32,16.36,258.31,46.34,595.27,239.46,609.67,73.23,66.49,628.1,489.21,375.06,6.0,433.79,292.41,5.08,304.44,286.37,143.52,240.48,138.21,337.81,274.67,339.75,374.55,38.62,194.86,320.37,255.99,337.81,340.47,325.25,120.78,109.97,1.53,92.61,452.4,302.62,281.94,95.81,366.06,390.56,208.52,336.96,246.3,8.22,7.75,335.55,271.76,477.48,477.36,288.51,328.75,241.0,115.0,475.81,283.5,0.99,96.35,294.42,139.98,128.68,283.35,139.49,340.59,6.97,367.65,222.41
Dagoba of Thuparama,443.85,2.49,473.34,378.51,160.84,278.66,331.97,341.87,506.7,515.51,231.28,339.63,433.12,463.33,342.15,425.23,396.92,239.28,349.74,532.23,335.7,338.94,0.0,122.86,349.0,502.2,447.6,547.41,338.62,537.69,469.63,514.15,187.23,434.47,514.39,361.8,138.99,252.16,157.5,514.15,337.2,338.06,514.67,453.04,337.96,498.58,523.39,456.81,468.24,515.67,290.55,493.23,531.18,503.34,528.87,76.04,339.75,3.48,218.04,217.85,333.84,516.28,1.76,527.75,523.75,512.71,400.86,428.56,343.82,343.33,129.15,348.72,87.05,241.05,326.2,158.09,373.93,311.38,518.29,448.27,343.41,459.26,531.66,512.85,2.43,450.41,326.4,464.99,239.4,368.79,301.55,131.4,530.83,18.39,90.19,531.33,460.11,7.45,354.03,497.13,294.42,224.06,160.53,219.0,273.36,280.44,229.19,137.59,509.51,336.07,196.91,453.26,334.78,117.06,442.03,232.3,193.97,533.43,159.65,124.85,158.66,511.5,396.93,181.5,55.04,346.91,0.89,1.12,159.82,520.79,511.51,338.07,489.01,146.29,118.34,454.18,430.95,356.87,128.11,482.68,525.19,451.89,331.05,331.78,161.2,342.64,136.61,135.81,518.1,7.6,419.81,517.89,136.56,452.16,337.98,464.27,176.05,530.45,525.53,535.2,540.33,61.95,332.55,335.83,120.07
Dambulla Cave Temple,289.31,126.02,303.19,220.89,79.53,224.44,340.68,177.17,337.56,345.15,232.0,267.05,345.25,288.13,240.12,335.77,274.6,451.2,184.99,423.97,267.67,270.12,122.86,0.0,277.5,326.87,284.74,373.03,265.94,426.26,294.11,413.62,371.08,316.94,339.28,202.48,205.32,231.9,80.98,413.62,269.99,270.56,414.12,283.09,269.67,340.18,407.78,286.91,297.13,410.49,220.59,397.62,417.15,333.69,414.17,51.69,270.28,119.33,421.26,420.96,266.67,415.1,120.62,421.03,418.85,394.14,317.4,340.71,178.16,177.86,202.23,356.67,91.12,452.34,255.15,80.92,391.51,136.33,414.06,358.27,351.52,304.67,357.26,337.61,120.44,280.09,326.25,373.16,124.47,265.47,292.12,189.3,420.84,114.38,56.28,423.26,289.24,112.67,282.39,382.17,233.33,430.94,41.14,422.29,222.15,227.99,435.22,219.99,334.24,269.2,199.73,282.62,267.19,34.48,271.95,135.06,71.52,423.67,79.53,6.05,80.57,336.28,313.0,78.34,60.54,185.01,121.74,123.81,70.11,416.73,411.42,269.73,393.94,184.94,32.79,284.87,322.05,367.89,127.52,326.44,352.29,288.02,263.49,264.39,78.56,177.09,207.5,207.42,401.06,114.33,300.58,416.44,205.78,282.62,269.31,360.33,63.39,419.44,418.49,420.97,431.35,189.75,265.06,339.57,74.19
Dehiwala Zoo - Sri Lanka,198.09,352.17,288.13,230.91,342.98,77.73,427.65,272.94,286.61,299.98,441.29,10.57,52.18,353.55,58.08,50.69,266.2,639.79,269.81,128.15,15.76,12.07,349.0,277.5,0.0,371.81,237.88,363.51,11.7,138.32,374.7,105.49,598.65,226.92,367.91,244.41,482.78,361.21,347.0,105.49,16.27,15.15,105.74,284.27,13.65,215.36,272.35,284.31,296.19,114.37,58.78,88.82,268.27,290.21,270.69,328.89,10.43,344.24,618.28,618.28,18.55,107.52,346.83,122.83,117.46,287.42,62.39,50.13,275.98,275.42,479.49,336.02,368.58,651.19,22.93,346.56,349.44,343.86,113.7,61.39,395.06,196.14,357.24,371.25,345.66,287.06,302.18,71.14,310.53,62.54,324.42,466.68,131.66,358.62,332.42,127.36,292.67,341.25,5.04,248.4,57.89,607.09,245.79,621.23,85.14,78.46,639.56,497.01,370.82,17.62,437.54,289.86,17.16,311.69,284.44,148.62,245.25,132.18,343.77,281.9,345.75,370.2,60.42,201.39,328.74,260.23,347.86,350.53,331.12,114.51,103.58,13.51,86.18,458.82,309.82,279.21,90.78,359.77,396.58,202.93,331.09,243.41,20.07,19.74,341.44,276.0,484.98,484.89,278.69,338.77,234.25,108.65,483.27,280.91,13.02,90.42,299.67,134.06,122.53,272.7,133.38,351.99,18.98,362.59,231.78
Demodara Loop,176.08,506.76,83.76,180.69,326.94,389.91,240.0,182.96,92.42,83.19,323.08,360.64,365.85,39.3,219.28,349.91,68.64,971.31,177.15,355.63,376.54,375.66,502.2,326.87,371.81,0.0,136.35,54.28,359.51,341.81,35.98,381.47,849.88,168.32,15.39,183.94,530.34,164.23,335.29,381.47,380.85,380.31,382.03,91.48,377.01,162.39,294.64,90.28,76.56,354.99,342.19,386.19,315.94,87.17,308.16,374.83,373.56,496.95,928.11,927.66,378.64,380.06,498.94,359.91,366.3,258.79,358.82,361.63,179.21,180.02,540.62,183.0,403.16,972.06,357.94,334.14,232.52,190.89,364.03,369.43,207.86,175.84,41.23,11.81,498.6,89.96,139.61,376.63,200.49,224.7,105.43,508.35,342.58,489.11,356.53,355.65,81.71,487.59,375.0,265.71,375.9,942.26,274.29,929.38,396.45,396.66,946.95,566.16,8.38,381.36,358.31,86.46,377.64,347.53,95.79,245.55,225.17,347.42,329.19,324.79,332.55,10.86,353.04,267.75,406.56,186.3,500.59,503.61,315.17,368.01,381.02,376.93,384.51,468.6,344.83,95.7,235.89,202.05,384.58,170.57,58.39,130.09,375.11,376.33,324.79,180.36,539.57,540.81,277.33,489.58,134.59,380.46,535.76,94.78,375.54,304.24,268.48,335.46,355.14,319.74,361.11,585.94,376.44,173.34,371.36
Devon Falls,40.03,452.46,53.85,70.93,332.06,255.56,376.29,107.59,70.56,83.94,411.06,225.94,257.76,115.69,94.09,241.74,163.46,913.99,99.75,322.37,241.09,240.51,447.6,284.74,237.88,136.35,0.0,142.93,224.72,324.21,136.84,317.87,812.4,175.05,135.3,86.01,546.56,280.05,339.86,317.87,245.44,244.97,318.56,46.39,241.74,58.69,300.11,46.65,59.81,306.47,206.4,305.72,311.89,70.41,308.19,350.81,238.54,441.39,874.31,874.01,243.02,318.79,444.17,319.56,318.51,287.57,238.63,252.34,106.61,106.89,550.33,283.05,395.14,920.12,222.13,338.87,319.82,165.51,312.73,267.99,339.75,43.59,131.81,137.87,443.29,49.2,232.29,282.21,239.38,115.54,236.23,523.16,316.86,444.0,341.81,321.47,55.16,433.29,241.65,262.69,240.06,878.42,225.96,876.62,262.78,262.2,897.54,576.66,136.8,245.85,423.04,51.96,242.1,321.73,47.44,133.41,191.89,321.0,333.94,286.35,337.35,136.67,232.29,189.06,371.21,100.93,445.86,449.4,316.29,316.69,315.62,241.67,301.95,495.41,318.73,41.42,177.64,311.59,404.36,51.64,109.56,6.81,239.36,240.6,329.68,107.66,553.33,553.99,293.06,433.33,159.9,320.25,550.01,43.03,240.3,238.37,264.54,314.55,315.64,317.51,332.36,508.5,240.77,298.97,289.82
Diyaluma Falls,178.67,552.09,91.11,202.5,379.8,397.05,252.11,216.3,77.81,63.9,372.19,354.0,337.86,87.13,207.96,322.41,21.3,1017.32,209.46,305.51,371.4,369.79,547.41,373.03,363.51,54.28,142.93,0.0,353.04,289.63,89.85,337.26,899.46,117.3,38.91,210.28,584.44,207.3,388.18,337.26,375.56,374.81,337.78,107.81,371.4,148.2,240.81,104.91,89.96,307.74,346.2,346.74,262.65,75.28,254.61,424.67,367.41,541.93,974.83,974.4,373.99,335.27,544.09,310.97,318.71,204.56,337.84,334.33,213.06,213.77,594.49,144.51,455.23,1019.21,354.24,387.02,188.81,236.79,317.23,338.25,201.15,173.72,15.77,42.66,543.64,108.43,95.79,342.36,254.53,204.11,100.26,562.39,291.45,536.21,407.51,305.68,97.97,532.78,365.76,212.89,379.54,986.7,318.21,976.31,404.74,403.56,994.56,620.08,45.94,376.35,411.02,104.76,372.75,396.84,116.53,268.89,270.86,296.34,382.03,371.64,385.44,43.44,332.57,303.77,454.86,216.88,545.76,548.91,367.59,321.15,337.29,371.29,345.79,522.88,394.05,109.78,195.47,170.1,438.6,161.4,33.73,136.11,370.93,372.02,377.61,214.26,593.59,594.81,223.14,534.34,82.74,335.42,589.82,110.31,369.86,262.67,319.82,283.78,306.09,266.27,310.2,625.76,371.98,157.16,408.34
Diyatha Uyana,184.78,341.81,275.74,215.23,331.29,70.67,419.34,256.74,275.7,289.26,430.22,1.12,55.42,340.2,54.31,53.34,259.19,631.68,253.71,129.51,13.92,11.88,338.62,265.94,11.7,359.51,224.72,353.04,0.0,139.18,361.35,107.94,589.08,222.93,356.1,228.41,471.18,351.29,335.3,107.94,16.39,15.63,108.19,271.11,13.21,205.14,272.04,271.31,283.52,116.03,48.09,91.8,268.77,279.11,270.87,317.35,10.1,333.84,609.83,609.83,16.5,109.88,336.42,124.4,119.29,285.62,36.48,53.25,259.82,259.26,467.99,330.66,357.0,642.75,12.72,334.86,345.21,327.47,115.57,64.57,387.88,183.66,346.24,359.31,335.28,273.79,296.48,74.31,299.25,60.0,316.84,455.08,132.69,347.9,320.79,128.74,279.73,330.76,16.47,247.56,50.25,599.33,234.1,612.69,78.28,71.98,630.88,485.52,358.78,17.28,426.06,276.69,15.23,300.09,270.9,136.95,233.61,133.29,332.07,270.3,334.05,358.24,65.8,189.72,317.44,244.05,337.49,340.15,319.43,116.45,106.07,13.12,89.18,447.13,298.23,266.14,89.92,354.18,384.88,191.85,320.29,230.42,15.97,16.24,329.75,259.82,473.43,473.34,277.67,328.36,229.17,110.99,471.71,267.75,12.12,91.32,287.99,134.89,124.02,273.23,134.72,343.23,15.78,355.83,220.95
Dondra Head Lighthouse,324.3,541.11,315.36,390.34,453.42,326.61,338.66,431.76,280.76,278.34,462.65,139.06,91.97,364.14,106.66,90.44,198.85,859.74,423.94,27.84,146.0,144.25,537.69,426.26,138.32,341.81,324.21,289.63,139.18,0.0,374.53,45.47,794.46,121.55,326.74,407.89,602.17,344.87,459.15,45.47,146.77,146.19,45.41,333.51,145.14,269.87,45.18,329.87,324.24,54.3,291.6,62.94,26.36,285.96,34.01,472.04,143.18,533.19,833.5,833.34,147.54,43.06,535.29,40.48,54.28,83.7,107.64,92.98,430.82,431.1,606.86,192.09,501.28,866.0,144.38,458.4,174.47,485.1,60.12,84.29,280.19,308.91,300.69,331.05,534.57,337.26,181.49,76.96,373.94,92.58,243.12,586.12,14.21,536.85,464.6,29.37,330.45,527.88,137.04,54.24,306.68,832.2,385.11,835.46,334.27,329.3,851.08,625.18,333.94,147.44,490.08,335.79,146.78,451.68,344.19,307.0,360.09,15.35,454.86,427.4,457.29,331.5,107.71,356.35,486.79,424.39,536.48,539.03,443.21,60.79,47.17,145.06,64.95,562.08,449.58,330.3,57.34,213.51,500.29,285.47,287.59,321.15,147.62,147.69,451.78,431.87,607.74,608.38,62.89,527.48,145.08,42.1,605.25,332.94,144.65,47.9,407.28,8.05,38.45,27.73,22.07,570.76,147.38,245.77,421.89
Dunhinda Falls,176.64,474.13,90.86,167.4,291.02,382.39,245.42,160.84,110.87,105.3,295.67,362.59,381.73,21.17,227.1,365.64,104.55,938.01,156.02,386.64,377.31,376.93,469.63,294.11,374.7,35.98,136.84,89.85,361.35,374.53,0.0,408.09,814.95,200.91,51.04,167.14,494.61,146.01,299.38,408.09,381.69,381.28,408.66,90.56,378.09,174.39,329.08,90.84,81.04,383.85,337.31,409.48,349.78,105.04,342.28,340.03,375.04,464.51,894.49,894.02,379.07,407.06,466.39,390.02,395.38,294.36,370.18,377.08,156.81,157.67,504.73,215.57,367.44,938.21,357.99,298.22,266.4,159.09,392.55,387.34,225.79,179.51,75.81,47.76,466.11,87.64,174.19,396.54,164.7,238.16,127.99,472.54,374.4,455.55,321.24,386.55,82.82,455.04,378.51,299.16,370.82,909.73,243.15,895.65,388.09,389.23,912.88,530.29,44.31,382.01,326.31,84.94,378.24,313.01,90.62,229.11,193.2,379.2,293.27,291.64,296.64,46.78,364.14,242.01,372.47,166.2,468.02,470.98,279.36,396.58,407.29,378.02,407.36,433.22,310.35,95.72,261.19,232.01,348.77,179.04,87.41,131.53,375.28,376.54,288.88,157.89,503.76,504.99,312.34,457.26,168.0,407.66,499.97,93.88,376.67,329.53,233.1,367.78,385.31,353.74,392.74,556.31,376.76,197.19,344.12
Dutch Hospital Shopping Precinct,302.96,517.54,329.4,371.29,454.75,272.42,395.99,418.54,299.59,303.0,492.56,107.67,54.05,392.59,92.65,54.8,237.47,825.76,411.34,57.8,113.78,111.86,514.15,413.62,105.49,381.47,317.87,337.26,107.94,45.47,408.09,0.0,771.21,157.68,368.25,390.09,604.86,380.81,460.15,0.0,114.18,113.58,0.51,343.03,112.73,259.2,122.91,340.03,339.79,31.82,241.73,35.37,107.69,305.49,114.21,463.12,110.88,509.46,801.74,801.64,115.31,4.71,511.78,44.98,31.14,157.68,72.4,55.78,418.82,418.86,606.93,256.94,496.89,834.58,114.1,459.48,247.59,482.94,25.21,45.06,342.1,288.09,343.67,372.84,510.88,347.16,237.32,67.28,386.46,79.02,292.06,588.45,38.02,517.26,459.13,56.17,343.63,504.93,103.65,115.12,251.86,795.45,373.53,804.17,280.14,274.15,821.16,625.33,374.96,114.89,511.33,346.97,114.56,443.08,351.92,282.8,354.93,37.3,456.04,415.9,458.42,372.81,73.27,337.68,473.21,408.54,512.94,515.6,443.58,24.51,3.77,112.66,40.03,569.24,440.99,338.51,54.98,280.69,505.54,268.74,323.1,317.29,115.82,115.77,453.09,419.66,609.4,609.81,138.65,503.72,181.09,6.82,607.12,341.34,112.34,56.09,407.42,42.47,46.82,110.67,66.18,535.25,115.4,306.23,394.59
Elephant Pass,810.94,184.76,833.31,744.64,372.33,523.71,484.67,705.26,867.66,875.21,355.54,590.01,687.47,812.72,599.59,680.16,642.3,90.21,713.16,789.56,584.26,587.73,187.23,371.08,598.65,849.88,812.4,899.46,589.08,794.46,814.95,771.21,0.0,687.96,863.53,727.35,201.26,408.22,366.81,771.21,585.33,586.29,771.72,813.21,586.58,865.07,778.37,817.01,827.1,773.11,541.63,749.38,787.0,863.81,784.36,241.83,588.79,190.6,66.48,65.93,582.08,773.43,188.98,785.18,781.2,765.18,654.08,682.94,706.74,706.35,188.6,523.61,230.54,77.54,576.42,367.62,550.25,664.03,775.71,703.14,506.37,826.41,883.76,861.26,189.58,810.19,503.56,720.28,464.32,626.24,472.27,206.14,787.91,187.56,251.62,788.67,819.28,194.18,603.57,752.44,541.71,100.7,411.78,63.99,517.35,524.54,62.11,181.73,857.79,584.1,314.2,812.7,583.17,351.84,802.07,489.75,441.57,790.54,370.74,371.07,368.66,860.04,650.38,438.15,226.71,711.49,188.13,186.22,378.05,778.2,768.51,586.68,745.05,234.61,353.77,814.95,688.1,529.04,255.21,849.6,881.1,816.26,579.57,580.2,373.56,705.62,194.81,193.56,772.05,194.78,671.58,775.07,196.68,812.72,586.74,721.69,407.64,787.31,782.94,790.95,797.58,182.83,581.0,504.2,376.64
Elephant Transit Home (ETH),191.29,437.85,150.13,245.94,335.67,272.13,240.12,278.79,115.33,109.35,342.65,223.26,180.02,191.12,128.08,170.67,80.73,761.94,270.94,131.75,236.82,234.63,434.47,316.94,226.92,168.32,175.05,117.3,222.93,121.55,200.91,157.68,687.96,0.0,153.43,260.7,482.97,226.64,341.48,157.68,239.29,238.49,157.99,169.93,236.08,136.86,92.32,166.14,157.44,134.55,234.47,169.66,104.98,119.55,100.4,359.3,232.7,430.23,733.83,733.6,239.25,155.76,432.07,135.82,141.93,78.77,190.76,178.77,276.92,277.37,488.5,113.86,385.65,765.75,227.9,340.71,122.58,321.84,141.47,175.51,190.22,178.37,127.37,157.78,431.53,173.16,85.26,173.73,253.32,110.7,134.59,467.1,122.06,430.41,349.98,131.88,164.72,424.35,226.89,69.2,255.47,737.37,276.18,735.35,278.9,276.04,749.61,506.73,160.59,240.21,368.61,170.94,238.06,339.09,181.07,214.08,247.45,125.46,337.17,317.2,339.58,158.16,188.16,254.49,376.86,274.2,433.26,435.69,325.98,144.15,158.19,236.0,169.97,441.81,337.04,167.91,69.03,138.69,380.79,155.57,114.28,169.97,237.97,238.51,334.06,278.08,488.85,489.57,84.15,424.63,24.3,155.61,486.28,170.23,235.0,110.07,290.66,116.98,132.41,108.1,135.12,478.4,238.23,154.28,325.4
Ella Rock,174.36,519.0,81.6,184.8,341.68,390.43,243.02,190.8,84.39,73.63,337.16,357.17,356.66,51.17,214.01,340.82,54.17,983.85,184.63,341.01,373.54,372.45,514.39,339.28,367.91,15.39,135.3,38.91,356.1,326.74,51.04,368.25,863.53,153.43,0.0,189.51,545.59,176.29,350.06,368.25,377.81,377.21,368.79,92.49,373.86,155.87,279.28,90.69,76.03,341.01,341.68,374.12,300.69,79.61,292.86,388.52,370.26,509.06,940.86,940.44,375.77,366.69,511.11,345.58,352.26,243.47,351.45,352.61,187.2,187.99,555.77,171.75,417.62,984.94,355.29,348.9,220.11,203.04,350.19,359.42,205.29,172.76,26.08,4.59,510.73,91.63,126.79,365.85,215.7,216.99,101.83,523.56,327.75,501.9,370.61,341.08,82.35,499.78,370.86,250.52,375.36,954.3,285.9,942.19,397.31,397.11,959.98,581.34,7.2,378.41,373.37,87.96,374.7,361.01,98.38,250.48,237.3,332.61,343.93,337.44,347.31,4.74,345.79,276.77,419.74,193.26,512.76,515.83,329.74,354.17,367.91,373.78,372.64,483.96,358.29,96.09,223.35,192.58,399.79,165.49,46.03,128.76,372.39,373.56,339.54,188.38,554.79,556.01,261.92,501.62,119.49,367.05,550.99,95.61,372.39,291.56,282.64,320.51,340.76,304.44,346.35,596.46,373.63,167.85,380.83
Embekka Devalaya,87.24,366.66,121.78,18.84,264.71,222.79,411.15,30.73,150.64,161.96,386.34,229.93,305.98,149.19,144.81,290.96,231.58,828.0,25.8,403.37,239.57,240.88,361.8,202.48,244.41,183.94,86.01,210.28,228.41,407.89,167.14,390.09,727.35,260.7,189.51,0.0,477.24,287.27,271.84,390.09,243.81,243.92,390.79,102.94,241.33,138.17,385.95,106.18,120.64,384.06,185.25,370.74,397.16,148.61,393.75,271.71,239.79,355.54,788.29,787.99,240.09,391.86,358.37,399.02,396.02,373.18,274.54,299.79,32.76,32.38,478.44,354.73,320.1,834.11,219.21,270.99,396.39,102.86,389.34,321.28,391.03,102.41,196.09,190.33,357.47,101.94,305.16,339.92,199.35,178.84,289.35,453.71,399.39,359.1,266.06,402.3,112.44,347.53,250.07,348.39,216.81,792.69,144.19,790.61,226.91,229.63,811.59,504.64,187.95,243.56,382.2,105.54,239.87,242.96,93.75,62.01,119.29,403.35,266.31,205.01,269.57,188.89,267.94,103.05,288.73,18.84,360.06,363.62,248.04,393.17,387.19,241.31,366.0,431.7,239.96,101.89,257.72,379.71,340.26,123.99,180.3,90.75,235.67,237.04,262.33,33.09,482.91,483.34,379.07,347.46,243.41,393.66,479.85,100.82,240.19,312.88,197.72,397.89,395.38,402.86,414.09,423.75,237.6,357.04,204.71
Fort Frederick,562.69,138.52,545.21,495.94,150.15,427.62,292.63,447.34,579.54,582.13,156.73,472.31,546.38,500.23,435.42,536.33,418.63,286.18,454.11,605.43,472.98,475.44,138.99,205.32,482.78,530.34,546.56,584.44,471.18,602.17,494.61,604.86,201.26,482.97,545.59,477.24,0.0,222.43,144.72,604.86,475.28,475.86,605.34,527.85,474.98,605.23,574.84,531.36,536.1,596.66,425.85,593.38,587.88,574.29,583.33,112.25,475.6,140.76,261.24,260.79,471.94,605.64,139.28,604.86,605.1,552.25,520.5,541.9,446.55,446.61,13.69,351.29,83.06,277.49,460.46,145.4,379.03,381.17,601.31,558.18,320.97,576.99,570.17,542.12,140.27,523.95,336.09,571.81,230.94,458.56,296.88,11.98,599.53,121.19,109.67,605.01,530.1,138.38,487.65,552.03,437.87,285.32,238.95,260.03,424.56,430.8,262.25,20.66,538.71,474.47,115.56,525.13,472.49,171.1,517.61,337.9,250.71,602.7,148.83,200.88,146.46,541.22,516.0,282.15,117.15,458.4,139.18,138.25,161.28,604.08,603.13,475.04,590.16,35.45,172.97,531.54,506.15,352.56,74.36,595.41,576.71,547.65,468.76,469.67,151.81,445.84,6.46,7.7,564.19,142.05,461.71,606.71,4.6,528.79,474.62,549.42,197.46,596.38,601.92,591.06,611.44,195.46,470.34,324.28,263.73
Gal Oya National Park,318.79,254.08,236.85,294.04,192.24,357.03,79.81,269.04,254.81,246.96,87.0,352.22,369.23,166.35,260.64,357.98,146.37,480.82,267.58,358.08,361.6,361.69,252.16,231.9,361.21,164.23,280.05,207.3,351.29,344.87,146.01,380.81,408.22,226.64,176.29,287.27,222.43,0.0,197.22,380.81,364.67,364.48,381.17,234.77,362.37,320.38,306.63,235.59,226.89,360.52,329.07,385.22,323.69,249.17,317.27,177.13,360.52,250.36,457.12,456.81,362.56,379.56,250.78,362.46,368.16,274.86,361.21,366.03,264.84,265.67,230.98,134.17,179.26,477.69,347.69,196.44,161.57,227.44,367.17,372.69,98.98,323.49,200.34,171.73,250.95,231.41,125.48,378.33,107.91,268.89,80.3,212.91,347.49,240.22,163.9,358.29,228.0,245.29,364.21,290.61,351.9,470.72,209.76,457.08,359.88,361.81,463.61,242.61,169.91,364.77,115.56,229.18,362.11,229.68,232.65,241.29,176.7,350.94,193.75,227.79,195.53,171.9,356.94,229.14,197.5,278.94,251.5,252.57,189.56,369.93,380.67,362.34,384.1,187.57,228.45,240.11,279.75,132.16,154.2,324.71,222.17,275.38,359.73,360.65,191.32,265.52,228.16,229.08,291.78,247.43,202.33,379.73,226.1,237.96,361.43,327.48,171.3,341.5,359.02,325.57,360.75,306.26,360.89,102.59,289.55
Gal Vihara,356.42,159.56,340.56,290.4,5.85,301.12,305.77,241.56,375.3,378.9,162.51,336.42,403.92,301.63,291.45,393.62,282.75,463.94,248.08,461.44,338.88,340.95,157.5,80.98,347.0,335.29,339.86,388.18,335.3,459.15,299.38,460.15,366.81,341.48,350.06,271.84,144.72,197.22,0.0,460.15,341.42,341.87,460.63,322.59,340.69,398.53,433.76,326.16,331.86,452.12,292.69,449.06,445.95,370.24,441.77,54.57,340.85,156.1,431.46,431.04,338.22,460.92,156.0,460.56,460.56,413.6,379.68,399.52,240.54,240.66,147.84,355.32,49.86,460.05,325.56,0.83,392.7,174.43,456.69,415.1,330.18,370.52,373.11,347.06,156.57,318.75,330.12,428.22,97.88,314.15,283.17,128.32,455.97,137.32,35.01,460.98,325.48,149.32,351.69,410.12,307.94,450.31,101.69,431.47,299.55,304.96,440.96,166.23,343.59,340.79,122.08,320.16,338.58,52.58,312.11,198.93,106.8,459.09,4.32,75.03,1.92,346.01,375.12,146.35,83.17,253.01,156.79,157.7,16.66,459.47,458.43,340.74,445.92,112.56,53.01,326.04,361.65,361.31,49.6,388.71,376.44,341.01,334.98,335.93,7.42,239.87,149.47,149.97,424.12,153.28,321.27,462.0,147.12,323.34,340.2,404.72,52.74,453.13,457.67,449.29,467.69,239.73,336.54,326.49,154.51
Galle Dutch Fort,302.96,517.54,329.4,371.29,454.75,272.42,395.99,418.54,299.59,303.0,492.56,107.67,54.05,392.59,92.65,54.8,237.47,825.76,411.34,57.8,113.78,111.86,514.15,413.62,105.49,381.47,317.87,337.26,107.94,45.47,408.09,0.0,771.21,157.68,368.25,390.09,604.86,380.81,460.15,0.0,114.18,113.58,0.51,343.03,112.73,259.2,122.91,340.03,339.79,31.82,241.73,35.37,107.69,305.49,114.21,463.12,110.88,509.46,801.74,801.64,115.31,4.71,511.78,44.98,31.14,157.68,72.4,55.78,418.82,418.86,606.93,256.94,496.89,834.58,114.1,459.48,247.59,482.94,25.21,45.06,342.1,288.09,343.67,372.84,510.88,347.16,237.32,67.28,386.46,79.02,292.06,588.45,38.02,517.26,459.13,56.17,343.63,504.93,103.65,115.12,251.86,795.45,373.53,804.17,280.14,274.15,821.16,625.33,374.96,114.89,511.33,346.97,114.56,443.08,351.92,282.8,354.93,37.3,456.04,415.9,458.42,372.81,73.27,337.68,473.21,408.54,512.94,515.6,443.58,24.51,3.77,112.66,40.03,569.24,440.99,338.51,54.98,280.69,505.54,268.74,323.1,317.29,115.82,115.77,453.09,419.66,609.4,609.81,138.65,503.72,181.09,6.82,607.12,341.34,112.34,56.09,407.42,42.47,46.82,110.67,66.18,535.25,115.4,306.23,394.59
Galle Face Green,205.41,340.31,297.11,231.69,337.6,62.72,434.46,271.2,298.07,311.72,441.06,16.04,60.79,360.56,62.86,59.37,275.1,624.93,268.71,136.73,3.06,4.82,337.2,269.99,16.27,380.85,245.44,375.56,16.39,146.77,381.69,114.18,585.33,239.29,377.81,243.81,475.28,364.67,341.42,114.18,0.0,1.12,114.42,291.75,3.24,227.89,287.38,292.09,304.63,122.99,49.43,97.46,283.69,301.35,285.96,321.04,6.84,332.43,603.72,603.74,3.39,116.2,335.04,131.45,126.11,301.56,41.91,58.76,274.5,273.88,471.44,346.98,361.1,636.63,17.23,341.02,361.59,340.84,122.35,70.01,403.69,205.14,368.49,380.96,333.85,294.3,312.75,79.75,309.44,68.74,332.48,459.28,140.16,347.58,325.44,135.94,300.58,329.67,20.05,263.13,43.63,591.98,239.83,606.72,69.9,63.05,625.2,488.79,380.36,1.36,435.21,297.28,2.87,304.35,291.09,144.56,241.57,140.7,338.34,274.59,340.23,379.86,40.9,195.21,319.67,258.64,336.07,338.73,325.8,123.18,112.26,3.35,94.8,452.67,302.55,286.86,98.37,370.49,391.02,214.22,342.66,251.29,6.5,5.61,336.09,274.41,477.22,477.07,293.32,327.05,245.53,117.33,475.59,288.39,4.31,98.86,295.27,142.49,131.13,288.13,141.96,337.78,4.94,371.82,221.18
Galle Face Hotel,204.94,341.17,296.55,231.69,338.04,63.76,434.06,271.39,297.34,310.99,441.15,15.24,60.19,360.15,62.54,58.77,274.55,626.0,268.84,136.14,3.06,3.87,338.06,270.56,15.15,380.31,244.97,374.81,15.63,146.19,381.28,113.58,586.29,238.49,377.21,243.92,475.86,364.48,341.87,113.58,1.12,0.0,113.82,291.3,2.43,227.08,286.38,291.62,304.11,122.41,50.04,96.86,282.66,300.64,284.94,321.65,5.88,333.3,604.77,604.79,4.23,115.6,335.91,130.86,125.52,300.62,41.31,58.16,274.67,274.05,472.05,346.27,361.67,637.67,17.3,341.46,360.8,341.14,121.76,69.41,403.15,204.56,367.8,380.36,334.73,293.87,312.07,79.15,309.57,68.33,331.98,459.87,139.58,348.39,325.98,135.35,300.09,330.52,18.93,262.16,44.62,593.04,240.3,607.75,70.98,64.13,626.22,489.42,379.76,2.49,435.45,296.83,3.38,304.92,290.68,144.87,241.88,140.12,338.77,275.16,340.68,379.29,40.3,195.67,320.35,258.81,336.94,339.6,326.24,122.58,111.66,2.52,94.2,453.17,303.1,286.39,97.86,369.79,391.47,213.49,341.94,250.82,7.15,6.33,336.52,274.59,477.82,477.68,292.35,327.9,244.8,116.73,476.17,287.94,3.52,98.29,295.63,141.92,130.54,287.1,141.38,338.81,5.59,371.24,221.96
Galle Fort Lighthouse,303.66,518.05,330.02,372.0,455.25,272.9,396.24,419.25,300.19,303.6,492.96,107.93,54.28,393.19,92.92,55.05,237.79,826.27,412.05,57.64,114.03,112.11,514.67,414.12,105.74,382.03,318.56,337.78,108.19,45.41,408.66,0.51,771.72,157.99,368.79,390.79,605.34,381.17,460.63,0.51,114.42,113.82,0.0,343.67,112.98,259.89,122.91,340.67,340.41,31.8,242.22,35.7,107.64,306.11,114.18,463.62,111.13,509.97,802.23,802.15,115.56,4.49,512.29,44.84,30.99,157.74,72.65,56.02,419.53,419.55,607.41,257.11,497.38,835.1,114.36,459.96,247.69,483.62,25.12,45.28,342.31,288.79,344.21,373.37,511.4,347.83,237.55,36.09,386.91,79.29,292.35,588.93,37.96,517.77,459.63,56.03,344.25,505.44,103.89,115.24,252.34,795.96,374.02,804.67,280.62,274.64,821.67,625.83,375.51,115.14,511.77,347.61,114.81,443.58,352.59,283.31,355.43,37.24,456.53,416.42,458.91,373.35,73.52,338.19,473.71,409.24,513.45,516.1,444.06,24.38,4.16,112.9,40.38,569.7,441.48,339.15,55.21,280.86,506.02,269.42,323.66,317.98,116.08,116.02,453.57,420.36,609.88,610.3,138.68,504.22,181.43,6.56,607.62,341.98,112.58,56.53,407.9,42.43,46.7,110.61,65.98,535.75,115.65,306.45,395.1
Galway's Land National Park,86.36,457.84,20.27,94.74,314.46,298.5,330.77,112.97,54.6,62.46,371.64,272.34,297.36,69.43,137.68,281.23,129.09,922.39,105.51,337.07,287.4,286.86,453.04,283.09,284.27,91.48,46.39,107.81,271.11,333.51,90.56,343.03,813.21,169.93,92.49,102.94,527.85,234.77,322.59,343.03,291.75,291.3,343.67,0.0,288.09,90.17,300.88,3.81,17.85,326.21,250.78,336.54,316.24,50.59,311.04,343.59,284.91,447.15,881.31,880.95,289.29,343.16,449.66,336.69,338.21,280.05,281.87,292.29,110.38,110.98,533.74,251.98,382.95,926.51,268.33,321.51,293.55,152.44,333.54,305.49,297.75,89.04,94.29,94.46,448.97,4.16,202.24,317.51,209.04,153.24,194.29,504.73,328.82,445.76,331.14,336.47,10.2,438.49,288.0,265.39,284.49,889.24,225.21,883.22,305.14,305.23,902.94,559.97,92.91,292.16,389.31,5.64,288.39,314.66,11.14,161.12,183.62,333.3,316.5,283.31,319.95,93.15,275.68,200.59,368.46,111.41,451.35,454.71,299.68,337.59,341.36,288.02,333.43,473.04,311.7,5.38,197.36,277.8,383.21,90.86,77.38,40.97,285.58,286.84,312.11,111.58,535.46,536.29,290.14,439.29,146.72,344.27,531.96,3.39,286.65,262.91,248.31,324.79,332.38,321.34,345.66,523.56,287.01,259.41,304.78
Gangaramaya Temple,201.73,341.1,293.25,228.94,336.84,64.52,431.73,268.91,293.94,307.59,439.35,12.83,59.46,356.96,61.26,57.94,272.15,626.73,266.31,135.14,2.31,1.67,337.96,269.67,13.65,377.01,241.74,371.4,13.21,145.14,378.09,112.73,586.58,236.08,373.86,241.33,474.98,362.37,340.69,112.73,3.24,2.43,112.98,288.09,0.0,223.65,284.2,288.39,300.84,121.45,49.29,96.1,280.56,297.26,282.81,320.82,3.66,333.21,605.4,605.42,4.92,114.74,335.81,129.89,124.58,298.33,40.54,57.4,272.16,271.56,471.27,343.86,360.78,638.31,15.59,340.29,358.4,338.81,120.83,68.67,400.77,201.24,364.39,377.04,334.64,290.68,309.66,78.42,307.85,67.04,329.61,458.97,138.54,348.15,325.0,134.36,296.85,330.38,17.8,259.94,45.06,593.88,239.16,608.37,71.82,65.04,626.8,488.65,376.46,4.35,433.86,293.61,3.57,304.0,287.51,143.44,240.44,139.1,337.58,274.23,339.5,375.96,39.48,194.56,319.73,256.31,336.84,339.51,325.02,121.66,110.83,0.13,93.45,452.07,302.19,283.18,96.65,367.38,390.3,210.09,338.53,247.56,6.99,6.4,335.32,272.1,476.98,476.85,290.12,327.8,242.38,115.87,475.33,284.7,1.09,97.23,294.3,140.86,129.56,285.0,140.38,339.31,5.61,368.83,221.59
Gartmore Falls,56.29,503.46,83.68,120.47,390.75,258.6,397.61,163.46,72.09,84.92,461.79,206.06,207.94,154.35,59.79,191.79,165.13,961.67,155.81,265.54,223.8,221.98,498.58,340.18,215.36,162.39,58.69,148.2,205.14,269.87,174.39,259.2,865.07,136.86,155.87,138.17,605.23,320.38,398.53,259.2,227.89,227.08,259.89,90.17,223.65,0.0,251.72,88.14,93.94,248.21,205.5,248.29,260.74,76.37,258.11,407.79,219.54,492.19,923.06,922.8,226.54,260.1,495.15,261.94,260.25,246.81,196.63,203.08,163.03,163.2,608.87,272.14,453.19,969.21,207.28,397.54,300.47,224.12,254.29,215.36,349.07,42.04,142.5,159.66,494.16,94.2,221.89,227.44,295.91,63.86,248.25,581.83,261.21,497.06,399.66,264.54,94.33,484.48,217.59,213.51,237.69,924.3,281.57,925.63,267.51,264.69,947.34,635.19,159.84,228.75,478.26,95.21,225.21,378.77,96.81,172.69,249.84,265.18,392.61,342.3,396.02,158.81,190.76,239.34,426.62,155.19,496.84,500.46,374.94,258.21,256.99,223.54,244.8,554.01,375.77,84.96,120.06,304.29,463.01,18.71,116.1,58.24,223.67,224.72,388.35,163.99,611.96,612.6,247.91,484.05,132.49,261.56,608.66,87.64,222.11,179.68,323.19,259.78,258.13,266.64,276.04,552.11,224.61,303.28,335.59
Goyambokka Beach,307.95,526.8,281.42,369.71,427.95,333.07,294.57,406.71,246.43,241.18,425.53,272.02,195.34,321.28,196.35,190.19,162.51,849.12,398.83,70.08,285.56,282.57,523.39,407.78,272.35,294.64,300.11,240.81,272.04,45.18,329.08,122.91,778.37,92.32,279.28,385.95,574.84,306.63,433.76,122.91,287.38,286.38,122.91,300.88,284.2,251.72,0.0,297.11,289.07,91.17,296.43,151.59,19.07,250.95,11.49,451.12,280.55,519.03,821.75,821.55,288.33,118.81,520.98,81.22,93.96,38.53,220.05,196.32,405.21,405.6,580.63,147.34,477.93,853.93,280.35,432.99,129.42,453.21,98.23,183.34,235.51,293.23,253.52,283.31,520.37,304.29,139.03,172.6,344.58,171.84,201.83,559.05,55.34,520.51,442.14,71.3,296.19,513.36,270.71,26.86,314.02,823.21,366.8,823.44,340.53,336.27,838.26,598.82,286.46,288.56,455.93,302.23,286.98,430.86,311.96,297.05,339.09,58.08,429.45,408.31,431.87,283.95,219.28,342.19,468.0,400.93,522.18,524.65,418.29,99.72,125.49,284.08,154.55,533.12,428.81,298.5,105.57,168.44,472.62,269.27,244.54,295.93,288.0,288.29,426.35,406.33,580.83,581.58,17.73,513.38,113.2,117.41,578.25,300.92,283.2,108.33,382.96,46.58,78.31,19.5,66.73,562.62,287.79,201.48,411.02
Gregory Lake,86.68,461.61,16.52,97.59,318.04,299.96,329.89,116.64,50.81,58.69,373.67,272.51,295.63,69.77,136.76,279.49,126.17,926.14,109.14,333.58,287.74,287.14,456.81,286.91,284.31,90.28,46.65,104.91,271.31,329.87,90.84,340.03,817.01,166.14,90.69,106.18,531.36,235.59,326.16,340.03,292.09,291.62,340.67,3.81,288.39,88.14,297.11,0.0,15.13,322.93,251.91,333.9,312.51,46.78,307.29,347.38,285.15,450.92,885.09,884.72,289.67,340.11,453.43,333.3,334.93,276.24,280.74,290.61,114.06,114.64,537.32,248.94,386.66,930.3,268.78,325.11,290.23,156.21,330.32,303.49,295.95,88.67,91.61,92.81,452.74,7.41,199.09,315.28,212.08,151.44,192.45,508.26,325.26,449.55,334.86,333.0,8.57,442.26,287.96,261.64,285.62,892.95,229.01,886.99,306.71,306.69,906.73,563.55,91.39,292.52,391.97,7.14,288.75,318.45,14.96,163.97,187.41,329.74,320.08,287.12,323.55,91.52,274.56,204.19,372.28,114.9,455.12,458.49,303.3,334.35,338.4,288.32,330.86,476.4,315.49,5.44,194.16,274.99,386.64,89.53,74.14,40.91,286.01,287.25,315.69,115.26,538.99,539.85,286.33,443.06,142.93,341.21,535.48,5.4,286.93,259.93,251.98,321.19,328.99,317.61,342.15,527.14,287.42,257.21,308.34
Hakgala Botanic Gardens,99.56,473.01,10.63,112.56,323.66,314.42,316.54,129.56,43.46,48.28,369.51,284.68,301.84,60.56,146.23,285.71,111.26,937.91,122.23,329.68,300.3,299.53,468.24,297.13,296.19,76.56,59.81,89.96,283.52,324.24,81.04,339.79,827.1,157.44,76.03,120.64,536.1,226.89,331.86,339.79,304.63,304.11,340.41,17.85,300.84,93.94,289.07,15.13,0.0,320.79,265.95,335.91,305.44,38.38,299.81,355.99,297.49,462.43,896.53,896.16,302.34,339.56,464.85,330.19,332.7,266.06,289.18,297.02,126.77,127.39,542.74,234.17,393.75,941.61,281.55,330.79,276.06,164.49,328.52,308.61,281.19,100.07,76.5,78.34,464.23,18.84,184.52,319.29,213.45,157.8,177.64,513.13,320.49,460.18,342.56,329.21,8.36,453.66,299.64,254.36,299.66,905.19,239.72,898.37,321.3,321.13,917.83,568.91,77.1,305.1,390.88,15.43,301.35,327.19,27.3,178.95,196.61,325.05,325.74,297.0,329.21,77.08,283.09,217.35,381.99,128.57,466.54,469.86,309.32,332.57,338.38,300.77,333.17,479.91,324.28,20.36,192.99,259.97,390.81,98.01,59.85,53.53,298.76,299.98,321.32,127.99,543.99,544.91,277.31,454.61,132.3,340.54,540.43,20.46,299.38,259.86,258.39,315.9,325.78,310.37,337.74,540.3,300.11,242.14,321.71
Handunugoda Tea Estate,297.11,519.08,310.76,365.55,446.58,286.0,369.52,411.04,278.74,280.24,474.65,115.84,65.14,369.88,92.54,64.54,215.25,832.02,403.54,28.07,122.42,120.57,515.67,410.49,114.37,354.99,306.47,307.74,116.03,54.3,383.85,31.82,773.11,134.55,341.01,384.06,596.66,360.52,452.12,31.82,122.99,122.41,31.8,326.21,121.45,248.21,91.17,322.93,320.79,0.0,253.07,63.74,75.9,284.53,82.4,458.79,119.54,511.04,807.06,806.96,123.96,27.64,513.27,16.17,8.44,126.49,82.2,66.47,410.87,411.0,599.68,228.06,490.98,839.81,121.78,451.41,216.99,471.84,7.49,56.84,314.28,281.76,315.66,345.56,512.44,330.26,210.44,48.78,373.97,78.34,267.42,580.33,40.12,517.23,453.49,26.41,325.52,506.17,112.79,84.97,265.61,802.8,369.78,809.31,293.75,288.19,825.76,618.11,347.96,123.7,496.35,329.61,123.2,438.54,335.87,283.36,348.63,39.26,447.93,412.35,450.33,345.69,82.64,336.47,470.7,401.96,514.44,517.06,435.71,9.81,34.64,121.38,36.07,559.33,436.44,322.07,48.28,251.4,496.14,260.36,297.15,304.95,124.26,124.26,444.92,411.79,601.59,602.08,107.13,505.28,158.66,26.27,599.22,324.88,121.0,51.6,399.47,48.16,16.61,78.96,37.55,541.67,123.93,278.62,397.17
Henerathgoda Botanical Garden,167.94,293.73,260.19,176.23,289.0,37.66,406.92,209.96,268.86,283.03,398.1,49.11,147.72,316.65,106.41,141.97,255.85,586.71,208.61,276.47,47.22,49.91,290.55,220.59,58.78,342.19,206.4,346.2,48.09,291.6,337.31,241.73,541.63,234.47,341.68,185.25,425.85,329.07,292.69,241.73,49.43,50.04,242.22,250.78,49.29,205.5,296.43,251.91,265.95,253.07,0.0,213.97,295.89,270.96,296.93,271.62,50.31,285.76,564.15,564.13,46.09,244.97,288.35,268.09,259.91,304.53,113.08,143.35,213.6,212.89,422.02,334.26,311.69,597.09,35.85,292.32,353.6,276.77,253.23,164.32,381.98,172.69,336.73,344.23,287.2,252.6,298.95,182.3,265.59,126.29,309.65,409.89,280.55,299.87,276.12,275.13,260.46,282.68,63.83,270.54,23.6,555.17,191.03,566.91,44.61,41.64,584.82,439.38,343.05,48.61,389.34,255.96,46.66,254.97,247.8,98.1,194.68,282.1,289.69,225.22,291.56,343.01,109.74,146.35,270.46,197.85,289.41,292.08,277.25,255.17,238.43,49.36,209.22,403.59,253.18,246.49,190.88,356.44,342.27,188.53,312.49,212.96,42.93,43.83,287.52,213.34,427.78,427.65,299.54,280.29,235.78,246.93,426.15,247.46,49.03,203.67,247.5,283.56,266.92,300.38,286.0,297.23,44.51,352.33,172.99
Hikkaduwa Beach,285.11,496.59,325.29,351.94,443.87,242.7,409.78,400.37,298.84,304.5,493.14,91.49,36.69,392.31,84.4,38.55,246.21,800.19,393.6,48.78,97.21,95.25,493.23,397.62,88.82,386.19,305.72,346.74,91.8,62.94,409.48,35.37,749.38,169.66,374.12,370.74,593.38,385.22,449.06,35.37,97.46,96.86,35.7,336.54,96.1,248.29,151.59,333.9,335.91,63.74,213.97,0.0,138.24,304.74,144.12,448.1,94.31,488.49,776.92,776.86,98.71,40.01,490.89,42.03,65.34,183.54,55.55,38.7,401.14,401.08,594.42,276.21,483.35,809.83,98.21,448.43,270.88,467.96,58.59,51.52,358.68,271.16,351.0,378.66,489.93,340.67,253.18,33.42,380.93,71.98,303.65,576.93,55.36,497.78,445.5,47.89,338.61,484.28,86.81,139.4,222.19,769.05,358.43,779.5,250.36,244.11,796.92,612.76,380.42,98.18,508.08,341.01,97.97,428.35,344.36,264.25,342.69,54.93,445.08,400.35,447.4,378.45,56.73,320.32,456.29,389.51,492.03,494.7,432.4,58.66,31.63,96.02,5.01,559.75,426.29,331.61,56.48,300.62,495.77,254.59,328.16,306.24,99.36,99.26,442.19,401.85,597.51,597.81,165.93,482.78,191.4,42.18,595.32,334.41,95.74,59.67,396.54,59.52,42.7,141.68,53.56,510.0,98.87,322.62,373.2
Hiriketiya Beach,316.54,534.58,297.26,380.31,440.18,331.94,313.52,419.27,262.26,258.17,442.24,268.68,186.74,340.93,198.96,182.52,178.65,855.55,411.39,52.53,282.03,278.91,531.18,417.15,268.27,315.94,311.89,262.65,268.77,26.36,349.78,107.69,787.0,104.98,300.69,397.16,587.88,323.69,445.95,107.69,283.69,282.66,107.64,316.24,280.56,260.74,19.07,312.51,305.44,75.9,295.89,138.24,0.0,267.09,7.68,461.53,276.9,526.75,828.64,828.46,284.87,103.38,528.76,64.36,77.67,57.55,213.55,188.11,417.99,418.33,593.25,166.4,489.35,860.97,277.73,445.19,148.12,468.66,82.59,173.67,254.56,301.46,274.71,304.82,528.11,319.8,157.45,161.59,358.26,173.46,219.9,571.98,37.72,529.12,453.17,53.86,312.21,521.24,266.31,35.85,312.46,828.98,376.05,830.44,339.5,334.92,845.61,611.49,307.89,284.91,471.54,317.98,283.47,441.21,327.19,302.72,349.4,40.14,441.65,417.93,444.07,305.38,213.17,349.71,477.57,412.8,529.95,532.47,430.28,83.78,110.52,280.43,141.57,546.78,439.14,313.5,106.35,187.47,485.74,277.56,264.02,308.16,284.73,284.95,438.56,419.08,593.72,594.42,36.77,521.07,127.25,101.79,591.17,316.03,279.58,100.59,394.68,28.88,61.73,4.49,48.24,567.9,284.43,220.45,417.28
Horton Plains National Park,103.78,508.14,30.58,137.04,362.01,322.05,321.41,162.28,5.91,13.63,399.81,280.11,278.94,87.64,135.21,262.95,94.69,972.43,154.61,292.11,297.15,295.71,503.34,333.69,290.21,87.17,70.41,75.28,279.11,285.96,105.04,305.49,863.81,119.55,79.61,148.61,574.29,249.17,370.24,305.49,301.35,300.64,306.11,50.59,297.26,76.37,250.95,46.78,38.38,284.53,270.96,304.74,267.09,0.0,261.51,393.73,293.42,497.4,931.52,931.18,299.61,304.91,499.93,293.16,296.36,229.48,271.97,274.61,159.96,160.5,581.06,212.66,432.04,976.82,279.6,369.15,249.92,202.33,292.56,283.24,275.94,98.44,67.14,83.51,499.24,53.68,161.87,291.69,250.31,137.64,173.64,551.34,282.51,496.31,380.68,291.71,45.24,488.81,292.82,216.02,304.29,938.81,275.79,933.49,329.87,328.52,953.34,607.22,83.89,302.06,425.21,51.39,298.44,364.86,61.74,202.22,233.98,287.12,364.09,333.88,367.56,82.74,266.25,249.21,419.01,159.43,501.62,505.01,347.68,296.61,304.37,297.17,302.46,517.69,361.93,49.16,158.23,241.61,428.87,87.3,41.66,63.75,296.44,297.56,359.68,161.16,582.24,583.16,239.68,489.51,96.43,305.74,578.68,51.21,295.74,226.07,296.74,277.74,288.66,272.04,299.91,571.8,297.56,232.41,352.76
Hummanaya Blow Hole,314.14,532.27,291.84,377.14,435.96,333.23,306.04,415.31,256.82,252.24,436.0,270.81,190.86,333.9,198.65,186.27,172.64,853.85,407.4,59.82,284.24,281.17,528.87,414.17,270.69,308.16,308.19,254.61,270.87,34.01,342.28,114.21,784.36,100.4,292.86,393.75,583.33,317.27,441.77,114.21,285.96,284.94,114.18,311.04,282.81,258.11,11.49,307.29,299.81,82.4,296.93,144.12,7.68,261.51,0.0,458.12,279.15,524.47,826.74,826.56,287.04,109.98,526.47,71.43,84.54,49.89,216.87,192.09,413.91,414.28,588.88,158.82,485.49,859.0,279.57,440.99,140.46,463.5,89.23,178.19,247.0,299.21,266.98,296.96,525.83,314.53,150.31,166.6,353.4,173.52,212.95,567.48,45.0,526.47,449.47,61.11,306.73,518.9,268.84,32.01,313.9,827.54,373.09,828.5,340.74,336.29,843.51,607.11,300.04,287.16,465.82,312.62,285.66,437.82,322.05,301.23,346.0,47.55,437.44,414.84,439.88,297.56,216.34,347.48,474.51,409.11,527.65,530.15,426.18,90.53,116.97,282.69,147.3,541.95,435.75,308.44,106.59,179.84,481.14,275.25,257.04,304.26,286.84,287.08,434.35,415.03,589.23,589.95,29.13,518.81,122.11,108.45,586.68,310.93,281.82,104.2,390.69,36.15,68.68,8.31,55.83,566.64,286.57,212.97,415.59
Hurulu Eco Park,358.95,77.74,363.17,290.44,57.07,273.65,256.87,244.41,398.1,404.25,157.85,318.47,396.68,337.78,290.13,387.09,309.79,306.61,252.0,471.15,318.8,321.31,76.04,51.69,328.89,374.83,350.81,424.67,317.35,472.04,340.03,463.12,241.83,359.3,388.52,271.71,112.25,177.13,54.57,463.12,321.04,321.65,463.62,343.59,320.82,407.79,451.12,347.38,355.99,458.79,271.62,448.1,461.53,393.73,458.12,0.0,321.52,74.71,283.73,283.47,317.72,464.44,74.81,468.79,467.19,434.97,369.06,392.15,244.76,244.59,109.56,282.24,29.65,305.47,306.44,55.03,308.63,191.51,462.63,409.5,270.79,374.1,409.03,386.23,75.14,340.22,261.77,424.17,137.62,315.01,232.15,100.78,467.31,63.1,14.36,470.5,348.58,69.69,333.81,426.12,283.54,294.62,89.7,284.09,270.85,276.96,292.22,122.41,382.76,320.23,127.15,342.36,318.29,20.36,332.53,186.57,112.14,470.23,56.04,48.06,55.43,384.99,364.64,129.91,21.11,253.54,75.45,76.3,55.27,465.33,461.03,320.88,444.5,100.42,22.46,346.03,369.5,288.56,64.01,395.06,407.57,353.42,314.55,315.45,57.23,243.79,113.57,113.49,443.31,72.36,341.34,465.73,112.39,343.59,320.48,409.2,76.23,465.45,466.14,465.21,478.22,134.84,316.12,265.35,113.4
Independence Memorial Hall,198.54,342.89,289.8,227.1,336.93,67.35,429.24,267.64,290.06,303.64,438.27,9.54,57.7,353.89,59.7,56.1,269.28,629.48,264.88,133.22,5.44,2.03,339.75,270.28,10.43,373.56,238.54,367.41,10.1,143.18,375.04,110.88,588.79,232.7,370.26,239.79,475.6,360.52,340.85,110.88,6.84,5.88,111.13,284.91,3.66,219.54,280.55,285.15,297.49,119.54,50.31,94.31,276.9,293.42,279.15,321.52,0.0,334.98,608.04,608.05,8.32,112.89,337.58,127.97,122.68,294.75,38.76,55.62,270.84,270.24,472.04,340.67,361.4,640.95,15.28,340.43,355.04,337.84,118.94,66.9,397.95,197.74,360.56,373.46,336.4,287.55,306.52,76.66,306.96,65.27,326.9,459.57,136.6,349.69,325.5,132.43,293.59,332.08,14.96,256.29,47.62,596.72,239.39,611.0,74.73,68.04,629.37,489.47,372.92,8.01,433.26,290.46,6.9,304.57,284.51,143.19,240.12,137.15,337.69,274.78,339.63,372.39,37.66,194.83,320.75,255.0,338.62,341.28,325.09,119.77,108.98,3.54,91.66,452.37,302.75,279.96,94.73,364.23,390.45,206.19,334.63,244.31,9.65,9.31,335.4,270.79,477.68,477.56,286.48,329.55,239.15,114.02,476.01,281.53,2.74,95.29,294.15,138.91,127.64,281.34,138.44,341.83,8.56,365.93,223.03
Isurumuniya Temple,437.4,5.89,467.44,372.19,159.31,273.94,330.16,335.83,500.72,509.61,230.63,334.85,428.35,458.01,337.51,420.46,393.12,242.15,343.67,527.65,330.94,334.17,3.48,119.33,344.24,496.95,441.39,541.93,333.84,533.19,464.51,509.46,190.6,430.23,509.06,355.54,140.76,250.36,156.1,509.46,332.43,333.3,509.97,447.15,333.21,492.19,519.03,450.92,462.43,511.04,285.76,488.49,526.75,497.4,524.47,74.71,334.98,0.0,221.02,220.84,329.07,511.59,1.94,523.14,519.12,508.5,396.06,423.78,337.8,337.31,131.14,346.08,86.86,244.08,321.44,156.68,371.21,306.09,513.63,443.5,341.23,452.81,526.18,507.56,1.05,444.56,323.67,460.22,236.78,364.15,299.12,132.97,526.29,19.66,88.93,526.74,454.26,5.08,349.26,492.75,289.67,226.7,156.61,222.01,268.67,275.75,232.3,139.79,504.21,331.32,196.63,447.41,330.01,114.59,436.14,227.67,190.26,528.87,158.13,121.45,157.22,506.21,392.15,177.06,53.62,340.74,2.65,4.59,157.95,516.13,506.81,333.3,484.26,147.28,115.8,448.24,426.4,354.34,128.03,476.25,519.51,445.71,326.28,327.01,159.61,336.62,138.51,137.74,513.81,4.18,415.67,513.2,138.43,446.25,333.21,459.62,173.37,525.93,520.92,530.79,535.77,62.0,327.78,333.45,115.32
Jaffna Fort,867.32,215.62,901.59,804.24,436.59,541.04,535.39,769.71,934.8,943.78,411.6,610.65,711.86,889.69,634.7,705.71,695.85,24.94,777.54,825.81,603.11,606.72,218.04,421.26,618.28,928.11,874.31,974.83,609.83,833.5,894.49,801.74,66.48,733.83,940.86,788.29,261.24,457.12,431.46,801.74,603.72,604.77,802.23,881.31,605.4,923.06,821.75,885.09,896.53,807.06,564.15,776.92,828.64,931.52,826.74,283.73,608.04,221.02,0.0,0.58,600.66,804.39,219.76,820.2,814.84,812.26,677.16,707.46,771.79,771.28,248.01,565.08,277.87,23.96,597.13,432.24,590.87,738.11,808.89,728.31,553.59,882.51,959.04,939.06,220.1,878.7,543.51,746.1,526.63,661.46,515.83,264.65,825.71,223.49,295.33,824.79,888.41,225.47,623.0,795.25,560.43,37.81,460.12,3.92,534.01,541.05,19.42,242.72,935.66,602.43,370.66,881.55,601.89,407.85,870.3,526.5,492.78,828.09,435.04,422.4,433.19,937.76,673.89,479.67,265.9,774.17,218.9,217.21,440.53,811.21,798.75,605.52,772.32,292.85,409.6,882.36,726.06,572.08,307.63,906.32,953.31,878.87,598.5,599.01,437.61,770.61,254.9,253.61,817.12,225.03,719.55,806.16,256.64,880.39,605.73,755.47,466.37,826.0,818.25,832.79,834.38,194.18,599.79,549.07,411.62
Jaffna Public Library,867.09,215.43,901.24,803.96,436.17,541.05,535.06,769.39,934.46,943.41,411.21,610.65,711.83,889.26,634.56,705.66,695.55,25.4,777.19,825.69,603.12,606.74,217.85,420.96,618.28,927.66,874.01,974.4,609.83,833.34,894.02,801.64,65.93,733.6,940.44,787.99,260.79,456.81,431.04,801.64,603.74,604.79,802.15,880.95,605.42,922.8,821.55,884.72,896.16,806.96,564.13,776.86,828.46,931.18,826.56,283.47,608.05,220.84,0.58,0.0,600.67,804.3,219.58,820.08,814.74,812.04,677.14,707.43,771.45,770.96,247.57,564.84,277.55,23.98,597.13,431.82,590.64,737.7,808.79,728.28,553.3,882.28,958.63,938.61,219.92,878.34,543.28,746.06,526.25,661.33,515.57,264.23,825.55,223.27,295.06,824.65,888.04,225.28,623.01,795.06,560.43,38.37,459.87,3.45,534.03,541.08,19.07,242.26,935.23,602.44,370.25,881.19,601.89,407.51,869.94,526.33,492.49,827.96,434.62,422.1,432.76,937.31,673.86,479.47,265.65,773.85,218.73,217.03,440.13,811.11,798.68,605.53,772.27,292.43,409.26,882.02,725.91,571.83,307.27,906.09,952.93,878.57,598.51,599.01,437.19,770.27,254.45,253.17,816.92,224.85,719.31,806.08,256.19,880.05,605.75,755.36,465.99,825.86,818.13,832.61,834.24,194.15,599.81,548.79,411.47
Jami Ul-Alfar Mosque,202.99,336.96,294.9,228.15,334.43,59.72,432.96,267.32,296.4,310.11,438.4,16.38,62.08,357.96,62.42,60.53,274.1,621.93,264.9,137.62,2.9,6.48,333.84,266.67,18.55,378.64,243.02,373.99,16.5,147.54,379.07,115.31,582.08,239.25,375.77,240.09,471.94,362.56,338.22,115.31,3.39,4.23,115.56,289.29,4.92,226.54,288.33,289.67,302.34,123.96,46.09,98.71,284.87,299.61,287.04,317.72,8.32,329.07,600.66,600.67,0.0,117.33,331.69,132.39,127.11,302.11,43.16,60.02,270.64,270.0,468.09,346.5,357.78,633.57,14.88,337.83,361.43,336.77,123.37,71.29,402.6,203.04,366.75,378.88,330.5,291.79,312.17,81.04,306.69,68.64,331.27,455.97,140.97,344.2,322.15,136.83,298.18,326.31,22.7,263.96,40.44,589.03,236.62,603.65,66.97,60.18,622.09,485.43,378.24,2.56,432.31,294.79,1.43,301.05,288.45,141.54,238.55,141.54,335.15,271.29,337.05,377.79,42.08,191.99,316.29,254.76,332.72,335.37,322.62,124.2,113.42,5.04,96.06,449.43,299.25,284.42,98.7,369.92,387.82,212.59,340.99,248.94,3.24,2.29,332.91,270.54,473.9,473.74,294.09,323.69,245.15,118.45,472.26,285.9,5.59,99.64,292.19,143.26,132.05,289.31,142.85,334.65,1.75,370.88,217.78
Japanese Peace Pagoda - Rumassala,304.67,519.67,329.21,373.09,455.52,275.94,393.53,420.13,299.01,302.12,491.75,109.63,56.24,391.82,93.54,56.85,235.8,828.54,412.89,53.19,115.79,113.88,516.28,415.1,107.52,380.06,318.79,335.27,109.88,43.06,407.06,4.71,773.43,155.76,366.69,391.86,605.64,379.56,460.92,4.71,116.2,115.6,4.49,343.16,114.74,260.1,118.81,340.11,339.56,27.64,244.97,40.01,103.38,304.91,109.98,464.44,112.89,511.59,804.39,804.3,117.33,0.0,513.92,40.38,26.54,153.9,74.49,57.94,420.34,420.39,607.86,253.88,498.0,837.24,116.01,460.25,244.03,484.03,20.8,47.3,339.31,289.71,341.96,371.27,513.01,347.29,234.72,38.2,386.52,79.8,289.96,589.25,66.78,519.2,460.26,51.57,343.54,507.03,105.7,111.66,255.39,798.36,374.9,806.8,283.67,277.73,823.74,626.26,373.44,116.92,511.04,347.01,116.57,444.36,352.18,284.72,355.94,65.4,456.81,417.31,459.19,371.27,75.32,339.39,474.78,410.23,515.07,517.73,444.38,19.93,8.37,114.67,44.61,569.75,442.26,338.68,54.78,277.53,506.13,270.02,321.73,318.06,117.82,117.76,453.84,421.18,610.25,610.67,134.72,505.86,179.32,2.2,607.95,341.51,114.34,56.37,408.18,40.11,42.28,106.32,61.5,538.0,117.39,303.48,396.82
Jaya Sri Maha Bodhi,440.4,4.24,469.93,375.06,159.3,276.6,330.59,338.46,503.29,512.12,230.36,337.44,430.83,460.05,339.77,422.93,394.6,240.98,346.31,529.83,333.54,336.77,1.76,120.62,346.83,498.94,444.17,544.09,336.42,535.29,466.39,511.78,188.98,432.07,511.11,358.37,139.28,250.78,156.0,511.78,335.04,335.91,512.29,449.66,335.81,495.15,520.98,453.43,464.85,513.27,288.35,490.89,528.76,499.93,526.47,74.81,337.58,1.94,219.76,219.58,331.69,513.92,0.0,525.36,521.37,510.31,398.58,426.26,340.41,339.92,129.57,347.07,86.32,242.78,324.01,156.59,372.26,308.12,515.89,445.97,341.89,455.83,528.34,509.57,1.05,447.02,324.73,462.66,237.45,366.4,299.96,131.57,528.42,18.34,89.0,528.93,456.73,5.78,351.85,494.72,292.29,225.71,158.19,220.73,271.33,278.4,230.93,138.13,506.23,333.93,196.15,449.87,332.62,115.14,438.62,229.91,191.67,531.01,158.1,122.64,157.14,508.22,394.67,179.09,53.78,343.46,0.86,2.77,158.15,518.4,509.14,335.91,486.68,146.15,116.4,450.77,428.55,355.25,127.43,479.23,521.83,448.46,328.89,329.62,159.63,339.24,136.97,136.19,515.7,5.91,417.44,515.5,136.91,448.78,335.81,461.87,174.07,528.03,523.12,532.8,537.93,62.57,330.39,334.24,117.75
Jungle Beach,312.54,531.17,320.42,380.68,454.96,301.38,366.61,425.31,287.49,287.91,477.87,124.22,73.77,377.01,99.14,73.14,216.41,845.42,417.71,12.81,130.85,129.01,527.75,421.03,122.83,359.91,319.56,310.97,124.4,40.48,390.02,44.98,785.18,135.82,345.58,399.02,604.86,362.46,460.56,44.98,131.45,130.86,44.84,336.69,129.89,261.94,81.22,333.3,330.19,16.17,268.09,42.03,64.36,293.16,71.43,468.79,127.97,523.14,820.2,820.08,132.39,40.38,525.36,0.0,13.85,118.26,90.78,75.1,424.95,425.12,608.31,222.97,500.29,852.92,130.08,459.84,209.44,484.39,20.22,65.45,310.12,297.09,319.86,350.06,524.55,340.69,207.63,57.3,380.42,84.86,266.4,588.58,26.85,528.78,462.96,11.19,335.36,518.19,121.29,79.5,281.04,816.51,380.16,822.39,309.12,303.65,838.69,626.72,352.63,132.14,501.27,339.81,131.63,448.5,346.67,295.5,358.02,25.14,456.35,422.73,458.76,350.29,91.19,347.85,481.4,416.61,526.53,529.14,444.24,20.48,48.3,129.82,44.23,566.79,446.38,332.79,52.99,245.72,503.9,275.04,302.79,317.66,132.67,132.68,453.3,425.91,609.96,610.49,98.11,517.39,160.12,38.52,607.56,335.57,129.43,65.19,408.03,35.58,3.48,66.9,21.67,555.24,132.34,274.81,409.72
Kabalana Beach,309.02,527.17,322.69,377.49,455.02,292.49,375.78,423.04,290.59,291.96,482.55,119.09,67.58,381.56,96.86,67.3,222.66,839.7,415.54,26.65,125.58,123.7,523.75,418.85,117.46,366.3,318.51,318.71,119.29,54.28,395.38,31.14,781.2,141.93,352.26,396.02,605.1,368.16,460.56,31.14,126.11,125.52,30.99,338.21,124.58,260.25,93.96,334.93,332.7,8.44,259.91,65.34,77.67,296.36,84.54,467.19,122.68,519.12,814.84,814.74,127.11,26.54,521.37,13.85,0.0,130.31,85.02,69.02,422.87,423.0,608.13,233.43,499.41,847.61,125.13,459.85,221.24,483.9,7.18,59.04,320.06,293.68,326.83,356.81,520.53,342.26,216.66,50.59,382.31,82.67,274.26,588.78,40.5,525.42,461.91,25.05,337.48,514.29,115.82,89.95,272.04,810.35,378.15,817.11,300.24,294.6,833.62,626.55,359.23,126.82,504.54,341.59,126.35,446.94,347.87,291.48,357.06,38.94,456.38,420.71,458.77,356.94,85.56,344.72,479.03,413.94,522.54,525.17,444.15,6.7,34.5,124.51,37.12,567.75,444.84,334.09,52.78,256.53,504.57,272.34,308.57,317.01,127.46,127.46,453.36,423.79,610.02,610.53,110.49,513.38,166.09,24.68,607.67,336.9,124.14,59.55,407.91,49.09,15.99,80.37,35.14,549.3,127.1,284.52,405.15
Kalametiya Eco Bird Watching,302.4,516.08,259.86,358.46,407.75,341.94,256.92,390.66,225.88,217.91,394.37,285.73,219.42,289.46,200.04,212.81,134.75,840.52,382.84,107.81,299.44,296.76,512.71,394.14,287.42,258.79,287.57,204.56,285.62,83.7,294.36,157.68,765.18,78.77,243.47,373.18,552.25,274.86,413.6,157.68,301.56,300.62,157.74,280.05,298.33,246.81,38.53,276.24,266.06,126.49,304.53,183.54,57.55,229.48,49.89,434.97,294.75,508.5,812.26,812.04,302.11,153.9,510.31,118.26,130.31,0.0,240.18,219.74,388.63,389.12,559.05,109.22,459.36,844.1,292.62,412.8,91.29,430.03,133.83,209.34,197.37,288.79,218.76,247.09,509.81,282.99,103.98,200.83,321.31,178.24,167.47,536.75,93.26,508.05,424.6,108.9,273.84,502.56,286.4,44.51,323.9,816.11,353.69,813.72,349.11,345.51,827.82,577.03,250.44,302.64,427.47,280.41,300.81,414.93,291.17,292.47,323.82,96.16,409.28,394.12,411.68,247.93,238.75,333.17,453.63,386.42,511.5,513.9,398.67,135.6,159.91,298.22,185.94,509.16,412.9,278.55,117.21,129.93,450.1,265.33,214.71,282.47,301.38,301.77,406.19,389.81,558.6,559.42,20.8,502.94,93.67,152.67,555.96,280.67,297.28,133.59,364.17,84.64,115.15,57.38,105.09,557.13,301.37,163.75,404.16
Kalutara Bodhiya,203.85,404.12,279.39,257.46,375.08,139.05,412.96,305.19,267.09,278.4,454.01,36.13,35.57,349.65,53.97,33.24,245.73,699.45,300.11,96.46,41.66,39.7,400.86,317.4,62.39,358.82,238.63,337.84,36.48,107.64,370.18,72.4,654.08,190.76,351.45,274.54,520.5,361.21,379.68,72.4,41.91,41.31,72.65,281.87,40.54,196.63,220.05,280.74,289.18,82.2,113.08,55.55,213.55,271.97,216.87,369.06,38.76,396.06,677.16,677.14,43.16,74.49,398.58,90.78,85.02,240.18,0.0,31.62,307.26,306.92,519.04,304.19,407.18,710.1,43.08,379.15,311.77,377.4,81.22,52.78,372.94,195.39,335.27,355.44,397.51,285.49,272.88,37.9,328.6,50.22,306.06,504.13,100.64,408.18,369.84,95.62,288.11,392.49,58.68,198.22,118.65,667.41,281.56,679.95,146.64,140.24,697.91,537.03,355.86,42.64,457.89,287.4,42.42,350.48,285.51,182.73,273.8,100.98,376.06,321.09,378.23,354.69,4.62,239.16,372.73,292.76,399.68,402.36,363.23,81.94,70.47,40.47,52.9,492.22,348.5,276.49,66.96,328.83,428.62,191.34,308.83,242.31,43.82,43.71,373.45,307.63,523.54,523.62,228.69,390.46,203.55,75.63,521.62,278.83,40.19,60.29,329.24,103.46,90.64,217.86,101.7,410.28,43.33,338.42,281.38
Kande Viharaya Temple,221.85,431.87,286.71,281.79,394.71,170.49,409.71,330.49,269.23,279.0,464.24,52.91,4.59,357.34,59.72,8.36,241.67,730.05,324.73,81.05,58.51,56.56,428.56,340.71,50.13,361.63,252.34,334.33,53.25,92.98,377.08,55.78,682.94,178.77,352.61,299.79,541.9,366.03,399.52,55.78,58.76,58.16,56.02,292.29,57.4,203.08,196.32,290.61,297.02,66.47,143.35,38.7,188.11,274.61,192.09,392.15,55.62,423.78,707.46,707.43,60.02,57.94,426.26,75.1,69.02,219.74,31.62,0.0,332.12,331.86,541.27,292.55,429.4,740.38,59.76,398.96,296.55,401.81,65.19,21.23,366.04,210.94,333.9,356.85,425.22,296.16,263.22,39.51,342.44,51.99,302.06,525.48,85.76,434.96,391.78,80.2,297.24,419.99,48.12,176.37,150.05,698.29,303.52,710.17,178.12,171.76,727.97,559.39,357.71,59.49,471.71,297.58,59.27,373.11,297.47,205.65,292.9,85.95,395.77,344.07,397.99,356.25,34.05,262.41,397.38,318.47,427.38,430.05,382.94,65.82,53.84,57.34,36.05,511.81,371.08,286.95,58.89,317.42,447.9,201.9,308.01,254.98,60.68,60.58,393.06,332.61,545.31,545.46,206.5,418.14,194.61,59.1,543.3,289.5,57.05,46.94,348.15,88.9,75.1,192.28,86.26,440.48,60.18,330.73,308.67
Kandy Lake,116.23,348.64,130.54,50.34,233.25,247.63,396.0,4.26,163.05,172.54,355.78,261.36,338.25,141.51,175.84,323.14,234.06,812.51,7.54,428.42,270.3,271.82,343.82,178.16,275.98,179.21,106.61,213.06,259.82,430.82,156.81,418.82,706.74,276.92,187.2,32.76,446.55,264.84,240.54,418.82,274.5,274.67,419.53,110.38,272.16,163.03,405.21,114.06,126.77,410.87,213.6,401.14,417.99,159.96,413.91,244.76,270.84,337.8,771.79,771.45,270.64,420.34,340.41,424.95,422.87,388.63,307.26,332.12,0.0,0.88,448.48,357.02,291.09,817.22,249.96,239.66,401.55,70.11,416.57,353.19,382.59,130.8,197.96,187.22,339.64,108.21,308.83,371.4,167.7,208.59,283.29,423.04,423.34,338.4,237.26,427.46,118.41,329.34,281.79,368.27,244.09,778.95,119.38,773.83,250.78,254.4,794.01,474.75,184.44,274.16,349.8,111.39,270.51,215.74,99.66,79.95,88.46,427.46,234.92,179.74,238.22,185.76,300.69,90.84,264.62,15.88,342.11,345.54,216.73,420.45,416.1,272.16,396.56,399.88,212.74,110.94,283.09,379.67,308.38,150.69,186.04,109.89,266.14,267.54,230.87,1.22,452.53,453.02,396.66,329.85,256.35,422.06,449.4,109.14,271.07,340.71,165.94,421.16,421.16,423.49,438.66,413.61,268.14,352.07,195.41
Kandy View Point,116.21,348.15,131.12,50.1,233.38,246.84,396.88,3.39,163.59,173.12,356.42,260.81,338.01,142.35,175.71,322.91,234.79,811.97,7.52,428.61,269.68,271.22,343.33,177.86,275.42,180.02,106.89,213.77,259.26,431.1,157.67,418.86,706.35,277.37,187.99,32.38,446.61,265.67,240.66,418.86,273.88,274.05,419.55,110.98,271.56,163.2,405.6,114.64,127.39,411.0,212.89,401.08,418.33,160.5,414.28,244.59,270.24,337.31,771.28,770.96,270.0,420.39,339.92,425.12,423.0,389.12,306.92,331.86,0.88,0.0,448.5,357.75,291.04,816.73,249.36,239.76,402.26,70.48,416.68,352.99,383.44,130.8,198.69,188.01,339.17,108.84,309.56,371.23,168.28,208.54,284.1,423.11,423.58,338.01,237.19,427.65,119.06,328.86,281.23,368.64,243.36,778.37,119.08,773.34,249.96,253.61,793.52,474.77,185.25,273.54,350.29,112.03,269.89,215.59,100.29,79.11,88.5,427.69,235.05,179.49,238.33,186.56,300.34,90.13,264.32,15.24,341.61,345.06,216.84,420.56,416.12,271.56,396.49,400.05,212.59,111.49,283.26,380.44,308.57,150.77,186.71,110.21,265.52,266.91,231.0,0.79,452.57,453.06,397.09,329.36,256.89,422.1,449.44,109.71,270.47,340.8,166.09,421.41,421.33,423.86,438.88,412.97,267.51,352.91,194.7
Kanniya Hot Springs,564.69,128.51,551.57,497.23,153.5,422.16,302.6,449.01,586.2,589.39,168.11,469.1,545.76,509.34,436.2,535.9,426.12,272.93,456.0,609.28,469.23,471.79,129.15,202.23,479.49,540.62,550.33,594.49,467.99,606.86,504.73,606.93,188.6,488.5,555.77,478.44,13.69,230.98,147.84,606.93,471.44,472.05,607.41,533.74,471.27,608.87,580.63,537.32,542.74,599.68,422.02,594.42,593.25,581.06,588.88,109.56,472.04,131.14,248.01,247.57,468.09,607.86,129.57,608.31,608.13,559.05,519.04,541.27,448.48,448.5,0.0,358.25,81.38,264.52,456.99,148.57,385.93,384.86,604.14,558.0,329.8,579.24,579.94,552.43,130.57,529.91,342.34,572.04,238.17,459.9,304.06,18.33,603.79,111.77,108.73,608.81,536.49,129.09,484.43,557.4,433.15,271.78,237.75,246.84,418.81,425.21,249.32,13.4,549.0,470.6,126.77,531.26,468.67,168.61,523.29,336.31,252.06,606.92,152.08,198.19,149.67,551.46,514.59,280.04,112.04,459.69,129.4,128.36,164.07,606.92,605.1,471.33,591.08,46.41,170.58,537.21,509.28,360.11,79.66,598.35,585.32,551.74,464.94,465.82,155.16,447.71,8.31,7.17,570.45,132.71,467.72,608.99,9.34,534.51,470.96,551.8,200.28,600.9,605.43,596.52,615.52,184.16,466.51,332.25,256.86
Kataragama Temple,314.68,351.03,234.26,346.37,349.56,371.19,107.69,360.36,213.04,199.26,219.92,331.12,293.69,222.19,230.29,284.49,86.28,587.27,353.68,214.02,344.3,342.52,348.72,356.67,336.02,183.0,283.05,144.51,330.66,192.09,215.57,256.94,523.61,113.86,171.75,354.73,351.29,134.17,355.32,256.94,346.98,346.27,257.11,251.98,343.86,272.14,147.34,248.94,234.17,228.06,334.26,276.21,166.4,212.66,158.82,282.24,340.67,346.08,565.08,564.84,346.5,253.88,347.07,222.97,233.43,109.22,304.19,292.55,357.02,357.75,358.25,0.0,294.1,587.26,333.9,354.5,27.75,373.8,235.53,288.4,64.13,306.56,159.17,172.78,346.91,252.79,25.91,285.08,257.65,218.8,54.68,340.84,200.11,341.64,272.0,214.89,242.29,341.29,336.56,143.53,356.88,572.77,320.1,565.64,377.19,375.54,574.27,370.7,176.01,347.76,249.52,249.17,345.44,369.54,260.98,288.87,285.66,203.28,351.17,355.04,353.42,174.17,301.41,313.22,299.24,361.33,347.9,349.43,342.68,237.75,258.42,343.77,277.4,317.62,367.73,253.59,182.35,18.1,278.86,289.03,175.14,276.32,344.83,345.48,348.19,358.22,356.57,357.36,129.76,342.35,101.86,253.09,354.56,254.34,342.76,218.46,312.38,191.97,219.61,166.52,212.7,391.06,345.3,40.1,386.31
Kaudulla National Park,406.95,88.05,401.81,338.94,55.35,314.34,257.76,291.3,436.8,441.58,145.3,358.11,433.9,368.21,325.09,424.1,330.23,301.61,298.54,501.97,358.8,361.25,87.05,91.12,368.58,403.16,395.14,455.23,357.0,501.28,367.44,496.89,230.54,385.65,417.62,320.1,83.06,179.26,49.86,496.89,361.1,361.67,497.38,382.95,360.78,453.19,477.93,386.66,393.75,490.98,311.69,483.35,489.35,432.04,485.49,29.65,361.4,86.86,277.87,277.55,357.78,498.0,86.32,500.29,499.41,459.36,407.18,429.4,291.09,291.04,81.38,294.1,0.0,298.49,346.26,50.66,321.15,231.06,495.15,446.25,276.34,421.76,439.93,414.86,86.96,379.33,275.26,460.46,147.45,349.26,241.97,71.42,497.32,70.13,27.53,501.4,386.85,82.41,373.47,453.63,324.03,292.4,125.88,277.82,311.61,317.69,284.54,94.54,411.36,360.3,109.88,381.09,358.31,56.95,372.13,224.44,142.35,500.35,53.74,86.7,51.68,413.74,402.72,168.28,41.07,301.48,86.73,86.92,61.78,497.89,494.94,360.84,479.91,71.35,58.86,385.95,400.97,298.79,41.27,441.69,441.51,397.11,354.6,355.5,56.57,290.25,84.77,84.77,469.03,85.8,366.33,499.2,83.48,383.34,360.42,442.24,95.2,494.99,497.52,492.84,508.65,148.85,356.16,273.67,153.55
Keerimalai Hot springs,913.56,238.6,946.8,850.2,465.28,573.93,555.53,815.21,980.16,988.99,429.85,643.58,744.79,933.79,667.33,738.63,726.83,20.8,823.03,858.46,636.01,639.63,241.05,452.34,651.19,972.06,920.12,1019.21,642.75,866.0,938.21,834.58,77.54,765.75,984.94,834.11,277.49,477.69,460.05,834.58,636.63,637.67,835.1,926.51,638.31,969.21,853.93,930.3,941.61,839.81,597.09,809.83,860.97,976.82,859.0,305.47,640.95,244.08,23.96,23.98,633.57,837.24,242.78,852.92,847.61,844.1,710.1,740.38,817.22,816.73,264.52,587.26,298.49,0.0,630.08,460.85,613.2,782.44,841.67,761.25,574.64,928.78,1003.44,983.08,243.14,923.87,565.92,779.02,555.92,694.11,537.61,281.64,858.27,245.92,316.77,857.44,933.51,248.45,655.9,827.46,593.34,49.01,491.52,22.21,566.89,573.93,15.43,258.39,979.67,635.33,388.7,926.68,634.79,438.06,915.47,558.99,523.86,860.67,463.73,453.33,461.81,981.77,706.81,511.77,288.02,819.81,241.92,240.2,469.6,843.99,831.61,638.43,805.23,310.01,439.83,927.66,758.59,594.0,326.98,952.56,998.1,924.64,631.41,631.9,466.35,816.04,271.09,269.81,849.17,248.12,751.25,839.01,272.9,925.65,638.64,788.21,496.23,858.52,850.93,865.08,867.0,218.13,632.7,570.61,444.1
Kelaniya Raja Maha Vihara,182.1,329.37,274.26,207.06,321.65,58.58,418.52,246.71,276.51,290.34,423.85,13.61,61.98,336.9,55.39,59.69,260.44,619.05,244.14,135.06,14.25,15.52,326.2,255.15,22.93,357.94,222.13,354.24,12.72,144.38,357.99,114.1,576.42,227.9,355.29,219.21,460.46,347.69,325.56,114.1,17.23,17.3,114.36,268.33,15.59,207.28,280.35,268.78,281.55,121.78,35.85,98.21,277.73,279.6,279.57,306.44,15.28,321.44,597.13,597.13,14.88,116.01,324.01,130.08,125.13,292.62,43.08,59.76,249.96,249.36,456.99,333.9,346.26,630.08,0.0,325.14,349.69,316.56,121.43,71.08,388.76,182.53,346.69,358.35,322.86,270.79,299.35,80.82,292.29,62.51,317.25,444.4,138.02,335.7,310.29,134.3,277.29,318.4,27.97,255.48,38.04,586.77,224.11,600.01,66.27,60.21,618.2,474.47,357.64,17.16,418.29,273.84,14.54,289.41,267.36,127.98,224.95,138.67,322.41,259.62,324.34,357.24,41.6,179.56,305.95,234.11,325.06,327.73,309.81,122.34,112.26,15.59,95.6,437.1,287.58,263.51,93.9,357.14,375.17,192.86,321.09,228.11,12.09,12.99,320.13,249.9,462.58,462.46,285.38,315.96,232.91,117.1,460.89,264.94,14.9,96.63,278.91,140.08,129.64,282.19,140.25,330.52,13.2,357.28,208.84
Kiri Vehera,355.5,160.16,339.49,289.52,5.06,300.84,305.02,240.69,374.21,377.81,162.06,335.99,403.35,300.49,290.83,393.03,281.94,464.7,247.2,460.72,338.48,340.53,158.09,80.92,346.56,334.14,338.87,387.02,334.86,458.4,298.22,459.48,367.62,340.71,348.9,270.99,145.4,196.44,0.83,459.48,341.02,341.46,459.96,321.51,340.29,397.54,432.99,325.11,330.79,451.41,292.32,448.43,445.19,369.15,440.99,55.03,340.43,156.68,432.24,431.82,337.83,460.25,156.59,459.84,459.85,412.8,379.15,398.96,239.66,239.76,148.57,354.5,50.66,460.85,325.14,0.0,391.89,173.46,456.0,414.51,329.38,369.6,371.98,345.92,157.16,317.7,329.3,427.62,97.06,313.5,282.36,129.0,455.23,137.97,35.43,460.25,324.41,149.88,351.25,409.35,307.59,451.06,101.31,432.27,299.28,304.68,441.75,166.95,342.43,340.38,121.85,319.09,338.18,52.76,311.06,198.47,106.2,458.35,3.54,74.95,1.11,344.85,374.58,145.97,83.68,252.15,157.38,158.28,16.05,458.77,457.77,340.33,445.29,113.07,53.16,324.99,360.93,360.48,50.02,387.77,375.32,340.03,334.59,335.53,6.64,238.99,150.16,150.68,423.35,153.82,320.49,461.31,147.82,322.26,339.79,404.04,52.07,452.4,456.94,448.53,466.95,240.24,336.13,325.68,154.51
Kirinda Viharaya,347.94,376.27,274.65,386.42,386.93,391.05,128.4,404.68,249.28,236.29,246.84,345.57,297.1,271.2,247.69,288.84,117.78,612.86,397.65,199.09,359.06,356.97,373.93,391.51,349.44,232.52,319.82,188.81,345.21,174.47,266.4,247.59,550.25,122.58,220.11,396.39,379.03,161.57,392.7,247.59,361.59,360.8,247.69,293.55,358.4,300.47,129.42,290.23,276.06,216.99,353.6,270.88,148.12,249.92,140.46,308.63,355.04,371.21,590.87,590.64,361.43,244.03,372.26,209.44,221.24,91.29,311.77,296.55,401.55,402.26,385.93,27.75,321.15,613.2,349.69,391.89,0.0,423.13,224.4,289.74,83.44,338.12,204.28,221.7,372.07,294.9,47.59,284.04,295.22,232.72,82.42,368.55,184.5,367.37,298.67,200.19,284.4,366.48,349.47,132.48,375.48,597.86,354.12,591.5,397.44,395.21,600.35,398.4,225.06,362.46,277.05,291.41,360.28,405.57,303.32,316.46,320.19,187.38,388.53,390.12,390.79,223.03,309.47,344.65,325.23,404.55,373.1,374.66,379.81,226.3,249.56,358.29,272.73,345.37,403.73,294.49,186.69,33.2,306.48,318.41,216.24,313.31,360.06,360.63,385.54,402.77,384.29,385.07,111.84,367.42,117.83,242.95,382.28,295.59,357.3,216.17,348.98,175.86,206.3,147.28,196.16,414.69,360.38,63.43,417.85
Knuckles Mountain Range,183.15,315.99,171.81,120.19,166.71,304.71,373.44,72.32,206.81,212.74,293.01,329.04,407.89,151.95,244.22,392.66,255.96,780.88,77.31,486.32,336.75,338.64,311.38,136.33,343.86,190.89,165.51,236.79,327.47,485.1,159.09,482.94,664.03,321.84,203.04,102.86,381.17,227.44,174.43,482.94,340.84,341.14,483.62,152.44,338.81,224.12,453.21,156.21,164.49,471.84,276.77,467.96,468.66,202.33,463.5,191.51,337.84,306.09,738.11,737.7,336.77,484.03,308.12,484.39,483.9,430.03,377.4,401.81,70.11,70.48,384.86,373.8,231.06,782.44,316.56,173.46,423.13,0.0,478.2,422.29,375.86,196.8,221.01,201.45,307.74,148.97,329.81,439.86,103.37,275.19,285.04,357.75,479.44,299.42,178.76,485.57,157.11,296.76,349.89,417.84,305.21,751.37,84.17,739.56,306.21,311.23,757.8,411.17,198.13,340.35,281.19,150.99,336.81,162.75,141.47,137.08,34.29,483.77,168.56,134.87,171.96,200.12,370.8,100.01,218.74,84.96,309.75,312.81,150.81,482.16,480.51,338.83,463.65,331.76,159.84,155.19,342.73,391.09,240.3,214.37,217.07,166.89,332.21,333.6,164.34,69.77,387.84,388.48,441.79,298.71,296.23,485.57,384.54,152.64,337.82,403.74,99.09,476.06,480.34,473.79,495.71,397.97,334.29,353.81,191.25
Koggala Lake,302.23,521.7,318.41,370.74,451.19,285.63,376.89,416.66,286.76,288.6,480.96,115.36,63.74,378.32,93.97,63.5,222.1,833.64,409.2,32.92,121.82,119.95,518.29,414.06,113.7,364.03,312.73,317.23,115.57,60.12,392.55,25.21,775.71,141.47,350.19,389.34,601.31,367.17,456.69,25.21,122.35,121.76,25.12,333.54,120.83,254.29,98.23,330.32,328.52,7.49,253.23,58.59,82.59,292.56,89.23,462.63,118.94,513.63,808.89,808.79,123.37,20.8,515.89,20.22,7.18,133.83,81.22,65.19,416.57,416.68,604.14,235.53,495.15,841.67,121.43,456.0,224.4,478.2,0.0,55.22,321.74,286.95,324.92,354.73,515.06,337.63,217.8,46.8,379.33,79.84,274.6,584.96,46.08,520.19,457.59,31.27,333.09,508.86,112.05,92.44,265.17,804.15,373.45,811.17,293.39,287.72,827.76,622.56,357.09,123.06,502.2,337.05,122.61,442.42,343.07,286.06,352.81,44.85,452.52,416.01,454.92,354.84,81.78,339.6,474.17,407.36,517.06,519.69,440.23,2.83,28.32,120.76,62.76,564.3,440.31,329.34,50.88,258.88,500.99,265.91,306.06,311.4,123.73,123.71,449.52,417.47,606.17,606.64,114.36,507.88,165.49,19.21,603.81,332.14,120.4,54.07,404.0,54.43,21.7,85.52,41.84,543.2,123.37,286.06,399.51
Kosgoda Sea Turtle Conservation Project,240.28,451.59,298.09,302.94,410.16,191.73,410.91,351.81,277.65,286.26,473.98,64.23,17.28,368.25,66.61,23.02,243.25,751.04,345.71,71.66,69.79,67.83,448.27,358.27,61.39,369.43,267.99,338.25,64.57,84.29,387.34,45.06,703.14,175.51,359.42,321.28,558.18,372.69,415.1,45.06,70.01,69.41,45.28,305.49,68.67,215.36,183.34,303.49,308.61,56.84,164.32,51.52,173.67,283.24,178.19,409.5,66.9,443.5,728.31,728.28,71.29,47.3,445.97,65.45,59.04,209.34,52.78,21.23,353.19,352.99,558.0,288.4,446.25,761.25,71.08,414.51,289.74,422.29,55.22,0.0,364.91,228.24,339.21,363.79,444.94,309.47,260.7,18.29,354.68,57.02,303.23,541.72,76.9,454.2,408.51,70.79,309.58,439.59,59.34,165.21,171.27,719.38,320.44,731.01,199.35,192.97,748.73,576.19,364.93,70.74,483.63,310.56,70.54,390.24,311.53,223.38,308.31,76.94,411.27,361.46,413.52,363.32,55.27,280.09,415.54,340.07,447.07,449.76,398.44,55.71,43.07,68.6,46.55,527.07,388.2,300.21,56.79,313.29,463.06,216.6,313.99,269.98,71.98,71.86,408.49,353.74,561.78,561.98,194.76,437.83,193.35,48.46,559.73,302.87,68.32,40.43,363.3,80.34,65.62,177.68,76.82,461.33,71.47,329.22,328.26
Kumana National Park,377.76,345.5,285.92,388.5,324.88,416.7,45.0,386.61,278.85,265.05,175.12,388.54,367.81,242.08,286.19,357.73,128.9,576.91,381.66,301.6,400.79,399.63,343.41,351.52,395.06,207.86,339.75,201.15,387.88,280.19,225.79,342.1,506.37,190.22,205.29,391.03,320.97,98.98,330.18,342.1,403.69,403.15,342.31,297.75,400.77,349.07,235.51,295.95,281.19,314.28,381.98,358.68,254.56,275.94,247.0,270.79,397.95,341.23,553.59,553.3,402.6,339.31,341.89,310.12,320.06,197.37,372.94,366.04,382.59,383.44,329.8,64.13,276.34,574.64,388.76,329.38,83.44,375.86,321.74,364.91,0.0,374.14,209.19,203.38,341.91,296.79,76.73,363.9,234.81,281.3,52.72,311.67,287.91,333.29,258.49,302.42,287.64,336.21,396.48,230.64,405.48,565.4,321.1,553.71,421.67,421.37,560.81,341.28,205.11,404.25,210.53,293.16,401.73,356.25,303.24,317.04,285.6,291.12,326.44,348.51,328.41,204.71,369.6,326.49,290.12,391.63,342.65,343.93,320.66,324.05,343.32,400.69,359.37,285.86,354.74,301.35,258.74,50.5,253.1,362.55,234.34,333.06,400.47,401.24,323.79,383.68,326.79,327.74,217.94,337.91,171.65,338.69,324.73,300.9,399.69,299.58,296.83,279.88,306.74,254.7,300.62,392.95,401.21,26.23,396.33
Laxapana Falls,15.49,464.14,92.08,83.81,363.04,224.38,415.52,130.46,96.19,110.34,453.56,184.82,216.56,158.4,51.28,200.68,192.84,920.79,123.28,302.08,200.83,199.86,459.26,304.67,196.14,175.84,43.59,173.72,183.66,308.91,179.51,288.09,826.41,178.37,172.76,102.41,576.99,323.49,370.52,288.09,205.14,204.56,288.79,89.04,201.24,42.04,293.23,88.67,100.07,281.76,172.69,271.16,301.46,98.44,299.21,374.1,197.74,452.81,882.51,882.28,203.04,289.71,455.83,297.09,293.68,288.79,195.39,210.94,130.8,130.8,579.24,306.56,421.76,928.78,182.53,369.6,338.12,196.8,286.95,228.24,374.14,0.0,164.96,175.84,454.78,92.19,255.79,244.11,278.55,78.39,271.31,553.48,299.19,458.96,367.82,300.92,96.86,445.29,199.56,254.96,205.91,882.99,246.58,885.17,232.61,230.74,907.16,605.53,175.22,205.69,463.07,94.65,201.99,345.3,90.99,131.14,219.17,302.96,364.8,307.37,368.14,174.75,189.0,200.55,390.73,120.6,457.52,461.16,346.76,290.76,285.32,201.15,266.85,528.54,342.3,83.81,156.64,337.37,437.1,23.98,140.1,48.13,199.61,200.79,360.64,131.59,583.14,583.67,289.84,444.64,171.47,291.47,579.96,85.76,199.76,210.47,295.39,298.52,293.55,307.44,313.2,510.49,200.87,330.86,294.66
Lipton’s Seat,168.81,536.31,78.79,188.98,364.76,386.96,255.39,201.26,70.65,57.62,362.81,347.25,337.67,71.72,201.96,322.03,36.13,1001.57,194.53,315.11,364.29,362.85,531.66,357.26,357.24,41.23,131.81,15.77,346.24,300.69,75.81,343.67,883.76,127.37,26.08,196.09,570.17,200.34,373.11,343.67,368.49,367.8,344.21,94.29,364.39,142.5,253.52,91.61,76.5,315.66,336.73,351.0,274.71,67.14,266.98,409.03,360.56,526.18,959.04,958.63,366.75,341.96,528.34,319.86,326.83,218.76,335.27,333.9,197.96,198.69,579.94,159.17,439.93,1003.44,346.69,371.98,204.28,221.01,324.92,339.21,209.19,164.96,0.0,30.41,527.89,94.59,111.04,344.51,240.28,200.91,106.52,548.01,301.71,520.44,391.99,315.19,84.26,517.03,359.74,224.49,370.24,970.99,302.49,960.54,394.39,393.54,978.79,605.59,33.28,369.21,399.45,90.9,365.57,381.15,102.49,255.34,255.09,306.58,366.96,355.86,370.37,30.81,329.83,288.6,439.11,202.16,530.01,533.16,352.37,328.89,343.46,364.31,349.76,509.04,378.36,96.69,199.84,183.69,424.24,154.39,26.55,125.01,363.56,364.69,362.57,199.18,579.21,580.41,236.53,518.61,93.43,342.24,575.46,96.96,362.87,267.73,304.39,294.45,315.04,278.53,320.34,610.33,364.69,167.19,393.13
Little Adam's Peak View Point,177.13,517.44,84.34,186.02,338.7,392.72,239.74,190.89,88.37,77.85,332.66,360.41,360.92,49.52,217.59,345.09,56.89,982.14,184.82,345.47,376.67,375.62,512.85,337.61,371.25,11.81,137.87,42.66,359.31,331.05,47.76,372.84,861.26,157.78,4.59,190.33,542.12,171.73,347.06,372.84,380.96,380.36,373.37,94.46,377.04,159.66,283.31,92.81,78.34,345.56,344.23,378.66,304.82,83.51,296.96,386.23,373.46,507.56,939.06,938.61,378.88,371.27,509.57,350.06,356.81,247.09,355.44,356.85,187.22,188.01,552.43,172.78,414.86,983.08,358.35,345.92,221.7,201.45,354.73,363.79,203.38,175.84,30.41,0.0,509.21,93.43,128.55,370.31,212.27,221.01,100.09,520.14,332.12,500.08,368.08,345.51,84.39,498.21,374.23,254.74,377.91,952.82,284.59,940.37,399.51,399.43,958.03,577.95,3.49,381.54,369.11,89.79,377.83,358.82,99.94,251.51,235.76,336.99,340.95,335.66,344.31,1.46,349.76,276.47,417.71,193.63,511.22,514.26,326.89,358.71,372.47,376.95,377.19,480.3,356.12,98.23,227.91,192.9,396.36,169.01,50.55,131.4,375.45,376.63,336.56,188.4,551.34,552.6,265.8,500.14,123.77,371.61,547.54,97.65,375.54,296.14,280.07,324.84,345.26,308.55,350.74,595.61,376.71,166.78,380.38
Lovamahapaya Brazen Palace,439.37,4.84,469.26,374.12,159.82,275.35,330.75,337.69,502.56,511.44,230.87,336.29,429.79,459.69,338.93,421.9,394.31,241.25,345.54,529.05,332.37,335.59,2.43,120.44,345.66,498.6,443.29,543.64,335.28,534.57,466.11,510.88,189.58,431.53,510.73,357.47,140.27,250.95,156.57,510.88,333.85,334.73,511.4,448.97,334.64,494.16,520.37,452.74,464.23,512.44,287.2,489.93,528.11,499.24,525.83,75.14,336.4,1.05,220.1,219.92,330.5,513.01,1.05,524.55,520.53,509.81,397.51,425.22,339.64,339.17,130.57,346.91,86.96,243.14,322.86,157.16,372.07,307.74,515.06,444.94,341.91,454.78,527.89,509.21,0.0,446.36,324.52,461.67,237.61,365.56,299.88,132.53,527.69,19.27,89.35,528.15,456.09,5.72,350.69,494.1,291.09,225.87,157.83,221.08,270.08,277.14,231.34,139.16,505.86,332.75,196.76,449.23,331.44,115.38,437.96,229.08,191.41,530.26,158.64,122.52,157.71,507.86,393.58,178.41,54.08,342.62,1.61,3.55,158.56,517.54,508.23,334.73,485.7,147.03,116.61,450.09,427.8,355.13,128.09,478.2,521.27,447.6,327.71,328.44,160.14,338.49,137.98,137.19,515.13,5.21,416.94,514.62,137.9,448.07,334.64,461.03,174.22,527.31,522.31,532.14,537.17,61.91,329.2,334.2,116.76
Lover's Leap Falls,89.04,455.19,23.12,94.44,310.63,299.96,328.8,110.91,57.88,65.19,367.65,275.04,301.26,66.49,141.19,285.13,129.73,919.89,103.54,341.01,289.95,289.48,450.41,280.09,287.06,89.96,49.2,108.43,273.79,337.26,87.64,347.16,810.19,173.16,91.63,101.94,523.95,231.41,318.75,347.16,294.3,293.87,347.83,4.16,290.68,94.2,304.29,7.41,18.84,330.26,252.6,340.67,319.8,53.68,314.53,340.22,287.55,444.56,878.7,878.34,291.79,347.29,447.02,340.69,342.26,282.99,285.49,296.16,108.21,108.84,529.91,252.79,379.33,923.87,270.79,317.7,294.9,148.97,337.63,309.47,296.79,92.19,94.59,93.43,446.36,0.0,203.27,321.56,204.9,157.16,193.44,500.83,332.68,442.86,327.58,340.44,10.52,435.86,290.85,268.91,286.29,886.93,222.34,880.59,306.49,306.73,900.21,556.14,91.76,294.69,385.16,3.71,290.91,311.31,8.55,160.78,180.34,337.16,312.66,280.22,316.11,92.08,279.26,198.64,365.36,109.76,448.71,452.06,295.89,341.66,345.51,290.61,337.56,469.01,308.36,9.26,201.45,278.25,379.22,94.63,78.66,44.08,288.06,289.33,308.27,109.41,531.56,532.41,293.34,436.71,149.51,348.41,528.06,6.69,289.24,267.06,244.59,328.61,336.39,324.88,349.56,521.64,289.52,258.96,302.96
Lunugamvehera National Park,263.81,328.75,184.09,296.27,324.3,335.79,115.72,312.06,162.17,148.41,212.45,296.98,264.68,177.94,195.57,255.01,52.45,565.42,305.19,200.19,310.02,308.34,326.4,326.25,302.18,139.61,232.29,95.79,296.48,181.49,174.19,237.32,503.56,85.26,126.79,305.16,336.09,125.48,330.12,237.32,312.75,312.07,237.55,202.24,309.66,221.89,139.03,199.09,184.52,210.44,298.95,253.18,157.45,161.87,150.31,261.77,306.52,323.67,543.51,543.28,312.17,234.72,324.73,207.63,216.66,103.98,272.88,263.22,308.83,309.56,342.34,25.91,275.26,565.92,299.35,329.3,47.59,329.81,217.8,260.7,76.73,255.79,111.04,128.55,324.52,203.27,0.0,258.9,233.42,185.27,46.22,325.3,187.32,320.03,252.16,200.82,192.75,318.96,302.9,128.95,321.66,550.3,288.7,544.18,341.73,340.15,553.15,355.05,131.96,313.49,238.85,199.69,311.13,340.94,211.56,253.72,254.85,190.68,325.89,324.94,328.2,129.86,269.91,279.69,278.05,312.45,325.57,327.14,316.69,220.23,238.38,309.57,253.86,303.21,339.06,203.61,154.23,42.02,262.68,238.54,125.01,225.58,310.43,311.08,322.86,310.05,341.14,341.86,122.63,319.88,69.34,234.19,339.15,204.47,308.55,194.08,285.0,179.91,204.18,158.52,200.44,367.23,310.94,50.51,352.89
Madu River Safari by Buddhi,256.93,468.31,308.68,321.36,423.19,209.99,411.81,370.22,285.94,293.55,482.1,73.98,35.55,378.04,73.05,40.4,245.08,768.96,363.86,63.74,79.54,77.58,464.99,373.16,71.14,376.63,282.21,342.36,74.31,76.96,396.54,67.28,720.28,173.73,365.85,339.92,571.81,378.33,428.22,67.28,79.75,79.15,36.09,317.51,78.42,227.44,172.6,315.28,319.29,48.78,182.3,33.42,161.59,291.69,166.6,424.17,76.66,460.22,746.1,746.06,81.04,38.2,462.66,57.3,50.59,200.83,37.9,39.51,371.4,371.23,572.04,285.08,460.46,779.02,80.82,427.62,284.04,439.86,46.8,18.29,363.9,244.11,344.51,370.31,461.67,321.56,258.9,0.0,365.08,62.25,304.41,555.36,69.46,470.49,422.65,62.86,320.89,456.23,69.08,156.36,189.53,737.43,334.83,748.77,217.62,211.26,766.41,590.29,371.66,80.48,493.59,322.39,80.3,404.74,324.21,238.6,321.45,69.34,424.33,376.19,426.63,369.9,39.22,295.19,430.92,358.76,463.8,466.47,411.57,47.16,63.51,78.35,28.41,539.85,402.69,312.34,56.22,309.85,475.8,230.57,319.99,283.69,81.73,81.62,421.53,372.0,575.6,575.82,185.1,454.54,193.11,39.38,573.5,315.04,78.07,36.24,376.12,73.16,57.63,165.45,68.8,479.1,81.22,327.99,344.92
Maduru Oya National Park,267.36,242.11,223.5,214.11,92.2,285.65,217.41,170.87,255.96,256.39,132.77,300.33,346.44,170.98,230.46,335.39,187.95,558.52,173.83,379.62,306.51,307.63,239.4,124.47,310.53,200.49,239.38,254.53,299.25,373.94,164.7,386.46,464.32,253.32,215.7,199.35,230.94,107.91,97.88,386.46,309.44,309.57,386.91,209.04,307.85,295.91,344.58,212.08,213.45,373.97,265.59,380.93,358.26,250.31,353.4,137.62,306.96,236.78,526.63,526.25,306.69,386.52,237.45,380.42,382.31,321.31,328.6,342.44,167.7,168.28,238.17,257.65,147.45,555.92,292.29,97.06,295.22,103.37,379.33,354.68,234.81,278.55,240.28,212.27,237.61,204.9,233.42,365.08,0.0,248.37,185.29,215.5,372.45,224.02,120.63,379.37,208.86,229.8,314.55,322.51,285.85,542.71,107.37,526.9,286.64,290.21,537.18,255.99,208.86,309.17,129.38,205.18,306.63,122.44,200.34,168.18,79.79,375.73,93.81,120.14,96.0,211.35,324.0,137.08,164.8,183.51,238.44,240.0,86.44,382.17,385.28,307.86,378.48,188.55,121.1,213.6,284.24,263.43,128.86,291.02,247.84,238.24,303.52,304.5,90.91,167.72,237.36,238.22,333.5,232.62,231.39,387.28,234.71,210.77,307.1,330.38,63.48,368.62,377.28,361.27,384.85,313.25,304.94,229.07,186.87
Maha Saman Dewalaya,92.4,372.21,147.54,160.01,308.93,163.72,319.2,207.99,132.64,143.89,367.27,60.21,53.84,218.21,26.79,47.81,152.9,687.09,201.04,87.66,67.38,66.29,368.79,265.47,62.54,224.7,115.54,204.11,60.0,92.58,238.16,79.02,626.24,110.7,216.99,178.84,458.56,268.89,314.15,79.02,68.74,68.33,79.29,153.24,67.04,63.86,171.84,151.44,157.8,78.34,126.29,71.98,173.46,137.64,173.52,315.01,65.27,364.15,661.46,661.33,68.64,79.8,366.4,84.86,82.67,178.24,50.22,51.99,208.59,208.54,459.9,218.8,349.26,694.11,62.51,313.5,232.72,275.19,79.84,57.02,281.3,78.39,200.91,221.01,365.56,157.16,185.27,62.25,248.37,0.0,212.85,442.11,87.85,370.5,311.43,87.11,157.97,359.3,62.8,145.41,145.98,658.95,225.38,663.58,170.86,167.34,679.71,478.27,221.51,69.2,377.01,158.44,68.02,295.02,158.89,136.49,207.93,89.04,310.14,267.75,312.48,220.29,48.14,190.03,325.17,197.46,367.58,370.19,297.48,81.2,77.87,66.99,70.36,424.85,292.92,147.92,67.12,242.72,360.84,63.96,174.43,117.3,67.92,68.22,307.25,209.34,462.78,463.12,173.72,358.41,117.02,80.54,460.57,150.51,66.46,51.0,261.6,88.43,83.74,177.9,92.25,397.49,68.08,247.67,250.62
Maligawila Buddha Statue,274.46,303.77,182.4,285.9,277.51,344.24,78.35,287.16,176.94,163.48,166.96,317.55,304.26,141.77,215.56,293.7,60.47,538.51,281.72,260.02,329.54,328.52,301.55,292.12,324.42,105.43,236.23,100.26,316.84,243.12,127.99,292.06,472.27,134.59,101.83,289.35,296.88,80.3,283.17,292.06,332.48,331.98,292.35,194.29,329.61,248.25,201.83,192.45,177.64,267.42,309.65,303.65,219.9,173.64,212.95,232.15,326.9,299.12,515.83,515.57,331.27,289.96,299.96,266.4,274.26,167.47,306.06,302.06,283.29,284.1,304.06,54.68,241.97,537.61,317.25,282.36,82.42,285.04,274.6,303.23,52.72,271.31,106.52,100.09,299.88,193.44,46.22,304.41,185.29,212.85,0.0,286.54,247.89,293.09,221.09,260.5,184.16,294.2,326.07,189.54,333.17,525.25,258.41,516.23,349.17,348.9,524.29,316.41,102.02,332.99,195.17,189.77,330.44,301.5,200.04,245.67,223.02,251.3,279.1,289.81,281.3,101.46,302.48,258.94,250.16,291.21,300.76,302.17,271.33,277.19,292.68,329.54,303.62,263.04,299.79,197.83,199.35,56.81,224.87,260.81,132.36,229.56,329.06,329.83,276.21,284.4,302.23,303.02,185.79,295.56,112.24,289.69,300.2,197.42,328.53,243.97,242.99,240.93,262.92,221.22,261.15,347.72,329.83,35.24,330.44
Marble Beach,539.19,131.11,522.17,472.41,133.78,412.06,284.28,423.81,556.59,559.29,150.0,456.19,529.94,477.86,418.95,519.88,403.35,289.55,430.59,589.23,456.99,459.42,131.4,189.3,466.68,508.35,523.16,562.39,455.08,586.12,472.54,588.45,206.14,467.1,523.56,453.71,11.98,212.91,128.32,588.45,459.28,459.87,588.93,504.73,458.97,581.83,559.05,508.26,513.13,580.33,409.89,576.93,571.98,551.34,567.48,100.78,459.57,132.97,264.65,264.23,455.97,589.25,131.57,588.58,588.78,536.75,504.13,525.48,423.04,423.11,18.33,340.84,71.42,281.64,444.4,129.0,368.55,357.75,584.96,541.72,311.67,553.48,548.01,520.14,132.53,500.83,325.3,555.36,215.5,442.11,286.54,0.0,583.41,113.32,97.83,588.79,507.09,130.3,471.56,536.13,422.12,287.48,222.6,263.61,409.11,415.31,266.5,29.88,516.73,458.5,108.63,502.05,456.5,155.01,494.46,321.57,234.24,586.56,132.45,184.78,130.06,519.21,499.63,265.92,106.51,434.87,131.54,130.73,144.87,587.75,586.71,459.03,573.69,28.47,156.85,508.39,489.82,342.44,63.02,571.95,554.21,524.27,452.79,453.69,135.45,422.31,15.89,16.56,548.54,134.0,445.97,590.31,13.97,505.65,458.61,533.04,181.06,580.3,585.66,575.19,595.27,189.32,454.37,314.4,248.79
Matara Paravi Duwa Temple,314.64,534.25,311.27,381.54,450.3,315.15,345.56,424.09,277.11,275.7,464.49,132.56,84.69,363.02,102.05,83.32,201.15,851.64,416.34,14.82,139.43,137.66,530.83,420.84,131.66,342.58,316.86,291.45,132.69,14.21,374.4,38.02,787.91,122.06,327.75,399.39,599.53,347.49,455.97,38.02,140.16,139.58,37.96,328.82,138.54,261.21,55.34,325.26,320.49,40.12,280.55,55.36,37.72,282.51,45.0,467.31,136.6,526.29,825.71,825.55,140.97,66.78,528.42,26.85,40.5,93.26,100.64,85.76,423.34,423.58,603.79,200.11,497.32,858.27,138.02,455.23,184.5,479.44,46.08,76.9,287.91,299.19,301.71,332.12,527.69,332.68,187.32,69.46,372.45,87.85,247.89,583.41,0.0,530.58,460.4,16.14,326.38,521.08,130.32,58.44,295.08,823.67,379.73,827.73,322.83,317.72,843.57,622.17,334.91,140.84,490.41,331.39,140.22,446.94,339.3,299.43,355.62,3.44,451.71,422.15,454.14,332.49,100.78,349.78,481.37,416.29,529.61,532.18,439.89,46.89,39.67,138.47,57.38,560.13,444.84,325.37,53.28,222.21,497.93,276.06,287.06,314.16,141.1,141.16,448.65,424.37,604.95,605.55,72.69,520.56,146.1,65.04,602.49,328.07,138.06,41.38,403.83,8.85,24.53,40.08,13.29,562.2,140.84,253.05,414.25
Mihintale,443.49,18.65,465.94,376.56,141.16,290.82,319.95,336.88,499.99,508.03,215.18,348.93,439.54,450.75,344.11,431.21,388.68,245.66,344.76,532.68,345.92,349.02,18.39,114.38,358.62,489.11,444.0,536.21,347.9,536.85,455.55,517.26,187.56,430.41,501.9,359.1,121.19,240.22,137.32,517.26,347.58,348.39,517.77,445.76,348.15,497.06,520.51,449.55,460.18,517.23,299.87,497.78,529.12,496.31,526.47,63.1,349.69,19.66,223.49,223.27,344.2,519.2,18.34,528.78,525.42,508.05,408.18,434.96,338.4,338.01,111.77,341.64,70.13,245.92,335.7,137.97,367.37,299.42,520.19,454.2,333.29,458.96,520.44,500.08,19.27,442.86,320.03,470.49,224.02,370.5,293.09,113.32,530.58,0.0,76.63,531.84,452.21,17.35,363.66,494.56,305.52,232.33,154.38,224.15,285.99,292.95,233.37,120.75,496.67,346.53,179.92,445.52,345.08,102.05,434.64,234.48,185.81,533.28,139.86,115.2,138.65,498.77,404.12,180.96,43.18,343.09,18.39,17.9,141.45,522.75,514.75,348.23,493.69,127.9,103.6,447.28,430.92,349.0,110.8,481.91,515.68,447.84,341.31,342.07,141.68,337.29,119.05,118.3,514.42,20.93,414.65,520.71,118.92,445.14,348.07,466.12,161.45,529.77,526.42,533.05,540.51,79.83,342.84,326.9,127.05
Minneriya National Park,352.97,91.82,350.29,284.89,37.34,280.73,243.51,237.39,385.31,390.64,143.63,321.92,396.27,320.38,287.25,386.4,297.35,318.48,244.69,464.82,323.07,325.41,90.19,56.28,332.42,356.53,341.81,407.51,320.79,464.6,321.24,459.13,251.62,349.98,370.61,266.06,109.67,163.9,35.01,459.13,325.44,325.98,459.63,331.14,325.0,399.66,442.14,334.86,342.56,453.49,276.12,445.5,453.17,380.68,449.47,14.36,325.5,88.93,295.33,295.06,322.15,460.26,89.0,462.96,461.91,424.6,369.84,391.78,237.26,237.19,108.73,272.0,27.53,316.77,310.29,35.43,298.67,178.76,457.59,408.51,258.49,367.82,391.99,368.08,89.35,327.58,252.16,422.65,120.63,311.43,221.09,97.83,460.4,76.63,0.0,464.22,335.44,83.93,337.26,417.54,289.41,307.17,88.32,295.58,278.42,284.25,303.29,121.95,364.61,324.69,113.64,329.49,322.63,22.21,320.19,187.16,104.94,463.4,36.32,51.12,35.77,366.9,365.37,131.4,35.43,247.46,89.62,90.4,36.11,460.32,457.17,325.06,442.06,93.58,23.62,333.92,363.6,277.71,53.25,387.92,392.08,343.95,318.94,319.86,37.48,236.38,111.77,111.85,433.69,86.66,331.23,461.47,110.39,331.37,324.61,404.58,61.73,458.21,460.22,456.74,471.6,149.2,320.52,253.85,125.55
Mirissa Beach,316.39,534.75,319.65,384.13,455.35,308.93,359.52,427.99,286.14,285.77,474.47,128.58,78.95,374.23,101.4,78.07,211.98,850.29,420.3,1.67,135.3,133.47,531.33,423.26,127.36,355.65,321.47,305.68,128.74,29.37,386.55,56.17,788.67,131.88,341.08,402.3,605.01,358.29,460.98,56.17,135.94,135.35,56.03,336.47,134.36,264.54,71.3,333.0,329.21,26.41,275.13,47.89,53.86,291.71,61.11,470.5,132.43,526.74,824.79,824.65,136.83,51.57,528.93,11.19,25.05,108.9,95.62,80.2,427.46,427.65,608.81,214.89,501.4,857.44,134.3,460.25,200.19,485.57,31.27,70.79,302.42,300.92,315.19,345.51,528.15,340.44,200.82,62.86,379.37,87.11,260.5,588.79,16.14,531.84,464.22,0.0,334.67,521.69,125.89,71.98,288.66,821.75,382.26,826.92,316.65,311.31,843.03,627.2,348.19,136.63,499.01,339.36,136.08,450.17,346.67,299.3,359.3,14.07,456.75,424.78,459.17,345.81,95.95,350.9,483.7,419.64,530.12,532.69,444.75,31.66,59.46,134.29,50.05,566.35,448.06,332.76,53.98,237.28,503.74,278.4,299.14,319.24,137.06,137.09,453.69,428.44,610.25,610.81,88.48,521.01,156.14,49.71,607.82,335.51,133.9,38.14,408.58,24.99,9.81,56.17,11.38,560.34,136.76,267.31,413.83
Moon Plains,95.19,464.87,15.11,104.7,317.29,308.44,321.32,121.2,49.97,55.93,367.84,280.93,302.16,61.86,144.43,286.03,119.27,929.7,113.87,335.19,296.23,295.59,460.11,289.24,292.67,81.71,55.16,97.97,279.73,330.45,82.82,343.63,819.28,164.72,82.35,112.44,530.1,228.0,325.48,343.63,300.58,300.09,344.25,10.2,296.85,94.33,296.19,8.57,8.36,325.52,260.46,338.61,312.21,45.24,306.73,348.58,293.59,454.26,888.41,888.04,298.18,343.54,456.73,335.36,337.48,273.84,288.11,297.24,118.41,119.06,536.49,242.29,386.85,933.51,277.29,324.41,284.4,157.11,333.09,309.58,287.64,96.86,84.26,84.39,456.09,10.52,192.75,320.89,208.86,157.97,184.16,507.09,326.38,452.21,335.44,334.67,0.0,445.52,296.27,261.19,294.17,896.94,231.73,890.27,315.15,315.15,909.77,562.67,82.93,301.01,387.56,7.05,297.26,319.74,18.94,171.09,188.98,330.9,319.35,289.22,322.82,83.1,281.98,208.97,374.25,120.24,458.4,461.74,302.79,337.14,342.11,296.79,335.7,474.43,316.8,13.99,197.21,267.88,385.05,96.79,68.19,49.31,294.51,295.76,314.96,119.64,537.9,538.78,284.74,446.44,140.16,344.57,534.36,13.26,295.39,263.57,251.7,321.99,330.99,317.21,343.46,531.94,295.93,249.24,313.35
Moonstone or Sandakada pahana,429.86,9.85,458.76,364.33,152.49,271.68,325.09,327.43,492.17,500.96,225.84,331.78,424.56,448.71,332.69,416.56,386.67,246.73,335.27,522.58,328.12,331.32,7.45,112.67,341.25,487.59,433.29,532.78,330.76,527.88,455.04,504.93,194.18,424.35,499.78,347.53,138.38,245.29,149.32,504.93,329.67,330.52,505.44,438.49,330.38,484.48,513.36,442.26,453.66,506.17,282.68,484.28,521.24,488.81,518.9,69.69,332.08,5.08,225.47,225.28,326.31,507.03,5.78,518.19,514.29,502.56,392.49,419.99,329.34,328.86,129.09,341.29,82.41,248.45,318.4,149.88,366.48,296.76,508.86,439.59,336.21,445.29,517.03,498.21,5.72,435.86,318.96,456.23,229.8,359.3,294.2,130.3,521.08,17.35,83.93,521.69,445.52,0.0,346.29,487.12,287.1,231.49,150.28,226.42,266.55,273.6,236.56,138.1,494.87,328.57,192.05,438.69,327.23,107.61,427.46,222.81,183.73,523.69,151.32,114.7,150.42,496.89,388.54,171.6,48.59,332.53,6.61,8.26,151.03,511.37,502.31,330.46,480.08,143.89,108.83,439.63,421.23,349.47,123.63,468.64,510.58,437.53,323.48,324.23,152.77,328.18,136.33,135.59,508.02,3.71,409.62,508.6,136.18,437.61,330.36,454.81,166.4,520.65,515.94,525.25,530.65,66.53,324.99,328.49,111.33
Mount Lavinia Beach,202.01,357.18,291.43,236.34,347.65,82.26,429.68,278.79,289.09,302.36,445.1,15.36,50.13,357.34,58.93,48.85,267.6,644.42,275.55,126.69,20.04,16.36,354.03,282.39,5.04,375.0,241.65,365.76,16.47,137.04,378.51,103.65,603.57,226.89,370.86,250.07,487.65,364.21,351.69,103.65,20.05,18.93,103.89,288.0,17.8,217.59,270.71,287.96,299.64,112.79,63.83,86.81,266.31,292.82,268.84,333.81,14.96,349.26,623.0,623.01,22.7,105.7,351.85,121.29,115.82,286.4,58.68,48.12,281.79,281.23,484.43,336.56,373.47,655.9,27.97,351.25,349.47,349.89,112.05,59.34,396.48,199.56,359.74,374.23,350.69,290.85,302.9,69.08,314.55,62.8,326.07,471.56,130.32,363.66,337.26,125.89,296.27,346.29,0.0,246.97,62.57,611.64,250.54,625.93,89.59,82.84,644.31,501.94,373.89,21.4,441.74,293.59,21.38,316.56,288.41,153.19,249.7,130.82,348.45,286.77,350.43,373.22,56.97,206.18,333.74,266.06,352.89,355.56,335.79,112.84,101.73,17.68,84.15,463.56,314.7,282.9,90.24,360.42,401.28,205.61,333.51,247.07,24.54,24.12,346.11,281.83,489.88,489.79,277.33,343.8,234.74,106.83,488.18,284.66,17.34,89.16,304.21,132.78,121.02,270.72,131.92,356.76,23.34,363.83,236.82
Mulgirigala Raja Maha Vihara,269.72,500.53,246.26,331.93,404.34,307.4,287.52,369.69,211.24,206.98,408.53,247.59,175.83,289.93,169.66,169.71,144.69,822.51,361.78,71.3,261.19,258.31,497.13,382.17,248.4,265.71,262.69,212.89,247.56,54.24,299.16,115.12,752.44,69.2,250.52,348.39,552.03,290.61,410.12,115.12,263.13,262.16,115.24,265.39,259.94,213.51,26.86,261.64,254.36,84.97,270.54,139.4,35.85,216.02,32.01,426.12,256.29,492.75,795.25,795.06,263.96,111.66,494.72,79.5,89.95,44.51,198.22,176.37,368.27,368.64,557.4,143.53,453.63,827.46,255.48,409.35,132.48,417.84,92.44,165.21,230.64,254.96,224.49,254.74,494.1,268.91,128.95,156.36,322.51,145.41,189.54,536.13,58.44,494.56,417.54,71.98,261.19,487.12,246.97,0.0,288.56,796.49,341.12,796.98,314.79,310.67,811.89,575.64,257.72,264.27,436.67,267.02,262.6,405.81,276.39,270.25,314.0,61.82,405.81,382.83,408.24,255.26,197.11,315.81,442.5,363.6,495.92,498.4,394.47,94.53,117.08,259.81,141.66,511.0,403.74,262.76,79.79,166.57,449.9,230.98,213.04,258.69,263.49,263.81,402.72,369.39,557.85,558.57,30.49,487.08,91.84,110.66,555.32,265.26,258.92,89.4,358.9,51.42,76.12,39.21,71.64,535.81,263.34,195.41,384.35
Muthurajawela Marsh,201.51,297.5,293.85,208.67,304.51,20.55,430.49,240.32,302.08,316.22,418.56,50.94,154.16,350.21,127.83,149.95,279.1,581.92,239.46,290.07,42.75,46.34,294.42,233.33,57.89,375.9,240.06,379.54,50.25,306.68,370.82,251.86,541.71,255.47,375.36,216.81,437.87,351.9,307.94,251.86,43.63,44.62,252.34,284.49,45.06,237.69,314.02,285.62,299.66,265.61,23.6,222.19,312.46,304.29,313.9,283.54,47.62,289.67,560.43,560.43,40.44,255.39,292.29,281.04,272.04,323.9,118.65,150.05,244.09,243.36,433.15,356.88,324.03,593.34,38.04,307.59,375.48,305.21,265.17,171.27,405.48,205.91,370.24,377.91,291.09,286.29,321.66,189.53,285.85,145.98,333.17,422.12,295.08,305.52,289.41,288.66,294.17,287.1,62.57,288.56,0.0,549.31,206.43,563.37,28.28,22.65,581.76,450.21,376.76,42.41,407.99,289.65,41.58,267.82,281.44,117.69,212.97,296.43,305.12,238.29,306.88,376.69,115.99,161.99,280.19,228.49,293.31,295.95,292.89,266.94,248.41,45.18,217.29,417.66,266.12,280.2,208.77,379.26,357.31,221.06,345.88,246.62,38.12,38.66,303.07,243.77,439.4,439.17,317.99,284.34,257.75,257.43,437.88,281.16,45.35,217.62,264.51,298.6,280.09,316.95,299.75,294.25,39.45,375.69,179.93
Nagadipa Purana Vihara,868.11,221.76,909.47,807.66,455.12,529.38,549.88,776.53,941.68,951.49,431.03,600.09,702.58,903.28,632.34,697.14,704.61,30.02,784.2,822.84,591.6,595.27,224.06,430.94,607.09,942.26,878.42,986.7,599.33,832.2,909.73,795.45,100.7,737.37,954.3,792.69,285.32,470.72,450.31,795.45,591.98,593.04,795.96,889.24,593.88,924.3,823.21,892.95,905.19,802.8,555.17,769.05,828.98,938.81,827.54,294.62,596.72,226.7,37.81,38.37,589.03,798.36,225.71,816.51,810.35,816.11,667.41,698.29,778.95,778.37,271.78,572.77,292.4,49.01,586.77,451.06,597.86,751.37,804.15,719.38,565.4,882.99,970.99,952.82,225.87,886.93,550.3,737.43,542.71,658.95,525.25,287.48,823.67,232.33,307.17,821.75,896.94,231.49,611.64,796.49,549.31,0.0,468.0,41.55,522.08,528.93,54.55,267.89,949.48,590.64,390.7,889.95,590.33,421.46,878.42,526.31,501.96,825.9,453.63,432.78,451.95,951.45,664.39,483.04,275.47,779.81,224.88,223.37,457.81,806.37,792.33,594.0,764.33,315.09,423.04,889.86,724.74,580.84,325.21,906.96,963.3,883.41,587.1,587.52,455.99,777.75,279.14,277.84,819.69,230.45,724.53,800.22,280.75,888.06,594.28,751.41,480.77,824.54,814.75,833.21,831.69,190.16,588.3,559.2,412.31
Nalanda Gedige,231.3,163.81,245.42,162.77,98.1,200.42,315.89,118.41,279.51,287.51,230.59,235.23,308.02,235.11,200.43,298.23,236.61,489.54,126.21,382.96,237.33,239.46,160.53,41.14,245.79,274.29,225.96,318.21,234.1,385.11,243.15,373.53,411.78,276.18,285.9,144.19,238.95,209.76,101.69,373.53,239.83,240.3,374.02,225.21,239.16,281.57,366.8,229.01,239.72,369.78,191.03,358.43,376.05,275.79,373.09,89.7,239.39,156.61,460.12,459.87,236.62,374.9,158.19,380.16,378.15,353.69,281.56,303.52,119.38,119.08,237.75,320.1,125.88,491.52,224.11,101.31,354.12,84.17,373.45,320.44,321.1,246.58,302.49,284.59,157.83,222.34,288.7,334.83,107.37,225.38,258.41,222.6,379.73,154.38,88.32,382.26,231.73,150.28,250.54,341.12,206.43,468.0,0.0,461.33,199.33,204.42,474.74,255.87,281.31,239.17,207.72,225.0,237.0,69.96,214.09,98.98,35.54,382.58,98.74,42.57,100.56,283.22,277.08,44.67,101.69,126.47,159.36,161.61,86.46,376.14,371.4,239.2,354.85,213.03,67.89,226.8,281.07,332.59,151.25,268.07,295.97,229.24,233.39,234.33,96.66,118.31,242.01,242.1,360.27,151.3,260.28,376.2,240.06,224.61,238.7,319.85,61.05,378.3,377.58,379.89,390.3,219.76,234.95,306.48,79.98
Nallur Kandaswamy Kovil Festival,869.98,216.57,903.51,806.66,436.65,544.03,535.22,771.79,936.81,945.69,410.89,613.53,714.58,891.02,636.81,708.38,696.84,26.52,779.61,827.94,606.08,609.67,219.0,422.29,621.23,929.38,876.62,976.31,612.69,835.46,895.65,804.17,63.99,735.35,942.19,790.61,260.03,457.08,431.47,804.17,606.72,607.75,804.67,883.22,608.37,925.63,823.44,886.99,898.37,809.31,566.91,779.5,830.44,933.49,828.5,284.09,611.0,222.01,3.92,3.45,603.65,806.8,220.73,822.39,817.11,813.72,679.95,710.17,773.83,773.34,246.84,565.64,277.82,22.21,600.01,432.27,591.5,739.56,811.17,731.01,553.71,885.17,960.54,940.37,221.08,880.59,544.18,748.77,526.9,663.58,516.23,263.61,827.73,224.15,295.58,826.92,890.27,226.42,625.93,796.98,563.37,41.55,461.33,0.0,537.04,544.1,15.77,241.36,936.96,605.42,369.89,883.41,604.86,408.48,872.21,528.45,493.81,830.14,435.1,423.36,433.22,939.06,676.65,481.31,266.41,776.36,219.87,218.16,440.73,813.51,801.19,608.49,774.93,291.85,410.23,884.34,728.05,572.54,307.19,908.96,955.01,881.14,601.46,601.97,437.69,772.65,253.67,252.38,818.71,226.04,720.93,808.57,255.43,882.34,608.68,757.71,466.86,827.99,820.43,834.57,836.48,196.15,602.76,549.37,413.56
Negombo Beach,226.11,276.33,316.5,221.91,296.58,7.75,443.4,246.73,328.22,342.39,419.19,78.92,182.19,368.06,150.8,178.17,297.19,555.06,247.18,318.05,69.55,73.23,273.36,222.15,85.14,396.45,262.78,404.74,78.28,334.27,388.09,280.14,517.35,278.9,397.31,226.91,424.56,359.88,299.55,280.14,69.9,70.98,280.62,305.14,71.82,267.51,340.53,306.71,321.3,293.75,44.61,250.36,339.5,329.87,340.74,270.85,74.73,268.67,534.01,534.03,66.97,283.67,271.33,309.12,300.24,349.11,146.64,178.12,250.78,249.96,418.81,377.19,311.61,566.89,66.27,299.28,397.44,306.21,293.39,199.35,421.67,232.61,394.39,399.51,270.08,306.49,341.73,217.62,286.64,170.86,349.17,409.11,322.83,285.99,278.42,316.65,315.15,266.55,89.59,314.79,28.28,522.08,199.33,537.04,0.0,7.18,555.64,435.45,398.06,68.58,404.81,310.03,68.25,256.42,300.86,119.98,210.51,324.25,297.05,227.47,298.65,398.23,144.09,156.1,264.94,235.86,272.29,274.91,285.24,295.17,276.7,71.94,245.48,407.08,254.85,301.29,235.03,398.97,348.38,250.03,371.04,269.51,65.09,65.49,295.22,250.26,425.58,425.25,343.92,263.5,279.65,285.72,424.2,301.91,72.26,245.49,259.25,326.22,308.15,343.98,327.71,268.53,66.25,393.07,162.79
Negombo Fish Market,224.89,283.43,316.03,223.82,301.91,4.8,444.06,250.39,326.7,340.86,422.88,72.59,175.8,369.02,148.02,171.97,296.25,562.0,250.54,312.71,62.8,66.49,280.44,227.99,78.46,396.66,262.2,403.56,71.98,329.3,389.23,274.15,524.54,276.04,397.11,229.63,430.8,361.81,304.96,274.15,63.05,64.13,274.64,305.23,65.04,264.69,336.27,306.69,321.13,288.19,41.64,244.11,334.92,328.52,336.29,276.96,68.04,275.75,541.05,541.08,60.18,277.73,278.4,303.65,294.6,345.51,140.24,171.76,254.4,253.61,425.21,375.54,317.69,573.93,60.21,304.68,395.21,311.23,287.72,192.97,421.37,230.74,393.54,399.43,277.14,306.73,340.15,211.26,290.21,167.34,348.9,415.31,317.72,292.95,284.25,311.31,315.15,273.6,82.84,310.67,22.65,528.93,204.42,544.1,7.18,0.0,562.73,441.9,398.06,61.71,409.28,310.22,61.49,262.32,301.29,122.88,214.69,319.08,302.4,233.25,304.03,398.16,137.77,160.88,271.41,239.27,279.38,281.98,290.5,289.45,270.69,65.18,239.19,412.9,260.71,301.24,230.9,397.53,353.9,247.48,369.86,268.91,58.39,58.76,300.52,253.91,431.91,431.58,339.96,270.57,277.38,279.78,430.5,301.97,65.52,240.27,264.05,321.23,302.72,339.41,322.38,275.66,59.52,392.4,169.44
Nilavarai Bottomless Well,891.9,226.73,923.21,827.91,446.24,562.58,541.25,792.09,956.76,965.38,414.95,631.74,732.39,908.83,652.94,726.01,709.46,31.69,799.93,844.04,624.5,628.1,229.19,435.22,639.56,946.95,897.54,994.56,630.88,851.08,912.88,821.16,62.11,749.61,959.98,811.59,262.25,463.61,440.96,821.16,625.2,626.22,821.67,902.94,626.8,947.34,838.26,906.73,917.83,825.76,584.82,796.92,845.61,953.34,843.51,292.22,629.37,232.3,19.42,19.07,622.09,823.74,230.93,838.69,833.62,827.82,697.91,727.97,794.01,793.52,249.32,574.27,284.54,15.43,618.2,441.75,600.35,757.8,827.76,748.73,560.81,907.16,978.79,958.03,231.34,900.21,553.15,766.41,537.18,679.71,524.29,266.5,843.57,233.37,303.29,843.03,909.77,236.56,644.31,811.89,581.76,54.55,474.74,15.77,555.64,562.73,0.0,243.08,954.6,623.91,373.76,902.98,623.29,420.08,891.88,544.15,506.69,846.01,444.68,436.05,442.72,956.74,694.54,496.08,275.12,796.99,230.07,228.32,450.79,830.13,818.24,626.91,792.38,294.91,421.89,904.18,743.77,580.78,312.45,930.88,973.93,901.93,619.88,620.38,447.33,792.84,255.84,254.56,833.21,236.38,734.76,825.48,257.66,902.14,627.11,774.17,477.94,843.66,836.67,849.69,852.48,209.21,621.18,557.13,429.31
Nilaveli Beach,590.96,136.76,577.78,523.46,171.89,438.93,313.23,475.26,612.36,615.49,177.34,486.63,563.9,535.11,454.53,554.07,443.93,267.65,482.27,627.67,486.62,489.21,137.59,219.99,497.01,566.16,576.66,620.08,485.52,625.18,530.29,625.33,181.73,506.73,581.34,504.64,20.66,242.61,166.23,625.33,488.79,489.42,625.83,559.97,488.65,635.19,598.82,563.55,568.91,618.11,439.38,612.76,611.49,607.22,607.11,122.41,489.47,139.79,242.72,242.26,485.43,626.26,138.13,626.72,626.55,577.03,537.03,559.39,474.75,474.77,13.4,370.7,94.54,258.39,474.47,166.95,398.4,411.17,622.56,576.19,341.28,605.53,605.59,577.95,139.16,556.14,355.05,590.29,255.99,478.27,316.41,29.88,622.17,120.75,121.95,627.2,562.67,138.1,501.94,575.64,450.21,267.89,255.87,241.36,435.45,441.9,243.08,0.0,574.54,487.94,136.21,557.46,486.04,186.56,549.54,354.31,270.45,625.29,170.47,216.05,168.04,577.01,532.58,297.93,124.0,485.89,137.9,136.73,182.47,625.33,623.5,488.72,609.4,56.09,188.53,563.46,527.69,372.31,92.5,624.66,611.23,578.06,482.29,483.18,173.53,473.98,14.52,13.54,588.56,141.63,485.85,627.4,16.58,560.76,488.36,570.23,218.7,619.25,623.83,614.76,633.9,190.44,483.87,344.23,273.13
Nine Arches Bridge,176.21,514.07,83.46,183.92,335.23,391.35,240.3,188.12,88.89,78.77,330.17,359.89,361.84,46.2,217.48,345.96,60.39,978.77,182.12,348.13,376.05,375.06,509.51,334.24,370.82,8.38,136.8,45.94,358.78,333.94,44.31,374.96,857.79,160.59,7.2,187.95,538.71,169.91,343.59,374.96,380.36,379.76,375.51,92.91,376.46,159.84,286.46,91.39,77.1,347.96,343.05,380.42,307.89,83.89,300.04,382.76,372.92,504.21,935.66,935.23,378.24,373.44,506.23,352.63,359.23,250.44,355.86,357.71,184.44,185.25,549.0,176.01,411.36,979.67,357.64,342.43,225.06,198.13,357.09,364.93,205.11,175.22,33.28,3.49,505.86,91.76,131.96,371.66,208.86,221.51,102.02,516.73,334.91,496.67,364.61,348.19,82.93,494.87,373.89,257.72,376.76,949.48,281.31,936.96,398.06,398.06,954.6,574.54,0.0,380.91,366.17,88.16,377.19,355.37,98.1,249.26,232.41,339.77,337.48,332.27,340.84,2.51,350.14,273.54,414.28,191.01,507.88,510.92,323.4,361.07,374.57,376.37,378.88,476.96,352.65,96.84,229.8,195.9,392.96,168.84,52.26,130.37,374.76,375.96,333.09,185.61,547.95,549.19,269.04,496.8,126.69,373.82,544.16,96.15,374.96,298.07,276.58,327.69,347.83,311.64,353.49,592.48,376.05,169.09,377.38
Old Parliament Building,205.82,339.19,297.62,231.54,336.98,61.41,434.85,270.84,298.82,312.49,440.85,17.0,61.52,360.9,63.2,60.09,275.69,623.61,268.39,137.42,3.48,6.0,336.07,269.2,17.62,381.36,245.85,376.35,17.28,147.44,382.01,114.89,584.1,240.21,378.41,243.56,474.47,364.77,340.79,114.89,1.36,2.49,115.14,292.16,4.35,228.75,288.56,292.52,305.1,123.7,48.61,98.18,284.91,302.06,287.16,320.23,8.01,331.32,602.43,602.44,2.56,116.92,333.93,132.14,126.82,302.64,42.64,59.49,274.16,273.54,470.6,347.76,360.3,635.33,17.16,340.38,362.46,340.35,123.06,70.74,404.25,205.69,369.21,381.54,332.75,294.69,313.49,80.48,309.17,69.2,332.99,458.5,140.84,346.53,324.69,136.63,301.01,328.57,21.4,264.27,42.41,590.64,239.17,605.42,68.58,61.71,623.91,487.94,380.91,0.0,434.83,297.66,2.65,303.58,291.41,144.07,241.09,141.38,337.71,273.83,339.6,380.44,41.62,194.53,318.75,258.28,334.96,337.62,325.19,123.88,112.98,4.47,95.53,451.98,301.78,287.27,98.95,371.22,390.38,214.97,343.41,251.74,5.81,4.84,335.48,274.05,476.4,476.25,294.45,325.94,246.33,118.05,474.77,288.77,5.36,99.54,294.74,143.16,131.82,289.35,142.65,336.51,4.29,372.42,220.16
Pasikudah Beach,452.12,197.92,401.38,397.89,121.72,404.99,178.58,352.59,431.08,428.85,41.38,427.15,475.69,339.21,359.73,464.61,293.53,395.37,356.42,499.08,432.38,433.79,196.91,199.73,437.54,358.31,423.04,411.02,426.06,490.08,326.31,511.33,314.2,368.61,373.37,382.2,115.56,115.56,122.08,511.33,435.21,435.45,511.77,389.31,433.86,478.26,455.93,391.97,390.88,496.35,389.34,508.08,471.54,425.21,465.82,127.15,433.26,196.63,370.66,370.25,432.31,511.04,196.15,501.27,504.54,427.47,457.89,471.71,349.8,350.29,126.77,249.52,109.88,388.7,418.29,121.85,277.05,281.19,502.2,483.63,210.53,463.07,399.45,369.11,196.76,385.16,238.85,493.59,129.38,377.01,195.17,108.63,490.41,179.92,113.64,499.01,387.56,192.05,441.74,436.67,407.99,390.7,207.72,369.89,404.81,409.28,373.76,136.21,366.17,434.83,0.0,384.88,432.38,174.57,381.62,291.27,195.01,493.8,122.16,193.71,121.83,368.64,453.29,248.94,146.63,365.31,196.56,196.8,129.78,505.03,510.42,433.88,505.89,80.4,174.87,394.22,408.31,247.64,69.37,474.64,413.72,421.44,429.1,430.08,122.36,349.67,121.89,123.02,442.62,195.35,345.0,511.63,119.86,391.44,433.19,455.48,146.67,485.6,497.98,474.01,503.31,258.59,430.56,217.69,273.88
Pedro Tea Factory,91.91,458.04,20.83,98.14,312.0,303.47,325.48,114.15,55.82,62.53,366.58,277.91,302.61,63.79,143.25,286.48,126.09,922.8,106.82,339.92,292.93,292.41,453.26,282.62,289.86,86.46,51.96,104.76,276.69,335.79,84.94,346.97,812.7,170.94,87.96,105.54,525.13,229.18,320.16,346.97,297.28,296.83,347.61,5.64,293.61,95.21,302.23,7.14,15.43,329.61,255.96,341.01,317.98,51.39,312.62,342.36,290.46,447.41,881.55,881.19,294.79,347.01,449.87,339.81,341.59,280.41,287.4,297.58,111.39,112.03,531.26,249.17,381.09,926.68,273.84,319.09,291.41,150.99,337.05,310.56,293.16,94.65,90.9,89.79,449.23,3.71,199.69,322.39,205.18,158.44,189.77,502.05,331.39,445.52,329.49,339.36,7.05,438.69,293.59,267.02,289.65,889.95,225.0,883.41,310.03,310.22,902.98,557.46,88.16,297.66,384.88,0.0,293.91,313.48,11.91,164.46,182.61,335.91,314.06,282.66,317.51,88.46,281.19,201.92,367.76,113.19,451.56,454.91,297.36,341.08,345.36,293.55,337.99,469.89,310.54,10.93,200.96,274.56,380.25,96.3,75.21,46.61,291.09,292.33,309.64,112.61,532.8,533.68,291.04,439.59,146.83,348.11,529.31,8.94,292.18,266.87,246.15,327.19,335.46,323.01,348.36,524.89,292.52,255.26,306.3
Pettah Floating Market,202.07,337.9,293.89,227.81,334.75,60.96,432.24,267.21,295.2,308.89,438.29,15.06,61.34,357.13,61.9,59.78,273.19,623.19,264.73,136.86,1.47,5.08,334.78,267.19,17.16,377.64,242.1,372.75,15.23,146.78,378.24,114.56,583.17,238.06,374.7,239.87,472.49,362.11,338.58,114.56,2.87,3.38,114.81,288.39,3.57,225.21,286.98,288.75,301.35,123.2,46.66,97.97,283.47,298.44,285.66,318.29,6.9,330.01,601.89,601.89,1.43,116.57,332.62,131.63,126.35,300.81,42.42,59.27,270.51,269.89,468.67,345.44,358.31,634.79,14.54,338.18,360.28,336.81,122.61,70.54,401.73,201.99,365.57,377.83,331.44,290.91,311.13,80.3,306.63,68.02,330.44,456.5,140.22,345.08,322.63,136.08,297.26,327.23,21.38,262.6,41.58,590.33,237.0,604.86,68.25,61.49,623.29,486.04,377.19,2.65,432.38,293.91,0.0,301.56,287.64,141.7,238.71,140.78,335.49,271.8,337.4,376.74,41.33,192.36,316.97,254.64,333.66,336.31,322.95,123.44,112.66,3.69,95.32,449.83,299.76,283.52,98.0,368.88,388.17,211.37,339.79,247.99,3.78,3.0,333.24,270.43,474.45,474.31,292.75,324.61,244.05,117.7,472.81,285.02,4.17,98.89,292.42,142.5,131.3,287.91,142.09,335.83,2.23,369.94,218.61
Pidurangala Rock,330.19,119.73,334.29,261.71,52.99,258.83,339.42,215.44,369.19,375.47,212.59,301.2,377.62,310.11,270.28,367.94,290.48,438.96,223.01,450.81,302.02,304.44,117.06,34.48,311.69,347.53,321.73,396.84,300.09,451.68,313.01,443.08,351.84,339.09,361.01,242.96,171.1,229.68,52.58,443.08,304.35,304.92,443.58,314.66,304.0,378.77,430.86,318.45,327.19,438.54,254.97,428.35,441.21,364.86,437.82,20.36,304.57,114.59,407.85,407.51,301.05,444.36,115.14,448.5,446.94,414.93,350.48,373.11,215.74,215.59,168.61,369.54,56.95,438.06,289.41,52.76,405.57,162.75,442.42,390.24,356.25,345.3,381.15,358.82,115.38,311.31,340.94,404.74,122.44,295.02,301.5,155.01,446.94,102.05,22.21,450.17,319.74,107.61,316.56,405.81,267.82,421.46,69.96,408.48,256.42,262.32,420.08,186.56,355.37,303.58,174.57,313.48,301.56,0.0,303.58,167.77,91.82,449.88,52.45,29.79,52.74,357.58,346.03,111.42,42.69,224.72,116.13,117.61,47.09,445.12,441.0,304.05,424.8,150.72,2.1,317.06,349.17,378.76,95.1,366.15,379.2,324.34,297.85,298.77,52.53,214.8,173.5,173.49,423.13,110.66,321.29,445.63,171.72,314.61,303.63,389.04,59.43,445.1,445.83,444.9,457.86,194.13,299.43,347.64,103.69
Pidurutalagala,86.42,446.81,31.35,86.83,304.01,294.51,333.54,102.39,65.74,73.5,365.83,272.16,302.68,69.54,140.98,286.56,137.83,911.44,94.99,347.29,286.71,286.37,442.03,271.95,284.44,95.79,47.44,116.53,270.9,344.19,90.62,351.92,802.07,181.07,98.38,93.75,517.61,232.65,312.11,351.92,291.09,290.68,352.59,11.14,287.51,96.81,311.96,14.96,27.3,335.87,247.8,344.36,327.19,61.74,322.05,332.53,284.51,436.14,870.3,869.94,288.45,352.18,438.62,346.67,347.87,291.17,285.51,297.47,99.66,100.29,523.29,260.98,372.13,915.47,267.36,311.06,303.32,141.47,343.07,311.53,303.24,90.99,102.49,99.94,437.96,8.55,211.56,324.21,200.34,158.89,200.04,494.46,339.3,434.64,320.19,346.67,18.94,427.46,288.41,276.39,281.44,878.42,214.09,872.21,300.86,301.29,891.88,549.54,98.1,291.41,381.62,11.91,287.64,303.58,0.0,153.04,172.5,343.74,306.02,272.16,309.49,98.57,279.21,190.11,357.32,101.27,440.31,443.68,289.14,347.1,350.16,287.46,341.1,463.22,300.62,13.93,206.81,286.18,373.18,95.57,87.11,43.2,284.66,285.92,301.65,100.89,525.13,525.96,301.26,428.29,157.8,353.36,521.66,11.23,286.11,271.8,237.69,335.4,342.41,332.31,356.04,513.09,286.14,266.06,294.43
Pinnawala Elephant Orphanage,116.42,235.71,178.41,66.39,194.73,118.22,330.81,75.77,203.23,215.85,300.93,138.06,210.2,211.2,109.88,200.79,203.11,552.97,77.23,300.23,141.82,143.52,232.3,135.06,148.62,245.55,133.41,268.89,136.95,307.0,229.11,282.8,489.75,214.08,250.48,62.01,337.9,241.29,198.93,282.8,144.56,144.87,283.31,161.12,143.44,172.69,297.05,163.97,178.95,283.36,98.1,264.25,302.72,202.22,301.23,186.57,143.19,227.67,526.5,526.33,141.54,284.72,229.91,295.5,291.48,292.47,182.73,205.65,79.95,79.11,336.31,288.87,224.44,558.99,127.98,198.47,316.46,137.08,286.06,223.38,317.04,131.14,255.34,251.51,229.08,160.78,253.72,238.6,168.18,136.49,245.67,321.57,299.43,234.48,187.16,299.3,171.09,222.81,153.19,270.25,117.69,526.31,98.98,528.45,119.98,122.88,544.15,354.31,249.26,144.07,291.27,164.46,141.7,167.77,153.04,0.0,97.02,301.91,195.57,138.51,197.61,250.09,178.28,56.76,192.33,65.91,231.08,233.7,182.84,288.58,280.31,143.48,260.35,311.24,165.78,159.17,199.64,307.25,248.41,155.12,237.54,139.56,138.3,139.26,193.16,79.33,340.85,340.9,294.27,221.92,205.16,286.25,338.94,158.57,142.84,232.0,151.05,299.55,293.31,306.93,308.5,265.59,139.8,292.78,114.89
Pitawala Pathana,204.69,197.19,203.38,137.91,101.85,210.32,281.43,89.19,238.2,244.86,209.91,234.72,297.27,186.24,184.77,286.91,203.1,522.66,96.0,359.9,238.83,240.48,193.97,71.52,245.25,225.17,191.89,270.86,233.61,360.09,193.2,354.93,441.57,247.45,237.3,119.29,250.71,176.7,106.8,354.93,241.57,241.88,355.43,183.62,240.44,249.84,339.09,187.41,196.61,348.63,194.68,342.69,349.4,233.98,346.0,112.14,240.12,190.26,492.78,492.49,238.55,355.94,191.67,358.02,357.06,323.82,273.8,292.9,88.46,88.5,252.06,285.66,142.35,523.86,224.95,106.2,320.19,34.29,352.81,308.31,285.6,219.17,255.09,235.76,191.41,180.34,254.85,321.45,79.79,207.93,223.02,234.24,355.62,185.81,104.94,359.3,188.98,183.73,249.7,314.0,212.97,501.96,35.54,493.81,210.51,214.69,506.69,270.45,232.41,241.09,195.01,182.61,238.71,91.82,172.5,97.02,0.0,358.6,102.96,70.72,105.21,234.41,269.2,57.41,129.85,100.46,192.82,194.97,90.15,355.56,353.07,240.47,339.45,218.91,89.74,185.91,258.66,297.62,155.03,238.52,250.5,194.06,235.31,236.28,100.2,87.71,254.85,255.19,331.56,185.09,230.16,357.09,252.66,183.49,239.82,300.03,55.44,353.6,355.27,353.07,366.74,255.25,236.81,271.02,113.3
Polhena Beach,318.43,536.85,315.81,385.46,453.42,316.55,348.85,428.19,281.7,280.37,467.91,133.16,84.83,367.78,103.26,83.59,204.58,853.96,420.41,12.59,140.0,138.21,533.43,423.67,132.18,347.42,321.0,296.34,133.29,15.35,379.2,37.3,790.54,125.46,332.61,403.35,602.7,350.94,459.09,37.3,140.7,140.12,37.24,333.3,139.1,265.18,58.08,329.74,325.05,39.26,282.1,54.93,40.14,287.12,47.55,470.23,137.15,528.87,828.09,827.96,141.54,65.4,531.01,25.14,38.94,96.16,100.98,85.95,427.46,427.69,606.92,203.28,500.35,860.67,138.67,458.35,187.38,483.77,44.85,76.94,291.12,302.96,306.58,336.99,530.26,337.16,190.68,69.34,375.73,89.04,251.3,586.56,3.44,533.28,463.4,14.07,330.9,523.69,130.82,61.82,296.43,825.9,382.58,830.14,324.25,319.08,846.01,625.29,339.77,141.38,493.8,335.91,140.78,449.88,343.74,301.91,358.6,0.0,454.83,425.01,457.26,337.35,101.17,352.45,484.19,420.3,532.2,534.78,442.99,45.46,39.02,139.02,57.0,563.37,447.78,329.81,54.65,225.3,501.1,279.92,291.86,318.36,141.69,141.74,451.77,428.46,608.1,608.7,75.54,523.14,149.52,63.6,605.64,332.53,138.62,42.05,406.92,11.52,23.14,42.24,9.87,564.44,141.42,256.29,416.7
Polonnaruwa Vatadage,350.72,161.78,334.46,284.85,1.61,298.53,302.48,235.99,369.17,372.75,161.34,333.19,400.17,295.48,287.52,389.83,278.48,467.46,242.46,457.22,335.77,337.81,159.65,79.53,343.77,329.19,333.94,382.03,332.07,454.86,293.27,456.04,370.74,337.17,343.93,266.31,148.83,193.75,4.32,456.04,338.34,338.77,456.53,316.5,337.58,392.61,429.45,320.08,325.74,447.93,289.69,445.08,441.65,364.09,437.44,56.04,337.69,158.13,435.04,434.62,335.15,456.81,158.1,456.35,456.38,409.28,376.06,395.77,234.92,235.05,152.08,351.17,53.74,463.73,322.41,3.54,388.53,168.56,452.52,411.27,326.44,364.8,366.96,340.95,158.64,312.66,325.89,424.33,93.81,310.14,279.1,132.45,451.71,139.86,36.32,456.75,319.35,151.32,348.45,405.81,305.12,453.63,98.74,435.1,297.05,302.4,444.68,170.47,337.48,337.71,122.16,314.06,335.49,52.45,306.02,195.57,102.96,454.83,0.0,73.52,2.43,339.88,371.5,143.39,84.89,247.5,158.91,159.87,12.85,455.31,454.35,337.62,441.94,116.16,52.71,319.95,357.45,357.24,52.84,382.89,370.26,335.08,331.91,332.85,3.1,234.26,153.65,154.16,419.81,155.19,316.95,457.88,151.29,317.25,337.08,400.59,48.64,448.88,453.44,444.99,463.44,241.41,333.45,322.53,153.36
Popham's Arboretum,292.07,127.94,303.32,223.56,73.52,229.67,336.8,178.97,337.86,345.15,226.22,271.42,348.62,286.26,242.59,339.03,273.5,452.56,186.73,425.49,272.26,274.67,124.85,6.05,281.9,324.79,286.35,371.64,270.3,427.4,291.64,415.9,371.07,317.2,337.44,205.01,200.88,227.79,75.03,415.9,274.59,275.16,416.42,283.31,274.23,342.3,408.31,287.12,297.0,412.35,225.22,400.35,417.93,333.88,414.84,48.06,274.78,121.45,422.4,422.1,271.29,417.31,122.64,422.73,420.71,394.12,321.09,344.07,179.74,179.49,198.19,355.04,86.7,453.33,259.62,74.95,390.12,134.87,416.01,361.46,348.51,307.37,355.86,335.66,122.52,280.22,324.94,376.19,120.14,267.75,289.81,184.78,422.15,115.2,51.12,424.78,289.22,114.7,286.77,382.83,238.29,432.78,42.57,423.36,227.47,233.25,436.05,216.05,332.27,273.83,193.71,282.66,271.8,29.79,272.16,138.51,70.72,425.01,73.52,0.0,74.58,334.35,316.67,81.93,59.68,187.26,123.75,125.73,64.08,418.68,413.74,274.29,396.71,179.67,27.96,285.24,323.61,365.9,121.8,328.89,351.54,289.46,268.09,269.01,72.53,178.71,203.24,203.19,401.35,116.61,300.51,418.65,201.47,282.94,273.85,362.37,58.35,420.63,420.13,421.73,432.78,193.5,269.67,337.08,80.23
Rankoth Vehera,354.04,160.74,337.91,288.11,3.95,300.18,304.15,239.25,372.64,376.22,161.73,335.18,402.39,298.89,289.83,392.07,280.83,465.63,245.76,459.63,337.69,339.75,158.66,80.57,345.75,332.55,337.35,385.44,334.05,457.29,296.64,458.42,368.66,339.58,347.31,269.57,146.46,195.53,1.92,458.42,340.23,340.68,458.91,319.95,339.5,396.02,431.87,323.55,329.21,450.33,291.56,447.4,444.07,367.56,439.88,55.43,339.63,157.22,433.19,432.76,337.05,459.19,157.14,458.76,458.77,411.68,378.23,397.99,238.22,238.33,149.67,353.42,51.68,461.81,324.34,1.11,390.79,171.96,454.92,413.52,328.41,368.14,370.37,344.31,157.71,316.11,328.2,426.63,96.0,312.48,281.3,130.06,454.14,138.65,35.77,459.17,322.82,150.42,350.43,408.24,306.88,451.95,100.56,433.22,298.65,304.03,442.72,168.04,340.84,339.6,121.83,317.51,337.4,52.74,309.49,197.61,105.21,457.26,2.43,74.58,0.0,343.26,373.67,145.22,84.14,250.74,157.94,158.86,15.08,457.69,456.72,339.54,444.27,114.0,53.09,323.42,359.85,359.42,50.84,386.27,373.71,338.49,333.81,334.75,5.52,237.56,151.25,151.76,422.22,154.34,319.37,460.26,148.89,320.7,339.0,402.98,51.01,451.29,455.85,447.42,465.85,240.71,335.35,324.65,154.24
Ravana Ella Falls,175.97,516.09,83.16,184.63,337.63,391.46,240.81,189.43,87.64,77.27,332.46,359.36,360.34,48.17,216.64,344.49,58.01,980.83,183.36,345.75,375.58,374.55,511.5,336.28,370.2,10.86,136.67,43.44,358.24,331.5,46.78,372.81,860.04,158.16,4.74,188.89,541.22,171.9,346.01,372.81,379.86,379.29,373.35,93.15,375.96,158.81,283.95,91.52,77.08,345.69,343.01,378.45,305.38,82.74,297.56,384.99,372.39,506.21,937.76,937.31,377.79,371.27,508.22,350.29,356.94,247.93,354.69,356.25,185.76,186.56,551.46,174.17,413.74,981.77,357.24,344.85,223.03,200.12,354.84,363.32,204.71,174.75,30.81,1.46,507.86,92.08,129.86,369.9,211.35,220.29,101.46,519.21,332.49,498.77,366.9,345.81,83.1,496.89,373.22,255.26,376.69,951.45,283.22,939.06,398.23,398.16,956.74,577.01,2.51,380.44,368.64,88.46,376.74,357.58,98.57,250.09,234.41,337.35,339.88,334.35,343.26,0.0,348.99,275.01,416.44,192.19,509.87,512.91,325.78,358.82,372.45,375.88,376.95,479.46,354.86,96.94,227.76,194.34,395.44,168.04,50.31,130.2,374.34,375.54,335.49,186.94,550.44,551.68,266.53,498.79,124.24,371.64,546.64,96.34,374.46,296.01,278.89,325.26,345.49,309.13,351.09,594.19,375.62,168.19,378.94
Richmond Castle,197.38,400.2,273.34,250.86,370.52,136.45,409.26,298.61,261.41,272.85,449.47,65.19,38.23,343.56,51.62,34.64,242.19,696.3,293.51,96.77,40.55,38.62,396.93,313.0,60.42,353.04,232.29,332.57,65.8,107.71,364.14,73.27,650.38,188.16,345.79,267.94,516.0,356.94,375.12,73.27,40.9,40.3,73.52,275.68,39.48,190.76,219.28,274.56,283.09,82.64,109.74,56.73,213.17,266.25,216.34,364.64,37.66,392.15,673.89,673.86,42.08,75.32,394.67,91.19,85.56,238.75,4.62,34.05,300.69,300.34,514.59,301.41,402.72,706.81,41.6,374.58,309.47,370.8,81.78,55.27,369.6,189.0,329.83,349.76,393.58,279.26,269.91,39.22,324.0,48.14,302.48,499.63,100.78,404.12,365.37,95.95,281.98,388.54,56.97,197.11,115.99,664.39,277.08,676.65,144.09,137.77,694.54,532.58,350.14,41.62,453.29,281.19,41.33,346.03,279.21,178.28,269.2,101.17,371.5,316.67,373.67,348.99,0.0,234.74,368.43,286.16,395.76,398.44,358.65,82.53,71.37,39.41,54.1,487.65,344.06,270.3,65.9,326.01,424.05,185.21,303.36,236.01,42.66,42.58,368.9,301.05,519.06,519.15,227.61,386.53,200.56,76.45,517.14,272.61,39.1,60.16,324.66,103.51,91.0,217.5,102.01,406.97,42.19,335.18,277.38
Ridee Viharaya (silver Temple),185.08,184.92,220.54,119.27,142.71,156.75,329.61,87.81,251.85,262.16,266.96,190.84,266.96,229.05,163.98,257.54,227.31,507.49,95.12,351.74,192.7,194.86,181.5,78.34,201.39,267.75,189.06,303.77,189.72,356.35,242.01,337.68,438.15,254.49,276.77,103.05,282.15,229.14,146.35,337.68,195.21,195.67,338.19,200.59,194.56,239.34,342.19,204.19,217.35,336.47,146.35,320.32,349.71,249.21,347.48,129.91,194.83,177.06,479.67,479.47,191.99,339.39,179.09,347.85,344.72,333.17,239.16,262.41,90.84,90.13,280.04,313.22,168.28,511.77,179.56,145.97,344.65,100.01,339.6,280.09,326.49,200.55,288.6,276.47,178.41,198.64,279.69,295.19,137.08,190.03,258.94,265.92,349.78,180.96,131.4,350.9,208.97,171.6,206.18,315.81,161.99,483.04,44.67,481.31,156.1,160.88,496.08,297.93,273.54,194.53,248.94,201.92,192.36,111.42,190.11,56.76,57.41,352.45,143.39,81.93,145.22,275.01,234.74,0.0,135.96,89.83,180.28,182.81,131.01,342.18,335.32,194.61,316.51,257.54,109.47,200.7,250.03,328.53,195.92,223.69,276.81,193.74,188.75,189.69,141.24,89.61,284.82,284.83,337.49,171.38,241.6,340.83,282.99,199.09,194.1,285.57,103.17,349.17,345.48,353.75,359.6,226.09,190.31,307.37,73.2
Ritigala Forest Monastery,375.32,56.8,388.46,307.03,85.98,268.47,277.29,263.66,423.04,430.18,178.48,318.52,401.94,368.66,299.5,392.82,331.41,288.37,271.48,484.44,317.61,320.37,55.04,60.54,328.74,406.56,371.21,454.86,317.44,486.79,372.47,473.21,226.71,376.86,419.74,288.73,117.15,197.5,83.17,473.21,319.67,320.35,473.71,368.46,319.73,426.62,468.0,372.28,381.99,470.7,270.46,456.29,477.57,419.01,474.51,21.11,320.75,53.62,265.9,265.65,316.29,474.78,53.78,481.4,479.03,453.63,372.73,397.38,264.62,264.32,112.04,299.24,41.07,288.02,305.95,83.68,325.23,218.74,474.17,415.54,290.12,390.73,439.11,417.71,54.08,365.36,278.05,430.92,164.8,325.17,250.16,106.51,481.37,43.18,35.43,483.7,374.25,48.59,333.74,442.5,280.19,275.47,101.69,266.41,264.94,271.41,275.12,124.0,414.28,318.75,146.63,367.76,316.97,42.69,357.32,192.33,129.85,484.19,84.89,59.68,84.14,416.44,368.43,135.96,0.0,271.44,54.43,55.33,84.22,476.81,470.93,319.8,452.48,111.39,44.28,370.46,382.5,306.24,80.79,412.71,435.81,374.44,313.2,314.06,86.17,263.55,117.33,117.0,460.99,51.25,359.97,476.17,116.45,368.14,319.48,420.33,102.09,479.99,478.86,481.37,491.85,113.86,314.77,283.83,102.84
Royal Botanical Gardens,105.58,351.75,131.12,37.56,245.87,232.48,407.68,12.75,162.02,172.46,371.64,245.59,324.66,149.7,163.63,309.69,238.09,814.33,11.36,420.66,254.44,255.99,346.91,185.01,260.23,186.3,100.93,216.88,244.05,424.39,166.2,408.54,711.49,274.2,193.26,18.84,458.4,278.94,253.01,408.54,258.64,258.81,409.24,111.41,256.31,155.19,400.93,114.9,128.57,401.96,197.85,389.51,412.8,159.43,409.11,253.54,255.0,340.74,774.17,773.85,254.76,410.23,343.46,416.61,413.94,386.42,292.76,318.47,15.88,15.24,459.69,361.33,301.48,819.81,234.11,252.15,404.55,84.96,407.36,340.07,391.63,120.6,202.16,193.63,342.62,109.76,312.45,358.76,183.51,197.46,291.21,434.87,416.29,343.09,247.46,419.64,120.24,332.53,266.06,363.6,228.49,779.81,126.47,776.36,235.86,239.27,796.99,485.89,191.01,258.28,365.31,113.19,254.64,224.72,101.27,65.91,100.46,420.3,247.5,187.26,250.74,192.19,286.16,89.83,271.44,0.0,345.17,348.69,229.2,411.21,405.69,256.33,384.79,412.91,221.72,111.19,275.08,385.07,321.49,141.64,188.38,105.02,250.29,251.66,243.51,15.79,464.1,464.53,393.3,332.7,255.32,412.03,461.04,109.71,255.24,331.05,178.97,414.51,412.93,418.44,431.21,412.46,252.26,359.61,193.5
Ruwanweli Maha Seya,442.09,3.37,471.62,376.76,160.11,277.58,331.3,340.16,504.99,513.81,230.86,338.49,431.94,461.7,340.94,424.05,395.77,240.13,348.0,531.01,334.57,337.81,0.89,121.74,347.86,500.59,445.86,545.76,337.49,536.48,468.02,512.94,188.13,433.26,512.76,360.06,139.18,251.5,156.79,512.94,336.07,336.94,513.45,451.35,336.84,496.84,522.18,455.12,466.54,514.44,289.41,492.03,529.95,501.62,527.65,75.45,338.62,2.65,218.9,218.73,332.72,515.07,0.86,526.53,522.54,511.5,399.68,427.38,342.11,341.61,129.4,347.9,86.73,241.92,325.06,157.38,373.1,309.75,517.06,447.07,342.65,457.52,530.01,511.22,1.61,448.71,325.57,463.8,238.44,367.58,300.76,131.54,529.61,18.39,89.62,530.12,458.4,6.61,352.89,495.92,293.31,224.88,159.36,219.87,272.29,279.38,230.07,137.9,507.88,334.96,196.56,451.56,333.66,116.13,440.31,231.08,192.82,532.2,158.91,123.75,157.94,509.87,395.76,180.28,54.43,345.17,0.0,1.95,159.02,519.57,510.3,336.94,487.81,146.27,117.39,452.46,429.74,356.07,127.81,480.92,523.52,450.15,329.92,330.66,160.45,340.93,136.84,136.05,516.9,6.73,418.6,516.67,136.78,450.47,336.85,463.03,175.09,529.21,524.29,533.99,539.12,62.21,331.43,335.04,118.88
Samadhi Statue,445.76,1.61,474.99,380.36,161.09,280.2,332.38,343.61,508.37,517.18,231.29,341.16,434.62,464.74,343.54,426.74,397.95,238.49,351.47,533.6,337.25,340.47,1.12,123.81,350.53,503.61,449.4,548.91,340.15,539.03,470.98,515.6,186.22,435.69,515.83,363.62,138.25,252.57,157.7,515.6,338.73,339.6,516.1,454.71,339.51,500.46,524.65,458.49,469.86,517.06,292.08,494.7,532.47,505.01,530.15,76.3,341.28,4.59,217.21,217.03,335.37,517.73,2.77,529.14,525.17,513.9,402.36,430.05,345.54,345.06,128.36,349.43,86.92,240.2,327.73,158.28,374.66,312.81,519.69,449.76,343.93,461.16,533.16,514.26,3.55,452.06,327.14,466.47,240.0,370.19,302.17,130.73,532.18,17.9,90.4,532.69,461.74,8.26,355.56,498.4,295.95,223.37,161.61,218.16,274.91,281.98,228.32,136.73,510.92,337.62,196.8,454.91,336.31,117.61,443.68,233.7,194.97,534.78,159.87,125.73,158.86,512.91,398.44,182.81,55.33,348.69,1.95,0.0,160.17,522.2,512.94,339.6,490.47,145.78,118.92,455.85,432.3,357.53,127.93,484.56,526.78,453.69,332.58,333.31,161.45,344.36,135.84,135.03,519.33,8.67,420.97,519.31,135.81,453.84,339.51,465.66,176.69,531.78,526.9,536.49,541.7,62.19,334.08,336.43,121.56
Samudra Parakrama,332.61,162.15,317.87,266.59,11.89,286.59,298.89,217.76,352.69,356.59,165.59,320.55,387.33,280.74,274.77,377.0,268.65,472.63,224.27,445.25,323.23,325.25,159.82,70.11,331.12,315.17,316.29,367.59,319.43,443.21,279.36,443.58,378.05,325.98,329.74,248.04,161.28,189.56,16.66,443.58,325.8,326.24,444.06,299.68,325.02,374.94,418.29,303.3,309.32,435.71,277.25,432.4,430.28,347.68,426.18,55.27,325.09,157.95,440.53,440.13,322.62,444.38,158.15,444.24,444.15,398.67,363.23,382.94,216.73,216.84,164.07,342.68,61.78,469.6,309.81,16.05,379.81,150.81,440.23,398.44,320.66,346.76,352.37,326.89,158.56,295.89,316.69,411.57,86.44,297.48,271.33,144.87,439.89,141.45,36.11,444.75,302.79,151.03,335.79,394.47,292.89,457.81,86.46,440.73,285.24,290.5,450.79,182.47,323.4,325.19,129.78,297.36,322.95,47.09,289.14,182.84,90.15,442.99,12.85,64.08,15.08,325.78,358.65,131.01,84.22,229.2,159.02,160.17,0.0,443.03,441.85,325.06,429.25,129.02,46.85,303.04,345.25,349.43,65.59,365.01,354.9,317.53,319.38,320.32,10.32,216.06,165.93,166.4,408.88,154.62,306.04,445.46,163.6,300.36,324.51,388.19,36.24,437.15,441.36,433.67,451.54,239.85,320.93,315.51,144.3
Sea Turtle Conservation Project (Koggala),306.04,524.19,322.46,374.57,453.97,287.42,379.33,420.54,290.81,292.65,483.75,116.23,64.33,382.37,95.31,64.21,224.8,835.92,413.08,33.29,122.66,120.78,520.79,416.73,114.51,368.01,316.69,321.15,116.45,60.79,396.58,24.51,778.2,144.15,354.17,393.17,604.08,369.93,459.47,24.51,123.18,122.58,24.38,337.59,121.66,258.21,99.72,334.35,332.57,9.81,255.17,58.66,83.78,296.61,90.53,465.33,119.77,516.13,811.21,811.11,124.2,19.93,518.4,20.48,6.7,135.6,81.94,65.82,420.45,420.56,606.92,237.75,497.89,843.99,122.34,458.77,226.3,482.16,2.83,55.71,324.05,290.76,328.89,358.71,517.54,341.66,220.23,47.16,382.17,81.2,277.19,587.75,46.89,522.75,460.32,31.66,337.14,511.37,112.84,94.53,266.94,806.37,376.14,813.51,295.17,289.45,830.13,625.33,361.07,123.88,505.03,341.08,123.44,445.12,347.1,288.58,355.56,45.46,455.31,418.68,457.69,358.82,82.53,342.18,476.81,411.21,519.57,522.2,443.03,0.0,27.82,121.59,62.96,567.11,443.03,333.36,52.38,261.03,503.79,269.79,310.07,315.36,124.58,124.56,452.29,421.35,608.94,609.42,115.99,510.39,168.19,18.15,606.6,336.17,121.23,56.62,406.77,55.4,22.37,86.59,41.85,545.45,124.21,288.4,401.96
Sea Turtle Farm Galle Mahamodara,300.13,514.89,327.94,368.38,453.06,268.98,396.9,415.78,298.46,302.12,492.04,105.81,52.08,391.61,91.42,52.9,237.72,822.72,408.62,61.09,111.89,109.97,511.51,411.42,103.58,381.02,315.62,337.29,106.07,47.17,407.29,3.77,768.51,158.19,367.91,387.19,603.13,380.67,458.43,3.77,112.26,111.66,4.16,341.36,110.83,256.99,125.49,338.4,338.38,34.64,238.43,31.63,110.52,304.37,116.97,461.03,108.98,506.81,798.75,798.68,113.42,8.37,509.14,48.3,34.5,159.91,70.47,53.84,416.1,416.12,605.1,258.42,494.94,831.61,112.26,457.77,249.56,480.51,28.32,43.07,343.32,285.32,343.46,372.47,508.23,345.51,238.38,63.51,385.28,77.87,292.68,586.71,39.67,514.75,457.17,59.46,342.11,502.31,101.73,117.08,248.41,792.33,371.4,801.19,276.7,270.69,818.24,623.5,374.57,112.98,510.42,345.36,112.66,441.0,350.16,280.31,353.07,39.02,454.35,413.74,456.72,372.45,71.37,335.32,470.93,405.69,510.3,512.94,441.85,27.82,0.0,110.76,36.27,567.71,438.92,336.79,54.59,282.27,503.97,266.21,322.63,315.15,113.94,113.87,451.4,416.91,607.63,608.04,141.05,501.06,181.45,10.54,605.37,339.62,110.44,54.98,405.71,44.09,50.01,113.6,37.13,532.22,113.5,307.4,391.88
Seema Malakaya Temple,201.64,341.19,293.16,228.94,336.87,64.64,431.67,268.93,293.85,307.48,439.35,12.74,59.39,356.89,61.22,57.86,272.07,626.85,266.31,135.08,2.43,1.53,338.07,269.73,13.51,376.93,241.67,371.29,13.12,145.06,378.02,112.66,586.68,236.0,373.78,241.31,475.04,362.34,340.74,112.66,3.35,2.52,112.9,288.02,0.13,223.54,284.08,288.32,300.77,121.38,49.36,96.02,280.43,297.17,282.69,320.88,3.54,333.3,605.52,605.53,5.04,114.67,335.91,129.82,124.51,298.22,40.47,57.34,272.16,271.56,471.33,343.77,360.84,638.43,15.59,340.33,358.29,338.83,120.76,68.6,400.69,201.15,364.31,376.95,334.73,290.61,309.57,78.35,307.86,66.99,329.54,459.03,138.47,348.23,325.06,134.29,296.79,330.46,17.68,259.81,45.18,594.0,239.2,608.49,71.94,65.18,626.91,488.72,376.37,4.47,433.88,293.55,3.69,304.05,287.46,143.48,240.47,139.02,337.62,274.29,339.54,375.88,39.41,194.61,319.8,256.33,336.94,339.6,325.06,121.59,110.76,0.0,93.38,452.13,302.24,283.09,96.59,367.29,390.35,209.98,338.44,247.5,7.1,6.52,335.35,272.1,477.04,476.91,290.0,327.89,242.28,115.8,475.4,284.64,1.01,97.17,294.33,140.79,129.49,284.87,140.3,339.44,5.73,368.76,221.69
Seenigama Muhudu Viharaya,280.65,492.36,322.54,347.21,440.75,237.81,410.02,395.74,296.59,302.55,491.44,88.86,63.81,389.98,82.59,67.42,245.85,795.52,389.01,50.93,94.56,92.61,489.01,393.94,86.18,384.51,301.95,345.79,89.18,64.95,407.36,40.03,745.05,169.97,372.64,366.0,590.16,384.1,445.92,40.03,94.8,94.2,40.38,333.43,93.45,244.8,154.55,330.86,333.17,36.07,209.22,5.01,141.57,302.46,147.3,444.5,91.66,484.26,772.32,772.27,96.06,44.61,486.68,44.23,37.12,185.94,52.9,36.05,396.56,396.49,591.08,277.4,479.91,805.23,95.6,445.29,272.73,463.65,62.76,46.55,359.37,266.85,349.76,377.19,485.7,337.56,253.86,28.41,378.48,70.36,303.62,573.69,57.38,493.69,442.06,50.05,335.7,480.08,84.15,141.66,217.29,764.33,354.85,774.93,245.48,239.19,792.38,609.4,378.88,95.53,505.89,337.99,95.32,424.8,341.1,260.35,339.45,57.0,441.94,396.71,444.27,376.95,54.1,316.51,452.48,384.79,487.81,490.47,429.25,62.96,36.27,93.38,0.0,556.77,422.73,328.48,56.14,301.89,492.75,250.67,326.64,302.59,96.72,96.62,439.06,397.26,594.22,594.53,168.6,478.56,191.39,46.8,592.06,331.26,93.1,59.91,393.45,61.46,44.84,145.08,55.78,505.38,96.22,323.31,368.96
Seruwila Mangala Raja Maha Vihara,514.86,146.42,489.45,450.04,117.18,409.35,257.18,401.16,523.16,524.7,121.71,448.26,516.18,440.34,402.9,505.79,374.87,317.73,407.38,566.72,450.21,452.4,146.29,184.94,458.82,468.6,495.41,522.88,447.13,562.08,433.22,569.24,234.61,441.81,483.96,431.7,35.45,187.57,112.56,569.24,452.67,453.17,569.7,473.04,452.07,554.01,533.12,476.4,479.91,559.33,403.59,559.75,546.78,517.69,541.95,100.42,452.37,147.28,292.85,292.43,449.43,569.75,146.15,566.79,567.75,509.16,492.22,511.81,399.88,400.05,46.41,317.62,71.35,310.01,437.1,113.07,345.37,331.76,564.3,527.07,285.86,528.54,509.04,480.3,147.03,469.01,303.21,539.85,188.55,424.85,263.04,28.47,560.13,127.9,93.58,566.35,474.43,143.89,463.56,511.0,417.66,315.09,213.03,291.85,407.08,412.9,294.91,56.09,476.96,451.98,80.4,469.89,449.83,150.72,463.22,311.24,218.91,563.37,116.16,179.67,114.0,479.46,487.65,257.54,111.39,412.91,146.27,145.78,129.02,567.11,567.71,452.13,556.77,0.0,152.25,477.04,468.9,318.34,46.58,545.55,517.18,495.88,446.19,447.13,118.8,399.28,41.64,42.73,521.84,147.58,419.92,570.71,39.59,474.24,451.62,513.39,163.78,556.59,563.75,549.81,572.33,206.73,447.76,289.73,251.43
Sigiriya Lion Rock,327.19,121.02,331.35,258.73,53.19,257.2,338.18,212.44,366.26,372.54,212.42,299.34,375.6,307.37,268.2,365.91,288.57,440.65,220.01,448.71,300.23,302.62,118.34,32.79,309.82,344.83,318.73,394.05,298.23,449.58,310.35,440.99,353.77,337.04,358.29,239.96,172.97,228.45,53.01,440.99,302.55,303.1,441.48,311.7,302.19,375.77,428.81,315.49,324.28,436.44,253.18,426.29,439.14,361.93,435.75,22.46,302.75,115.8,409.6,409.26,299.25,442.26,116.4,446.38,444.84,412.9,348.5,371.08,212.74,212.59,170.58,367.73,58.86,439.83,287.58,53.16,403.73,159.84,440.31,388.2,354.74,342.3,378.36,356.12,116.61,308.36,339.06,402.69,121.1,292.92,299.79,156.85,444.84,103.6,23.62,448.06,316.8,108.83,314.7,403.74,266.12,423.04,67.89,410.23,254.85,260.71,421.89,188.53,352.65,301.78,174.87,310.54,299.76,2.1,300.62,165.78,89.74,447.78,52.71,27.96,53.09,354.86,344.06,109.47,44.28,221.72,117.39,118.92,46.85,443.03,438.92,302.24,422.73,152.25,0.0,314.1,347.07,377.02,96.21,363.15,376.35,321.34,296.06,296.97,52.66,211.8,175.43,175.41,421.08,111.81,319.25,443.53,173.62,311.66,301.81,386.94,57.96,442.99,443.73,442.81,455.76,194.95,297.63,346.0,102.69
Single Tree Hill,81.45,458.98,19.95,92.81,317.94,294.51,335.27,113.38,52.71,61.61,376.91,267.34,292.03,74.61,132.32,275.89,131.01,923.31,105.79,333.36,282.51,281.94,454.18,284.87,279.21,95.7,41.42,109.78,266.14,330.3,95.72,338.51,814.95,167.91,96.09,101.89,531.54,240.11,326.04,338.51,286.86,286.39,339.15,5.38,283.18,84.96,298.5,5.44,20.36,322.07,246.49,331.61,313.5,49.16,308.44,346.03,279.96,448.24,882.36,882.02,284.42,338.68,450.77,332.79,334.09,278.55,276.49,286.95,110.94,111.49,537.21,253.59,385.95,927.66,263.51,324.99,294.49,155.19,329.34,300.21,301.35,83.81,96.69,98.23,450.09,9.26,203.61,312.34,213.6,147.92,197.83,508.39,325.37,447.28,333.92,332.76,13.99,439.63,282.9,262.76,280.2,889.86,226.8,884.34,301.29,301.24,904.18,563.46,96.84,287.27,394.22,10.93,283.52,317.06,13.93,159.17,185.91,329.81,319.95,285.24,323.42,96.94,270.3,200.7,370.46,111.19,452.46,455.85,303.04,333.36,336.79,283.09,328.48,477.04,314.1,0.0,193.09,279.88,387.06,85.48,78.6,35.83,280.76,282.0,315.58,112.14,539.06,539.89,288.13,440.36,145.56,339.84,535.59,2.83,281.72,258.39,251.59,321.49,328.52,318.66,342.11,523.59,282.17,262.5,304.67
Sinharaja Forest Reserve,172.14,434.37,182.7,239.59,356.1,227.62,306.52,283.52,152.31,155.94,389.79,89.97,59.4,245.38,49.56,54.66,140.79,752.25,275.87,54.38,97.27,95.81,430.95,322.05,90.78,235.89,177.64,195.47,89.92,57.34,261.19,54.98,688.1,69.03,223.35,257.72,506.15,279.75,361.65,54.98,98.37,97.86,55.21,197.36,96.65,120.06,105.57,194.16,192.99,48.28,190.88,56.48,106.35,158.23,106.59,369.5,94.73,426.4,726.06,725.91,98.7,54.78,428.55,52.99,52.78,117.21,66.96,58.89,283.09,283.26,509.28,182.35,400.97,758.59,93.9,360.93,186.69,342.73,50.88,56.79,258.74,156.64,199.84,227.91,427.8,201.45,154.23,56.22,284.24,67.12,199.35,489.82,53.28,430.92,363.6,53.98,197.21,421.23,90.24,79.79,208.77,724.74,281.07,728.05,235.03,230.9,743.77,527.69,229.8,98.95,408.31,200.96,98.0,349.17,206.81,199.64,258.66,54.65,357.45,323.61,359.85,227.76,65.9,250.03,382.5,275.08,429.74,432.3,345.25,52.38,54.59,96.59,56.14,468.9,347.07,193.09,0.0,207.24,405.65,133.86,177.58,175.86,98.37,98.56,354.44,284.06,511.11,511.6,109.36,420.68,87.7,55.11,508.74,195.9,96.1,47.9,309.01,53.3,51.55,110.79,58.45,463.33,98.34,222.93,314.5
Sithulpawwa Rock Temple,344.74,359.14,261.09,372.54,355.63,393.12,95.33,383.21,242.51,228.47,215.89,354.69,318.56,241.26,253.35,309.33,104.23,594.6,376.84,236.35,367.75,366.06,356.87,367.89,359.77,202.05,311.59,170.1,354.18,213.51,232.01,280.69,529.04,138.69,192.58,379.71,352.56,132.16,361.31,280.69,370.49,369.79,280.86,277.8,367.38,304.29,168.44,274.99,259.97,251.4,356.44,300.62,187.47,241.61,179.84,288.56,364.23,354.34,572.08,571.83,369.92,277.53,355.25,245.72,256.53,129.93,328.83,317.42,379.67,380.44,360.11,18.1,298.79,594.0,357.14,360.48,33.2,391.09,258.88,313.29,50.5,337.37,183.69,192.9,355.13,278.25,42.02,309.85,263.43,242.72,56.81,342.44,222.21,349.0,277.71,237.28,267.88,349.47,360.42,166.57,379.26,580.84,332.59,572.54,398.97,397.53,580.78,372.31,195.9,371.22,247.64,274.56,368.88,378.76,286.18,307.25,297.62,225.3,357.24,365.9,359.42,194.34,326.01,328.53,306.24,385.07,356.07,357.53,349.43,261.03,282.27,367.29,301.89,318.34,377.02,279.88,207.24,0.0,281.2,320.74,202.37,304.8,368.19,368.85,354.33,380.85,358.03,358.87,150.71,350.69,126.02,276.69,355.99,280.37,366.29,243.11,320.64,213.89,242.42,187.25,234.54,401.06,368.69,30.86,401.28
Somawathiya Chaitya,423.39,129.0,400.11,358.59,53.7,350.13,229.48,309.71,434.21,436.44,106.95,386.01,452.27,354.17,338.85,441.82,316.77,331.99,315.9,504.13,388.49,390.56,128.11,127.52,396.58,384.58,404.36,438.6,384.88,500.29,348.77,505.54,255.21,380.79,399.79,340.26,74.36,154.2,49.6,505.54,391.02,391.47,506.02,383.21,390.3,463.01,472.62,386.64,390.81,496.14,342.27,495.77,485.74,428.87,481.14,64.01,390.45,128.03,307.63,307.27,387.82,506.13,127.43,503.9,504.57,450.1,428.62,447.9,308.38,308.57,79.66,278.86,41.27,326.98,375.17,50.02,306.48,240.3,500.99,463.06,253.1,437.1,424.24,396.36,128.09,379.22,262.68,475.8,128.86,360.84,224.87,63.02,497.93,110.8,53.25,503.74,385.05,123.63,401.28,449.9,357.31,325.21,151.25,307.19,348.38,353.9,312.45,92.5,392.96,390.38,69.37,380.25,388.17,95.1,373.18,248.41,155.03,501.1,52.84,121.8,50.84,395.44,424.05,195.92,80.79,321.49,127.81,127.93,65.59,503.79,503.97,390.35,492.75,46.58,96.21,387.06,405.65,281.2,0.0,454.29,430.65,404.98,384.58,385.53,55.29,307.8,78.91,79.53,461.96,127.05,359.48,507.12,76.99,384.28,389.81,449.79,99.78,494.61,500.9,488.9,509.95,190.0,386.13,253.92,198.74
Sri Pada / Adam's Peak,39.0,487.56,88.52,105.75,381.06,241.31,408.3,150.75,83.85,97.52,461.34,192.84,207.13,158.38,48.71,191.04,179.29,944.68,143.29,279.49,210.04,208.52,482.68,326.44,202.93,170.57,51.64,161.4,191.85,285.47,179.04,268.74,849.6,155.57,165.49,123.99,595.41,324.71,388.71,268.74,214.22,213.49,269.42,90.86,210.09,18.71,269.27,89.53,98.01,260.36,188.53,254.59,277.56,87.3,275.25,395.06,206.19,476.25,906.32,906.09,212.59,270.02,479.23,275.04,272.34,265.33,191.34,201.9,150.69,150.77,598.35,289.03,441.69,952.56,192.86,387.77,318.41,214.37,265.91,216.6,362.55,23.98,154.39,169.01,478.2,94.63,238.54,230.57,291.02,63.96,260.81,571.95,276.06,481.91,387.92,278.4,96.79,468.64,205.61,230.98,221.06,906.96,268.07,908.96,250.03,247.48,930.88,624.66,168.84,214.97,474.64,96.3,211.37,366.15,95.57,155.12,238.52,279.92,382.89,328.89,386.27,168.04,185.21,223.69,412.71,141.64,480.92,484.56,365.01,269.79,266.21,209.98,250.67,545.55,363.15,85.48,133.86,320.74,454.29,0.0,128.44,53.38,209.53,210.62,378.69,151.56,601.86,602.44,265.99,468.06,150.71,271.65,598.61,87.92,208.56,190.11,313.39,275.14,271.39,283.52,290.38,534.47,210.58,317.7,318.56
St Benedict's Monastery - Adisham,144.96,529.93,59.12,171.28,368.1,363.34,281.94,189.0,44.59,31.18,381.06,321.28,311.89,76.91,175.67,296.16,53.89,995.16,181.8,299.23,338.46,336.96,525.19,352.29,331.09,58.39,109.56,33.73,320.29,287.59,87.41,323.1,881.1,114.28,46.03,180.3,576.71,222.17,376.44,323.1,342.66,341.94,323.66,77.38,338.53,116.1,244.54,74.14,59.85,297.15,312.49,328.16,264.02,41.66,257.04,407.57,334.63,519.51,953.31,952.93,340.99,321.73,521.83,302.79,308.57,214.71,308.83,308.01,186.04,186.71,585.32,175.14,441.51,998.1,321.09,375.32,216.24,217.07,306.06,313.99,234.34,140.1,26.55,50.55,521.27,78.66,125.01,319.99,247.84,174.43,132.36,554.21,287.06,515.68,392.08,299.14,68.19,510.58,333.51,213.04,345.88,963.3,295.97,955.01,371.04,369.86,973.93,611.23,52.26,343.41,413.72,75.21,339.79,379.2,87.11,237.54,250.5,291.86,370.26,351.54,373.71,50.31,303.36,276.81,435.81,188.38,523.52,526.78,354.9,310.07,322.63,338.44,326.64,517.18,376.35,78.6,177.58,202.37,430.65,128.44,0.0,102.75,337.89,338.98,365.85,187.26,585.34,586.44,229.63,511.8,82.89,322.18,581.64,79.52,337.01,245.89,305.51,280.61,298.05,268.29,305.36,599.66,338.96,190.84,381.3
St Clair's Falls,46.03,456.75,47.23,76.33,333.17,262.26,370.07,111.09,64.03,77.29,408.21,231.62,260.31,110.4,97.76,244.22,156.64,918.73,103.2,320.08,246.96,246.3,451.89,288.02,243.41,130.09,6.81,136.11,230.42,321.15,131.53,317.29,816.26,169.97,128.76,90.75,547.65,275.38,341.01,317.29,251.29,250.82,317.98,40.97,247.56,58.24,295.93,40.91,53.53,304.95,212.96,306.24,308.16,63.75,304.26,353.42,244.31,445.71,878.87,878.57,248.94,318.06,448.46,317.66,317.01,282.47,242.31,254.98,109.89,110.21,551.74,276.32,397.11,924.64,228.11,340.03,313.31,166.89,311.4,269.98,333.06,48.13,125.01,131.4,447.6,44.08,225.58,283.69,238.24,117.3,229.56,524.27,314.16,447.84,343.95,319.24,49.31,437.53,247.07,258.69,246.62,883.41,229.24,881.14,269.51,268.91,901.93,578.06,130.37,251.74,421.44,46.61,247.99,324.34,43.2,139.56,194.06,318.36,335.08,289.46,338.49,130.2,236.01,193.74,374.44,105.02,450.15,453.69,317.53,315.36,315.15,247.5,302.59,495.88,321.34,35.83,175.86,304.8,404.98,53.38,102.75,0.0,245.31,246.56,330.77,110.96,554.55,555.24,288.45,437.66,154.05,319.48,551.19,37.67,246.11,237.58,265.74,311.61,313.65,313.74,329.87,513.86,246.71,292.18,295.03
St Lucia's Cathedral,199.35,334.17,291.41,223.82,331.19,57.72,430.53,262.82,293.29,307.05,435.28,16.07,62.78,354.17,61.4,61.07,272.04,619.89,260.42,137.85,4.68,8.22,331.05,263.49,20.07,375.11,239.36,370.93,15.97,147.62,375.28,115.82,579.57,237.97,372.39,235.67,468.76,359.73,334.98,115.82,6.5,7.15,116.08,285.58,6.99,223.67,288.0,286.01,298.76,124.26,42.93,99.36,284.73,296.44,286.84,314.55,9.65,326.28,598.5,598.51,3.24,117.82,328.89,132.67,127.46,301.38,43.82,60.68,266.14,265.52,464.94,344.83,354.6,631.41,12.09,334.59,360.06,332.21,123.73,71.98,400.47,199.61,363.56,375.45,327.71,288.06,310.43,81.73,303.52,67.92,329.06,452.79,141.1,341.31,318.94,137.06,294.51,323.48,24.54,263.49,38.12,587.1,233.39,601.46,65.09,58.39,619.88,482.29,374.76,5.81,429.1,291.09,3.78,297.85,284.66,138.3,235.31,141.69,331.91,268.09,333.81,374.34,42.66,188.75,313.2,250.29,329.92,332.58,319.38,124.58,113.94,7.1,96.72,446.19,296.06,280.76,98.37,368.19,384.58,209.53,337.89,245.31,0.0,0.97,329.67,266.04,470.72,470.58,293.56,320.88,243.6,118.94,469.08,282.21,7.23,99.74,288.93,143.34,132.31,289.19,143.06,332.37,1.58,368.83,214.83
St. Mary's Church,200.57,334.89,292.61,225.19,332.13,58.16,431.37,264.21,294.41,308.14,436.26,16.27,62.66,355.44,61.78,61.0,272.79,620.34,261.81,137.87,4.1,7.75,331.78,264.39,19.74,376.33,240.6,372.02,16.24,147.69,376.54,115.77,580.2,238.51,373.56,237.04,469.67,360.65,335.93,115.77,5.61,6.33,116.02,286.84,6.4,224.72,288.29,287.25,299.98,124.26,43.83,99.26,284.95,297.56,287.08,315.45,9.31,327.01,599.01,599.01,2.29,117.76,329.62,132.68,127.46,301.77,43.71,60.58,267.54,266.91,465.82,345.48,355.5,631.9,12.99,335.53,360.63,333.6,123.71,71.86,401.24,200.79,364.69,376.63,328.44,289.33,311.08,81.62,304.5,68.22,329.83,453.69,141.16,342.07,319.86,137.09,295.76,324.23,24.12,263.81,38.66,587.52,234.33,601.97,65.49,58.76,620.38,483.18,375.96,4.84,430.08,292.33,3.0,298.77,285.92,139.26,236.28,141.74,332.85,269.01,334.75,375.54,42.58,189.69,314.06,251.66,330.66,333.31,320.32,124.56,113.87,6.52,96.62,447.13,296.97,282.0,98.56,368.85,385.53,210.62,338.98,246.56,0.97,0.0,330.62,267.43,471.62,471.47,293.9,321.61,244.22,118.88,469.98,283.46,6.78,99.81,289.91,143.41,132.33,289.4,143.1,332.91,0.8,369.58,215.62
Statue of Parakramabahu I,346.61,163.36,330.04,280.84,1.68,296.64,300.17,231.96,364.76,368.34,160.62,330.87,397.44,291.06,284.7,387.09,275.4,469.98,238.41,454.15,333.52,335.55,161.2,78.56,341.44,324.79,329.68,377.61,329.75,451.78,288.88,453.09,373.56,334.06,339.54,262.33,151.81,191.32,7.42,453.09,336.09,336.52,453.57,312.11,335.32,388.35,426.35,315.69,321.32,444.92,287.52,442.19,438.56,359.68,434.35,57.23,335.4,159.61,437.61,437.19,332.91,453.84,159.63,453.3,453.36,406.19,373.45,393.06,230.87,231.0,155.16,348.19,56.57,466.35,320.13,6.64,385.54,164.34,449.52,408.49,323.79,360.64,362.57,336.56,160.14,308.27,322.86,421.53,90.91,307.25,276.21,135.45,448.65,141.68,37.48,453.69,314.96,152.77,346.11,402.72,303.07,455.99,96.66,437.69,295.22,300.52,447.33,173.53,333.09,335.48,122.36,309.64,333.24,52.53,301.65,193.16,100.2,451.77,3.1,72.53,5.52,335.49,368.9,141.24,86.17,243.51,160.45,161.45,10.32,452.29,451.4,335.35,439.06,118.8,52.66,315.58,354.44,354.33,55.29,378.69,365.85,330.77,329.67,330.62,0.0,230.23,156.68,157.19,416.71,156.59,313.86,454.9,154.31,312.86,334.81,397.6,45.7,445.79,450.4,441.9,460.37,242.62,331.21,319.73,152.56
Temple of the Sacred Tooth Relic,117.0,347.46,131.74,50.85,232.61,247.14,396.92,3.54,164.25,173.74,355.93,261.36,338.76,142.63,176.49,323.66,235.29,811.31,8.31,429.39,270.21,271.76,342.64,177.09,276.0,180.36,107.66,214.26,259.82,431.87,157.89,419.66,705.62,278.08,188.38,33.09,445.84,265.52,239.87,419.66,274.41,274.59,420.36,111.58,272.1,163.99,406.33,115.26,127.99,411.79,213.34,401.85,419.08,161.16,415.03,243.79,270.79,336.62,770.61,770.27,270.54,421.18,339.24,425.91,423.79,389.81,307.63,332.61,1.22,0.79,447.71,358.22,290.25,816.04,249.9,238.99,402.77,69.77,417.47,353.74,383.68,131.59,199.18,188.4,338.49,109.41,310.05,372.0,167.72,209.34,284.4,422.31,424.37,337.29,236.38,428.44,119.64,328.18,281.83,369.39,243.77,777.75,118.31,772.65,250.26,253.91,792.84,473.98,185.61,274.05,349.67,112.61,270.43,214.8,100.89,79.33,87.71,428.46,234.26,178.71,237.56,186.94,301.05,89.61,263.55,15.79,340.93,344.36,216.06,421.35,416.91,272.1,397.26,399.28,211.8,112.14,284.06,380.85,307.8,151.56,187.26,110.96,266.04,267.43,230.23,0.0,451.8,452.27,397.8,328.67,257.53,422.89,448.65,110.34,271.01,341.59,165.32,422.19,422.12,424.61,439.65,412.39,268.03,353.21,194.19
Trincomalee Beach,568.76,136.04,552.99,501.69,155.01,428.79,298.73,453.21,587.44,590.25,163.08,474.54,549.78,509.01,439.41,539.82,425.21,279.84,460.07,610.7,474.98,477.48,136.61,207.5,484.98,539.57,553.33,593.59,473.43,607.74,503.76,609.4,194.81,488.85,554.79,482.91,6.46,228.16,149.47,609.4,477.22,477.82,609.88,535.46,476.98,611.96,580.83,538.99,543.99,601.59,427.78,597.51,593.72,582.24,589.23,113.57,477.68,138.51,254.9,254.45,473.9,610.25,136.97,609.96,610.02,558.6,523.54,545.31,452.53,452.57,8.31,356.57,84.77,271.09,462.58,150.16,384.29,387.84,606.17,561.78,326.79,583.14,579.21,551.34,137.98,531.56,341.14,575.6,237.36,462.78,302.23,15.89,604.95,119.05,111.77,610.25,537.9,136.33,489.88,557.85,439.4,279.14,242.01,253.67,425.58,431.91,255.84,14.52,547.95,476.4,121.89,532.8,474.45,173.5,525.13,340.85,254.85,608.1,153.65,203.24,151.25,550.44,519.06,284.82,117.33,464.1,136.84,135.84,165.93,608.94,607.63,477.04,594.22,41.64,175.43,539.06,511.11,358.03,78.91,601.86,585.34,554.55,470.72,471.62,156.68,451.8,0.0,1.3,570.35,139.96,467.76,611.34,2.07,536.31,476.65,554.08,202.17,601.9,607.03,596.92,616.78,192.14,472.29,329.87,264.14
Trincomalee War Cemetery,569.25,135.22,553.89,502.11,155.52,428.49,299.77,453.69,588.36,591.24,164.24,474.45,549.94,510.15,439.69,540.0,426.09,278.55,460.56,611.26,474.84,477.36,135.81,207.42,484.89,540.81,553.99,594.81,473.34,608.38,504.99,609.81,193.56,489.57,556.01,483.34,7.7,229.08,149.97,609.81,477.07,477.68,610.3,536.29,476.85,612.6,581.58,539.85,544.91,602.08,427.65,597.81,594.42,583.16,589.95,113.49,477.56,137.74,253.61,253.17,473.74,610.67,136.19,610.49,610.53,559.42,523.62,545.46,453.02,453.06,7.17,357.36,84.77,269.81,462.46,150.68,385.07,388.48,606.64,561.98,327.74,583.67,580.41,552.6,137.19,532.41,341.86,575.82,238.22,463.12,303.02,16.56,605.55,118.3,111.85,610.81,538.78,135.59,489.79,558.57,439.17,277.84,242.1,252.38,425.25,431.58,254.56,13.54,549.19,476.25,123.02,533.68,474.31,173.49,525.96,340.9,255.19,608.7,154.16,203.19,151.76,551.68,519.15,284.83,117.0,464.53,136.05,135.03,166.4,609.42,608.04,476.91,594.53,42.73,175.41,539.89,511.6,358.87,79.53,602.44,586.44,555.24,470.58,471.47,157.19,452.27,1.3,0.0,571.14,139.22,468.53,611.76,3.17,537.15,476.52,554.53,202.64,602.53,607.58,597.65,617.38,191.18,472.15,330.74,263.7
Turtle Conservation Project Turtle Watch,304.11,521.49,270.28,363.47,418.29,336.6,277.2,398.4,235.54,229.07,411.02,277.71,205.84,305.76,197.08,199.95,149.11,844.92,390.54,87.34,291.36,288.51,518.1,401.06,278.69,277.33,293.06,223.14,277.67,62.89,312.34,138.65,772.05,84.15,261.92,379.07,564.19,291.78,424.12,138.65,293.32,292.35,138.68,290.14,290.12,247.91,17.73,286.33,277.31,107.13,299.54,165.93,36.77,239.68,29.13,443.31,286.48,513.81,817.12,816.92,294.09,134.72,515.7,98.11,110.49,20.8,228.69,206.5,396.66,397.09,570.45,129.76,469.03,849.17,285.38,423.35,111.84,441.79,114.36,194.76,217.94,289.84,236.53,265.8,515.13,293.34,122.63,185.1,333.5,173.72,185.79,548.54,72.69,514.42,433.69,88.48,284.74,508.02,277.33,30.49,317.99,819.69,360.27,818.71,343.92,339.96,833.21,588.56,269.04,294.45,442.62,291.04,292.75,423.13,301.26,294.27,331.56,75.54,419.81,401.35,422.22,266.53,227.61,337.49,460.99,393.3,516.9,519.33,408.88,115.99,141.05,290.0,168.6,521.84,421.08,288.13,109.36,150.71,461.96,265.99,229.63,288.45,293.56,293.9,416.71,397.8,570.35,571.14,0.0,508.2,102.85,133.4,567.75,290.42,289.1,119.04,373.9,64.02,95.09,36.77,84.36,559.73,293.44,184.06,407.38
Twin Baths (Kuttam Pokuna),429.24,10.06,459.58,364.07,156.33,268.73,327.22,327.86,492.81,501.75,228.92,329.37,422.7,450.62,331.77,414.81,387.85,246.09,335.68,521.91,325.53,328.75,7.6,114.33,338.77,489.58,433.33,534.34,328.36,527.48,457.26,503.72,194.78,424.63,501.62,347.46,142.05,247.43,153.28,503.72,327.05,327.9,504.22,439.29,327.8,484.05,513.38,443.06,454.61,505.28,280.29,482.78,521.07,489.51,518.81,72.36,329.55,4.18,225.03,224.85,323.69,505.86,5.91,517.39,513.38,502.94,390.46,418.14,329.85,329.36,132.71,342.35,85.8,248.12,315.96,153.82,367.42,298.71,507.88,437.83,337.91,444.64,518.61,500.14,5.21,436.71,319.88,454.54,232.62,358.41,295.56,134.0,520.56,20.93,86.66,521.01,446.44,3.71,343.8,487.08,284.34,230.45,151.3,226.04,263.5,270.57,236.38,141.63,496.8,325.94,195.35,439.59,324.61,110.66,428.29,221.92,185.09,523.14,155.19,116.61,154.34,498.79,386.53,171.38,51.25,332.7,6.73,8.67,154.62,510.39,501.06,327.89,478.56,147.58,111.81,440.36,420.68,350.69,127.05,468.06,511.8,437.66,320.88,321.61,156.59,328.67,139.96,139.22,508.2,0.0,410.15,507.45,139.82,438.36,327.8,453.87,169.16,520.2,515.17,525.11,530.02,63.31,322.4,329.96,109.62
Udawalawe National Park,182.57,423.17,126.47,230.23,315.44,273.23,218.94,258.6,93.36,84.32,318.45,229.6,196.28,159.58,130.06,186.34,56.61,748.19,250.91,156.0,242.9,241.0,419.81,300.58,234.25,134.59,159.9,82.74,229.17,145.08,168.0,181.09,671.58,24.3,119.49,243.41,461.71,202.33,321.27,181.09,245.53,244.8,181.43,146.72,242.38,132.49,113.2,142.93,132.3,158.66,235.78,191.4,127.25,96.43,122.11,341.34,239.15,415.67,719.55,719.31,245.15,179.32,417.44,160.12,166.09,93.67,203.55,194.61,256.35,256.89,467.72,101.86,366.33,751.25,232.91,320.49,117.83,296.23,165.49,193.35,171.65,171.47,93.43,123.77,416.94,149.51,69.34,193.11,231.39,117.02,112.24,445.97,146.1,414.65,331.23,156.14,140.16,409.62,234.74,91.84,257.75,724.53,260.28,720.93,279.65,277.38,734.76,485.85,126.69,246.33,345.0,146.83,244.05,321.29,157.8,205.16,230.16,149.52,316.95,300.51,319.37,124.24,200.56,241.6,359.97,255.32,418.6,420.97,306.04,168.19,181.45,242.28,191.39,419.92,319.25,145.56,87.7,126.02,359.48,150.71,82.89,154.05,243.6,244.22,313.86,257.53,467.76,468.53,102.85,410.15,0.0,179.25,465.18,147.56,241.28,131.75,271.16,140.81,156.69,130.08,159.22,467.01,244.0,136.16,313.67
Unawatuna Beach,306.47,521.28,330.21,374.91,456.57,277.98,393.07,421.86,299.85,302.81,492.12,110.74,57.4,392.53,94.32,57.98,235.75,830.36,414.6,51.33,116.92,115.0,517.89,416.44,108.65,380.46,320.25,335.42,110.99,42.1,407.66,6.82,775.07,155.61,367.05,393.66,606.71,379.73,462.0,6.82,117.33,116.73,6.56,344.27,115.87,261.56,117.41,341.21,340.54,26.27,246.93,42.18,101.79,305.74,108.45,465.73,114.02,513.2,806.16,806.08,118.45,2.2,515.5,38.52,24.68,152.67,75.63,59.1,422.06,422.1,608.99,253.09,499.2,839.01,117.1,461.31,242.95,485.57,19.21,48.46,338.69,291.47,342.24,371.61,514.62,348.41,234.19,39.38,387.28,80.54,289.69,590.31,65.04,520.71,461.47,49.71,344.57,508.6,106.83,110.66,257.43,800.22,376.2,808.57,285.72,279.78,825.48,627.4,373.82,118.05,511.63,348.11,117.7,445.63,353.36,286.25,357.09,63.6,457.88,418.65,460.26,371.64,76.45,340.83,476.17,412.03,516.67,519.31,445.46,18.15,10.54,115.8,46.8,570.71,443.53,339.84,55.11,276.69,507.12,271.65,322.18,319.48,118.94,118.88,454.9,422.89,611.34,611.76,133.4,507.45,179.25,0.0,609.04,342.66,115.46,57.33,409.24,39.21,40.53,104.69,59.53,539.82,118.51,302.88,398.46
Uppuveli Beach,565.59,136.03,549.45,498.6,152.64,427.37,296.67,450.09,583.89,586.65,161.06,472.83,547.77,505.31,437.25,537.78,422.52,281.57,456.94,608.26,473.32,475.81,136.56,205.78,483.27,535.76,550.01,589.82,471.71,605.25,499.97,607.12,196.68,486.28,550.99,479.85,4.6,226.1,147.12,607.12,475.59,476.17,607.62,531.96,475.33,608.66,578.25,535.48,540.43,599.22,426.15,595.32,591.17,578.68,586.68,112.39,476.01,138.43,256.64,256.19,472.26,607.95,136.91,607.56,607.67,555.96,521.62,543.3,449.4,449.44,9.34,354.56,83.48,272.9,460.89,147.82,382.28,384.54,603.81,559.73,324.73,579.96,575.46,547.54,137.9,528.06,339.15,573.5,234.71,460.57,300.2,13.97,602.49,118.92,110.39,607.82,534.36,136.18,488.18,555.32,437.88,280.75,240.06,255.43,424.2,430.5,257.66,16.58,544.16,474.77,119.86,529.31,472.81,171.72,521.66,338.94,252.66,605.64,151.29,201.47,148.89,546.64,517.14,282.99,116.45,461.04,136.78,135.81,163.6,606.6,605.37,475.4,592.06,39.59,173.62,535.59,508.74,355.99,76.99,598.61,581.64,551.19,469.08,469.98,154.31,448.65,2.07,3.17,567.75,139.82,465.18,609.04,0.0,532.84,474.99,551.79,199.84,599.42,604.63,594.38,614.34,192.45,470.65,327.82,262.92
Victoria Park of Nuwara Eliya,82.99,456.96,21.45,92.19,315.21,295.24,334.14,111.64,54.94,63.45,374.27,268.97,294.6,72.75,134.55,278.44,131.57,921.39,104.1,336.11,284.04,283.5,452.16,282.62,280.91,94.78,43.03,110.31,267.75,332.94,93.88,341.34,812.72,170.23,95.61,100.82,528.79,237.96,323.34,341.34,288.39,287.94,341.98,3.39,284.7,87.64,300.92,5.4,20.46,324.88,247.46,334.41,316.03,51.21,310.93,343.59,281.53,446.25,880.39,880.05,285.9,341.51,448.78,335.57,336.9,280.67,278.83,289.5,109.14,109.71,534.51,254.34,383.34,925.65,264.94,322.26,295.59,152.64,332.14,302.87,300.9,85.76,96.96,97.65,448.07,6.69,204.47,315.04,210.77,150.51,197.42,505.65,328.07,445.14,331.37,335.51,13.26,437.61,284.66,265.26,281.16,888.06,224.61,882.34,301.91,301.97,902.14,560.76,96.15,288.77,391.44,8.94,285.02,314.61,11.23,158.57,183.49,332.53,317.25,282.94,320.7,96.34,272.61,199.09,368.14,109.71,450.47,453.84,300.36,336.17,339.62,284.64,331.26,474.24,311.66,2.83,195.9,280.37,384.28,87.92,79.52,37.67,282.21,283.46,312.86,110.34,536.31,537.15,290.42,438.36,147.56,342.66,532.84,0.0,283.26,261.21,248.91,324.17,331.29,321.17,344.83,522.04,283.63,262.39,303.17
Viharamahadevi Park,200.27,341.1,291.77,227.74,336.33,64.92,430.69,267.84,292.41,306.04,438.56,11.75,59.12,355.54,60.68,57.54,271.05,627.11,265.2,134.68,2.74,0.99,337.98,269.31,13.02,375.54,240.3,369.86,12.12,144.65,376.67,112.34,586.74,235.0,372.39,240.19,474.62,361.43,340.2,112.34,4.31,3.52,112.58,286.65,1.09,222.11,283.2,286.93,299.38,121.0,49.03,95.74,279.58,295.74,281.82,320.48,2.74,333.21,605.73,605.75,5.59,114.34,335.81,129.43,124.14,297.28,40.19,57.05,271.07,270.47,470.96,342.76,360.42,638.64,14.9,339.79,357.3,337.82,120.4,68.32,399.69,199.76,362.87,375.54,334.64,289.24,308.55,78.07,307.1,66.46,328.53,458.61,138.06,348.07,324.61,133.9,295.39,330.36,17.34,258.92,45.35,594.28,238.7,608.68,72.26,65.52,627.11,488.36,374.96,5.36,433.19,292.18,4.17,303.63,286.11,142.84,239.82,138.62,337.08,273.85,339.0,374.46,39.1,194.1,319.48,255.24,336.85,339.51,324.51,121.23,110.44,1.01,93.1,451.62,301.81,281.72,96.1,366.29,389.81,208.56,337.01,246.11,7.23,6.78,334.81,271.01,476.65,476.52,289.1,327.8,241.28,115.46,474.99,283.26,0.0,96.74,293.73,140.37,129.1,284.02,139.91,339.6,6.0,367.75,221.49
Visit Kanneliya Rain Forest,225.64,467.67,249.43,294.19,399.28,237.78,350.16,340.65,220.16,224.23,437.64,91.2,46.42,313.5,65.14,43.77,186.82,780.5,333.3,38.83,98.1,96.35,464.27,360.33,90.42,304.24,238.37,262.67,91.32,47.9,329.53,56.09,721.69,110.07,291.56,312.88,549.42,327.48,404.72,56.09,98.86,98.29,56.53,262.91,97.23,179.68,108.33,259.93,259.86,51.6,203.67,59.67,100.59,226.07,104.2,409.2,95.29,459.62,755.47,755.36,99.64,56.37,461.87,65.19,59.55,133.59,60.29,46.94,340.71,340.8,551.8,218.46,442.24,788.21,96.63,404.04,216.17,403.74,54.07,40.43,299.58,210.47,267.73,296.14,461.03,267.06,194.08,36.24,330.38,51.0,243.97,533.04,41.38,466.12,404.58,38.14,263.57,454.81,89.16,89.4,217.62,751.41,319.85,757.71,245.49,240.27,774.17,570.23,298.07,99.54,455.48,266.87,98.89,389.04,271.8,232.0,300.03,42.05,400.59,362.37,402.98,296.01,60.16,285.57,420.33,331.05,463.03,465.66,388.19,56.62,54.98,97.17,59.91,513.39,386.94,258.39,47.9,243.11,449.79,190.11,245.89,237.58,99.74,99.81,397.6,341.59,554.08,554.53,119.04,453.87,131.75,57.33,551.79,261.21,96.74,0.0,351.98,43.64,63.65,104.86,43.92,490.2,99.5,263.53,345.62
Wasgamuwa National Park,281.42,178.81,266.72,216.09,47.37,259.91,280.89,167.19,301.65,305.96,171.68,289.11,352.5,232.69,239.22,342.06,235.78,497.76,173.46,409.08,292.6,294.42,176.05,63.39,299.67,268.48,264.54,319.82,287.99,407.28,233.1,407.42,407.64,290.66,282.64,197.72,197.46,171.3,52.74,407.42,295.27,295.63,407.9,248.31,294.3,323.19,382.96,251.98,258.39,399.47,247.5,396.54,394.68,296.74,390.69,76.23,294.15,173.37,466.37,465.99,292.19,408.18,174.07,408.03,407.91,364.17,329.24,348.15,165.94,166.09,200.28,312.38,95.2,496.23,278.91,52.07,348.98,99.09,404.0,363.3,296.83,295.39,304.39,280.07,174.22,244.59,285.0,376.12,63.48,261.6,242.99,181.06,403.83,161.45,61.73,408.58,251.7,166.4,304.21,358.9,264.51,480.77,61.05,466.86,259.25,264.05,477.94,218.7,276.58,294.74,146.67,246.15,292.42,59.43,237.69,151.05,55.44,406.92,48.64,58.35,51.01,278.89,324.66,103.17,102.09,178.97,175.09,176.69,36.24,406.77,405.71,294.33,393.45,163.78,57.96,251.59,309.01,320.64,99.78,313.39,305.51,265.74,288.93,289.91,45.7,165.32,202.17,202.64,373.9,169.16,271.16,409.24,199.84,248.91,293.73,351.98,0.0,401.16,405.15,398.12,415.43,250.14,290.46,288.67,132.96
Weherahena Buddhist Temple,313.93,533.87,306.88,380.25,447.44,318.56,337.81,422.01,272.44,270.43,458.9,134.78,87.91,356.94,102.54,86.3,195.27,852.18,414.21,23.67,141.73,139.98,530.45,419.44,134.06,335.46,314.55,283.78,134.89,8.05,367.78,42.47,787.31,116.98,320.51,397.89,596.38,341.5,453.13,42.47,142.49,141.92,42.43,324.79,140.86,259.78,46.58,321.19,315.9,48.16,283.56,59.52,28.88,277.74,36.15,465.45,138.91,525.93,826.0,825.86,143.26,40.11,528.03,35.58,49.09,84.64,103.46,88.9,421.16,421.41,600.9,191.97,494.99,858.52,140.08,452.4,175.86,476.06,54.43,80.34,279.88,298.52,294.45,324.84,527.31,328.61,179.91,73.16,368.62,88.43,240.93,580.3,8.85,529.77,458.21,24.99,321.99,520.65,132.78,51.42,298.6,824.54,378.3,827.99,326.22,321.23,843.66,619.25,327.69,143.16,485.6,327.19,142.5,445.1,335.4,299.55,353.6,11.52,448.88,420.63,451.29,325.26,103.51,349.17,479.99,414.51,529.21,531.78,437.15,55.4,44.09,140.79,61.46,556.59,442.99,321.49,53.3,213.89,494.61,275.14,280.61,311.61,143.34,143.41,445.79,422.19,601.9,602.53,64.02,520.2,140.81,39.21,599.42,324.17,140.37,43.64,401.16,0.0,33.1,31.31,20.73,563.08,143.1,245.16,414.44
Weligama Beach,309.0,528.93,316.03,377.06,452.07,300.42,363.18,421.56,283.03,283.33,474.5,123.84,73.82,372.36,98.02,73.04,212.95,843.56,413.91,11.47,130.51,128.68,525.53,418.49,122.53,355.14,315.64,306.09,124.02,38.45,385.31,46.82,782.94,132.41,340.76,395.38,601.92,359.02,457.67,46.82,131.13,130.54,46.7,332.38,129.56,258.13,78.31,328.99,325.78,16.61,266.92,42.7,61.73,288.66,68.68,466.14,127.64,520.92,818.25,818.13,132.05,42.28,523.12,3.48,15.99,115.15,90.64,75.1,421.16,421.33,605.43,219.61,497.52,850.93,129.64,456.94,206.3,480.34,21.7,65.62,306.74,293.55,315.04,345.26,522.31,336.39,204.18,57.63,377.28,83.74,262.92,585.66,24.53,526.42,460.22,9.81,330.99,515.94,121.02,76.12,280.09,814.75,377.58,820.43,308.15,302.72,836.67,623.83,347.83,131.82,497.98,335.46,131.3,445.83,342.41,293.31,355.27,23.14,453.44,420.13,455.85,345.49,91.0,345.48,478.86,412.93,524.29,526.9,441.36,22.37,50.01,129.49,44.84,563.75,443.73,328.52,51.55,242.42,500.9,271.39,298.05,313.65,132.31,132.33,450.4,422.12,607.03,607.58,95.09,515.17,156.69,40.53,604.63,331.29,129.1,63.65,405.15,33.1,0.0,64.4,21.02,553.42,131.99,271.4,407.62
Wewurukannala Vihara,322.48,538.62,302.27,386.08,443.52,336.42,313.94,424.8,267.26,262.95,444.3,273.13,190.88,345.17,203.34,186.75,180.89,859.74,416.91,54.76,286.47,283.35,535.2,420.97,272.7,319.74,317.51,266.27,273.23,27.73,353.74,110.67,790.95,108.1,304.44,402.86,591.06,325.57,449.29,110.67,288.13,287.1,110.61,321.34,285.0,266.64,19.5,317.61,310.37,78.96,300.38,141.68,4.49,272.04,8.31,465.21,281.34,530.79,832.79,832.61,289.31,106.32,532.8,66.9,80.37,57.38,217.86,192.28,423.49,423.86,596.52,166.52,492.84,865.08,282.19,448.53,147.28,473.79,85.52,177.68,254.7,307.44,278.53,308.55,532.14,324.88,158.52,165.45,361.27,177.9,221.22,575.19,40.08,533.05,456.74,56.17,317.21,525.25,270.72,39.21,316.95,833.21,379.89,834.57,343.98,339.41,849.69,614.76,311.64,289.35,474.01,323.01,287.91,444.9,332.31,306.93,353.07,42.24,444.99,421.73,447.42,309.13,217.5,353.75,481.37,418.44,533.99,536.49,433.67,86.59,113.6,284.87,145.08,549.81,442.81,318.66,110.79,187.25,488.9,283.52,268.29,313.74,289.19,289.4,441.9,424.61,596.92,597.65,36.77,525.11,130.08,104.69,594.38,321.17,284.02,104.86,398.12,31.31,64.4,0.0,49.78,572.16,288.87,220.81,421.46
Whale Watching in Mirissa,328.67,543.75,328.39,396.06,462.03,319.98,358.5,439.29,294.45,293.4,477.65,134.57,85.01,381.11,106.51,84.14,214.4,860.04,431.57,9.82,141.3,139.49,540.33,431.35,133.38,361.11,332.36,310.2,134.72,22.07,392.74,66.18,797.58,135.12,346.35,414.09,611.44,360.75,467.69,66.18,141.96,141.38,65.98,345.66,140.38,276.04,66.73,342.15,337.74,37.55,286.0,53.56,48.24,299.91,55.83,478.22,138.44,535.77,834.38,834.24,142.85,61.5,537.93,21.67,35.14,105.09,101.7,86.26,438.66,438.88,615.52,212.7,508.65,867.0,140.25,466.95,196.16,495.71,41.84,76.82,300.62,313.2,320.34,350.74,537.17,349.56,200.44,68.8,384.85,92.25,261.15,595.27,13.29,540.51,471.6,11.38,343.46,530.65,131.92,71.64,299.75,831.69,390.3,836.48,327.71,322.38,852.48,633.9,353.49,142.65,503.31,348.36,142.09,457.86,356.04,308.5,366.74,9.87,463.44,432.78,465.85,351.09,102.01,359.6,491.85,431.21,539.12,541.7,451.54,41.85,37.13,140.3,55.78,572.33,455.76,342.11,58.45,234.54,509.95,290.38,305.36,329.87,143.06,143.1,460.37,439.65,616.78,617.38,84.36,530.02,159.22,59.53,614.34,344.83,139.91,43.92,415.43,20.73,21.02,49.78,0.0,570.25,142.77,265.88,423.19
Wilpattu National Park,495.84,61.24,543.47,437.59,242.47,275.31,385.66,410.74,574.18,584.91,292.11,344.08,444.88,546.64,370.88,438.71,452.49,211.3,418.09,561.43,337.0,340.59,61.95,189.75,351.99,585.94,508.5,625.76,343.23,570.76,556.31,535.25,182.83,478.4,596.46,423.75,195.46,306.26,239.73,535.25,337.78,338.81,535.75,523.56,339.31,552.11,562.62,527.14,540.3,541.67,297.23,510.0,567.9,571.8,566.64,134.84,341.83,62.0,194.18,194.15,334.65,538.0,62.57,555.24,549.3,557.13,410.28,440.48,413.61,412.97,184.16,391.06,148.85,218.13,330.52,240.24,414.69,397.97,543.2,461.33,392.95,510.49,610.33,595.61,61.91,521.64,367.23,479.1,313.25,397.49,347.72,189.32,562.2,79.83,149.2,560.34,531.94,66.53,356.76,535.81,294.25,190.16,219.76,196.15,268.53,275.66,209.21,190.44,592.48,336.51,258.59,524.89,335.83,194.13,513.09,265.59,255.25,564.44,241.41,193.5,240.71,594.19,406.97,226.09,113.86,412.46,62.21,62.19,239.85,545.45,532.22,339.44,505.38,206.73,194.95,523.59,463.33,401.06,190.0,534.47,599.66,513.86,332.37,332.91,242.62,412.39,192.14,191.18,559.73,63.31,467.01,539.82,192.45,522.04,339.6,490.2,250.14,563.08,553.42,572.16,570.25,0.0,333.7,382.72,153.36
Wolvendaal Church,200.74,335.67,292.71,225.69,332.73,58.93,431.43,264.81,294.36,308.1,436.67,15.78,62.26,355.65,61.71,60.62,272.73,621.13,262.39,137.54,3.31,6.97,332.55,265.06,18.98,376.44,240.77,371.98,15.78,147.38,376.76,115.4,581.0,238.23,373.63,237.6,470.34,360.89,336.54,115.4,4.94,5.59,115.65,287.01,5.61,224.61,287.79,287.42,300.11,123.93,44.51,98.87,284.43,297.56,286.57,316.12,8.56,327.78,599.79,599.81,1.75,117.39,330.39,132.34,127.1,301.37,43.33,60.18,268.14,267.51,466.51,345.3,356.16,632.7,13.2,336.13,360.38,334.29,123.37,71.47,401.21,200.87,364.69,376.71,329.2,289.52,310.94,81.22,304.94,68.08,329.83,454.37,140.84,342.84,320.52,136.76,295.93,324.99,23.34,263.34,39.45,588.3,234.95,602.76,66.25,59.52,621.18,483.87,376.05,4.29,430.56,292.52,2.23,299.43,286.14,139.8,236.81,141.42,333.45,269.67,335.35,375.62,42.19,190.31,314.77,252.26,331.43,334.08,320.93,124.21,113.5,5.73,96.22,447.76,297.63,282.17,98.34,368.69,386.13,210.58,338.96,246.71,1.58,0.8,331.21,268.03,472.29,472.15,293.44,322.4,244.0,118.51,470.65,283.63,6.0,99.5,290.46,143.1,131.99,288.87,142.77,333.7,0.0,369.51,216.38
Yala National Park,335.68,338.02,245.66,352.63,320.94,387.81,67.76,355.93,234.77,220.69,185.27,356.44,332.43,210.6,254.0,322.45,96.89,571.95,350.31,266.55,368.96,367.65,335.83,339.57,362.59,173.34,298.97,157.16,355.83,245.77,197.19,306.23,504.2,154.28,167.85,357.04,324.28,102.59,326.49,306.23,371.82,371.24,306.45,259.41,368.83,303.28,201.48,257.21,242.14,278.62,352.33,322.62,220.45,232.41,212.97,265.35,365.93,333.45,549.07,548.79,370.88,303.48,334.24,274.81,284.52,163.75,338.42,330.73,352.07,352.91,332.25,40.1,273.67,570.61,357.28,325.68,63.43,353.81,286.06,329.22,26.23,330.86,167.19,166.78,334.2,258.96,50.51,327.99,229.07,247.67,35.24,314.4,253.05,326.9,253.85,267.31,249.24,328.49,363.83,195.41,375.69,559.2,306.48,549.37,393.07,392.4,557.13,344.23,169.09,372.42,217.69,255.26,369.94,347.64,266.06,292.78,271.02,256.29,322.53,337.08,324.65,168.19,335.18,307.37,283.83,359.61,335.04,336.43,315.51,288.4,307.4,368.76,323.31,289.73,346.0,262.5,222.93,30.86,253.92,317.7,190.84,292.18,368.83,369.58,319.73,353.21,329.87,330.74,184.06,329.96,136.16,302.88,327.82,262.39,367.75,263.53,288.67,245.16,271.4,220.81,265.88,382.72,369.51,0.0,378.87
Yapahuwa Rock Fortress,279.6,123.42,324.6,218.91,153.48,166.78,394.68,192.32,355.11,365.89,304.38,222.0,313.25,332.34,223.84,305.23,300.48,438.29,199.5,414.81,219.39,222.41,120.07,74.19,231.78,371.36,289.82,408.34,220.95,421.89,344.12,394.59,376.64,325.4,380.83,204.71,263.73,289.55,154.51,394.59,221.18,221.96,395.1,304.78,221.59,335.59,411.02,308.34,321.71,397.17,172.99,373.2,417.28,352.76,415.59,113.4,223.03,115.32,411.62,411.47,217.78,396.82,117.75,409.72,405.15,404.16,281.38,308.67,195.41,194.7,256.86,386.31,153.55,444.1,208.84,154.51,417.85,191.25,399.51,328.26,396.33,294.66,393.13,380.38,116.76,302.96,352.89,344.92,186.87,250.62,330.44,248.79,414.25,127.05,125.55,413.83,313.35,111.33,236.82,384.35,179.93,412.31,79.98,413.56,162.79,169.44,429.31,273.13,377.38,220.16,273.88,306.3,218.61,103.69,294.43,114.89,113.3,416.7,153.36,80.23,154.24,378.94,277.38,73.2,102.84,193.5,118.88,121.56,144.3,401.96,391.88,221.69,368.96,251.43,102.69,304.67,314.5,401.28,198.74,318.56,381.3,295.03,214.83,215.62,152.56,194.19,264.14,263.7,407.38,109.62,313.67,398.46,262.92,303.17,221.49,345.62,132.96,414.44,407.62,421.46,423.19,153.36,216.38,378.87,0.0
