,Aberdeen Falls,Abhayagiri Dagaba,Ambewela Farms,Ambuluwawa Tower,Ancient City of Polonnaruwa,Angurukaramulla Temple,Arugam Bay,Bahiravokanda Vihara Buddha Statue,Baker's Falls,Bambarakanda Falls,Batticaloa Fort,Beddegana Wetland Park,Bentota Beach,Bogoda Wooden Bridge,Bopath Ella (Bopath Falls),Brief Garden - Bevis Bawa,Buduruwagala Temple,Casuarina Beach,Ceylon Tea Museum,Coconut Tree Hill,Colombo Lotus Tower,Colombo National Museum,Dagoba of Thuparama,Dambulla Cave Temple,Dehiwala Zoo - Sri Lanka,Demodara Loop,Devon Falls,Diyaluma Falls,Diyatha Uyana,Dondra Head Lighthouse,Dunhinda Falls,Dutch Hospital Shopping Precinct,Elephant Pass,Elephant Transit Home (ETH),Ella Rock,Embekka Devalaya,Fort Frederick,Gal Oya National Park,Gal Vihara,Galle Dutch Fort,Galle Face Green,Galle Face Hotel,Galle Fort Lighthouse,Galway's Land National Park,Gangaramaya Temple,Gartmore Falls,Goyambokka Beach,Gregory Lake,Hakgala Botanic Gardens,Handunugoda Tea Estate,Henerathgoda Botanical Garden,Hikkaduwa Beach,Hiriketiya Beach,Horton Plains National Park,Hummanaya Blow Hole,Hurulu Eco Park,Independence Memorial Hall,Isurumuniya Temple,Jaffna Fort,Jaffna Public Library,Jami Ul-Alfar Mosque,Japanese Peace Pagoda - Rumassala,Jaya Sri Maha Bodhi,Jungle Beach,Kabalana Beach,Kalametiya Eco Bird Watching,Kalutara Bodhiya,Kande Viharaya Temple,Kandy Lake,Kandy View Point,Kanniya Hot Springs,Kataragama Temple,Kaudulla National Park,Keerimalai Hot springs,Kelaniya Raja Maha Vihara,Kiri Vehera,Kirinda Viharaya,Knuckles Mountain Range,Koggala Lake,Kosgoda Sea Turtle Conservation Project,Kumana National Park,Laxapana Falls,Lipton’s Seat,Little Adam's Peak View Point,Lovamahapaya Brazen Palace,Lover's Leap Falls,Lunugamvehera National Park,Madu River Safari by Buddhi,Maduru Oya National Park,Maha Saman Dewalaya,Maligawila Buddha Statue,Marble Beach,Matara Paravi Duwa Temple,Mihintale,Minneriya National Park,Mirissa Beach,Moon Plains,Moonstone or Sandakada pahana,Mount Lavinia Beach,Mulgirigala Raja Maha Vihara,Muthurajawela Marsh,Nagadipa Purana Vihara,Nalanda Gedige,Nallur Kandaswamy Kovil Festival,Negombo Beach,Negombo Fish Market,Nilavarai Bottomless Well,Nilaveli Beach,Nine Arches Bridge,Old Parliament Building,Pasikudah Beach,Pedro Tea Factory,Pettah Floating Market,Pidurangala Rock,Pidurutalagala,Pinnawala Elephant Orphanage,Pitawala Pathana,Polhena Beach,Polonnaruwa Vatadage,Popham's Arboretum,Rankoth Vehera,Ravana Ella Falls,Richmond Castle,Ridee Viharaya (silver Temple),Ritigala Forest Monastery,Royal Botanical Gardens,Ruwanweli Maha Seya,Samadhi Statue,Samudra Parakrama,Sea Turtle Conservation Project (Koggala),Sea Turtle Farm Galle Mahamodara,Seema Malakaya Temple,Seenigama Muhudu Viharaya,Seruwila Mangala Raja Maha Vihara,Sigiriya Lion Rock,Single Tree Hill,Sinharaja Forest Reserve,Sithulpawwa Rock Temple,Somawathiya Chaitya,Sri Pada / Adam's Peak,St Benedict's Monastery - Adisham,St Clair's Falls,St Lucia's Cathedral,St. Mary's Church,Statue of Parakramabahu I,Temple of the Sacred Tooth Relic,Trincomalee Beach,Trincomalee War Cemetery,Turtle Conservation Project Turtle Watch,Twin Baths (Kuttam Pokuna),Udawalawe National Park,Unawatuna Beach,Uppuveli Beach,Victoria Park of Nuwara Eliya,Viharamahadevi Park,Visit Kanneliya Rain Forest,Wasgamuwa National Park,Weherahena Buddhist Temple,Weligama Beach,Wewurukannala Vihara,Whale Watching in Mirissa,Wilpattu National Park,Wolvendaal Church,Yala National Park,Yapahuwa Rock Fortress
Aberdeen Falls,0.0,209.41,43.31,31.98,162.86,101.91,194.17,54.0,47.75,54.35,207.54,86.8,106.23,72.55,28.93,98.89,92.62,422.66,50.72,148.19,93.83,93.57,207.13,135.01,92.44,82.17,18.68,83.38,86.23,151.34,82.43,141.38,378.44,89.27,81.37,40.71,262.59,148.77,166.33,141.38,95.86,95.64,141.71,40.3,94.14,26.27,143.71,40.45,46.46,138.65,78.37,133.05,147.72,48.43,146.6,167.51,92.65,204.12,404.75,404.64,94.73,142.18,205.52,145.85,144.21,141.12,95.13,103.53,54.24,54.23,263.52,146.85,189.91,426.33,84.98,165.9,162.37,85.47,141.04,112.13,176.29,7.23,78.78,82.66,205.04,41.55,123.11,119.9,124.77,43.12,128.08,251.62,146.83,206.96,164.72,147.65,44.42,200.6,94.27,125.87,94.04,405.12,107.94,405.99,105.52,104.95,416.22,275.78,82.23,96.05,210.99,42.89,94.3,154.09,40.33,54.33,95.52,148.6,163.67,136.3,165.22,82.12,92.11,86.37,175.15,49.27,206.31,208.02,155.22,142.82,140.06,94.1,130.97,240.27,152.69,38.01,80.33,160.88,197.58,18.2,67.65,21.48,93.03,93.6,161.75,54.6,265.42,265.65,141.92,200.31,85.2,143.02,263.94,38.73,93.46,105.3,131.33,146.5,144.2,150.49,153.38,231.39,93.68,156.65,130.48
Abhayagiri Dagaba,209.41,0.0,223.12,178.91,108.66,187.77,306.07,161.8,238.7,242.81,213.16,228.54,290.95,218.36,230.37,285.7,266.78,217.15,165.46,357.1,225.88,228.04,2.28,84.01,234.78,236.49,211.15,257.64,227.87,360.74,221.26,345.03,169.36,291.9,242.2,171.11,126.98,232.91,106.37,345.03,226.87,227.45,345.37,213.66,227.4,234.95,351.2,215.42,220.74,346.05,195.82,331.06,356.39,237.13,354.85,71.26,228.59,5.4,197.65,197.48,224.64,346.45,3.89,354.11,351.45,344.05,269.41,287.91,162.7,162.47,117.8,321.78,80.71,218.72,219.58,106.77,344.91,147.46,347.8,301.06,316.71,216.6,250.28,241.47,4.44,212.42,301.35,312.21,161.41,248.14,278.46,120.18,356.17,17.1,84.17,356.5,216.94,9.03,238.12,333.69,198.33,203.28,109.21,198.52,184.22,188.95,207.84,125.36,239.9,226.13,181.43,213.75,225.27,79.82,208.51,157.14,131.46,357.9,107.85,85.29,107.16,240.84,266.8,123.28,52.07,164.15,3.09,1.48,108.1,349.46,343.26,227.46,328.24,134.22,80.68,214.19,289.58,329.21,118.25,227.53,247.3,213.15,222.78,223.26,108.91,162.15,124.7,123.95,347.66,9.22,282.11,347.52,124.69,213.25,227.4,311.78,119.21,355.91,352.62,359.08,362.5,56.14,223.78,309.85,82.28
Ambewela Farms,43.31,223.12,0.0,52.35,155.11,144.37,151.03,62.1,16.34,19.69,177.4,129.21,136.03,32.98,63.93,128.5,52.36,439.92,58.59,149.41,136.63,136.22,220.89,141.49,134.46,39.09,25.13,42.52,128.68,147.17,42.4,153.72,388.88,70.06,38.08,56.83,254.43,110.53,158.93,153.72,138.65,138.39,154.01,9.46,136.85,39.05,131.33,7.71,4.96,145.02,121.42,151.8,138.72,14.27,136.19,169.48,135.24,218.14,420.74,420.58,137.62,153.63,219.3,149.53,150.59,121.27,130.38,133.8,60.92,61.19,257.4,109.32,187.51,441.84,127.99,158.43,128.17,80.18,148.59,139.11,133.43,42.97,36.77,39.36,218.99,10.79,85.91,144.05,104.3,68.85,85.12,243.68,145.26,217.44,163.47,149.17,7.05,214.09,136.0,114.92,137.13,424.42,114.53,421.64,147.7,147.48,430.83,269.63,38.95,138.89,187.31,9.72,137.15,156.0,14.63,83.26,94.91,147.38,156.08,141.55,157.69,38.81,127.56,102.92,181.28,61.19,220.09,221.66,148.34,150.48,153.04,136.81,150.52,228.41,154.63,9.31,85.26,121.84,186.72,41.31,27.59,22.04,135.99,136.55,154.02,61.48,258.06,258.48,126.13,214.47,59.02,154.1,256.41,10.01,136.16,116.4,124.47,143.21,147.48,141.06,153.25,253.62,136.6,114.64,151.48
Ambuluwawa Tower,31.98,178.91,52.35,0.0,132.16,101.25,192.57,22.82,64.64,70.28,186.44,101.13,134.37,69.17,58.84,127.31,104.42,393.68,20.04,179.77,106.11,106.57,176.64,103.08,107.76,84.32,33.1,94.5,100.44,182.16,78.12,173.27,347.5,114.77,86.24,8.79,231.44,137.22,135.52,173.27,108.12,108.12,173.6,44.21,106.84,56.22,172.53,45.54,52.53,170.59,82.24,164.24,177.48,63.95,176.0,135.54,105.98,173.69,375.31,375.18,106.47,174.11,175.03,177.65,176.16,167.28,120.15,131.5,23.49,23.38,232.04,161.64,158.17,396.76,96.63,135.11,180.33,56.09,173.01,141.37,181.3,39.11,88.19,86.81,174.59,44.07,138.26,149.97,99.92,74.67,133.42,220.46,178.05,175.73,132.95,179.26,48.86,170.02,110.29,154.9,97.38,376.91,75.96,376.44,103.56,104.45,386.36,244.28,85.83,108.05,185.68,45.8,106.31,122.13,40.52,30.98,64.36,179.88,132.93,104.33,134.45,86.16,117.07,55.66,143.28,17.53,175.82,177.5,124.41,174.8,171.91,106.84,162.03,210.02,120.74,43.31,111.81,173.85,167.34,49.35,79.93,35.62,104.45,105.09,131.06,23.73,234.12,234.32,169.62,169.9,107.44,174.96,232.68,43.02,106.28,137.29,100.84,177.45,175.96,180.17,184.83,204.21,105.32,164.56,102.16
Ancient City of Polonnaruwa,162.86,108.66,155.11,132.16,0.0,198.68,200.67,109.36,171.31,172.97,106.98,221.6,266.06,136.86,190.91,259.16,184.6,312.66,112.37,303.88,223.36,224.71,107.23,53.02,228.65,152.57,154.96,177.24,220.86,302.28,135.81,303.17,248.22,223.78,159.45,123.53,100.1,128.16,3.9,303.17,225.07,225.36,303.5,146.75,224.56,182.35,285.3,148.42,151.04,297.72,192.67,295.91,293.45,168.94,290.64,38.05,224.62,106.21,291.06,290.78,222.95,303.68,106.2,303.31,303.35,271.83,250.05,263.14,108.85,108.91,102.33,233.04,36.9,310.19,214.43,3.37,257.95,77.8,300.79,273.44,216.59,169.42,170.22,158.06,106.55,144.96,216.2,282.13,61.47,205.95,185.01,89.19,300.2,94.11,24.89,303.57,148.07,101.66,231.77,269.56,203.01,303.41,65.4,291.1,197.72,201.27,297.49,114.59,156.44,224.65,81.15,145.6,223.17,35.33,141.87,129.82,67.9,302.28,1.07,49.01,2.63,157.56,247.01,95.14,57.32,114.74,106.74,107.39,7.93,302.65,302.04,224.58,293.83,78.12,35.46,148.37,237.4,237.09,35.8,177.83,171.78,155.48,220.79,221.42,1.12,108.55,103.34,103.68,278.86,104.22,210.29,304.38,101.76,147.1,224.22,266.19,31.58,298.29,301.38,295.68,308.02,161.65,221.82,213.96,102.32
Angurukaramulla Temple,101.91,187.77,144.37,101.25,198.68,0.0,292.86,113.69,149.45,156.07,278.89,47.54,116.39,169.02,96.04,113.65,194.48,374.82,113.74,206.88,41.49,43.93,185.77,149.63,51.82,181.96,119.26,185.29,47.11,217.74,178.45,181.61,349.14,181.42,182.2,103.97,285.08,238.02,200.75,181.61,41.81,42.51,181.93,139.3,43.01,120.68,222.05,139.98,146.73,190.67,25.11,161.8,221.29,150.29,222.15,182.43,44.9,182.63,360.69,360.7,39.81,183.96,184.4,200.92,194.99,227.96,92.7,113.66,115.56,115.19,281.44,247.46,209.56,382.62,39.05,200.56,260.7,142.2,190.42,127.82,277.8,104.71,180.58,183.27,183.57,139.98,223.86,139.99,190.43,109.15,229.49,274.71,210.1,193.88,187.15,205.95,143.94,181.12,54.84,204.93,13.7,352.92,133.61,362.69,5.17,3.2,375.05,292.62,182.63,40.94,269.99,141.62,40.64,172.55,137.44,78.81,140.21,211.03,199.02,153.11,200.12,182.68,90.97,104.5,178.98,108.49,185.05,186.8,191.06,191.61,179.32,43.09,158.54,272.9,171.47,137.44,151.75,262.08,233.42,112.61,169.56,122.39,38.48,38.77,197.76,115.33,285.86,285.66,224.4,179.15,182.15,185.32,284.91,137.78,43.28,158.52,173.27,212.37,200.28,224.28,213.32,183.54,39.29,258.54,111.19
Arugam Bay,194.17,306.07,151.03,192.57,200.67,292.86,0.0,186.78,151.91,146.05,128.36,280.08,274.63,123.84,213.07,267.57,112.03,512.69,185.16,239.21,287.63,287.17,304.31,227.12,285.1,112.0,175.6,117.65,279.56,225.77,114.53,263.99,444.28,160.08,113.41,191.87,268.24,73.16,203.85,263.99,289.64,289.37,264.16,154.36,287.82,185.55,196.38,153.95,147.72,246.35,271.28,273.19,209.01,149.99,204.03,235.46,286.16,302.65,490.77,490.47,288.64,262.35,303.04,244.41,250.52,171.28,275.31,273.14,184.8,185.21,277.38,98.72,236.28,509.24,279.01,203.35,117.7,174.27,251.26,273.94,41.25,193.91,119.18,111.88,303.19,153.44,106.08,274.54,144.94,212.8,71.82,260.59,230.37,293.29,223.22,239.68,149.95,298.0,286.45,191.68,286.99,504.06,210.59,490.62,295.6,296.04,496.15,287.13,112.14,289.9,163.7,151.89,288.16,226.28,155.65,220.54,187.62,232.57,201.65,224.53,202.77,112.38,272.84,219.74,254.18,190.25,303.69,304.68,199.26,252.89,264.6,287.78,273.35,235.75,225.45,156.46,204.35,87.39,210.36,190.54,131.57,172.7,287.02,287.58,200.11,185.23,273.84,274.79,184.8,299.95,145.96,262.05,271.95,155.93,287.13,233.44,187.26,225.21,242.12,209.29,239.0,353.52,287.62,62.11,263.12
Bahiravokanda Vihara Buddha Statue,54.0,161.8,62.1,22.82,109.36,113.69,186.78,0.0,77.13,81.66,167.63,120.53,157.11,67.85,81.58,150.08,110.77,378.14,3.68,200.18,124.61,125.34,159.54,82.68,127.37,85.38,50.21,100.94,119.81,201.49,75.06,195.32,329.12,130.1,89.04,14.34,208.76,125.55,112.73,195.32,126.56,126.65,195.65,52.72,125.49,76.28,189.8,54.43,60.46,191.82,97.98,186.84,195.66,75.73,193.81,114.06,124.9,156.72,359.2,359.05,124.75,196.06,157.95,198.48,197.42,182.31,142.42,154.23,1.99,1.58,209.54,168.17,135.94,380.43,115.13,112.32,188.85,33.75,194.44,164.18,180.42,60.88,93.92,89.08,157.59,51.76,145.63,172.77,79.74,97.06,134.01,197.78,197.91,157.21,110.78,199.73,56.56,152.8,130.1,172.52,112.15,362.38,55.26,360.17,115.14,116.85,369.64,221.79,87.79,126.39,164.54,53.27,124.7,100.54,47.78,35.36,41.62,199.82,110.13,83.52,111.65,88.4,139.35,40.98,123.04,5.95,158.74,160.35,101.62,196.25,194.03,125.5,184.68,187.21,99.14,52.91,132.31,178.83,144.53,70.35,88.2,51.84,122.65,123.3,108.25,1.65,211.5,211.72,185.92,153.0,120.68,196.87,210.04,52.1,124.99,158.97,78.02,196.94,196.73,198.24,205.0,191.68,123.58,166.1,89.75
Baker's Falls,47.75,238.7,16.34,64.64,171.31,149.45,151.91,77.13,0.0,6.61,189.34,129.12,127.64,43.66,61.29,120.19,45.1,455.26,73.52,133.73,137.14,136.44,236.46,157.53,133.75,43.13,32.93,36.31,128.66,131.02,51.74,139.81,404.91,53.82,39.38,70.3,270.45,118.91,175.14,139.81,139.1,138.76,140.09,25.48,137.17,33.64,115.0,23.71,20.28,130.08,125.47,139.46,122.39,2.76,119.85,185.78,135.36,233.67,436.24,436.08,138.32,139.54,234.87,134.16,135.61,105.41,124.64,125.64,76.09,76.34,273.56,99.42,203.84,457.41,129.04,174.63,116.33,96.51,133.82,129.57,130.13,44.89,32.97,41.24,234.53,27.01,75.68,133.44,119.45,61.9,82.57,259.74,129.32,233.33,179.81,133.53,23.32,229.68,134.91,98.58,140.97,439.45,130.44,437.18,153.17,152.46,446.49,285.77,41.48,139.45,201.17,26.05,137.76,172.29,30.68,94.84,111.16,131.46,172.28,157.67,173.9,40.9,121.99,117.53,197.42,75.61,235.66,237.24,164.59,135.71,139.28,137.13,138.41,244.14,170.92,24.6,71.08,113.17,202.63,39.13,20.81,29.88,136.87,137.39,170.22,76.65,274.14,274.57,109.92,229.98,43.57,139.93,272.48,25.64,136.46,102.74,140.77,127.14,132.08,124.72,137.41,267.95,137.37,109.56,165.72
Bambarakanda Falls,54.35,242.81,19.69,70.28,172.97,156.07,146.05,81.66,6.61,0.0,187.11,135.45,132.11,41.9,67.44,124.71,38.5,459.59,78.11,133.51,143.53,142.79,240.57,161.07,139.99,38.82,39.17,29.82,134.99,129.89,49.14,141.4,408.43,51.03,34.36,75.58,271.66,115.25,176.82,141.4,145.47,145.13,141.68,29.15,143.54,39.63,112.55,27.39,22.53,130.78,132.08,142.1,120.48,6.36,117.71,188.65,141.7,237.82,440.43,440.26,144.72,140.99,238.99,134.36,136.25,101.69,129.92,130.2,80.52,80.79,275.05,92.99,206.07,461.53,135.49,176.31,110.27,99.28,134.68,133.59,123.69,51.49,26.89,36.33,238.67,30.42,69.26,136.99,119.65,67.15,76.29,261.0,128.66,237.08,182.3,133.36,26.1,233.78,141.1,96.59,147.57,444.03,134.17,441.32,159.78,159.07,450.51,287.23,36.76,145.83,200.13,29.18,144.15,175.22,34.3,100.73,114.27,130.84,173.95,161.07,175.57,36.06,127.33,122.34,200.75,80.48,239.78,241.35,166.41,136.57,140.99,143.49,141.19,244.86,173.85,28.75,72.77,106.62,203.67,45.51,14.55,36.07,143.29,143.8,171.89,81.08,275.45,275.91,106.9,234.15,39.35,141.31,273.77,29.61,142.82,104.64,142.78,126.2,132.22,122.71,136.92,272.96,143.78,102.99,170.75
Batticaloa Fort,207.54,213.16,177.4,186.44,106.98,278.89,128.36,167.63,189.34,187.11,0.0,287.51,311.95,145.69,235.57,304.43,175.89,399.9,168.65,316.24,292.07,292.69,212.01,154.67,294.19,150.77,191.83,173.69,286.81,308.43,137.98,328.37,325.91,228.43,157.34,180.29,143.67,79.75,108.34,328.37,294.04,294.1,328.64,173.43,292.9,215.5,283.69,174.38,172.44,316.43,265.4,328.76,294.83,186.58,290.67,144.7,292.18,211.41,377.3,376.94,292.27,327.83,211.16,318.58,321.7,262.91,302.67,309.49,166.03,166.33,154.1,201.59,133.19,394.03,282.57,108.04,226.27,136.74,320.64,315.99,160.53,211.66,169.31,155.24,211.63,171.57,194.75,321.4,88.51,244.85,153.05,137.5,309.66,197.25,131.66,316.31,171.66,207.02,296.73,272.35,279.04,395.11,153.73,376.65,279.46,281.92,380.37,162.56,154.08,293.9,37.93,171.07,292.19,141.73,170.72,200.62,139.94,311.94,107.56,150.81,107.82,155.15,299.65,177.97,163.61,173.43,211.62,212.02,110.39,322.5,328.03,292.9,327.63,111.57,141.61,175.89,259.86,197.9,98.04,215.29,177.83,190.5,290.19,290.84,107.08,166.1,149.49,150.55,274.01,209.84,212.3,328.08,147.64,174.66,292.37,291.76,114.45,305.93,316.33,296.2,318.43,267.77,291.11,169.83,202.92
Beddegana Wetland Park,86.8,228.54,129.21,101.13,221.6,47.54,280.08,120.53,129.12,135.45,287.51,0.0,68.85,159.34,68.31,66.3,173.22,421.65,119.12,161.69,9.14,7.61,226.42,178.03,7.05,168.3,105.44,165.2,0.75,173.83,169.21,134.59,393.34,148.84,166.68,107.3,314.87,234.81,224.28,134.59,10.69,10.16,134.91,127.09,8.55,96.16,181.35,127.17,132.85,144.8,32.74,114.36,179.12,130.72,180.54,212.31,6.36,223.23,407.1,407.1,10.92,137.04,224.96,155.28,148.86,190.49,45.16,66.14,121.97,121.71,312.73,220.75,238.74,429.05,9.07,223.99,230.38,153.55,144.2,80.29,259.03,86.25,162.05,168.19,224.19,128.35,197.99,92.47,200.22,75.26,211.7,304.13,165.7,232.62,214.61,160.72,131.1,221.19,10.24,165.06,33.96,400.06,156.82,409.02,52.61,48.39,421.16,324.42,167.95,11.33,284.77,129.69,10.04,200.8,127.01,92.04,156.48,166.45,222.13,180.95,223.45,167.7,43.46,127.23,212.35,114.61,225.66,227.44,213.7,145.29,132.26,8.49,111.08,298.84,199.56,124.76,112.46,236.46,257.34,89.99,149.93,108.09,10.71,10.85,220.58,121.97,316.36,316.3,185.14,219.58,153.07,138.42,315.22,125.52,7.83,114.0,192.74,168.48,154.8,182.09,168.21,229.39,10.52,237.63,148.0
Bentota Beach,106.23,290.95,136.03,134.37,266.06,116.39,274.63,157.11,127.64,132.11,311.95,68.85,0.0,168.97,77.33,7.54,162.61,489.6,154.4,99.76,75.73,73.28,288.75,230.17,65.23,170.73,120.29,157.67,69.28,114.96,178.14,67.56,458.31,120.01,166.44,142.79,364.25,246.15,269.28,67.56,75.99,75.24,67.85,138.77,74.33,97.04,130.23,137.96,140.86,81.43,98.48,45.86,124.49,130.17,127.24,264.45,72.12,285.57,474.57,474.55,77.6,70.3,287.22,92.21,84.47,146.28,23.71,3.06,157.85,157.74,363.84,195.79,289.27,496.53,77.47,268.9,198.07,190.35,79.68,11.52,245.21,101.06,157.58,168.43,286.53,140.59,176.45,23.7,230.96,67.3,202.84,353.29,105.86,293.03,264.18,98.69,141.01,283.04,62.66,117.22,102.77,468.39,205.35,476.39,121.46,117.2,488.26,375.93,168.86,76.9,317.13,141.22,76.67,251.75,141.25,140.13,198.18,106.04,266.78,232.41,268.26,168.16,25.49,177.97,267.96,151.51,287.96,289.75,258.22,80.41,65.1,74.24,42.54,344.12,250.4,136.28,74.25,212.37,301.51,96.66,145.55,121.48,78.47,78.32,264.96,158.09,366.52,366.63,137.23,281.8,130.85,71.75,365.18,137.48,73.9,58.02,235.0,109.89,92.28,127.25,106.26,296.59,77.83,221.62,208.83
Bogoda Wooden Bridge,72.55,218.36,32.98,69.17,136.86,169.02,123.84,67.85,43.66,41.9,145.69,159.34,168.97,0.0,96.25,161.44,48.94,435.26,65.34,174.74,166.22,166.04,216.22,134.46,164.99,18.34,53.99,40.66,158.76,169.93,9.88,183.21,379.27,89.19,23.88,69.62,233.44,77.63,140.76,183.21,168.26,168.07,183.49,32.4,166.58,72.03,149.93,32.56,28.26,172.61,147.77,183.08,159.1,40.9,155.82,157.63,165.15,213.74,415.19,414.99,167.05,182.85,214.69,175.94,178.06,135.08,163.17,166.76,66.04,66.43,237.69,103.69,171.83,435.77,157.22,140.23,126.56,70.91,176.55,171.85,112.97,73.92,33.47,23.11,214.52,31.03,83.04,176.42,79.79,101.83,66.16,223.0,169.41,210.35,149.51,174.64,28.87,209.4,166.76,135.3,163.43,421.53,109.72,415.81,171.76,172.21,424.12,249.72,21.56,168.42,158.3,29.77,166.66,144.72,32.45,98.56,86.91,171.63,137.89,133.59,139.48,22.48,160.33,106.89,172.04,69.86,215.46,216.88,131.01,178.44,182.75,166.55,181.99,205.49,143.44,34.82,114.51,112.59,165.28,73.91,35.89,51.52,165.28,165.87,135.83,66.56,237.54,238.07,142.69,210.29,74.47,183.18,235.81,33.95,165.92,146.3,108.59,166.57,173.77,161.08,177.85,255.1,165.97,98.28,155.09
Bopath Ella (Bopath Falls),28.93,230.37,63.93,58.84,190.91,96.04,213.07,81.58,61.29,67.44,235.57,68.31,77.33,96.25,0.0,69.97,104.93,440.25,78.54,127.42,76.69,75.77,228.1,160.08,72.6,102.33,43.91,97.05,67.89,133.33,105.98,115.81,399.73,85.39,99.87,67.58,290.28,173.76,194.3,115.81,78.58,78.18,116.15,64.25,76.57,27.9,130.9,63.82,68.24,115.68,70.94,105.5,132.64,63.1,132.43,193.42,74.62,225.01,423.13,423.04,78.02,116.93,226.51,123.92,121.07,133.36,67.46,74.65,82.06,82.0,290.8,153.53,216.73,444.89,69.24,193.89,165.13,113.97,117.46,83.26,190.79,23.93,94.25,101.54,225.95,65.89,130.38,91.31,153.64,17.86,143.71,279.3,127.56,229.41,191.5,126.75,67.4,221.79,73.66,113.11,85.22,421.56,133.62,424.54,100.53,98.68,435.29,303.02,101.49,79.0,239.82,66.85,77.37,180.19,65.79,73.25,123.18,129.08,191.68,161.73,193.22,101.1,64.52,109.32,199.67,76.36,227.29,229.03,183.18,119.14,114.28,76.52,103.24,268.6,178.8,61.75,61.95,168.9,225.9,22.73,81.98,45.62,76.75,77.22,189.8,82.36,292.94,293.13,131.39,221.18,86.71,117.9,291.5,62.79,75.85,81.42,159.48,128.18,122.53,135.56,133.14,247.25,77.14,169.33,149.23
Brief Garden - Bevis Bawa,98.89,285.7,128.5,127.31,259.16,113.65,267.57,150.08,120.19,124.71,304.43,66.3,7.54,161.44,69.97,0.0,155.54,485.73,147.33,98.63,73.75,71.34,283.49,223.85,63.36,163.29,112.81,150.46,66.67,113.05,170.63,68.5,453.44,113.78,159.05,135.78,357.55,238.65,262.41,68.5,74.21,73.46,68.81,131.24,72.42,89.5,126.79,130.43,133.33,80.67,94.65,48.19,121.68,122.71,124.18,258.06,70.12,280.31,470.47,470.44,75.66,71.06,281.95,91.42,84.13,141.87,22.16,5.57,150.8,150.69,357.27,189.66,282.73,492.42,74.61,262.02,192.56,183.24,79.37,15.35,238.49,93.65,150.28,161.04,281.27,133.06,170.01,26.93,223.59,59.76,195.8,346.59,104.15,287.47,257.6,97.59,133.48,277.71,61.06,113.14,99.97,464.76,198.82,472.25,118.78,114.65,484.01,369.38,161.45,75.11,309.74,133.69,74.72,245.29,133.73,133.86,191.27,104.49,259.89,226.02,261.38,160.76,23.09,171.69,261.88,144.52,282.7,284.49,251.33,80.26,66.12,72.33,44.95,337.19,243.94,128.75,68.33,206.22,294.55,89.15,138.21,113.97,76.34,76.25,258.06,151.04,359.88,360.0,133.3,276.54,124.23,72.48,358.52,129.94,71.93,54.71,228.04,107.88,91.3,124.5,105.18,292.47,75.78,214.97,203.49
Buduruwagala Temple,92.62,266.78,52.36,104.42,184.6,194.48,112.03,110.77,45.1,38.5,175.89,173.22,162.61,48.94,104.93,155.54,0.0,483.84,107.6,141.16,181.48,180.65,264.61,183.07,177.47,32.03,76.28,9.94,172.79,132.57,48.79,158.31,428.2,53.82,25.28,108.07,279.09,97.58,188.5,158.31,183.4,183.03,158.53,60.24,181.43,77.06,108.34,58.88,51.92,143.5,170.57,164.14,119.1,44.19,115.09,206.53,179.52,262.08,463.9,463.7,182.73,157.2,263.07,144.27,148.44,89.83,163.82,161.11,109.23,109.57,284.08,57.52,220.15,484.55,173.63,187.96,78.52,119.45,148.07,162.17,85.93,89.99,16.86,26.55,262.87,60.54,34.97,163.39,125.3,101.93,40.31,268.9,134.1,259.12,198.23,141.32,55.66,257.78,178.4,96.46,186.07,469.74,157.74,464.56,198.13,197.5,472.97,295.95,28.18,183.79,195.69,58.84,182.13,193.65,64.32,135.41,135.4,136.39,185.65,182.33,187.22,27.07,161.46,151.54,220.94,111.11,263.85,265.3,179.1,149.87,158.48,181.38,163.9,249.91,192.38,61.14,93.86,69.49,211.18,83.67,25.15,73.1,181.36,181.86,183.6,109.8,283.47,284.06,99.41,258.57,37.74,157.17,281.68,61.4,180.7,124.55,157.19,130.18,141.97,120.59,142.93,301.66,181.82,64.59,200.32
Casuarina Beach,422.66,217.15,439.92,393.68,312.66,374.82,512.69,378.14,455.26,459.59,399.9,421.65,489.6,435.26,440.25,485.73,483.84,0.0,381.76,567.57,416.29,418.73,219.34,300.8,426.53,453.28,426.53,474.75,421.12,573.16,437.74,550.51,82.69,507.96,459.13,386.4,262.33,440.75,309.29,550.51,416.62,417.33,550.85,430.45,417.82,448.78,566.08,432.2,437.69,554.68,391.14,533.46,570.37,453.8,569.23,281.06,419.65,221.97,22.86,23.28,414.62,552.36,220.9,563.61,559.8,560.35,466.3,486.7,379.17,378.92,250.19,538.33,276.48,19.07,412.7,309.8,561.79,364.41,555.76,500.69,528.83,429.7,467.4,458.33,221.15,429.28,518.3,512.64,372.35,458.06,493.63,265.42,567.76,225.19,291.94,566.86,433.86,226.17,429.61,548.34,387.95,27.52,326.36,24.31,370.04,374.67,29.05,245.35,456.76,415.74,362.42,430.64,415.46,292.64,425.34,368.65,348.44,569.31,311.64,301.71,310.42,457.72,464.2,338.33,264.34,380.02,220.12,218.62,315.09,557.28,548.48,417.9,530.35,291.25,293.77,430.88,501.5,545.05,304.32,440.85,464.41,428.74,413.26,413.56,313.32,378.61,256.52,255.34,563.28,225.58,498.79,553.57,258.11,429.98,418.07,520.33,331.84,568.12,562.37,573.16,573.36,193.69,414.09,524.29,292.19
Ceylon Tea Museum,50.72,165.46,58.59,20.04,112.37,113.74,185.16,3.68,73.52,78.11,168.65,119.12,154.4,65.34,78.54,147.33,107.6,381.76,0.0,196.59,123.43,124.1,163.21,86.33,125.91,82.67,46.55,97.75,118.4,197.84,72.81,191.96,332.81,126.44,86.16,12.04,211.92,124.87,115.77,191.96,125.4,125.46,192.29,49.24,124.28,72.71,186.12,50.93,57.04,188.32,97.35,183.68,191.98,72.15,190.12,117.6,123.61,160.38,362.85,362.69,123.62,192.68,161.61,194.93,193.92,178.66,140.05,151.54,3.52,3.51,212.8,165.05,139.32,384.08,113.93,115.36,185.57,36.08,190.96,161.33,178.11,57.53,90.78,86.25,161.25,48.32,142.42,169.8,81.12,93.82,131.47,200.94,194.29,160.89,114.19,196.14,53.14,156.46,128.59,168.83,111.75,365.96,58.9,363.82,115.35,116.92,373.3,225.06,84.99,125.25,166.33,49.85,123.54,104.07,44.33,36.04,44.8,196.19,113.15,87.14,114.69,85.57,136.97,44.39,126.69,5.3,162.4,164.02,104.66,192.77,190.69,124.28,181.54,190.11,102.67,49.37,128.74,175.86,147.42,66.87,84.84,48.16,121.53,122.18,111.26,3.88,214.7,214.93,182.25,156.65,117.09,193.48,213.24,48.58,123.76,155.54,80.95,193.3,193.16,194.56,201.4,195.11,122.45,163.48,93.1
Coconut Tree Hill,148.19,357.1,149.41,179.77,303.88,206.88,239.21,200.18,133.73,133.51,316.24,161.69,99.76,174.74,127.42,98.63,141.16,567.57,196.59,0.0,170.1,167.83,354.82,282.65,160.19,165.96,150.44,142.57,161.89,18.56,180.43,38.53,526.37,87.83,159.14,188.24,403.62,238.72,307.63,38.53,170.91,170.18,38.43,157.3,168.93,123.92,46.72,155.67,153.85,18.71,184.31,60.97,35.02,136.32,39.88,314.1,166.52,351.77,550.54,550.46,172.03,35.46,353.22,8.54,17.77,71.87,120.57,101.31,199.93,200.02,406.19,142.68,334.65,572.31,168.82,307.15,132.73,226.95,21.95,89.58,201.07,140.97,147.05,161.22,352.7,159.14,133.46,79.67,253.08,109.57,173.35,392.82,9.88,355.12,309.88,1.11,156.42,348.39,158.36,47.53,193.38,548.56,255.31,551.96,212.03,208.47,562.69,418.45,162.46,171.78,332.72,158.63,171.08,300.54,162.07,200.15,239.93,8.39,304.81,283.66,306.42,161.35,120.96,234.49,322.96,196.31,354.01,355.73,296.83,22.19,40.73,168.85,63.66,377.81,299.14,155.57,67.97,157.57,336.09,130.43,139.64,149.37,172.31,172.34,302.77,200.38,407.13,407.51,58.23,347.94,104.0,34.22,405.51,156.85,168.35,48.54,272.72,15.78,7.65,36.51,6.55,374.29,171.93,177.7,276.54
Colombo Lotus Tower,93.83,225.88,136.63,106.11,223.36,41.49,287.63,124.61,137.14,143.53,292.07,9.14,75.73,166.22,76.69,73.75,181.48,416.29,123.43,170.1,0.0,2.47,223.8,178.45,10.51,175.72,112.51,173.32,9.28,182.5,176.08,142.23,389.51,157.88,174.32,111.8,315.32,241.07,225.92,142.23,2.04,2.04,142.54,134.12,1.54,104.44,190.37,134.28,140.14,153.02,31.48,121.51,188.02,138.67,189.49,212.53,3.63,220.63,402.07,402.08,1.93,144.74,222.36,163.56,156.97,199.63,52.07,73.14,126.14,125.85,312.82,229.53,239.2,424.01,9.5,225.65,239.37,157.15,152.28,87.24,267.19,93.72,170.0,175.78,221.58,135.31,206.68,99.43,204.34,84.22,219.69,304.66,174.29,230.61,215.38,169.12,138.24,218.75,13.36,174.13,28.5,394.4,158.22,404.05,46.37,41.87,416.33,324.41,175.49,2.32,288.25,136.7,0.98,201.35,133.8,94.55,159.22,175.0,223.85,181.51,225.13,175.27,50.69,128.47,211.74,118.74,223.05,224.83,215.49,153.33,139.86,1.62,118.2,300.14,200.15,131.84,121.59,245.17,258.99,98.02,157.95,115.25,3.12,2.73,222.35,126.1,316.65,316.56,194.24,217.02,161.93,146.15,315.55,132.55,1.83,122.63,195.07,177.16,163.14,190.98,176.63,224.67,2.21,245.97,146.26
Colombo National Museum,93.57,228.04,136.22,106.57,224.71,43.93,287.17,125.34,136.44,142.79,292.69,7.61,73.28,166.04,75.77,71.34,180.65,418.73,124.1,167.83,2.47,0.0,225.96,180.08,8.05,175.31,112.24,172.57,7.92,180.31,175.9,139.83,391.82,156.42,173.81,112.41,316.96,241.13,227.3,139.83,3.21,2.58,140.14,133.87,1.11,103.59,188.38,134.0,139.78,150.71,33.27,119.06,185.94,138.0,187.45,214.21,1.35,222.78,404.48,404.49,4.32,142.35,224.51,161.26,154.63,197.84,49.62,70.7,126.85,126.57,314.53,228.35,240.83,426.42,10.35,227.02,237.98,158.03,149.94,84.79,266.42,93.27,169.33,175.29,223.73,135.09,205.56,96.98,205.09,82.86,219.01,306.28,172.07,232.68,216.94,166.84,137.94,220.88,10.91,172.21,30.89,396.85,159.64,406.45,48.82,44.33,418.73,326.14,175.03,4.0,289.19,136.46,3.39,202.96,133.64,95.68,160.32,172.76,225.21,183.11,226.5,174.79,48.27,129.91,213.58,119.46,225.21,226.98,216.83,150.98,137.46,1.02,115.76,301.6,201.75,131.57,119.76,244.04,260.37,97.31,157.25,114.94,5.48,5.17,223.7,126.82,318.32,318.24,192.34,219.17,160.67,143.75,317.21,132.3,0.66,120.44,196.28,174.97,160.85,188.9,174.36,227.06,4.65,245.1,148.27
Dagoba of Thuparama,207.13,2.28,220.89,176.64,107.23,185.77,304.31,159.54,236.46,240.57,212.01,226.42,288.75,216.22,228.1,283.49,264.61,219.34,163.21,354.82,223.8,225.96,0.0,81.91,232.67,234.36,208.88,255.46,225.75,358.46,219.16,342.77,171.63,289.65,240.05,168.84,127.41,231.15,105.0,342.77,224.8,225.37,343.11,211.42,225.31,232.67,348.93,213.18,218.51,343.78,193.7,328.82,354.12,234.89,352.58,69.7,226.5,3.19,199.87,199.7,222.56,344.19,1.61,351.83,349.17,341.81,267.24,285.71,160.45,160.22,118.39,319.66,79.8,220.96,217.47,105.39,342.77,145.31,345.53,298.85,314.79,214.32,248.11,239.33,2.23,210.19,299.2,309.99,159.6,245.86,276.42,120.45,353.89,16.86,82.67,354.22,214.72,6.83,236.02,331.42,196.28,205.39,107.02,200.75,182.24,186.96,210.09,126.12,237.77,224.05,180.5,211.52,223.19,78.04,206.28,154.87,129.31,355.62,106.43,83.23,105.77,238.7,264.62,121.0,50.45,161.89,0.82,1.03,106.55,347.19,341.01,225.38,326.01,134.1,78.89,211.95,287.3,327.13,117.43,225.25,245.09,210.88,220.7,221.19,107.47,159.9,125.23,124.49,345.4,6.97,279.87,345.26,125.18,211.01,225.32,309.51,117.37,353.63,350.35,356.8,360.22,56.79,221.7,307.84,80.05
Dambulla Cave Temple,135.01,84.01,141.49,103.08,53.02,149.63,227.12,82.68,157.53,161.07,154.67,178.03,230.17,134.46,160.08,223.85,183.07,300.8,86.33,282.65,178.45,180.08,81.91,0.0,185.0,152.54,132.88,174.08,177.29,284.17,137.25,275.75,247.39,211.29,158.33,94.49,136.88,154.6,53.99,275.75,179.99,180.37,276.08,132.11,179.78,158.75,271.85,133.89,138.66,273.66,147.06,265.08,278.1,155.72,276.11,34.46,180.19,79.55,280.84,280.64,177.78,276.73,80.41,280.69,279.23,262.76,211.6,227.14,83.14,83.0,134.82,237.78,60.75,301.56,170.1,53.95,261.01,63.62,276.04,238.85,234.35,142.18,166.72,157.55,80.29,130.71,217.5,248.77,82.98,176.98,194.75,126.2,280.56,76.25,37.52,282.17,134.98,75.11,188.26,254.78,155.55,287.29,27.43,281.53,148.1,151.99,290.15,146.66,155.98,179.47,133.15,131.89,178.13,22.99,126.91,90.04,47.68,282.45,53.02,4.03,53.71,156.93,208.67,52.23,40.36,86.34,81.16,82.54,46.74,277.82,274.28,179.82,262.63,123.29,21.86,132.94,214.7,245.26,85.01,152.34,164.4,134.41,175.66,176.26,52.37,82.64,138.33,138.28,267.37,76.22,200.39,277.63,137.19,131.89,179.54,240.22,42.26,279.63,278.99,280.65,287.57,126.5,176.71,226.38,49.46
Dehiwala Zoo - Sri Lanka,92.44,234.78,134.46,107.76,228.65,51.82,285.1,127.37,133.75,139.99,294.19,7.05,65.23,164.99,72.6,63.36,177.47,426.53,125.91,160.19,10.51,8.05,232.67,185.0,0.0,173.51,111.01,169.64,7.8,172.9,174.86,131.86,399.1,151.28,171.69,114.06,321.85,240.81,231.33,131.86,10.85,10.1,132.17,132.66,9.1,100.5,181.57,132.68,138.22,142.96,39.19,111.03,178.85,135.43,180.46,219.26,6.95,229.49,412.19,412.19,12.37,134.4,231.22,153.54,146.82,191.61,41.59,62.66,128.79,128.53,319.66,224.01,245.72,434.13,15.29,231.04,232.96,160.47,142.12,76.74,263.37,91.53,166.71,173.25,230.44,133.96,201.45,88.93,207.02,78.17,216.28,311.12,164.58,239.08,221.61,159.2,136.58,227.5,3.36,165.6,38.59,404.73,163.86,414.15,56.76,52.31,426.37,331.34,173.05,11.75,291.69,135.27,11.44,207.79,132.74,99.08,163.5,165.23,229.18,187.93,230.5,172.76,40.28,134.26,219.16,121.44,231.91,233.69,220.75,143.14,129.48,9.01,107.72,305.88,206.55,130.3,113.48,239.85,264.39,94.7,154.51,113.59,13.38,13.16,227.63,128.8,323.32,323.26,185.79,225.85,156.17,135.81,322.18,131.09,8.68,113.02,199.78,167.57,153.16,181.8,166.73,234.66,12.65,241.73,154.52
Demodara Loop,82.17,236.49,39.09,84.32,152.57,181.96,112.0,85.38,43.13,38.82,150.77,168.3,170.73,18.34,102.33,163.29,32.03,453.28,82.67,165.96,175.72,175.31,234.36,152.54,173.51,0.0,63.63,25.33,167.77,159.51,16.79,178.02,396.61,78.55,7.18,85.84,247.49,76.64,156.47,178.02,177.73,177.48,178.28,42.69,175.94,75.78,137.5,42.13,35.73,165.66,159.69,180.22,147.44,40.68,143.81,174.92,174.33,231.91,433.12,432.91,176.7,177.36,232.84,167.96,170.94,120.77,167.45,168.76,83.63,84.01,252.29,85.4,188.14,453.63,167.04,155.93,108.51,89.08,169.88,172.4,97.0,82.06,19.24,5.51,232.68,41.98,65.15,175.76,93.56,104.86,49.2,237.23,159.87,228.25,166.38,165.97,38.13,227.54,175.0,124.0,175.42,439.72,128.0,433.71,185.01,185.11,441.91,264.21,3.91,177.97,167.21,40.35,176.23,162.18,44.7,114.59,105.08,162.13,153.62,151.57,155.19,5.07,164.75,124.95,189.73,86.94,233.61,235.02,147.08,171.74,177.81,175.9,179.44,218.68,160.92,44.66,110.08,94.29,179.47,79.6,27.25,60.71,175.05,175.62,151.57,84.17,251.8,252.38,129.42,228.47,62.81,177.55,250.02,44.23,175.25,141.98,125.29,156.55,165.73,149.21,168.52,273.44,175.67,80.89,173.3
Devon Falls,18.68,211.15,25.13,33.1,154.96,119.26,175.6,50.21,32.93,39.17,191.83,105.44,120.29,53.99,43.91,112.81,76.28,426.53,46.55,150.44,112.51,112.24,208.88,132.88,111.01,63.63,0.0,66.7,104.87,151.3,63.86,148.34,379.12,81.69,63.14,40.14,255.06,130.69,158.6,148.34,114.54,114.32,148.66,21.65,112.81,27.39,140.05,21.77,27.91,143.02,96.32,142.67,145.55,32.86,143.82,163.71,111.32,205.98,408.01,407.87,113.41,148.77,207.28,149.13,148.64,134.2,111.36,117.76,49.75,49.88,256.82,132.09,184.4,429.39,103.66,158.14,149.25,77.24,145.94,125.06,158.55,20.34,61.51,64.34,206.87,22.96,108.4,131.7,111.71,53.92,110.24,244.14,147.87,207.2,159.51,150.02,25.74,202.2,112.77,122.59,112.03,409.93,105.45,409.09,122.63,122.36,418.85,269.11,63.84,114.73,197.42,24.25,112.98,150.14,22.14,62.26,89.55,149.8,155.84,133.63,157.43,63.78,108.4,88.23,173.23,47.1,208.07,209.72,147.6,147.79,147.29,112.78,140.91,231.19,148.74,19.33,82.9,145.41,188.7,24.1,51.13,3.18,111.7,112.28,153.85,50.24,258.22,258.53,136.76,202.22,74.62,149.45,256.67,20.08,112.14,111.24,123.45,146.79,147.3,148.17,155.1,237.3,112.36,139.52,135.25
Diyaluma Falls,83.38,257.64,42.52,94.5,177.24,185.29,117.65,100.94,36.31,29.82,173.69,165.2,157.67,40.66,97.05,150.46,9.94,474.75,97.75,142.57,173.32,172.57,255.46,174.08,169.64,25.33,66.7,0.0,164.75,135.16,41.93,157.39,419.75,54.74,18.16,98.13,272.74,96.74,181.15,157.39,175.26,174.91,157.63,50.31,173.32,69.16,112.38,48.96,41.98,143.61,161.56,161.81,122.57,35.13,118.82,198.18,171.46,252.9,454.92,454.72,174.53,156.46,253.91,145.12,148.73,95.46,157.66,156.02,99.43,99.76,277.43,67.44,212.44,475.63,165.31,180.61,88.11,110.5,148.04,157.85,93.87,81.07,7.36,19.91,253.7,50.6,44.7,159.77,118.78,95.25,46.79,262.45,136.01,250.23,190.17,142.65,45.72,248.63,170.69,99.35,177.12,460.46,148.5,455.61,188.88,188.33,464.13,289.37,21.44,175.63,191.81,48.89,173.95,185.19,54.38,125.48,126.4,138.29,178.28,173.43,179.87,20.27,155.2,141.76,212.27,101.21,254.69,256.16,171.54,149.87,157.4,173.27,161.37,244.01,183.89,51.23,91.22,79.38,204.68,75.32,15.74,63.52,173.1,173.61,176.22,99.99,277.01,277.58,104.13,249.36,38.61,156.53,275.25,51.48,172.6,122.58,149.25,132.43,142.84,124.26,144.76,292.02,173.59,73.34,190.56
Diyatha Uyana,86.23,227.87,128.68,100.44,220.86,47.11,279.56,119.81,128.66,134.99,286.81,0.75,69.28,158.76,67.89,66.67,172.79,421.12,118.4,161.89,9.28,7.92,225.75,177.29,7.8,167.77,104.87,164.75,0.0,173.97,168.63,134.92,392.72,148.62,166.18,106.59,314.12,234.19,223.53,134.92,10.93,10.42,135.24,126.52,8.81,95.73,181.36,126.61,132.31,145.04,32.06,114.75,179.18,130.25,180.58,211.57,6.73,222.56,406.55,406.55,11.0,137.35,224.28,155.5,149.11,190.41,45.6,66.56,121.25,120.99,311.99,220.44,238.0,428.5,8.48,223.24,230.14,152.82,144.46,80.71,258.59,85.71,161.58,167.68,223.52,127.77,197.65,92.89,199.5,75.0,211.23,303.39,165.86,231.93,213.86,160.92,130.54,220.51,10.98,165.04,33.5,399.55,156.07,408.46,52.19,47.99,420.59,323.68,167.43,11.52,284.04,129.12,10.15,200.06,126.42,91.3,155.74,166.61,221.38,180.2,222.7,167.18,43.87,126.48,211.63,113.89,224.99,226.77,212.95,145.56,132.59,8.75,111.47,298.09,198.82,124.2,112.4,236.12,256.59,89.53,149.47,107.53,10.65,10.83,219.83,121.25,315.62,315.56,185.11,218.91,152.78,138.74,314.47,124.95,8.08,114.15,191.99,168.61,155.02,182.15,168.4,228.82,10.52,237.22,147.3
Dondra Head Lighthouse,151.34,360.74,147.17,182.16,302.28,217.74,225.77,201.49,131.02,129.89,308.43,173.83,114.96,169.93,133.33,113.05,132.57,573.16,197.84,18.56,182.5,180.31,358.46,284.17,172.9,159.51,151.3,135.16,173.97,0.0,174.78,56.84,529.64,81.03,152.48,190.35,401.45,229.91,306.1,56.84,183.46,182.74,56.76,155.64,181.42,125.94,30.12,153.94,151.31,36.2,194.4,78.67,17.57,133.45,22.67,314.69,178.98,355.46,555.67,555.56,184.42,53.82,356.86,26.99,36.19,55.8,134.55,116.23,201.05,201.18,404.57,128.06,334.19,577.33,180.47,305.6,116.31,226.38,40.08,105.36,186.79,144.16,140.32,154.49,356.38,157.39,120.99,96.2,249.29,115.73,162.08,390.75,9.47,357.9,309.73,19.58,154.21,351.92,171.3,36.16,204.45,554.8,256.74,556.97,222.85,219.53,567.39,416.79,155.84,184.3,326.72,156.7,183.48,301.12,160.62,204.67,240.06,10.23,303.24,284.93,304.86,154.7,134.64,237.57,324.53,198.05,357.65,359.35,295.47,40.53,58.96,181.33,81.19,374.72,299.72,154.14,71.67,142.34,333.53,133.22,134.21,149.87,184.53,184.61,301.19,201.54,405.16,405.59,41.93,351.65,96.72,52.62,403.5,155.37,180.81,59.88,271.52,5.37,25.63,18.49,14.71,380.51,184.23,163.85,281.26
Dunhinda Falls,82.43,221.26,42.4,78.12,135.81,178.45,114.53,75.06,51.74,49.14,137.98,169.21,178.14,9.88,105.98,170.63,48.79,437.74,72.81,180.43,176.08,175.9,219.16,137.25,174.86,16.79,63.86,41.93,168.63,174.78,0.0,190.44,380.31,93.76,23.82,78.0,230.82,68.14,139.71,190.44,178.12,177.93,190.71,42.26,176.44,81.38,153.57,42.39,37.82,179.13,157.41,191.09,163.23,49.02,159.73,158.68,175.02,216.77,417.43,417.21,176.9,189.96,217.65,182.01,184.51,137.37,172.75,175.97,73.18,73.58,235.54,100.6,171.47,437.83,167.06,139.17,124.32,74.24,183.19,180.76,105.37,83.77,35.38,22.29,217.52,40.9,81.29,185.05,76.86,111.14,59.73,220.52,174.72,212.59,149.91,180.39,38.65,212.35,176.64,139.61,173.05,424.54,113.47,417.97,181.11,181.64,426.01,247.47,20.68,178.27,152.28,39.64,176.51,146.07,42.29,106.92,90.16,176.96,136.86,136.1,138.43,21.83,169.93,112.94,173.82,77.56,218.41,219.79,130.37,185.07,190.07,176.41,190.1,202.17,144.83,44.67,121.89,108.27,162.76,83.55,40.79,61.38,175.13,175.72,134.81,73.68,235.09,235.66,145.76,213.39,78.4,190.24,233.32,43.81,175.78,153.78,108.78,171.63,179.81,165.08,183.28,259.61,175.82,92.02,160.59
Dutch Hospital Shopping Precinct,141.38,345.03,153.72,173.27,303.17,181.61,263.99,195.32,139.81,141.4,328.37,134.59,67.56,183.21,115.81,68.5,158.31,550.51,191.96,38.53,142.23,139.83,342.77,275.75,131.86,178.02,148.34,157.39,134.92,56.84,190.44,0.0,514.14,105.12,171.85,182.04,403.24,253.87,306.77,0.0,142.72,141.97,0.34,160.08,140.91,120.96,81.94,158.68,158.57,21.21,161.15,23.58,71.79,142.56,76.14,308.75,138.6,339.64,534.49,534.43,144.14,3.14,341.19,29.99,20.76,105.12,90.5,69.73,195.45,195.47,404.62,171.29,331.26,556.39,142.63,306.32,165.06,225.37,16.81,56.32,228.07,134.44,160.38,173.99,340.59,162.01,158.21,44.85,257.64,98.78,194.71,392.3,47.52,344.84,306.09,37.45,160.36,336.62,129.56,76.75,167.91,530.3,249.02,536.11,186.76,182.77,547.44,416.89,174.98,143.61,340.89,161.92,143.2,295.39,164.23,188.53,236.62,46.63,304.03,277.27,305.61,173.98,91.59,225.12,315.47,190.65,341.96,343.73,295.72,16.34,2.51,140.82,26.69,379.49,293.99,157.97,68.73,187.13,337.03,125.41,150.78,148.07,144.78,144.71,302.06,195.84,406.27,406.54,92.43,335.81,120.73,4.55,404.75,159.29,140.42,37.39,271.61,53.09,31.21,73.78,44.12,356.83,144.25,204.15,263.06
Elephant Pass,378.44,169.36,388.88,347.5,248.22,349.14,444.28,329.12,404.91,408.43,325.91,393.34,458.31,379.27,399.73,453.44,428.2,82.69,332.81,526.37,389.51,391.82,171.63,247.39,399.1,396.61,379.12,419.75,392.72,529.64,380.31,514.14,0.0,458.64,402.98,339.43,184.49,374.2,244.54,514.14,390.22,390.86,514.48,379.5,391.05,403.7,518.91,381.27,385.98,515.41,361.09,499.59,524.67,403.11,522.91,221.68,392.53,174.72,60.94,60.44,388.05,515.62,173.23,523.45,520.8,510.12,436.05,455.29,329.81,329.63,172.88,479.98,211.33,71.08,384.28,245.08,504.4,309.88,517.14,468.76,464.17,385.66,412.42,401.92,173.78,378.09,461.6,480.19,309.55,417.49,432.91,188.96,525.27,171.93,230.65,525.78,382.33,178.0,402.38,501.63,361.14,92.31,274.52,58.66,344.9,349.69,56.93,166.59,400.3,389.4,288.02,379.26,388.78,234.56,374.3,326.5,294.38,527.03,247.16,247.38,245.77,401.35,433.59,292.1,207.82,332.03,172.45,170.7,252.03,518.8,512.34,391.12,496.7,215.06,235.85,380.31,458.73,484.95,233.94,396.48,411.18,380.92,386.38,386.8,249.04,329.29,178.58,177.43,514.7,178.55,447.72,516.71,180.29,379.27,391.16,481.13,271.76,524.87,521.96,527.3,531.72,167.59,387.33,462.18,251.09
Elephant Transit Home (ETH),89.27,291.9,70.06,114.77,223.78,181.42,160.08,130.1,53.82,51.03,228.43,148.84,120.01,89.19,85.39,113.78,53.82,507.96,126.44,87.83,157.88,156.42,289.65,211.29,151.28,78.55,81.69,54.74,148.62,81.03,93.76,105.12,458.64,0.0,71.6,121.66,321.98,151.09,227.65,105.12,159.53,158.99,105.33,79.3,157.39,63.87,61.55,77.53,73.47,89.7,156.31,113.11,69.99,55.79,66.93,239.53,155.13,286.82,489.22,489.07,159.5,103.84,288.05,90.55,94.62,52.51,127.17,119.18,129.23,129.44,325.67,75.91,257.1,510.5,151.93,227.14,81.72,150.19,94.31,117.01,126.81,83.24,59.44,73.63,287.69,80.81,56.84,115.82,168.88,73.8,89.73,311.4,81.37,286.94,233.32,87.92,76.87,282.9,151.26,46.13,170.31,491.58,184.12,490.23,185.93,184.03,499.74,337.82,74.94,160.14,245.74,79.77,158.71,226.06,84.5,142.72,164.97,83.64,224.78,211.47,226.39,73.81,125.44,169.66,251.24,127.96,288.84,290.46,217.32,96.1,105.46,157.33,113.31,294.54,224.69,78.36,46.02,92.46,253.86,72.6,53.33,79.32,158.65,159.01,222.71,129.77,325.9,326.38,56.1,283.09,16.2,103.74,324.19,79.44,156.67,73.38,193.77,77.99,88.27,72.07,90.08,318.93,158.82,102.85,216.93
Ella Rock,81.37,242.2,38.08,86.24,159.45,182.2,113.41,89.04,39.38,34.36,157.34,166.68,166.44,23.88,99.87,159.05,25.28,459.13,86.16,159.14,174.32,173.81,240.05,158.33,171.69,7.18,63.14,18.16,166.18,152.48,23.82,171.85,402.98,71.6,0.0,88.44,254.61,82.27,163.36,171.85,176.31,176.03,172.1,43.16,174.47,72.74,130.33,42.32,35.48,159.14,159.45,174.59,140.32,37.15,136.67,181.31,172.79,237.56,439.07,438.87,175.36,171.12,238.52,161.27,164.39,113.62,164.01,164.55,87.36,87.73,259.36,80.15,194.89,459.64,165.8,162.82,102.72,94.75,163.42,167.73,95.8,80.62,12.17,2.14,238.34,42.76,59.17,170.73,100.66,101.26,47.52,244.33,152.95,234.22,172.95,159.17,38.43,233.23,173.07,116.91,175.17,445.34,133.42,439.69,185.41,185.32,447.99,271.29,3.36,176.59,174.24,41.05,174.86,168.47,45.91,116.89,110.74,155.22,160.5,157.47,162.08,2.21,161.37,129.16,195.88,90.19,239.29,240.72,153.88,165.28,171.69,174.43,173.9,225.85,167.2,44.84,104.23,89.87,186.57,77.23,21.48,60.09,173.78,174.33,158.45,87.91,258.9,259.47,122.23,234.09,55.76,171.29,257.13,44.62,173.78,136.06,131.9,149.57,159.02,142.07,161.63,278.35,174.36,78.33,177.72
Embekka Devalaya,40.71,171.11,56.83,8.79,123.53,103.97,191.87,14.34,70.3,75.58,180.29,107.3,142.79,69.62,67.58,135.78,108.07,386.4,12.04,188.24,111.8,112.41,168.84,94.49,114.06,85.84,40.14,98.13,106.59,190.35,78.0,182.04,339.43,121.66,88.44,0.0,222.71,134.06,126.86,182.04,113.78,113.83,182.37,48.04,112.62,64.48,180.11,49.55,56.3,179.23,86.45,173.01,185.34,69.35,183.75,126.8,111.9,165.92,367.87,367.73,112.04,182.87,167.24,186.21,184.81,174.15,128.12,139.9,15.29,15.11,223.27,165.54,149.38,389.25,102.3,126.46,184.98,48.0,181.69,149.93,182.48,47.79,91.51,88.82,166.82,47.57,142.41,158.63,93.03,83.46,135.03,211.73,186.38,167.58,124.16,187.74,52.47,162.18,116.7,162.58,101.18,369.92,67.29,368.95,105.89,107.16,378.74,235.5,87.71,113.66,178.36,49.25,111.94,113.38,43.75,28.94,55.67,188.23,124.28,95.67,125.8,88.15,125.04,48.09,134.74,8.79,168.03,169.69,115.75,183.48,180.69,112.61,170.8,201.46,111.98,47.55,120.27,177.2,158.79,57.86,84.14,42.35,109.98,110.62,122.42,15.44,225.36,225.56,176.9,162.15,113.59,183.71,223.93,47.05,112.09,146.01,92.27,185.68,184.51,188.0,193.24,197.75,110.88,166.62,95.53
Fort Frederick,262.59,126.98,254.43,231.44,100.1,285.08,268.24,208.76,270.45,271.66,143.67,314.87,364.25,233.44,290.28,357.55,279.09,262.33,211.92,403.62,315.32,316.96,127.41,136.88,321.85,247.49,255.06,272.74,314.12,401.45,230.82,403.24,184.49,321.98,254.61,222.71,0.0,203.89,96.48,403.24,316.85,317.24,403.56,246.33,316.65,282.44,383.23,247.97,250.18,397.77,283.9,395.59,391.92,268.0,388.89,102.9,317.07,129.03,239.47,239.06,314.63,403.76,127.67,403.24,403.4,368.17,347.0,361.27,208.39,208.42,12.55,322.02,76.14,254.37,306.97,96.93,347.44,177.88,400.87,372.12,294.22,269.26,266.08,252.99,128.58,244.51,308.08,381.21,153.96,305.71,272.14,10.98,399.69,111.09,100.53,403.34,247.38,126.85,325.1,368.02,291.91,261.54,159.3,238.36,283.04,287.2,240.4,18.94,251.4,316.31,105.93,245.06,314.99,114.07,241.55,225.27,167.14,401.8,99.22,133.92,97.64,252.57,344.0,188.1,107.39,213.92,127.58,126.73,107.52,402.72,402.09,316.69,393.44,32.5,115.31,248.05,337.43,323.18,68.16,277.86,269.13,255.57,312.51,313.11,101.21,208.06,5.92,7.06,376.13,130.21,307.81,404.47,4.22,246.77,316.41,366.28,131.64,397.59,401.28,394.04,407.63,179.17,313.56,297.26,175.82
Gal Oya National Park,148.77,232.91,110.53,137.22,128.16,238.02,73.16,125.55,118.91,115.25,79.75,234.81,246.15,77.63,173.76,238.65,97.58,440.75,124.87,238.72,241.07,241.13,231.15,154.6,240.81,76.64,130.69,96.74,234.19,229.91,68.14,253.87,374.2,151.09,82.27,134.06,203.89,0.0,131.48,253.87,243.11,242.99,254.11,109.56,241.58,149.51,204.42,109.94,105.88,240.35,219.38,256.81,215.79,116.28,211.51,162.37,240.35,229.5,419.03,418.74,241.71,253.04,229.88,241.64,245.44,183.24,240.81,244.02,123.59,123.98,211.73,122.99,164.32,437.88,231.79,130.96,148.11,106.14,244.78,248.46,90.73,150.96,93.49,80.14,230.04,107.99,115.02,252.22,71.94,179.26,73.61,195.17,231.66,220.2,150.24,238.86,106.4,224.85,242.81,193.74,234.6,431.49,139.84,418.99,239.92,241.21,424.98,222.39,79.29,243.18,105.93,106.95,241.41,153.12,108.57,160.86,117.8,233.96,129.17,151.86,130.35,80.22,237.96,152.76,181.04,130.17,230.54,231.52,126.37,246.62,253.78,241.56,256.07,171.94,152.3,112.05,186.5,121.15,141.35,151.53,103.68,128.51,239.82,240.43,127.55,123.91,209.15,209.99,194.52,226.81,134.89,253.15,207.26,111.05,240.95,218.32,114.2,227.67,239.35,217.05,240.5,280.74,240.59,94.04,193.03
Gal Vihara,166.33,106.37,158.93,135.52,3.9,200.75,203.85,112.73,175.14,176.82,108.34,224.28,269.28,140.76,194.3,262.41,188.5,309.29,115.77,307.63,225.92,227.3,105.0,53.99,231.33,156.47,158.6,181.15,223.53,306.1,139.71,306.77,244.54,227.65,163.36,126.86,96.48,131.48,0.0,306.77,227.61,227.91,307.09,150.54,227.13,185.98,289.17,152.21,154.87,301.41,195.13,299.37,297.3,172.78,294.51,36.38,227.23,104.07,287.64,287.36,225.48,307.28,104.0,307.04,307.04,275.73,253.12,266.35,112.25,112.31,98.56,236.88,33.24,306.7,217.04,0.55,261.8,81.4,304.46,276.73,220.12,172.91,174.12,161.96,104.38,148.75,220.08,285.48,65.25,209.43,188.78,85.55,303.98,91.55,23.34,307.32,151.89,99.55,234.46,273.41,205.29,300.21,67.79,287.65,199.7,203.31,293.97,110.82,160.34,227.19,81.39,149.41,225.72,35.05,145.65,132.62,71.2,306.06,2.88,50.02,1.28,161.47,250.08,97.57,55.45,118.07,104.53,105.13,11.11,306.31,305.62,227.16,297.28,75.04,35.34,152.15,241.1,240.87,33.07,181.4,175.67,159.14,223.32,223.95,4.95,111.94,99.65,99.98,282.75,102.19,214.18,308.0,98.08,150.89,226.8,269.81,35.16,302.09,305.11,299.53,311.79,159.82,224.36,217.66,103.01
Galle Dutch Fort,141.38,345.03,153.72,173.27,303.17,181.61,263.99,195.32,139.81,141.4,328.37,134.59,67.56,183.21,115.81,68.5,158.31,550.51,191.96,38.53,142.23,139.83,342.77,275.75,131.86,178.02,148.34,157.39,134.92,56.84,190.44,0.0,514.14,105.12,171.85,182.04,403.24,253.87,306.77,0.0,142.72,141.97,0.34,160.08,140.91,120.96,81.94,158.68,158.57,21.21,161.15,23.58,71.79,142.56,76.14,308.75,138.6,339.64,534.49,534.43,144.14,3.14,341.19,29.99,20.76,105.12,90.5,69.73,195.45,195.47,404.62,171.29,331.26,556.39,142.63,306.32,165.06,225.37,16.81,56.32,228.07,134.44,160.38,173.99,340.59,162.01,158.21,44.85,257.64,98.78,194.71,392.3,47.52,344.84,306.09,37.45,160.36,336.62,129.56,76.75,167.91,530.3,249.02,536.11,186.76,182.77,547.44,416.89,174.98,143.61,340.89,161.92,143.2,295.39,164.23,188.53,236.62,46.63,304.03,277.27,305.61,173.98,91.59,225.12,315.47,190.65,341.96,343.73,295.72,16.34,2.51,140.82,26.69,379.49,293.99,157.97,68.73,187.13,337.03,125.41,150.78,148.07,144.78,144.71,302.06,195.84,406.27,406.54,92.43,335.81,120.73,4.55,404.75,159.29,140.42,37.39,271.61,53.09,31.21,73.78,44.12,356.83,144.25,204.15,263.06
Galle Face Green,95.86,226.87,138.65,108.12,225.07,41.81,289.64,126.56,139.1,145.47,294.04,10.69,75.99,168.26,78.58,74.21,183.4,416.62,125.4,170.91,2.04,3.21,224.8,179.99,10.85,177.73,114.54,175.26,10.93,183.46,178.12,142.72,390.22,159.53,176.31,113.78,316.85,243.11,227.61,142.72,0.0,0.75,143.02,136.15,2.16,106.35,191.59,136.31,142.16,153.74,32.95,121.82,189.13,140.63,190.64,214.03,4.56,221.62,402.48,402.49,2.26,145.25,223.36,164.31,157.64,201.04,52.39,73.45,128.1,127.81,314.29,231.32,240.73,424.42,11.49,227.35,241.06,159.06,152.94,87.51,269.13,95.73,171.96,177.78,222.57,137.34,208.5,99.69,206.29,85.92,221.65,306.19,175.2,231.72,216.96,169.92,140.27,219.78,13.37,175.42,29.09,394.65,159.89,404.48,46.6,42.03,416.8,325.86,177.5,0.91,290.14,138.73,1.91,202.9,135.84,96.37,161.05,175.88,225.56,183.06,226.82,177.27,51.13,130.14,213.11,120.7,224.05,225.82,217.2,153.97,140.33,2.23,118.5,301.78,201.7,133.87,122.96,246.99,260.68,99.97,159.91,117.27,4.33,3.74,224.06,128.06,318.15,318.05,195.55,218.03,163.69,146.66,317.06,134.58,2.87,123.58,196.85,178.11,163.91,192.09,177.45,225.19,3.29,247.88,147.45
Galle Face Hotel,95.64,227.45,138.39,108.12,225.36,42.51,289.37,126.65,138.76,145.13,294.1,10.16,75.24,168.07,78.18,73.46,183.03,417.33,125.46,170.18,2.04,2.58,225.37,180.37,10.1,177.48,114.32,174.91,10.42,182.74,177.93,141.97,390.86,158.99,176.03,113.83,317.24,242.99,227.91,141.97,0.75,0.0,142.27,135.94,1.62,105.97,190.92,136.09,141.92,153.01,33.36,121.07,188.44,140.3,189.96,214.43,3.92,222.2,403.18,403.19,2.82,144.5,223.94,163.57,156.9,200.41,51.64,72.7,128.18,127.89,314.7,230.85,241.11,425.11,11.53,227.64,240.53,159.2,152.2,86.76,268.77,95.46,171.64,177.5,223.15,137.14,208.05,98.94,206.38,85.41,221.32,306.58,174.47,232.26,217.32,169.19,140.04,220.35,12.62,174.77,29.75,395.36,160.2,405.17,47.32,42.75,417.48,326.28,177.22,1.66,290.3,138.52,2.25,203.28,135.65,96.58,161.25,175.15,225.85,183.44,227.12,177.0,50.38,130.45,213.57,120.78,224.63,226.4,217.49,153.22,139.58,1.68,117.75,302.11,202.07,133.65,122.33,246.53,260.98,99.63,159.57,117.05,4.77,4.22,224.35,128.14,318.55,318.45,194.9,218.6,163.2,145.91,317.45,134.37,2.35,122.86,197.09,177.4,163.18,191.4,176.72,225.87,3.73,247.49,147.97
Galle Fort Lighthouse,141.71,345.37,154.01,173.6,303.5,181.93,264.16,195.65,140.09,141.68,328.64,134.91,67.85,183.49,116.15,68.81,158.53,550.85,192.29,38.43,142.54,140.14,343.11,276.08,132.17,178.28,148.66,157.63,135.24,56.76,190.71,0.34,514.48,105.33,172.1,182.37,403.56,254.11,307.09,0.34,143.02,142.27,0.0,160.38,141.22,121.28,81.94,158.98,158.86,21.2,161.48,23.8,71.76,142.85,76.12,309.08,138.91,339.98,534.82,534.77,144.45,2.99,341.53,29.89,20.66,105.16,90.81,70.03,195.78,195.79,404.94,171.41,331.59,556.73,142.95,306.64,165.13,225.69,16.75,56.6,228.21,134.77,160.63,174.24,340.93,162.32,158.37,45.11,257.94,99.11,194.9,392.62,47.45,345.18,306.42,37.35,160.65,336.96,129.86,76.83,168.23,530.64,249.35,536.45,187.08,183.09,547.78,417.22,175.24,143.92,341.18,162.22,143.51,295.72,164.54,188.87,236.95,46.55,304.35,277.61,305.94,174.23,91.9,225.46,315.81,190.98,342.3,344.07,296.04,16.25,2.77,141.13,26.92,379.8,294.32,158.27,69.01,187.24,337.35,125.73,151.04,148.39,145.1,145.02,302.38,196.17,406.59,406.87,92.45,336.15,120.95,4.37,405.08,159.59,140.73,37.69,271.93,53.04,31.13,73.74,43.99,357.17,144.56,204.3,263.4
Galway's Land National Park,40.3,213.66,9.46,44.21,146.75,139.3,154.36,52.72,25.48,29.15,173.43,127.09,138.77,32.4,64.25,131.24,60.24,430.45,49.24,157.3,134.12,133.87,211.42,132.11,132.66,42.69,21.65,50.31,126.52,155.64,42.26,160.08,379.5,79.3,43.16,48.04,246.33,109.56,150.54,160.08,136.15,135.94,160.38,0.0,134.44,42.08,140.41,1.78,8.33,152.23,117.03,157.05,147.58,23.61,145.15,160.34,132.96,208.67,411.28,411.11,135.0,160.14,209.84,157.12,157.83,130.69,131.54,136.4,51.51,51.79,249.08,117.59,178.71,432.37,125.22,150.04,136.99,71.14,155.65,142.56,138.95,41.55,44.0,44.08,209.52,1.94,94.38,148.17,97.55,71.51,90.67,235.54,153.45,208.02,154.53,157.02,4.76,204.63,134.4,123.85,132.76,414.98,105.1,412.17,142.4,142.44,421.37,261.32,43.36,136.34,181.68,2.63,134.58,146.84,5.2,75.19,85.69,155.54,147.7,132.21,149.31,43.47,128.65,93.61,171.95,51.99,210.63,212.2,139.85,157.54,159.3,134.41,155.6,220.75,145.46,2.51,92.1,129.64,178.83,42.4,36.11,19.12,133.27,133.86,145.65,52.07,249.88,250.27,135.4,205.0,68.47,160.66,248.25,1.58,133.77,122.69,115.88,151.57,155.11,149.96,161.31,244.33,133.94,121.06,142.23
Gangaramaya Temple,94.14,227.4,136.85,106.84,224.56,43.01,287.82,125.49,137.17,143.54,292.9,8.55,74.33,166.58,76.57,72.42,181.43,417.82,124.28,168.93,1.54,1.11,225.31,179.78,9.1,175.94,112.81,173.32,8.81,181.42,176.44,140.91,391.05,157.39,174.47,112.62,316.65,241.58,227.13,140.91,2.16,1.62,141.22,134.44,0.0,104.37,189.47,134.58,140.39,151.81,32.86,120.12,187.04,138.72,188.54,213.88,2.44,222.14,403.6,403.61,3.28,143.43,223.87,162.36,155.73,198.89,50.68,71.75,127.01,126.73,314.18,229.24,240.52,425.54,10.39,226.86,238.93,158.11,151.04,85.84,267.18,93.91,170.05,175.95,223.09,135.65,206.44,98.02,205.23,83.8,219.74,305.98,173.18,232.1,216.67,167.95,138.53,220.25,11.87,173.29,30.04,395.92,159.44,405.58,47.88,43.36,417.87,325.77,175.68,2.9,289.24,137.02,2.38,202.67,134.17,95.63,160.29,173.87,225.05,182.82,226.33,175.45,49.35,129.71,213.15,119.61,224.56,226.34,216.68,152.07,138.54,0.09,116.81,301.38,201.46,132.15,120.81,244.92,260.2,98.04,157.98,115.53,4.66,4.27,223.55,126.98,317.99,317.9,193.41,218.53,161.59,144.84,316.89,132.86,0.73,121.54,196.2,176.07,161.95,190.0,175.47,226.21,3.74,245.89,147.73
Gartmore Falls,26.27,234.95,39.05,56.22,182.35,120.68,185.55,76.28,33.64,39.63,215.5,96.16,97.04,72.03,27.9,89.5,77.06,448.78,72.71,123.92,104.44,103.59,232.67,158.75,100.5,75.78,27.39,69.16,95.73,125.94,81.38,120.96,403.7,63.87,72.74,64.48,282.44,149.51,185.98,120.96,106.35,105.97,121.28,42.08,104.37,0.0,117.47,41.13,43.84,115.83,95.9,115.87,121.68,35.64,120.45,190.3,102.45,229.69,430.76,430.64,105.72,121.38,231.07,122.24,121.45,115.18,91.76,94.77,76.08,76.16,284.14,127.0,211.49,452.3,96.73,185.52,140.22,104.59,118.67,100.5,162.9,19.62,66.5,74.51,230.61,43.96,103.55,106.14,138.09,29.8,115.85,271.52,121.9,231.96,186.51,123.45,44.02,226.09,101.54,99.64,110.92,431.34,131.4,431.96,124.84,123.52,442.09,296.42,74.59,106.75,223.19,44.43,105.1,176.76,45.18,80.59,116.59,123.75,183.22,159.74,184.81,74.11,89.02,111.69,199.09,72.42,231.86,233.55,174.97,120.5,119.93,104.32,114.24,258.54,175.36,39.65,56.03,142.0,216.07,8.73,54.18,27.18,104.38,104.87,181.23,76.53,285.58,285.88,115.69,225.89,61.83,122.06,284.04,40.9,103.65,83.85,150.82,121.23,120.46,124.43,128.82,257.65,104.82,141.53,156.61
Goyambokka Beach,143.71,351.2,131.33,172.53,285.3,222.05,196.38,189.8,115.0,112.55,283.69,181.35,130.23,149.93,130.9,126.79,108.34,566.08,186.12,46.72,190.37,188.38,348.93,271.85,181.57,137.5,140.05,112.38,181.36,30.12,153.57,81.94,518.91,61.55,130.33,180.11,383.23,204.42,289.17,81.94,191.59,190.92,81.94,140.41,189.47,117.47,0.0,138.65,134.9,60.78,197.62,101.06,12.71,117.11,7.66,300.75,187.03,346.02,547.83,547.7,192.22,79.21,347.32,54.15,62.64,25.69,146.7,130.88,189.1,189.28,387.09,98.23,318.62,569.29,186.9,288.66,86.28,211.5,65.49,122.23,157.01,136.84,118.31,132.21,346.91,142.0,92.69,115.07,229.72,114.56,134.55,372.7,36.89,347.01,294.76,47.53,138.22,342.24,180.47,17.91,209.35,548.81,244.53,548.96,227.02,224.18,558.84,399.21,133.68,192.37,303.95,141.04,191.32,287.24,145.58,198.03,226.06,38.72,286.3,272.21,287.91,132.51,146.19,228.13,312.0,187.1,348.12,349.77,278.86,66.48,83.66,189.39,103.03,355.41,285.87,139.3,70.38,112.29,315.08,125.66,114.12,138.1,192.0,192.19,284.23,189.62,387.22,387.72,11.82,342.25,75.47,78.27,385.5,140.43,188.8,72.22,255.31,31.05,52.21,13.0,44.49,375.08,191.86,134.32,274.01
Gregory Lake,40.45,215.42,7.71,45.54,148.42,139.98,153.95,54.43,23.71,27.39,174.38,127.17,137.96,32.56,63.82,130.43,58.88,432.2,50.93,155.67,134.28,134.0,213.18,133.89,132.68,42.13,21.77,48.96,126.61,153.94,42.39,158.68,381.27,77.53,42.32,49.55,247.97,109.94,152.21,158.68,136.31,136.09,158.98,1.78,134.58,41.13,138.65,0.0,7.06,150.7,117.56,155.82,145.84,21.83,143.4,162.11,133.07,210.43,413.04,412.87,135.18,158.72,211.6,155.54,156.3,128.91,131.01,135.62,53.23,53.5,250.75,116.17,180.44,434.14,125.43,151.72,135.44,72.9,154.15,141.63,138.11,41.38,42.75,43.31,211.28,3.46,92.91,147.13,98.97,70.67,89.81,237.19,151.79,209.79,156.27,155.4,4.0,206.39,134.38,122.1,133.29,416.71,106.87,413.93,143.13,143.12,423.14,262.99,42.65,136.51,182.92,3.33,134.75,148.61,6.98,76.52,87.46,153.88,149.37,133.99,150.99,42.71,128.13,95.29,173.73,53.62,212.39,213.96,141.54,156.03,157.92,134.55,154.4,222.32,147.23,2.54,90.61,128.33,180.43,41.78,34.6,19.09,133.47,134.05,147.32,53.79,251.53,251.93,133.62,206.76,66.7,159.23,249.89,2.52,133.9,121.3,117.59,149.89,153.53,148.22,159.67,246.0,134.13,120.03,143.89
Hakgala Botanic Gardens,46.46,220.74,4.96,52.53,151.04,146.73,147.72,60.46,20.28,22.53,172.44,132.85,140.86,28.26,68.24,133.33,51.92,437.69,57.04,153.85,140.14,139.78,218.51,138.66,138.22,35.73,27.91,41.98,132.31,151.31,37.82,158.57,385.98,73.47,35.48,56.3,250.18,105.88,154.87,158.57,142.16,141.92,158.86,8.33,140.39,43.84,134.9,7.06,0.0,149.7,124.11,156.76,142.54,17.91,139.91,166.13,138.83,215.8,418.38,418.21,141.09,158.46,216.93,154.09,155.26,124.16,134.95,138.61,59.16,59.45,253.28,109.28,183.75,439.42,131.39,154.37,128.83,76.76,153.31,144.02,131.22,46.7,35.7,36.56,216.64,8.79,86.11,149.0,99.61,73.64,82.9,239.46,149.56,214.75,159.86,153.63,3.9,211.71,139.83,118.7,139.84,422.42,111.87,419.24,149.94,149.86,428.32,265.49,35.98,142.38,182.41,7.2,140.63,152.69,12.74,83.51,91.75,151.69,152.01,138.6,153.63,35.97,132.11,101.43,178.26,60.0,217.72,219.27,144.35,155.2,157.91,140.36,155.48,223.96,151.33,9.5,90.06,121.32,182.38,45.74,27.93,24.98,139.42,139.99,149.95,59.73,253.86,254.29,129.41,212.15,61.74,158.92,252.2,9.55,139.71,121.27,120.58,147.42,152.03,144.84,157.61,252.14,140.05,113.0,150.13
Handunugoda Tea Estate,138.65,346.05,145.02,170.59,297.72,190.67,246.35,191.82,130.08,130.78,316.43,144.8,81.43,172.61,115.68,80.67,143.5,554.68,188.32,18.71,153.02,150.71,343.78,273.66,142.96,165.66,143.02,143.61,145.04,36.2,179.13,21.21,515.41,89.7,159.14,179.23,397.77,240.35,301.41,21.21,153.74,153.01,21.2,152.23,151.81,115.83,60.78,150.7,149.7,0.0,168.71,42.49,50.6,132.78,54.93,305.86,149.42,340.69,538.04,537.97,154.95,18.43,342.18,10.78,5.63,84.33,102.75,83.09,191.74,191.8,399.79,152.04,327.32,559.87,152.22,300.94,144.66,220.19,4.99,71.05,209.52,131.49,147.31,161.26,341.63,154.12,140.29,60.98,249.31,97.92,178.28,386.89,26.75,344.82,302.33,17.61,151.91,337.45,140.99,56.65,177.07,535.2,246.52,539.54,195.83,192.13,550.51,412.07,162.38,154.62,330.9,153.82,154.0,292.36,156.74,188.91,232.42,26.17,298.62,274.9,300.22,161.32,103.3,224.31,313.8,187.58,342.96,344.71,290.47,6.54,23.09,151.72,45.09,372.89,290.96,150.3,60.35,167.6,330.76,121.5,138.67,142.31,155.33,155.33,296.61,192.17,401.06,401.39,71.42,336.85,105.77,17.51,399.48,151.61,151.25,34.4,266.31,32.11,11.07,52.64,25.03,361.11,154.91,185.75,264.78
Henerathgoda Botanical Garden,78.37,195.82,121.42,82.24,192.67,25.11,271.28,97.98,125.47,132.08,265.4,32.74,98.48,147.77,70.94,94.65,170.57,391.14,97.35,184.31,31.48,33.27,193.7,147.06,39.19,159.69,96.32,161.56,32.06,194.4,157.41,161.15,361.09,156.31,159.45,86.45,283.9,219.38,195.13,161.15,32.95,33.36,161.48,117.03,32.86,95.9,197.62,117.56,124.11,168.71,0.0,142.65,197.26,126.45,197.95,181.08,33.54,190.51,376.1,376.09,30.73,163.31,192.23,178.73,173.27,203.02,75.39,95.57,99.68,99.35,281.35,222.84,207.79,398.06,23.9,194.88,235.73,129.16,168.82,109.55,254.65,80.59,157.14,160.64,191.47,117.88,199.3,121.53,177.06,84.19,206.43,273.26,187.03,199.91,184.08,183.42,121.55,188.45,42.55,180.36,15.73,370.11,127.35,377.94,29.74,27.76,389.88,292.92,160.09,32.41,259.56,119.45,31.11,169.98,115.64,65.4,129.79,188.07,193.13,150.15,194.37,160.07,73.16,97.57,180.31,92.33,192.94,194.72,184.83,170.11,158.95,32.91,139.48,269.06,168.79,115.03,127.25,237.63,228.18,87.98,145.83,99.38,28.62,29.22,191.68,99.56,285.19,285.1,199.69,186.86,157.19,164.62,284.1,115.48,32.69,135.78,165.0,189.04,177.95,200.25,190.67,198.15,29.67,234.89,115.33
Hikkaduwa Beach,133.05,331.06,151.8,164.24,295.91,161.8,273.19,186.84,139.46,142.1,328.76,114.36,45.86,183.08,105.5,48.19,164.14,533.46,183.68,60.97,121.51,119.06,328.82,265.08,111.03,180.22,142.67,161.81,114.75,78.67,191.09,23.58,499.59,113.11,174.59,173.01,395.59,256.81,299.37,23.58,121.82,121.07,23.8,157.05,120.12,115.87,101.06,155.82,156.76,42.49,142.65,0.0,92.16,142.21,96.08,298.73,117.89,325.66,517.95,517.91,123.39,26.67,327.26,52.54,43.56,122.36,69.44,48.37,187.2,187.17,396.28,184.14,322.23,539.89,122.76,298.95,180.59,218.38,39.06,34.35,239.12,126.54,163.8,176.71,326.62,158.98,168.79,22.28,253.95,89.97,202.43,384.62,69.2,331.85,297.0,59.86,158.02,322.85,108.51,92.93,148.13,512.7,238.95,519.67,166.91,162.74,531.28,408.51,177.53,122.73,338.72,159.14,122.46,285.57,160.7,176.17,228.46,68.66,296.72,266.9,298.27,176.61,70.91,213.55,304.19,181.77,328.02,329.8,288.27,39.11,21.09,120.03,3.34,373.17,284.19,154.75,70.6,200.41,330.51,118.81,153.14,142.91,124.2,124.07,294.79,187.53,398.34,398.54,110.62,321.85,127.6,28.12,396.88,156.06,119.67,39.78,264.36,74.4,53.38,94.45,66.95,340.0,123.59,215.08,248.8
Hiriketiya Beach,147.72,356.39,138.72,177.48,293.45,221.29,209.01,195.66,122.39,120.48,294.83,179.12,124.49,159.1,132.64,121.68,119.1,570.37,191.98,35.02,188.02,185.94,354.12,278.1,178.85,147.44,145.55,122.57,179.18,17.57,163.23,71.79,524.67,69.99,140.32,185.34,391.92,215.79,297.3,71.79,189.13,188.44,71.76,147.58,187.04,121.68,12.71,145.84,142.54,50.6,197.26,92.16,0.0,124.64,5.12,307.69,184.6,351.17,552.43,552.31,189.91,68.92,352.51,42.91,51.78,38.37,142.37,125.41,195.06,195.22,395.5,110.93,326.23,573.98,185.15,296.79,98.75,218.71,55.06,115.78,169.71,140.68,128.2,142.25,352.07,149.24,104.97,107.73,238.84,115.64,146.6,381.32,25.15,352.75,302.11,35.91,145.7,347.49,177.54,23.9,208.31,552.65,250.7,553.63,226.33,223.28,563.74,407.66,143.68,189.94,314.36,148.39,188.98,294.14,152.69,201.81,232.93,26.76,294.43,278.62,296.05,142.51,142.11,233.14,318.38,192.64,353.3,354.98,286.85,55.85,73.68,186.95,94.38,364.52,292.76,146.3,70.9,124.98,323.83,129.53,123.21,143.81,189.82,189.97,292.37,195.57,395.81,396.28,24.51,347.38,84.83,67.86,394.11,147.48,186.39,67.06,263.12,19.25,41.15,2.99,32.16,378.6,189.62,146.97,278.19
Horton Plains National Park,48.43,237.13,14.27,63.95,168.94,150.29,149.99,75.73,2.76,6.36,186.58,130.72,130.17,40.9,63.1,122.71,44.19,453.8,72.15,136.32,138.67,138.0,234.89,155.72,135.43,40.68,32.86,35.13,130.25,133.45,49.02,142.56,403.11,55.79,37.15,69.35,268.0,116.28,172.78,142.56,140.63,140.3,142.85,23.61,138.72,35.64,117.11,21.83,17.91,132.78,126.45,142.21,124.64,0.0,122.04,183.74,136.93,232.12,434.71,434.55,139.82,142.29,233.3,136.81,138.3,107.09,126.92,128.15,74.65,74.9,271.16,99.24,201.62,455.85,130.48,172.27,116.63,94.42,136.53,132.18,128.77,45.94,31.33,38.97,232.98,25.05,75.54,136.12,116.81,64.23,81.03,257.29,131.84,231.61,177.65,136.13,21.11,228.11,136.65,100.81,142.0,438.11,128.7,435.63,153.94,153.31,444.89,283.37,39.15,140.96,198.43,23.98,139.27,170.27,28.81,94.37,109.19,133.99,169.91,155.81,171.53,38.61,124.25,116.3,195.54,74.4,234.09,235.67,162.25,138.42,142.04,138.68,141.15,241.59,168.9,22.94,73.84,112.75,200.14,40.74,19.44,29.75,138.34,138.86,167.85,75.21,271.71,272.14,111.85,228.44,45.0,142.68,270.05,23.9,138.01,105.5,138.48,129.61,134.71,126.95,139.96,266.84,138.86,108.46,164.62
Hummanaya Blow Hole,146.6,354.85,136.19,176.0,290.64,222.15,204.03,193.81,119.85,117.71,290.67,180.54,127.24,155.82,132.43,124.18,115.09,569.23,190.12,39.88,189.49,187.45,352.58,276.11,180.46,143.81,143.82,118.82,180.58,22.67,159.73,76.14,522.91,66.93,136.67,183.75,388.89,211.51,294.51,76.14,190.64,189.96,76.12,145.15,188.54,120.45,7.66,143.4,139.91,54.93,197.95,96.08,5.12,122.04,0.0,305.41,186.1,349.65,551.16,551.04,191.36,73.32,350.98,47.62,56.36,33.26,144.58,128.06,193.16,193.33,392.59,105.88,323.66,572.67,186.38,293.99,93.64,216.3,59.49,118.79,164.67,139.63,124.59,138.58,350.55,146.78,100.21,111.07,235.6,115.68,141.97,378.32,30.0,350.98,299.65,40.74,143.14,345.93,179.23,21.34,209.27,551.69,248.73,552.33,227.16,224.19,562.34,404.74,140.02,191.44,310.55,145.89,190.44,291.88,150.29,200.82,230.67,31.7,291.63,276.56,293.25,138.86,144.23,231.65,316.34,190.92,351.77,353.43,284.12,60.35,77.98,188.46,98.2,361.3,290.5,143.94,71.06,119.89,320.76,128.45,119.95,141.99,191.23,191.39,289.57,193.68,392.82,393.3,19.42,345.87,81.41,72.3,391.12,145.1,187.88,69.47,260.46,24.1,45.79,5.54,37.22,377.76,191.05,141.98,277.06
Hurulu Eco Park,167.51,71.26,169.48,135.54,38.05,182.43,235.46,114.06,185.78,188.65,144.7,212.31,264.45,157.63,193.42,258.06,206.53,281.06,117.6,314.1,212.53,214.21,69.7,34.46,219.26,174.92,163.71,198.18,211.57,314.69,158.68,308.75,221.68,239.53,181.31,126.8,102.9,162.37,36.38,308.75,214.03,214.43,309.08,160.34,213.88,190.3,300.75,162.11,166.13,305.86,181.08,298.73,307.69,183.74,305.41,0.0,214.35,68.48,260.09,259.85,211.81,309.63,68.58,312.53,311.46,289.98,246.04,261.43,114.22,114.14,100.43,258.72,27.18,280.01,204.29,36.69,282.91,89.37,308.42,273.0,248.22,174.58,190.88,180.24,68.88,158.77,239.96,282.78,91.75,210.01,212.8,92.38,311.54,57.84,13.16,313.67,162.67,63.88,222.54,284.08,189.03,270.07,59.8,260.42,180.57,184.64,267.87,112.21,178.62,213.49,116.55,159.77,212.19,13.57,155.18,124.38,74.76,313.49,37.36,32.04,36.95,179.66,243.09,86.61,19.35,118.32,69.16,69.94,36.85,310.22,307.35,213.92,296.33,92.05,14.97,161.48,246.33,264.51,58.68,184.36,190.2,164.93,209.7,210.3,38.15,113.77,104.11,104.03,295.54,66.33,227.56,310.49,103.02,160.34,213.65,272.8,50.82,310.3,310.76,310.14,318.81,123.6,210.75,243.24,75.6
Independence Memorial Hall,92.65,228.59,135.24,105.98,224.62,44.9,286.16,124.9,135.36,141.7,292.18,6.36,72.12,165.15,74.62,70.12,179.52,419.65,123.61,166.52,3.63,1.35,226.5,180.19,6.95,174.33,111.32,171.46,6.73,178.98,175.02,138.6,392.53,155.13,172.79,111.9,317.07,240.35,227.23,138.6,4.56,3.92,138.91,132.96,2.44,102.45,187.03,133.07,138.83,149.42,33.54,117.89,184.6,136.93,186.1,214.35,0.0,223.32,405.36,405.37,5.55,141.11,225.05,159.96,153.35,196.5,48.45,69.53,126.39,126.11,314.69,227.11,240.93,427.3,10.19,226.95,236.69,157.66,148.67,83.63,265.3,92.28,168.26,174.28,224.27,134.19,204.35,95.82,204.64,81.59,217.93,306.38,170.75,233.13,217.0,165.54,137.01,221.39,9.97,170.86,31.75,397.81,159.59,407.33,49.82,45.36,419.58,326.31,174.03,5.34,288.84,135.55,4.6,203.05,132.77,95.46,160.08,171.44,225.13,183.19,226.42,173.78,47.07,129.89,213.83,119.0,225.75,227.52,216.73,149.71,136.23,2.36,114.58,301.58,201.83,130.65,118.41,242.82,260.3,96.22,156.16,114.01,6.43,6.21,223.6,126.37,318.45,318.37,190.99,219.7,159.43,142.52,317.34,131.38,1.83,119.11,196.1,173.64,159.55,187.56,173.05,227.89,5.71,243.95,148.69
Isurumuniya Temple,204.12,5.4,218.14,173.69,106.21,182.63,302.65,156.72,233.67,237.82,211.41,223.23,285.57,213.74,225.01,280.31,262.08,221.97,160.38,351.77,220.63,222.78,3.19,79.55,229.49,231.91,205.98,252.9,222.56,355.46,216.77,339.64,174.72,286.82,237.56,165.92,129.03,229.5,104.07,339.64,221.62,222.2,339.98,208.67,222.14,229.69,346.02,210.43,215.8,340.69,190.51,325.66,351.17,232.12,349.65,68.48,223.32,0.0,202.6,202.44,219.38,341.06,1.78,348.76,346.08,339.0,264.04,282.52,157.64,157.41,120.21,317.24,79.62,223.74,214.29,104.45,340.28,142.84,342.42,295.67,312.79,211.31,245.55,236.86,0.96,207.46,296.7,306.81,157.85,242.77,274.19,121.89,350.86,18.02,81.52,351.16,211.99,4.66,232.84,328.5,193.11,207.81,104.41,203.51,179.11,183.83,212.94,128.14,235.3,220.88,180.24,208.79,220.01,76.39,203.53,151.78,126.84,352.58,105.42,80.97,104.81,236.23,261.43,118.04,49.15,159.01,2.43,4.21,105.3,344.09,337.87,222.2,322.84,135.01,77.2,209.18,284.27,324.81,117.36,222.25,242.44,208.0,217.52,218.01,106.41,157.09,126.97,126.26,342.54,3.83,277.11,342.13,126.89,208.25,222.14,306.41,115.58,350.62,347.28,353.86,357.18,56.83,218.52,305.66,76.88
Jaffna Fort,404.75,197.65,420.74,375.31,291.06,360.69,490.77,359.2,436.24,440.43,377.3,407.1,474.57,415.19,423.13,470.47,463.9,22.86,362.85,550.54,402.07,404.48,199.87,280.84,412.19,433.12,408.01,454.92,406.55,555.67,417.43,534.49,60.94,489.22,439.07,367.87,239.47,419.03,287.64,534.49,402.48,403.18,534.82,411.28,403.6,430.76,547.83,413.04,418.38,538.04,376.1,517.95,552.43,434.71,551.16,260.09,405.36,202.6,0.0,0.53,400.44,536.26,201.45,546.8,543.23,541.51,451.44,471.64,360.17,359.93,227.34,517.99,254.71,21.96,398.09,288.16,541.63,344.45,539.26,485.54,507.46,411.84,447.55,438.23,201.76,410.06,498.22,497.4,351.09,440.97,472.84,242.6,550.47,204.87,270.72,549.86,414.59,206.68,415.33,530.17,373.62,34.66,306.75,3.59,356.01,360.7,17.8,222.49,436.64,401.62,339.77,411.39,401.26,271.9,406.14,351.0,328.52,552.06,290.03,281.6,288.79,437.62,449.26,319.78,243.74,361.28,200.66,199.11,293.69,540.81,532.5,403.68,514.88,268.45,273.07,411.77,484.04,524.41,281.99,422.95,444.88,410.14,399.0,399.34,291.74,359.62,233.66,232.48,544.75,206.28,479.7,537.44,235.25,410.85,403.82,503.65,310.91,550.67,545.5,555.19,556.25,178.0,399.86,503.31,274.41
Jaffna Public Library,404.64,197.48,420.58,375.18,290.78,360.7,490.47,359.05,436.08,440.26,376.94,407.1,474.55,414.99,423.04,470.44,463.7,23.28,362.69,550.46,402.08,404.49,199.7,280.64,412.19,432.91,407.87,454.72,406.55,555.56,417.21,534.43,60.44,489.07,438.87,367.73,239.06,418.74,287.36,534.43,402.49,403.19,534.77,411.11,403.61,430.64,547.7,412.87,418.21,537.97,376.09,517.91,552.31,434.55,551.04,259.85,405.37,202.44,0.53,0.0,400.45,536.2,201.28,546.72,543.16,541.36,451.43,471.62,360.01,359.78,226.94,517.77,254.42,21.98,398.09,287.88,541.42,344.26,539.19,485.52,507.19,411.73,447.36,438.02,201.59,409.89,498.01,497.37,350.83,440.89,472.61,242.21,550.37,204.66,270.47,549.77,414.42,206.51,415.34,530.04,373.62,35.17,306.58,3.16,356.02,360.72,17.48,222.07,436.44,401.63,339.4,411.22,401.26,271.67,405.97,350.89,328.33,551.97,289.75,281.4,288.51,437.41,449.24,319.65,243.51,361.13,200.5,198.94,293.42,540.74,532.45,403.69,514.85,268.06,272.84,411.61,483.94,524.18,281.66,422.84,444.7,410.0,399.01,399.34,291.46,359.46,233.25,232.07,544.61,206.11,479.54,537.39,234.84,410.69,403.83,503.57,310.66,550.57,545.42,555.07,556.16,177.97,399.87,503.06,274.31
Jami Ul-Alfar Mosque,94.73,224.64,137.62,106.47,222.95,39.81,288.64,124.75,138.32,144.72,292.27,10.92,77.6,167.05,78.02,75.66,182.73,414.62,123.62,172.03,1.93,4.32,222.56,177.78,12.37,176.7,113.41,174.53,11.0,184.42,176.9,144.14,388.05,159.5,175.36,112.04,314.63,241.71,225.48,144.14,2.26,2.82,144.45,135.0,3.28,105.72,192.22,135.18,141.09,154.95,30.73,123.39,189.91,139.82,191.36,211.81,5.55,219.38,400.44,400.45,0.0,146.66,221.13,165.49,158.89,201.41,53.95,75.02,126.3,126.0,312.06,231.0,238.52,422.38,9.92,225.22,240.95,157.16,154.21,89.11,268.4,94.75,171.15,176.81,220.33,136.17,208.11,101.3,204.46,85.8,220.85,303.98,176.21,229.47,214.77,171.04,139.15,217.54,15.13,175.97,26.96,392.69,157.75,402.43,44.65,40.12,414.73,323.62,176.51,1.71,288.21,137.57,0.95,200.7,134.61,94.36,159.03,176.92,223.43,180.86,224.7,176.3,52.6,127.99,210.86,118.89,221.81,223.58,215.08,155.25,141.77,3.36,120.08,299.62,199.5,132.73,123.38,246.61,258.55,99.21,159.13,116.17,2.16,1.53,221.94,126.25,315.93,315.83,196.06,215.79,163.43,148.06,314.84,133.42,3.73,124.55,194.79,179.07,165.06,192.87,178.56,223.1,1.17,247.25,145.19
Japanese Peace Pagoda - Rumassala,142.18,346.45,153.63,174.11,303.68,183.96,262.35,196.06,139.54,140.99,327.83,137.04,70.3,182.85,116.93,71.06,157.2,552.36,192.68,35.46,144.74,142.35,344.19,276.73,134.4,177.36,148.77,156.46,137.35,53.82,189.96,3.14,515.62,103.84,171.12,182.87,403.76,253.04,307.28,3.14,145.25,144.5,2.99,160.14,143.43,121.38,79.21,158.72,158.46,18.43,163.31,26.67,68.92,142.29,73.32,309.63,141.11,341.06,536.26,536.2,146.66,0.0,342.61,26.92,17.69,102.6,93.11,72.42,196.16,196.18,405.24,169.25,332.0,558.16,145.01,306.83,162.69,225.88,13.87,59.12,226.21,135.2,159.58,173.26,342.01,162.07,156.48,47.75,257.68,99.75,193.31,392.83,44.52,346.13,306.84,34.38,160.32,338.02,132.13,74.44,170.26,532.24,249.93,537.87,189.11,185.15,549.16,417.51,174.27,146.15,340.69,161.94,145.71,296.24,164.35,189.81,237.29,43.6,304.54,278.21,306.13,173.26,94.15,226.26,316.52,191.44,343.38,345.15,296.25,13.29,5.58,143.34,29.74,379.83,294.84,158.05,68.47,185.02,337.42,126.01,150.14,148.43,147.27,147.2,302.56,196.55,406.83,407.11,89.81,337.24,119.55,1.47,405.3,159.37,142.93,37.58,272.12,50.14,28.19,70.88,41.0,358.67,146.74,202.32,264.55
Jaya Sri Maha Bodhi,205.52,3.89,219.3,175.03,106.2,184.4,303.04,157.95,234.87,238.99,211.16,224.96,287.22,214.69,226.51,281.95,263.07,220.9,161.61,353.22,222.36,224.51,1.61,80.41,231.22,232.84,207.28,253.91,224.28,356.86,217.65,341.19,173.23,288.05,238.52,167.24,127.67,229.88,104.0,341.19,223.36,223.94,341.53,209.84,223.87,231.07,347.32,211.6,216.93,342.18,192.23,327.26,352.51,233.3,350.98,68.58,225.05,1.78,201.45,201.28,221.13,342.61,0.0,350.24,347.58,340.21,265.72,284.17,158.86,158.63,118.77,318.15,79.13,222.55,216.01,104.39,341.24,143.79,343.93,297.31,313.4,212.72,246.56,237.8,0.96,208.61,297.67,308.44,158.3,244.27,274.96,120.61,352.28,16.81,81.58,352.62,213.14,5.3,234.57,329.81,194.86,206.9,105.46,202.34,180.89,185.6,211.69,126.62,236.24,222.62,179.8,209.94,221.75,76.76,204.69,153.27,127.78,354.01,105.4,81.76,104.76,237.17,263.11,119.39,49.3,160.28,0.79,2.54,105.43,345.6,339.43,223.94,324.45,133.97,77.6,210.36,285.7,325.65,116.81,223.64,243.52,209.28,219.26,219.75,106.42,158.31,125.56,124.84,343.8,5.42,278.29,343.67,125.5,209.43,223.87,307.91,116.05,352.02,348.75,355.2,358.62,57.36,220.26,306.39,78.5
Jungle Beach,145.85,354.11,149.53,177.65,303.31,200.92,244.41,198.48,134.16,134.36,318.58,155.28,92.21,175.94,123.92,91.42,144.27,563.61,194.93,8.54,163.56,161.26,351.83,280.69,153.54,167.96,149.13,145.12,155.5,26.99,182.01,29.99,523.45,90.55,161.27,186.21,403.24,241.64,307.04,29.99,164.31,163.57,29.89,157.12,162.36,122.24,54.15,155.54,154.09,10.78,178.73,52.54,42.91,136.81,47.62,312.53,159.96,348.76,546.8,546.72,165.49,26.92,350.24,0.0,9.23,78.84,113.47,93.87,198.31,198.39,405.54,148.65,333.53,568.61,162.6,306.56,139.63,226.05,13.48,81.81,206.75,138.64,149.27,163.36,349.7,158.99,138.42,71.63,253.61,106.08,177.6,392.39,17.9,352.52,308.64,7.46,156.5,345.46,151.61,53.0,187.36,544.34,253.44,548.26,206.08,202.43,559.13,417.81,164.56,165.18,334.18,158.58,164.54,299.0,161.78,197.0,238.68,16.76,304.23,281.82,305.84,163.47,113.99,231.9,320.93,194.42,351.02,352.76,296.16,13.65,32.2,162.27,55.29,377.86,297.59,155.3,66.24,163.81,335.93,128.35,141.3,148.24,165.84,165.85,302.2,198.76,406.64,406.99,65.41,344.93,106.75,25.68,405.04,156.6,161.79,43.46,272.02,23.72,2.32,44.6,14.45,370.16,165.43,183.21,273.15
Kabalana Beach,144.21,351.45,150.59,176.16,303.35,194.99,250.52,197.42,135.61,136.25,321.7,148.86,84.47,178.06,121.07,84.13,148.44,559.8,193.92,17.77,156.97,154.63,349.17,279.23,146.82,170.94,148.64,148.73,149.11,36.19,184.51,20.76,520.8,94.62,164.39,184.81,403.4,245.44,307.04,20.76,157.64,156.9,20.66,157.83,155.73,121.45,62.64,156.3,155.26,5.63,173.27,43.56,51.78,138.3,56.36,311.46,153.35,346.08,543.23,543.16,158.89,17.69,347.58,9.23,0.0,86.87,106.27,86.27,197.34,197.4,405.42,155.62,332.94,565.07,156.41,306.57,147.49,225.82,4.79,73.8,213.37,137.05,152.52,166.51,347.02,159.72,144.44,63.24,254.87,103.34,182.84,392.52,27.0,350.28,307.94,16.7,157.49,342.86,144.78,59.97,181.36,540.23,252.1,544.74,200.16,196.4,555.75,417.7,167.64,158.52,336.36,159.41,157.94,297.96,162.34,194.32,238.04,25.96,304.25,280.47,305.85,166.57,106.95,229.81,319.35,193.17,348.36,350.11,296.1,4.47,23.0,155.64,46.4,378.5,296.56,155.91,65.97,171.02,336.38,127.09,144.0,147.94,159.33,159.32,302.24,197.77,406.68,407.02,73.66,342.25,110.73,16.45,405.11,157.22,155.18,39.7,271.94,32.73,10.66,53.58,23.43,366.2,158.88,189.68,270.1
Kalametiya Eco Bird Watching,141.12,344.05,121.27,167.28,271.83,227.96,171.28,182.31,105.41,101.69,262.91,190.49,146.28,135.08,133.36,141.87,89.83,560.35,178.66,71.87,199.63,197.84,341.81,262.76,191.61,120.77,134.2,95.46,190.41,55.8,137.37,105.12,510.12,52.51,113.62,174.15,368.17,183.24,275.73,105.12,201.04,200.41,105.16,130.69,198.89,115.18,25.69,128.91,124.16,84.33,203.02,122.36,38.37,107.09,33.26,289.98,196.5,339.0,541.51,541.36,201.41,102.6,340.21,78.84,86.87,0.0,160.12,146.49,181.36,181.59,372.7,72.81,306.24,562.73,195.08,275.2,60.86,200.68,89.22,139.56,131.58,134.77,102.09,115.31,339.87,132.06,69.32,133.89,214.21,118.83,111.65,357.83,62.17,338.7,283.07,72.6,127.79,335.04,190.93,29.67,215.93,544.07,235.79,542.48,232.74,230.34,551.88,384.69,116.87,201.76,284.98,130.86,200.54,276.62,135.88,194.98,215.88,64.11,272.85,262.75,274.45,115.7,159.17,222.11,302.42,180.33,341.0,342.6,265.78,90.4,106.61,198.81,123.96,339.44,275.27,129.99,78.14,86.62,300.07,123.82,100.2,131.82,200.92,201.18,270.79,181.91,372.4,372.95,13.87,335.29,62.45,101.78,370.64,130.98,198.19,89.06,242.78,56.43,76.77,38.25,70.06,371.42,200.91,109.17,269.44
Kalutara Bodhiya,95.13,269.41,130.38,120.15,250.05,92.7,275.31,142.42,124.64,129.92,302.67,45.16,23.71,163.17,67.46,22.16,163.82,466.3,140.05,120.57,52.07,49.62,267.24,211.6,41.59,167.45,111.36,157.66,45.6,134.55,172.75,90.5,436.05,127.17,164.01,128.12,347.0,240.81,253.12,90.5,52.39,51.64,90.81,131.54,50.68,91.76,146.7,131.01,134.95,102.75,75.39,69.44,142.37,126.92,144.58,246.04,48.45,264.04,451.44,451.43,53.95,93.11,265.72,113.47,106.27,160.12,0.0,21.08,143.39,143.23,346.03,202.79,271.45,473.4,53.85,252.77,207.85,176.12,101.52,35.19,248.63,91.18,156.46,165.87,265.01,133.23,181.92,47.38,219.07,62.77,204.04,336.09,125.8,272.12,246.56,119.53,134.45,261.66,39.12,132.15,79.1,444.94,187.71,453.3,97.76,93.49,465.27,358.02,166.07,53.3,305.26,134.12,53.02,233.65,133.24,121.82,182.53,126.23,250.71,214.06,252.15,165.52,3.08,159.44,248.49,136.62,266.45,268.24,242.15,102.42,88.09,50.59,66.13,328.15,232.33,129.03,83.7,219.22,285.75,89.29,144.12,113.08,54.78,54.64,248.97,143.56,349.03,349.08,152.46,260.31,135.7,94.54,347.75,130.12,50.24,75.36,219.49,129.32,113.3,145.24,127.12,273.52,54.16,225.61,187.59
Kande Viharaya Temple,103.53,287.91,133.8,131.5,263.14,113.66,273.14,154.23,125.64,130.2,309.49,66.14,3.06,166.76,74.65,5.57,161.11,486.7,151.54,101.31,73.14,70.7,285.71,227.14,62.66,168.76,117.76,156.02,66.56,116.23,175.97,69.73,455.29,119.18,164.55,139.9,361.27,244.02,266.35,69.73,73.45,72.7,70.03,136.4,71.75,94.77,130.88,135.62,138.61,83.09,95.57,48.37,125.41,128.15,128.06,261.43,69.53,282.52,471.64,471.62,75.02,72.42,284.17,93.87,86.27,146.49,21.08,0.0,154.99,154.87,360.85,195.03,286.27,493.59,74.7,265.97,197.7,187.51,81.49,14.15,244.03,98.44,155.82,166.53,283.48,138.21,175.48,26.34,228.29,64.99,201.37,350.32,107.2,289.97,261.19,100.25,138.71,279.99,60.15,117.58,100.03,465.53,202.35,473.45,118.75,114.51,485.31,372.93,166.93,74.36,314.47,138.87,74.09,248.74,138.82,137.1,195.27,107.44,263.85,229.38,265.33,166.25,22.7,174.94,264.92,148.62,284.92,286.7,255.29,82.27,67.3,71.67,45.06,341.21,247.39,133.91,73.61,211.61,298.6,94.22,143.74,118.99,75.85,75.72,262.04,155.22,363.54,363.64,137.67,278.76,129.74,73.87,362.2,135.1,71.31,58.68,232.1,111.12,93.87,128.19,107.83,293.65,75.23,220.49,205.78
Kandy Lake,54.24,162.7,60.92,23.49,108.85,115.56,184.8,1.99,76.09,80.52,166.03,121.97,157.85,66.04,82.06,150.8,109.23,379.17,3.52,199.93,126.14,126.85,160.45,83.14,128.79,83.63,49.75,99.43,121.25,201.05,73.18,195.45,329.81,129.23,87.36,15.29,208.39,123.59,112.25,195.45,128.1,128.18,195.78,51.51,127.01,76.08,189.1,53.23,59.16,191.74,99.68,187.2,195.06,74.65,193.16,114.22,126.39,157.64,360.17,360.01,126.3,196.16,158.86,198.31,197.34,181.36,143.39,154.99,0.0,0.41,209.29,166.61,135.84,381.37,116.65,111.84,187.39,32.72,194.4,164.82,178.54,61.04,92.38,87.37,158.5,50.5,144.12,173.32,78.26,97.34,132.2,197.42,197.56,157.92,110.72,199.48,55.26,153.69,131.5,171.86,113.91,363.51,55.71,361.12,117.03,118.72,370.54,221.55,86.07,127.94,163.24,51.98,126.24,100.68,46.51,37.31,41.28,199.48,109.63,83.88,111.17,86.69,140.32,42.39,123.49,7.41,159.65,161.25,101.14,196.21,194.18,127.01,185.06,186.61,99.28,51.77,132.11,177.18,143.91,70.32,86.82,51.28,124.2,124.85,107.74,0.57,211.18,211.41,185.11,153.93,119.63,196.96,209.72,50.93,126.5,159.0,77.44,196.54,196.54,197.63,204.71,193.02,125.13,164.3,91.19
Kandy View Point,54.23,162.47,61.19,23.38,108.91,115.19,185.21,1.58,76.34,80.79,166.33,121.71,157.74,66.43,82.0,150.69,109.57,378.92,3.51,200.02,125.85,126.57,160.22,83.0,128.53,84.01,49.88,99.76,120.99,201.18,73.58,195.47,329.63,129.44,87.73,15.11,208.42,123.98,112.31,195.47,127.81,127.89,195.79,51.79,126.73,76.16,189.28,53.5,59.45,191.8,99.35,187.17,195.22,74.9,193.33,114.14,126.11,157.41,359.93,359.78,126.0,196.18,158.63,198.39,197.4,181.59,143.23,154.87,0.41,0.0,209.3,166.95,135.82,381.14,116.37,111.89,187.72,32.89,194.45,164.73,178.94,61.04,92.72,87.74,158.28,50.79,144.46,173.24,78.53,97.32,132.58,197.45,197.67,157.74,110.69,199.57,55.56,153.47,131.24,172.03,113.57,363.24,55.57,360.89,116.65,118.35,370.31,221.56,86.45,127.65,163.47,52.28,125.95,100.61,46.8,36.92,41.3,199.59,109.69,83.76,111.22,87.06,140.16,42.06,123.35,7.11,159.42,161.03,101.19,196.26,194.19,126.73,185.03,186.69,99.21,52.03,132.19,177.54,144.0,70.36,87.13,51.43,123.91,124.56,107.8,0.37,211.2,211.43,185.31,153.7,119.88,196.98,209.74,51.2,126.22,159.04,77.51,196.66,196.62,197.8,204.81,192.72,124.84,164.69,90.86
Kanniya Hot Springs,263.52,117.8,257.4,232.04,102.33,281.44,277.38,209.54,273.56,275.05,154.1,312.73,363.84,237.69,290.8,357.27,284.08,250.19,212.8,406.19,312.82,314.53,118.39,134.82,319.66,252.29,256.82,277.43,311.99,404.57,235.54,404.62,172.88,325.67,259.36,223.27,12.55,211.73,98.56,404.62,314.29,314.7,404.94,249.08,314.18,284.14,387.09,250.75,253.28,399.79,281.35,396.28,395.5,271.16,392.59,100.43,314.69,120.21,227.34,226.94,312.06,405.24,118.77,405.54,405.42,372.7,346.03,360.85,209.29,209.3,0.0,328.4,74.6,242.48,304.66,99.05,353.77,179.6,402.76,372.0,302.32,270.31,270.64,257.8,119.69,247.29,313.81,381.36,158.78,306.6,278.72,16.8,402.53,102.46,99.67,405.87,250.36,118.33,322.95,371.6,288.77,249.13,158.5,226.27,279.21,283.47,228.54,12.28,256.2,313.73,116.21,247.92,312.45,112.41,244.2,224.21,168.04,404.61,101.39,132.13,99.78,257.35,343.06,186.69,102.7,214.52,118.62,117.66,109.38,404.61,403.4,314.22,394.05,42.54,113.72,250.7,339.52,330.1,73.02,279.23,273.15,257.48,309.96,310.55,103.44,208.93,7.62,6.57,380.3,121.65,311.81,405.99,8.56,249.44,313.97,367.87,133.52,400.6,403.62,397.68,410.35,168.81,311.01,304.56,171.24
Kataragama Temple,146.85,321.78,109.32,161.64,233.04,247.46,98.72,168.17,99.42,92.99,201.59,220.75,195.79,103.69,153.53,189.66,57.52,538.33,165.05,142.68,229.53,228.35,319.66,237.78,224.01,85.4,132.09,67.44,220.44,128.06,100.6,171.29,479.98,75.91,80.15,165.54,322.02,122.99,236.88,171.29,231.32,230.85,171.41,117.59,229.24,127.0,98.23,116.17,109.28,152.04,222.84,184.14,110.93,99.24,105.88,258.72,227.11,317.24,517.99,517.77,231.0,169.25,318.15,148.65,155.62,72.81,202.79,195.03,166.61,166.95,328.4,0.0,269.59,538.32,222.6,236.33,25.44,174.44,157.02,192.27,58.79,143.06,74.28,80.63,318.0,117.97,23.75,190.05,171.77,145.87,50.12,312.44,133.41,313.17,249.33,143.26,113.07,312.85,224.37,95.69,237.92,525.04,213.4,518.5,251.46,250.36,526.41,339.81,82.14,231.84,228.73,116.28,230.29,246.36,121.79,192.58,190.44,135.52,234.11,236.69,235.61,81.28,200.94,208.81,274.3,168.62,318.91,320.31,228.45,158.5,172.28,229.18,184.93,291.15,245.15,118.34,121.57,16.59,255.62,134.88,81.73,128.95,229.89,230.32,232.13,167.17,326.86,327.58,86.51,313.82,67.91,168.73,325.01,118.69,228.51,145.64,208.25,127.98,146.41,111.01,141.8,358.47,230.2,36.76,257.54
Kaudulla National Park,189.91,80.71,187.51,158.17,36.9,209.56,236.28,135.94,203.84,206.07,133.19,238.74,289.27,171.83,216.73,282.73,220.15,276.48,139.32,334.65,239.2,240.83,79.8,60.75,245.72,188.14,184.4,212.44,238.0,334.19,171.47,331.26,211.33,257.1,194.89,149.38,76.14,164.32,33.24,331.26,240.73,241.11,331.59,178.71,240.52,211.49,318.62,180.44,183.75,327.32,207.79,322.23,326.23,201.62,323.66,27.18,240.93,79.62,254.71,254.42,238.52,332.0,79.13,333.53,332.94,306.24,271.45,286.27,135.84,135.82,74.6,269.59,0.0,273.62,230.84,33.77,294.39,107.83,330.1,297.5,253.31,196.82,205.3,193.6,79.71,177.02,252.32,306.97,98.3,232.84,221.81,65.47,331.55,64.29,25.24,334.27,180.53,75.54,248.98,302.42,216.02,268.03,83.92,254.67,207.74,211.79,260.83,86.66,191.97,240.2,100.72,177.84,238.87,37.97,173.66,149.63,94.9,333.57,35.83,57.8,34.45,193.08,268.48,112.19,37.65,140.69,79.5,79.68,41.19,331.93,329.96,240.56,319.94,65.4,39.24,180.11,267.31,273.89,37.83,206.12,206.04,185.32,236.4,237.0,37.71,135.45,77.71,77.71,312.69,78.65,244.22,332.8,76.52,178.89,240.28,294.83,63.47,329.99,331.68,328.56,339.1,136.45,237.44,250.86,102.37
Keerimalai Hot springs,426.33,218.72,441.84,396.76,310.19,382.62,509.24,380.43,457.41,461.53,394.03,429.05,496.53,435.77,444.89,492.42,484.55,19.07,384.08,572.31,424.01,426.42,220.96,301.56,434.13,453.63,429.39,475.63,428.5,577.33,437.83,556.39,71.08,510.5,459.64,389.25,254.37,437.88,306.7,556.39,424.42,425.11,556.73,432.37,425.54,452.3,569.29,434.14,439.42,559.87,398.06,539.89,573.98,455.85,572.67,280.01,427.3,223.74,21.96,21.98,422.38,558.16,222.55,568.61,565.07,562.73,473.4,493.59,381.37,381.14,242.48,538.32,273.62,0.0,420.05,307.23,562.1,365.14,561.11,507.5,526.75,433.43,468.27,458.77,222.88,431.14,518.76,519.35,370.61,462.74,492.81,258.17,572.18,225.43,290.37,571.63,435.64,227.75,437.27,551.64,395.56,44.93,327.68,20.36,377.93,382.62,14.14,236.86,457.18,423.55,356.31,432.45,423.19,292.04,427.22,372.66,349.24,573.78,309.15,302.22,307.87,458.16,471.21,341.18,264.02,382.58,221.76,220.18,313.07,562.66,554.41,425.62,536.82,284.18,293.22,432.91,505.73,544.5,299.73,444.53,465.78,431.5,420.94,421.27,310.9,380.82,248.5,247.33,566.11,227.44,500.83,559.34,250.16,431.97,425.76,525.47,330.82,572.35,567.29,576.72,578.0,199.95,421.8,523.06,296.07
Kelaniya Raja Maha Vihara,84.98,219.58,127.99,96.63,214.43,39.05,279.01,115.13,129.04,135.49,282.57,9.07,77.47,157.22,69.24,74.61,173.63,412.7,113.93,168.82,9.5,10.35,217.47,170.1,15.29,167.04,103.66,165.31,8.48,180.47,167.06,142.63,384.28,151.93,165.8,102.3,306.97,231.79,217.04,142.63,11.49,11.53,142.95,125.22,10.39,96.73,186.9,125.43,131.39,152.22,23.9,122.76,185.15,130.48,186.38,204.29,10.19,214.29,398.09,398.09,9.92,145.01,216.01,162.6,156.41,195.08,53.85,74.7,116.65,116.37,304.66,222.6,230.84,420.05,0.0,216.76,233.13,147.73,151.79,88.85,259.17,85.18,161.79,167.23,215.24,126.37,199.57,101.02,194.86,78.14,211.5,296.27,172.52,223.8,206.86,167.87,129.4,212.27,18.65,170.32,25.36,391.18,149.41,400.01,44.18,40.14,412.13,316.31,166.9,11.44,278.86,127.79,9.69,192.94,124.77,85.32,149.97,173.34,214.94,173.08,216.23,166.71,52.0,119.71,203.97,109.25,216.71,218.49,206.54,152.93,140.32,10.39,119.5,291.4,191.72,122.97,117.37,238.09,250.11,90.0,149.84,106.45,8.06,8.66,213.42,116.62,308.39,308.31,190.25,210.64,155.27,146.38,307.26,123.64,9.93,120.79,185.94,175.1,162.05,188.13,175.31,220.35,8.8,238.19,139.23
Kiri Vehera,165.9,106.77,158.43,135.11,3.37,200.56,203.35,112.32,174.63,176.31,108.04,223.99,268.9,140.23,193.89,262.02,187.96,309.8,115.36,307.15,225.65,227.02,105.39,53.95,231.04,155.93,158.14,180.61,223.24,305.6,139.17,306.32,245.08,227.14,162.82,126.46,96.93,130.96,0.55,306.32,227.35,227.64,306.64,150.04,226.86,185.52,288.66,151.72,154.37,300.94,194.88,298.95,296.79,172.27,293.99,36.69,226.95,104.45,288.16,287.88,225.22,306.83,104.39,306.56,306.57,275.2,252.77,265.97,111.84,111.89,99.05,236.33,33.77,307.23,216.76,0.0,261.26,80.95,304.0,276.34,219.59,172.48,173.59,161.43,104.77,148.26,219.53,285.08,64.71,209.0,188.24,86.0,303.49,91.98,23.62,306.83,151.39,99.92,234.17,272.9,205.06,300.71,67.54,288.18,199.52,203.12,294.5,111.3,159.8,226.92,81.23,148.91,225.45,35.17,145.16,132.31,70.8,305.57,2.36,49.97,0.74,160.93,249.72,97.31,55.79,117.67,104.92,105.52,10.7,305.85,305.18,226.89,296.86,75.38,35.44,151.66,240.62,240.32,33.35,180.96,175.15,158.68,223.06,223.69,4.43,111.53,100.11,100.45,282.23,102.55,213.66,307.54,98.55,150.39,226.53,269.36,34.71,301.6,304.63,299.02,311.3,160.16,224.09,217.12,103.01
Kirinda Viharaya,162.37,344.91,128.17,180.33,257.95,260.7,117.7,188.85,116.33,110.27,226.27,230.38,198.07,126.56,165.13,192.56,78.52,561.79,185.57,132.73,239.37,237.98,342.77,261.01,232.96,108.51,149.25,88.11,230.14,116.31,124.32,165.06,504.4,81.72,102.72,184.98,347.44,148.11,261.8,165.06,241.06,240.53,165.13,136.99,238.93,140.22,86.28,135.44,128.83,144.66,235.73,180.59,98.75,116.63,93.64,282.91,236.69,340.28,541.63,541.42,240.95,162.69,341.24,139.63,147.49,60.86,207.85,197.7,187.39,187.72,353.77,25.44,294.39,562.1,233.13,261.26,0.0,197.46,149.6,193.16,76.49,157.79,95.33,103.46,341.06,137.62,43.62,189.36,196.81,155.15,75.55,337.84,123.0,336.76,273.78,133.46,132.72,335.94,232.98,88.32,250.32,548.04,236.08,542.21,264.96,263.47,550.32,365.2,105.03,241.64,253.96,135.99,240.19,270.38,141.55,210.97,213.46,124.92,259.02,260.08,260.53,104.08,206.31,229.77,298.13,188.79,342.01,343.44,253.21,150.87,166.37,238.86,181.82,316.59,269.15,137.43,124.46,30.43,280.94,148.59,100.91,146.21,240.04,240.42,257.03,187.96,352.27,352.98,74.56,336.8,78.55,161.97,350.42,137.94,238.2,144.11,232.65,117.24,137.53,98.19,130.77,380.13,240.25,58.14,278.57
Knuckles Mountain Range,85.47,147.46,80.18,56.09,77.8,142.2,174.27,33.75,96.51,99.28,136.74,153.55,190.35,70.91,113.97,183.24,119.45,364.41,36.08,226.95,157.15,158.03,145.31,63.62,160.47,89.08,77.24,110.5,152.82,226.38,74.24,225.37,309.88,150.19,94.75,48.0,177.88,106.14,81.4,225.37,159.06,159.2,225.69,71.14,158.11,104.59,211.5,72.9,76.76,220.19,129.16,218.38,218.71,94.42,216.3,89.37,157.66,142.84,344.45,344.26,157.16,225.88,143.79,226.05,225.82,200.68,176.12,187.51,32.72,32.89,179.6,174.44,107.83,365.14,147.73,80.95,197.46,0.0,223.16,197.07,175.4,91.84,103.14,94.01,143.61,69.52,153.91,205.27,48.24,128.42,133.02,166.95,223.74,139.73,83.42,226.6,73.32,138.49,163.28,194.99,142.43,350.64,39.28,345.13,142.9,145.24,353.64,191.88,92.46,158.83,131.22,70.46,157.18,75.95,66.02,63.97,16.0,225.76,78.66,62.94,80.25,93.39,173.04,46.67,102.08,39.65,144.55,145.98,70.38,225.01,224.24,158.12,216.37,154.82,74.59,72.42,159.94,182.51,112.14,100.04,101.3,77.88,155.03,155.68,76.69,32.56,180.99,181.29,206.17,139.4,138.24,226.6,179.45,71.23,157.65,188.41,46.24,222.16,224.16,221.1,231.33,185.72,156.0,165.11,89.25
Koggala Lake,141.04,347.8,148.59,173.01,300.79,190.42,251.26,194.44,133.82,134.68,320.64,144.2,79.68,176.55,117.46,79.37,148.07,555.76,190.96,21.95,152.28,149.94,345.53,276.04,142.12,169.88,145.94,148.04,144.46,40.08,183.19,16.81,517.14,94.31,163.42,181.69,400.87,244.78,304.46,16.81,152.94,152.2,16.75,155.65,151.04,118.67,65.49,154.15,153.31,4.99,168.82,39.06,55.06,136.53,59.49,308.42,148.67,342.42,539.26,539.19,154.21,13.87,343.93,13.48,4.79,89.22,101.52,81.49,194.4,194.45,402.76,157.02,330.1,561.11,151.79,304.0,149.6,223.16,0.0,69.02,214.49,133.91,151.63,165.54,343.37,157.56,145.2,58.5,252.89,99.8,183.07,389.97,30.72,346.79,305.06,20.85,155.44,339.24,140.06,61.63,176.78,536.1,248.97,540.78,195.59,191.81,551.84,415.04,166.64,153.83,334.8,157.29,153.26,294.95,160.1,190.71,235.21,29.9,301.68,277.34,303.28,165.59,102.22,226.4,316.11,190.1,344.71,346.46,293.49,1.89,18.88,150.95,41.84,376.2,293.54,153.69,63.6,172.59,333.99,124.09,142.83,145.32,154.66,154.64,299.68,194.82,404.11,404.43,76.24,338.59,110.33,12.81,402.54,155.0,150.5,36.05,269.33,36.29,14.47,57.01,27.89,362.13,154.21,190.71,266.34
Kosgoda Sea Turtle Conservation Project,112.13,301.06,139.11,141.37,273.44,127.82,273.94,164.18,129.57,133.59,315.99,80.29,11.52,171.85,83.26,15.35,162.17,500.69,161.33,89.58,87.24,84.79,298.85,238.85,76.74,172.4,125.06,157.85,80.71,105.36,180.76,56.32,468.76,117.01,167.73,149.93,372.12,248.46,276.73,56.32,87.51,86.76,56.6,142.56,85.84,100.5,122.23,141.63,144.02,71.05,109.55,34.35,115.78,132.18,118.79,273.0,83.63,295.67,485.54,485.52,89.11,59.12,297.31,81.81,73.8,139.56,35.19,14.15,164.82,164.73,372.0,192.27,297.5,507.5,88.85,276.34,193.16,197.07,69.02,0.0,243.27,106.51,158.3,169.77,296.63,144.42,173.8,12.19,236.45,71.27,202.15,361.15,96.13,302.8,272.34,88.49,144.47,293.06,74.18,110.14,114.18,479.59,213.63,487.34,132.9,128.65,499.15,384.13,170.3,88.42,322.42,144.93,88.18,260.16,145.38,148.92,205.54,96.17,274.18,240.97,275.68,169.55,36.85,186.73,277.03,158.7,298.05,299.84,265.63,69.64,53.84,85.75,31.03,351.38,258.8,140.1,70.99,208.86,308.71,101.08,146.53,125.99,89.97,89.82,272.33,165.08,374.52,374.65,129.84,291.89,128.9,60.58,373.15,141.34,85.4,50.54,242.2,100.42,82.02,118.45,96.03,307.55,89.34,219.48,218.84
Kumana National Park,176.29,316.71,133.43,181.3,216.59,277.8,41.25,180.42,130.13,123.69,160.53,259.03,245.21,112.97,190.79,238.49,85.93,528.83,178.11,201.07,267.19,266.42,314.79,234.35,263.37,97.0,158.55,93.87,258.59,186.79,105.37,228.07,464.17,126.81,95.8,182.48,294.22,90.73,220.12,228.07,269.13,268.77,228.21,138.95,267.18,162.9,157.01,138.11,131.22,209.52,254.65,239.12,169.71,128.77,164.67,248.22,265.3,312.79,507.46,507.19,268.4,226.21,313.4,206.75,213.37,131.58,248.63,244.03,178.54,178.94,302.32,58.79,253.31,526.75,259.17,219.59,76.49,175.4,214.49,243.27,0.0,174.6,97.62,94.91,313.42,138.5,70.34,242.6,156.54,187.53,48.33,285.7,191.94,305.52,236.95,201.61,134.23,308.19,264.32,153.76,270.32,518.28,214.07,507.57,281.11,280.91,514.08,312.84,95.72,269.5,192.99,136.81,267.82,237.5,141.51,211.36,190.4,194.08,217.63,232.34,218.94,95.53,246.4,217.66,265.94,182.76,314.1,315.27,213.77,216.03,228.88,267.13,239.58,262.04,236.49,140.63,172.49,46.29,232.01,169.19,109.36,155.43,266.98,267.49,215.86,179.05,299.56,300.43,145.29,309.75,114.43,225.79,297.67,140.42,266.46,199.72,197.89,186.59,204.49,169.8,200.41,360.2,267.47,24.04,264.22
Laxapana Falls,7.23,216.6,42.97,39.11,169.42,104.71,193.91,60.88,44.89,51.49,211.66,86.25,101.06,73.92,23.93,93.65,89.99,429.7,57.53,140.97,93.72,93.27,214.32,142.18,91.53,82.06,20.34,81.07,85.71,144.16,83.77,134.44,385.66,83.24,80.62,47.79,269.26,150.96,172.91,134.44,95.73,95.46,134.77,41.55,93.91,19.62,136.84,41.38,46.7,131.49,80.59,126.54,140.68,45.94,139.63,174.58,92.28,211.31,411.84,411.73,94.75,135.2,212.72,138.64,137.05,134.77,91.18,98.44,61.04,61.04,270.31,143.06,196.82,433.43,85.18,172.48,157.79,91.84,133.91,106.51,174.6,0.0,76.98,82.06,212.23,43.02,119.37,113.92,129.99,36.58,126.61,258.29,139.62,214.18,171.65,140.43,45.2,207.8,93.13,118.98,96.09,412.06,115.07,413.08,108.55,107.68,423.34,282.58,81.77,95.99,216.1,44.17,94.26,161.14,42.46,61.2,102.28,141.38,170.24,143.44,171.8,81.55,88.2,93.59,182.34,56.28,213.51,215.21,161.82,135.69,133.15,93.87,124.53,246.65,159.74,39.11,73.1,157.44,203.98,11.19,65.38,22.46,93.15,93.7,168.3,61.41,272.13,272.38,135.26,207.5,80.02,136.02,270.65,40.02,93.22,98.22,137.85,139.31,136.99,143.47,146.16,238.23,93.74,154.4,137.51
Lipton’s Seat,78.78,250.28,36.77,88.19,170.22,180.58,119.18,93.92,32.97,26.89,169.31,162.05,157.58,33.47,94.25,150.28,16.86,467.4,90.78,147.05,170.0,169.33,248.11,166.72,166.71,19.24,61.51,7.36,161.58,140.32,35.38,160.38,412.42,59.44,12.17,91.51,266.08,93.49,174.12,160.38,171.96,171.64,160.63,44.0,170.05,66.5,118.31,42.75,35.7,147.31,157.14,163.8,128.2,31.33,124.59,190.88,168.26,245.55,447.55,447.36,171.15,159.58,246.56,149.27,152.52,102.09,156.46,155.82,92.38,92.72,270.64,74.28,205.3,468.27,161.79,173.59,95.33,103.14,151.63,158.3,97.62,76.98,0.0,14.19,246.35,44.14,51.82,160.77,112.13,93.76,49.71,255.74,140.8,242.87,182.93,147.09,39.32,241.28,167.88,104.76,172.78,453.13,141.16,448.25,184.05,183.65,456.77,282.61,15.53,172.3,186.41,42.42,170.6,177.87,47.83,119.16,119.04,143.07,171.25,166.07,172.84,14.38,153.92,134.68,204.92,94.34,247.34,248.81,164.44,153.48,160.28,170.01,163.22,237.55,176.57,45.12,93.26,85.72,197.98,72.05,12.39,58.34,169.66,170.19,169.2,92.95,270.3,270.86,110.38,242.02,43.6,159.71,268.55,45.25,169.34,124.94,142.05,137.41,147.02,129.98,149.49,284.82,170.19,78.02,183.46
Little Adam's Peak View Point,82.66,241.47,39.36,86.81,158.06,183.27,111.88,89.08,41.24,36.33,155.24,168.19,168.43,23.11,101.54,161.04,26.55,458.33,86.25,161.22,175.78,175.29,239.33,157.55,173.25,5.51,64.34,19.91,167.68,154.49,22.29,173.99,401.92,73.63,2.14,88.82,252.99,80.14,161.96,173.99,177.78,177.5,174.24,44.08,175.95,74.51,132.21,43.31,36.56,161.26,160.64,176.71,142.25,38.97,138.58,180.24,174.28,236.86,438.23,438.02,176.81,173.26,237.8,163.36,166.51,115.31,165.87,166.53,87.37,87.74,257.8,80.63,193.6,458.77,167.23,161.43,103.46,94.01,165.54,169.77,94.91,82.06,14.19,0.0,237.63,43.6,59.99,172.81,99.06,103.14,46.71,242.73,154.99,233.37,171.77,161.24,39.38,232.5,174.64,118.88,176.36,444.65,132.81,438.84,186.44,186.4,447.08,269.71,1.63,178.05,172.25,41.9,176.32,167.45,46.64,117.37,110.02,157.26,159.11,156.64,160.68,0.68,163.22,129.02,194.93,90.36,238.57,239.99,152.55,167.4,173.82,175.91,176.02,224.14,166.19,45.84,106.36,90.02,184.97,78.87,23.59,61.32,175.21,175.76,157.06,87.92,257.29,257.88,124.04,233.4,57.76,173.42,255.52,45.57,175.25,138.2,130.7,151.59,161.12,143.99,163.68,277.95,175.8,77.83,177.51
Lovamahapaya Brazen Palace,205.04,4.44,218.99,174.59,106.55,183.57,303.19,157.59,234.53,238.67,211.63,224.19,286.53,214.52,225.95,281.27,262.87,221.15,161.25,352.7,221.58,223.73,2.23,80.29,230.44,232.68,206.87,253.7,223.52,356.38,217.52,340.59,173.78,287.69,238.34,166.82,128.58,230.04,104.38,340.59,222.57,223.15,340.93,209.52,223.09,230.61,346.91,211.28,216.64,341.63,191.47,326.62,352.07,232.98,350.55,68.88,224.27,0.96,201.76,201.59,220.33,342.01,0.96,349.7,347.02,339.87,265.01,283.48,158.5,158.28,119.69,318.0,79.71,222.88,215.24,104.77,341.06,143.61,343.37,296.63,313.42,212.23,246.35,237.63,0.0,208.3,297.48,307.78,158.41,243.71,274.89,121.49,351.79,17.66,81.9,352.1,212.84,5.24,233.79,329.4,194.06,207.05,105.22,202.66,180.05,184.76,212.06,127.56,236.07,221.83,180.36,209.64,220.96,76.92,204.38,152.72,127.61,353.51,105.76,81.68,105.14,237.0,262.39,118.94,49.57,159.89,1.48,3.25,105.71,345.03,338.82,223.15,323.8,134.78,77.74,210.04,285.2,325.54,117.42,223.16,243.26,208.88,218.47,218.96,106.76,157.96,126.48,125.76,343.42,4.78,277.96,343.08,126.41,209.1,223.09,307.35,116.15,351.54,348.21,354.76,358.11,56.75,219.47,306.35,77.84
Lover's Leap Falls,41.55,212.42,10.79,44.07,144.96,139.98,153.44,51.76,27.01,30.42,171.57,128.35,140.59,31.03,65.89,133.06,60.54,429.28,48.32,159.14,135.31,135.09,210.19,130.71,133.96,41.98,22.96,50.6,127.77,157.39,40.9,162.01,378.09,80.81,42.76,47.57,244.51,107.99,148.75,162.01,137.34,137.14,162.32,1.94,135.65,43.96,142.0,3.46,8.79,154.12,117.88,158.98,149.24,25.05,146.78,158.77,134.19,207.46,410.06,409.89,136.17,162.07,208.61,158.99,159.72,132.06,133.23,138.21,50.5,50.79,247.29,117.97,177.02,431.14,126.37,148.26,137.62,69.52,157.56,144.42,138.5,43.02,44.14,43.6,208.3,0.0,94.86,150.06,95.62,73.34,90.27,233.72,155.25,206.67,152.87,158.87,4.91,203.4,135.73,125.49,133.6,413.9,103.76,410.94,143.03,143.14,420.1,259.53,42.82,137.52,179.74,1.73,135.76,145.28,3.99,75.03,84.16,157.34,145.91,130.77,147.52,42.97,130.32,92.7,170.5,51.22,209.4,210.96,138.08,159.44,161.24,135.62,157.53,218.87,143.9,4.32,94.01,129.85,176.97,44.16,36.71,20.57,134.43,135.02,143.86,51.06,248.06,248.46,136.89,203.8,69.77,162.59,246.43,3.12,134.98,124.63,114.14,153.35,156.98,151.61,163.13,243.43,135.11,120.85,141.38
Lunugamvehera National Park,123.11,301.35,85.91,138.26,216.2,223.86,106.08,145.63,75.68,69.26,194.75,197.99,176.45,83.04,130.38,170.01,34.97,518.3,142.42,133.46,206.68,205.56,299.2,217.5,201.45,65.15,108.4,44.7,197.65,120.99,81.29,158.21,461.6,56.84,59.17,142.41,308.08,115.02,220.08,158.21,208.5,208.05,158.37,94.38,206.44,103.55,92.69,92.91,86.11,140.29,199.3,168.79,104.97,75.54,100.21,239.96,204.35,296.7,498.22,498.01,208.11,156.48,297.67,138.42,144.44,69.32,181.92,175.48,144.12,144.46,313.81,23.75,252.32,518.76,199.57,219.53,43.62,153.91,145.2,173.8,70.34,119.37,51.82,59.99,297.48,94.86,0.0,172.6,155.61,123.51,42.37,298.19,124.88,293.36,231.15,133.88,89.95,292.38,201.93,85.97,214.44,504.44,192.47,498.83,227.82,226.77,507.05,325.46,61.58,208.99,218.95,93.19,207.42,227.29,98.73,169.15,169.9,127.12,217.26,216.63,218.8,60.6,179.94,186.46,254.88,145.81,298.44,299.88,211.13,146.82,158.92,206.38,169.24,277.94,226.04,95.02,102.82,38.52,240.79,111.32,58.34,105.27,206.95,207.39,215.24,144.69,312.71,313.37,81.75,293.22,46.23,156.13,310.89,95.42,205.7,129.39,190.0,119.94,136.12,105.68,133.63,336.63,207.29,46.3,235.26
Madu River Safari by Buddhi,119.9,312.21,144.05,149.97,282.13,139.99,274.54,172.77,133.44,136.99,321.4,92.47,23.7,176.42,91.31,26.93,163.39,512.64,169.8,79.67,99.43,96.98,309.99,248.77,88.93,175.76,131.7,159.77,92.89,96.2,185.05,44.85,480.19,115.82,170.73,158.63,381.21,252.22,285.48,44.85,99.69,98.94,45.11,148.17,98.02,106.14,115.07,147.13,149.0,60.98,121.53,22.28,107.73,136.12,111.07,282.78,95.82,306.81,497.4,497.37,101.3,47.75,308.44,71.63,63.24,133.89,47.38,26.34,173.32,173.24,381.36,190.05,306.97,519.35,101.02,285.08,189.36,205.27,58.5,12.19,242.6,113.92,160.77,172.81,307.78,150.06,172.6,0.0,243.39,77.81,202.94,370.24,86.83,313.66,281.77,78.57,149.75,304.15,86.35,104.24,126.35,491.62,223.22,499.18,145.08,140.84,510.94,393.53,173.44,100.6,329.06,150.45,100.37,269.83,151.3,159.07,214.3,86.67,282.89,250.79,284.42,172.62,49.02,196.79,287.28,167.42,309.2,310.98,274.38,58.95,42.34,97.94,18.94,359.9,268.46,145.76,70.28,206.57,317.2,107.6,149.33,132.39,102.16,102.02,281.02,173.6,383.73,383.88,123.4,303.03,128.74,49.22,382.33,147.02,97.59,45.3,250.75,91.45,72.04,110.3,86.0,319.4,101.53,218.66,229.95
Maduru Oya National Park,124.77,161.41,104.3,99.92,61.47,190.43,144.94,79.74,119.45,119.65,88.51,200.22,230.96,79.79,153.64,223.59,125.3,372.35,81.12,253.08,204.34,205.09,159.6,82.98,207.02,93.56,111.71,118.78,199.5,249.29,76.86,257.64,309.55,168.88,100.66,93.03,153.96,71.94,65.25,257.64,206.29,206.38,257.94,97.55,205.23,138.09,229.72,98.97,99.61,249.31,177.06,253.95,238.84,116.81,235.6,91.75,204.64,157.85,351.09,350.83,204.46,257.68,158.3,253.61,254.87,214.21,219.07,228.29,78.26,78.53,158.78,171.77,98.3,370.61,194.86,64.71,196.81,48.24,252.89,236.45,156.54,129.99,112.13,99.06,158.41,95.62,155.61,243.39,0.0,165.58,123.53,143.67,248.3,149.35,80.42,252.91,97.47,153.2,209.7,215.01,190.57,361.81,71.58,351.27,191.09,193.47,358.12,170.66,97.47,206.11,86.25,95.75,204.42,81.63,93.49,112.12,53.19,250.49,62.54,80.09,64.0,98.63,216.0,91.39,109.87,85.64,158.96,160.0,57.63,254.78,256.85,205.24,252.32,125.7,80.73,99.68,189.49,175.62,85.91,135.81,115.66,111.18,202.35,203.0,60.61,78.27,158.24,158.81,222.33,155.08,154.26,258.19,156.47,98.36,204.73,220.25,42.32,245.75,251.52,240.85,256.57,208.83,203.29,152.71,124.58
Maha Saman Dewalaya,43.12,248.14,68.85,74.67,205.95,109.15,212.8,97.06,61.9,67.15,244.85,75.26,67.3,101.83,17.86,59.76,101.93,458.06,93.82,109.57,84.22,82.86,245.86,176.98,78.17,104.86,53.92,95.25,75.0,115.73,111.14,98.78,417.49,73.8,101.26,83.46,305.71,179.26,209.43,98.78,85.92,85.41,99.11,71.51,83.8,29.8,114.56,70.67,73.64,97.92,84.19,89.97,115.64,64.23,115.68,210.01,81.59,242.77,440.97,440.89,85.8,99.75,244.27,106.08,103.34,118.83,62.77,64.99,97.34,97.32,306.6,145.87,232.84,462.74,78.14,209.0,155.15,128.42,99.8,71.27,187.53,36.58,93.76,103.14,243.71,73.34,123.51,77.81,165.58,0.0,141.9,294.74,109.81,247.0,207.62,108.89,73.72,239.53,78.5,96.94,97.32,439.3,150.25,442.39,113.91,111.56,453.14,318.85,103.37,86.5,251.34,73.94,85.03,196.68,74.15,90.99,138.62,111.3,206.76,178.5,208.32,102.8,60.18,126.69,216.78,92.15,245.05,246.79,198.32,101.5,97.34,83.74,87.95,283.23,195.28,69.03,44.75,161.81,240.56,29.85,81.4,54.74,84.9,85.27,204.83,97.69,308.52,308.75,115.81,238.94,78.01,100.67,307.05,70.24,83.07,63.75,174.4,110.54,104.68,118.6,115.31,264.99,85.1,165.11,167.08
Maligawila Buddha Statue,128.08,278.46,85.12,133.42,185.01,229.49,71.82,134.01,82.57,76.29,153.05,211.7,202.84,66.16,143.71,195.8,40.31,493.63,131.47,173.35,219.69,219.01,276.42,194.75,216.28,49.2,110.24,46.79,211.23,162.08,59.73,194.71,432.91,89.73,47.52,135.03,272.14,73.61,188.78,194.71,221.65,221.32,194.9,90.67,219.74,115.85,134.55,89.81,82.9,178.28,206.43,202.43,146.6,81.03,141.97,212.8,217.93,274.19,472.84,472.61,220.85,193.31,274.96,177.6,182.84,111.65,204.04,201.37,132.2,132.58,278.72,50.12,221.81,492.81,211.5,188.24,75.55,133.02,183.07,202.15,48.33,126.61,49.71,46.71,274.89,90.27,42.37,202.94,123.53,141.9,0.0,262.66,165.26,268.67,202.67,173.67,85.94,269.68,217.38,126.36,222.11,481.48,172.27,473.21,232.78,232.6,480.6,290.04,47.61,221.99,178.91,88.56,220.29,201.0,93.35,163.78,148.68,167.53,186.07,193.21,187.53,47.35,201.65,172.63,229.31,135.9,275.7,276.99,180.89,184.79,195.12,219.69,202.41,241.12,199.86,92.32,132.9,52.08,206.13,121.71,61.77,107.13,219.37,219.89,184.14,132.72,277.04,277.77,123.86,270.93,74.83,193.13,275.18,92.13,219.02,162.65,161.99,160.62,175.28,147.48,174.1,318.74,219.89,32.3,220.29
Marble Beach,251.62,120.18,243.68,220.46,89.19,274.71,260.59,197.78,259.74,261.0,137.5,304.13,353.29,223.0,279.3,346.59,268.9,265.42,200.94,392.82,304.66,306.28,120.45,126.2,311.12,237.23,244.14,262.45,303.39,390.75,220.52,392.3,188.96,311.4,244.33,211.73,10.98,195.17,85.55,392.3,306.19,306.58,392.62,235.54,305.98,271.52,372.7,237.19,239.46,386.89,273.26,384.62,381.32,257.29,378.32,92.38,306.38,121.89,242.6,242.21,303.98,392.83,120.61,392.39,392.52,357.83,336.09,350.32,197.42,197.45,16.8,312.44,65.47,258.17,296.27,86.0,337.84,166.95,389.97,361.15,285.7,258.29,255.74,242.73,121.49,233.72,298.19,370.24,143.67,294.74,262.66,0.0,388.94,103.88,89.68,392.53,236.64,119.44,314.37,357.42,281.41,263.52,148.4,241.64,272.74,276.87,244.29,27.39,241.14,305.67,99.58,234.29,304.33,103.34,230.75,214.38,156.16,391.04,88.3,123.19,86.71,242.3,333.09,177.28,97.63,202.94,120.58,119.84,96.58,391.83,391.14,306.02,382.46,26.1,104.57,237.25,326.55,313.9,57.77,266.91,258.63,244.66,301.86,302.46,90.3,197.08,14.57,15.18,365.69,122.83,297.31,393.54,12.81,235.97,305.74,355.36,120.71,386.87,390.44,383.46,396.85,173.54,302.91,288.2,165.86
Matara Paravi Duwa Temple,146.83,356.17,145.26,178.05,300.2,210.1,230.37,197.91,129.32,128.66,309.66,165.7,105.86,169.41,127.56,104.15,134.1,567.76,194.29,9.88,174.29,172.07,353.89,280.56,164.58,159.87,147.87,136.01,165.86,9.47,174.72,47.52,525.27,81.37,152.95,186.38,399.69,231.66,303.98,47.52,175.2,174.47,47.45,153.45,173.18,121.9,36.89,151.79,149.56,26.75,187.03,69.2,25.15,131.84,30.0,311.54,170.75,350.86,550.47,550.37,176.21,44.52,352.28,17.9,27.0,62.17,125.8,107.2,197.56,197.67,402.53,133.41,331.55,572.18,172.52,303.49,123.0,223.74,30.72,96.13,191.94,139.62,140.8,154.99,351.79,155.25,124.88,86.83,248.3,109.81,165.26,388.94,0.0,353.72,306.93,10.76,152.31,347.39,162.9,38.96,196.72,549.11,253.15,551.82,215.22,211.81,562.38,414.78,156.29,176.05,326.94,154.65,175.27,297.96,158.34,199.62,237.08,2.29,301.14,281.43,302.76,155.16,125.98,233.19,320.91,194.27,353.07,354.79,293.26,31.26,49.59,173.09,71.73,373.42,296.56,151.84,66.6,148.14,331.95,128.83,133.96,146.61,176.38,176.45,299.1,198.04,403.3,403.7,48.46,347.04,97.4,43.36,401.66,153.1,172.57,51.73,269.22,5.9,16.35,26.72,8.86,374.8,176.05,168.7,276.17
Mihintale,206.96,17.1,217.44,175.73,94.11,193.88,293.29,157.21,233.33,237.08,197.25,232.62,293.03,210.35,229.41,287.47,259.12,225.19,160.89,355.12,230.61,232.68,16.86,76.25,239.08,228.25,207.2,250.23,231.93,357.9,212.59,344.84,171.93,286.94,234.22,167.58,111.09,220.2,91.55,344.84,231.72,232.26,345.18,208.02,232.1,231.96,347.01,209.79,214.75,344.82,199.91,331.85,352.75,231.61,350.98,57.84,233.13,18.02,204.87,204.66,229.47,346.13,16.81,352.52,350.28,338.7,272.12,289.97,157.92,157.74,102.46,313.17,64.29,225.43,223.8,91.98,336.76,139.73,346.79,302.8,305.52,214.18,242.87,233.37,17.66,206.67,293.36,313.66,149.35,247.0,268.67,103.88,353.72,0.0,70.24,354.56,211.03,15.9,242.44,329.71,203.68,212.97,102.92,205.47,190.66,195.3,213.92,110.69,231.78,231.02,164.93,207.91,230.05,68.03,202.83,156.32,123.87,355.52,93.24,76.8,92.43,232.76,269.41,120.64,39.58,160.11,16.86,16.41,94.3,348.5,343.17,232.15,329.13,117.24,69.07,208.73,287.28,319.92,101.57,224.89,240.65,208.99,227.54,228.05,94.45,157.4,109.13,108.44,342.95,19.19,276.43,347.14,109.01,207.73,232.05,310.75,107.63,353.18,350.95,355.37,360.34,73.18,228.56,299.66,84.7
Minneriya National Park,164.72,84.17,163.47,132.95,24.89,187.15,223.22,110.78,179.81,182.3,131.66,214.61,264.18,149.51,191.5,257.6,198.23,291.94,114.19,309.88,215.38,216.94,82.67,37.52,221.61,166.38,159.51,190.17,213.86,309.73,149.91,306.09,230.65,233.32,172.95,124.16,100.53,150.24,23.34,306.09,216.96,217.32,306.42,154.53,216.67,186.51,294.76,156.27,159.86,302.33,184.08,297.0,302.11,177.65,299.65,13.16,217.0,81.52,270.72,270.47,214.77,306.84,81.58,308.64,307.94,283.07,246.56,261.19,110.72,110.69,99.67,249.33,25.24,290.37,206.86,23.62,273.78,83.42,305.06,272.34,236.95,171.65,182.93,171.77,81.9,152.87,231.15,281.77,80.42,207.62,202.67,89.68,306.93,70.24,0.0,309.48,156.54,76.94,224.84,278.36,192.94,281.57,58.88,270.95,185.61,189.5,278.02,111.79,170.15,216.46,104.17,153.76,215.09,14.81,149.42,124.77,69.96,308.93,24.21,34.08,23.85,171.22,243.58,87.6,32.48,115.48,82.15,82.87,24.07,306.88,304.78,216.71,294.71,85.78,15.75,155.83,242.4,254.57,48.81,181.03,182.97,160.51,212.63,213.24,24.99,110.31,102.46,102.53,289.13,79.44,220.82,307.65,101.19,154.64,216.41,269.72,41.15,305.47,306.81,304.49,314.4,136.77,213.68,232.7,83.7
Mirissa Beach,147.65,356.5,149.17,179.26,303.57,205.95,239.68,199.73,133.53,133.36,316.31,160.72,98.69,174.64,126.75,97.59,141.32,566.86,196.14,1.11,169.12,166.84,354.22,282.17,159.2,165.97,150.02,142.65,160.92,19.58,180.39,37.45,525.78,87.92,159.17,187.74,403.34,238.86,307.32,37.45,169.92,169.19,37.35,157.02,167.95,123.45,47.53,155.4,153.63,17.61,183.42,59.86,35.91,136.13,40.74,313.67,165.54,351.16,549.86,549.77,171.04,34.38,352.62,7.46,16.7,72.6,119.53,100.25,199.48,199.57,405.87,143.26,334.27,571.63,167.87,306.83,133.46,226.6,20.85,88.49,201.61,140.43,147.09,161.24,352.1,158.87,133.88,78.57,252.91,108.89,173.67,392.53,10.76,354.56,309.48,0.0,156.18,347.79,157.36,47.99,192.44,547.83,254.84,551.28,211.1,207.54,562.02,418.13,162.49,170.79,332.67,158.37,170.1,300.11,161.78,199.53,239.53,9.38,304.5,283.19,306.11,161.38,119.94,233.93,322.47,195.83,353.41,355.13,296.5,21.11,39.64,167.86,62.56,377.57,298.71,155.29,67.47,158.19,335.83,129.92,139.6,148.98,171.33,171.36,302.46,199.94,406.83,407.21,58.99,347.34,104.09,33.14,405.21,156.57,167.37,47.67,272.39,16.66,6.54,37.45,7.59,373.56,170.95,178.21,275.89
Moon Plains,44.42,216.94,7.05,48.86,148.07,143.94,149.95,56.56,23.32,26.1,171.66,131.1,141.01,28.87,67.4,133.48,55.66,433.86,53.14,156.42,138.24,137.94,214.72,134.98,136.58,38.13,25.74,45.72,130.54,154.21,38.65,160.36,382.33,76.87,38.43,52.47,247.38,106.4,151.89,160.36,140.27,140.04,160.65,4.76,138.53,44.02,138.22,4.0,3.9,151.91,121.55,158.02,145.7,21.11,143.14,162.67,137.01,211.99,414.59,414.42,139.15,160.32,213.14,156.5,157.49,127.79,134.45,138.71,55.26,55.56,250.36,113.07,180.53,435.64,129.4,151.39,132.72,73.32,155.44,144.47,134.23,45.2,39.32,39.38,212.84,4.91,89.95,149.75,97.47,73.72,85.94,236.64,152.31,211.03,156.54,156.18,0.0,207.91,138.26,121.89,137.28,418.57,108.14,415.46,147.07,147.07,424.56,262.58,38.7,140.47,180.86,3.29,138.72,149.21,8.84,79.84,88.19,154.42,149.03,134.97,150.65,38.78,131.59,97.52,174.65,56.11,213.92,215.48,141.3,157.33,159.65,138.5,156.66,221.4,147.84,6.53,92.03,125.01,179.69,45.17,31.82,23.01,137.44,138.02,146.98,55.83,251.02,251.43,132.88,208.34,65.41,160.8,249.37,6.19,137.85,123.0,117.46,150.26,154.46,148.03,160.28,248.24,138.1,116.31,146.23
Moonstone or Sandakada pahana,200.6,9.03,214.09,170.02,101.66,181.12,298.0,152.8,229.68,233.78,207.02,221.19,283.04,209.4,221.79,277.71,257.78,226.17,156.46,348.39,218.75,220.88,6.83,75.11,227.5,227.54,202.2,248.63,220.51,351.92,212.35,336.62,178.0,282.9,233.23,162.18,126.85,224.85,99.55,336.62,219.78,220.35,336.96,204.63,220.25,226.09,342.24,206.39,211.71,337.45,188.45,322.85,347.49,228.11,345.93,63.88,221.39,4.66,206.68,206.51,217.54,338.02,5.3,345.46,342.86,335.04,261.66,279.99,153.69,153.47,118.33,312.85,75.54,227.75,212.27,99.92,335.94,138.49,339.24,293.06,308.19,207.8,241.28,232.5,5.24,203.4,292.38,304.15,153.2,239.53,269.68,119.44,347.39,15.9,76.94,347.79,207.91,0.0,230.86,324.75,191.4,212.2,100.19,207.55,177.7,182.4,216.85,126.59,230.94,219.05,176.05,204.72,218.15,71.74,199.48,148.54,122.49,349.13,100.88,76.47,100.28,231.88,259.03,114.4,44.54,155.18,6.06,7.57,100.69,340.91,334.87,220.31,320.05,131.9,72.55,205.16,280.82,320.35,113.33,218.7,238.27,204.18,215.65,216.15,101.85,153.15,124.97,124.29,338.68,3.4,273.08,339.07,124.83,204.22,220.24,303.21,110.93,347.1,343.96,350.17,353.77,60.99,216.66,301.12,74.22
Mount Lavinia Beach,94.27,238.12,136.0,110.29,231.77,54.84,286.45,130.1,134.91,141.1,296.73,10.24,62.66,166.76,73.66,61.06,178.4,429.61,128.59,158.36,13.36,10.91,236.02,188.26,3.36,175.0,112.77,170.69,10.98,171.3,176.64,129.56,402.38,151.26,173.07,116.7,325.1,242.81,234.46,129.56,13.37,12.62,129.86,134.4,11.87,101.54,180.47,134.38,139.83,140.99,42.55,108.51,177.54,136.65,179.23,222.54,9.97,232.84,415.33,415.34,15.13,132.13,234.57,151.61,144.78,190.93,39.12,60.15,131.5,131.24,322.95,224.37,248.98,437.27,18.65,234.17,232.98,163.28,140.06,74.18,264.32,93.13,167.88,174.64,233.79,135.73,201.93,86.35,209.7,78.5,217.38,314.37,162.9,242.44,224.84,157.36,138.26,230.86,0.0,164.65,41.71,407.76,167.03,417.29,59.73,55.23,429.54,334.63,174.48,14.27,294.49,137.01,14.25,211.04,134.59,102.13,166.47,163.52,232.3,191.18,233.62,174.17,37.98,137.45,222.49,124.16,235.26,237.04,223.86,141.05,127.16,11.79,105.19,309.04,209.8,132.02,112.8,240.28,267.52,95.95,155.64,115.3,16.36,16.08,230.74,131.52,326.59,326.53,184.89,229.2,156.49,133.54,325.45,132.84,11.56,111.45,202.81,165.98,151.28,180.48,164.9,237.84,15.56,242.55,157.88
Mulgirigala Raja Maha Vihara,125.87,333.69,114.92,154.9,269.56,204.93,191.68,172.52,98.58,96.59,272.35,165.06,117.22,135.3,113.11,113.14,96.46,548.34,168.83,47.53,174.13,172.21,331.42,254.78,165.6,124.0,122.59,99.35,165.04,36.16,139.61,76.75,501.63,46.13,116.91,162.58,368.02,193.74,273.41,76.75,175.42,174.77,76.83,123.85,173.29,99.64,17.91,122.1,118.7,56.65,180.36,92.93,23.9,100.81,21.34,284.08,170.86,328.5,530.17,530.04,175.97,74.44,329.81,53.0,59.97,29.67,132.15,117.58,171.86,172.03,371.6,95.69,302.42,551.64,170.32,272.9,88.32,194.99,61.63,110.14,153.76,118.98,104.76,118.88,329.4,125.49,85.97,104.24,215.01,96.94,126.36,357.42,38.96,329.71,278.36,47.99,121.89,324.75,164.65,0.0,192.37,530.99,227.41,531.32,209.86,207.11,541.26,383.76,120.27,176.18,291.11,124.61,175.07,270.54,128.98,180.17,209.33,41.21,270.54,255.22,272.16,119.12,131.41,210.54,295.0,169.68,330.61,332.27,262.98,63.02,78.05,173.21,94.44,340.67,269.16,122.62,53.19,111.05,299.93,107.79,99.42,120.72,175.66,175.87,268.48,172.38,371.9,372.38,20.33,324.72,61.23,73.77,370.21,123.79,172.61,59.6,239.27,34.28,50.75,26.14,47.76,357.21,175.56,130.27,256.23
Muthurajawela Marsh,94.04,198.33,137.13,97.38,203.01,13.7,286.99,112.15,140.97,147.57,279.04,33.96,102.77,163.43,85.22,99.97,186.07,387.95,111.75,193.38,28.5,30.89,196.28,155.55,38.59,175.42,112.03,177.12,33.5,204.45,173.05,167.91,361.14,170.31,175.17,101.18,291.91,234.6,205.29,167.91,29.09,29.75,168.23,132.76,30.04,110.92,209.35,133.29,139.84,177.07,15.73,148.13,208.31,142.0,209.27,189.03,31.75,193.11,373.62,373.62,26.96,170.26,194.86,187.36,181.36,215.93,79.1,100.03,113.91,113.57,288.77,237.92,216.02,395.56,25.36,205.06,250.32,142.43,176.78,114.18,270.32,96.09,172.78,176.36,194.06,133.6,214.44,126.35,190.57,97.32,222.11,281.41,196.72,203.68,192.94,192.44,137.28,191.4,41.71,192.37,0.0,366.21,137.62,375.58,18.85,15.1,387.84,300.14,175.82,28.27,271.99,135.17,27.72,178.55,131.34,78.46,141.98,197.62,203.41,158.86,204.59,175.79,77.33,107.99,186.79,106.63,195.54,197.3,195.26,177.96,165.61,30.12,144.86,278.44,177.41,130.76,139.18,252.84,238.21,103.16,161.41,115.09,25.41,25.77,202.05,113.76,292.93,292.78,211.99,189.56,171.83,171.62,291.92,131.21,30.23,145.08,176.34,199.07,186.73,211.3,199.83,196.17,26.3,250.46,119.95
Nagadipa Purana Vihara,405.12,203.28,424.42,376.91,303.41,352.92,504.06,362.38,439.45,444.03,395.11,400.06,468.39,421.53,421.56,464.76,469.74,27.52,365.96,548.56,394.4,396.85,205.39,287.29,404.73,439.72,409.93,460.46,399.55,554.8,424.54,530.3,92.31,491.58,445.34,369.92,261.54,431.49,300.21,530.3,394.65,395.36,530.64,414.98,395.92,431.34,548.81,416.71,422.42,535.2,370.11,512.7,552.65,438.11,551.69,270.07,397.81,207.81,34.66,35.17,392.69,532.24,206.9,544.34,540.23,544.07,444.94,465.53,363.51,363.24,249.13,525.04,268.03,44.93,391.18,300.71,548.04,350.64,536.1,479.59,518.28,412.06,453.13,444.65,207.05,413.9,504.44,491.62,361.81,439.3,481.48,263.52,549.11,212.97,281.57,547.83,418.57,212.2,407.76,530.99,366.21,0.0,312.0,38.09,348.05,352.62,50.0,245.57,443.09,393.76,358.14,415.31,393.55,280.97,409.93,350.87,334.64,550.6,302.42,288.52,301.3,444.01,442.93,322.03,252.51,363.91,206.14,204.76,305.21,537.58,528.22,396.0,509.55,288.83,282.03,415.27,483.16,532.44,298.11,423.25,449.54,412.26,391.4,391.68,303.99,362.95,255.88,254.69,546.46,211.25,483.02,533.48,257.35,414.43,396.19,500.94,320.51,549.69,543.17,555.47,554.46,174.31,392.2,512.6,274.87
Nalanda Gedige,107.94,109.21,114.53,75.96,65.4,133.61,210.59,55.26,130.44,134.17,153.73,156.82,205.35,109.72,133.62,198.82,157.74,326.36,58.9,255.31,158.22,159.64,107.02,27.43,163.86,128.0,105.45,148.5,156.07,256.74,113.47,249.02,274.52,184.12,133.42,67.29,159.3,139.84,67.79,249.02,159.89,160.2,249.35,105.1,159.44,131.4,244.53,106.87,111.87,246.52,127.35,238.95,250.7,128.7,248.73,59.8,159.59,104.41,306.75,306.58,157.75,249.93,105.46,253.44,252.1,235.79,187.71,202.35,55.71,55.57,158.5,213.4,83.92,327.68,149.41,67.54,236.08,39.28,248.97,213.63,214.07,115.07,141.16,132.81,105.22,103.76,192.47,223.22,71.58,150.25,172.27,148.4,253.15,102.92,58.88,254.84,108.14,100.19,167.03,227.41,137.62,312.0,0.0,307.55,132.89,136.28,316.49,170.58,131.28,159.45,138.48,105.0,158.0,46.64,99.91,65.99,23.69,255.05,65.83,28.38,67.04,132.17,184.72,29.78,67.79,59.02,106.24,107.74,57.64,250.76,247.6,159.47,236.57,142.02,45.26,105.84,187.38,221.73,100.83,125.1,138.12,106.98,155.59,156.22,64.44,55.21,161.34,161.4,240.18,100.87,173.52,250.8,160.04,104.82,159.13,213.23,40.7,252.2,251.72,253.26,260.2,146.51,156.63,204.32,53.32
Nallur Kandaswamy Kovil Festival,405.99,198.52,421.64,376.44,291.1,362.69,490.62,360.17,437.18,441.32,376.65,409.02,476.39,415.81,424.54,472.25,464.56,24.31,363.82,551.96,404.05,406.45,200.75,281.53,414.15,433.71,409.09,455.61,408.46,556.97,417.97,536.11,58.66,490.23,439.69,368.95,238.36,418.99,287.65,536.11,404.48,405.17,536.45,412.17,405.58,431.96,548.96,413.93,419.24,539.54,377.94,519.67,553.63,435.63,552.33,260.42,407.33,203.51,3.59,3.16,402.43,537.87,202.34,548.26,544.74,542.48,453.3,473.45,361.12,360.89,226.27,518.5,254.67,20.36,400.01,288.18,542.21,345.13,540.78,487.34,507.57,413.08,448.25,438.84,202.66,410.94,498.83,499.18,351.27,442.39,473.21,241.64,551.82,205.47,270.95,551.28,415.46,207.55,417.29,531.32,375.58,38.09,307.55,0.0,358.03,362.73,14.46,221.25,437.25,403.61,339.07,412.26,403.24,272.32,407.03,352.3,329.21,553.43,290.07,282.24,288.81,438.23,451.1,320.87,244.21,362.3,201.55,199.98,293.82,542.34,534.13,405.66,516.62,267.53,273.49,412.69,485.37,524.83,281.59,424.18,445.67,411.2,400.97,401.31,291.79,360.57,232.53,231.35,545.81,207.2,480.62,539.05,234.14,411.76,405.79,505.14,311.24,551.99,546.95,556.38,557.65,179.8,401.84,503.59,275.71
Negombo Beach,105.52,184.22,147.7,103.56,197.72,5.17,295.6,115.14,153.17,159.78,279.46,52.61,121.46,171.76,100.53,118.78,198.13,370.04,115.35,212.03,46.37,48.82,182.24,148.1,56.76,185.01,122.63,188.88,52.19,222.85,181.11,186.76,344.9,185.93,185.41,105.89,283.04,239.92,199.7,186.76,46.6,47.32,187.08,142.4,47.88,124.84,227.02,143.13,149.94,195.83,29.74,166.91,226.33,153.94,227.16,180.57,49.82,179.11,356.01,356.02,44.65,189.11,180.89,206.08,200.16,232.74,97.76,118.75,117.03,116.65,279.21,251.46,207.74,377.93,44.18,199.52,264.96,142.9,195.59,132.9,281.11,108.55,184.05,186.44,180.05,143.03,227.82,145.08,191.09,113.91,232.78,272.74,215.22,190.66,185.61,211.1,147.07,177.7,59.73,209.86,18.85,348.05,132.89,358.03,0.0,4.79,370.43,290.3,185.76,45.72,269.87,144.68,45.5,170.95,140.4,79.99,140.34,216.17,198.03,151.65,199.1,185.84,96.06,104.07,176.63,110.07,181.53,183.27,190.16,196.78,184.47,47.96,163.65,271.39,169.9,140.6,156.69,265.98,232.25,116.68,173.15,125.77,43.39,43.66,196.81,116.79,283.72,283.5,229.28,175.67,186.43,190.48,282.8,140.89,48.17,163.66,172.83,217.48,205.43,229.32,218.47,179.02,44.17,262.05,108.53
Negombo Fish Market,104.95,188.95,147.48,104.45,201.27,3.2,296.04,116.85,152.46,159.07,281.92,48.39,117.2,172.21,98.68,114.65,197.5,374.67,116.92,208.47,41.87,44.33,186.96,151.99,52.31,185.11,122.36,188.33,47.99,219.53,181.64,182.77,349.69,184.03,185.32,107.16,287.2,241.21,203.31,182.77,42.03,42.75,183.09,142.44,43.36,123.52,224.18,143.12,149.86,192.13,27.76,162.74,223.28,153.31,224.19,184.64,45.36,183.83,360.7,360.72,40.12,185.15,185.6,202.43,196.4,230.34,93.49,114.51,118.72,118.35,283.47,250.36,211.79,382.62,40.14,203.12,263.47,145.24,191.81,128.65,280.91,107.68,183.65,186.4,184.76,143.14,226.77,140.84,193.47,111.56,232.6,276.87,211.81,195.3,189.5,207.54,147.07,182.4,55.23,207.11,15.1,352.62,136.28,362.73,4.79,0.0,375.15,294.6,185.76,41.14,272.85,144.77,40.99,174.88,140.6,81.92,143.13,212.72,201.6,155.5,202.69,185.81,91.85,107.25,180.94,111.66,186.25,187.99,193.67,192.97,180.46,43.45,159.46,275.27,173.81,140.58,153.93,265.02,235.93,115.49,172.6,125.49,38.93,39.17,200.35,118.49,287.94,287.72,226.64,180.38,184.92,186.52,287.0,140.92,43.68,160.18,176.03,214.15,201.81,226.27,214.92,183.77,39.68,261.6,112.96
Nilavarai Bottomless Well,416.22,207.84,430.83,386.36,297.49,375.05,496.15,369.64,446.49,450.51,380.37,421.16,488.26,424.12,435.29,484.01,472.97,29.05,373.3,562.69,416.33,418.73,210.09,290.15,426.37,441.91,418.85,464.13,420.59,567.39,426.01,547.44,56.93,499.74,447.99,378.74,240.4,424.98,293.97,547.44,416.8,417.48,547.78,421.37,417.87,442.09,558.84,423.14,428.32,550.51,389.88,531.28,563.74,444.89,562.34,267.87,419.58,212.94,17.8,17.48,414.73,549.16,211.69,559.13,555.75,551.88,465.27,485.31,370.54,370.31,228.54,526.41,260.83,14.14,412.13,294.5,550.32,353.64,551.84,499.15,514.08,423.34,456.77,447.08,212.06,420.1,507.05,510.94,358.12,453.14,480.6,244.29,562.38,213.92,278.02,562.02,424.56,216.85,429.54,541.26,387.84,50.0,316.49,14.46,370.43,375.15,0.0,222.82,445.48,415.94,342.61,421.39,415.53,280.05,416.21,362.77,337.79,564.01,296.45,290.7,295.15,446.48,463.03,330.72,252.19,371.93,210.9,209.29,300.53,553.42,545.49,417.94,528.25,270.33,281.26,421.95,495.85,532.38,286.41,434.41,454.5,420.9,413.25,413.59,298.22,369.99,234.52,233.35,555.47,216.68,489.84,550.32,236.19,421.0,418.07,516.11,318.63,562.44,557.78,566.46,568.32,191.78,414.12,510.7,286.21
Nilaveli Beach,275.78,125.36,269.63,244.28,114.59,292.62,287.13,221.79,285.77,287.23,162.56,324.42,375.93,249.72,303.02,369.38,295.95,245.35,225.06,418.45,324.41,326.14,126.12,146.66,331.34,264.21,269.11,289.37,323.68,416.79,247.47,416.89,166.59,337.82,271.29,235.5,18.94,222.39,110.82,416.89,325.86,326.28,417.22,261.32,325.77,296.42,399.21,262.99,265.49,412.07,292.92,408.51,407.66,283.37,404.74,112.21,326.31,128.14,222.49,222.07,323.62,417.51,126.62,417.81,417.7,384.69,358.02,372.93,221.55,221.56,12.28,339.81,86.66,236.86,316.31,111.3,365.2,191.88,415.04,384.13,312.84,282.58,282.61,269.71,127.56,259.53,325.46,393.53,170.66,318.85,290.04,27.39,414.78,110.69,111.79,418.13,262.58,126.59,334.63,383.76,300.14,245.57,170.58,221.25,290.3,294.6,222.82,0.0,268.12,325.29,124.86,260.15,324.03,124.37,256.45,236.21,180.3,416.86,113.65,144.03,112.03,269.27,355.05,198.62,113.67,226.75,126.41,125.34,121.65,416.89,415.67,325.81,406.27,51.42,125.69,262.95,351.79,341.28,84.79,291.51,285.24,269.76,321.53,322.12,115.69,221.19,13.31,12.41,392.37,129.83,323.9,418.27,15.2,261.69,325.57,380.15,145.8,412.83,415.89,409.84,422.6,174.57,322.58,315.54,182.09
Nine Arches Bridge,82.23,239.9,38.95,85.83,156.44,182.63,112.14,87.79,41.48,36.76,154.08,167.95,168.86,21.56,101.49,161.45,28.18,456.76,84.99,162.46,175.49,175.03,237.77,155.98,173.05,3.91,63.84,21.44,167.43,155.84,20.68,174.98,400.3,74.94,3.36,87.71,251.4,79.29,160.34,174.98,177.5,177.22,175.24,43.36,175.68,74.59,133.68,42.65,35.98,162.38,160.09,177.53,143.68,39.15,140.02,178.62,174.03,235.3,436.64,436.44,176.51,174.27,236.24,164.56,167.64,116.87,166.07,166.93,86.07,86.45,256.2,82.14,191.97,457.18,166.9,159.8,105.03,92.46,166.64,170.3,95.72,81.77,15.53,1.63,236.07,42.82,61.58,173.44,97.47,103.37,47.61,241.14,156.29,231.78,170.15,162.49,38.7,230.94,174.48,120.27,175.82,443.09,131.28,437.25,185.76,185.76,445.48,268.12,0.0,177.76,170.88,41.14,176.02,165.84,45.78,116.32,108.46,158.56,157.49,155.06,159.06,1.17,163.4,127.65,193.33,89.14,237.01,238.43,150.92,168.5,174.8,175.64,176.81,222.58,164.57,45.19,107.24,91.42,183.38,78.79,24.39,60.84,174.89,175.45,155.44,86.62,255.71,256.29,125.55,231.84,59.12,174.45,253.94,44.87,174.98,139.1,129.07,152.92,162.32,145.43,164.96,276.49,175.49,78.91,176.11
Old Parliament Building,96.05,226.13,138.89,108.05,224.65,40.94,289.9,126.39,139.45,145.83,293.9,11.33,76.9,168.42,79.0,75.11,183.79,415.74,125.25,171.78,2.32,4.0,224.05,179.47,11.75,177.97,114.73,175.63,11.52,184.3,178.27,143.61,389.4,160.14,176.59,113.66,316.31,243.18,227.19,143.61,0.91,1.66,143.92,136.34,2.9,106.75,192.37,136.51,142.38,154.62,32.41,122.73,189.94,140.96,191.44,213.49,5.34,220.88,401.62,401.63,1.71,146.15,222.62,165.18,158.52,201.76,53.3,74.36,127.94,127.65,313.73,231.84,240.2,423.55,11.44,226.92,241.64,158.83,153.83,88.42,269.5,95.99,172.3,178.05,221.83,137.52,208.99,100.6,206.11,86.5,221.99,305.67,176.05,231.02,216.46,170.79,140.47,219.05,14.27,176.18,28.27,393.76,159.45,403.61,45.72,41.14,415.94,325.29,177.76,0.0,289.89,138.91,1.77,202.39,135.99,96.05,160.73,176.73,225.14,182.55,226.4,177.54,52.03,129.69,212.5,120.53,223.31,225.08,216.79,154.85,141.23,2.98,119.41,301.32,201.19,134.06,123.69,247.48,260.25,100.32,160.26,117.48,3.87,3.23,223.65,127.89,317.6,317.5,196.3,217.29,164.22,147.56,316.51,134.76,3.57,124.42,196.49,178.95,164.78,192.9,178.31,224.34,2.86,248.28,146.77
Pasikudah Beach,210.99,181.43,187.31,185.68,81.15,269.99,163.7,164.54,201.17,200.13,37.93,284.77,317.13,158.3,239.82,309.74,195.69,362.42,166.33,332.72,288.25,289.19,180.5,133.15,291.69,167.21,197.42,191.81,284.04,326.72,152.28,340.89,288.02,245.74,174.24,178.36,105.93,105.93,81.39,340.89,290.14,290.3,341.18,181.68,289.24,223.19,303.95,182.92,182.41,330.9,259.56,338.72,314.36,198.43,310.55,116.55,288.84,180.24,339.77,339.4,288.21,340.69,179.8,334.18,336.36,284.98,305.26,314.47,163.24,163.47,116.21,228.73,100.72,356.31,278.86,81.23,253.96,131.22,334.8,322.42,192.99,216.1,186.41,172.25,180.36,179.74,218.95,329.06,86.25,251.34,178.91,99.58,326.94,164.93,104.17,332.67,180.86,176.05,294.49,291.11,271.99,358.14,138.48,339.07,269.87,272.85,342.61,124.86,170.88,289.89,0.0,179.61,288.25,116.38,178.09,194.18,130.01,329.2,81.44,129.14,81.22,172.03,302.19,165.96,134.41,170.48,180.18,180.4,86.52,336.69,340.28,289.25,337.26,73.7,116.58,183.97,272.21,227.0,63.59,221.5,193.07,196.67,286.07,286.72,81.57,163.18,111.73,112.77,295.08,179.07,230.0,341.09,109.87,182.67,288.79,303.65,97.78,323.73,331.99,316.01,335.54,237.04,287.04,199.55,182.59
Pedro Tea Factory,42.89,213.75,9.72,45.8,145.6,141.62,151.89,53.27,26.05,29.18,171.07,129.69,141.22,29.77,66.85,133.69,58.84,430.64,49.85,158.63,136.7,136.46,211.52,131.89,135.27,40.35,24.25,48.89,129.12,156.7,39.64,161.92,379.26,79.77,41.05,49.25,245.06,106.95,149.41,161.92,138.73,138.52,162.22,2.63,137.02,44.43,141.04,3.33,7.2,153.82,119.45,159.14,148.39,23.98,145.89,159.77,135.55,208.79,411.39,411.22,137.57,161.94,209.94,158.58,159.41,130.86,134.12,138.87,51.98,52.28,247.92,116.28,177.84,432.45,127.79,148.91,135.99,70.46,157.29,144.93,136.81,44.17,42.42,41.9,209.64,1.73,93.19,150.45,95.75,73.94,88.56,234.29,154.65,207.91,153.76,158.37,3.29,204.72,137.01,124.61,135.17,415.31,105.0,412.26,144.68,144.77,421.39,260.15,41.14,138.91,179.61,0.0,137.16,146.29,5.56,76.75,85.22,156.76,146.56,131.91,148.17,41.28,131.22,94.23,171.62,52.82,210.73,212.29,138.77,159.17,161.17,136.99,157.73,219.28,144.92,5.1,93.78,128.13,177.45,44.94,35.1,21.75,135.84,136.42,144.5,52.55,248.64,249.05,135.82,205.14,68.52,162.45,247.01,4.17,136.35,124.54,114.87,152.69,156.55,150.74,162.57,244.95,136.51,119.12,142.94
Pettah Floating Market,94.3,225.27,137.15,106.31,223.17,40.64,288.16,124.7,137.76,144.15,292.19,10.04,76.67,166.66,77.37,74.72,182.13,415.46,123.54,171.08,0.98,3.39,223.19,178.13,11.44,176.23,112.98,173.95,10.15,183.48,176.51,143.2,388.78,158.71,174.86,111.94,314.99,241.41,225.72,143.2,1.91,2.25,143.51,134.58,2.38,105.1,191.32,134.75,140.63,154.0,31.11,122.46,188.98,139.27,190.44,212.19,4.6,220.01,401.26,401.26,0.95,145.71,221.75,164.54,157.94,200.54,53.02,74.09,126.24,125.95,312.45,230.29,238.87,423.19,9.69,225.45,240.19,157.18,153.26,88.18,267.82,94.26,170.6,176.32,220.96,135.76,207.42,100.37,204.42,85.03,220.29,304.33,175.27,230.05,215.09,170.1,138.72,218.15,14.25,175.07,27.72,393.55,158.0,403.24,45.5,40.99,415.53,324.03,176.02,1.77,288.25,137.16,0.0,201.04,134.23,94.47,159.14,175.97,223.66,181.2,224.93,175.81,51.66,128.24,211.31,118.83,222.44,224.21,215.3,154.3,140.83,2.46,119.15,299.89,199.84,132.31,122.5,245.92,258.78,98.64,158.57,115.73,2.52,2.0,222.16,126.2,316.3,316.21,195.17,216.41,162.7,147.12,315.21,133.01,2.78,123.61,194.95,178.13,164.12,191.94,177.61,223.89,1.49,246.63,145.74
Pidurangala Rock,154.09,79.82,156.0,122.13,35.33,172.55,226.28,100.54,172.29,175.22,141.73,200.8,251.75,144.72,180.19,245.29,193.65,292.64,104.07,300.54,201.35,202.96,78.04,22.99,207.79,162.18,150.14,185.19,200.06,301.12,146.07,295.39,234.56,226.06,168.47,113.38,114.07,153.12,35.05,295.39,202.9,203.28,295.72,146.84,202.67,176.76,287.24,148.61,152.69,292.36,169.98,285.57,294.14,170.27,291.88,13.57,203.05,76.39,271.9,271.67,200.7,296.24,76.76,299.0,297.96,276.62,233.65,248.74,100.68,100.61,112.41,246.36,37.97,292.04,192.94,35.17,270.38,75.95,294.95,260.16,237.5,161.14,177.87,167.45,76.92,145.28,227.29,269.83,81.63,196.68,201.0,103.34,297.96,68.03,14.81,300.11,149.21,71.74,211.04,270.54,178.55,280.97,46.64,272.32,170.95,174.88,280.05,124.37,165.84,202.39,116.38,146.29,201.04,0.0,141.67,111.85,61.21,299.92,34.97,19.86,35.16,166.87,230.69,74.28,28.46,104.87,77.42,78.41,31.39,296.75,294.0,202.7,283.2,100.48,1.4,147.96,232.78,252.51,63.4,170.87,176.96,151.36,198.57,199.18,35.02,100.24,115.67,115.66,282.09,73.77,214.19,297.09,114.48,146.82,202.42,259.36,39.62,296.73,297.22,296.6,305.24,129.42,199.62,231.76,69.13
Pidurutalagala,40.33,208.51,14.63,40.52,141.87,137.44,155.65,47.78,30.68,34.3,170.72,127.01,141.25,32.45,65.79,133.73,64.32,425.34,44.33,162.07,133.8,133.64,206.28,126.91,132.74,44.7,22.14,54.38,126.42,160.62,42.29,164.23,374.3,84.5,45.91,43.75,241.55,108.57,145.65,164.23,135.84,135.65,164.54,5.2,134.17,45.18,145.58,6.98,12.74,156.74,115.64,160.7,152.69,28.81,150.29,155.18,132.77,203.53,406.14,405.97,134.61,164.35,204.69,161.78,162.34,135.88,133.24,138.82,46.51,46.8,244.2,121.79,173.66,427.22,124.77,145.16,141.55,66.02,160.1,145.38,141.51,42.46,47.83,46.64,204.38,3.99,98.73,151.3,93.49,74.15,93.35,230.75,158.34,202.83,149.42,161.78,8.84,199.48,134.59,128.98,131.34,409.93,99.91,407.03,140.4,140.6,416.21,256.45,45.78,135.99,178.09,5.56,134.23,141.67,0.0,71.42,80.5,160.41,142.81,127.01,144.43,46.0,130.3,88.72,166.75,47.26,205.48,207.05,134.93,161.98,163.41,134.15,159.18,216.17,140.29,6.5,96.51,133.55,174.15,44.6,40.65,20.16,132.84,133.43,140.77,47.08,245.06,245.45,140.59,199.87,73.64,164.9,243.44,5.24,133.52,126.84,110.92,156.52,159.79,155.08,166.15,239.44,133.53,124.16,137.4
Pinnawala Elephant Orphanage,54.33,157.14,83.26,30.98,129.82,78.81,220.54,35.36,94.84,100.73,200.62,92.04,140.13,98.56,73.25,133.86,135.41,368.65,36.04,200.15,94.55,95.68,154.87,90.04,99.08,114.59,62.26,125.48,91.3,204.67,106.92,188.53,326.5,142.72,116.89,28.94,225.27,160.86,132.62,188.53,96.37,96.58,188.87,75.19,95.63,80.59,198.03,76.52,83.51,188.91,65.4,176.17,201.81,94.37,200.82,124.38,95.46,151.78,351.0,350.89,94.36,189.81,153.27,197.0,194.32,194.98,121.82,137.1,37.31,36.92,224.21,192.58,149.63,372.66,85.32,132.31,210.97,63.97,190.71,148.92,211.36,61.2,119.16,117.37,152.72,75.03,169.15,159.07,112.12,90.99,163.78,214.38,199.62,156.32,124.77,199.53,79.84,148.54,102.13,180.17,78.46,350.87,65.99,352.3,79.99,81.92,362.77,236.21,116.32,96.05,194.18,76.75,94.47,111.85,71.42,0.0,64.68,201.27,130.38,92.34,131.74,116.71,118.85,37.84,128.22,30.76,154.05,155.8,121.89,192.39,186.87,95.65,173.57,207.49,110.52,74.28,133.09,204.83,165.61,72.39,110.85,65.13,92.2,92.84,128.77,37.02,227.23,227.27,196.18,147.95,136.77,190.83,225.96,74.0,95.23,154.67,100.7,199.7,195.54,204.62,205.67,177.06,93.2,195.19,76.59
Pitawala Pathana,95.52,131.46,94.91,64.36,67.9,140.21,187.62,41.62,111.16,114.27,139.94,156.48,198.18,86.91,123.18,191.27,135.4,348.44,44.8,239.93,159.22,160.32,129.31,47.68,163.5,105.08,89.55,126.4,155.74,240.06,90.16,236.62,294.38,164.97,110.74,55.67,167.14,117.8,71.2,236.62,161.05,161.25,236.95,85.69,160.29,116.59,226.06,87.46,91.75,232.42,129.79,228.46,232.93,109.19,230.67,74.76,160.08,126.84,328.52,328.33,159.03,237.29,127.78,238.68,238.04,215.88,182.53,195.27,41.28,41.3,168.04,190.44,94.9,349.24,149.97,70.8,213.46,16.0,235.21,205.54,190.4,102.28,119.04,110.02,127.61,84.16,169.9,214.3,53.19,138.62,148.68,156.16,237.08,123.87,69.96,239.53,88.19,122.49,166.47,209.33,141.98,334.64,23.69,329.21,140.34,143.13,337.79,180.3,108.46,160.73,130.01,85.22,159.14,61.21,80.5,64.68,0.0,239.07,68.64,47.15,70.14,109.39,179.47,38.27,86.57,46.88,128.55,129.98,60.1,237.04,235.38,160.31,226.3,145.94,59.83,86.76,172.44,198.41,103.35,111.31,116.9,90.56,156.87,157.52,66.8,40.93,169.9,170.13,221.04,123.39,153.44,238.06,168.44,85.63,159.88,200.02,36.96,235.73,236.85,235.38,244.49,170.17,157.87,180.68,75.53
Polhena Beach,148.6,357.9,147.38,179.88,302.28,211.03,232.57,199.82,131.46,130.84,311.94,166.45,106.04,171.63,129.08,104.49,136.39,569.31,196.19,8.39,175.0,172.76,355.62,282.45,165.23,162.13,149.8,138.29,166.61,10.23,176.96,46.63,527.03,83.64,155.22,188.23,401.8,233.96,306.06,46.63,175.88,175.15,46.55,155.54,173.87,123.75,38.72,153.88,151.69,26.17,188.07,68.66,26.76,133.99,31.7,313.49,171.44,352.58,552.06,551.97,176.92,43.6,354.01,16.76,25.96,64.11,126.23,107.44,199.48,199.59,404.61,135.52,333.57,573.78,173.34,305.57,124.92,225.76,29.9,96.17,194.08,141.38,143.07,157.26,353.51,157.34,127.12,86.67,250.49,111.3,167.53,391.04,2.29,355.52,308.93,9.38,154.42,349.13,163.52,41.21,197.62,550.6,255.05,553.43,216.17,212.72,564.01,416.86,158.56,176.73,329.2,156.76,175.97,299.92,160.41,201.27,239.07,0.0,303.22,283.34,304.84,157.43,126.46,234.97,322.79,196.14,354.8,356.52,295.33,30.31,48.77,173.78,71.25,375.58,298.52,153.91,68.31,150.2,334.07,130.63,136.2,148.57,177.11,177.17,301.18,199.95,405.4,405.8,50.36,348.76,99.68,42.4,403.76,155.18,173.27,52.56,271.28,7.68,15.43,28.16,6.58,376.29,176.77,170.86,277.8
Polonnaruwa Vatadage,163.67,107.85,156.08,132.93,1.07,199.02,201.65,110.13,172.28,173.95,107.56,222.13,266.78,137.89,191.68,259.89,185.65,311.64,113.15,304.81,223.85,225.21,106.43,53.02,229.18,153.62,155.84,178.28,221.38,303.24,136.86,304.03,247.16,224.78,160.5,124.28,99.22,129.17,2.88,304.03,225.56,225.85,304.35,147.7,225.05,183.22,286.3,149.37,152.01,298.62,193.13,296.72,294.43,169.91,291.63,37.36,225.13,105.42,290.03,289.75,223.43,304.54,105.4,304.23,304.25,272.85,250.71,263.85,109.63,109.69,101.39,234.11,35.83,309.15,214.94,2.36,259.02,78.66,301.68,274.18,217.63,170.24,171.25,159.11,105.76,145.91,217.26,282.89,62.54,206.76,186.07,88.3,301.14,93.24,24.21,304.5,149.03,100.88,232.3,270.54,203.41,302.42,65.83,290.07,198.03,201.6,296.45,113.65,157.49,225.14,81.44,146.56,223.66,34.97,142.81,130.38,68.64,303.22,0.0,49.01,1.62,158.61,247.67,95.59,56.59,115.5,105.94,106.58,8.57,303.54,302.9,225.08,294.63,77.44,35.14,149.31,238.3,238.16,35.23,178.68,172.79,156.37,221.27,221.9,2.07,109.32,102.43,102.77,279.87,103.46,211.3,305.25,100.86,148.05,224.72,267.06,32.43,299.25,302.29,296.66,308.96,160.94,222.3,215.02,102.24
Popham's Arboretum,136.3,85.29,141.55,104.33,49.01,153.11,224.53,83.52,157.67,161.07,150.81,180.95,232.41,133.59,161.73,226.02,182.33,301.71,87.14,283.66,181.51,183.11,83.23,4.03,187.93,151.57,133.63,173.43,180.2,284.93,136.1,277.27,247.38,211.47,157.47,95.67,133.92,151.86,50.02,277.27,183.06,183.44,277.61,132.21,182.82,159.74,272.21,133.99,138.6,274.9,150.15,266.9,278.62,155.81,276.56,32.04,183.19,80.97,281.6,281.4,180.86,278.21,81.76,281.82,280.47,262.75,214.06,229.38,83.88,83.76,132.13,236.69,57.8,302.22,173.08,49.97,260.08,62.94,277.34,240.97,232.34,143.44,166.07,156.64,81.68,130.77,216.63,250.79,80.09,178.5,193.21,123.19,281.43,76.8,34.08,283.19,134.97,76.47,191.18,255.22,158.86,288.52,28.38,282.24,151.65,155.5,290.7,144.03,155.06,182.55,129.14,131.91,181.2,19.86,127.01,92.34,47.15,283.34,49.01,0.0,49.72,156.03,211.11,54.62,39.79,87.39,82.5,83.82,42.72,279.12,275.83,182.86,264.47,119.78,18.64,133.11,215.74,243.93,81.2,153.48,164.05,135.08,178.73,179.34,48.35,83.4,135.49,135.46,267.57,77.74,200.34,279.1,134.31,132.04,182.57,241.58,38.9,280.42,280.09,281.15,288.52,129.0,179.78,224.72,53.49
Rankoth Vehera,165.22,107.16,157.69,134.45,2.63,200.12,202.77,111.65,173.9,175.57,107.82,223.45,268.26,139.48,193.22,261.38,187.22,310.42,114.69,306.42,225.13,226.5,105.77,53.71,230.5,155.19,157.43,179.87,222.7,304.86,138.43,305.61,245.77,226.39,162.08,125.8,97.64,130.35,1.28,305.61,226.82,227.12,305.94,149.31,226.33,184.81,287.91,150.99,153.63,300.22,194.37,298.27,296.05,171.53,293.25,36.95,226.42,104.81,288.79,288.51,224.7,306.13,104.76,305.84,305.85,274.45,252.15,265.33,111.17,111.22,99.78,235.61,34.45,307.87,216.23,0.74,260.53,80.25,303.28,275.68,218.94,171.8,172.84,160.68,105.14,147.52,218.8,284.42,64.0,208.32,187.53,86.71,302.76,92.43,23.85,306.11,150.65,100.28,233.62,272.16,204.59,301.3,67.04,288.81,199.1,202.69,295.15,112.03,159.06,226.4,81.22,148.17,224.93,35.16,144.43,131.74,70.14,304.84,1.62,49.72,0.0,160.19,249.11,96.81,56.09,117.01,105.29,105.91,10.05,305.13,304.48,226.36,296.18,76.0,35.39,150.93,239.9,239.61,33.89,180.26,174.4,157.96,222.54,223.17,3.68,110.86,100.83,101.17,281.48,102.89,212.91,306.84,99.26,149.66,226.0,268.65,34.01,300.86,303.9,298.28,310.57,160.47,223.57,216.43,102.83
Ravana Ella Falls,82.12,240.84,38.81,86.16,157.56,182.68,112.38,88.4,40.9,36.06,155.15,167.7,168.16,22.48,101.1,160.76,27.07,457.72,85.57,161.35,175.27,174.79,238.7,156.93,172.76,5.07,63.78,20.27,167.18,154.7,21.83,173.98,401.35,73.81,2.21,88.15,252.57,80.22,161.47,173.98,177.27,177.0,174.23,43.47,175.45,74.11,132.51,42.71,35.97,161.32,160.07,176.61,142.51,38.61,138.86,179.66,173.78,236.23,437.62,437.41,176.3,173.26,237.17,163.47,166.57,115.7,165.52,166.25,86.69,87.06,257.35,81.28,193.08,458.16,166.71,160.93,104.08,93.39,165.59,169.55,95.53,81.55,14.38,0.68,237.0,42.97,60.6,172.62,98.63,102.8,47.35,242.3,155.16,232.76,171.22,161.38,38.78,231.88,174.17,119.12,175.79,444.01,132.17,438.23,185.84,185.81,446.48,269.27,1.17,177.54,172.03,41.28,175.81,166.87,46.0,116.71,109.39,157.43,158.61,156.03,160.19,0.0,162.86,128.34,194.34,89.69,237.94,239.36,152.03,167.45,173.81,175.41,175.91,223.75,165.6,45.24,106.29,90.69,184.54,78.42,23.48,60.76,174.69,175.25,156.56,87.24,256.87,257.45,124.38,232.77,57.98,173.43,255.1,44.96,174.75,138.14,130.15,151.79,161.23,144.26,163.84,277.29,175.29,78.49,176.84
Richmond Castle,92.11,266.8,127.56,117.07,247.01,90.97,272.84,139.35,121.99,127.33,299.65,43.46,25.49,160.33,64.52,23.09,161.46,464.2,136.97,120.96,50.69,48.27,264.62,208.67,40.28,164.75,108.4,155.2,43.87,134.64,169.93,91.59,433.59,125.44,161.37,125.04,344.0,237.96,250.08,91.59,51.13,50.38,91.9,128.65,49.35,89.02,146.19,128.13,132.11,103.3,73.16,70.91,142.11,124.25,144.23,243.09,47.07,261.43,449.26,449.24,52.6,94.15,263.11,113.99,106.95,159.17,3.08,22.7,140.32,140.16,343.06,200.94,268.48,471.21,52.0,249.72,206.31,173.04,102.22,36.85,246.4,88.2,153.92,163.22,262.39,130.32,179.94,49.02,216.0,60.18,201.65,333.09,125.98,269.41,243.58,119.94,131.59,259.03,37.98,131.41,77.33,442.93,184.72,451.1,96.06,91.85,463.03,355.05,163.4,52.03,302.19,131.22,51.66,230.69,130.3,118.85,179.47,126.46,247.67,211.11,249.11,162.86,0.0,156.49,245.62,133.54,263.84,265.63,239.1,103.16,89.21,49.26,67.63,325.1,229.37,126.14,82.37,217.34,282.7,86.43,141.57,110.14,53.33,53.22,245.93,140.49,346.04,346.1,151.74,257.69,133.71,95.56,344.76,127.22,48.87,75.2,216.44,129.39,113.75,145.0,127.51,271.31,52.74,223.45,184.92
Ridee Viharaya (silver Temple),86.37,123.28,102.92,55.66,95.14,104.5,219.74,40.98,117.53,122.34,177.97,127.23,177.97,106.89,109.32,171.69,151.54,338.33,44.39,234.49,128.47,129.91,121.0,52.23,134.26,124.95,88.23,141.76,126.48,237.57,112.94,225.12,292.1,169.66,129.16,48.09,188.1,152.76,97.57,225.12,130.14,130.45,225.46,93.61,129.71,111.69,228.13,95.29,101.43,224.31,97.57,213.55,233.14,116.3,231.65,86.61,129.89,118.04,319.78,319.65,127.99,226.26,119.39,231.9,229.81,222.11,159.44,174.94,42.39,42.06,186.69,208.81,112.19,341.18,119.71,97.31,229.77,46.67,226.4,186.73,217.66,93.59,134.68,129.02,118.94,92.7,186.46,196.79,91.39,126.69,172.63,177.28,233.19,120.64,87.6,233.93,97.52,114.4,137.45,210.54,107.99,322.03,29.78,320.87,104.07,107.25,330.72,198.62,127.65,129.69,165.96,94.23,128.24,74.28,88.72,37.84,38.27,234.97,95.59,54.62,96.81,128.34,156.49,0.0,90.64,41.92,120.19,121.87,87.34,228.12,223.55,129.74,211.01,171.69,72.98,93.66,166.69,219.02,130.61,104.39,129.18,90.41,125.83,126.46,94.16,41.82,189.88,189.89,224.99,114.25,161.07,227.22,188.66,92.91,129.4,190.38,68.78,232.78,230.32,235.83,239.73,150.73,126.87,204.91,48.8
Ritigala Forest Monastery,175.15,52.07,181.28,143.28,57.32,178.98,254.18,123.04,197.42,200.75,163.61,212.35,267.96,172.04,199.67,261.88,220.94,264.34,126.69,322.96,211.74,213.58,50.45,40.36,219.16,189.73,173.23,212.27,211.63,324.53,173.82,315.47,207.82,251.24,195.88,134.74,107.39,181.04,55.45,315.47,213.11,213.57,315.81,171.95,213.15,199.09,312.0,173.73,178.26,313.8,180.31,304.19,318.38,195.54,316.34,19.35,213.83,49.15,243.74,243.51,210.86,316.52,49.3,320.93,319.35,302.42,248.49,264.92,123.49,123.35,102.7,274.3,37.65,264.02,203.97,55.79,298.13,102.08,316.11,277.03,265.94,182.34,204.92,194.93,49.57,170.5,254.88,287.28,109.87,216.78,229.31,97.63,320.91,39.58,32.48,322.47,174.65,44.54,222.49,295.0,186.79,252.51,67.79,244.21,176.63,180.94,252.19,113.67,193.33,212.5,134.41,171.62,211.31,28.46,166.75,128.22,86.57,322.79,56.59,39.79,56.09,194.34,245.62,90.64,0.0,126.67,49.89,50.72,56.15,317.87,313.95,213.2,301.65,102.11,29.52,172.88,255.0,280.72,74.06,192.6,203.38,174.74,208.8,209.37,57.45,122.99,107.55,107.25,307.33,46.98,239.98,317.45,106.75,171.8,212.99,280.22,68.06,319.99,319.24,320.91,327.9,104.37,209.85,260.18,68.56
Royal Botanical Gardens,49.27,164.15,61.19,17.53,114.74,108.49,190.25,5.95,75.61,80.48,173.43,114.61,151.51,69.86,76.36,144.52,111.11,380.02,5.3,196.31,118.74,119.46,161.89,86.34,121.44,86.94,47.1,101.21,113.89,198.05,77.56,190.65,332.03,127.96,90.19,8.79,213.92,130.17,118.07,190.65,120.7,120.78,190.98,51.99,119.61,72.42,187.1,53.62,60.0,187.58,92.33,181.77,192.64,74.4,190.92,118.32,119.0,159.01,361.28,361.13,118.89,191.44,160.28,194.42,193.17,180.33,136.62,148.62,7.41,7.11,214.52,168.62,140.69,382.58,109.25,117.67,188.79,39.65,190.1,158.7,182.76,56.28,94.34,90.36,159.89,51.22,145.81,167.42,85.64,92.15,135.9,202.94,194.27,160.11,115.48,195.83,56.11,155.18,124.16,169.68,106.63,363.91,59.02,362.3,110.07,111.66,371.93,226.75,89.14,120.53,170.48,52.82,118.83,104.87,47.26,30.76,46.88,196.14,115.5,87.39,117.01,89.69,133.54,41.92,126.67,0.0,161.08,162.72,106.96,191.9,189.32,119.62,179.57,192.69,103.47,51.89,128.37,179.7,150.03,66.1,87.91,49.01,116.8,117.44,113.64,7.37,216.58,216.78,183.54,155.26,119.15,192.28,215.15,51.2,119.11,154.49,83.52,193.44,192.7,195.27,201.23,192.48,117.72,167.82,90.3
Ruwanweli Maha Seya,206.31,3.09,220.09,175.82,106.74,185.05,303.69,158.74,235.66,239.78,211.62,225.66,287.96,215.46,227.29,282.7,263.85,220.12,162.4,354.01,223.05,225.21,0.82,81.16,231.91,233.61,208.07,254.69,224.99,357.65,218.41,341.96,172.45,288.84,239.29,168.03,127.58,230.54,104.53,341.96,224.05,224.63,342.3,210.63,224.56,231.86,348.12,212.39,217.72,342.96,192.94,328.02,353.3,234.09,351.77,69.16,225.75,2.43,200.66,200.5,221.81,343.38,0.79,351.02,348.36,341.0,266.45,284.92,159.65,159.42,118.62,318.91,79.5,221.76,216.71,104.92,342.01,144.55,344.71,298.05,314.1,213.51,247.34,238.57,1.48,209.4,298.44,309.2,158.96,245.05,275.7,120.58,353.07,16.86,82.15,353.41,213.92,6.06,235.26,330.61,195.54,206.14,106.24,201.55,181.53,186.25,210.9,126.41,237.01,223.31,180.18,210.73,222.44,77.42,205.48,154.05,128.55,354.8,105.94,82.5,105.29,237.94,263.84,120.19,49.89,161.08,0.0,1.79,106.01,346.38,340.2,224.63,325.21,134.08,78.26,211.15,286.49,326.4,117.16,224.43,244.31,210.07,219.95,220.44,106.97,159.1,125.44,124.71,344.6,6.17,279.07,344.45,125.38,210.22,224.57,308.69,116.73,352.81,349.53,355.99,359.41,57.03,220.95,307.12,79.25
Samadhi Statue,208.02,1.48,221.66,177.5,107.39,186.8,304.68,160.35,237.24,241.35,212.02,227.44,289.75,216.88,229.03,284.49,265.3,218.62,164.02,355.73,224.83,226.98,1.03,82.54,233.69,235.02,209.72,256.16,226.77,359.35,219.79,343.73,170.7,290.46,240.72,169.69,126.73,231.52,105.13,343.73,225.82,226.4,344.07,212.2,226.34,233.55,349.77,213.96,219.27,344.71,194.72,329.8,354.98,235.67,353.43,69.94,227.52,4.21,199.11,198.94,223.58,345.15,2.54,352.76,350.11,342.6,268.24,286.7,161.25,161.03,117.66,320.31,79.68,220.18,218.49,105.52,343.44,145.98,346.46,299.84,315.27,215.21,248.81,239.99,3.25,210.96,299.88,310.98,160.0,246.79,276.99,119.84,354.79,16.41,82.87,355.13,215.48,7.57,237.04,332.27,197.3,204.76,107.74,199.98,183.27,187.99,209.29,125.34,238.43,225.08,180.4,212.29,224.21,78.41,207.05,155.8,129.98,356.52,106.58,83.82,105.91,239.36,265.63,121.87,50.72,162.72,1.79,0.0,106.78,348.13,341.96,226.4,326.98,133.63,79.28,212.73,288.2,327.74,117.27,226.13,245.83,211.72,221.72,222.21,107.63,160.7,124.52,123.78,346.22,7.95,280.65,346.21,124.49,211.79,226.34,310.44,117.79,354.52,351.27,357.66,361.13,57.01,222.72,308.39,81.04
Samudra Parakrama,155.22,108.1,148.34,124.41,7.93,191.06,199.26,101.62,164.59,166.41,110.39,213.7,258.22,131.01,183.18,251.33,179.1,315.09,104.66,296.83,215.49,216.83,106.55,46.74,220.75,147.08,147.6,171.54,212.95,295.47,130.37,295.72,252.03,217.32,153.88,115.75,107.52,126.37,11.11,295.72,217.2,217.49,296.04,139.85,216.68,174.97,278.86,141.54,144.35,290.47,184.83,288.27,286.85,162.25,284.12,36.85,216.73,105.3,293.69,293.42,215.08,296.25,105.43,296.16,296.1,265.78,242.15,255.29,101.14,101.19,109.38,228.45,41.19,313.07,206.54,10.7,253.21,70.38,293.49,265.63,213.77,161.82,164.44,152.55,105.71,138.08,211.13,274.38,57.63,198.32,180.89,96.58,293.26,94.3,24.07,296.5,141.3,100.69,223.86,262.98,195.26,305.21,57.64,293.82,190.16,193.67,300.53,121.65,150.92,216.79,86.52,138.77,215.3,31.39,134.93,121.89,60.1,295.33,8.57,42.72,10.05,152.03,239.1,87.34,56.15,106.96,106.01,106.78,0.0,295.35,294.57,216.71,286.17,86.01,31.23,141.42,230.17,232.95,43.73,170.34,165.62,148.18,212.92,213.55,6.88,100.83,110.62,110.93,272.59,103.08,204.03,296.97,109.07,140.17,216.34,258.79,24.16,291.43,294.24,289.11,301.03,159.9,213.95,210.34,96.2
Sea Turtle Conservation Project (Koggala),142.82,349.46,150.48,174.8,302.65,191.61,252.89,196.25,135.71,136.57,322.5,145.29,80.41,178.44,119.14,80.26,149.87,557.28,192.77,22.19,153.33,150.98,347.19,277.82,143.14,171.74,147.79,149.87,145.56,40.53,185.07,16.34,518.8,96.1,165.28,183.48,402.72,246.62,306.31,16.34,153.97,153.22,16.25,157.54,152.07,120.5,66.48,156.03,155.2,6.54,170.11,39.11,55.85,138.42,60.35,310.22,149.71,344.09,540.81,540.74,155.25,13.29,345.6,13.65,4.47,90.4,102.42,82.27,196.21,196.26,404.61,158.5,331.93,562.66,152.93,305.85,150.87,225.01,1.89,69.64,216.03,135.69,153.48,167.4,345.03,159.44,146.82,58.95,254.78,101.5,184.79,391.83,31.26,348.5,306.88,21.11,157.33,340.91,141.05,63.02,177.96,537.58,250.76,542.34,196.78,192.97,553.42,416.89,168.5,154.85,336.69,159.17,154.3,296.75,161.98,192.39,237.04,30.31,303.54,279.12,305.13,167.45,103.16,228.12,317.87,191.9,346.38,348.13,295.35,0.0,18.55,151.99,41.97,378.07,295.35,155.57,65.48,174.02,335.86,125.9,144.7,147.17,155.72,155.7,301.53,196.63,405.96,406.28,77.33,340.26,112.13,12.1,404.4,156.88,151.54,37.75,271.18,36.93,14.91,57.73,27.9,363.63,155.26,192.27,267.97
Sea Turtle Farm Galle Mahamodara,140.06,343.26,153.04,171.91,302.04,179.32,264.6,194.03,139.28,140.99,328.03,132.26,65.1,182.75,114.28,66.12,158.48,548.48,190.69,40.73,139.86,137.46,341.01,274.28,129.48,177.81,147.29,157.4,132.59,58.96,190.07,2.51,512.34,105.46,171.69,180.69,402.09,253.78,305.62,2.51,140.33,139.58,2.77,159.3,138.54,119.93,83.66,157.92,157.91,23.09,158.95,21.09,73.68,142.04,77.98,307.35,136.23,337.87,532.5,532.45,141.77,5.58,339.43,32.2,23.0,106.61,88.09,67.3,194.18,194.19,403.4,172.28,329.96,554.41,140.32,305.18,166.37,224.24,18.88,53.84,228.88,133.15,160.28,173.82,338.82,161.24,158.92,42.34,256.85,97.34,195.12,391.14,49.59,343.17,304.78,39.64,159.65,334.87,127.16,78.05,165.61,528.22,247.6,534.13,184.47,180.46,545.49,415.67,174.8,141.23,340.28,161.17,140.83,294.0,163.41,186.87,235.38,48.77,302.9,275.83,304.48,173.81,89.21,223.55,313.95,189.32,340.2,341.96,294.57,18.55,0.0,138.45,24.18,378.47,292.61,157.17,68.24,188.18,335.98,124.23,150.56,147.07,142.42,142.34,300.93,194.56,405.09,405.36,94.03,334.04,120.97,7.03,403.58,158.49,138.05,36.65,270.47,55.11,33.34,75.73,46.41,354.81,141.88,204.93,261.25
Seema Malakaya Temple,94.1,227.46,136.81,106.84,224.58,43.09,287.78,125.5,137.13,143.49,292.9,8.49,74.24,166.55,76.52,72.33,181.38,417.9,124.28,168.85,1.62,1.02,225.38,179.82,9.01,175.9,112.78,173.27,8.75,181.33,176.41,140.82,391.12,157.33,174.43,112.61,316.69,241.56,227.16,140.82,2.23,1.68,141.13,134.41,0.09,104.32,189.39,134.55,140.36,151.72,32.91,120.03,186.95,138.68,188.46,213.92,2.36,222.2,403.68,403.69,3.36,143.34,223.94,162.27,155.64,198.81,50.59,71.67,127.01,126.73,314.22,229.18,240.56,425.62,10.39,226.89,238.86,158.12,150.95,85.75,267.13,93.87,170.01,175.91,223.15,135.62,206.38,97.94,205.24,83.74,219.69,306.02,173.09,232.15,216.71,167.86,138.5,220.31,11.79,173.21,30.12,396.0,159.47,405.66,47.96,43.45,417.94,325.81,175.64,2.98,289.25,136.99,2.46,202.7,134.15,95.65,160.31,173.78,225.08,182.86,226.36,175.41,49.26,129.74,213.2,119.62,224.63,226.4,216.71,151.99,138.45,0.0,116.72,301.42,201.49,132.11,120.74,244.86,260.23,97.99,157.94,115.5,4.73,4.35,223.57,126.98,318.03,317.94,193.33,218.59,161.52,144.75,316.93,132.83,0.67,121.46,196.22,175.99,161.86,189.91,175.38,226.29,3.82,245.84,147.79
Seenigama Muhudu Viharaya,130.97,328.24,150.52,162.03,293.83,158.54,273.35,184.68,138.41,141.19,327.63,111.08,42.54,181.99,103.24,44.95,163.9,530.35,181.54,63.66,118.2,115.76,326.01,262.63,107.72,179.44,140.91,161.37,111.47,81.19,190.1,26.69,496.7,113.31,173.9,170.8,393.44,256.07,297.28,26.69,118.5,117.75,26.92,155.6,116.81,114.24,103.03,154.4,155.48,45.09,139.48,3.34,94.38,141.15,98.2,296.33,114.58,322.84,514.88,514.85,120.08,29.74,324.45,55.29,46.4,123.96,66.13,45.06,185.06,185.03,394.05,184.93,319.94,536.82,119.5,296.86,181.82,216.37,41.84,31.03,239.58,124.53,163.22,176.02,323.8,157.53,169.24,18.94,252.32,87.95,202.41,382.46,71.73,329.13,294.71,62.56,156.66,320.05,105.19,94.44,144.86,509.55,236.57,516.62,163.65,159.46,528.25,406.27,176.81,119.41,337.26,157.73,119.15,283.2,159.18,173.57,226.3,71.25,294.63,264.47,296.18,175.91,67.63,211.01,301.65,179.57,325.21,326.98,286.17,41.97,24.18,116.72,0.0,371.18,281.82,153.29,70.17,201.26,328.5,116.98,152.43,141.21,120.9,120.77,292.71,185.39,396.15,396.35,112.4,319.04,127.59,31.2,394.71,154.59,116.37,39.94,262.3,76.83,56.05,96.72,69.72,336.92,120.28,215.54,245.97
Seruwila Mangala Raja Maha Vihara,240.27,134.22,228.41,210.02,78.12,272.9,235.75,187.21,244.14,244.86,111.57,298.84,344.12,205.49,268.6,337.19,249.91,291.25,190.11,377.81,300.14,301.6,134.1,123.29,305.88,218.68,231.19,244.01,298.09,374.72,202.17,379.49,215.06,294.54,225.85,201.46,32.5,171.94,75.04,379.49,301.78,302.11,379.8,220.75,301.38,258.54,355.41,222.32,223.96,372.89,269.06,373.17,364.52,241.59,361.3,92.05,301.58,135.01,268.45,268.06,299.62,379.83,133.97,377.86,378.5,339.44,328.15,341.21,186.61,186.69,42.54,291.15,65.4,284.18,291.4,75.38,316.59,154.82,376.2,351.38,262.04,246.65,237.55,224.14,134.78,218.87,277.94,359.9,125.7,283.23,241.12,26.1,373.42,117.24,85.78,377.57,221.4,131.9,309.04,340.67,278.44,288.83,142.02,267.53,271.39,275.27,270.33,51.42,222.58,301.32,73.7,219.28,299.89,100.48,216.17,207.49,145.94,375.58,77.44,119.78,76.0,223.75,325.1,171.69,102.11,192.69,134.08,133.63,86.01,378.07,378.47,301.42,371.18,0.0,101.5,222.62,312.6,291.81,42.7,254.59,241.35,231.41,297.46,298.09,79.2,186.33,38.17,39.17,347.89,135.28,279.95,380.47,36.29,221.31,301.08,342.26,109.19,371.06,375.83,366.54,381.55,189.5,298.51,265.59,167.62
Sigiriya Lion Rock,152.69,80.68,154.63,120.74,35.46,171.47,225.45,99.14,170.92,173.85,141.61,199.56,250.4,143.44,178.8,243.94,192.38,293.77,102.67,299.14,200.15,201.75,78.89,21.86,206.55,160.92,148.74,183.89,198.82,299.72,144.83,293.99,235.85,224.69,167.2,111.98,115.31,152.3,35.34,293.99,201.7,202.07,294.32,145.46,201.46,175.36,285.87,147.23,151.33,290.96,168.79,284.19,292.76,168.9,290.5,14.97,201.83,77.2,273.07,272.84,199.5,294.84,77.6,297.59,296.56,275.27,232.33,247.39,99.28,99.21,113.72,245.15,39.24,293.22,191.72,35.44,269.15,74.59,293.54,258.8,236.49,159.74,176.57,166.19,77.74,143.9,226.04,268.46,80.73,195.28,199.86,104.57,296.56,69.07,15.75,298.71,147.84,72.55,209.8,269.16,177.41,282.03,45.26,273.49,169.9,173.81,281.26,125.69,164.57,201.19,116.58,144.92,199.84,1.4,140.29,110.52,59.83,298.52,35.14,18.64,35.39,165.6,229.37,72.98,29.52,103.47,78.26,79.28,31.23,295.35,292.61,201.49,281.82,101.5,0.0,146.58,231.38,251.35,64.14,169.47,175.63,149.96,197.37,197.98,35.11,98.84,116.95,116.94,280.72,74.54,212.83,295.69,115.75,145.44,201.21,257.96,38.64,295.33,295.82,295.21,303.84,129.97,198.42,230.67,68.46
Single Tree Hill,38.01,214.19,9.31,43.31,148.37,137.44,156.46,52.91,24.6,28.75,175.89,124.76,136.28,34.82,61.75,128.75,61.14,430.88,49.37,155.57,131.84,131.57,211.95,132.94,130.3,44.66,19.33,51.23,124.2,154.14,44.67,157.97,380.31,78.36,44.84,47.55,248.05,112.05,152.15,157.97,133.87,133.65,158.27,2.51,132.15,39.65,139.3,2.54,9.5,150.3,115.03,154.75,146.3,22.94,143.94,161.48,130.65,209.18,411.77,411.61,132.73,158.05,210.36,155.3,155.91,129.99,129.03,133.91,51.77,52.03,250.7,118.34,180.11,432.91,122.97,151.66,137.43,72.42,153.69,140.1,140.63,39.11,45.12,45.84,210.04,4.32,95.02,145.76,99.68,69.03,92.32,237.25,151.84,208.73,155.83,155.29,6.53,205.16,132.02,122.62,130.76,415.27,105.84,412.69,140.6,140.58,421.95,262.95,45.19,134.06,183.97,5.1,132.31,147.96,6.5,74.28,86.76,153.91,149.31,133.11,150.93,45.24,126.14,93.66,172.88,51.89,211.15,212.73,141.42,155.57,157.17,132.11,153.29,222.62,146.58,0.0,90.11,130.61,180.63,39.89,36.68,16.72,131.02,131.6,147.27,52.33,251.56,251.95,134.46,205.5,67.93,158.59,249.94,1.32,131.47,120.58,117.41,150.03,153.31,148.71,159.65,244.34,131.68,122.5,142.18
Sinharaja Forest Reserve,80.33,289.58,85.26,111.81,237.4,151.75,204.35,132.31,71.08,72.77,259.86,112.46,74.25,114.51,61.95,68.33,93.86,501.5,128.74,67.97,121.59,119.76,287.3,214.7,113.48,110.08,82.9,91.22,112.4,71.67,121.89,68.73,458.73,46.02,104.23,120.27,337.43,186.5,241.1,68.73,122.96,122.33,69.01,92.1,120.81,56.03,70.38,90.61,90.06,60.35,127.25,70.6,70.9,73.84,71.06,246.33,118.41,284.27,484.04,483.94,123.38,68.47,285.7,66.24,65.97,78.14,83.7,73.61,132.11,132.19,339.52,121.57,267.31,505.73,117.37,240.62,124.46,159.94,63.6,70.99,172.49,73.1,93.26,106.36,285.2,94.01,102.82,70.28,189.49,44.75,132.9,326.55,66.6,287.28,242.4,67.47,92.03,280.82,112.8,53.19,139.18,483.16,187.38,485.37,156.69,153.93,495.85,351.79,107.24,123.69,272.21,93.78,122.5,232.78,96.51,133.09,172.44,68.31,238.3,215.74,239.9,106.29,82.37,166.69,255.0,128.37,286.49,288.2,230.17,65.48,68.24,120.74,70.17,312.6,231.38,90.11,0.0,138.16,270.43,62.47,82.87,82.07,122.96,123.2,236.29,132.56,340.74,341.07,72.91,280.45,58.47,68.89,339.16,91.42,120.12,31.93,206.01,66.63,64.44,73.86,73.06,308.89,122.92,148.62,209.67
Sithulpawwa Rock Temple,160.88,329.21,121.84,173.85,237.09,262.08,87.39,178.83,113.17,106.62,197.9,236.46,212.37,112.59,168.9,206.22,69.49,545.05,175.86,157.57,245.17,244.04,327.13,245.26,239.85,94.29,145.41,79.38,236.12,142.34,108.27,187.13,484.95,92.46,89.87,177.2,323.18,121.15,240.87,187.13,246.99,246.53,187.24,129.64,244.92,142.0,112.29,128.33,121.32,167.6,237.63,200.41,124.98,112.75,119.89,264.51,242.82,324.81,524.41,524.18,246.61,185.02,325.65,163.81,171.02,86.62,219.22,211.61,177.18,177.54,330.1,16.59,273.89,544.5,238.09,240.32,30.43,182.51,172.59,208.86,46.29,157.44,85.72,90.02,325.54,129.85,38.52,206.57,175.62,161.81,52.08,313.9,148.14,319.92,254.57,158.19,125.01,320.35,240.28,111.05,252.84,532.44,221.73,524.83,265.98,265.02,532.38,341.28,91.42,247.48,227.0,128.13,245.92,252.51,133.55,204.83,198.41,150.2,238.16,243.93,239.61,90.69,217.34,219.02,280.72,179.7,326.4,327.74,232.95,174.02,188.18,244.86,201.26,291.81,251.35,130.61,138.16,0.0,257.77,149.68,94.44,142.24,245.46,245.9,236.22,177.73,328.19,328.96,100.47,321.47,84.01,184.46,326.32,130.84,244.19,162.07,213.76,142.59,161.61,124.83,156.36,367.64,245.79,28.29,267.52
Somawathiya Chaitya,197.58,118.25,186.72,167.34,35.8,233.42,210.36,144.53,202.63,203.67,98.04,257.34,301.51,165.28,225.9,294.55,211.18,304.32,147.42,336.09,258.99,260.37,117.43,85.01,264.39,179.47,188.7,204.68,256.59,333.53,162.76,337.03,233.94,253.86,186.57,158.79,68.16,141.35,33.07,337.03,260.68,260.98,337.35,178.83,260.2,216.07,315.08,180.43,182.38,330.76,228.18,330.51,323.83,200.14,320.76,58.68,260.3,117.36,281.99,281.66,258.55,337.42,116.81,335.93,336.38,300.07,285.75,298.6,143.91,144.0,73.02,255.62,37.83,299.73,250.11,33.35,280.94,112.14,333.99,308.71,232.01,203.98,197.98,184.97,117.42,176.97,240.79,317.2,85.91,240.56,206.13,57.77,331.95,101.57,48.81,335.83,179.69,113.33,267.52,299.93,238.21,298.11,100.83,281.59,232.25,235.93,286.41,84.79,183.38,260.25,63.59,177.45,258.78,63.4,174.15,165.61,103.35,334.07,35.23,81.2,33.89,184.54,282.7,130.61,74.06,150.03,117.16,117.27,43.73,335.86,335.98,260.23,328.5,42.7,64.14,180.63,270.43,257.77,0.0,212.0,200.97,188.99,256.39,257.02,36.86,143.64,72.33,72.9,307.97,116.46,239.65,338.08,70.57,179.33,259.87,299.86,66.52,329.74,333.93,325.93,339.97,174.17,257.42,232.76,132.49
Sri Pada / Adam's Peak,18.2,227.53,41.31,49.35,177.83,112.61,190.54,70.35,39.13,45.51,215.29,89.99,96.66,73.91,22.73,89.15,83.67,440.85,66.87,130.43,98.02,97.31,225.25,152.34,94.7,79.6,24.1,75.32,89.53,133.22,83.55,125.41,396.48,72.6,77.23,57.86,277.86,151.53,181.4,125.41,99.97,99.63,125.73,42.4,98.04,8.73,125.66,41.78,45.74,121.5,87.98,118.81,129.53,40.74,128.45,184.36,96.22,222.25,422.95,422.84,99.21,126.01,223.64,128.35,127.09,123.82,89.29,94.22,70.32,70.36,279.23,134.88,206.12,444.53,90.0,180.96,148.59,100.04,124.09,101.08,169.19,11.19,72.05,78.87,223.16,44.16,111.32,107.6,135.81,29.85,121.71,266.91,128.83,224.89,181.03,129.92,45.17,218.7,95.95,107.79,103.16,423.25,125.1,424.18,116.68,115.49,434.41,291.51,78.79,100.32,221.5,44.94,98.64,170.87,44.6,72.39,111.31,130.63,178.68,153.48,180.26,78.42,86.43,104.39,192.6,66.1,224.43,226.13,170.34,125.9,124.23,97.99,116.98,254.59,169.47,39.89,62.47,149.68,212.0,0.0,59.94,24.91,97.78,98.29,176.72,70.73,280.87,281.14,124.13,218.43,70.33,126.77,279.35,41.03,97.33,88.72,146.25,128.4,126.65,132.31,135.51,249.42,98.27,148.26,148.66
St Benedict's Monastery - Adisham,67.65,247.3,27.59,79.93,171.78,169.56,131.57,88.2,20.81,14.55,177.83,149.93,145.55,35.89,81.98,138.21,25.15,464.41,84.84,139.64,157.95,157.25,245.09,164.4,154.51,27.25,51.13,15.74,149.47,134.21,40.79,150.78,411.18,53.33,21.48,84.14,269.13,103.68,175.67,150.78,159.91,159.57,151.04,36.11,157.98,54.18,114.12,34.6,27.93,138.67,145.83,153.14,123.21,19.44,119.95,190.2,156.16,242.44,444.88,444.7,159.13,150.14,243.52,141.3,144.0,100.2,144.12,143.74,86.82,87.13,273.15,81.73,206.04,465.78,149.84,175.15,100.91,101.3,142.83,146.53,109.36,65.38,12.39,23.59,243.26,36.71,58.34,149.33,115.66,81.4,61.77,258.63,133.96,240.65,182.97,139.6,31.82,238.27,155.64,99.42,161.41,449.54,138.12,445.67,173.15,172.6,454.5,285.24,24.39,160.26,193.07,35.1,158.57,176.96,40.65,110.85,116.9,136.2,172.79,164.05,174.4,23.48,141.57,129.18,203.38,87.91,244.31,245.83,165.62,144.7,150.56,157.94,152.43,241.35,175.63,36.68,82.87,94.44,200.97,59.94,0.0,47.95,157.68,158.19,170.73,87.39,273.16,273.67,107.16,238.84,38.68,150.35,271.43,37.11,157.27,114.75,142.57,130.95,139.09,125.2,142.5,279.84,158.18,89.06,177.94
St Clair's Falls,21.48,213.15,22.04,35.62,155.48,122.39,172.7,51.84,29.88,36.07,190.5,108.09,121.48,51.52,45.62,113.97,73.1,428.74,48.16,149.37,115.25,114.94,210.88,134.41,113.59,60.71,3.18,63.52,107.53,149.87,61.38,148.07,380.92,79.32,60.09,42.35,255.57,128.51,159.14,148.07,117.27,117.05,148.39,19.12,115.53,27.18,138.1,19.09,24.98,142.31,99.38,142.91,143.81,29.75,141.99,164.93,114.01,208.0,410.14,410.0,116.17,148.43,209.28,148.24,147.94,131.82,113.08,118.99,51.28,51.43,257.48,128.95,185.32,431.5,106.45,158.68,146.21,77.88,145.32,125.99,155.43,22.46,58.34,61.32,208.88,20.57,105.27,132.39,111.18,54.74,107.13,244.66,146.61,208.99,160.51,148.98,23.01,204.18,115.3,120.72,115.09,412.26,106.98,411.2,125.77,125.49,420.9,269.76,60.84,117.48,196.67,21.75,115.73,151.36,20.16,65.13,90.56,148.57,156.37,135.08,157.96,60.76,110.14,90.41,174.74,49.01,210.07,211.72,148.18,147.17,147.07,115.5,141.21,231.41,149.96,16.72,82.07,142.24,188.99,24.91,47.95,0.0,114.48,115.06,154.36,51.78,258.79,259.11,134.61,204.24,71.89,149.09,257.22,17.58,114.85,110.87,124.01,145.42,146.37,146.41,153.94,239.8,115.13,136.35,137.68
St Lucia's Cathedral,93.03,222.78,135.99,104.45,220.79,38.48,287.02,122.65,136.87,143.29,290.19,10.71,78.47,165.28,76.75,76.34,181.36,413.26,121.53,172.31,3.12,5.48,220.7,175.66,13.38,175.05,111.7,173.1,10.65,184.53,175.13,144.78,386.38,158.65,173.78,109.98,312.51,239.82,223.32,144.78,4.33,4.77,145.1,133.27,4.66,104.38,192.0,133.47,139.42,155.33,28.62,124.2,189.82,138.34,191.23,209.7,6.43,217.52,399.0,399.01,2.16,147.27,219.26,165.84,159.33,200.92,54.78,75.85,124.2,123.91,309.96,229.89,236.4,420.94,8.06,223.06,240.04,155.03,154.66,89.97,266.98,93.15,169.66,175.21,218.47,134.43,206.95,102.16,202.35,84.9,219.37,301.86,176.38,227.54,212.63,171.33,137.44,215.65,16.36,175.66,25.41,391.4,155.59,400.97,43.39,38.93,413.25,321.53,174.89,3.87,286.07,135.84,2.52,198.57,132.84,92.2,156.87,177.11,221.27,178.73,222.54,174.69,53.33,125.83,208.8,116.8,219.95,221.72,212.92,155.72,142.42,4.73,120.9,297.46,197.37,131.02,122.96,245.46,256.39,97.78,157.68,114.48,0.0,0.65,219.78,124.15,313.81,313.72,195.71,213.92,162.4,148.67,312.72,131.7,4.82,124.68,192.62,179.17,165.39,192.79,178.83,221.58,1.05,245.89,143.22
St. Mary's Church,93.6,223.26,136.55,105.09,221.42,38.77,287.58,123.3,137.39,143.8,290.84,10.85,78.32,165.87,77.22,76.25,181.86,413.56,122.18,172.34,2.73,5.17,221.19,176.26,13.16,175.62,112.28,173.61,10.83,184.61,175.72,144.71,386.8,159.01,174.33,110.62,313.11,240.43,223.95,144.71,3.74,4.22,145.02,133.86,4.27,104.87,192.19,134.05,139.99,155.33,29.22,124.07,189.97,138.86,191.39,210.3,6.21,218.01,399.34,399.34,1.53,147.2,219.75,165.85,159.32,201.18,54.64,75.72,124.85,124.56,310.55,230.32,237.0,421.27,8.66,223.69,240.42,155.68,154.64,89.82,267.49,93.7,170.19,175.76,218.96,135.02,207.39,102.02,203.0,85.27,219.89,302.46,176.45,228.05,213.24,171.36,138.02,216.15,16.08,175.87,25.77,391.68,156.22,401.31,43.66,39.17,413.59,322.12,175.45,3.23,286.72,136.42,2.0,199.18,133.43,92.84,157.52,177.17,221.9,179.34,223.17,175.25,53.22,126.46,209.37,117.44,220.44,222.21,213.55,155.7,142.34,4.35,120.77,298.09,197.98,131.6,123.2,245.9,257.02,98.29,158.19,115.06,0.65,0.0,220.41,124.8,314.41,314.31,195.93,214.41,162.81,148.6,313.32,132.28,4.52,124.76,193.27,179.26,165.41,192.93,178.87,221.94,0.53,246.39,143.75
Statue of Parakramabahu I,161.75,108.91,154.02,131.06,1.12,197.76,200.11,108.25,170.22,171.89,107.08,220.58,264.96,135.83,189.8,258.06,183.6,313.32,111.26,302.77,222.35,223.7,107.47,52.37,227.63,151.57,153.85,176.22,219.83,301.19,134.81,302.06,249.04,222.71,158.45,122.42,101.21,127.55,4.95,302.06,224.06,224.35,302.38,145.65,223.55,181.23,284.23,147.32,149.95,296.61,191.68,294.79,292.37,167.85,289.57,38.15,223.6,106.41,291.74,291.46,221.94,302.56,106.42,302.2,302.24,270.79,248.97,262.04,107.74,107.8,103.44,232.13,37.71,310.9,213.42,4.43,257.03,76.69,299.68,272.33,215.86,168.3,169.2,157.06,106.76,143.86,215.24,281.02,60.61,204.83,184.14,90.3,299.1,94.45,24.99,302.46,146.98,101.85,230.74,268.48,202.05,303.99,64.44,291.79,196.81,200.35,298.22,115.69,155.44,223.65,81.57,144.5,222.16,35.02,140.77,128.77,66.8,301.18,2.07,48.35,3.68,156.56,245.93,94.16,57.45,113.64,106.97,107.63,6.88,301.53,300.93,223.57,292.71,79.2,35.11,147.27,236.29,236.22,36.86,176.72,170.73,154.36,219.78,220.41,0.0,107.44,104.45,104.79,277.81,104.39,209.24,303.27,102.87,146.0,223.21,265.07,30.47,297.19,300.27,294.6,306.91,161.75,220.81,213.15,101.71
Temple of the Sacred Tooth Relic,54.6,162.15,61.48,23.73,108.55,115.33,185.23,1.65,76.65,81.08,166.1,121.97,158.09,66.56,82.36,151.04,109.8,378.61,3.88,200.38,126.1,126.82,159.9,82.64,128.8,84.17,50.24,99.99,121.25,201.54,73.68,195.84,329.29,129.77,87.91,15.44,208.06,123.91,111.94,195.84,128.06,128.14,196.17,52.07,126.98,76.53,189.62,53.79,59.73,192.17,99.56,187.53,195.57,75.21,193.68,113.77,126.37,157.09,359.62,359.46,126.25,196.55,158.31,198.76,197.77,181.91,143.56,155.22,0.57,0.37,208.93,167.17,135.45,380.82,116.62,111.53,187.96,32.56,194.82,165.08,179.05,61.41,92.95,87.92,157.96,51.06,144.69,173.6,78.27,97.69,132.72,197.08,198.04,157.4,110.31,199.94,55.83,153.15,131.52,172.38,113.76,362.95,55.21,360.57,116.79,118.49,369.99,221.19,86.62,127.89,163.18,52.55,126.2,100.24,47.08,37.02,40.93,199.95,109.32,83.4,110.86,87.24,140.49,41.82,122.99,7.37,159.1,160.7,100.83,196.63,194.56,126.98,185.39,186.33,98.84,52.33,132.56,177.73,143.64,70.73,87.39,51.78,124.15,124.8,107.44,0.0,210.84,211.06,185.64,153.38,120.18,197.35,209.37,51.49,126.47,159.41,77.15,197.02,196.99,198.15,205.17,192.45,125.08,164.83,90.62
Trincomalee Beach,265.42,124.7,258.06,234.12,103.34,285.86,273.84,211.5,274.14,275.45,149.49,316.36,366.52,237.54,292.94,359.88,283.47,256.52,214.7,407.13,316.65,318.32,125.23,138.33,323.32,251.8,258.22,277.01,315.62,405.16,235.09,406.27,178.58,325.9,258.9,225.36,5.92,209.15,99.65,406.27,318.15,318.55,406.59,249.88,317.99,285.58,387.22,251.53,253.86,401.06,285.19,398.34,395.81,271.71,392.82,104.11,318.45,126.97,233.66,233.25,315.93,406.83,125.56,406.64,406.68,372.4,349.03,363.54,211.18,211.2,7.62,326.86,77.71,248.5,308.39,100.11,352.27,180.99,404.11,374.52,299.56,272.13,270.3,257.29,126.48,248.06,312.71,383.73,158.24,308.52,277.04,14.57,403.3,109.13,102.46,406.83,251.02,124.97,326.59,371.9,292.93,255.88,161.34,232.53,283.72,287.94,234.52,13.31,255.71,317.6,111.73,248.64,316.3,115.67,245.06,227.23,169.9,405.4,102.43,135.49,100.83,256.87,346.04,189.88,107.55,216.58,125.44,124.52,110.62,405.96,405.09,318.03,396.15,38.17,116.95,251.56,340.74,328.19,72.33,280.87,273.16,258.79,313.81,314.41,104.45,210.84,0.0,1.19,380.23,128.3,311.84,407.56,1.9,250.28,317.77,369.39,134.78,401.27,404.69,397.95,411.19,176.13,314.86,302.38,176.09
Trincomalee War Cemetery,265.65,123.95,258.48,234.32,103.68,285.66,274.79,211.72,274.57,275.91,150.55,316.3,366.63,238.07,293.13,360.0,284.06,255.34,214.93,407.51,316.56,318.24,124.49,138.28,323.26,252.38,258.53,277.58,315.56,405.59,235.66,406.54,177.43,326.38,259.47,225.56,7.06,209.99,99.98,406.54,318.05,318.45,406.87,250.27,317.9,285.88,387.72,251.93,254.29,401.39,285.1,398.54,396.28,272.14,393.3,104.03,318.37,126.26,232.48,232.07,315.83,407.11,124.84,406.99,407.02,372.95,349.08,363.64,211.41,211.43,6.57,327.58,77.71,247.33,308.31,100.45,352.98,181.29,404.43,374.65,300.43,272.38,270.86,257.88,125.76,248.46,313.37,383.88,158.81,308.75,277.77,15.18,403.7,108.44,102.53,407.21,251.43,124.29,326.53,372.38,292.78,254.69,161.4,231.35,283.5,287.72,233.35,12.41,256.29,317.5,112.77,249.05,316.21,115.66,245.45,227.27,170.13,405.8,102.77,135.46,101.17,257.45,346.1,189.89,107.25,216.78,124.71,123.78,110.93,406.28,405.36,317.94,396.35,39.17,116.94,251.95,341.07,328.96,72.9,281.14,273.67,259.11,313.72,314.31,104.79,211.06,1.19,0.0,380.76,127.62,312.35,407.84,2.91,250.67,317.68,369.69,135.09,401.69,405.05,398.43,411.59,175.25,314.77,303.18,175.8
Turtle Conservation Project Turtle Watch,141.92,347.66,126.13,169.62,278.86,224.4,184.8,185.92,109.92,106.9,274.01,185.14,137.23,142.69,131.39,133.3,99.41,563.28,182.25,58.23,194.24,192.34,345.4,267.37,185.79,129.42,136.76,104.13,185.11,41.93,145.76,92.43,514.7,56.1,122.23,176.9,376.13,194.52,282.75,92.43,195.55,194.9,92.45,135.4,193.41,115.69,11.82,133.62,129.41,71.42,199.69,110.62,24.51,111.85,19.42,295.54,190.99,342.54,544.75,544.61,196.06,89.81,343.8,65.41,73.66,13.87,152.46,137.67,185.11,185.31,380.3,86.51,312.69,566.11,190.25,282.23,74.56,206.17,76.24,129.84,145.29,135.26,110.38,124.04,343.42,136.89,81.75,123.4,222.33,115.81,123.86,365.69,48.46,342.95,289.13,58.99,132.88,338.68,184.89,20.33,211.99,546.46,240.18,545.81,229.28,226.64,555.47,392.37,125.55,196.3,295.08,135.82,195.17,282.09,140.59,196.18,221.04,50.36,279.87,267.57,281.48,124.38,151.74,224.99,307.33,183.54,344.6,346.22,272.59,77.33,94.03,193.33,112.4,347.89,280.72,134.46,72.91,100.47,307.97,124.13,107.16,134.61,195.71,195.93,277.81,185.64,380.23,380.76,0.0,338.8,68.57,88.93,378.5,135.53,192.73,79.36,249.27,42.68,63.39,24.51,56.24,373.15,195.63,122.71,271.59
Twin Baths (Kuttam Pokuna),200.31,9.22,214.47,169.9,104.22,179.15,299.95,153.0,229.98,234.15,209.84,219.58,281.8,210.29,221.18,276.54,258.57,225.58,156.65,347.94,217.02,219.17,6.97,76.22,225.85,228.47,202.22,249.36,218.91,351.65,213.39,335.81,178.55,283.09,234.09,162.15,130.21,226.81,102.19,335.81,218.03,218.6,336.15,205.0,218.53,225.89,342.25,206.76,212.15,336.85,186.86,321.85,347.38,228.44,345.87,66.33,219.7,3.83,206.28,206.11,215.79,337.24,5.42,344.93,342.25,335.29,260.31,278.76,153.93,153.7,121.65,313.82,78.65,227.44,210.64,102.55,336.8,139.4,338.59,291.89,309.75,207.5,242.02,233.4,4.78,203.8,293.22,303.03,155.08,238.94,270.93,122.83,347.04,19.19,79.44,347.34,208.34,3.4,229.2,324.72,189.56,211.25,100.87,207.2,175.67,180.38,216.68,129.83,231.84,217.29,179.07,205.14,216.41,73.77,199.87,147.95,123.39,348.76,103.46,77.74,102.89,232.77,257.69,114.25,46.98,155.26,6.17,7.95,103.08,340.26,334.04,218.59,319.04,135.28,74.54,205.5,280.45,321.47,116.46,218.43,238.84,204.24,213.92,214.41,104.39,153.38,128.3,127.62,338.8,0.0,273.43,338.3,128.17,204.57,218.53,302.58,112.77,346.8,343.45,350.07,353.35,58.03,214.93,302.46,73.08
Udawalawe National Park,85.2,282.11,59.02,107.44,210.29,182.15,145.96,120.68,43.57,39.35,212.3,153.07,130.85,74.47,86.71,124.23,37.74,498.79,117.09,104.0,161.93,160.67,279.87,200.39,156.17,62.81,74.62,38.61,152.78,96.72,78.4,120.73,447.72,16.2,55.76,113.59,307.81,134.89,214.18,120.73,163.69,163.2,120.95,68.47,161.59,61.83,75.47,66.7,61.74,105.77,157.19,127.6,84.83,45.0,81.41,227.56,159.43,277.11,479.7,479.54,163.43,119.55,278.29,106.75,110.73,62.45,135.7,129.74,119.63,119.88,311.81,67.91,244.22,500.83,155.27,213.66,78.55,138.24,110.33,128.9,114.43,80.02,43.6,57.76,277.96,69.77,46.23,128.74,154.26,78.01,74.83,297.31,97.4,276.43,220.82,104.09,65.41,273.08,156.49,61.23,171.83,483.02,173.52,480.62,186.43,184.92,489.84,323.9,59.12,164.22,230.0,68.52,162.7,214.19,73.64,136.77,153.44,99.68,211.3,200.34,212.91,57.98,133.71,161.07,239.98,119.15,279.07,280.65,204.03,112.13,120.97,161.52,127.59,279.95,212.83,67.93,58.47,84.01,239.65,70.33,38.68,71.89,162.4,162.81,209.24,120.18,311.84,312.35,68.57,273.43,0.0,119.5,310.12,68.86,160.85,87.83,180.77,93.87,104.46,86.72,106.15,311.34,162.67,90.77,209.11
Unawatuna Beach,143.02,347.52,154.1,174.96,304.38,185.32,262.05,196.87,139.93,141.31,328.08,138.42,71.75,183.18,117.9,72.48,157.17,553.57,193.48,34.22,146.15,143.75,345.26,277.63,135.81,177.55,149.45,156.53,138.74,52.62,190.24,4.55,516.71,103.74,171.29,183.71,404.47,253.15,308.0,4.55,146.66,145.91,4.37,160.66,144.84,122.06,78.27,159.23,158.92,17.51,164.62,28.12,67.86,142.68,72.3,310.49,142.52,342.13,537.44,537.39,148.06,1.47,343.67,25.68,16.45,101.78,94.54,73.87,196.96,196.98,405.99,168.73,332.8,559.34,146.38,307.54,161.97,226.6,12.81,60.58,225.79,136.02,159.71,173.42,343.08,162.59,156.13,49.22,258.19,100.67,193.13,393.54,43.36,347.14,307.65,33.14,160.8,339.07,133.54,73.77,171.62,533.48,250.8,539.05,190.48,186.52,550.32,418.27,174.45,147.56,341.09,162.45,147.12,297.09,164.9,190.83,238.06,42.4,305.25,279.1,306.84,173.43,95.56,227.22,317.45,192.28,344.45,346.21,296.97,12.1,7.03,144.75,31.2,380.47,295.69,158.59,68.89,184.46,338.08,126.77,150.35,149.09,148.67,148.6,303.27,197.35,407.56,407.84,88.93,338.3,119.5,0.0,406.03,159.91,144.33,38.22,272.83,49.01,27.02,69.79,39.69,359.88,148.14,201.92,265.64
Uppuveli Beach,263.94,124.69,256.41,232.68,101.76,284.91,271.95,210.04,272.48,273.77,147.64,315.22,365.18,235.81,291.5,358.52,281.68,258.11,213.24,405.51,315.55,317.21,125.18,137.19,322.18,250.02,256.67,275.25,314.47,403.5,233.32,404.75,180.29,324.19,257.13,223.93,4.22,207.26,98.08,404.75,317.06,317.45,405.08,248.25,316.89,284.04,385.5,249.89,252.2,399.48,284.1,396.88,394.11,270.05,391.12,103.02,317.34,126.89,235.25,234.84,314.84,405.3,125.5,405.04,405.11,370.64,347.75,362.2,209.72,209.74,8.56,325.01,76.52,250.16,307.26,98.55,350.42,179.45,402.54,373.15,297.67,270.65,268.55,255.52,126.41,246.43,310.89,382.33,156.47,307.05,275.18,12.81,401.66,109.01,101.19,405.21,249.37,124.83,325.45,370.21,291.92,257.35,160.04,234.14,282.8,287.0,236.19,15.2,253.94,316.51,109.87,247.01,315.21,114.48,243.44,225.96,168.44,403.76,100.86,134.31,99.26,255.1,344.76,188.66,106.75,215.15,125.38,124.49,109.07,404.4,403.58,316.93,394.71,36.29,115.75,249.94,339.16,326.32,70.57,279.35,271.43,257.22,312.72,313.32,102.87,209.37,1.9,2.91,378.5,128.17,310.12,406.03,0.0,248.66,316.66,367.86,133.23,399.61,403.09,396.25,409.56,176.41,313.77,300.5,175.28
Victoria Park of Nuwara Eliya,38.73,213.25,10.01,43.02,147.1,137.78,155.93,52.1,25.64,29.61,174.66,125.52,137.48,33.95,62.79,129.94,61.4,429.98,48.58,156.85,132.55,132.3,211.01,131.89,131.09,44.23,20.08,51.48,124.95,155.37,43.81,159.29,379.27,79.44,44.62,47.05,246.77,111.05,150.89,159.29,134.58,134.37,159.59,1.58,132.86,40.9,140.43,2.52,9.55,151.61,115.48,156.06,147.48,23.9,145.1,160.34,131.38,208.25,410.85,410.69,133.42,159.37,209.43,156.6,157.22,130.98,130.12,135.1,50.93,51.2,249.44,118.69,178.89,431.97,123.64,150.39,137.94,71.23,155.0,141.34,140.42,40.02,45.25,45.57,209.1,3.12,95.42,147.02,98.36,70.24,92.13,235.97,153.1,207.73,154.64,156.57,6.19,204.22,132.84,123.79,131.21,414.43,104.82,411.76,140.89,140.92,421.0,261.69,44.87,134.76,182.67,4.17,133.01,146.82,5.24,74.0,85.63,155.18,148.05,132.04,149.66,44.96,127.22,92.91,171.8,51.2,210.22,211.79,140.17,156.88,158.49,132.83,154.59,221.31,145.44,1.32,91.42,130.84,179.33,41.03,37.11,17.58,131.7,132.28,146.0,51.49,250.28,250.67,135.53,204.57,68.86,159.91,248.66,0.0,132.19,121.9,116.16,151.28,154.6,149.88,160.92,243.62,132.36,122.45,141.48
Viharamahadevi Park,93.46,227.4,136.16,106.28,224.22,43.28,287.13,124.99,136.46,142.82,292.37,7.83,73.9,165.92,75.85,71.93,180.7,418.07,123.76,168.35,1.83,0.66,225.32,179.54,8.68,175.25,112.14,172.6,8.08,180.81,175.78,140.42,391.16,156.67,173.78,112.09,316.41,240.95,226.8,140.42,2.87,2.35,140.73,133.77,0.73,103.65,188.8,133.9,139.71,151.25,32.69,119.67,186.39,138.01,187.88,213.65,1.83,222.14,403.82,403.83,3.73,142.93,223.87,161.79,155.18,198.19,50.24,71.31,126.5,126.22,313.97,228.51,240.28,425.76,9.93,226.53,238.2,157.65,150.5,85.4,266.46,93.22,169.34,175.25,223.09,134.98,205.7,97.59,204.73,83.07,219.02,305.74,172.57,232.05,216.41,167.37,137.85,220.24,11.56,172.61,30.23,396.19,159.13,405.79,48.17,43.68,418.07,325.57,174.98,3.57,288.79,136.35,2.78,202.42,133.52,95.23,159.88,173.27,224.72,182.57,226.0,174.75,48.87,129.4,212.99,119.11,224.57,226.34,216.34,151.54,138.05,0.67,116.37,301.08,201.21,131.47,120.12,244.19,259.87,97.33,157.27,114.85,4.82,4.52,223.21,126.47,317.77,317.68,192.73,218.53,160.85,144.33,316.66,132.19,0.0,120.93,195.82,175.46,161.38,189.35,174.89,226.4,4.0,245.17,147.66
Visit Kanneliya Rain Forest,105.3,311.78,116.4,137.29,266.19,158.52,233.44,158.97,102.74,104.64,291.76,114.0,58.02,146.3,81.42,54.71,124.55,520.33,155.54,48.54,122.63,120.44,309.51,240.22,113.02,141.98,111.24,122.58,114.15,59.88,153.78,37.39,481.13,73.38,136.06,146.01,366.28,218.32,269.81,37.39,123.58,122.86,37.69,122.69,121.54,83.85,72.22,121.3,121.27,34.4,135.78,39.78,67.06,105.5,69.47,272.8,119.11,306.41,503.65,503.57,124.55,37.58,307.91,43.46,39.7,89.06,75.36,58.68,159.0,159.04,367.87,145.64,294.83,525.47,120.79,269.36,144.11,188.41,36.05,50.54,199.72,98.22,124.94,138.2,307.35,124.63,129.39,45.3,220.25,63.75,162.65,355.36,51.73,310.75,269.72,47.67,123.0,303.21,111.45,59.6,145.08,500.94,213.23,505.14,163.66,160.18,516.11,380.15,139.1,124.42,303.65,124.54,123.61,259.36,126.84,154.67,200.02,52.56,267.06,241.58,268.65,138.14,75.2,190.38,280.22,154.49,308.69,310.44,258.79,37.75,36.65,121.46,39.94,342.26,257.96,120.58,31.93,162.07,299.86,88.72,114.75,110.87,124.68,124.76,265.07,159.41,369.39,369.69,79.36,302.58,87.83,38.22,367.86,121.9,120.93,0.0,234.65,54.55,42.43,69.91,54.9,326.8,124.37,175.69,230.41
Wasgamuwa National Park,131.33,119.21,124.47,100.84,31.58,173.27,187.26,78.02,140.77,142.78,114.45,192.74,235.0,108.59,159.48,228.04,157.19,331.84,80.95,272.72,195.07,196.28,117.37,42.26,199.78,125.29,123.45,149.25,191.99,271.52,108.78,271.61,271.76,193.77,131.9,92.27,131.64,114.2,35.16,271.61,196.85,197.09,271.93,115.88,196.2,150.82,255.31,117.59,120.58,266.31,165.0,264.36,263.12,138.48,260.46,50.82,196.1,115.58,310.91,310.66,194.79,272.12,116.05,272.02,271.94,242.78,219.49,232.1,77.44,77.51,133.52,208.25,63.47,330.82,185.94,34.71,232.65,46.24,269.33,242.2,197.89,137.85,142.05,130.7,116.15,114.14,190.0,250.75,42.32,174.4,161.99,120.71,269.22,107.63,41.15,272.39,117.46,110.93,202.81,239.27,176.34,320.51,40.7,311.24,172.83,176.03,318.63,145.8,129.07,196.49,97.78,114.87,194.95,39.62,110.92,100.7,36.96,271.28,32.43,38.9,34.01,130.15,216.44,68.78,68.06,83.52,116.73,117.79,24.16,271.18,270.47,196.22,262.3,109.19,38.64,117.41,206.01,213.76,66.52,146.25,142.57,124.01,192.62,193.27,30.47,77.15,134.78,135.09,249.27,112.77,180.77,272.83,133.23,116.16,195.82,234.65,0.0,267.44,270.1,265.41,276.95,166.76,193.64,192.45,88.64
Weherahena Buddhist Temple,146.5,355.91,143.21,177.45,298.29,212.37,225.21,196.94,127.14,126.2,305.93,168.48,109.89,166.57,128.18,107.88,130.18,568.12,193.3,15.78,177.16,174.97,353.63,279.63,167.57,156.55,146.79,132.43,168.61,5.37,171.63,53.09,524.87,77.99,149.57,185.68,397.59,227.67,302.09,53.09,178.11,177.4,53.04,151.57,176.07,121.23,31.05,149.89,147.42,32.11,189.04,74.4,19.25,129.61,24.1,310.3,173.64,350.62,550.67,550.57,179.07,50.14,352.02,23.72,32.73,56.43,129.32,111.12,196.54,196.66,400.6,127.98,329.99,572.35,175.1,301.6,117.24,222.16,36.29,100.42,186.59,139.31,137.41,151.59,351.54,153.35,119.94,91.45,245.75,110.54,160.62,386.87,5.9,353.18,305.47,16.66,150.26,347.1,165.98,34.28,199.07,549.69,252.2,551.99,217.48,214.15,562.44,412.83,152.92,178.95,323.73,152.69,178.13,296.73,156.52,199.7,235.73,7.68,299.25,280.42,300.86,151.79,129.39,232.78,319.99,193.44,352.81,354.52,291.43,36.93,55.11,175.99,76.83,371.06,295.33,150.03,66.63,142.59,329.74,128.4,130.95,145.42,179.17,179.26,297.19,197.02,401.27,401.69,42.68,346.8,93.87,49.01,399.61,151.28,175.46,54.55,267.44,0.0,22.07,20.87,13.82,375.39,178.88,163.44,276.29
Weligama Beach,144.2,352.62,147.48,175.96,301.38,200.28,242.12,196.73,132.08,132.22,316.33,154.8,92.28,173.77,122.53,91.3,141.97,562.37,193.16,7.65,163.14,160.85,350.35,278.99,153.16,165.73,147.3,142.84,155.02,25.63,179.81,31.21,521.96,88.27,159.02,184.51,401.28,239.35,305.11,31.21,163.91,163.18,31.13,155.11,161.95,120.46,52.21,153.53,152.03,11.07,177.95,53.38,41.15,134.71,45.79,310.76,159.55,347.28,545.5,545.42,165.06,28.19,348.75,2.32,10.66,76.77,113.3,93.87,196.54,196.62,403.62,146.41,331.68,567.29,162.05,304.63,137.53,224.16,14.47,82.02,204.49,136.99,147.02,161.12,348.21,156.98,136.12,72.04,251.52,104.68,175.28,390.44,16.35,350.95,306.81,6.54,154.46,343.96,151.28,50.75,186.73,543.17,251.72,546.95,205.43,201.81,557.78,415.89,162.32,164.78,331.99,156.55,164.12,297.22,159.79,195.54,236.85,15.43,302.29,280.09,303.9,161.23,113.75,230.32,319.24,192.7,349.53,351.27,294.24,14.91,33.34,161.86,56.05,375.83,295.82,153.31,64.44,161.61,333.93,126.65,139.09,146.37,165.39,165.41,300.27,196.99,404.69,405.05,63.39,343.45,104.46,27.02,403.09,154.6,161.38,42.43,270.1,22.07,0.0,42.93,14.01,368.95,164.99,180.93,271.75
Wewurukannala Vihara,150.49,359.08,141.06,180.17,295.68,224.28,209.29,198.24,124.72,122.71,296.2,182.09,127.25,161.08,135.56,124.5,120.59,573.16,194.56,36.51,190.98,188.9,356.8,280.65,181.8,149.21,148.17,124.26,182.15,18.49,165.08,73.78,527.3,72.07,142.07,188.0,394.04,217.05,299.53,73.78,192.09,191.4,73.74,149.96,190.0,124.43,13.0,148.22,144.84,52.64,200.25,94.45,2.99,126.95,5.54,310.14,187.56,353.86,555.19,555.07,192.87,70.88,355.2,44.6,53.58,38.25,145.24,128.19,197.63,197.8,397.68,111.01,328.56,576.72,188.13,299.02,98.19,221.1,57.01,118.45,169.8,143.47,129.98,143.99,354.76,151.61,105.68,110.3,240.85,118.6,147.48,383.46,26.72,355.37,304.49,37.45,148.03,350.17,180.48,26.14,211.3,555.47,253.26,556.38,229.32,226.27,566.46,409.84,145.43,192.9,316.01,150.74,191.94,296.6,155.08,204.62,235.38,28.16,296.66,281.15,298.28,144.26,145.0,235.83,320.91,195.27,355.99,357.66,289.11,57.73,75.73,189.91,96.72,366.54,295.21,148.71,73.86,124.83,325.93,132.31,125.2,146.41,192.79,192.93,294.6,198.15,397.95,398.43,24.51,350.07,86.72,69.79,396.25,149.88,189.35,69.91,265.41,20.87,42.93,0.0,33.19,381.44,192.58,147.21,280.97
Whale Watching in Mirissa,153.38,362.5,153.25,184.83,308.02,213.32,239.0,205.0,137.41,136.92,318.43,168.21,106.26,177.85,133.14,105.18,142.93,573.36,201.4,6.55,176.63,174.36,360.22,287.57,166.73,168.52,155.1,144.76,168.4,14.71,183.28,44.12,531.72,90.08,161.63,193.24,407.63,240.5,311.79,44.12,177.45,176.72,43.99,161.31,175.47,128.82,44.49,159.67,157.61,25.03,190.67,66.95,32.16,139.96,37.22,318.81,173.05,357.18,556.25,556.16,178.56,41.0,358.62,14.45,23.43,70.06,127.12,107.83,204.71,204.81,410.35,141.8,339.1,578.0,175.31,311.3,130.77,231.33,27.89,96.03,200.41,146.16,149.49,163.68,358.11,163.13,133.63,86.0,256.57,115.31,174.1,396.85,8.86,360.34,314.4,7.59,160.28,353.77,164.9,47.76,199.83,554.46,260.2,557.65,218.47,214.92,568.32,422.6,164.96,178.31,335.54,162.57,177.61,305.24,166.15,205.67,244.49,6.58,308.96,288.52,310.57,163.84,127.51,239.73,327.9,201.23,359.41,361.13,301.03,27.9,46.41,175.38,69.72,381.55,303.84,159.65,73.06,156.36,339.97,135.51,142.5,153.94,178.83,178.87,306.91,205.17,411.19,411.59,56.24,353.35,106.15,39.69,409.56,160.92,174.89,54.9,276.95,13.82,14.01,33.19,0.0,380.17,178.46,177.25,282.13
Wilpattu National Park,231.39,56.14,253.62,204.21,161.65,183.54,353.52,191.68,267.95,272.96,267.77,229.39,296.59,255.1,247.25,292.47,301.66,193.69,195.11,374.29,224.67,227.06,56.79,126.5,234.66,273.44,237.3,292.02,228.82,380.51,259.61,356.83,167.59,318.93,278.35,197.75,179.17,280.74,159.82,356.83,225.19,225.87,357.17,244.33,226.21,257.65,375.08,246.0,252.14,361.11,198.15,340.0,378.6,266.84,377.76,123.6,227.89,56.83,178.0,177.97,223.1,358.67,57.36,370.16,366.2,371.42,273.52,293.65,193.02,192.72,168.81,358.47,136.45,199.95,220.35,160.16,380.13,185.72,362.13,307.55,360.2,238.23,284.82,277.95,56.75,243.43,336.63,319.4,208.83,264.99,318.74,173.54,374.8,73.18,136.77,373.56,248.24,60.99,237.84,357.21,196.17,174.31,146.51,179.8,179.02,183.77,191.78,174.57,276.49,224.34,237.04,244.95,223.89,129.42,239.44,177.06,170.17,376.29,160.94,129.0,160.47,277.29,271.31,150.73,104.37,192.48,57.03,57.01,159.9,363.63,354.81,226.29,336.92,189.5,129.97,244.34,308.89,367.64,174.17,249.42,279.84,239.8,221.58,221.94,161.75,192.45,176.13,175.25,373.15,58.03,311.34,359.88,176.41,243.62,226.4,326.8,166.76,375.39,368.95,381.44,380.17,0.0,222.47,350.83,102.24
Wolvendaal Church,93.68,223.78,136.6,105.32,221.82,39.29,287.62,123.58,137.37,143.78,291.11,10.52,77.83,165.97,77.14,75.78,181.82,414.09,122.45,171.93,2.21,4.65,221.7,176.71,12.65,175.67,112.36,173.59,10.52,184.23,175.82,144.25,387.33,158.82,174.36,110.88,313.56,240.59,224.36,144.25,3.29,3.73,144.56,133.94,3.74,104.82,191.86,134.13,140.05,154.91,29.67,123.59,189.62,138.86,191.05,210.75,5.71,218.52,399.86,399.87,1.17,146.74,220.26,165.43,158.88,200.91,54.16,75.23,125.13,124.84,311.01,230.2,237.44,421.8,8.8,224.09,240.25,156.0,154.21,89.34,267.47,93.74,170.19,175.8,219.47,135.11,207.29,101.53,203.29,85.1,219.89,302.91,176.05,228.56,213.68,170.95,138.1,216.66,15.56,175.56,26.3,392.2,156.63,401.84,44.17,39.68,414.12,322.58,175.49,2.86,287.04,136.51,1.49,199.62,133.53,93.2,157.87,176.77,222.3,179.78,223.57,175.29,52.74,126.87,209.85,117.72,220.95,222.72,213.95,155.26,141.88,3.82,120.28,298.51,198.42,131.68,122.92,245.79,257.42,98.27,158.18,115.13,1.05,0.53,220.81,125.08,314.86,314.77,195.63,214.93,162.67,148.14,313.77,132.36,4.0,124.37,193.64,178.88,164.99,192.58,178.46,222.47,0.0,246.34,144.25
Yala National Park,156.65,309.85,114.64,164.56,213.96,258.54,62.11,166.1,109.56,102.99,169.83,237.63,221.62,98.28,169.33,214.97,64.59,524.29,163.48,177.7,245.97,245.1,307.84,226.38,241.73,80.89,139.52,73.34,237.22,163.85,92.02,204.15,462.18,102.85,78.33,166.62,297.26,94.04,217.66,204.15,247.88,247.49,204.3,121.06,245.89,141.53,134.32,120.03,113.0,185.75,234.89,215.08,146.97,108.46,141.98,243.24,243.95,305.66,503.31,503.06,247.25,202.32,306.39,183.21,189.68,109.17,225.61,220.49,164.3,164.69,304.56,36.76,250.86,523.06,238.19,217.12,58.14,165.11,190.71,219.48,24.04,154.4,78.02,77.83,306.35,120.85,46.3,218.66,152.71,165.11,32.3,288.2,168.7,299.66,232.7,178.21,116.31,301.12,242.55,130.27,250.46,512.6,204.32,503.59,262.05,261.6,510.7,315.54,78.91,248.28,199.55,119.12,246.63,231.76,124.16,195.19,180.68,170.86,215.02,224.72,216.43,78.49,223.45,204.91,260.18,167.82,307.12,308.39,210.34,192.27,204.93,245.84,215.54,265.59,230.67,122.5,148.62,28.29,232.76,148.26,89.06,136.35,245.89,246.39,213.15,164.83,302.38,303.18,122.71,302.46,90.77,201.92,300.5,122.45,245.17,175.69,192.45,163.44,180.93,147.21,177.25,350.83,246.34,0.0,252.58
Yapahuwa Rock Fortress,130.48,82.28,151.48,102.16,102.32,111.19,263.12,89.75,165.72,170.75,202.92,148.0,208.83,155.09,149.23,203.49,200.32,292.19,93.1,276.54,146.26,148.27,80.05,49.46,154.52,173.3,135.25,190.56,147.3,281.26,160.59,263.06,251.09,216.93,177.72,95.53,175.82,193.03,103.01,263.06,147.45,147.97,263.4,142.23,147.73,156.61,274.01,143.89,150.13,264.78,115.33,248.8,278.19,164.62,277.06,75.6,148.69,76.88,274.41,274.31,145.19,264.55,78.5,273.15,270.1,269.44,187.59,205.78,91.19,90.86,171.24,257.54,102.37,296.07,139.23,103.01,278.57,89.25,266.34,218.84,264.22,137.51,183.46,177.51,77.84,141.38,235.26,229.95,124.58,167.08,220.29,165.86,276.17,84.7,83.7,275.89,146.23,74.22,157.88,256.23,119.95,274.87,53.32,275.71,108.53,112.96,286.21,182.09,176.11,146.77,182.59,142.94,145.74,69.13,137.4,76.59,75.53,277.8,102.24,53.49,102.83,176.84,184.92,48.8,68.56,90.3,79.25,81.04,96.2,267.97,261.25,147.79,245.97,167.62,68.46,142.18,209.67,267.52,132.49,148.66,177.94,137.68,143.22,143.75,101.71,90.62,176.09,175.8,271.59,73.08,209.11,265.64,175.28,141.48,147.66,230.41,88.64,276.29,271.75,280.97,282.13,102.24,144.25,252.58,0.0
