id,question,expected_intent,detected_intent,intent_confidence,elapsed_seconds,faithfulness,answer_relevancy,context_precision,context_recall,user_input,retrieved_contexts,response,reference
Q_ACT_01,Where are the best places for swimming in Sri Lanka?,activity_query,general_query,0.0,4.22,0.8888888888888888,0.979513552842008,0.4166666666458333,0.0,Where are the best places for swimming in Sri Lanka?,"['REVIEW EVIDENCE (ChromaDB):\n1. Place: Arugam Bay\nRating: 5 stars\nTitle: The best place we visited in Sri Lanka\nSource: Visitor Review', 'rotti! the hideaway had great western food and the BEST enourmous portion of Sri lankan curries (I tried alot of it)If your a surfer, you found heaven. Try main point, or grab a tuk tuk to wisky point and by the lighthouse for less people. There is also another cool surf spot in okanda which is in the national park and if you get some people together, you can get a jeep to take u there (watch out for elephants on the beach) I would highly recommend this place, i absolutely loved it.', '2. Place: Polhena Beach\nRating: 5 stars\nTitle: Great beach to snorkel and swim with turtles.\nSource: Visitor Review', ""So many beaches in Sri Lanka are beautiful but are difficult or even dangerous to swim in the sea. Polhena has a shallow lagoon protected by a coral reef so is perfect, especially around low tide.Myriad of coral fish and regenerating coral...stunning.Stay at SUNHIL'S rest guesthouse for the perfect visit."", '3. Place: Yala National Park\nCategory: National Park / Wildlife Reserve\nLocation: Uva Province, Sri Lanka\nSource: Wikipedia Article', 'Water is abundant after the northeast monsoon, but during the dry season surface water becomes an important factor. The bodies of surface water appear in the forms of streams, tanks, waterholes, rock pools, and lagoons. Waterholes occur in low lying places while rock pools of varying size are capable of containing water year-round, and are hence an important source of water for elephants. For many water birds and water buffaloes natural waterholes are ideal habitats. Such reservoirs are largely concentrated to the Block I followed by Block II. Several tanks  are there including, Maha Seelawa,', '4. Place: Sea Turtle Farm Galle Mahamodara\nRating: 5 stars\nTitle: Highly recommended! Great place.\nSource: Visitor Review', 'in this hard time now in Sri Lanka with less tourists they need every help they can get. Highly recommended to go there!!!', '5. Place: Dunhinda Falls\nCategory: Waterfall\nLocation: Badulla, Badulla District, Uva Province, Sri Lanka\nSource: Wikipedia Article', 'Caution and Conservation\nSwimming near the base of Dunhinda Falls is extremely dangerous due to strong currents and submerged rocks. Visitors are advised to avoid approaching the water too closely. Additionally, wild elephants and monkeys are occasionally spotted along the trail. Travelers are strongly advised not to feed the wild animals or carry food containers in visible areas.', 'Tourists are encouraged to minimize environmental impact by avoiding littering and refraining from carrying plastic into the area.', 'Knowledge Graph Fact No graph results returned.']","The best place for swimming in Sri Lanka is Polhena Beach.

- **Polhena Beach** — This location features a shallow lagoon protected by a coral reef, making it perfect for swimming, especially around low tide. It is also a destination for snorkeling with turtles and viewing coral fish and regenerating coral.

The available evidence notes that swimming near the base of Dunhinda Falls is extremely dangerous due to strong currents and submerged rocks, and visitors are advised to avoid approaching the water there.","The best places for swimming in Sri Lanka include Polhena Beach, Goyambokka Beach, Unawatuna Beach, Diyaluma Falls, Hiriketiya Beach, Nilaveli Beach, and Casuarina Beach."
Q_ACT_02,Which destinations are good for bird watching in Sri Lanka?,activity_query,general_query,0.0,4.09,1.0,0.9696263709537573,0.9999999999666668,0.0,Which destinations are good for bird watching in Sri Lanka?,"['REVIEW EVIDENCE (ChromaDB):\n1. Place: Kalametiya Eco Bird Watching\nCategory: Wildlife / Bird Watching\nLocation: Sri Lanka\nSource: Wikipedia Article', 'DESTINATION: Kalametiya Eco Bird Watching\nTYPE: Wildlife / Bird Watching\nLOCATION: Sri Lanka\nCOORDINATES: 6.0895, 80.9369\nSOURCE: https://en.wikipedia.org/w/index.php?search=Kalametiya%20Eco%20Bird%20Watching%20Sri%20Lanka', 'Kalametiya Eco Bird Watching is a wildlife / bird watching located in Sri Lanka. It is a travel destination in Sri Lanka.', '2. Place: Arugam Bay\nRating: 5 stars\nTitle: The best place we visited in Sri Lanka\nSource: Visitor Review', 'rotti! the hideaway had great western food and the BEST enourmous portion of Sri lankan curries (I tried alot of it)If your a surfer, you found heaven. Try main point, or grab a tuk tuk to wisky point and by the lighthouse for less people. There is also another cool surf spot in okanda which is in the national park and if you get some people together, you can get a jeep to take u there (watch out for elephants on the beach) I would highly recommend this place, i absolutely loved it.', '3. Place: Udawalawe National Park\nCategory: National Park / Wildlife Reserve\nLocation: Monaragala District, Uva Province, Sri Lanka\nSource: Wikipedia Article', 'The open parkland attracts birds of prey such as white-bellied sea eagle, crested serpent-eagle, grey-headed fish eagle, booted eagle, and changeable hawk-eagle. Landbirds are in abundance, and include Indian roller, Indian peafowl, Malabar pied hornbill and pied cuckoo.', '4. Place: Sinharaja Forest Reserve\nRating: 5 stars\nTitle: Birdwatching in the Sinharaja Rainforest\nSource: Visitor Review', 'to get to the reserve proper but was well worth the effort. Definitely worth a visit if you get to Sri Lanka - do this area during the dry season.', '5. Place: Unawatuna Beach\nCategory: Beach\nLocation: Rumassala, Galle District, Southern Province, Sri Lanka\nSource: Wikipedia Article', ""Eco-Tourism\nOver sixty species of endemic birds, including terns, egrets, herons, sandpipers and kingfishers, as well as rarer species such as the lesser whistling duck, the Asian palm swift, the white-breasted waterhen, the Loten's sunbird and the black bittern have been sighted in the locality by the ornithologist, Clive Byers. These birds are mostly sighted in the remaining marshy area and Rumassala Hillock."", 'Knowledge Graph Fact No graph results returned.']","The best destinations for bird watching in Sri Lanka are:

- **Kalametiya Eco Bird Watching** — This is a dedicated wildlife and bird watching destination located in Sri Lanka.

- **Udawalawe National Park** — The open parkland attracts birds of prey including the white-bellied sea eagle, crested serpent-eagle, grey-headed fish eagle, booted eagle, and changeable hawk-eagle. It also hosts an abundance of landbirds such as the Indian roller, Indian peafowl, Malabar pied hornbill, and pied cuckoo.

- **Sinharaja Forest Reserve** — This area is recommended for bird watching, particularly during the dry season.

- **Unawatuna Beach** — Over sixty species of endemic birds have been sighted in the locality, specifically in the remaining marshy area and Rumassala Hillock. These include terns, egrets, herons, sandpipers, kingfishers, lesser whistling ducks, Asian palm swifts, white-breasted waterhens, Loten's sunbirds, and black bitterns.","Good destinations for bird watching in Sri Lanka include Kalametiya Eco Bird Watching, Beddegana Wetland Park, and Kumana National Park."
Q_ACT_03,What are the best spots for hiking in Sri Lanka?,activity_query,general_query,0.0,3.88,0.8,0.995132888060759,0.22499999998875,0.6666666666666666,What are the best spots for hiking in Sri Lanka?,"['REVIEW EVIDENCE (ChromaDB):\n1. Place: Arugam Bay\nRating: 5 stars\nTitle: The best place we visited in Sri Lanka\nSource: Visitor Review', 'rotti! the hideaway had great western food and the BEST enourmous portion of Sri lankan curries (I tried alot of it)If your a surfer, you found heaven. Try main point, or grab a tuk tuk to wisky point and by the lighthouse for less people. There is also another cool surf spot in okanda which is in the national park and if you get some people together, you can get a jeep to take u there (watch out for elephants on the beach) I would highly recommend this place, i absolutely loved it.', '2. Place: Pidurutalagala\nRating: 4 stars\nTitle: Drive to Highest Mountain In Sri Lanka\nSource: Visitor Review', 'Nice experience to the highest place in Sri Lanka. You have to be more careful with the environment. There will be a army post before entering the Piduruthalagala Forest Reserve. They instruct us not to stop our vehicle in any place other than in the top. It is a must to bring your cameras. You can have a lovely view. It is freezing cold there. Be prepared.', '3. Place: Sinharaja Forest Reserve\nRating: 5 stars\nTitle: Amazing hike with knowledgeable naturalist\nSource: Visitor Review', 'Sinharaja was a highlight of our trip to Sri Lanka. We spent about 4.5 hours there and could not get there earlier than 10:30am (the full drive from Colombo took about 3.5 hours plus a half-hour stop) so we were only able to do the ""short"" loop of about 6km. We took a tuk-tuk from the main road, arranged by our guide/driver, to a small cafe from whence we hiked to the ticket office and then into the rain forest. This is Sri Lanka\'s last remaining virgin forest and is a UNESCO world heritage', '4. Place: Single Tree Hill\nCategory: Viewpoint / Hiking\nLocation: Nuwara Eliya, Nuwara Eliya District, Central Province, Sri Lanka\nSource: Wikipedia Article', 'Single Tree Hill is a viewpoint / hiking located in Nuwara Eliya District. It is a travel destination in Sri Lanka.\nAddress: Single Tree Hill, Single Tree Road, Haddon Hill, Nuwara Eliya, Nuwara Eliya District, Central Province, 22200, Sri Lanka', '5. Place: Pitawala Pathana\nCategory: Viewpoint / Hiking\nLocation: Matale, Matale District, Central Province, Sri Lanka\nSource: Wikipedia Article', 'DESTINATION: Pitawala Pathana\nTYPE: Viewpoint / Hiking\nLOCATION: Matale, Matale District, Central Province, Sri Lanka\nCOORDINATES: 7.5490862, 80.7541155\nADDRESS: Pitawala Pathana, Matale, Matale District, Central Province, Sri Lanka', 'Pitawala Pathana is a viewpoint / hiking located in Matale District. It is a travel destination in Sri Lanka.\nAddress: Pitawala Pathana, Matale, Matale District, Central Province, Sri Lanka', 'Knowledge Graph Fact No graph results returned.']","The best spots for hiking in Sri Lanka are:

- **Sinharaja Forest Reserve** — This UNESCO World Heritage site is the country's last remaining virgin forest, where visitors can complete a short loop of approximately 6km.
- **Single Tree Hill** — Located in the Nuwara Eliya District, this destination serves as both a viewpoint and a hiking location.
- **Pitawala Pathana** — Situated in the Matale District, this site is categorized as a viewpoint and hiking destination.","The best hiking spots in Sri Lanka include Ella Rock, Little Adam's Peak View Point, Horton Plains National Park, Knuckles Mountain Range, Single Tree Hill, Pidurangala Rock, Aberdeen Falls, Sinharaja Forest Reserve, Devon Falls, and Nine Arches Bridge."
Q_ACT_04,Which places are popular for exploring ancient ruins in Sri Lanka?,activity_query,general_query,0.0,3.8,0.8333333333333334,0.9615248361268064,0.99999999995,0.0,Which places are popular for exploring ancient ruins in Sri Lanka?,"['REVIEW EVIDENCE (ChromaDB):\n1. Place: Ancient City of Polonnaruwa\nRating: 5 stars\nTitle: Amazing old civilization ruins\nSource: Visitor Review', 'Polonnaruwa is a must visit place in Sri Lanka. It has so many ruins to visit and some of them are really huge and amazing. I suggest you have a car or tuk tuk as there is a lot to see', '2. Place: Arugam Bay\nRating: 5 stars\nTitle: The best place we visited in Sri Lanka\nSource: Visitor Review', 'rotti! the hideaway had great western food and the BEST enourmous portion of Sri lankan curries (I tried alot of it)If your a surfer, you found heaven. Try main point, or grab a tuk tuk to wisky point and by the lighthouse for less people. There is also another cool surf spot in okanda which is in the national park and if you get some people together, you can get a jeep to take u there (watch out for elephants on the beach) I would highly recommend this place, i absolutely loved it.', '3. Place: Colombo National Museum\nRating: 3 stars\nTitle: Fading Grandeur\nSource: Visitor Review', ""Some really good displays of Sri Lanka's history, culture and environment, but let down by some poor lighting and patchy display information. The building itself is grand and you get to walk some of the verandahs between museum display rooms. Some of the artefacts recently returned from the Netherlands were particularly interesting. Don't miss the throne room."", '4. Place: Gal Vihara\nRating: 5 stars\nTitle: fascinating to discover and walk around this historic place\nSource: Visitor Review', 'A drive or walk around this ancient city is a wondrous discovery of learning about Sri Lankan heritage', '5. Place: Abhayagiri Dagaba\nCategory: Religious Site\nLocation: Sri Lanka\nSource: Wikipedia Article', 'The golden age of Abhayagiri', 'Knowledge Graph Fact No graph results returned.']","The best places for exploring ancient ruins in Sri Lanka are the Ancient City of Polonnaruwa, Gal Vihara, and the Abhayagiri Dagaba.

- **Ancient City of Polonnaruwa** — This site features many huge ruins that are considered a must-visit, and it is recommended to use a car or tuk-tuk to navigate the large area.
- **Gal Vihara** — This historic place offers a discovery of Sri Lankan heritage, which can be explored by driving or walking around the ancient city.
- **Abhayagiri Dagaba** — This is a religious site known for its golden age.","Popular places for exploring ancient ruins in Sri Lanka include the Ancient City of Polonnaruwa, Ritigala Forest Monastery, Polonnaruwa Vatadage, and Yapahuwa Rock Fortress."
Q_ACT_05,Where can I visit famous Buddhist temples in Sri Lanka?,activity_query,general_query,0.0,4.86,0.8947368421052632,0.9527513318236104,0.9999999999,0.4,Where can I visit famous Buddhist temples in Sri Lanka?,"['REVIEW EVIDENCE (ChromaDB):\n1. Place: Gangaramaya Temple\nCategory: Religious Site\nLocation: Colombo, Colombo District, Western Province, Sri Lanka\nSource: Wikipedia Article', 'This Buddhist temple includes several imposing buildings and is situated not far from the placid waters of Beira Lake on a plot of land that was originally a small hermitage on a piece of marshy land. It has the main features of a Vihara (temple), the Cetiya (Pagada) the Bodhitree, the Vihara Mandiraya, the Seema malaka (assembly hall for monks) and the Relic Chamber. In addition, a museum, a library, a residential hall, a three storeyed Pirivena, educational halls and an alms hall are also on the premises.', '2. Place: Ruwanweli Maha Seya\nRating: 5 stars\nTitle: Must go place if you are a Buddhist\nSource: Visitor Review', ""We go every time when we visit Sri Lanka. Place can get very busy, especially full moon days. A lot of worshipers come here. Get the timing correct. floor is made by granite so it gets very hot during midday.It will take 20-30 minutes to walk around it.Buddha's relics are kept here, Hence this is must go place for Buddhists.Also walking distance to Sri Maha Boodhi, Bo tree."", '3. Place: Samudra Parakrama\nRating: 4 stars\nTitle: History, history and more history\nSource: Visitor Review', 'There are plenty of wonderful sights in Sri Lanka relating to their heritage and the Buddhist faith. This whole area is worth a visit but do it gently and let your imagination run away with you. It is peaceful and very well preserved. Worthy of a few hours.', '4. Place: Nallur Kandaswamy Kovil Festival\nCategory: Religious / Cultural Event\nLocation: Nallur, Jaffna District, Northern Province, Sri Lanka\nSource: Wikipedia Article', 'The temple has the main entrance facing the east. It has an ornately carved five-story tower or gopuram in the Dravidian architecture style at the main entrance.\nMuthukumarasarma Vaikunthavasan has been the chief priest there since 2009, pioneering the Annual Festival for over 17 years.\nIn the surrounding inner very or circumambulatory path,  it has shrines for the deities Ganesha, Palliyarai, Sandana Gopalar, Gajavalli Mahavalli, Vairavar, and Surya with his consorts, and Vairavar.\nThere is also shrine for Shivalingam and Parvati', '5. Place: Temple of the Sacred Tooth Relic\nRating: 2 stars\nTitle: Expensive waste of time\nSource: Visitor Review', 'There are plenty of other Buddhist temples in the world that are more interesting than this one. Not only is it expensive to get in but you then have to pay to have your shoes stored (you have no choice). At every opportunity there are donation boxes, we counted well over 50. I don’t know what they do with their wealth but it’s certainly not spent on the poor of Sri Lanka and have you ever seen a hungry monk???I recommend not going here.There are plenty of pictures on Google if you want a', 'Knowledge Graph Fact No graph results returned.']","The famous Buddhist temples you can visit in Sri Lanka are:

- **Gangaramaya Temple** — This site includes several imposing buildings and features a Vihara, Cetiya, Bodhitree, Vihara Mandiraya, and a Seema malaka. The premises also house a museum, library, residential hall, three-storeyed Pirivena, educational halls, and an alms hall, all located near the waters of Beira Lake.

- **Ruwanweli Maha Seya** — This temple is a site where Buddha's relics are kept. It is a location that can get very busy, particularly on full moon days when many worshipers visit. The floor is made of granite, which becomes hot during midday, and it takes approximately 20 to 30 minutes to walk around the structure. It is also within walking distance of the Sri Maha Boodhi and the Bo tree.

- **Samudra Parakrama** — This area is noted for being peaceful and well-preserved, offering sights related to the Buddhist faith and heritage that are worth a visit of a few hours.

- **Temple of the Sacred Tooth Relic** — This is a Buddhist temple where visitors may encounter donation boxes throughout the premises and are required to pay for shoe storage.","Famous Buddhist temples and religious sites in Sri Lanka include Nagadipa Purana Vihara, the Temple of the Sacred Tooth Relic, Kelaniya Raja Maha Vihara, Gangaramaya Temple, Rankoth Vehera, Sithulpawwa Rock Temple, and Weherahena Buddhist Temple."
Q_ACT_06,Where can I experience a wildlife safari in Sri Lanka?,activity_query,general_query,0.0,5.76,0.9285714285714286,0.940358244910206,0.0,0.0,Where can I experience a wildlife safari in Sri Lanka?,"['REVIEW EVIDENCE (ChromaDB):\n1. Place: Kalametiya Eco Bird Watching\nRating: 5 stars\nTitle: IT WAS THE BEST BOAT-SAFARI BIRD-WATCHING EVER!\nSource: Visitor Review', 'Buddhi is a very nice and competent guy, who knows a lot about the birds in Sri Lanka- he cares about bird-protection and the natural environment. Buddhi is going to teach you a lot in a very amazing way! The safari is by boat and we went through a stunning and beautiful nature. Everything was very peaceful, without many tourists as the other safaris we did in Yala or Bundala. You are there in the middle of nature <3 Recommended for the sunrise. Thank you very much Buddhi- this was a highlight', '2. Place: Minneriya National Park\nRating: 5 stars\nTitle: Elephant plus few other animals\nSource: Visitor Review', 'In Sri Lanka, there are few national parks where you can go on safari to watch for wild animals like Udawalawa, Yala, Wilpaththu & so on. Minneriya is special because of the wide range of areas and the number of elephants I was able to see than in other parks that I have visited. I personally prefer to start the safari after 2.30 PM and you can go around until 6.30 PM depending on the weather and the environmental condition. Even without prior booking, you can find a safari vehicle if you can go', '3. Place: Maduru Oya National Park\nCategory: National Park / Wildlife Reserve\nLocation: Badulla District, Uva Province, Sri Lanka\nSource: Wikipedia Article', ""The park's diverse aquatic avifauna includes painted stork Mycteria leucocephala, white-bellied sea eagle Haliaeetus leucogaster, grey pelican Pelecanus philippensis, great cormorant Phalacrocorax carbo , and little cormorant P. niger. Notable forest species are endemic Sri Lanka junglefowl Gallus lafayetii, the rare broad-billed roller Eurystomus glaucurus (possibly the only dry zone haunt), common tailorbird Orthotomus sutorius, shama Copsychus malabaricus, black-hooded oriole Oriolus xanthornus, and brown-capped pygmy woodpecker Yungipicus nanus. Endemic red-faced malkoha (Phaenicophaeus"", '4. Place: Dehiwala Zoo - Sri Lanka\nCategory: Zoo / Wildlife Attraction\nLocation: Dehiwala, Colombo District, Western Province, Sri Lanka\nSource: Wikipedia Article', ""Sri Lanka has a history of collecting and keeping wild animals as pets by both Sri Lankan kings as well as by European colonisers. What is known today as the National Zoological Gardens of Sri Lanka was founded by John Hagenbeck in the late 1920s. During John Hagenbeck's ownership of the zoos the facility was used as a collection centre by his colleague Heinz Randow who collected numerous native and exotic species from across Asia, for Hagenbeck's zoo; Tierpark Hagenbeck. Randow collected numerous native species such as tufted grey langur, purple-faced langur, toque macaque, sloth bear,  Sri"", '5. Place: Unawatuna Beach\nCategory: Beach\nLocation: Rumassala, Galle District, Southern Province, Sri Lanka\nSource: Wikipedia Article', '""a seashore dotted with thousands of trees, coconuts, and palms dominating, strings of houses and hermitages along the coastline, human beings and superior beings such as Gandharvas, Siddhas, and ascetics, living in them and countless bejewelled celestial nymphs thronging the shore, the coast intermittently visited by heavenly beings, Gods and demons."":', 'Knowledge Graph Fact No graph results returned.']","The best places to experience a wildlife safari in Sri Lanka are:

- **Kalametiya Eco Bird Watching** — This location offers a boat safari through nature where you can learn about birds from a guide who focuses on bird protection and the natural environment. It is a peaceful experience that is recommended for the sunrise.

- **Minneriya National Park** — This park is known for its wide range of areas and the number of elephants that can be seen. Safaris can be conducted between 2:30 PM and 6:30 PM, depending on weather and environmental conditions, and safari vehicles can be found even without prior booking.

- **Maduru Oya National Park** — This wildlife reserve features diverse aquatic avifauna, including the painted stork, white-bellied sea eagle, grey pelican, great cormorant, and little cormorant. It is also home to forest species such as the endemic Sri Lanka junglefowl, the rare broad-billed roller, common tailorbird, shama, black-hooded oriole, brown-capped pygmy woodpecker, and the endemic red-faced malkoha.

- **Dehiwala Zoo** — Located in the Colombo District, this facility serves as a wildlife attraction that houses various native species, including the tufted grey langur, purple-faced langur, toque macaque, and sloth bear.","Top places for wildlife safari experiences in Sri Lanka include Gal Oya National Park, Hurulu Eco Park, Kaudulla National Park, Kumana National Park, and the Elephant Transit Home."
Q_ACT_07,What are the best places for boating and boat rides in Sri Lanka?,activity_query,general_query,0.0,3.2,0.6666666666666666,0.9846514222052902,0.0,0.1428571428571428,What are the best places for boating and boat rides in Sri Lanka?,"['REVIEW EVIDENCE (ChromaDB):\n1. Place: Arugam Bay\nRating: 5 stars\nTitle: The best place we visited in Sri Lanka\nSource: Visitor Review', 'rotti! the hideaway had great western food and the BEST enourmous portion of Sri lankan curries (I tried alot of it)If your a surfer, you found heaven. Try main point, or grab a tuk tuk to wisky point and by the lighthouse for less people. There is also another cool surf spot in okanda which is in the national park and if you get some people together, you can get a jeep to take u there (watch out for elephants on the beach) I would highly recommend this place, i absolutely loved it.', '2. Place: Negombo Beach\nCategory: Beach\nLocation: Ettukala, Gampaha District, Western Province, Sri Lanka\nSource: Wikipedia Article', 'Dutch Ceylon', '3. Place: Mount Lavinia Beach\nRating: 4 stars\nTitle: Blag your way onto hotel beach.\nSource: Visitor Review', ""waves.There was a pool bar and restaurant on the beach. We ate lunch in the lounge - it was good and reasonably priced as we shared a pizza and single portion of chips ( portions were huge). We decided to try Sri Lankan trains for journey back to Colombo. It was very, very cheap. Train arrived on time (we googled) and we had seats. It was quicker than car taking about 25 minutes from Mount Lavinia to Colombo Fort. We saw so much that way. Trains weren't exactly comfortable but were ok."", ""4. Place: Sri Pada / Adam's PeakUnclaimedIf you own this business, claim it for free now to update business info, respond to reviews, and more.Claim this listing\nRating: 5 stars\nTitle: Pure cultural and natural experience\nSource: Visitor Review"", ""A must visit for an adventurer visiting Sri Lanka. Recommended to start climbing at night, so you can reach the top for sunrise. I used 2,5 hours for a medium speed ascend. In addition to all the natural dimensions of the experience, this is also really a pure cultural experience. If you don't like buddhism, this is maybe not for you. Really memorable visit."", '5. Place: Madu River Safari by Buddhi\nRating: 5 stars\nTitle: Amazing Nature!!!\nSource: Visitor Review', 'Boat ride on Madu river is a must in Sri Lanka. The beautiful Mangrove plantations take your breath away', 'Knowledge Graph Fact No graph results returned.']","The best place for boating and boat rides in Sri Lanka is:

- **Madu River Safari by Buddhi** — This location offers a boat ride on the Madu River where visitors can view mangrove plantations.","The best places for boating and boat rides in Sri Lanka include Madu River Safari by Buddhi, Muthurajawela Marsh, Koggala Lake, Gal Oya National Park, Gregory Lake, Nagadipa Purana Vihara, and Seenigama Muhudu Viharaya."
Q_ACT_08,What are the best locations for bird watching in Sri Lanka?,activity_query,general_query,0.0,3.77,1.0,0.9999999999999996,0.9999999999666668,0.0,What are the best locations for bird watching in Sri Lanka?,"['REVIEW EVIDENCE (ChromaDB):\n1. Place: Kalametiya Eco Bird Watching\nCategory: Wildlife / Bird Watching\nLocation: Sri Lanka\nSource: Wikipedia Article', 'DESTINATION: Kalametiya Eco Bird Watching\nTYPE: Wildlife / Bird Watching\nLOCATION: Sri Lanka\nCOORDINATES: 6.0895, 80.9369\nSOURCE: https://en.wikipedia.org/w/index.php?search=Kalametiya%20Eco%20Bird%20Watching%20Sri%20Lanka', 'Kalametiya Eco Bird Watching is a wildlife / bird watching located in Sri Lanka. It is a travel destination in Sri Lanka.', '2. Place: Arugam Bay\nRating: 5 stars\nTitle: The best place we visited in Sri Lanka\nSource: Visitor Review', 'rotti! the hideaway had great western food and the BEST enourmous portion of Sri lankan curries (I tried alot of it)If your a surfer, you found heaven. Try main point, or grab a tuk tuk to wisky point and by the lighthouse for less people. There is also another cool surf spot in okanda which is in the national park and if you get some people together, you can get a jeep to take u there (watch out for elephants on the beach) I would highly recommend this place, i absolutely loved it.', '3. Place: Udawalawe National Park\nCategory: National Park / Wildlife Reserve\nLocation: Monaragala District, Uva Province, Sri Lanka\nSource: Wikipedia Article', 'The open parkland attracts birds of prey such as white-bellied sea eagle, crested serpent-eagle, grey-headed fish eagle, booted eagle, and changeable hawk-eagle. Landbirds are in abundance, and include Indian roller, Indian peafowl, Malabar pied hornbill and pied cuckoo.', '4. Place: Unawatuna Beach\nCategory: Beach\nLocation: Rumassala, Galle District, Southern Province, Sri Lanka\nSource: Wikipedia Article', ""Eco-Tourism\nOver sixty species of endemic birds, including terns, egrets, herons, sandpipers and kingfishers, as well as rarer species such as the lesser whistling duck, the Asian palm swift, the white-breasted waterhen, the Loten's sunbird and the black bittern have been sighted in the locality by the ornithologist, Clive Byers. These birds are mostly sighted in the remaining marshy area and Rumassala Hillock."", '5. Place: Sinharaja Forest Reserve\nRating: 5 stars\nTitle: Birdwatching in the Sinharaja Rainforest\nSource: Visitor Review', 'to get to the reserve proper but was well worth the effort. Definitely worth a visit if you get to Sri Lanka - do this area during the dry season.', 'Knowledge Graph Fact No graph results returned.']","The best locations for bird watching in Sri Lanka are:

- **Kalametiya Eco Bird Watching** — A dedicated wildlife and bird watching destination located in Sri Lanka.

- **Udawalawe National Park** — The open parkland attracts birds of prey including the white-bellied sea eagle, crested serpent-eagle, grey-headed fish eagle, booted eagle, and changeable hawk-eagle. It also features an abundance of landbirds such as the Indian roller, Indian peafowl, Malabar pied hornbill, and pied cuckoo.

- **Unawatuna Beach** — Over sixty species of endemic birds have been sighted in the locality, particularly in the remaining marshy area and Rumassala Hillock. Species include terns, egrets, herons, sandpipers, kingfishers, lesser whistling ducks, Asian palm swifts, white-breasted waterhens, Loten's sunbirds, and black bitterns.

- **Sinharaja Forest Reserve** — This reserve is a destination for birdwatching, which is best experienced during the dry season.","The best bird watching locations in Sri Lanka include Kalametiya Eco Bird Watching, Beddegana Wetland Park, and Kumana National Park."
Q_ACT_09,Where can I go for scenic photography and viewpoint visits in Sri Lanka?,activity_query,general_query,0.0,3.87,0.7777777777777778,0.9659708025045206,0.0,0.5,Where can I go for scenic photography and viewpoint visits in Sri Lanka?,"[""REVIEW EVIDENCE (ChromaDB):\n1. Place: Sri Pada / Adam's PeakUnclaimedIf you own this business, claim it for free now to update business info, respond to reviews, and more.Claim this listing\nRating: 5 stars\nTitle: Pure cultural and natural experience\nSource: Visitor Review"", ""A must visit for an adventurer visiting Sri Lanka. Recommended to start climbing at night, so you can reach the top for sunrise. I used 2,5 hours for a medium speed ascend. In addition to all the natural dimensions of the experience, this is also really a pure cultural experience. If you don't like buddhism, this is maybe not for you. Really memorable visit."", '2. Place: Old Parliament Building\nRating: 5 stars\nTitle: Great British Architecture\nSource: Visitor Review', 'A place must visit by everyone visits Sri Lanka, Colombo. Tourists and other do keep in mind that you are not allowed to go in or climb the fence to take pictures. If you need parking 🅿 it is not allowed. Therefore walk and come.', '3. Place: Kandy View Point\nRating: 5 stars\nTitle: The most serene & soothing place in Kandy\nSource: Visitor Review', ""& its old buildings with clay roof tiles from years gone by. You see the cars on the one way roads like ants hustling & bustling.There is no entrance to be paid or tickets to be bought. There is now a small platform from where you can take photos or get a proper view.The view during day & the view during night are completely different to each other, yet stunning in their own ways. This is simply an amazing & picteresque view of the last kingdom of Sri Lanka. Serene & soothing. It's a MUST see"", '4. Place: Wilpattu National Park\nRating: 4 stars\nTitle: Bumpy adventure\nSource: Visitor Review', ""trip, but for younger children the wildlife is probably too hidden and the ride is very bumpy. Binoculars were great for getting a bit closer to the action. Our driver was a great spotter, but with hindsight I would have liked to have had a guide to get more background information about what we were seeing.We had a fun trip. We didn't visit any other parks in Sri Lanka, so I guess you would need to read other reviews to find out if another park is more suitable depending on what you're looking"", '5. Place: Pasikudah Beach\nCategory: Beach\nLocation: Pasikudah, Batticaloa District, Eastern Province, Sri Lanka\nSource: Wikipedia Article', 'Landscape and development', 'Knowledge Graph Fact No graph results returned.']","The best places for scenic photography and viewpoint visits in Sri Lanka are:

- **Sri Pada / Adam's Peak** — Start climbing at night to reach the top for sunrise, which provides a natural and cultural experience.

- **Old Parliament Building** — A location in Colombo where you can take pictures, though you are not allowed to go inside or climb the fence.

- **Kandy View Point** — A serene and soothing location featuring a small platform for taking photos of the last kingdom of Sri Lanka, offering stunning views during both the day and night.","Top destinations for scenic photography and viewpoint visits in Sri Lanka include Baker's Falls, Beddegana Wetland Park, Brief Garden - Bevis Bawa, Coconut Tree Hill, Devon Falls, Diyaluma Falls, Dondra Head Lighthouse, Galle Fort Lighthouse, Kandy View Point, and Horton Plains National Park."
Q_ACT_10,Where can I go surfing and whale watching in Sri Lanka?,activity_query,general_query,0.0,3.63,0.8333333333333334,0.950850395579208,0.0,0.5,Where can I go surfing and whale watching in Sri Lanka?,"['REVIEW EVIDENCE (ChromaDB):\n1. Place: Arugam Bay\nCategory: Beach\nLocation: Arugam Bay, Ampara District, Eastern Province, Sri Lanka\nSource: Wikipedia Article', 'Surfing', '2. Place: Arugam Bay\nRating: 5 stars\nTitle: The best place we visited in Sri Lanka\nSource: Visitor Review', 'rotti! the hideaway had great western food and the BEST enourmous portion of Sri lankan curries (I tried alot of it)If your a surfer, you found heaven. Try main point, or grab a tuk tuk to wisky point and by the lighthouse for less people. There is also another cool surf spot in okanda which is in the national park and if you get some people together, you can get a jeep to take u there (watch out for elephants on the beach) I would highly recommend this place, i absolutely loved it.', '3. Place: Trincomalee Beach\nRating: 5 stars\nTitle: The beach is excellent and exotic.\nSource: Visitor Review', 'The Trincomalee beach is one of the most beautiful and exotic I have ever seen. And I have traveled a lot in my life (35 countries, including Peru, India, Majorka and Ibiza...). Hotels need a lot to answer to this standard and, as everywhere in Sri Lanka tourist industry workers need a lot of work and education. Activities are quite good, e.g. dolphin watching (not a must) and exceptional, e.g. Pigeon Island snorkeling ( a must). We were not very lucky to see black rock sharks (not dangerous,', '4. Place: Whale Watching in Mirissa\nCategory: Activity / Experience\nLocation: Matara District, Southern Province, Sri Lanka\nSource: Wikipedia Article', 'DESTINATION: Whale Watching in Mirissa\nTYPE: Activity / Experience\nLOCATION: Matara District, Southern Province, Sri Lanka\nCOORDINATES: 5.9033478, 80.4949752\nADDRESS: Whale Watching Area, Matara District, Southern Province, 81750, Sri Lanka', 'Whale Watching in Mirissa is a activity / experience located in Matara District. It is a travel destination in Sri Lanka.\nAddress: Whale Watching Area, Matara District, Southern Province, 81750, Sri Lanka', '5. Place: Negombo BeachUnclaimedIf you own this business, claim it for free now to update business info, respond to reviews, and more.Claim this listing\nRating: 1 stars\nTitle: Do not waste your time\nSource: Visitor Review', 'Do not waste your time on this beach, there are much nicer ones in Sri Lanka (such as Hikkaduwa down South, for example). There are no facilities, sellers will constantly hassle you, nothing special. Try to go somewhere else if you can.', 'Knowledge Graph Fact No graph results returned.']","The best places for surfing and whale watching in Sri Lanka are listed below.

### Surfing
- **Arugam Bay** — This location is heaven for surfers, with specific spots including Main Point, Whisky Point, the lighthouse area, and Okanda, which is located in a national park.

### Whale Watching
- **Whale Watching in Mirissa** — This is a dedicated activity and experience located in the Matara District of the Southern Province.","The top surfing destinations in Sri Lanka include Weligama Beach, Hiriketiya Beach, Arugam Bay, and Kabalana Beach. For whale watching, Mirissa is the top destination."
Q_FEA_01,Which heritage sites feature ancient ruins?,feature_query,general_query,0.0,13.47,0.9,0.9589936749571856,0.5657142857029714,0.0,Which heritage sites feature ancient ruins?,"['REVIEW EVIDENCE (ChromaDB):\n1. Place: Ritigala Forest Monastery\nRating: 5 stars\nTitle: Stroll through the magnificent ancient ruins like Indiana Jones.\nSource: Visitor Review', 'can hire a guide at the entrance. Beware of the monkeys, they might look cute - but they will steal your food!', '2. Place: Ancient City of Polonnaruwa\nRating: 3 stars\nTitle: Second-class site, plus how to get there from Dambulla\nSource: Visitor Review', '‘island’ group), the royal palace cluster and the quadrangle cluster, each about 500m from each other. But there are plenty more sites scattered a few kilometres around. Some ruins are in bad shape; the ones in the sacred quadrangle are perhaps in the best condition.It wasn’t possible to cover much more than the three main clusters in the time (a daytrip) that I had. Based on my experience, I’d say that if you want to examine most of the ruins, I think you will need a much earlier start, which', '3. Place: Ancient City of Polonnaruwa\nRating: 5 stars\nTitle: Amazing ruins\nSource: Visitor Review', 'I also did use a bike and think if you’re used to riding and/or are reasonably fit, you will be fine. Just cover up with sun protection!', '4. Place: Ancient City of Polonnaruwa\nCategory: Heritage Site\nLocation: Sri Lanka\nSource: Wikipedia Article', 'Today, the ancient city of Polonnaruwa stands as one of the best-planned archaeological relic cities in the country, bearing testimony to the discipline and grandeur of the Kingdom’s early rulers. Its beauty was also used as a backdrop to film scenes for the Duran Duran music video Save a Prayer in 1982. The ancient city of Polonnaruwa has been declared a World Heritage Site by UNESCO.', '5. Place: Ancient City of Polonnaruwa\nRating: 5 stars\nTitle: Worth a Long Half Day visit to see the Highlights\nSource: Visitor Review', 'The ancient ruins are fantastic and spread out so you need a car to get to them all.We spent a long half day doing the following:i) You firstly need to purchase Polonnaruwa Ancient Site entry tickets at the Archaeological Museum in Polonnaruwa. Address is WXRX+PFG, Polonnaruwa. Cost is US$25pp They take credit card or cash.There is a ticket office for locals and separate ticket office for tourists.Can also buy tickets online on the official sigiriyafortress website.The entry ticket is for 3', 'Knowledge Graph Fact No graph results returned.']","The heritage sites that feature ancient ruins are the Ancient City of Polonnaruwa and the Ritigala Forest Monastery.

- **Ancient City of Polonnaruwa** — This UNESCO World Heritage Site is one of the best-planned archaeological relic cities in the country, featuring clusters such as the royal palace and the sacred quadrangle. The ruins are spread out, requiring a car or a bike to visit, and some areas are in better condition than others.

- **Ritigala Forest Monastery** — This site allows visitors to stroll through magnificent ancient ruins. Guides are available for hire at the entrance, and visitors are advised to be cautious of monkeys in the area.","Heritage sites that feature ancient ruins include the Ancient City of Polonnaruwa, Sigiriya Lion Rock, Yapahuwa Rock Fortress, and Ritigala Forest Monastery."
Q_FEA_02,Which places have tea plantations and a scenic view?,feature_query,general_query,0.0,8.35,0.8333333333333334,0.0,0.8253968253803173,0.3333333333333333,Which places have tea plantations and a scenic view?,"['REVIEW EVIDENCE (ChromaDB):\n1. Place: Lipton’s Seat\nRating: 5 stars\nTitle: A Must-Visit for Nature and Tea Lovers!\nSource: Visitor Review', 'As a tour guide, I’ve had the pleasure of visiting Lipton’s Seat countless times, and it never fails to impress. Perched high in the lush tea country of Sri Lanka, this iconic viewpoint offers breathtaking panoramas of rolling hills and verdant tea estates. On a clear day, you can see all the way to the southern coast!The journey to the top is just as magical, winding through scenic tea plantations and charming villages. I always recommend arriving early in the morning to catch the sunrise—it’s', '2. Place: Pedro Tea Factory\nRating: 3 stars\nTitle: Cool guide though..\nSource: Visitor Review', ""Quick run through the production plant followed by two samples of tea to taste. Then you must buy.I was hoping to visit the tea plantation, but that was not part of the tour -perhaps due to the inclement weather.Not bad, fairly educational, wouldn't have felt too bad about missing this one."", '3. Place: Handunugoda Tea Estate\nRating: 5 stars\nTitle: Specila tea plantation\nSource: Visitor Review', 'Virgin Tea Plantation - interesting story,good guidance, original machinery, super degustation for free', '4. Place: Ceylon Tea Museum\nRating: 3 stars\nTitle: Decent insights into tea production\nSource: Visitor Review', 'to the museum and the basic overview of tea production on the upper floor is better than the cut off newspaper clippings on the ground floor.I also visited ""Pedro Tea Estate"", an active tea factory in Nuwara Eliya, afterwards and feel like that was visit over there was giving me similar, yet a little more lively insights. I would maybe skip this Tea museum when visiting a factory but otherwise this gives a nice enough insight.', ""5. Place: Lover's Leap Falls\nRating: 5 stars\nTitle: Nice walk with great view over tea plantations\nSource: Visitor Review"", ""Walk from the main road, don't take a tuktuk! The views over the tea plantations are great. Falls are okay, but it's the complete trip that makes it worthwhile visiting.1,5 hour in total. Nice photos from women working at the plantation."", 'Knowledge Graph Fact No graph results returned.']","The places with tea plantations and scenic views are:

- **Lipton’s Seat** — This viewpoint is located in the lush tea country and offers panoramas of rolling hills and verdant tea estates, with a journey that winds through tea plantations.
- **Lover's Leap Falls** — The walk to these falls provides views over tea plantations and opportunities to see women working at the plantation.

The available evidence does not confirm that the other mentioned locations feature both tea plantations and scenic views.","Places with tea plantations and scenic views include Lipton's Seat, Pedro Tea Factory, Lover's Leap Falls, and Ceylon Tea Museum."
Q_FEA_03,Which temples are located in caves?,feature_query,general_query,0.0,11.2,1.0,0.5828999931265224,0.6787301587165842,0.3333333333333333,Which temples are located in caves?,"['REVIEW EVIDENCE (ChromaDB):\n1. Place: Dambulla Cave Temple\nRating: 5 stars\nTitle: Well worth the climb; a must-do visit\nSource: Visitor Review', ""The climb up the steps to the temple offers some wonderful views including a panorama of Lion Rock and Pidurangala Rock. It is steep in places, so take some water with you; there's nowhere to buy any at the top!You need to leave your shoes (100 Rps per person) and entry to the temple complex is 1500 Rps each. Remember to dress appropriately for visiting a temple.There are 5 caves; the newest being the furthest away. Perhaps worth starting here and working back as the older caves have the better"", '2. Place: Dambulla Cave Temple\nRating: 3 stars\nTitle: Even if it means being there...\nSource: Visitor Review', 'of the caves form real tapestries, the monumental reclining Buddhas incite to serenity. A little more confidentiality would make this temple a highly interesting visit but the reputation of the place proclaimed in the public square brings the impression closer to that of a tourist factory.Cellar temple, temple of the tooth in Kandi, Sirigiya... Can you love Paris without going to see the Eiffel Tower, or London without Big Ben or Rome without the Colosseum? You sure are!', '3. Place: Dambulla Cave Temple\nCategory: Religious Site\nLocation: Moragollewa, Matale District, Central Province, Sri Lanka\nSource: Wikipedia Article', 'Cave of the Divine King\nThe first cave is called Devaraja lena (lena in Sinhalese meaning cave), or ""Cave of the Divine King."" An account of the founding of the monastery is recorded in a 1st-century Brahmi inscription over the entrance to the first cave. This cave is dominated by the 14-meter statue of the Buddha, hewn out of the rock. It has been repainted countless times in the course of its history, and probably received its last coat of paint in the 20th century. At his feet is Buddha\'s favourite pupil, Ananda; at his head, Vishnu, said to have used his divine powers to create the caves.', '4. Place: Dambulla Cave Temple\nRating: 5 stars\nTitle: Must see but BEWARE of temple guide!!!!\nSource: Visitor Review', 'You have to walk up a bit but it’s totally worth it! The temple is a must see! As soon as you walk in the temple guide(men in white) will appear. They greet you and start showing you around. STAY AWAY from them they will want money from you! They lead you to believe it’s free and part of temple service but they are crooks working at the temple grounds!', '5. Place: Dambulla Cave Temple\nRating: 5 stars\nTitle: Very interesting, important site\nSource: Visitor Review', 'This site contains over 100 buddha statues located in a series of shallow caves. Access is via a flight of over 100 steps (or the adjacent service road). They are stunning and magnificent. Mind, we did witness how this has been achieved - they are repainted. If you are able, a must see site. But do try to visit when it is cooler and quieter', 'Knowledge Graph Fact No graph results returned.']","The temple located in a cave in Sri Lanka is the **Dambulla Cave Temple**.

Here is what you can do at **Dambulla Cave Temple**:

- Explore the series of shallow caves that contain over 100 Buddha statues.
- View the 14-meter statue of the Buddha in the first cave, known as Devaraja lena or ""Cave of the Divine King,"" which is hewn out of the rock.
- Observe the tapestries formed by the caves and the monumental reclining Buddhas.
- Climb the steps to the temple to see a panorama of Lion Rock and Pidurangala Rock.
- Visit the five individual caves, with the newest located furthest away.","Temples located in caves or associated with cave structures include Dambulla Cave Temple, Isurumuniya Temple, and Gal Vihara."
Q_FEA_04,Which places have both sculptures and paintings?,feature_query,general_query,0.0,14.44,0.75,0.9386345120935752,0.0,0.0,Which places have both sculptures and paintings?,"['REVIEW EVIDENCE (ChromaDB):\n1. Place: Maligawila Buddha Statue\nCategory: Religious Site\nLocation: Maligawila, Monaragala District, Uva Province, Sri Lanka\nSource: Wikipedia Article', 'See also\nSamadhi statue\nToluvila statue', 'References', 'Bibliography\nvon Schroeder, Ulrich. (1990). Buddhist Sculptures of Sri Lanka. (752 p.; 1620 illustrations). Hong Kong: Visual Dharma Publications, Ltd. ISBN 962-7049-05-0', 'External links\nNews article with photos of statue', '2. Place: Yapahuwa Rock Fortress\nCategory: Heritage Site\nLocation: Sri Lanka\nSource: Wikipedia Article', 'Murals: In some parts of Yapahuwa, there are murals and Buddhist statues which exist to honor the Buddha. Murals date back to the Kandyan kingdom and the location of these statues exist near the base of the Yapahuwa fortress. These murals reside in cave structures. For reference, check the image gallery.', '3. Place: Gal Vihara\nRating: 5 stars\nTitle: Stunning Statues\nSource: Visitor Review', 'These were amongst the most spectacular buddhist works of art and sculpture we say in Sri Lanka. Visit late in the day when the light is beautiful and you can take the time to appreciate them fully!', '4. Place: Samadhi Statue\nRating: 5 stars\nTitle: ""Samadhi Buddha statue""\nSource: Visitor Review', ""Samadhi Buddha statue is considered one of the best crafts made during the Anuradhapura era.the Buddha is depicted in the position of the Dhyana Mudra, the posture of meditation associated with his first Enlightenment. Whether the Buddha's Enlightenment was the experience technically called samadhi, or some other phenomenon, may depend upon the philosophical allegiance of the believer. In the Dhyana Mudra the Buddha sits cross-legged with his upturned palms placed one over the other on his lap."", '5. Place: Jaya Sri Maha Bodhi\nCategory: Religious Site\nLocation: Anuradhapura, Anuradhapura District, North Central Province, Sri Lanka\nSource: Wikipedia Article', 'Ancient statues\nTwo statues of Buddha can be seen in the image-house; a stone-standing-statue is in the right side of the stone wall.  The cobra-stone is a very rare creation, showing the embossed figure of cobra.  Several monolith heads with plain incisions are in this relig', '[Content truncated — see full article on Wikipedia]', 'Knowledge Graph Fact No graph results returned.']","The places that feature both sculptures and paintings are:

- **Yapahuwa Rock Fortress** — This site contains murals that date back to the Kandyan kingdom located within cave structures, as well as Buddhist statues situated near the base of the fortress.","Places featuring both sculptures and paintings include Dambulla Cave Temple, Yapahuwa Rock Fortress, Buduruwagala Temple, and Weherahena Buddhist Temple."
Q_FEA_05,Which beaches are known for their sunset views?,feature_query,general_query,0.0,8.39,0.9,1.0000000000000002,0.0,1.0,Which beaches are known for their sunset views?,"['REVIEW EVIDENCE (ChromaDB):\n1. Place: Mirissa Beach\nRating: 4 stars\nTitle: Beautiful Sunset!!!\nSource: Visitor Review', 'We came here in the late afternoon stroll along the beach when it’s not too hot under scorching sun. This is a busy beach with a stretch of hotels and restaurants. Hence, it’s very crowded, but still a lovely place to hangout for late afternoon stroll; to enjoy the sea breeze; to play with the strong wave; to relax on the beach, etc. The sunset at the beach was lovely and we had an unforgettable time spent at the beach. There are other nearby attractions where is worth to check out are the', '2. Place: Negombo BeachUnclaimedIf you own this business, claim it for free now to update business info, respond to reviews, and more.Claim this listing\nRating: 1 stars\nTitle: Not nice!\nSource: Visitor Review', 'We went there to see the sunset which was beautiful but sadly the beach was not! Full of garbage and a poor horse standing there more dead than alive for amusement to tourists. My kinda thought The saw a sea turtle in the waves but very sadly it was a dead dog. Nobody cared:(', '3. Place: Pasikudah Beach\nRating: 5 stars\nTitle: A Slice of Paradise – Pasikuda Beach 🌊🏝️\nSource: Visitor Review', '🍽️Pasikuda is lined with luxury resorts like Uga Bay, Maalu Maalu, and Amaya Beach, offering direct beach access and stunning sea views. The food scene is fantastic too—if you love fresh seafood, you’ll find delicious crab, prawns, and traditional Sri Lankan rice & curry at the beachfront restaurants.Sunset Magic & Best Time to Visit 🌅Sunsets at Pasikuda are magical, with the sky painting the sea in shades of orange and pink. The best time to visit is from May to September, when the sea is at', '4. Place: Mount Lavinia Beach\nRating: 4 stars\nTitle: Busy but enjoyable beach!\nSource: Visitor Review', ""We were here on an early Saturday morning. It was quite busy but in a good way. People were walking, exercising and sunbathing as well. Our hotel, Berjaya was right beside the beach and we had an over-bridge to reach the beach from our hotel (there was a train track under the bridge). There were a few restaurants that were literally on the beach itself. It's a fairly long beach. There were some watersports activities happening. I remember jet skiing. Although, we didn't do any."", '5. Place: Arugam Bay\nRating: 4 stars\nTitle: Beautiful beach, great surf break but too crowded\nSource: Visitor Review', ""The beach is wonderful, and the sunset here is incredible overloking the palm trees. There is a decent nightlife in the summer season. Good wave for surfing but way too crowded and have been in multiple collisions here for people not looking where they're going."", 'Knowledge Graph Fact No graph results returned.']","The beaches known for their sunset views are:

- **Mirissa Beach** — The sunset at this beach is described as lovely.
- **Negombo Beach** — The sunset here is described as beautiful.
- **Pasikudah Beach** — Sunsets here are described as magical, with the sky painting the sea in shades of orange and pink.
- **Arugam Bay** — The sunset here is described as incredible, overlooking the palm trees.","Beaches known for sunset views include Negombo Beach, Mirissa Beach, and Arugam Bay."
Q_FEA_06,Which places have a museum?,feature_query,general_query,0.0,9.72,1.0,0.470315669037358,0.642857142825,0.5,Which places have a museum?,"['REVIEW EVIDENCE (ChromaDB):\n1. Place: Colombo National Museum\nRating: 4 stars\nTitle: Good museum depicting Sri Lankan culture and hostory\nSource: Visitor Review', 'Well signposted once inside. Foreigners pay 1000 rupees for visit. Exhibits are on two floors. No lift. My elderly mother struggled to go upstairs . Many chairs scattered around so that she could sit when tired. Lots of Buddhist items from Pollannaruwa and Anuradhapura bronze statues stone items paintings . MuseumNot air conditioned and toilet facilities in another block. Small basic canteen serving rice and curries drinks and snacks', '2. Place: Colombo National Museum\nRating: 4 stars\nTitle: Worthy visit\nSource: Visitor Review', 'Good place to have an idea about the history of 🇱🇰. Nicely laid out with descriptions.. recommended o', '3. Place: Colombo National Museum\nRating: 5 stars\nTitle: Give tourself plenty of time here\nSource: Visitor Review', ""Amazing. Collection. We did a lot of touring around Sri Lanka and saw plenty of ancient, architectural and archaeological sites. So we went here on our last day in Sri Lanka to help tie everything together. However, people say it's a great intro cultural collection to the country. But also a nice farewell."", '4. Place: Colombo National Museum\nRating: 3 stars\nTitle: A mediocre place to visit!\nSource: Visitor Review', 'The museum is rather dark and damp to really enjoy the exhibits. Its not the most interesting for young kids. It would be great if some of the museum curators took an effort to explain exhibits to keep things a bit interesting. I dont think they have changed the exhibits since I was a kid!', '5. Place: Colombo National Museum\nRating: 3 stars\nTitle: Focus on the first half\nSource: Visitor Review', 'Great museum that can last anywhere from thirty minutes to three hours, depending on interests. Majority of interesting exhibitions are in the first few rooms and it tapers off a lot afterwards, so if pressed for time focus on the first third or so. It is bigger than it looks.', 'Knowledge Graph Fact No graph results returned.']","The only place with a museum mentioned in the evidence is the **Colombo National Museum**.

Here is what you can do at the **Colombo National Museum**:

- View Buddhist items, including bronze statues, stone items, and paintings from Polonnaruwa and Anuradhapura.
- Explore exhibits spread across two floors that depict Sri Lankan culture and history.
- Utilize the chairs scattered throughout the building to rest.
- Visit the small basic canteen that serves rice, curries, drinks, and snacks.
- Spend anywhere from thirty minutes to three hours exploring the collection.",Places that have or feature a museum include the Colombo National Museum and the Temple of the Sacred Tooth Relic.
Q_FEA_07,Which places have a fort?,feature_query,general_query,0.0,13.62,1.0,0.6935372074486054,0.3666666666483333,0.0,Which places have a fort?,"['REVIEW EVIDENCE (ChromaDB):\n1. Place: Galle Dutch Fort\nRating: 3 stars\nTitle: Fort with complete walls\nSource: Visitor Review', 'The walls of the fort are intact and you can walk all the way round them. They connect a number of bastions and there are a few cannons on the walls,There was a tableau/recreation inside one of the bastions but it was closed when we went there. Inside the fort complex there is a small town with quite a few vibey shops to look around and the usual eateries.', '2. Place: Batticaloa Fort\nRating: 5 stars\nTitle: Great visit\nSource: Visitor Review', 'tourists) more attractive place. We really hope that the fort can be preserved for future generations.', '3. Place: Jaffna Fort\nRating: 3 stars\nTitle: Free, breezy and an interesting slice of history\nSource: Visitor Review', ""Very easy to find and free to enter. The fort is primarily a ruin, with some renovation to arrest further decay. Much of the destruction happened during the civil war and in the entrance portal you can see photo's of some of the reconstruction and what it looked like at the end of the war in 2009.The fort is huge and you can walk around much of the remaining exterior walls, with a pleasant breeze off the ocean. The custodian is helpful and will point you to the right direction and answer"", '4. Place: Fort Frederick\nRating: 4 stars\nTitle: Fort Fredrick\nSource: Visitor Review', 'Lovely walk from my guesthouse along the beach towards the fort. As you walk through there are army barracks on both sides of the road and the solder going about their business. All very friendly. There are army welfare cafes where you can get a cold drink or ice cream very good. As you continue walking up a slight hill there are stalls selling usual tourist things and places to get a cold drink. Toilets are here to. Once you reach the top the Temple is in front of you.The view is amazing 😉.', '5. Place: Galle Fort Lighthouse\nRating: 3 stars\nTitle: Take a pic\nSource: Visitor Review', 'This place is a good photo during a walk around the fort walls. The beach below (and around) is not really good for sunbathing but the walk and scenery are nice', 'Knowledge Graph Fact No graph results returned.']","The places in Sri Lanka that feature a fort are:

- **Galle Dutch Fort** — This site features intact walls that connect a number of bastions and include a few cannons. Visitors can walk all the way around the walls, and the interior complex contains a small town with shops and eateries.

- **Batticaloa Fort** — This location is noted as an attractive place for tourists.

- **Jaffna Fort** — This is a large, free-to-enter site that is primarily a ruin with some renovation work. Visitors can walk around much of the remaining exterior walls and view photos of the reconstruction process in the entrance portal.

- **Fort Frederick** — This fort is accessed by a walk along the beach and features army barracks and a temple at the top of a hill. The area includes stalls selling tourist items, cafes, and toilets, and offers an amazing view.","Places with a fort include Jaffna Fort, Batticaloa Fort, and Sigiriya Lion Rock, an ancient rock fortress."
Q_FEA_08,Which locations have a bridge?,feature_query,general_query,0.0,11.47,1.0,0.4544796792975463,0.0,0.0,Which locations have a bridge?,"['REVIEW EVIDENCE (ChromaDB):\n1. Place: Nine Arches BridgeSomeone from this business manages the listing.\nRating: 4 stars\nTitle: Iconic landmark\nSource: Visitor Review', ""Another must visit location on every tourist's list of places to visit. Strangely there is no fee to wander down to the bridge. There can be many people depending on when you go. Not surprising you will see people trying to take that special shot and taking all sorts of risks, hanging over the edge or balancing on the parapet. I am sure someone has fallen off. It is along trek to get down to the bridge and there are several routes. You can take a tuk tuk for part of the trek."", '2. Place: Nine Arches BridgeSomeone from this business manages the listing.\nRating: 5 stars\nTitle: Definitely worth a visit but beware!\nSource: Visitor Review', 'fork with no sign in the middle of the hill, take the left fork that will bring you through a muddy path and keeps walking for another five min or so before you can see the bridge below you on the far left. I was told there are other ways to get there but this path brings you to the classic instagram shot of the bridge when the train hits.2) If you choose to take this path, then beware of a very slippery muddy slope. It was drizzling when we were in the middle of walking toward the nine arch', '3. Place: Nine Arches BridgeSomeone from this business manages the listing.\nRating: 5 stars\nTitle: A Bridge From The Movies\nSource: Visitor Review', 'I went on 3rd of October 2020.It was bit crowded. I think going to this place off season is better because then its more enjoyable. The path to reach this place is not that difficult. It will take about 30 minutes to reach this place from the main road.', '4. Place: Nine Arches BridgeSomeone from this business manages the listing.\nRating: 2 stars\nTitle: A bridge with a train.\nSource: Visitor Review', ""And quite crowded. That's all... Nice surroundings but there are far better in Ella. Looks like it is something special for locals."", '5. Place: Demodara Loop\nCategory: Engineering Landmark\nLocation: Demodara, Badulla District, Uva Province, Sri Lanka\nSource: Wikipedia Article', 'Continuity', 'See also\nNine Arch Bridge', 'References', 'Knowledge Graph Fact No graph results returned.']","The location that features a bridge is the Nine Arches Bridge.

- **Nine Arches Bridge** — This landmark is a popular destination where visitors can walk down to the bridge to take photographs, particularly when the train passes. The site can be crowded, and reaching it involves a trek of approximately 30 minutes from the main road, with some routes involving muddy or slippery paths. While there is no fee to visit, travelers sometimes use tuk-tuks for part of the journey.","Locations featuring a bridge include Bogoda Wooden Bridge, Matara Paravi Duwa Temple, Negombo Fish Market, Demodara Loop, Royal Botanical Gardens, and Ella Rock."
Q_FEA_09,Which places are associated with a lagoon?,feature_query,general_query,0.0,9.93,0.5,0.0,0.0,0.0,Which places are associated with a lagoon?,"['REVIEW EVIDENCE (ChromaDB):\n1. Place: Gregory Lake\nRating: 5 stars\nTitle: Great place to spend Nuwara Eliya evenings! Beware of boat operators!\nSource: Visitor Review', ""We have visited here twice earlier but this time with our little kid. There are plenty of water activities like waterscootering, boating and pedal boating. Beware of boat operators who will stop you even from the car park. Before selecting one, ask a few about prices. No swimming of course. There are plenty of street food stalls. There is a floating restaurant which operates for groups more than in certain number which I've forgotten. (Vaguely remember as 15).Close to the car park there is a"", '2. Place: Beddegana Wetland Park\nRating: 4 stars\nTitle: Wetland Ecosystem in the Heart of the City\nSource: Visitor Review', 'experience, specially for the kids. Long walking paths shaded by tree shadows create an adventurous walking experience in nature. We came across few plastic bottles and polythene bags here and there on water bodies and hope management would take actions to keep the natural condition of the wetland for an unforeseeable future.', '3. Place: Twin Baths (Kuttam Pokuna)\nCategory: Heritage Site\nLocation: Sri Lanka\nSource: Wikipedia Article', 'A parapet was built around each of the ponds. The faces of the ponds are cut granite slabs as are the bottom and the sides of the ponds. The ponds are made wider at the top than at the bottom, giving them a stepped slope, with steps too narrow to descend. Flights of stairs are seen on the northern and southern ends of the ponds. The southern pond has an additional flight of stairs on the western side. Unlike the other stairs, these do not protrude from the side of the pond. The stairs lead to the bottom of the pond and are decorated with punkalas, or pots of abundance, and scroll design.', '4. Place: Passikudah Beach\nRating: 5 stars\nTitle: White Sandy Beach with Shallow Waters\nSource: Visitor Review', 'nearby. Small single-engined fishing boats arrive in the morning with their catch. It was interesting to see how all around get together to push the boats inland away from the sea. I saw a tourist too assisting in pushing a boat! The fish brought in are sold at the beach. Some of the scenes that I captured with my camera are attached. ENJOY!!', '5. Place: Bentota Beach\nCategory: Beach\nLocation: Bentota, Galle District, Southern Province, Sri Lanka\nSource: Wikipedia Article', 'See also\nList of towns in Southern Province, Sri Lanka\nList of beaches in Sri Lanka', 'References', 'Knowledge Graph Fact No graph results returned.']",The available evidence does not contain information regarding places associated with a lagoon.,Kalametiya Eco Bird Watching is associated with a lagoon.
Q_FEA_10,Which beaches are noted for their shallow water depth?,feature_query,general_query,0.0,12.96,0.8333333333333334,0.7790032194920947,0.3333333333,0.0,Which beaches are noted for their shallow water depth?,"['REVIEW EVIDENCE (ChromaDB):\n1. Place: Bentota Beach\nRating: 5 stars\nTitle: Beautiful Beach\nSource: Visitor Review', 'One of the best beaches with soft fine sand,clean and not crowded except on weekends has all water sports facilities.', '2. Place: Passikudah Beach\nRating: 5 stars\nTitle: White Sandy Beach with Shallow Waters\nSource: Visitor Review', 'Walking along the golden coloured sandy beach at this beautiful lagoon was relaxing and enjoyable. It was tranquillity itself early in the morning and later in the evening. The waters at the bay are shallow, blue-blue and clear as can be. We waded up to about 50 metres out into the sea. The coral reef out there in the fringe keeps the sea calm comfortable and pleasant for bathing. We considered ourselves lucky to find this unspoiled clean and virgin beach and the bay where we immersed ourselves', '3. Place: Trincomalee Beach\nRating: 5 stars\nTitle: The beach is excellent and exotic.\nSource: Visitor Review', ""lucky to see black rock sharks (not dangerous, they say they eat only fish) and/or a turtle, but my experience of looking at all those exotic fish and filming them under water was incredible, unbelievable, so a MUST. We were a family group of 4 without children or teens, but I tick friends in the next paragraph, since I don't have the choice I need. The entrance to the beach is free, the activities a bit expensive. Photos are from our dolphin watching and Pigeon Island snorkeling."", '4. Place: Hikkaduwa Beach\nRating: 4 stars\nTitle: Nice beach\nSource: Visitor Review', 'We visited Hikkaduwa beach which is the smaller of the two if you look on the map. We snorkelled with equipment from one of the huts on the beach. The guys are friendly enough and will give you advice where to swim. We saw giant turtles and quite a few different type of fish. Obvious advice but where plenty of sunscreen or cover up your shoulders if you’re snorkelling!', '5. Place: Mount Lavinia Beach\nRating: 4 stars\nTitle: Long Sandy Beach\nSource: Visitor Review', 'The Beach is fantastic for relaxing and walking in the waves. The sea is very rough - as I was there in May it was not possible to swim. Fortunately, there is a Mount Lavinia Hotel nearby where you can swim in the outside pool with large terrace and beautiful sea view.', 'Knowledge Graph Fact No graph results returned.']","The beaches in Sri Lanka noted for their shallow water depth are:

- **Passikudah Beach** — The waters at this bay are shallow, clear, and blue, allowing visitors to wade up to 50 metres out into the sea. The coral reef at the fringe keeps the water calm and pleasant for bathing.","Beaches noted for shallow water depth include Pasikudah Beach, Casuarina Beach, and Polhena Beach."
Q_LOC_01,What are the top attractions in the Kandy District?,location_query,general_query,0.0,6.51,1.0,0.9999996259970624,0.19999999998,0.75,What are the top attractions in the Kandy District?,"['REVIEW EVIDENCE (ChromaDB):\n1. Place: Kandy View Point\nRating: 5 stars\nTitle: Great view\nSource: Visitor Review', 'Our guide Namal took us there, this place has very good view. If you want to have full experience in Kandy you should hire him. He showed us so many beautiful places in just one day. He has a big comfortable van for a group and a Tuk tuk for twoNamal +94 77 661 8292 WhatsApp', '2. Place: Temple of the Sacred Tooth Relic\nRating: 4 stars\nTitle: What else are you going to do in Kandy? :)\nSource: Visitor Review', ""It's a nice temple and one of the main attractions in Kandy. The walk around the nearby lake is pretty nice too."", '3. Place: Royal Botanical Gardens\nRating: 5 stars\nTitle: A must visit in Kandy\nSource: Visitor Review', 'see it all. Although there is shade , it was hot walking around so take plenty of water. There is a cafe , ideally located by the large lawn if you want to stay longer/ are in need of refreshments.', '4. Place: Kandy Lake\nRating: 4 stars\nTitle: A nice-ish walk in a busy city\nSource: Visitor Review', ""Kandy is a busy city, and regardless of which direction you come in from you'll find a bit chaotic compared to wherever you spent the previous night! The lake is a slight distraction from that (but only slight, as there's a busy road alongside half of it!) The walk around is not long, and right now is slightly challenging as they seem to be replacing most of the footpaths on north side if the lake, but get past that and take your time and you might get the opportunity to see a bit of wildlife."", '5. Place: Knuckles Mountain Range\nRating: 5 stars\nTitle: Day out\nSource: Visitor Review', 'Best location in the kandy district a nice place to camp out and beautiful mountain trekinig with unpoluted water falls and beautiful streams', 'Knowledge Graph Fact No graph results returned.']","The top attractions in the Kandy District are:

- **Kandy View Point** — This location offers a very good view of the area.
- **Temple of the Sacred Tooth Relic** — This is a nice temple and one of the main attractions in the city.
- **Royal Botanical Gardens** — This site features a large lawn and a cafe for refreshments, though visitors should bring plenty of water as it can be hot while walking around.
- **Kandy Lake** — This area provides a walk that offers the opportunity to see wildlife, though it is situated next to a busy road and currently has some footpaths under replacement on the north side.
- **Knuckles Mountain Range** — This is a location for camping and mountain trekking, featuring unpolluted waterfalls and streams.","Top attractions in the Kandy District include Ambuluwawa Tower, Ceylon Tea Museum, Kandy Lake, Kandy View Point, and Royal Botanical Gardens."
Q_LOC_02,What places can I visit in the Nuwara Eliya District?,location_query,general_query,0.0,5.12,1.0,0.9707718876180949,0.0,0.0,What places can I visit in the Nuwara Eliya District?,"['REVIEW EVIDENCE (ChromaDB):\n1. Place: Moon Plains\nRating: 5 stars\nTitle: Latest attraction\nSource: Visitor Review', 'latest attraction open to public in Nuwara Eliya, place for agricuntural and environmental tourism.New attarction. Very good place', '2. Place: Gregory Lake\nRating: 5 stars\nTitle: Great place to spend Nuwara Eliya evenings! Beware of boat operators!\nSource: Visitor Review', ""remember as 15).Close to the car park there is a large Merry-go-round that would be suitable for those with kids. There are horses also for riding. Beware of operators and you ask many of them regarding price and select one.We went on a rainy day, but enjoyed as much as possible. Previously we had a great time on non-rainy evenings.Don't miss this place when you are in Nuwara Eliya. You can just walk along the pavement enjoying the fresh air from the mountains!"", '3. Place: Ambewela Farms\nRating: 3 stars\nTitle: Good Place for Enroute Tour\nSource: Visitor Review', 'Ambewela farm is a private dairy producing different dairy products. This is situated in an beautiful location in the hills of Nuwara Eliya. The location is a 30 minutes drive from the Nuwara Eliya centre and for me it would be an ideal spot for en-route tours and for bunch of . Good for children where they could see the big cows closely and to see the cows are fed and milked. There is a restaurant and another dairy product selling spot. Overall it’s a good place to visit during your visit to', '4. Place: Victoria Park of Nuwara Eliya\nRating: 3 stars\nTitle: Take a gentle stroll\nSource: Visitor Review', 'It probably wasn’t the most colourful time to visit. There was evidence of newly planted beds of plants, but it was too early to see them in all their splendour. There are established trees and grass and you can stroll or find somewhere to sit away from the bustle of the shopping streets. It’s not a huge park, but you can enjoy the peace and watch the locals on a family visit.', '5. Place: Single Tree Hill\nRating: 5 stars\nTitle: Spectacular Scenic Views of Nuwara Eliya from the Single Tree Hill\nSource: Visitor Review', ""Single Tree Hill is a must visit if you are holidaying in Nuwara Eliya It's a 30 mins drive through the Tea Estate to the top of the Mountain from the Welimada Road turn on Single Tree Road on 4 Wheel Drive right to the top and if a Two Wheel Drive then you have to park the Vehicle 1000m before the Top of the Hill and if it's walking to the top from the Welimada Road turn off then it would take approx 90minutes as advised by the locals in the Area We went on our Vehicle upto 500m before reaching"", 'Knowledge Graph Fact No graph results returned.']","The places you can visit in the Nuwara Eliya District are:

- **Moon Plains** — A new attraction open to the public that serves as a destination for agricultural and environmental tourism.

- **Gregory Lake** — A location where you can walk along the pavement to enjoy fresh air from the mountains, ride horses, or use the merry-go-round near the car park.

- **Ambewela Farms** — A private dairy farm located in the hills that allows children to see cows up close, observe feeding and milking processes, and visit an on-site restaurant and dairy product shop.

- **Victoria Park of Nuwara Eliya** — A park featuring established trees and grass where you can take a gentle stroll, sit away from the bustle of shopping streets, and watch locals on family visits.

- **Single Tree Hill** — A mountain destination accessible by a 30-minute drive through a tea estate, offering views of Nuwara Eliya. Access to the top depends on your vehicle type, with four-wheel drive vehicles able to reach the summit, while two-wheel drive vehicles require parking 1000 meters before the top, or you can reach the summit via a 90-minute walk from the Welimada Road turn-off.","Places you can visit in the Nuwara Eliya District include Ambewela Farms, Baker's Falls, Devon Falls, Galway's Land National Park, and Gartmore Falls."
Q_LOC_03,Which tourist attractions are located in the Galle District?,location_query,general_query,0.0,5.73,1.0,0.9568329435546492,0.0,0.0,Which tourist attractions are located in the Galle District?,"['REVIEW EVIDENCE (ChromaDB):\n1. Place: Galle Face Green\nRating: 4 stars\nTitle: Lovely Evening Walk\nSource: Visitor Review', 'Loved the accessibility to get there- good easy walk from the hotel.Festive atmoshpere with a good busyness.Good food stalls and the live music at the restuarant close to the Galle face hotel. Good experience, nice refreshing walk.', '2. Place: Japanese Peace Pagoda - Rumassala\nRating: 5 stars\nTitle: Must visit\nSource: Visitor Review', 'Romasalla is a visitors attraction place in the Galle. If you visit their you can see the nice view of Galle town.', '3. Place: Galle Face Green\nRating: 4 stars\nTitle: very near from Colombo city.\nSource: Visitor Review', 'The place in manly a large ground and beach view along the way of road side . mostly crowded in the evening and good to visit during morning.', '4. Place: Galle Dutch Fort\nRating: 4 stars\nTitle: Good place\nSource: Visitor Review', 'Good place for all day visiting, have historical buildings, museums. Cafe and restaurants. Jewelry shops. More better if you will visit with local tour guide, for more information.', '5. Place: Galle Face Hotel\nCategory: Hotel\nLocation: Colombo, Colombo District, Western Province, Sri Lanka\nSource: Wikipedia Article', ""Museum\nThe hotel features a museum and art gallery in its Regency Wing, which houses the first car that Prince Philip, Duke of Edinburgh owned, and several pieces of memorabilia from the hotel's history, including a gallery of famous guests. There is also an adjacent Library with two study rooms."", 'Pool', 'The hotel has a pool with salt water, that is situated very close to the Indian Ocean. It is the only saltwater swimming pool in Colombo.', 'Knowledge Graph Fact No graph results returned.']","The tourist attractions located in the Galle District are the Japanese Peace Pagoda and the Galle Dutch Fort.

- **Japanese Peace Pagoda** — Located in Rumassala, this attraction offers a view of Galle town.

- **Galle Dutch Fort** — This site is suitable for all-day visits and features historical buildings, museums, cafes, restaurants, and jewelry shops. It is recommended to visit with a local tour guide for more information.","Tourist attractions located in the Galle District include Bentota Beach, Dutch Hospital Shopping Precinct, Galle Dutch Fort, Galle Fort Lighthouse, and Handunugoda Tea Estate."
Q_LOC_04,What are the main destinations in the Matara District?,location_query,general_query,0.0,3.58,0.75,0.9410491053707832,0.0,0.0,What are the main destinations in the Matara District?,"['REVIEW EVIDENCE (ChromaDB):\n1. Place: Pitawala Pathana\nCategory: Viewpoint / Hiking\nLocation: Matale, Matale District, Central Province, Sri Lanka\nSource: Wikipedia Article', 'DESTINATION: Pitawala Pathana\nTYPE: Viewpoint / Hiking\nLOCATION: Matale, Matale District, Central Province, Sri Lanka\nCOORDINATES: 7.5490862, 80.7541155\nADDRESS: Pitawala Pathana, Matale, Matale District, Central Province, Sri Lanka', 'Pitawala Pathana is a viewpoint / hiking located in Matale District. It is a travel destination in Sri Lanka.\nAddress: Pitawala Pathana, Matale, Matale District, Central Province, Sri Lanka', '2. Place: Ancient City of Polonnaruwa\nCategory: Heritage Site\nLocation: Sri Lanka\nSource: Wikipedia Article', ""Polonnaruwa, the second-largest city in the North Central Province, is renowned as one of the cleanest and most picturesque cities in the country. Its lush environment, remarkable ancient monuments, the Parakrama Samudra - a vast reservoir constructed in the 13th century - and a combination of attractive tourist accommodations and hospitable locals make it a popular destination for visitors.\nAnother draw for tourists is the city's population of toque macaques. These monkeys have inhabited the ruins since human occupation and have continued to thrive long after the humans departed."", '3. Place: Jungle Beach\nCategory: Beach\nLocation: Kumbalgama, Matara District, Southern Province, Sri Lanka\nSource: Wikipedia Article', 'DESTINATION: Jungle Beach\nTYPE: Beach\nLOCATION: Kumbalgama, Matara District, Southern Province, Sri Lanka\nCOORDINATES: 5.958594, 80.4130866\nADDRESS: Jungle Beach, Kumbalgama, Matara District, Southern Province, Sri Lanka\nSOURCE: https://en.wikipedia.org/w/index.php?search=Jungle%20Beach%20Sri%20Lanka', 'Jungle Beach is a beach located in Matara District. It is a travel destination in Sri Lanka.\nAddress: Jungle Beach, Kumbalgama, Matara District, Southern Province, Sri Lanka', '4. Place: Kanniya Hot Springs\nCategory: Hot Springs\nLocation: Kanniya, Trincomalee District, Eastern Province, Sri Lanka\nSource: Wikipedia Article', 'In a handbook for travellers published in 1955, the seven hot springs at Kanniya are described as being sacred to Buddhists, Hindus and Muslims alike. The ruins of a dagoba, a Vishnu temple and a mosque are said to stand together near the site. The book further describes the local tradition that the wells were created by Ravana.', '5. Place: Mulgirigala Raja Maha Vihara\nRating: 4 stars\nTitle: Most interesting\nSource: Visitor Review', 'A lot of steps, and not much at the top when you get there, but well worth doing. Take the time to go into the various rooms half way up. Marvellous statuary', 'Knowledge Graph Fact No graph results returned.']","The main destination in the Matara District is Jungle Beach, which is located in Kumbalgama, Matara District, Southern Province.","Main destinations in the Matara District include Coconut Tree Hill, Hiriketiya Beach, Jungle Beach, Mirissa Beach, and Polhena Beach."
Q_LOC_05,What are some notable places in the Anuradhapura District?,location_query,general_query,0.0,4.81,1.0,1.0,0.609523809503492,0.6,What are some notable places in the Anuradhapura District?,"['REVIEW EVIDENCE (ChromaDB):\n1. Place: Jaya Sri Maha Bodhi\nRating: 5 stars\nTitle: Jaya Sri Maha Bodhiya Anuradhapa Anuradhapura is the best and noblest place. If you look at it, it is very beautiful\nSource: Visitor Review', 'Jaya Sri Maha Bodhiya Anuradhapa Anuradhapura is the best and noblest place. If you look at it, it is very beautiful.....', '2. Place: Twin Baths (Kuttam Pokuna)\nRating: 4 stars\nTitle: interesting ancient engineering\nSource: Visitor Review', 'Included in the general entrance fee for Anuradhapura city complex this is an interesting short attraction visit. You will only take a few minutes to view this pair of bathing pools and marvel at the sophistication in engineering achieved over 2000 years ago. A number of market stalls adjacent and one or two beggars in the area. Public toilets (rare occurrence in Anuradhapura) 50 metres away and whilst not luxurious are usable for 20 rupees. Not a must do but worth stopping if passing.', '3. Place: Ruwanweli Maha Seya\nRating: 3 stars\nTitle: Nice, very large stupa, not much else...\nSource: Visitor Review', ""The stupa is huge and it is the most massive building standing in Anuradhapura's archeologic park. It must have been heavily restored, considering its state of preservation compared to the ruinous state of the rest of the park. ."", '4. Place: Mihintale\nCategory: Religious Site\nLocation: Mihintale, Anuradhapura District, North Central Province, Sri Lanka\nSource: Wikipedia Article', 'The Mihintale Inscriptions are a collection of inscriptions found in Mihinthale, Sri Lanka, that date back to the third century BCE to the 10th century CE. During this time, the kingdom of Anuradhapura was flourishing. After the 10th century, no inscriptions have been found in Mihinthale, possibly due to the migration of the kingdom from Anuradhapura to Polonnaruwa.', '5. Place: Kanniya Hot Springs\nCategory: Hot Springs\nLocation: Kanniya, Trincomalee District, Eastern Province, Sri Lanka\nSource: Wikipedia Article', 'History\nA stupa mound belonging to the early Anuradhapura period and an inscription of 1-2 centuries A.D. were found from the recent archaeological excavations done at the site. The inscription reveals that the waters of five tanks located in nearby area were reserved for the usage of Buddhist monks who were residing in a temple.', 'Knowledge Graph Fact No graph results returned.']","The notable places in the Anuradhapura District are:

- **Jaya Sri Maha Bodhi** — A beautiful and noble site located in Anuradhapura.

- **Twin Baths (Kuttam Pokuna)** — A pair of bathing pools that showcase sophisticated engineering from over 2000 years ago; the site includes nearby market stalls and public toilets.

- **Ruwanweli Maha Seya** — A massive stupa that stands as the largest building in the Anuradhapura archaeological park.

- **Mihintale** — A religious site home to a collection of inscriptions dating from the third century BCE to the 10th century CE, originating from the time when the kingdom of Anuradhapura was flourishing.","Notable places in the Anuradhapura District include Hurulu Eco Park, Jaya Sri Maha Bodhi, Mihintale, Ritigala Forest Monastery, and Ruwanweli Maha Seya."
Q_LOC_06,What are the main attractions in the Colombo District?,location_query,general_query,0.0,4.81,0.5882352941176471,0.9999999999999996,0.0,0.4,What are the main attractions in the Colombo District?,"['REVIEW EVIDENCE (ChromaDB):\n1. Place: Colombo Lotus Tower\nRating: 4 stars\nTitle: Fun\nSource: Visitor Review', ""Appreciate foreign tourists extra cost but that's ok for us, not so for those with low wages or low income countries. Observation Deck has a good view over the city. Place cards on important sites but would be helpful if showed on a wider map to help spotting. Did the digital experience after which was fun and nice quick history too from Portuguese invasion onwards then more about colombo before doing interactive part. Worth it even though yiu can do something similar in most capitals and big"", '2. Place: Colombo National Museum\nRating: 3 stars\nTitle: A mediocre place to visit!\nSource: Visitor Review', 'The museum is rather dark and damp to really enjoy the exhibits. Its not the most interesting for young kids. It would be great if some of the museum curators took an effort to explain exhibits to keep things a bit interesting. I dont think they have changed the exhibits since I was a kid!', '3. Place: Wolvendaal Church\nRating: 4 stars\nTitle: Historical architecture and heritage site of Colombo.\nSource: Visitor Review', ""Wonderful place to visit when you're in the day tour of Colombo, set amidst the busy market of Pettah. With huge windows and doors from floor to the ceiling, with ruins hailing from the past, and still preserved in great style you definitely don't want to miss this. Free attraction for all tourists."", '4. Place: Kelaniya Raja Maha Vihara\nRating: 4 stars\nTitle: A lot to see\nSource: Visitor Review', 'There is so much to see in this area. Be prepared to spend at least 2 hours here. It is nice, but there are other places in Colombo I liked so much better (Seema Malaka and Gangaramaya Temple).', '5. Place: Galle Face Hotel\nCategory: Hotel\nLocation: Colombo, Colombo District, Western Province, Sri Lanka\nSource: Wikipedia Article', 'History', 'Knowledge Graph Fact No graph results returned.']","The main attractions in the Colombo District are:

- **Colombo Lotus Tower** — Features an observation deck with a view over the city and a digital experience that covers history from the Portuguese invasion onwards.
- **Colombo National Museum** — Houses various exhibits, though the environment is described as dark and damp.
- **Wolvendaal Church** — A historical heritage site located in the Pettah market area, featuring large windows and doors that extend from the floor to the ceiling.
- **Kelaniya Raja Maha Vihara** — A site where visitors can spend at least two hours viewing the various attractions on the premises.
- **Seema Malaka** — A temple noted as a preferred destination within Colombo.
- **Gangaramaya Temple** — A temple noted as a preferred destination within Colombo.
- **Galle Face Hotel** — A hotel located in the Colombo District.","Main attractions in the Colombo District include Beddegana Wetland Park, Colombo Lotus Tower, Colombo National Museum, Dehiwala Zoo - Sri Lanka, and Diyatha Uyana."
Q_LOC_07,What are the best spots to visit in the Trincomalee District?,location_query,general_query,0.0,4.09,0.8888888888888888,1.0000000000000002,0.0,0.0,What are the best spots to visit in the Trincomalee District?,"['REVIEW EVIDENCE (ChromaDB):\n1. Place: Trincomalee Beach\nRating: 5 stars\nTitle: Beach\nSource: Visitor Review', ""A nice place to spend the day on the beach.enjoyed the sunrise and also it's very close from Tobiko Trincomalee.just 5 Minutes walk"", '2. Place: Trincomalee War Cemetery\nRating: 5 stars\nTitle: Beautifully maintained as always\nSource: Visitor Review', 'There are some very interesting headstones and some unusual histories. Well worth the trip. Reasonably easy to find', '3. Place: Negombo Fish MarketUnclaimedIf you own this business, claim it for free now to update business info, respond to reviews, and more.Claim this listing\nRating: 5 stars\nTitle: Best Trip Ever\nSource: Visitor Review', 'We arrived very early in the morning and were met at the airport by Pasi. Pasi and our driver Dilal were brilliant and made everything fun and enjoyable for us four girls. All our trips from canyoneering to spice gardens to the temples and bus journeys were great😁 Fell in love with the country, culture and amazing views! Adams Peak and Sigirya Rock were breathtaking!!! I could stay! I would recommend the tour company to everyone hassle free touring and we have to thank our guides Pasi and Dilal.', '4. Place: Batticaloa Fort\nRating: 4 stars\nTitle: Gives nice panoramic View\nSource: Visitor Review', 'Though this is not a major tourist attraction as Galle or Trincomalee still a nice place to go and have a panoramic view of the sea. MOst of the buildings inside are renovated to modern looking concretes.', '5. Place: Fort Frederick\nRating: 3 stars\nTitle: Its a ok activity\nSource: Visitor Review', ""Its something to do in Trinco but not a highlight. I would have liked to see more of the fort but its a military base ans toi can only walk up the tar road to get to the temple. The buildings have been seriously neglected and the roadside vendors sell a lot of plastic children's toys instead of interesting local produce."", 'Knowledge Graph Fact No graph results returned.']","The best spots to visit in the Trincomalee District are Trincomalee Beach, Trincomalee War Cemetery, and Fort Frederick.

- **Trincomalee Beach** — A place to spend the day on the beach where visitors can enjoy the sunrise.
- **Trincomalee War Cemetery** — A site featuring interesting headstones and unusual histories that is reasonably easy to find.
- **Fort Frederick** — A location where visitors can walk up a tar road to reach a temple, though it functions as a military base and features neglected buildings and roadside vendors selling plastic toys.","The best spots to visit in the Trincomalee District include Fort Frederick, Kanniya Hot Springs, Marble Beach, Nilaveli Beach, and Trincomalee Beach."
Q_LOC_08,What is there to explore in the Badulla District?,location_query,general_query,0.0,4.4,1.0,0.9289903134405584,0.49999999995,0.0,What is there to explore in the Badulla District?,"['REVIEW EVIDENCE (ChromaDB):\n1. Place: Dunhinda FallsUnclaimedIf you own this business, claim it for free now to update business info, respond to reviews, and more.Claim this listing\nRating: 5 stars\nTitle: waterfall\nSource: Visitor Review', 'it is a really nice walk through small pathway and reach to Dunhida fall. it is breath taking and iconic waterfall in Badulla. about 3 miles away from Badulla city. about 30 min walk to reach there', '2. Place: Mulgirigala Raja Maha Vihara\nRating: 4 stars\nTitle: We had a very knowledgeable guide!\nSource: Visitor Review', ""to think twice but really, if you take your time, you'll be fine. Our guide, as I mentioned, is 63 and he did just fine. And the views from the top are gorgeous.The paintings and statuary were quite lovely. There some amazing reclining Buddhas, and of course Buddha nirvana. It was helpful to have the guide explain many of the paintings and statuary to us.I'd say it's not quite as elaborate as Dambulla (which we visited in 2006) but still well worth visiting. Don't be afraid of touts and"", '3. Place: Kaudulla National Park\nRating: 5 stars\nTitle: Wow\nSource: Visitor Review', 'Our tour company had originally rranged for us to visit Minneriya national park but following local intelligence our guide informed us we were better visitng here to see the elephants. Boy we were not dissappointed. Our guide had arranged a 1968 jeep to take us round. Our driver was excellent and obviously new the park vry well and pointed animals out to us as did our guide. There are lots of jeeps queing to get in as the entry and exit times are restricted. This was a very enjoyable visit and', '4. Place: Ancient City of Polonnaruwa\nRating: 5 stars\nTitle: A must if you stay close\nSource: Visitor Review', 'You first go to the museum site to purchase your ticket, a lovely bit of history there, if you can read and love to take your time I would suggest NOT to get the guide who will hustle you and try to convince you into using him and go as far as to say “don’t pay me if you are dissatisfied”. Don’t fall for it. It’s nice to just go around read the descriptions yourself. The whole experience will take you upto 3 hours. Make sure to take socks, cover shoulders and legs. You won’t be allowed to wear', '5. Place: Maduru Oya National Park\nCategory: National Park / Wildlife Reserve\nLocation: Badulla District, Uva Province, Sri Lanka\nSource: Wikipedia Article', 'Physical features', 'Knowledge Graph Fact No graph results returned.']","The places to explore in the Badulla District are as follows:

- **Dunhinda Falls** — This iconic waterfall is located about 3 miles from Badulla city and can be reached via a 30-minute walk along a small pathway.
- **Maduru Oya National Park** — This is a national park and wildlife reserve located in the Badulla District of the Uva Province.","In the Badulla District, you can explore Bambarakanda Falls, Bogoda Wooden Bridge, Demodara Loop, Diyaluma Falls, and Dunhinda Falls."
Q_LOC_09,Which places should I visit in the Monaragala District?,location_query,general_query,0.0,3.39,1.0,0.0,0.9999999999,0.1666666666666666,Which places should I visit in the Monaragala District?,"['REVIEW EVIDENCE (ChromaDB):\n1. Place: Kataragama Temple\nRating: 1 stars\nTitle: Visit only if you are a foreigner\nSource: Visitor Review', ""I recommend this place only for foreigners. Since it will give them a different experience and but keep in mind this place is money oriental and don't know how you will handle if you go there alone. (for foreigners). 10-15 years back this place was nice and quite. very peaceful to be around but now you can't even park your vehicle in the car park if you are not buying from their shop. Now the place is ruined. Don't go on peak times it get supper crowded. (Peak month are probably the school"", '2. Place: Mulgirigala Raja Maha Vihara\nRating: 4 stars\nTitle: Most interesting\nSource: Visitor Review', 'A lot of steps, and not much at the top when you get there, but well worth doing. Take the time to go into the various rooms half way up. Marvellous statuary', '3. Place: Ritigala Forest Monastery\nRating: 4 stars\nTitle: A very unusual and enigmatic place.\nSource: Visitor Review', 'a disabled-friendly place.The monastary itself consists of a series of clearings connected by granite tracks. The clearings contain ruins but no one really seems to know what most of them were for. Ritigala does not seem to be on the usual tourist itinery, there were several groups of Sri Lankans visiting while we were there, but we were the only westerners. Make a point of going if you can.', '4. Place: Ancient City of Polonnaruwa\nRating: 3 stars\nTitle: Second-class site, plus how to get there from Dambulla\nSource: Visitor Review', '‘island’ group), the royal palace cluster and the quadrangle cluster, each about 500m from each other. But there are plenty more sites scattered a few kilometres around. Some ruins are in bad shape; the ones in the sacred quadrangle are perhaps in the best condition.It wasn’t possible to cover much more than the three main clusters in the time (a daytrip) that I had. Based on my experience, I’d say that if you want to examine most of the ruins, I think you will need a much earlier start, which', '5. Place: Japanese Peace Pagoda - Rumassala\nRating: 4 stars\nTitle: Nice place for a short ride outside of Galle\nSource: Visitor Review', 'the front (nice photos!). And it’s not as hot as during the day anymore which makes it less exhausting to go up the hill. Or you combine it with a longer stay at the Jungle Beach.', 'Knowledge Graph Fact No graph results returned.']",The available evidence does not contain information regarding places to visit in the Monaragala District.,"Places you should visit in the Monaragala District include Buduruwagala Temple, Kataragama Temple, Lunugamvehera National Park, Maligawila Buddha Statue, and Udawalawe National Park."
Q_LOC_10,What to see around the Hambantota District?,location_query,general_query,0.0,3.63,1.0,0.0,0.0,0.0,What to see around the Hambantota District?,"['REVIEW EVIDENCE (ChromaDB):\n1. Place: Ancient City of Polonnaruwa\nRating: 4 stars\nTitle: So much to see in a week let alone a day!\nSource: Visitor Review', 'to get the most out of one’s day visitors are strongly advised to plan their visit well in advance. We all have our own preferences but my selection would include the Royal Palace Grouping, Quadrangle, Northern Group (particularly the Rankot Vihara & especially the Buddha Seema Prasada & Lankatilaka) and - even though I wasn’t personally over impressed - Gal Vihara.Believe me, to see everything would take the best part of a week but plan ahead and you should have a most enjoyable day out!', '2. Place: Kelaniya Raja Maha Vihara\nRating: 5 stars\nTitle: Visited on Festive Day\nSource: Visitor Review', 'My entire experience turned out to be very pleasant as I met some wonderful I met there. They were all dressed in white and decorating the building with lamps and flowers. It was a vision. Not only is the building magnificent, but also the ancient carvings pique your interest.', '3. Place: Batticaloa Fort\nRating: 2 stars\nTitle: A bit disappointing...\nSource: Visitor Review', ""A bit disappointed... this is one of the 'things to see' in Batticaloa but it ihas minimal information and rubbish strewn around it. The buildings inside it are all still in use, so you can't just have a look around because it is a workplace! It's in a great spot (obviously by the water!) so it could be made into something worh visiting."", '4. Place: Kandy View Point\nRating: 4 stars\nTitle: Its good in eveings\nSource: Visitor Review', 'The road is nice and steep with lots of curves uphill. We can have a birds view of the city and lake. They are building a gallery to view the place in better way. Hope it was done already. Never the less,, good to see all in one glance.', '5. Place: Rankoth Vehera\nRating: 5 stars\nTitle: Great place\nSource: Visitor Review', ""Most sacred place in the ancient city. It got Lord Buddha's and arahanthaka relics. Now this Pagoda is reconstructed and offers most of basic facilities for the pilgrims. Need a modest dress code to enter into this place. May not be interesting to non Buddhist visitors. But for Buddhist a must see at polonnaruwa."", 'Knowledge Graph Fact No graph results returned.']",The available evidence does not contain information regarding places to see in the Hambantota District.,"Around the Hambantota District, you can see Goyambokka Beach, Hummanaya Blow Hole, and Kirinda Viharaya."
Q_COM_01,What are the main differences between Yala National Park and Udawalawe National Park?,comparison_query,general_query,0.0,5.34,0.8823529411764706,1.0000000000000002,0.0,0.6666666666666666,What are the main differences between Yala National Park and Udawalawe National Park?,"['REVIEW EVIDENCE (ChromaDB):\n1. Place: Udawalawe National Park\nRating: 5 stars\nTitle: Must do, with an experienced guide\nSource: Visitor Review', ""National park was incredible, we did Udawalawe and Yala and had a much better time in Udewalawe. There was a much better focus on animal welfare and also diversity of wildlife. So important to get an experienced guide though, as the things they're able to spot is truly mind-blowing! We connected with ours after someone posted his details in a review and we were very glad they did. I just whatsapped him after we booked our flights Lahiru helped us before arrival with everything, from travel to"", '2. Place: Udawalawe National Park\nRating: 5 stars\nTitle: A morning in the wild\nSource: Visitor Review', 'through and all in all spent about 3 hours in the park. While park visits can always be a hit or miss, this experience turned out to be perfect. A lot of the credit should go to the echo team of the mahoora camp for their perfect organising. [I have written a separate review on our experience there.] They were so punctual, our driver was safe and reliable, our guide was knowledgeable and enthusiastic, the breakfast was lovely and the list goes on....While you can always book a vehicle at the', '3. Place: Yala National Park\nCategory: National Park / Wildlife Reserve\nLocation: Uva Province, Sri Lanka\nSource: Wikipedia Article', 'The Yala area is mostly composed of metamorphic rock belonging to the Precambrian era and classified into two series, Vijayan series and Highland series. Reddish brown soil and low humic grey soil are prominent among six soil types. Yala is situated in the lowest peneplain of Sri Lanka, which extends from Trincomalee to Hambantota.  Topographically the area is a flat and mildly undulating plain that runs to the coast with elevation is 30 metres (98 ft) close to the coast while rising in the interior to 100–125 metres (328–410 ft). The national park is situated in the dry semi-arid climatic', '4. Place: Udawalawe National Park\nRating: 5 stars\nTitle: Wonderful\nSource: Visitor Review', 'We had a fantastic half-day safari where we spotted elephants, buffalo, deer, crocodiles, and a gazillion peacocks and other cool birds. We booked through our hotel and had an excellent guide who was very knowledgeable and could spot a green parrot in a tree from 20 metres! From reading other reviews it seems like you get what you pay for. When we were queuing we were worried about all the other vehicles around us but when we got into the park everyone went their separate ways. Maybe we were', '5. Place: Yala National Park\nRating: 5 stars\nTitle: Great with the right crew\nSource: Visitor Review', ""coming out of the bush right in front of our car without dozens of other vehicles around us. I would definitely book the safari directly with an accommodation, even if it is more expensive than outside. The reasons are quite simple, you not only have a driver, but also a guide with you, you don't have to buy a ticket, you can pass right in the morning at 6 o'clock directly to the gate because registered and booked online by the hotel. 90% of national park visitors can buy their ticket first and"", 'Knowledge Graph Fact No graph results returned.']","The main differences between Yala National Park and Udawalawe National Park involve their topography, wildlife focus, and visitor experience.

- **Yala National Park** — This park is situated in a dry semi-arid climatic zone and is characterized by a flat and mildly undulating plain that extends to the coast. Its landscape is composed of metamorphic rock, with elevations ranging from 30 metres near the coast to 125 metres in the interior. Visitors note that booking a safari directly through an accommodation allows for a more streamlined experience, as it includes a driver and guide, handles ticket purchases, and provides early access to the park gate.

- **Udawalawe National Park** — This park is noted for its focus on animal welfare and the diversity of its wildlife. Visitors have reported sightings of elephants, buffalo, deer, crocodiles, peacocks, and various birds. The experience is highly dependent on having a knowledgeable and experienced guide who can spot wildlife. While vehicle queues can occur at the entrance, visitors have observed that once inside the park, vehicles disperse, allowing for a more solitary experience.","Both Yala and Udawalawe National Parks are renowned for wildlife safaris and elephant watching. However, Yala National Park is famous for its leopard population and offers a broader range of wildlife viewing, though it can become quite crowded. In contrast, Udawalawe National Park is highly regarded for its large elephant population and features on-site accommodation, but it is not known for leopards."
Q_COM_02,How does Sigiriya Lion Rock compare to Pidurangala Rock for visitors?,comparison_query,general_query,0.0,4.91,0.9333333333333332,0.8851379951601136,0.49999999995,0.75,How does Sigiriya Lion Rock compare to Pidurangala Rock for visitors?,"['REVIEW EVIDENCE (ChromaDB):\n1. Place: Pidurangala Rock\nRating: 5 stars\nTitle: Beautiful view\nSource: Visitor Review', ""Nice ascent of the 2nd rock or mountain in Sigiriya. As mentioned earlier, this rock fits much better in the budget than the more than 10 times more expensive adjacent Lion's Rock. With the tuktuk you are quite quickly at the entrance which is via the temple. Then you walk up in half an hour. First and canniest part via the uneven stairs, monkeys and other animals. Then the reclining Buddha and a little bit of clambering to get on top. Good to do and on top of the rock the view is amazing.Entry"", '2. Place: Pidurangala Rock\nRating: 5 stars\nTitle: Hike Trekking\nSource: Visitor Review', '20 to 30 minutes walking towards top of the rock. And you will have great view of the Sigiriya Lion Rock.', '3. Place: Pidurangala Rock\nRating: 5 stars\nTitle: Beautiful view!\nSource: Visitor Review', 'Much cheaper than the main lion rock. A bit of a scramble up at times, but most fit/able people can manage it. Great views and mostly shaded walk. Recommend going around 6am to avoid the sunrise crowd and it will be more quiet up there.', '4. Place: Pidurangala Rock\nRating: 5 stars\nTitle: Excellent\nSource: Visitor Review', 'Amazing view of sigiriya and forest, green view excellent for sunrise clean location on the way pidurangala we see lot elephants on the road', '5. Place: Sigiriya Lion Rock\nRating: 4 stars\nTitle: Worth a visit but hard work\nSource: Visitor Review', 'Interesting experience, fascinating history but hard work in hot sun with very little shade at top. Go early to avoid queues and heat.', 'Knowledge Graph Fact No graph results returned.']","The comparison between Sigiriya Lion Rock and Pidurangala Rock is as follows:

| Feature | Sigiriya Lion Rock | Pidurangala Rock |
| :--- | :--- | :--- |
| **Cost** | More than 10 times more expensive than Pidurangala Rock. | Much cheaper than the main lion rock. |
| **Experience** | Interesting experience with fascinating history. | Includes a reclining Buddha and a scramble to the top. |
| **Physical Effort** | Hard work in the hot sun. | Requires a 20 to 30-minute walk; involves some clambering/scrambling. |
| **Shade** | Very little shade at the top. | Mostly shaded walk. |
| **Views** | Not specified. | Amazing views of Sigiriya Lion Rock and the forest. |
| **Recommendations** | Go early to avoid queues and heat. | Go around 6am to avoid the sunrise crowd and for a quieter experience. |
| **Wildlife** | Not specified. | Monkeys and other animals are seen on the way; elephants may be seen on the road. |","Both Sigiriya Lion Rock and Pidurangala Rock offer excellent hiking and scenic views in the same area. Sigiriya Lion Rock is an ancient rock fortress that features extensive ruins, a museum, and significant historical value, but it has a much higher entrance fee. Pidurangala Rock, while lacking the ancient ruins, is a popular alternative for hiking that offers breathtaking sunset views, a lower ticket price, and is generally less crowded."
Q_COM_03,Can you compare Arugam Bay and Weligama Beach?,comparison_query,general_query,0.0,5.22,0.9565217391304348,0.0,0.0,0.0,Can you compare Arugam Bay and Weligama Beach?,"['REVIEW EVIDENCE (ChromaDB):\n1. Place: Arugam Bay\nRating: 5 stars\nTitle: Great vibe\nSource: Visitor Review', 'This famous surf spit is definitely worth the trip. The beach is stunning with palm trees and colourful boats litter the beach. This is definitely a tourist hot spot so if your looking for a more local experience then this place may not be for you.', '2. Place: Arugam Bay\nRating: 4 stars\nTitle: Tourist Destination with Tons of Potential\nSource: Visitor Review', ""I didn't have specific expectations for my few days' stay at Arugam Bay, but the experience got better as each day went by. Locals are quite friendly.The beach: Whether it's swimming in areas crowded by the local tourists, jumping in the waves in more private beaches, surfing or learning to surf, there's something for everyone somewhere along the coast. Beginner surfers are advised to take a 15 minute tuk-tuk ride from the main strip area to a spot called 'Whisky Point.' While we were told by"", '3. Place: Arugam Bay\nRating: 5 stars\nTitle: Tranquility at its best……\nSource: Visitor Review', 'We visited Arugam Bay and stayed at Ranga’s Beach Hut for few days. I loved the stay, food and the atmosphere at Beach Hut. Arugam Bay is an amazing place, the beach to the limit our eye can find scenery. Since we went there closer to the end of the season not crowded as well.We visited Kumana Bird Sanctuary as well, again calm and quiet. Loads of different birds, enough number of crocodiles, elephants, different kind of other animals and If you are lucky you could see the leopard and bear as', '4. Place: Arugam Bay\nRating: 5 stars\nTitle: Relaxing\nSource: Visitor Review', ""Depending on your interests consider the length of stay. We didn't surf but relaxed very well on tbe beach for 6 days. Possibly a little to long. Place will develop fast I'd suggest, nice to see it now. Felt like Bali in the 70s. Lots of young backpackers discovering themselves and the place really catered to them very well. A feeling of discovery."", '5. Place: Arugam Bay\nRating: 5 stars\nTitle: The beach beach locaruon\nSource: Visitor Review', ""Of all the beaches I've visited in Sri Lanka I think this is my favourite. We were lucky to visit in the presean and it's nicely busy without being to populated. Main season runs from May to August. It's paradise at it's best 😎🐠🌴🏊\u200d♀️🏄\u200d♂️🏖🚣\u200d♀️"", 'Knowledge Graph Fact No graph results returned.']","The following table compares Arugam Bay and Weligama Beach based on the available evidence:

| Feature | Arugam Bay | Weligama Beach |
| :--- | :--- | :--- |
| **Primary Activities** | Surfing, learning to surf, swimming, and visiting the Kumana Bird Sanctuary. | Information not available. |
| **Atmosphere** | Described as a tourist hot spot with a feeling of discovery, often compared to Bali in the 70s. | Information not available. |
| **Best Time to Visit** | The main season runs from May to August. | Information not available. |
| **Crowd Levels** | Can be busy during the season, but visitors have noted it is possible to find private areas. | Information not available. |
| **Landscape** | Features palm trees, colourful boats, and extensive beach scenery. | Information not available. |

The available evidence regarding Weligama Beach is insufficient to provide a detailed comparison. Arugam Bay is a well-documented destination known for its surfing, with beginner surfers often advised to travel to nearby Whisky Point. It also serves as a gateway to the Kumana Bird Sanctuary, where visitors can observe crocodiles, elephants, and various bird species. While Arugam Bay is a popular tourist destination that caters well to young backpackers, visitors can still find quiet experiences depending on the timing of their visit. The area is characterized by palm trees, colourful boats, and extensive beach scenery. If you are planning a trip, the main season runs from May to August; while it can be busy during this time, visitors have noted it is possible to find private areas.","Arugam Bay and Weligama Beach are both highly popular destinations for surfing. Arugam Bay is famous for its world-class waves, peaceful atmosphere, and surf shops, though it can get crowded during peak season. Weligama Beach also offers excellent waves for surfing but is distinguished by being a family-friendly, sandy beach that is highly accessible for beginners."
Q_COM_04,Compare the experiences of visiting Victoria Park of Nuwara Eliya versus Ella Rock.,comparison_query,general_query,0.0,5.32,0.9,0.0,0.0,0.6666666666666666,Compare the experiences of visiting Victoria Park of Nuwara Eliya versus Ella Rock.,"['REVIEW EVIDENCE (ChromaDB):\n1. Place: Victoria Park of Nuwara Eliya\nRating: 3 stars\nTitle: Worth a visit\nSource: Visitor Review', 'Just in the city centre itself, good enough for walks and for enjoying the trees... reasonably maintained', '2. Place: Victoria Park of Nuwara Eliya\nRating: 3 stars\nTitle: Take a gentle stroll\nSource: Visitor Review', 'It probably wasn’t the most colourful time to visit. There was evidence of newly planted beds of plants, but it was too early to see them in all their splendour. There are established trees and grass and you can stroll or find somewhere to sit away from the bustle of the shopping streets. It’s not a huge park, but you can enjoy the peace and watch the locals on a family visit.', '3. Place: Victoria Park of Nuwara Eliya\nRating: 1 stars\nTitle: One of the worst ever\nSource: Visitor Review', 'At the gate after buying entry tickets you are guided towards the museum, big sign Silence, black and white photos the latest 1940.The park no flowers at this time of year, scruffy with big signs saying No Playing in the Park, and Behave with decorum.Enjoy at your peril!', '4. Place: Victoria Park of Nuwara Eliya\nRating: 5 stars\nTitle: Must go - better than Botanical Garden in Kandy\nSource: Visitor Review', 'Awesome garden that is well worth the 300LKR entrance fee. Variety of pretty flowers and nice trees make this a great walk. Its not very big but you can spend the better part of two hours relaxing here.', '5. Place: Ella Rock\nRating: 4 stars\nTitle: Amazing Views\nSource: Visitor Review', ""I climbed Ella Rock with my partner roughly a week ago while in Ella. The views from the top are amazing and make the hike worthwhile. I was unsure whether to attempt it as people we chatted with said how tough it was but honestly anyone with moderate fitness could do it. The bit I didn't like was the locals in the area who seem to deliberately try to get tourists lost so that they can approach you later and be your guide. We didn't get a guide and ignored advice offered from locals that we were"", 'Knowledge Graph Fact No graph results returned.']","The following table compares the experiences of visiting Victoria Park of Nuwara Eliya and Ella Rock based on available visitor reports:

| Feature | Victoria Park of Nuwara Eliya | Ella Rock |
| :--- | :--- | :--- |
| **Primary Activity** | Walking, relaxing, and observing local family visits. | Hiking to the summit for views. |
| **Atmosphere** | A peaceful space away from shopping streets with established trees and grass. | An outdoor hiking experience that offers amazing views from the top. |
| **Visitor Experience** | Experiences vary; some find it a nice place for a walk, while others note it can be scruffy or lacking flowers depending on the season. | Requires moderate fitness; visitors may encounter locals attempting to offer guide services. |
| **Cost** | 300 LKR entrance fee. | Cost information is not available. |","Victoria Park of Nuwara Eliya and Ella Rock offer very different experiences. Victoria Park is a clean, family-friendly destination focused on relaxing, featuring well-maintained gardens in Nuwara Eliya. Ella Rock, on the other hand, is a rugged viewpoint in Badulla District that requires hiking along a trail, rewarding visitors with scenic mountain views, waterfalls, and nearby attractions like the Nine Arches Bridge."
Q_COM_05,What are the differences between Unawatuna Beach and Mirissa Beach?,comparison_query,general_query,0.0,4.6,0.8181818181818182,1.0,0.0,0.3333333333333333,What are the differences between Unawatuna Beach and Mirissa Beach?,"[""REVIEW EVIDENCE (ChromaDB):\n1. Place: Mirissa Beach\nRating: 4 stars\nTitle: surfer's paradise\nSource: Visitor Review"", ""It is a very nice town. A lot of different beaches around Mirissa. I have been to Unawatuna, Weligama, Dalawela and Polenha.I didn't like Polenha since it was extremely crowded.but the beach was very clam. Weligama was nice and wavey.I had spent some time next to W beach resort. Unawatuna and Dalawela are the best beach so far for me in Sri Lanka. Especially the little lagoon we have found in front of Janaka house/ Dalawela was amazing."", '2. Place: Unawatuna Beach\nRating: 4 stars\nTitle: Pretty Beach\nSource: Visitor Review', 'deters them...well in my case it does. Beautiful beach though and we enjoyed our day.', '3. Place: Mirissa Beach\nRating: 5 stars\nTitle: Nice bay surrounded with coconut trees\nSource: Visitor Review', 'I was told Marissa was touristy and maybe it is!! It’s a good kind of touristy with backpackers and cool bars with plenty of entertainment! My advice would be to stay 15 mins away which is quieter and cheaper plus you get to do the night time tuk tuk my fav thing!!!', '4. Place: Mirissa Beach\nRating: 3 stars\nTitle: Much ado about nothing\nSource: Visitor Review', 'Mirissa is a noisy village whose accommodation and commerce extend along the main road, where cars spend night and day, full of millenials celebrating night in. It is a 100% tourist spot, which inflated food and drink prices. For example, a coconut costs 250 rupees, while in Colombo or Galle it costs 100 rupees. Water 170 rupees, vs 100 rupees in the capital. The sea and the beaches are not extraordinary. If it is not millennial, this is not a suitable destination.', '5. Place: Mirissa Beach\nRating: 4 stars\nTitle: One of the top beaches along the southcoast\nSource: Visitor Review', ""Mirissa Beach is up there with the best beaches along the south coast. It has a multitude of restaurants and bars overlooking the water. It's a very well-known spot for surfers as the water is fit for both beginners and more experienced surfers alike. It's very easy to get to and there are a ton of hotel accommodations nearby should you plan to stay in the area. Tuk tuks flood the streets throughout the day making it easy to just swing by, or stay the whole day. It's also one of the more lively,"", 'Knowledge Graph Fact No graph results returned.']","The differences between Unawatuna Beach and Mirissa Beach are based on their atmosphere, amenities, and suitability for different types of travelers.

- **Unawatuna Beach** — This is described as a beautiful beach and is considered one of the best beaches in Sri Lanka by some visitors.

- **Mirissa Beach** — This is a lively, touristy village known as a surfer's paradise with waves suitable for both beginners and experienced surfers. It features a multitude of restaurants and bars overlooking the water and is easily accessible by tuk-tuk. However, it is also described as a noisy area with inflated prices for food and drinks compared to other parts of the country, and it is noted as a destination primarily suited for millennials.","Both Unawatuna and Mirissa are popular coastal destinations in the South. Unawatuna Beach is known for its calm waters, making it an excellent family-friendly spot for safe swimming, relaxing, and enjoying nearby cafes. Mirissa Beach also offers sandy shores and swimming, but it stands out for its surfing waves, spectacular sunset watching, and scenic viewpoints."
Q_COM_06,Compare Ruwanweli Maha Seya and Polonnaruwa Vatadage.,comparison_query,general_query,0.0,5.93,0.9615384615384616,0.0,0.0,0.3333333333333333,Compare Ruwanweli Maha Seya and Polonnaruwa Vatadage.,"['REVIEW EVIDENCE (ChromaDB):\n1. Place: Ruwanweli Maha Seya\nRating: 5 stars\nTitle: Wealth of Anchient History\nSource: Visitor Review', 'This place is filled with ancient history well before BC. A lot to learn and can read up on the internet or a tour guide. Very serene and peaceful', '2. Place: Ruwanweli Maha Seya\nRating: 5 stars\nTitle: Sri Lankan Heritage at its best!!\nSource: Visitor Review', 'The beautiful stupa is never closed to the public. Its a treat to the eyes when the lights come on at night. The stupa has such a phenomenal impact on the Sri Lankan Buddhists. One can witness many ""Kapruk Pooja"" at the site.The grounds has about 03 washroom complexes and although they are not the very best, one can manage. There is a water sprout closer to the ""Jaya Siri Maha Bohiya"". it can be quite sunny in the mornings.', '3. Place: Ruwanweli Maha Seya\nCategory: Religious Site\nLocation: Anuradhapura, Anuradhapura District, North Central Province, Sri Lanka\nSource: Wikipedia Article', '‘‘""The relic-chamber shall not shake even by an earthquake; flowers such as jasmine that were offered on that day shall not wither till the end of Buddha Gotama’s Dispensation; the lamps that were kindled with ghee-oil shall not be extinguished; the clay that was mixed with perfume and sandalwood shall not dry; even a single scratch shall not appear within the relic-chamber; stains shall not appear in any of the golden goods that were offered.’ All this occurred by the determination-power of all Arahants present. They determined also that inimical persons should', '4. Place: Ruwanweli Maha Seya\nRating: 5 stars\nTitle: Beautiful\nSource: Visitor Review', ""he's talking about.As always, no shoes, men wear shorts below the knee and women must dress modestly"", '5. Place: Ruwanweli Maha Seya\nRating: 3 stars\nTitle: Impressive\nSource: Visitor Review', 'Very hot there, big, impressive....but not much else to see. Some beggars trying to sell you overpriced souvenirs', 'Knowledge Graph Fact No graph results returned.']","The following table compares the Ruwanweli Maha Seya and the Polonnaruwa Vatadage based on the available evidence:

| Feature | Ruwanweli Maha Seya | Polonnaruwa Vatadage |
| :--- | :--- | :--- |
| **Location** | Anuradhapura, North Central Province | Evidence not available |
| **Category** | Religious Site | Evidence not available |
| **Key Features** | Stupa, relic-chamber, water sprout near Jaya Siri Maha Bohiya | Evidence not available |
| **Visitor Experience** | Serene, peaceful, impressive, and can be very hot | Evidence not available |
| **Activities** | Witnessing ""Kapruk Pooja"" and learning about ancient history | Evidence not available |
| **Visitor Requirements** | No shoes; men must wear shorts below the knee; women must dress modestly | Evidence not available |
| **Facilities** | Three washroom complexes | Evidence not available |

The available evidence regarding the Polonnaruwa Vatadage is limited, as no specific details, features, or visitor information were provided for this location. In contrast, the Ruwanweli Maha Seya is a religious site in Anuradhapura that is never closed to the public and is noted for its visual impact when illuminated at night. Visitors are advised that the site can be very sunny and hot, and they may encounter individuals selling souvenirs. When visiting, remember that you must remove your shoes, men must wear shorts that fall below the knee, and women are required to dress modestly. You can also witness the ""Kapruk Pooja"" and learn about ancient history while exploring the stupa, relic-chamber, and the water sprout located near the Jaya Siri Maha Bohiya. For convenience, there are three washroom complexes available on-site.","Ruwanweli Maha Seya and Polonnaruwa Vatadage are both significant historical and religious sites, but they belong to different eras and locations. Ruwanweli Maha Seya is a massive, highly revered ancient stupa located in the sacred city of Anuradhapura. The Polonnaruwa Vatadage is a prominent heritage site in Polonnaruwa, featuring a distinct circular structure with ancient ruins, stone sculptures, and a central Buddha statue."
Q_COM_07,How do Gal Oya National Park and Madu River Safari by Buddhi compare for boat tours?,comparison_query,general_query,0.0,5.13,0.7272727272727273,0.9563091313148412,0.0,0.0,How do Gal Oya National Park and Madu River Safari by Buddhi compare for boat tours?,"['REVIEW EVIDENCE (ChromaDB):\n1. Place: Madu River Safari by Buddhi\nRating: 5 stars\nTitle: Boat ride\nSource: Visitor Review', 'This is a good experience with boat ride true the Mangrove forest. Like this experience we can have only 2 places in the world. This river is very huge. That has more than 60 islands. There are have fish massage, cinnamon island and many more attractions', '2. Place: Gal Oya National Park\nRating: 5 stars\nTitle: Boat safari on Gal Oya\nSource: Visitor Review', 'recommend you contact my guide for the day: sidabode.hibernation@gmail.com', '3. Place: Madu River Safari by Buddhi\nRating: 4 stars\nTitle: Great Experience\nSource: Visitor Review', 'If you are visiting Bentota you must try Madu river boat safari. Its a slow boat ride for 1.5 hours which will takes you through different places, temple, Island, Fish spa. we booked through Nilwala River Safari & after bargaining we got the boat for 2000LKR for 3 people which is the cheapest compared to others who offer the same safari. We paid additional for fish spa that again is your personal choice to do it or not. But its worth doing it just cost 200LKR per person & its amazing experience.', '4. Place: Gal Oya National Park\nRating: 5 stars\nTitle: Boat safari on Gal Oya\nSource: Visitor Review', 'in foreign parts from both our perspectives were corrected and broad daylight camp fire tales were told about our previous travels and adventures in Sri Lanka. The guides lamented the lack of tourists in the area yet appreciated the lack of intrusion - a dilemma many face in these wild parts of Sri Lanka.Once back aboard we struggled with the now intense heat radiating off the water and all went quiet while we motored across the entire width of the lake to creep up on a baby elephant testing', ""5. Place: Madu River Safari by Buddhi\nRating: 3 stars\nTitle: Don't go in the middle of the day\nSource: Visitor Review"", ""We went on our boat ride in the middle of the day (not our choice but the tour guide's), so perhaps this was the reason why we saw almost no wildlife on our tour; however, this may also be the reason why we had the lake practically all to ourselves. The boats had covers that could be pulled up and down over you, so no worries if it rained or if it were too sunny. Our guide took us through the mangroves to a small Buddhist temple and pointed out the prawn farming sites and a small Hindu temple in"", 'Knowledge Graph Fact No graph results returned.']","The following table compares boat tours at Gal Oya National Park and Madu River Safari by Buddhi based on available visitor experiences:

| Feature | Gal Oya National Park | Madu River Safari by Buddhi |
| :--- | :--- | :--- |
| **Experience Type** | Boat safari across a lake to observe wildlife, including elephants. | Boat ride through mangrove forests, islands, and cultural sites. |
| **Key Attractions** | Wildlife viewing, including baby elephants. | Over 60 islands, cinnamon island, Buddhist and Hindu temples, prawn farming sites, and fish spas. |
| **Boat Features** | Motorized boats used to traverse the width of the lake. | Boats equipped with covers to protect passengers from sun or rain. |
| **Atmosphere** | Quiet, wild environment with minimal tourist intrusion. | Can be quiet if visiting during off-peak hours, though wildlife sightings may be limited during midday. |
| **Cost Information** | Cost information is not available. | Prices vary; one group reported paying 2000 LKR for three people, with an additional 200 LKR per person for the fish spa. |","Both locations offer boat-based experiences but with different focuses. Gal Oya National Park offers boat safaris on a large lake where visitors can spot elephants, birds, and forest wildlife in a highly peaceful, remote setting. Madu River Safari by Buddhi provides boat rides through river mangroves, offering a family-friendly experience that includes a temple visit, fish spa treatments, and scenic river views."
Q_COM_08,Compare the Colombo National Museum and the Temple of the Sacred Tooth Relic.,comparison_query,general_query,0.0,5.2,0.5,0.0,0.0,0.5,Compare the Colombo National Museum and the Temple of the Sacred Tooth Relic.,"['REVIEW EVIDENCE (ChromaDB):\n1. Place: Temple of the Sacred Tooth Relic\nRating: 5 stars\nTitle: Beautiful\nSource: Visitor Review', 'Beautiful visit.To do absolutely, I advise you to do it with a guide, a lot to discover inside about the different Sri Lankan kingdoms that have followed one another and how the Buddha relic is preserved.', '2. Place: Temple of the Sacred Tooth Relic\nRating: 5 stars\nTitle: Was really interesting\nSource: Visitor Review', ""We was on a 3 day tour of Sri Lanka and our second day we visited the temple of the sacred tooth I was with my with who's in a wheelchair so our tour guide went and got us the tickets but we only paid for one we went up to the temple there is a accessible route for wheelchair and a lift so we was in the temple watching all praying and giving food and flowers was busy but nice Then they opened the door and you could see where the scared tooth is hidden but it went a bit mad everybody trying to"", '3. Place: Temple of the Sacred Tooth Relic\nRating: 4 stars\nTitle: Historic Relic, A Bit Dull\nSource: Visitor Review', 'Set in a large garden with several historic statues, this holy site is well kept, with an ornate building housing the tooth, but not much else. Much of the temple was heavily damaged by a LTTE suicide bomber, so much is modern. There is also a series of paintings that tracks the tangled history of the tooth. See it for the history.', '4. Place: Temple of the Sacred Tooth Relic\nCategory: Religious Site\nLocation: Kandy, Kandy District, Central Province, Sri Lanka\nSource: Wikipedia Article', 'it in Meghagiri Vihara (present day Isurumuniya) in Anuradhapura. Safeguarding the relic was the responsibility of the monarch from then, therefore over the years, the custodianship of the relic came to symbolize the right to rule the island. Therefore, reigning monarchs built the tooth relic temples quite close to their royal residences, as was the case during the times of the Anuradhapura Kingdom, Kingdom of Polonnaruwa, and Kingdom of Dambadeniya. During the era of the Kingdom of Gampola, the relic was housed in Niyamgampaya Vihara. It is reported in the messenger poems such as Hamsa,', '5. Place: Temple of the Sacred Tooth Relic\nRating: 4 stars\nTitle: Good place to visit - the Vatican of Buddhism\nSource: Visitor Review', 'and Westerners complain about how this place is overcrowded and people are pushing their way to see the relic that they cannot see . But please note you are only an observer and just get out of the way if the worshippers would like to see the relic instead of complaining and blocking their way . Also stop complaining about the poor treatment of elephants as the colonials treated the locals a lot worse than the elephants treatment . So visit, observe and respect instead of just griping and you', 'Knowledge Graph Fact No graph results returned.']","The following table compares the Colombo National Museum and the Temple of the Sacred Tooth Relic based on the available evidence:

| Feature | Colombo National Museum | Temple of the Sacred Tooth Relic |
| :--- | :--- | :--- |
| **Location** | Not provided in evidence | Kandy, Kandy District, Central Province |
| **Category** | Not provided in evidence | Religious Site |
| **Key Activities** | Not provided in evidence | Observe worshippers, view the relic, explore historic statues and paintings |
| **Accessibility** | Not provided in evidence | Features an accessible route for wheelchairs and a lift |
| **Visitor Context** | Not provided in evidence | Recommended to visit with a guide to learn about Sri Lankan kingdoms and relic preservation |
| **Site Details** | Not provided in evidence | Set in a large garden; features an ornate building housing the relic; contains modern sections due to past damage |

*Note: The available evidence does not contain information regarding the Colombo National Museum.*","The Colombo National Museum is a cultural institution focused on Sri Lanka's history, showcasing ancient ruins, royal regalia, and historical artifacts. The Temple of the Sacred Tooth Relic in Kandy is primarily an active, highly sacred religious site that houses a relic of the Buddha; it also features its own museum and involves significant cultural and religious rituals."
Q_COM_09,What is the difference between Minneriya National Park and Kaudulla National Park?,comparison_query,general_query,0.0,5.83,0.9230769230769232,0.9852840072957058,0.0,0.25,What is the difference between Minneriya National Park and Kaudulla National Park?,"['REVIEW EVIDENCE (ChromaDB):\n1. Place: Kaudulla National Park\nRating: 5 stars\nTitle: Wow\nSource: Visitor Review', 'Our tour company had originally rranged for us to visit Minneriya national park but following local intelligence our guide informed us we were better visitng here to see the elephants. Boy we were not dissappointed. Our guide had arranged a 1968 jeep to take us round. Our driver was excellent and obviously new the park vry well and pointed animals out to us as did our guide. There are lots of jeeps queing to get in as the entry and exit times are restricted. This was a very enjoyable visit and', '2. Place: Kaudulla National Park\nCategory: National Park / Wildlife Reserve\nLocation: Galoya, Polonnaruwa District, North Central Province, Sri Lanka\nSource: Wikipedia Article', 'Kaudulla National Park is a national park on the island of Sri Lanka located 197 kilometres (122 mi) away from the largest city, Colombo. It was designated a national park on April 1, 2002, becoming the 15th such area on the island. In the 2004–2005 season more than 10,000 people visited the National Park, generating an income of Rs.100,000 from entrance fees. Along with Minneriya and Girithale BirdLife International have identified Kaudulla as an Important Bird Area.', '3. Place: Minneriya National Park\nRating: 5 stars\nTitle: Beautiful park\nSource: Visitor Review', 'Five of us took a safari here which involves being driven through the park in an open FWD accompanied by a guide.October is the shoulder season, before the monsoon which means there are still plenty of elephants to see in the park but not the big crowds of the high season.It is a beautiful park. After a 30 minute drive through the jungle/forest and spotting a minute lizard, chameleon, monkeys and several bird species, the park opens up to a huge plain which in the wet is mostly a lake. In the', '4. Place: Minneriya National Park\nCategory: National Park / Wildlife Reserve\nLocation: Katukeliyawa, Polonnaruwa District, North Central Province, Sri Lanka\nSource: Wikipedia Article', 'of Forest Conservation, can be seen within the park. Monocots and grass species include Bambusa bambos, Ceylon date palm (Phoenix pusilla), Imperata cylindrica, and Panicum maximum.', '5. Place: Minneriya National Park\nRating: 2 stars\nTitle: Not animal friendly\nSource: Visitor Review', 'was occurring which was concerning given that he works for the park. I felt like I had engaged in an unethical experience following this tour.', 'Knowledge Graph Fact No graph results returned.']","The differences between Minneriya National Park and Kaudulla National Park are as follows:

- **Minneriya National Park** — Located in Katukeliyawa, Polonnaruwa District, this park features a landscape that includes jungle and forest areas that open into a huge plain, which is mostly a lake during the wet season. Visitors can take safaris in open FWD vehicles to spot wildlife such as lizards, chameleons, monkeys, and various bird species. It is identified by BirdLife International as an Important Bird Area along with Kaudulla. October is considered a shoulder season here, offering elephant sightings with fewer crowds than the high season.

- **Kaudulla National Park** — Located in Galoya, Polonnaruwa District, this park was designated as a national park on April 1, 2002, and is situated 197 kilometres from Colombo. It is recognized as an Important Bird Area. Visitors often access the park via jeep, though entry and exit times are restricted, leading to queues of vehicles at the gates. It is noted as an alternative location to visit for elephant sightings based on local intelligence.","Minneriya and Kaudulla National Parks are both top destinations for elephant watching and jeep safaris, featuring lakes and birdlife. The main difference lies in the seasonal movement of elephants between the two parks. Both can experience crowdedness, but Minneriya is famous for 'The Gathering' of elephants during the dry season, while Kaudulla is highly rated as an alternative that also boasts significant elephant herds."
Q_COM_10,Compare Galle Dutch Fort and Jaffna Fort.,comparison_query,general_query,0.0,4.6,0.9090909090909092,0.8237412190363237,0.0,0.0,Compare Galle Dutch Fort and Jaffna Fort.,"[""REVIEW EVIDENCE (ChromaDB):\n1. Place: Jaffna Fort\nRating: 3 stars\nTitle: One of the forts the Dutch built alongside Sri Lanka's coast line\nSource: Visitor Review"", 'In our opinion the former Dutch fort in Jaffna gives a far better idea of a fort than the one in Galle. One needs his imagination though how things were centuries ago. Nice views from the fort.', '2. Place: Galle Dutch Fort\nRating: 5 stars\nTitle: Dutch\nSource: Visitor Review', 'Beautiful place. Stunning sign of dutch architecture. Heard there was one similar up north in jaffna as well.', '3. Place: Jaffna Fort\nRating: 5 stars\nTitle: Star fort\nSource: Visitor Review', 'Really good place to visit and you will enjoy lot with Dutch type buildings good place with lots of war memories', '4. Place: Galle Dutch Fort\nRating: 3 stars\nTitle: Fort with complete walls\nSource: Visitor Review', 'The walls of the fort are intact and you can walk all the way round them. They connect a number of bastions and there are a few cannons on the walls,There was a tableau/recreation inside one of the bastions but it was closed when we went there. Inside the fort complex there is a small town with quite a few vibey shops to look around and the usual eateries.', '5. Place: Galle Dutch Fort\nRating: 5 stars\nTitle: entranced enchantment\nSource: Visitor Review', 'been to more beautiful places but none have this allure like the spell of this fort.', 'Knowledge Graph Fact No graph results returned.']","The following table compares the Galle Dutch Fort and the Jaffna Fort based on available visitor information:

| Feature | Galle Dutch Fort | Jaffna Fort |
| :--- | :--- | :--- |
| **Architecture** | Features stunning Dutch architecture. | Contains Dutch-type buildings. |
| **Structure** | Walls are intact, allowing visitors to walk all the way around them; connects a number of bastions with cannons. | Provides a better idea of a fort than the one in Galle, though it requires imagination to visualize how it appeared centuries ago. |
| **Atmosphere & Amenities** | Contains a small town inside the complex with shops and eateries; described as having a unique allure. | Offers nice views and is associated with war memories. |","Both Galle Dutch Fort and Jaffna Fort are historic colonial-era heritage sites with scenic views. Galle Dutch Fort is located in the South, featuring extensive preservation, beaches, museums, and a vibrant scene of restaurants and boutiques. Jaffna Fort is located in the North and offers significant historical value and scenic coastal views, but it lacks the extensive commercialized restaurant and boutique scene found in Galle."
Q_EXP_01,Explain about Sigiriya Lion Rock.,explanation_query,general_query,0.0,7.85,0.9090909090909092,0.7517653560705173,0.0,1.0,Explain about Sigiriya Lion Rock.,"['REVIEW EVIDENCE (ChromaDB):\n1. Place: Sigiriya Lion Rock\nRating: 5 stars\nTitle: Stunning\nSource: Visitor Review', 'breathtaking!). Enjoy the garden after the descent and not at the start of the visit, as the site quickly fills up with visitors.', '2. Place: Sigiriya Lion Rock\nRating: 5 stars\nTitle: Breathtaking\nSource: Visitor Review', 'megalomania of the king who took refuge there. A large swimming pool and remains of walls remain.', '3. Place: Sigiriya Lion Rock\nRating: 5 stars\nTitle: Amazing sunrise\nSource: Visitor Review', 'We climbed the rock in the dark to reach the top for dawn. I had my torch which was essential as the steps are varied - granite/metal/steep/small tread etc. The good thing was we didn’t have much idea of the scale so we just kept going! It was so worth it. We sat watching the sunrise and then explored the remains. Read up before you get there so you know about the history of the King/s. Avoid the heat of the day, take water, try not to think about the wasp nests, wear trainers and take it as', '4. Place: Sigiriya Lion Rock\nRating: 5 stars\nTitle: Enchanting experience\nSource: Visitor Review', 'in the dark. The entry was USD 30 for foreigners (non SAARC) and USD 15 for foreigners from a SAARC nation.', '5. Place: Sigiriya Lion Rock\nRating: 5 stars\nTitle: Sigiriya: A Mesmerizing Journey to Ancient Heights\nSource: Visitor Review', ""In single line ' A magnificent historical monument'.For people with young kids be prepared, The climb to the top can be challenging. You can take multiple stops in between but again you will not find drink and water shops on top, carry sufficient water with you. After approx 1000 steps you will reach lions feet and from there it would be 500 steps to reach the top, it's totally worth it for the panoramic scenery. The gardens and water features add to the charm of this UNESCO World Heritage Site."", 'Knowledge Graph Fact No graph results returned.']","Here is what you can do at **Sigiriya Lion Rock**:

- Climb the rock to reach the top for panoramic scenery.
- Explore the remains of walls and a large swimming pool.
- Visit the gardens and water features.
- Reach the lion's feet after approximately 1000 steps, followed by another 500 steps to reach the top.
- Watch the sunrise from the top.
- Carry sufficient water, as there are no drink or water shops at the top.
- Wear trainers for the climb, which includes varied steps such as granite, metal, steep, and small treads.
- Prepare for a climb that can be challenging for people with young kids.
- Note that the entry fee is USD 30 for foreigners (non-SAARC) and USD 15 for foreigners from a SAARC nation.
- Consider visiting the garden after the descent rather than at the start, as the site fills up with visitors quickly.
- Avoid the heat of the day and be aware of wasp nests.","Evidence shows Sigiriya Lion Rock features scenic views, ancient ruins including a fortress, and well-preserved murals, though visitors note a steep climb with stairs and a high ticket price."
Q_EXP_02,Explain about Ella Rock.,explanation_query,general_query,0.0,6.34,1.0,0.698129511697578,0.9999999999,0.0,Explain about Ella Rock.,"['REVIEW EVIDENCE (ChromaDB):\n1. Place: Ella Rock\nRating: 5 stars\nTitle: challenging climb but fantastic sights\nSource: Visitor Review', 'Although the owner of the hotel explained it well, we succeeded in missing the right path alongside the raiway track to start our way up. Anyway, each path to the left of the railway track (after 3 kms) goes up the mountain and you entcounter the right way. As we both are 69 years of age, we did it slowly and had to wait many times to have our heart beat a bit slower. There are so much nice views and things to see in the woods that the trip as such is also very nice. Once on the rock, it is', '2. Place: Ella Rock\nRating: 5 stars\nTitle: Must do in Ella!\nSource: Visitor Review', '6 other people while hiking the way up but while getting back down at the tracks we met many many crowds!', '3. Place: Ella Rock\nRating: 5 stars\nTitle: Ella Rock and an excellent cooking course\nSource: Visitor Review', 'My wife and I enjoyed the climb of Ella Rock. It required a little searching but not too complicated. There were plenty of people coming down to guide us with a magnificent view as reward for reaching the top.When returning via the eucalyptus forrest we passed by the Farma Cafe, run by a very kind local, mr Mahijood (Jodi). The cafe is on the way up just after the bridge, taking the path on the right. Turns out that Jodi is a splendid host, who speaks 8 languages and was very entertaining. He is', '4. Place: Ella Rock\nRating: 4 stars\nTitle: Nice view. Be careful of tourist fraud\nSource: Visitor Review', 'They only want your money at the end, having guided you to the view points. We gave him some LKR at half the way and managed to find the view point without him.', '5. Place: Ella Rock\nRating: 4 stars\nTitle: Nice view. Be careful of tourist fraud\nSource: Visitor Review', 'Ella Rock is nice hier with nice view.Be careful however about wrong guides!!When arriving at the trailhead. Some local, young man showed us a direction which was ""a much shorter one"". Several times he pointed us to the wrong direction and ""rescued"" us shortly after. He was very nice and told us about his family etc.When he started saying that the other way is more dangerous (Cobras and wasps), I remembered that I had seen a travel blog about this. They only want your money at the end, having', 'Knowledge Graph Fact No graph results returned.']","Here is what you can do at **Ella Rock**:

- Hike up the mountain, which involves walking along the railway track for approximately 3 kilometers before turning left to find the path.
- Enjoy the views and sights within the woods during the trip.
- Reach the top to experience a magnificent view.
- Pass through a eucalyptus forest on the return journey.
- Visit the Farma Cafe, located on the path after the bridge, which is hosted by a local named Mr. Mahijood.
- Be aware of potential tourist fraud involving local guides who may provide incorrect directions to solicit money.","Ella Rock is recommended based on visitor evidence highlighting it as a great place for hiking that features waterfalls, trails, rock formations, and amazing views."
Q_EXP_03,Explain about Arugam Bay.,explanation_query,general_query,0.0,7.82,1.0,0.7950248009777724,0.4999999999833333,0.75,Explain about Arugam Bay.,"['REVIEW EVIDENCE (ChromaDB):\n1. Place: Arugam Bay\nRating: 3 stars\nTitle: Visit out of season\nSource: Visitor Review', ""My partner and I have come to A. Bay for a week of surfing. We're about a week early before the season officially starts but we're getting good waves already.The benefit of being outside of season is it is much quiter than it will be in a few weeks. We wish we were here a month ago!There is a good vibe about the place as restaurants and guest houses are just opening up. This also gives visitors greater bargaining power for cheaper room rates, tuk rides and food.Be aware that this place gets"", '2. Place: Arugam Bay\nRating: 5 stars\nTitle: a beautiful remote part in the world\nSource: Visitor Review', 'Arugam Bay is a very quite and beautiful location , if you want to get away from the city life, it has some good surfing places, National safari park, nature reserves, lakes, rivers and lagoon, people are super friendly, foods and tasty and plenty with prices vary, sandy beaches, innocent faces and the thick jungles around with full of nature, a place to spend some time to be perfect.', '3. Place: Arugam Bay\nRating: 5 stars\nTitle: Tranquility at its best……\nSource: Visitor Review', 'We visited Arugam Bay and stayed at Ranga’s Beach Hut for few days. I loved the stay, food and the atmosphere at Beach Hut. Arugam Bay is an amazing place, the beach to the limit our eye can find scenery. Since we went there closer to the end of the season not crowded as well.We visited Kumana Bird Sanctuary as well, again calm and quiet. Loads of different birds, enough number of crocodiles, elephants, different kind of other animals and If you are lucky you could see the leopard and bear as', '4. Place: Arugam Bay\nCategory: Beach\nLocation: Arugam Bay, Ampara District, Eastern Province, Sri Lanka\nSource: Wikipedia Article', 'Arugam Bay (Tamil: அறுகம் குடா, romanized: Aṟukam kuṭā; Sinhala: ආරුගම් බොක්ක, romanized: ārugam bokka), known locally as ""Arugam Kudah"", is situated on the Indian Ocean in the dry zone of Sri Lanka\'s southeast coast, and a historic settlement of the ancient Batticaloa Territory (Mattakallappu Desam). Arugam Kudah\'s literal Tamil translation is ""Bay of Cynodon dactylon"".', '5. Place: Arugam Bay\nRating: 3 stars\nTitle: So much rubbish...\nSource: Visitor Review', 'We were saddened by all the rubbish on the beach and streets. Something needs to be done about it! If filtered, safe water was offered in more places it would reduce the amount of plastic water bottles needed!!!!', 'Knowledge Graph Fact No graph results returned.']","Here is what you can do at **Arugam Bay**:

- Surf at the various surfing locations.
- Visit the National safari park, nature reserves, lakes, rivers, and the lagoon.
- Explore the Kumana Bird Sanctuary to see birds, crocodiles, elephants, and potentially leopards and bears.
- Enjoy the sandy beaches and the scenery.
- Experience the local atmosphere, which includes restaurants and guest houses.
- Benefit from potential bargaining power for room rates, tuk rides, and food when visiting outside of the peak season.
- Observe the thick jungles and nature surrounding the area.

Arugam Bay is a beach located in the Ampara District of the Eastern Province, situated on the Indian Ocean in the dry zone of the southeast coast. It is a historic settlement of the ancient Batticaloa Territory. While some visitors appreciate the quiet atmosphere and beauty of the location, others have noted the presence of rubbish on the beach and streets.","Evidence indicates Arugam Bay is excellent for surfing and swimming, featuring a peaceful sandy beach with good waves and food, though it can get crowded."
Q_EXP_04,Explain about Victoria Park of Nuwara Eliya.,explanation_query,general_query,0.0,6.21,0.6666666666666666,0.8417733070449303,0.0,0.0,Explain about Victoria Park of Nuwara Eliya.,"['REVIEW EVIDENCE (ChromaDB):\n1. Place: Victoria Park of Nuwara Eliya\nRating: 3 stars\nTitle: Worth a visit\nSource: Visitor Review', 'Just in the city centre itself, good enough for walks and for enjoying the trees... reasonably maintained', '2. Place: Victoria Park of Nuwara Eliya\nRating: 5 stars\nTitle: Victoria part nuwaraeliya\nSource: Visitor Review', 'Victoria park is a public park located in Nuwaraeliya. Next to the nuwaraeliya post office in srilanka 🇱🇰.originally the park was the research field of hakgala botanical garden.the park was formerly named in 1897 to commemorate the Diamond jubilee of Queen Victoria.', '3. Place: Victoria Park of Nuwara Eliya\nRating: 1 stars\nTitle: One of the worst ever\nSource: Visitor Review', 'At the gate after buying entry tickets you are guided towards the museum, big sign Silence, black and white photos the latest 1940.The park no flowers at this time of year, scruffy with big signs saying No Playing in the Park, and Behave with decorum.Enjoy at your peril!', '4. Place: Victoria Park of Nuwara Eliya\nRating: 3 stars\nTitle: Nuwara eliya\nSource: Visitor Review', 'Falls. Early morning visits are best, both to see the wildlife and to view World\'s End before mists close in during the later part of the morning.One of the distinctive features of Nuwara Eliya\'s countryside is the widespread growing of vegetables, fruit and flowers usually associated with temperate Europe. This ""Little England"" is covered with terraces growing potatoes, carrots, leeks, and roses, interspersed with tea bushes on the steeper slopes.The slow-growing tea bushes of this highland', '5. Place: Victoria Park of Nuwara Eliya\nRating: 3 stars\nTitle: Visit\nSource: Visitor Review', 'Poor rose garden. No much flowers. last time I came there in March and it was very nice experience. Now there is a HELA BOJUNHALA nere to the entrance and you can have traditional Sri Lankan food.', 'Knowledge Graph Fact No graph results returned.']","Here is what you can do at **Victoria Park of Nuwara Eliya**:

- Visit the public park located in the city center next to the Nuwara Eliya post office.
- Walk through the grounds and enjoy the trees.
- Learn about the park's history, as it was originally the research field of Hakgala Botanical Garden and was named in 1897 to commemorate the Diamond Jubilee of Queen Victoria.
- View the museum located near the entrance.
- Eat traditional Sri Lankan food at the Hela Bojunhala located near the entrance.
- Observe the rose garden, though the presence of flowers can vary by the time of year.","Victoria Park of Nuwara Eliya is recommended because evidence shows it is a well-maintained, clean garden that is family-friendly and good for relaxing walks."
Q_EXP_05,Explain about the Temple of the Sacred Tooth Relic.,explanation_query,general_query,0.0,4.58,0.875,0.0,0.0,0.5,Explain about the Temple of the Sacred Tooth Relic.,"['REVIEW EVIDENCE (ChromaDB):\n1. Place: Temple of the Sacred Tooth Relic\nRating: 4 stars\nTitle: Historic Relic, A Bit Dull\nSource: Visitor Review', 'Set in a large garden with several historic statues, this holy site is well kept, with an ornate building housing the tooth, but not much else. Much of the temple was heavily damaged by a LTTE suicide bomber, so much is modern. There is also a series of paintings that tracks the tangled history of the tooth. See it for the history.', '2. Place: Temple of the Sacred Tooth Relic\nRating: 5 stars\nTitle: Stunning\nSource: Visitor Review', 'For 2 westerners who have no knowledge of Buddhism, this temple is magnificent. Very informative about the history of Buddhism and the importance of the tooth relic. We were very aware that we were in a place sacred to the Buddhist people but we never felt like we were not welcome or intruding.Beautiful grounds and buildings and ornaments. Would go again.', ""3. Place: Temple of the Sacred Tooth Relic\nRating: 3 stars\nTitle: It's a just a temple\nSource: Visitor Review"", ""Don't expect too much. Dont even get to see the chest with the tooth relic. Some of the drawings are quite interesting. Entrance fee is too high"", '4. Place: Temple of the Sacred Tooth Relic\nRating: 4 stars\nTitle: Question of priorities\nSource: Visitor Review', ""Depending on what you want to see, just the temple or the tooth ceremony itself, you will experience a very quiet, serene and interesting place, you can go during the morning or just avoiding the ceremony times (twice day). Close and during ceremony, is a place completely full of people, where you can have the opportunity to witness locals pay respect and prayers and admire the tooth for about 2 seconds, another unique experience, but between pushing and shoving. It's up to you"", '5. Place: Temple of the Sacred Tooth Relic\nRating: 4 stars\nTitle: Good place to visit - the Vatican of Buddhism\nSource: Visitor Review', 'and Westerners complain about how this place is overcrowded and people are pushing their way to see the relic that they cannot see . But please note you are only an observer and just get out of the way if the worshippers would like to see the relic instead of complaining and blocking their way . Also stop complaining about the poor treatment of elephants as the colonials treated the locals a lot worse than the elephants treatment . So visit, observe and respect instead of just griping and you', 'Knowledge Graph Fact No graph results returned.']","Here is what you can do at the **Temple of the Sacred Tooth Relic**:

- Explore the large garden featuring several historic statues.
- View the ornate building that houses the tooth relic.
- Observe a series of paintings that track the history of the tooth.
- Learn about the history of Buddhism and the importance of the tooth relic.
- Witness the tooth ceremony, which occurs twice a day, where locals pay their respects and offer prayers.
- Experience the serene atmosphere of the temple grounds by visiting during the morning or outside of ceremony times.
- Observe the site as a place sacred to the Buddhist people.

Cost information is not available.","Evidence highlights the Temple of the Sacred Tooth Relic as a deeply peaceful, culturally important site containing a Buddha statue, though it charges an entrance fee and can be crowded."
Q_EXP_06,Explain about Galle Fort Lighthouse.,explanation_query,general_query,0.0,5.22,1.0,0.7282033827180147,0.0,0.0,Explain about Galle Fort Lighthouse.,"['REVIEW EVIDENCE (ChromaDB):\n1. Place: Galle Fort Lighthouse\nRating: 5 stars\nTitle: Historical\nSource: Visitor Review', 'Nice view for picture taking. Very historical. The whole place actually. You can stop by to chill and relax.', '2. Place: Galle Fort Lighthouse\nRating: 3 stars\nTitle: OK Lighthouse. Selfie Stop\nSource: Visitor Review', 'Built by the British just before WW2, it’s not a large lighthouse, and you cannot go inside — just walk past. Well kept, it still works and is used as an aid to navigation. Stop. Take a selfie. Move on.', '3. Place: Galle Fort Lighthouse\nRating: 4 stars\nTitle: Fort Galle\nSource: Visitor Review', 'You can walk and climb over the walls of the old fortress. The fortress consists some 14 bastions with coral and granite stones over an area of 52 hectares (130 acres). The big walls are mostly build in 1663 by the Dutch and still in a good condition. The panorama over the sea and harbour are very beautiful. At the end of the ramparts there is a lighthouse erected in 1939. Several streets in the city have Dutch names like : Moorse Kramerstraat, Lijnbaanstraat, Zeeburgstraat en Middelpuntstraat.', '4. Place: Galle Fort Lighthouse\nRating: 3 stars\nTitle: Not unusual\nSource: Visitor Review', 'The lighthouse is the same as most other lighthouses and for some reason reminded me of the lighthouse near Fort Jesus in Mombassa', '5. Place: Galle Fort Lighthouse\nCategory: Lighthouse\nLocation: Galle, Galle District, Southern Province, Sri Lanka\nSource: Wikipedia Article', 'The current 26.5 m-high (87 ft) concrete lighthouse was erected by the British about 100 m (330 ft) from the original site in 1939. The original light was furnished with a glass prism lens floating in a bath of mercury (to reduce friction) and was powered by a weight driven machine.', 'Knowledge Graph Fact No graph results returned.']","Here is what you can do at **Galle Fort Lighthouse**:

- View the 26.5 meter-high concrete structure, which was erected by the British in 1939.
- Take pictures of the lighthouse and the surrounding area.
- Chill and relax near the site.
- Walk past the lighthouse, as visitors cannot go inside.
- Observe the lighthouse, which is well kept and still functions as an aid to navigation.
- Walk and climb over the walls of the old fortress, which consists of 14 bastions built with coral and granite stones.
- Enjoy the panorama over the sea and harbor from the fortress ramparts.","Galle Fort Lighthouse is recommended based on evidence showing it offers scenic sunset views of the sea and beach, making it great for photography."
Q_EXP_07,Explain about Horton Plains National Park.,explanation_query,general_query,0.0,4.91,0.8333333333333334,0.7645098257213879,0.16666666665,1.0,Explain about Horton Plains National Park.,"['REVIEW EVIDENCE (ChromaDB):\n1. Place: Horton Plains National Park\nRating: 5 stars\nTitle: Early for the view\nSource: Visitor Review', 'labels off bottles. We were fine and did the walk clockwise, it was nice and relatively easy. Wear good walking shoes and our accommodation had supplied us a packed breakfast which was really nice of them. We sat and ate that at worlds end and got a lovely view. It seemed a popular spot to sit and have breakfast. There was only 6 people there (3 of us) which was really peaceful. The clouds come in pretty quick. We enjoyed bakers falls and walked back. You strip off your layers as you go along', '2. Place: Horton Plains National Park\nRating: 5 stars\nTitle: Fantastic hike\nSource: Visitor Review', ""A wonderful hike through bush and across plains to Baker's Falls - senstational, Little World's End and World's End.These last two offer spectacular views when there is a break form the swirling mist. Even the mist is amazing to watch as it swirls in and out. It is very peaceful and not at all crowded. It is hard to reach without a driver. The train stops 5 1/2 kms from the entrance and it is a hard walk. There were no tuk tuks or drivers waiting at the train to drive people. If you an get"", '3. Place: Horton Plains National Park\nRating: 5 stars\nTitle: Annual trip\nSource: Visitor Review', 'Excellent place to.visit for a hike and mingle with narture , birds , virgin water thats sprouts and fills up rivers downhill.You need to wear hiking gear and be prepared for wet weather .', '4. Place: Horton Plains National Park\nRating: 5 stars\nTitle: The highlight of any trip to the hill country\nSource: Visitor Review', ""a 5 km hike to World's End and back via Baker's Falls, also worth seeing. Head back out of the park via the Ohiya road for some spectacular views of the World's End gap from the road. Not exactly the same as hiking to the lookout point but stunning nevertheless. Viewing wildlife is a hit or miss prospect. We saw nothing. But there are some tame Sambhur deer at the visitor center for a photo opportunity. These animals are habituated to humans due to feeding, unfortunately, but you can get quite"", '5. Place: Horton Plains National Park\nRating: 5 stars\nTitle: Nice Walk to the end of the world!\nSource: Visitor Review', 'Are you sick of all the rubbish too? We often thought, man, why dont they do something about that and protect at least some landscapes? Here, however, they do. And that was the first impression we got from the park itself.The private booked drive up here from nuwara eliya was about an hour long and pretty curvy, but alright. On the entrance the staff checked all our bags for rubbish and asked to throw it away. The walk was awesome, not only because of the weather, but also because of the great', 'Knowledge Graph Fact No graph results returned.']","Horton Plains National Park is a destination for hiking and nature observation that requires visitors to adhere to strict waste management policies, such as having bags checked at the entrance and removing labels from bottles.

Here is what you can do at **Horton Plains National Park**:

- Hike through bush and across plains to reach Baker's Falls, Little World's End, and World's End.
- View the swirling mist at the lookout points, which can offer spectacular views when the mist breaks.
- Observe wildlife, though sightings are hit or miss; tame Sambhur deer are often found at the visitor center.
- Mingle with nature and see virgin water that sprouts and fills rivers flowing downhill.
- Enjoy a packed breakfast at World's End.
- Travel via the Ohiya road when exiting the park to see views of the World's End gap.
- Wear hiking gear and be prepared for wet weather.
- Wear good walking shoes and dress in layers, as you may need to strip off layers while walking.","Evidence indicates Horton Plains National Park is an excellent location for hiking and trekking, featuring scenic mountain trails, waterfalls, and wildlife like birds, though visitors should be prepared for varying weather."
Q_EXP_08,Explain about Sri Pada / Adam's Peak.,explanation_query,general_query,0.0,5.65,1.0,0.8118130591455781,0.0,0.5,Explain about Sri Pada / Adam's Peak.,"[""REVIEW EVIDENCE (ChromaDB):\n1. Place: Sri Pada / Adam's Peak\nCategory: Viewpoint / Hiking\nLocation: Nallathanniya, Nuwara Eliya District, Central Province, Sri Lanka\nSource: Wikipedia Article"", ""Adam's Peak is a 2,243-metre-tall (7,359-foot) conical sacred mountain located in central Sri Lanka. It is well known for the Sri Pada, a 1.8\xa0m rock formation resembling a footprint near the summit whose name is also used for the mountain itself. In Buddhist tradition the print is held to be the footprint of the Buddha, later in Sri Lankan Hindu tradition that of Hanuman or Shiva, and in some Islamic and Christian traditions that of Adam or St. Thomas the Apostle."", ""2. Place: Sri Pada / Adam's PeakUnclaimedIf you own this business, claim it for free now to update business info, respond to reviews, and more.Claim this listing\nRating: 4 stars\nTitle: An intense hike, for stunning views\nSource: Visitor Review"", ""Adam's Peak offers stunning views of the region: from water reservoirs, to deep valleys and rolling mountains to breath-taking waterfalls. The main attraction are the sunrise, and Buddha's footprint at the Temple (currently closed since the pandemic).This place normally has thousands of climbers each day but given the current situation and that peak season begins mid-Dec, we were only about 10-15 climbers. We started at 2.30am and depending on your speed, it can take anywhere from 2.5 to 4"", ""3. Place: Sri Pada / Adam's PeakUnclaimedIf you own this business, claim it for free now to update business info, respond to reviews, and more.Claim this listing\nRating: 5 stars\nTitle: Place of worship with breath taking views\nSource: Visitor Review"", 'level. It is always better to travel during the season, ie from December to May, unless seeking an adventure.', ""4. Place: Sri Pada / Adam's PeakUnclaimedIf you own this business, claim it for free now to update business info, respond to reviews, and more.Claim this listing\nRating: 5 stars\nTitle: Who knows? You might be the lucky one!\nSource: Visitor Review"", 'closed. We replied with smiles and he went back to the shelter. Surprisingly with a minute or two he opened the door and came up to the temple with his jacket on. He opened the side entrance and told us to take off our shoes and enter. We were shocked but followed his lead to the site where the ""footprint"" was situated. There\'s a door locked but you could peek into it from bottom. It\'s just amazing to get to see the real thing in front of our eyes, after so many people had told us that the', ""5. Place: Sri Pada / Adam's PeakUnclaimedIf you own this business, claim it for free now to update business info, respond to reviews, and more.Claim this listing\nRating: 5 stars\nTitle: Amazing but steep!\nSource: Visitor Review"", 'My driver to Dalhousie assured me this was an easy climb with mostly flat winding trails up the mountain, ha totally absurd! It took me over three hours, almost four, granted I stopped 3 times for a long coffee, legs and knees survival break. The second half of the climb is straight up but the stairs are well designed and the views incredible. I left at seven am for the climb from my hotel, overnight walking to see the sunrise was not a thing for me. I have to admit while an intense climb the', 'Knowledge Graph Fact No graph results returned.']","Here is what you can do at **Sri Pada / Adam's Peak**:

- View the 1.8 m rock formation resembling a footprint near the summit, which is held in Buddhist tradition to be the footprint of the Buddha, in Hindu tradition to be that of Hanuman or Shiva, and in Islamic and Christian traditions to be that of Adam or St. Thomas the Apostle.
- Experience an intense hike up the 2,243-metre-tall conical mountain.
- Observe views of the region, including water reservoirs, deep valleys, rolling mountains, and waterfalls.
- Witness the sunrise from the summit.
- Travel during the season, which runs from December to May, for the best experience.
- Climb the well-designed stairs, noting that the second half of the ascent is steep.","Sri Pada is recommended because evidence highlights it as a deeply peaceful heritage site with scenic mountain and sunrise views, though the trail involves many stairs and leeches."
Q_EXP_09,Explain about the Ancient City of Polonnaruwa.,explanation_query,general_query,0.0,5.29,1.0,0.7787029557617665,0.0,0.5,Explain about the Ancient City of Polonnaruwa.,"['REVIEW EVIDENCE (ChromaDB):\n1. Place: Ancient City of Polonnaruwa\nRating: 2 stars\nTitle: Heavily overpriced ruins\nSource: Visitor Review', ""some 'handicraft'. If you travel on a budget avoid."", '2. Place: Ancient City of Polonnaruwa\nRating: 5 stars\nTitle: Ancient city ruins of the Chola dynasty\nSource: Visitor Review', 'is the second largest city in North Central Province, but it is known as one of the cleanest and more beautiful cities in the country.Polonnaruwa was ruled by the Kings Vijayabahu I, Parakramabahu the Great and Nissanka Malla – all 3 of these rulers devoted themselves to fostering agriculture, religion and social development and the kingdom prospered under their reign during this era.', '3. Place: Ancient City of Polonnaruwa\nRating: 5 stars\nTitle: A must if you stay close\nSource: Visitor Review', 'shoulders and legs. You won’t be allowed to wear hats and sunglasses either. I loved it and highly recommend this to anyone! It’s an ancient city and the architecture is fascinating.Watch out for the monkeys as they will try to be cheeky and steal where they can. Loads of monkeys, wild cows and dogs live here!', '4. Place: Ancient City of Polonnaruwa\nRating: 5 stars\nTitle: Worth a Long Half Day visit to see the Highlights\nSource: Visitor Review', 'website.The entry ticket is for 3 areas, and they tear off a stub for each one as you enter that particular part.ii) At the ticket office is where we hooked up with our guide. Make sure you get a good honest one and US$20 is the rate that will cover a long half day and the guide will join you in your car moving between sites.We were unfortunate with our guide named Polo. This is probably not his real name but rather an alias chosen from the polo name on his tee shirt. He claimed to be an', '5. Place: Ancient City of Polonnaruwa\nRating: 4 stars\nTitle: Takes more than 3 hours\nSource: Visitor Review', 'site but I am sure it is not easy given that the roads are not paved and the site is too big and the sun is too strong. At the Buddha temple I was asked not to enter because I had bare shoulders.', 'Knowledge Graph Fact No graph results returned.']","The Ancient City of Polonnaruwa is the second largest city in the North Central Province and is recognized as one of the cleanest and most beautiful cities in the country.

Here is what you can do at the **Ancient City of Polonnaruwa**:

- Explore the ruins of the Chola dynasty, which prospered under the reign of Kings Vijayabahu I, Parakramabahu the Great, and Nissanka Malla, who focused on agriculture, religion, and social development.
- Observe the architecture of the ancient city.
- Encounter local wildlife, including monkeys, wild cows, and dogs.
- Hire a guide at the ticket office to assist with navigating the site, which covers three distinct areas.
- Spend a long half day visiting the highlights of the site.

Important visitor information:

- Visitors must cover their shoulders and legs to enter.
- Hats and sunglasses are not allowed.
- Entry tickets cover three areas, with a stub torn off for each section upon entry.
- The site is large, the sun is strong, and the roads are not paved.
- Some visitors may find the site to be heavily overpriced, particularly those traveling on a budget.","Evidence supports the Ancient City of Polonnaruwa as a highly rated heritage site where visitors can explore ancient ruins and temples, though weather conditions can be a factor."
Q_EXP_10,Explain about Yala National Park.,explanation_query,general_query,0.0,4.81,1.0,0.7498754523964939,0.49999999995,1.0,Explain about Yala National Park.,"['REVIEW EVIDENCE (ChromaDB):\n1. Place: Yala National Park\nRating: 5 stars\nTitle: Great with the right crew\nSource: Visitor Review', 'We booked three half-day safaris at Yala NP and they were awesome. The driver Heshan and our guide Sanka were professionals, we were traveling with them daily and booked them through our lodge (Koragaha), they work for several hotels. There were never any problems and we probably saw everything except the bears. Unbelievable also what Heshan could still see while driving. Thanks to the guys’ experience, after waiting 1.5 hours we could see a leopard coming out of the bush right in front of our', '2. Place: Yala National Park\nRating: 5 stars\nTitle: Great with the right crew\nSource: Visitor Review', 'park visitors can buy their ticket first and are then allowed to queue up in the sometimes very long motorcade on the left at the gate and they also have no guide in the car. We were completely satisfied.', '3. Place: Yala National Park\nCategory: National Park / Wildlife Reserve\nLocation: Uva Province, Sri Lanka\nSource: Wikipedia Article', 'The Yala area is mostly composed of metamorphic rock belonging to the Precambrian era and classified into two series, Vijayan series and Highland series. Reddish brown soil and low humic grey soil are prominent among six soil types. Yala is situated in the lowest peneplain of Sri Lanka, which extends from Trincomalee to Hambantota.  Topographically the area is a flat and mildly undulating plain that runs to the coast with elevation is 30 metres (98 ft) close to the coast while rising in the interior to 100–125 metres (328–410 ft). The national park is situated in the dry semi-arid climatic', '4. Place: Kaudulla National Park\nRating: 5 stars\nTitle: Wow\nSource: Visitor Review', 'restricted. This was a very enjoyable visit and certainly gave us a taste of what we could expct when visiting Yala later on during our tour.', '5. Place: Udawalawe National Park\nRating: 5 stars\nTitle: Must do, with an experienced guide\nSource: Visitor Review', ""National park was incredible, we did Udawalawe and Yala and had a much better time in Udewalawe. There was a much better focus on animal welfare and also diversity of wildlife. So important to get an experienced guide though, as the things they're able to spot is truly mind-blowing! We connected with ours after someone posted his details in a review and we were very glad they did. I just whatsapped him after we booked our flights Lahiru helped us before arrival with everything, from travel to"", 'Knowledge Graph Fact No graph results returned.']","Yala National Park is a wildlife reserve located in the Uva Province of Sri Lanka, characterized by a flat and mildly undulating plain that extends to the coast.

Here is what you can do at **Yala National Park**:

- Explore the park through half-day safaris to view wildlife.
- Observe leopards, as experienced guides can spot them emerging from the bush.
- Purchase tickets at the gate to join the motorcade for park entry.
- Experience the dry semi-arid climate of the region.
- View the landscape, which is composed of metamorphic rock from the Precambrian era and features reddish brown and low humic grey soil.
- Travel through the park, which sits in the lowest peneplain of Sri Lanka, ranging in elevation from 30 metres near the coast to 125 metres in the interior.

The available evidence notes that visitors may encounter long queues at the gate and suggests that the experience can be enhanced by hiring professional guides who are skilled at spotting animals.","Yala National Park is recommended based on evidence that it is a premier location for safaris, offering frequent wildlife sightings including elephants, leopards, and birds with the help of local guides."
Q_NEA_01,Can you provide a simple list of the names of places to visit near Mirissa Beach?,nearby_query,general_query,0.0,6.63,1.0,0.9190161046136206,0.249999999975,0.0,Can you provide a simple list of the names of places to visit near Mirissa Beach?,"['REVIEW EVIDENCE (ChromaDB):\n1. Place: Mirissa Beach\nRating: 5 stars\nTitle: Stunning\nSource: Visitor Review', 'Lovely place to watch the sunset . Good restaurants. Lots of activities available- surfing, snorkelling, fishing and eating crab from Papa Mango.', ""2. Place: Mirissa Beach\nRating: 4 stars\nTitle: surfer's paradise\nSource: Visitor Review"", ""It is a very nice town. A lot of different beaches around Mirissa. I have been to Unawatuna, Weligama, Dalawela and Polenha.I didn't like Polenha since it was extremely crowded.but the beach was very clam. Weligama was nice and wavey.I had spent some time next to W beach resort. Unawatuna and Dalawela are the best beach so far for me in Sri Lanka. Especially the little lagoon we have found in front of Janaka house/ Dalawela was amazing."", '3. Place: Mirissa Beach\nRating: 5 stars\nTitle: Ideal place to base yourself on South Coast\nSource: Visitor Review', 'We visited Mirissa for 10 days and visited 4 beaches, ate at several restaurants, swam with wild seat turtles, watched baby turtles hatching (by shear luck and coincidence) surfed, was taught yoga, had massages and met lovely people.The beaches we visited were all beautiful to look at as you might expect. The main beach to the west was the largest and were we spotted the turtles. Perfect for lazy days and strolling along rather than using the road that runs parallel. It has an abundance of', '4. Place: Mirissa Beach\nRating: 5 stars\nTitle: Very nice beach\nSource: Visitor Review', 'Nice beach with a lot of resturants. Big wawes and plenty of room for everyone. Be careful with small kids due to the streams and wawes.', '5. Place: Mirissa Beach\nRating: 3 stars\nTitle: Much ado about nothing\nSource: Visitor Review', 'Mirissa is a noisy village whose accommodation and commerce extend along the main road, where cars spend night and day, full of millenials celebrating night in. It is a 100% tourist spot, which inflated food and drink prices. For example, a coconut costs 250 rupees, while in Colombo or Galle it costs 100 rupees. Water 170 rupees, vs 100 rupees in the capital. The sea and the beaches are not extraordinary. If it is not millennial, this is not a suitable destination.', 'Knowledge Graph Fact No graph results returned.']","The places to visit near Mirissa Beach are:

- **Unawatuna** — a beach destination.
- **Weligama** — a beach described as nice and wavey.
- **Dalawela** — a beach featuring a little lagoon.
- **Polenha** — a beach described as calm.","Places near Mirissa Beach include Coconut Tree Hill, Weligama Beach, and Polhena Beach."
Q_NEA_02,What are the names of the attractions located around Ella Rock?,nearby_query,general_query,0.0,4.7,1.0,0.9517116912219414,0.0,0.0,What are the names of the attractions located around Ella Rock?,"['REVIEW EVIDENCE (ChromaDB):\n1. Place: Ella Rock\nRating: 4 stars\nTitle: Beware of locals !\nSource: Visitor Review', 'It’s quite tricky to find the path , look for foreigners and follow them. Don’t trust the locals who will point you in the wrong direction (as what others on trip advisors have mentioned)', '2. Place: Ella Rock\nRating: 5 stars\nTitle: challenging climb but fantastic sights\nSource: Visitor Review', 'Although the owner of the hotel explained it well, we succeeded in missing the right path alongside the raiway track to start our way up. Anyway, each path to the left of the railway track (after 3 kms) goes up the mountain and you entcounter the right way. As we both are 69 years of age, we did it slowly and had to wait many times to have our heart beat a bit slower. There are so much nice views and things to see in the woods that the trip as such is also very nice. Once on the rock, it is', '3. Place: Ella Rock\nRating: 5 stars\nTitle: Must do in Ella!\nSource: Visitor Review', 'We went up there from Kithalella and had about 2 hours, including taking pictures and a break on top. If you start at Kithalella you can spare yourself some ""guides"" that only want your money, we didnt meet one of them. We did our tour without a guide and without problems, just make sure you know the way in advance. The hike is not really a challenge (but we\'re swiss so...:)) but the view is amazing. I recommend to start at 8.00, we only saw 6 other people while hiking the way up but while', '4. Place: Ella Rock\nRating: 4 stars\nTitle: Nice view. Be careful of tourist fraud\nSource: Visitor Review', 'They only want your money at the end, having guided you to the view points. We gave him some LKR at half the way and managed to find the view point without him.', '5. Place: Ella Rock\nRating: 5 stars\nTitle: Lovely (if at times steep) hike overlooking Ella\nSource: Visitor Review', 'they were constructing a rest stop at the top, which might be running in a few months). Afterwards, take the extra 10 minutes (left if you are walking back from the jutting rocks) to hike t0 a second viewpoint, just near an impromptu temple, with a couple of Buddha statues and such', 'Knowledge Graph Fact No graph results returned.']","The attractions located around Ella Rock are:

- **Second viewpoint** — a location situated near an impromptu temple that features a couple of Buddha statues.
- **Rest stop** — a facility that was under construction at the top of the rock.","Attractions around Ella Rock include Ravana Ella Falls, Nine Arches Bridge, and Little Adam's Peak View Point."
Q_NEA_03,Please list the names of the places close to the Temple of the Sacred Tooth Relic.,nearby_query,general_query,0.0,5.01,0.0,0.0,0.0,0.0,Please list the names of the places close to the Temple of the Sacred Tooth Relic.,"['REVIEW EVIDENCE (ChromaDB):\n1. Place: Temple of the Sacred Tooth Relic\nRating: 5 stars\nTitle: Beautiful and sacred attraction\nSource: Visitor Review', 'We enjoyed the temple which is heavily visited but even better we enjoy the museum which is very lightly attended', '2. Place: Temple of the Sacred Tooth Relic\nRating: 4 stars\nTitle: Historic Relic, A Bit Dull\nSource: Visitor Review', 'Set in a large garden with several historic statues, this holy site is well kept, with an ornate building housing the tooth, but not much else. Much of the temple was heavily damaged by a LTTE suicide bomber, so much is modern. There is also a series of paintings that tracks the tangled history of the tooth. See it for the history.', '3. Place: Temple of the Sacred Tooth Relic\nRating: 4 stars\nTitle: Question of priorities\nSource: Visitor Review', ""Depending on what you want to see, just the temple or the tooth ceremony itself, you will experience a very quiet, serene and interesting place, you can go during the morning or just avoiding the ceremony times (twice day). Close and during ceremony, is a place completely full of people, where you can have the opportunity to witness locals pay respect and prayers and admire the tooth for about 2 seconds, another unique experience, but between pushing and shoving. It's up to you"", '4. Place: Temple of the Sacred Tooth Relic\nRating: 4 stars\nTitle: Good place to visit - the Vatican of Buddhism\nSource: Visitor Review', 'It is a must to go to place if you are a Buddhist . If you are a tourist - just observe and respect the religion . This is a good place to be culturally immersed into the religiousity of Buddhism. If you are here to observe and look at how people prayer , this is a place to go . There are many temples and places of worship to go . It is free entrance fees for locals but visitors need to pay the equivalent of US$7 to enter . I know many Europeans and Westerners complain about how this place is', '5. Place: Temple of the Sacred Tooth Relic\nRating: 1 stars\nTitle: Not worth a visit\nSource: Visitor Review', ""You get to see nothing as the tooth is covered in gold baskets. Even the gold baskets and the statues in the temple are within shut doors except for 3 times a day for 39 mins during the worship rituals. There is an unnecessary rush created due to limited opening time. They also charge LKR 1500 for foreigners (SAARC) which is not good as it's a temple and should be kept open at least for the fear of God."", 'Knowledge Graph Fact No graph results returned.']",The available evidence does not list specific names of places located close to the Temple of the Sacred Tooth Relic.,"Close to the Temple of the Sacred Tooth Relic, you can visit Kandy Lake, Kandy View Point, and Bahiravokanda Vihara Buddha Statue."
Q_NEA_04,Provide a simple list of interesting places near Sigiriya Lion Rock.,nearby_query,general_query,0.0,4.09,1.0,0.0,0.0,0.0,Provide a simple list of interesting places near Sigiriya Lion Rock.,"['REVIEW EVIDENCE (ChromaDB):\n1. Place: Sigiriya Lion Rock\nRating: 5 stars\nTitle: The Rock\nSource: Visitor Review', ""It's a very interesting and absolutely feasible visit. The climb is not difficult at all so do not be discouraged because you will have the opportunity to do the various steps slowly and little by little. Do not miss this place and above all do not miss the painted caves: they are magnificent."", '2. Place: Sigiriya Lion Rock\nRating: 5 stars\nTitle: Amazing view\nSource: Visitor Review', ""Amazing view and one if the must visit places in Sri Lanka, but it's so hot during the day time, avoid weekend crowded and difficult to climb."", '3. Place: Sigiriya Lion Rock\nRating: 4 stars\nTitle: Worth a visit but hard work\nSource: Visitor Review', 'Interesting experience, fascinating history but hard work in hot sun with very little shade at top. Go early to avoid queues and heat.', '4. Place: Sigiriya Lion Rock\nCategory: Heritage Site\nLocation: Ehalagala, Matale District, Central Province, Sri Lanka\nSource: Wikipedia Article', 'DESTINATION: Sigiriya Lion Rock\nTYPE: Heritage Site\nLOCATION: Ehalagala, Matale District, Central Province, Sri Lanka\nCOORDINATES: 7.9566634, 80.7599301\nADDRESS: Sigiriya, Ehalagala, Matale District, Central Province, 21121, Sri Lanka\nDESCRIPTION: Ancient rock fortress near Dambulla, Sri Lanka\nSOURCE: https://en.wikipedia.org/wiki/Sigiriya', '5. Place: Sigiriya Lion Rock\nRating: 5 stars\nTitle: Enchanting experience\nSource: Visitor Review', 'in the dark. The entry was USD 30 for foreigners (non SAARC) and USD 15 for foreigners from a SAARC nation.', 'Knowledge Graph Fact No graph results returned.']",The available evidence does not provide information regarding other interesting places near Sigiriya Lion Rock.,"Near Sigiriya Lion Rock, you can visit Pidurangala Rock, Hurulu Eco Park, and Dambulla Cave Temple."
Q_NEA_05,What are the names of the places I should see around Galle Dutch Fort?,nearby_query,general_query,0.0,4.91,0.7142857142857143,0.9094997400594756,0.0,0.3333333333333333,What are the names of the places I should see around Galle Dutch Fort?,"['REVIEW EVIDENCE (ChromaDB):\n1. Place: Galle Dutch Fort\nRating: 3 stars\nTitle: Some interesting structures and views, but not a must-see.\nSource: Visitor Review', 'Some interesting sites and views out to the city and ocean, but nothing particularly fascinating. It is a nice place to spend an hour away from the bustle of the city.', '2. Place: Galle Dutch Fort\nRating: 3 stars\nTitle: Fort with complete walls\nSource: Visitor Review', 'The walls of the fort are intact and you can walk all the way round them. They connect a number of bastions and there are a few cannons on the walls,There was a tableau/recreation inside one of the bastions but it was closed when we went there. Inside the fort complex there is a small town with quite a few vibey shops to look around and the usual eateries.', '3. Place: Galle Dutch Fort\nRating: 5 stars\nTitle: entranced enchantment\nSource: Visitor Review', 'been to more beautiful places but none have this allure like the spell of this fort.', '4. Place: Galle Dutch Fort\nRating: 4 stars\nTitle: Huge Fort\nSource: Visitor Review', 'The fort is big in length and you can visit lot of other things besides the fort. There are churches, markets etc. Time to complete full trip would be around 2-3 hours. The market is expensive compared to other markets in SL.You can also have a quick tour from the car itself if not interested in walking.', '5. Place: Galle Dutch Fort\nRating: 5 stars\nTitle: Nice experience staying / being in the Fort\nSource: Visitor Review', 'Centuries-old Dutch Fort, in parts still carrying the legacy.Quite a nice experience to be in this Fort. We were staying within the Fort so it was lovely to just walk around across Peddler St, Hospital St, Rampart St. and visit the restaurants along the way.The Light House, Rampart, Hospital and the bastions are some of the attractions; you get stunning views of the ocean, and Galle cricket stadium. There are a lot of restaurants in the area, and some shops and ice-cream shops. It is a lovely', 'Knowledge Graph Fact No graph results returned.']","The places you should see around Galle Dutch Fort include:

- **The Light House** — An attraction located within the fort area.
- **Rampart** — A structure that offers views of the ocean and the Galle cricket stadium.
- **Hospital** — An attraction situated within the fort complex.
- **Bastions** — Structures connected by the fort walls that feature cannons and occasional recreations.
- **Peddler Street, Hospital Street, and Rampart Street** — Streets within the fort area that feature various restaurants and shops.
- **Churches and Markets** — Sites located within the fort complex.
- **Galle Cricket Stadium** — A landmark visible from the fort ramparts.","Around Galle Dutch Fort, you can visit Galle Fort Lighthouse, Sea Turtle Farm Galle Mahamodara, and the Japanese Peace Pagoda."
Q_NEA_06,Places to visit near Nuwara Eliya?,nearby_query,general_query,0.0,5.42,1.0,0.9604060092840344,0.2777777777685185,0.5,Places to visit near Nuwara Eliya?,"['REVIEW EVIDENCE (ChromaDB):\n1. Place: Moon Plains\nRating: 5 stars\nTitle: Latest attraction\nSource: Visitor Review', 'latest attraction open to public in Nuwara Eliya, place for agricuntural and environmental tourism.New attarction. Very good place', '2. Place: Gregory Lake\nRating: 5 stars\nTitle: Great place to spend Nuwara Eliya evenings! Beware of boat operators!\nSource: Visitor Review', ""remember as 15).Close to the car park there is a large Merry-go-round that would be suitable for those with kids. There are horses also for riding. Beware of operators and you ask many of them regarding price and select one.We went on a rainy day, but enjoyed as much as possible. Previously we had a great time on non-rainy evenings.Don't miss this place when you are in Nuwara Eliya. You can just walk along the pavement enjoying the fresh air from the mountains!"", '3. Place: Ambewela Farms\nRating: 3 stars\nTitle: Good Place for Enroute Tour\nSource: Visitor Review', 'Ambewela farm is a private dairy producing different dairy products. This is situated in an beautiful location in the hills of Nuwara Eliya. The location is a 30 minutes drive from the Nuwara Eliya centre and for me it would be an ideal spot for en-route tours and for bunch of . Good for children where they could see the big cows closely and to see the cows are fed and milked. There is a restaurant and another dairy product selling spot. Overall it’s a good place to visit during your visit to', '4. Place: Victoria Park of Nuwara Eliya\nRating: 3 stars\nTitle: Take a gentle stroll\nSource: Visitor Review', 'It probably wasn’t the most colourful time to visit. There was evidence of newly planted beds of plants, but it was too early to see them in all their splendour. There are established trees and grass and you can stroll or find somewhere to sit away from the bustle of the shopping streets. It’s not a huge park, but you can enjoy the peace and watch the locals on a family visit.', '5. Place: Single Tree Hill\nRating: 5 stars\nTitle: Spectacular Scenic Views of Nuwara Eliya from the Single Tree Hill\nSource: Visitor Review', ""Single Tree Hill is a must visit if you are holidaying in Nuwara Eliya It's a 30 mins drive through the Tea Estate to the top of the Mountain from the Welimada Road turn on Single Tree Road on 4 Wheel Drive right to the top and if a Two Wheel Drive then you have to park the Vehicle 1000m before the Top of the Hill and if it's walking to the top from the Welimada Road turn off then it would take approx 90minutes as advised by the locals in the Area We went on our Vehicle upto 500m before reaching"", 'Knowledge Graph Fact No graph results returned.']","The places to visit near Nuwara Eliya are:

- **Moon Plains** — A recent attraction open to the public that serves as a destination for agricultural and environmental tourism.

- **Gregory Lake** — A location where you can walk along the pavement to enjoy fresh air from the mountains, ride horses, or use the merry-go-round near the car park.

- **Ambewela Farms** — A private dairy farm located 30 minutes from the Nuwara Eliya centre where children can see cows being fed and milked, and visitors can access a restaurant and a dairy product selling spot.

- **Victoria Park of Nuwara Eliya** — A park featuring established trees and grass where you can take a gentle stroll or sit away from the bustle of the shopping streets to enjoy the peace.

- **Single Tree Hill** — A mountain that offers scenic views and can be reached by a 30-minute drive through a tea estate, followed by a final stretch that may require a 4-wheel drive vehicle, a 1000m walk for 2-wheel drive vehicles, or a 90-minute hike from the Welimada Road turn-off.","Places near Nuwara Eliya include Single Tree Hill, Galway's Land National Park, Gregory Lake, Lover's Leap Falls, Pedro Tea Factory, Moon Plains, Hakgala Botanic Gardens, and Ambewela Farms."
Q_NEA_07,What attractions are close to Yala National Park?,nearby_query,general_query,0.0,4.7,1.0,0.9114094159545136,0.0,0.0,What attractions are close to Yala National Park?,"['REVIEW EVIDENCE (ChromaDB):\n1. Place: Yala National Park\nRating: 5 stars\nTitle: Great with the right crew\nSource: Visitor Review', 'We booked three half-day safaris at Yala NP and they were awesome. The driver Heshan and our guide Sanka were professionals, we were traveling with them daily and booked them through our lodge (Koragaha), they work for several hotels. There were never any problems and we probably saw everything except the bears. Unbelievable also what Heshan could still see while driving. Thanks to the guys’ experience, after waiting 1.5 hours we could see a leopard coming out of the bush right in front of our', '2. Place: Yala National Park\nRating: 5 stars\nTitle: Great with the right crew\nSource: Visitor Review', 'park visitors can buy their ticket first and are then allowed to queue up in the sometimes very long motorcade on the left at the gate and they also have no guide in the car. We were completely satisfied.', '3. Place: Kaudulla National Park\nRating: 5 stars\nTitle: Wow\nSource: Visitor Review', 'restricted. This was a very enjoyable visit and certainly gave us a taste of what we could expct when visiting Yala later on during our tour.', '4. Place: Udawalawe National Park\nRating: 5 stars\nTitle: Must do, with an experienced guide\nSource: Visitor Review', ""National park was incredible, we did Udawalawe and Yala and had a much better time in Udewalawe. There was a much better focus on animal welfare and also diversity of wildlife. So important to get an experienced guide though, as the things they're able to spot is truly mind-blowing! We connected with ours after someone posted his details in a review and we were very glad they did. I just whatsapped him after we booked our flights Lahiru helped us before arrival with everything, from travel to"", '5. Place: Yala National Park\nCategory: National Park / Wildlife Reserve\nLocation: Uva Province, Sri Lanka\nSource: Wikipedia Article', 'The area around Yala National Park has hosted several ancient civilizations. Two important Buddhist pilgrim sites, Sithulpahuwa and Magul Vihara, are situated within the park. The 2004 Indian Ocean earthquake and tsunami caused severe damage on the Yala National Park, and 250 people died in its vicinity.', 'Knowledge Graph Fact No graph results returned.']","The attractions situated within Yala National Park are Sithulpahuwa and Magul Vihara, which are both Buddhist pilgrim sites.","Attractions close to Yala National Park include Sithulpawwa Rock Temple, Kataragama Temple, Kirinda Viharaya, Lunugamvehera National Park, Maligawila Buddha Statue, Buduruwagala Temple, Kalametiya Eco Bird Watching, and Elephant Transit Home (ETH)."
Q_NEA_08,Are there any good spots near Arugam Bay?,nearby_query,general_query,0.0,8.8,0.9,0.9525232982667138,0.0,0.0,Are there any good spots near Arugam Bay?,"['REVIEW EVIDENCE (ChromaDB):\n1. Place: Arugam Bay\nRating: 5 stars\nTitle: a beautiful remote part in the world\nSource: Visitor Review', 'Arugam Bay is a very quite and beautiful location , if you want to get away from the city life, it has some good surfing places, National safari park, nature reserves, lakes, rivers and lagoon, people are super friendly, foods and tasty and plenty with prices vary, sandy beaches, innocent faces and the thick jungles around with full of nature, a place to spend some time to be perfect.', '2. Place: Arugam Bay\nRating: 3 stars\nTitle: Visit out of season\nSource: Visitor Review', ""My partner and I have come to A. Bay for a week of surfing. We're about a week early before the season officially starts but we're getting good waves already.The benefit of being outside of season is it is much quiter than it will be in a few weeks. We wish we were here a month ago!There is a good vibe about the place as restaurants and guest houses are just opening up. This also gives visitors greater bargaining power for cheaper room rates, tuk rides and food.Be aware that this place gets"", '3. Place: Arugam Bay\nRating: 5 stars\nTitle: Tranquility at its best……\nSource: Visitor Review', 'We visited Arugam Bay and stayed at Ranga’s Beach Hut for few days. I loved the stay, food and the atmosphere at Beach Hut. Arugam Bay is an amazing place, the beach to the limit our eye can find scenery. Since we went there closer to the end of the season not crowded as well.We visited Kumana Bird Sanctuary as well, again calm and quiet. Loads of different birds, enough number of crocodiles, elephants, different kind of other animals and If you are lucky you could see the leopard and bear as', '4. Place: Arugam Bay\nRating: 4 stars\nTitle: Tourist Destination with Tons of Potential\nSource: Visitor Review', 'from the multiple huts along the beach and hang out in the shade. The food: Your experience with the food scene depends on the places you go to. We went to a place called Water Edge a couple of times and the food and service was quite good. You could find cheaper places to eat, but the food at this place was quite tasty. Try the seafood platter which is about Rs.1500/= and is one of the more expensive items on the menu. Most restaurants also have vegetarian options; make sure to specify what', '5. Place: Arugam Bay\nRating: 4 stars\nTitle: Tourist Destination with Tons of Potential\nSource: Visitor Review', ""spot called 'Whisky Point.' While we were told by some that this recommendation is also based on giving more business to tuk-tuk drivers, 'Whisky Point' is indeed quite a good spot for beginner surfers. Waves are still fairly strong, but not too dangerous; also, the area has a sand bottom as opposed to a rock bottom. Best to get there for around 7 a.m. as it could get crowded later in the day. The prices to rent surf boards and boogie boards are quite reasonable and you can probably negotiate"", 'Knowledge Graph Fact No graph results returned.']","The best spot near Arugam Bay is:

- **Whisky Point** — This is a good spot for beginner surfers. The waves are fairly strong but not too dangerous, and the area features a sand bottom. It is best to arrive around 7 a.m. to avoid crowds, and you can negotiate the prices for renting surf boards and boogie boards.

Additionally, you can visit the **Kumana Bird Sanctuary**, which is a calm and quiet location where you can see different birds, crocodiles, elephants, and other animals, including leopards and bears if you are lucky.","Good spots near Arugam Bay include Kumana National Park, Little Adam's Peak View Point, Demodara Loop, Lunugamvehera National Park, and Sithulpawwa Rock Temple."
Q_NEA_09,What can I visit around Anuradhapura?,nearby_query,general_query,0.0,5.11,1.0,0.9317908782298906,0.0,1.0,What can I visit around Anuradhapura?,"['REVIEW EVIDENCE (ChromaDB):\n1. Place: Abhayagiri Dagaba\nRating: 5 stars\nTitle: Awesome Place\nSource: Visitor Review', 'Actually I visited this place after 15 year. After seeing this gigantic pagoda I feel it is proud to be a Srilankan. So I invite those who visiting Anuradhapura to be here.', '2. Place: Twin Baths (Kuttam Pokuna)\nRating: 4 stars\nTitle: interesting ancient engineering\nSource: Visitor Review', 'Included in the general entrance fee for Anuradhapura city complex this is an interesting short attraction visit. You will only take a few minutes to view this pair of bathing pools and marvel at the sophistication in engineering achieved over 2000 years ago. A number of market stalls adjacent and one or two beggars in the area. Public toilets (rare occurrence in Anuradhapura) 50 metres away and whilst not luxurious are usable for 20 rupees. Not a must do but worth stopping if passing.', '3. Place: Mihintale\nRating: 5 stars\nTitle: A Place for Adventure, Nature Watching & also Worship\nSource: Visitor Review', 'A good place close to Anuradhapura with a huge Ancient rock Temple. This is the place Bhuddhism was introduced to Sri Lanka by Ven Monk Mihindu from India.Overall a place worth a visit in any angle.', '4. Place: Jaya Sri Maha Bodhi\nRating: 5 stars\nTitle: Excellent place to know Buddhism from close\nSource: Visitor Review', 'Word of Advice: Do not wear any clothing with Lord Buddha on it, it is offensive to locals. Also, your apparel should cover your knees. (shorts etc. may not be advisable)Anuradhapura is a great place to know about Buddhism from close quarters. Must visit are the stupas near the Bodhi tree. Do spend some time at the Stupa watching people pray. It is a great feeling.', '5. Place: Ruwanweli Maha Seya\nRating: 3 stars\nTitle: Nice, very large stupa, not much else...\nSource: Visitor Review', ""The stupa is huge and it is the most massive building standing in Anuradhapura's archeologic park. It must have been heavily restored, considering its state of preservation compared to the ruinous state of the rest of the park. ."", 'Knowledge Graph Fact No graph results returned.']","The places you can visit around Anuradhapura are:

- **Abhayagiri Dagaba** — A gigantic pagoda that serves as a site of pride for visitors.

- **Twin Baths (Kuttam Pokuna)** — A pair of bathing pools that showcase sophisticated engineering from over 2000 years ago, located within the general entrance fee area of the city complex.

- **Mihintale** — A location close to Anuradhapura featuring a huge ancient rock temple where Buddhism was introduced to Sri Lanka by the Venerable Monk Mihindu.

- **Jaya Sri Maha Bodhi** — A site where you can learn about Buddhism, featuring nearby stupas where you can watch people pray; visitors are advised to cover their knees and avoid clothing depicting Lord Buddha.

- **Ruwanweli Maha Seya** — The most massive building in the archaeological park, characterized as a huge stupa that appears to have been heavily restored.","Around Anuradhapura, you can visit Isurumuniya Temple, Lovamahapaya Brazen Palace, Jaya Sri Maha Bodhi, Moonstone or Sandakada pahana, Ruwanweli Maha Seya, Twin Baths (Kuttam Pokuna), Dagoba of Thuparama, and Abhayagiri Dagaba."
Q_NEA_10,Recommendations for places near Trincomalee?,nearby_query,general_query,0.0,6.03,1.0,0.8978629713134504,0.3333333333,0.25,Recommendations for places near Trincomalee?,"['REVIEW EVIDENCE (ChromaDB):\n1. Place: Trincomalee Beach\nRating: 5 stars\nTitle: Beach\nSource: Visitor Review', ""A nice place to spend the day on the beach.enjoyed the sunrise and also it's very close from Tobiko Trincomalee.just 5 Minutes walk"", '2. Place: Trincomalee War Cemetery\nRating: 5 stars\nTitle: Beautifully maintained as always\nSource: Visitor Review', 'There are some very interesting headstones and some unusual histories. Well worth the trip. Reasonably easy to find', '3. Place: Fort Frederick\nRating: 3 stars\nTitle: Its a ok activity\nSource: Visitor Review', ""Its something to do in Trinco but not a highlight. I would have liked to see more of the fort but its a military base ans toi can only walk up the tar road to get to the temple. The buildings have been seriously neglected and the roadside vendors sell a lot of plastic children's toys instead of interesting local produce."", '4. Place: Trincomalee Beach\nCategory: Beach\nLocation: Alles Garden, Trincomalee District, Eastern Province, Sri Lanka\nSource: Wikipedia Article', 'The Trincomalee Bay, bridged by the Mahavilli Ganga River to the south, the historical ""Gokarna"" in Sanskrit, means ""Cow\'s Ear"", akin to other sites of Siva worship across the Indian subcontinent. Uniquely, Trincomalee is a Pancha Ishwaram, a Paadal Petra Sthalam, a Maha Shakta pitha and Murugan Tiruppadai of Sri Lanka; its sacred status to the Hindus has led to it being declared ""Dakshina-Then Kailasam"" or ""Mount Kailash of the South"" and the ""Rome of the Pagans of the Orient"". The harbour is renowned for its large size and security; unlike any other in the Indian Ocean, it is accessible in', '5. Place: Batticaloa Fort\nRating: 4 stars\nTitle: Gives nice panoramic View\nSource: Visitor Review', 'Though this is not a major tourist attraction as Galle or Trincomalee still a nice place to go and have a panoramic view of the sea. MOst of the buildings inside are renovated to modern looking concretes.', 'Knowledge Graph Fact No graph results returned.']","The places near Trincomalee are:

- **Trincomalee Beach** — A place to spend the day on the beach where visitors can enjoy the sunrise. It is located in Alles Garden, Trincomalee District, Eastern Province, and is situated five minutes away from Tobiko Trincomalee.
- **Trincomalee War Cemetery** — A site featuring interesting headstones and unusual histories that is reasonably easy to find.
- **Fort Frederick** — A location where visitors can walk up a tar road to reach a temple. The site is a military base, and the buildings have been neglected.","Places near Trincomalee include Trincomalee War Cemetery, Uppuveli Beach, Fort Frederick, Kanniya Hot Springs, Nilaveli Beach, Marble Beach, Seruwila Mangala Raja Maha Vihara, and Hurulu Eco Park."
Q_FAC_01,What are some tourist spots that feature on-site restaurants?,facility_query,general_query,0.0,20.73,1.0,0.96343381556228,0.0,0.0,What are some tourist spots that feature on-site restaurants?,"['REVIEW EVIDENCE (ChromaDB):\n1. Place: Mount Lavinia Beach\nRating: 3 stars\nTitle: Crowdy and Not So Clean\nSource: Visitor Review', 'Its a good location to getaway but recently the cleanliness has been very poor. There are some good Restaurants around but their service is not so satsfactory', '2. Place: Dutch Hospital Shopping Precinct\nRating: 4 stars\nTitle: Perfect location\nSource: Visitor Review', 'It’s amazing pubs and restaurants all the way. Street food festival is marvelous. No words to say. It just amazing.', '3. Place: Diyatha Uyana\nCategory: Garden / Park\nLocation: Sri Jayewardenepura Kotte, Colombo District, Western Province, Sri Lanka\nSource: Wikipedia Article', 'Floating restaurant', '4. Place: Kandy View Point\nRating: 5 stars\nTitle: Nice view\nSource: Visitor Review', 'A beautiful viewpoint over Kandy. Nothing special about it except that there are quite a few vendors who want to sell you everything.', '5. Place: Goyambokka Beach\nRating: 3 stars\nTitle: Nice beach but crowded\nSource: Visitor Review', 'The small main beach is cute, but there are some big hotels so it is crowded. A couple of simple but quite expensive restaurants. There are much nicer and wider (and empty!) beaches on the other side of Tangalle town.', 'Knowledge Graph Fact No graph results returned.']","The tourist spots that feature on-site restaurants are:

- **Mount Lavinia Beach** — features restaurants in the surrounding area.
- **Dutch Hospital Shopping Precinct** — features pubs and restaurants throughout the location, as well as a street food festival.
- **Diyatha Uyana** — features a floating restaurant.
- **Goyambokka Beach** — features a couple of simple restaurants.","The tourist spots that feature on-site restaurants include Negombo Beach, Negombo Fish Market, and Sri Pada / Adam's Peak."
Q_FAC_02,What are some attractions that feature steps or stairs?,facility_query,general_query,0.0,20.33,1.0,0.7681569021691358,0.3095238095083333,0.0,What are some attractions that feature steps or stairs?,"['REVIEW EVIDENCE (ChromaDB):\n1. Place: Mihintale\nRating: 5 stars\nTitle: Perfect place to watch the sunset\nSource: Visitor Review', ""to get to the top so I really didn't notice the number of stairs. That said, admittedly we did only walk from the upper car park. If you time your visit for sunset, the heat has largely gone out of the rocks but it's a good idea to wear socks anyway."", '2. Place: Yapahuwa Rock Fortress\nCategory: Heritage Site\nLocation: Sri Lanka\nSource: Wikipedia Article', 'Staircase: the staircases of Yapahuwa have three distinct sets of stairs; the lower staircase, about 15-20 steps, being in-front of a brick wall, the second staircase, being around a speculative 30-40 steps, is surrounded by large square constructs, and greenery, and the third starcase, the most recognized staircase, around 40-45 steps, it\'s stone portal/doorway ""vahalkada"" (Sinhalese language : වාහල්කඩ) and it\'s mythical beings in the architecture, called Makara Balustrades, such as dwarfs (gana) and lion-like creatures near the top. There is a legend, not mentioned often, that getting near', ""3. Place: Lover's Leap Falls\nRating: 4 stars\nTitle: Spectacular\nSource: Visitor Review"", 'Even with a tuk-tuk for part of the journey there is still a lot of uphill walking (with significant drop-offs for vertigo sufferers). But well worth persevering. The viewing area is not large and you will get damp from the spray', ""4. Place: Sri Pada / Adam's PeakUnclaimedIf you own this business, claim it for free now to update business info, respond to reviews, and more.Claim this listing\nRating: 5 stars\nTitle: Mesmerizing views\nSource: Visitor Review"", ""witnessed. You don't need a guide, no payment either.... its FREE. There are monks at various points asking for donation, just give them a friendly smile and ignore/avoid them politely. The top stairs have railing so that helps the final part and you might not need the trekking sticks. We didn't get any and we were fine. But you do need a torch or headlamp. Our guesthouse lend us a torch and that was very helpful, they also told us that we dont need to rent a trekking stick either. We stayed in"", '5. Place: Pidurangala Rock\nRating: 5 stars\nTitle: Well worth the climb\nSource: Visitor Review', ""Not as easy as Dugouts but definitely worth the view. Most of the way up it's bit rock stairs but at the very end you will have to do a bit of rock climbing but nothing dangerous.It's an absolutely amazing view and as its untouched it's pretty spectacular. Take a picnic up with you for lunch and spend a few hours up on top of the world"", 'Knowledge Graph Fact No graph results returned.']","The attractions in Sri Lanka that feature steps or stairs are:

- **Mihintale** — Features stairs leading to the top, where visitors can watch the sunset.
- **Yapahuwa Rock Fortress** — A heritage site containing three distinct sets of stairs: a lower staircase of 15-20 steps, a second staircase of 30-40 steps surrounded by square constructs and greenery, and a third staircase of 40-45 steps featuring a stone portal and architectural carvings of mythical beings.
- **Sri Pada / Adam's Peak** — Features stairs leading to the top, with railings provided for the final section of the climb.
- **Pidurangala Rock** — Features rock stairs for most of the ascent, followed by a section of rock climbing at the very end.","Attractions that feature steps or stairs include Sri Pada / Adam's Peak, Yapahuwa Rock Fortress, and Laxapana Falls."
Q_FAC_03,What are some locations that offer value for money and require an entrance fee?,facility_query,general_query,0.0,12.67,1.0,0.7810024596150251,0.0,0.0,What are some locations that offer value for money and require an entrance fee?,"['REVIEW EVIDENCE (ChromaDB):\n1. Place: Kaudulla National Park\nRating: 3 stars\nTitle: Price\nSource: Visitor Review', 'Our entrance fee was 1670 rupees for 2jeeps, 12 adults, 6 children.I think entrance fee for foreigners is much higher than local.Each jeep charged 3500. We got it near the entrance.', '2. Place: Hakgala Botanic Gardens\nRating: 1 stars\nTitle: Rip Off\nSource: Visitor Review', ""First of all, Google Maps claims this attraction is permanently closed. It is not. However, It's definitely not worth going to in my opinion. It is incredibly expensive for foreigners. First, you have to pay a taxi or tuk tuk to take you there. (We paid 700LKR). Then, you have to pay 22 times the amount locals do. For every foreigner, the price is 1100LKR. Locals pay 50LKR. We didn't go in because we felt that this difference is beyond reasonable. I can't tell you if it was worth the price or"", '3. Place: Temple of the Sacred Tooth Relic\nRating: 2 stars\nTitle: Expensive waste of time\nSource: Visitor Review', 'There are plenty of other Buddhist temples in the world that are more interesting than this one. Not only is it expensive to get in but you then have to pay to have your shoes stored (you have no choice). At every opportunity there are donation boxes, we counted well over 50. I don’t know what they do with their wealth but it’s certainly not spent on the poor of Sri Lanka and have you ever seen a hungry monk???I recommend not going here.There are plenty of pictures on Google if you want a', '4. Place: Pettah Floating Market\nCategory: Shopping / Market\nLocation: Colombo, Colombo District, Western Province, Sri Lanka\nSource: Wikipedia Article', 'References', '5. Place: Ella Rock\nRating: 4 stars\nTitle: Beware of locals !\nSource: Visitor Review', 'It’s quite tricky to find the path , look for foreigners and follow them. Don’t trust the locals who will point you in the wrong direction (as what others on trip advisors have mentioned)', 'Knowledge Graph Fact No graph results returned.']","The locations that require an entrance fee are Kaudulla National Park, Hakgala Botanic Gardens, and the Temple of the Sacred Tooth Relic.

- **Kaudulla National Park** — The entrance fee is 1670 rupees for a group of 12 adults, 6 children, and 2 jeeps, with an additional charge of 3500 rupees per jeep.
- **Hakgala Botanic Gardens** — The entrance fee for foreigners is 1100 LKR, which is 22 times the amount paid by locals.
- **Temple of the Sacred Tooth Relic** — This location requires an entrance fee and charges an additional mandatory fee for shoe storage.","Locations that require an entrance fee include Ancient City of Polonnaruwa, Ceylon Tea Museum, and Colombo Lotus Tower."
Q_FAC_04,What are some places that feature a local guide or guide service?,facility_query,general_query,0.0,12.07,0.7142857142857143,0.9862485802118984,0.0,0.0,What are some places that feature a local guide or guide service?,"['REVIEW EVIDENCE (ChromaDB):\n1. Place: Ella Rock\nRating: 4 stars\nTitle: Beware of locals !\nSource: Visitor Review', 'It’s quite tricky to find the path , look for foreigners and follow them. Don’t trust the locals who will point you in the wrong direction (as what others on trip advisors have mentioned)', '2. Place: Mulgirigala Raja Maha Vihara\nRating: 4 stars\nTitle: We had a very knowledgeable guide!\nSource: Visitor Review', ""Too bad I can't remember our guide's name, because he was a fountain of info. I do remember that he is 63 and used to work for the government before quitting to become a guide. :) At any rate, we learned many things about this fascinating place that we wouldn't have had we not hired such a good guide. We were at Tangalle for the beach, but this was a nice change from lolling about on the sand.For the record, contrary to other reviewers, I saw no touts or monkeys. Perhaps they did each other in!"", '3. Place: Richmond Castle\nRating: 3 stars\nTitle: Okay for a visit\nSource: Visitor Review', 'When we went unfortunately there were no English guides.. so we only spent about half hour.. suggest you check if there are English guides before going in..', '4. Place: Ambewela Farms\nRating: 1 stars\nTitle: Disorganized and Over-crowded.\nSource: Visitor Review', ""A proper method should be introduced to discipline the lines at the ticket counter. It's chaotic. If the farm is open to public visits, it should be nicely maintained with guided tours in order to make the visit more educational and meaningful. This can be converted into a wonderful learning opportunity for everyone by involving the right professionals to introduce 'Method'. As it is, hate to say, but it's a sheer waste of time and money!!!"", '5. Place: Dutch Hospital Shopping Precinct\nRating: 4 stars\nTitle: Its a place to visit\nSource: Visitor Review', 'If you are in Colombo, you must visit Galle Fort and if you find yourself here in Galle Fort, you must visit Dutch Hospital Shopping Precinct. You can find Barefoot shop here and some other souvenir shop here, but you must go to Ministry of Crab on the other end. It is an experience the you will enjoy.', 'Knowledge Graph Fact No graph results returned.']","The places that feature a local guide or guide service are:

- **Mulgirigala Raja Maha Vihara** — Visitors can hire a knowledgeable guide to learn information about the site.
- **Richmond Castle** — This location offers English guides, though availability can vary.
- **Ambewela Farms** — While currently lacking them, it has been suggested that the farm should implement guided tours to make visits more educational.","Places that offer a local guide include Negombo Fish Market, Sri Pada / Adam's Peak, and Handunugoda Tea Estate."
Q_FAC_05,What are some temples and sites in Sri Lanka that feature donation boxes?,facility_query,general_query,0.0,6.09,1.0,0.9779864679574678,0.0,0.0,What are some temples and sites in Sri Lanka that feature donation boxes?,"['REVIEW EVIDENCE (ChromaDB):\n1. Place: Temple of the Sacred Tooth Relic\nRating: 2 stars\nTitle: Expensive waste of time\nSource: Visitor Review', 'There are plenty of other Buddhist temples in the world that are more interesting than this one. Not only is it expensive to get in but you then have to pay to have your shoes stored (you have no choice). At every opportunity there are donation boxes, we counted well over 50. I don’t know what they do with their wealth but it’s certainly not spent on the poor of Sri Lanka and have you ever seen a hungry monk???I recommend not going here.There are plenty of pictures on Google if you want a', '2. Place: Jaya Sri Maha Bodhi\nCategory: Religious Site\nLocation: Anuradhapura, Anuradhapura District, North Central Province, Sri Lanka\nSource: Wikipedia Article', 'The Jaya Sri Maha Bodhi, as it became known, has since been cared for and protected by Buddhist monks and dedicated kings. Statues, water canals, golden fences, and walls have been built around the tree over the centuries, and many vows and offerings have been made by Buddhists at the foot of the sacred fig.', '3. Place: Ridee Viharaya (silver Temple)\nCategory: Religious Site\nLocation: Rambadagalla, Kurunǣgala, North Western Province, Sri Lanka\nSource: Wikipedia Article', 'the world). There are also sculptures of Hindu deities around the main statue. The chamber contains paintings of mythological animals and Ravana: a', '4. Place: Yapahuwa Rock Fortress\nCategory: Heritage Site\nLocation: Sri Lanka\nSource: Wikipedia Article', 'At the southern base of the rock there is a fortification with two moats and ramparts. In this enclosure there are the remains of a number of buildings including a Buddhist shrine. There is also a Buddhist temple called Yapahuwa Rajamaha Vihara built during the Kandyan period.', '5. Place: Abhayagiri Dagaba\nCategory: Religious Site\nLocation: Sri Lanka\nSource: Wikipedia Article', 'King Valagamba and Abhayagiri', 'Knowledge Graph Fact No graph results returned.']","The temples and sites in Sri Lanka that feature donation boxes are:

- **Temple of the Sacred Tooth Relic** — This site contains well over 50 donation boxes throughout the premises.","Temples and sites that feature donation boxes include Angurukaramulla Temple, Bahiravokanda Vihara Buddha Statue, and Kalutara Bodhiya."
Q_FAC_06,What are some places in Sri Lanka that provide tourist accommodation?,facility_query,general_query,0.0,6.0,0.6666666666666666,1.0,0.0,0.0,What are some places in Sri Lanka that provide tourist accommodation?,"['REVIEW EVIDENCE (ChromaDB):\n1. Place: Arugam Bay\nRating: 5 stars\nTitle: The best place we visited in Sri Lanka\nSource: Visitor Review', 'rotti! the hideaway had great western food and the BEST enourmous portion of Sri lankan curries (I tried alot of it)If your a surfer, you found heaven. Try main point, or grab a tuk tuk to wisky point and by the lighthouse for less people. There is also another cool surf spot in okanda which is in the national park and if you get some people together, you can get a jeep to take u there (watch out for elephants on the beach) I would highly recommend this place, i absolutely loved it.', '2. Place: Galle Face Hotel\nCategory: Hotel\nLocation: Colombo, Colombo District, Western Province, Sri Lanka\nSource: Wikipedia Article', 'History', '3. Place: Old Parliament Building\nRating: 5 stars\nTitle: Great British Architecture\nSource: Visitor Review', 'A place must visit by everyone visits Sri Lanka, Colombo. Tourists and other do keep in mind that you are not allowed to go in or climb the fence to take pictures. If you need parking 🅿 it is not allowed. Therefore walk and come.', '4. Place: Henerathgoda Botanical Garden\nCategory: Garden / Park\nLocation: Sri Lanka\nSource: Wikipedia Article', 'Visitor attraction', ""5. Place: St. Mary's Church\nRating: 3 stars\nTitle: Interesting If You Are In The Area\nSource: Visitor Review"", 'There are a great deal of churches in this area and this is certainly one of the most impressive. When I visited they were preparing for a wedding so it looked great.This is a good area to see the different cultures of Sri Lanka.', 'Knowledge Graph Fact No graph results returned.']","The places in Sri Lanka that provide tourist accommodation are:

- **Arugam Bay** — This location features The Hideaway, which serves western food and Sri Lankan curries.
- **Galle Face Hotel** — This is a hotel located in Colombo, Colombo District, Western Province.","Places that provide tourist accommodation include Negombo Beach, Sri Pada / Adam's Peak, and Negombo Fish Market."
Q_FAC_07,What are some locations that provide easily accessible tuk tuk services?,facility_query,general_query,0.0,10.83,0.75,0.9344517936499008,0.0,0.0,What are some locations that provide easily accessible tuk tuk services?,"['REVIEW EVIDENCE (ChromaDB):\n1. Place: Goyambokka Beach\nRating: 5 stars\nTitle: Secluded beautiful beach\nSource: Visitor Review', 'The only way to get to this small but secluded beach is via a tuk-tuk or a scooter. My friend and I took the latter mode of transport and throughly enjoyed the experience of sipping beer while savouring the picturesque view...', '2. Place: Nine Arches BridgeSomeone from this business manages the listing.\nRating: 4 stars\nTitle: Could do with a train timetable.\nSource: Visitor Review', 'didn’t wait. But this is a stunning walk and you don’t need to take a tuk tuk. Just follow the Passara Road from the centre of town for about 600m and you’ll pick up the trail on your left.', '3. Place: Dutch Hospital Shopping Precinct\nRating: 4 stars\nTitle: Good food outlets with nice views and nice handicraft and tea shops\nSource: Visitor Review', 'Worth a trip to stop by and look at the shops and eat lunch with a nice sea breeze and view. Also have lovely, clean public toilets (for Dutch Shopping Precinct Shoppers only.....) on the 1st floor behind One Minute Tuk Tuk', '4. Place: Richmond Castle\nRating: 5 stars\nTitle: Tuk Tuk visit\nSource: Visitor Review', 'Old colonial house and gardens. Worth the trip. It was about 20 minutes took took ride from hotel. Also went to local waterfalls.', '5. Place: Lipton’s Seat\nRating: 5 stars\nTitle: With Tuk Tuk from Ella to Lipton´s Seat: What a landscape !!!\nSource: Visitor Review', 'plantations,finally around 9 o´clock we reached Lipton´s´seat and enjoyed a clear view (everybody says that it is better to go early because later it is usually foggy."")then we came down the other side of the mountain with the tuk tuk towards Haputale and at 12 o´clock we took the train to Ella.(If you want to get a coffee and eat a cake in a clean place we recommend ""Glaze Pastry & Bakery"" at the Olympus Plaza Hotel. On our opinion, In Haputale you will not find a better place).', 'Knowledge Graph Fact No graph results returned.']","The locations that provide or are associated with accessible tuk-tuk services are:

- **Dutch Hospital Shopping Precinct** — This location features a service called One Minute Tuk Tuk located on the first floor behind the shopping area.
- **Richmond Castle** — This site is accessible via a 20-minute tuk-tuk ride from local hotels.
- **Lipton’s Seat** — Tuk-tuks are used to travel from Ella to this location and to descend the mountain towards Haputale.
- **Goyambokka Beach** — This beach is accessible via tuk-tuk or scooter.","Locations that provide easily accessible tuk tuk services include Lover's Leap Falls, Jungle Beach, and Japanese Peace Pagoda."
Q_FAC_08,What are some beaches or attractions that provide toilet facilities?,facility_query,general_query,0.0,15.58,1.0,0.9119254323832424,0.9999999999,0.5,What are some beaches or attractions that provide toilet facilities?,"['REVIEW EVIDENCE (ChromaDB):\n1. Place: Casuarina Beach\nRating: 4 stars\nTitle: Keep your expectations realistic!\nSource: Visitor Review', ""A delightful beach, reasonably clean and well-maintained. There are changing facilities and toilets. However it is important to remember that this area is not well developed in terms of tourism. Don't go expecting nice little beach bars and restaurants and classy facilities. Accept it for what it is - a pretty and popular beach - and just relax. Wearing a bikini was not an issue and people were very friendly."", '2. Place: Marble Beach\nRating: 5 stars\nTitle: Well maintained public attraction\nSource: Visitor Review', 'Visited this place thrice and could never get enough! First we selected this location as a chillout place. We later learnt that we can not only swim, but Snorkel! What a pleasant surprise!This place is run by the military and is well maintained. The service is professional and courteous. Standards of the food could improve a bit more. All in all, we fell in love with this place; over and over again!', '3. Place: Mount Lavinia Beach\nRating: 4 stars\nTitle: Evening walk\nSource: Visitor Review', 'Nice to walk and many restaurant are there for snacks and tea and coffee ☕️ Cleanse was ok Nice view and very beautiful', '4. Place: Goyambokka Beach\nRating: 5 stars\nTitle: Very nice, tidy beach area with a number of small restaurants.\nSource: Visitor Review', 'Beautiful, flat sloping beach to the sea, which seems very clean and tidy. In/at the small restaurants on the beach there is a very relaxed atmosphere. Nobody became intrusive, everything “lazy”, just beautiful, just like before. We stay at Anantara Peace Haven Tangalle, which also has a phenomenal beach next door in its hotel property, but slopes slightly steeper to the sea. Both are wonderful to look at and suitable for swimming and/or romping with the waves, depending on the state of the', '5. Place: Passikudah Beach\nRating: 2 stars\nTitle: Not that great\nSource: Visitor Review', 'washed up on beach so a bit painfull without flip flops. We basically had to pay 2250 ruppees for use of one of the hotels so we could find shade and privacy and food and drink. Just prewarning you all.', 'Knowledge Graph Fact No graph results returned.']","The beaches that provide toilet facilities are:

- **Casuarina Beach** — This beach features changing facilities and toilets.","Beaches or attractions that provide toilet facilities include Sri Pada / Adam's Peak, Casuarina Beach, and Ritigala Forest Monastery."
Q_FAC_09,What are some attractions that provide parking facilities?,facility_query,general_query,0.0,22.43,0.8,0.9377572036414388,0.0,0.0,What are some attractions that provide parking facilities?,"['REVIEW EVIDENCE (ChromaDB):\n1. Place: Hurulu Eco Park\nRating: 3 stars\nTitle: If you can go to Minneriya or Kaudulla park, you should go there instead.\nSource: Visitor Review', 'the jeep bumped, he tried to hold my waste to support many times even though I told him I didn’t need this. One point, he was rubbing my elbows for nothing. That was quite disgusting.', '2. Place: Kandy View Point\nRating: 3 stars\nTitle: Good view but rare space for parking\nSource: Visitor Review', ""At this lookoutpoint you have a good view over the citycenter of Kandy. The lookout plattform is not yet built and there is only little place for parking. If you are passing this point anyway it's worth stopping. But if you are looking for a good lookout point it is more worth driving up to the place with the big buddha statue which is overranking the city."", '3. Place: Ravana Ella FallsSomeone from this business manages the listing.\nRating: 4 stars\nTitle: Impressive waterfall\nSource: Visitor Review', 'This spot gets busy with visitors. Parking is on the road. You won’t have to walk far to get to see the waterfall as it is straight off the road. Be careful of the traffic on the road. It is not advisable to feed the monkeys. There are a couple of souvenir places with decent prices. Didn’t try the restaurant/snack place.', '4. Place: Viharamahadevi Park\nRating: 4 stars\nTitle: Nice park\nSource: Visitor Review', 'There is a smaller area like a theme park and there is larger area of general park. Used to be a lovers paradise once more than for general crowd. Now things are improving. There is a great potential to be one of the best in class. But that could take some time.Anyway nice place to chill out and enjoy the nice park with your kids.', '5. Place: Independence Memorial Hall\nRating: 5 stars\nTitle: Good sightseeing spot\nSource: Visitor Review', 'Place to relax and learn about the culture a bit. Tourist thing you must try, get a guide who can be helpful in narrating the story', 'Knowledge Graph Fact No graph results returned.']","The attractions that provide parking facilities are:

- **Kandy View Point** — There is little place for parking available at this lookout point.
- **Ravana Ella Falls** — Parking is located on the road, and the waterfall is situated straight off the road.","Attractions that provide parking facilities include Negombo Beach, Diyatha Uyana, and Henerathgoda Botanical Garden."
Q_FAC_10,What are some places that provide access to shops or souvenir shops?,facility_query,general_query,0.0,22.74,1.0,1.0,0.0,0.0,What are some places that provide access to shops or souvenir shops?,"['REVIEW EVIDENCE (ChromaDB):\n1. Place: Jaffna Fort\nRating: 3 stars\nTitle: They are working on it\nSource: Visitor Review', 'This place will be something special in a few years time from now. They are working so hard on this and they are looking for the visitors views on how to make the place more attractive. We really enjoyed strolling around the place and look at the sea from above trying to imagine how the place use to look. They are going to put up more information around the place but until then they happily answers all your questions. They have a small shop where you can buy small items (replicas) from other', '2. Place: Dutch Hospital Shopping Precinct\nRating: 4 stars\nTitle: Nice and compact\nSource: Visitor Review', 'A nice little oasis in bustling Colombo. Some shops but predominantly eating outlets. My daughter managed to find things to buy though. Worth looking at.', '3. Place: Dutch Hospital Shopping Precinct\nRating: 3 stars\nTitle: Nice food and some tourist shops....\nSource: Visitor Review', 'Two or three shops selling a variety of knick knacks and some extremely good restaurants.Not much more to say... but try the Black Beef Curry, very special', '4. Place: Ravana Ella FallsSomeone from this business manages the listing.\nRating: 4 stars\nTitle: Impressive waterfall\nSource: Visitor Review', 'This spot gets busy with visitors. Parking is on the road. You won’t have to walk far to get to see the waterfall as it is straight off the road. Be careful of the traffic on the road. It is not advisable to feed the monkeys. There are a couple of souvenir places with decent prices. Didn’t try the restaurant/snack place.', '5. Place: Pettah Floating Market\nCategory: Shopping / Market\nLocation: Colombo, Colombo District, Western Province, Sri Lanka\nSource: Wikipedia Article', 'References', 'Knowledge Graph Fact No graph results returned.']","The places that provide access to shops or souvenir shops are:

- **Jaffna Fort** — This location features a small shop where visitors can purchase small items and replicas.

- **Dutch Hospital Shopping Precinct** — This area contains a selection of shops that sell knick-knacks, alongside various eating outlets.

- **Ravana Ella Falls** — This site includes a couple of souvenir shops that offer items at decent prices.

- **Pettah Floating Market** — This location is categorized as a market and shopping destination.","Places that provide access to shops or souvenir shops include Sri Pada / Adam's Peak, Negombo Beach, and Negombo Fish Market."
Q_PAT_01,"What are the features, activities, and facilities available at Sigiriya Lion Rock?",place_attribute_query,general_query,0.0,17.89,1.0,0.8515418943678177,0.0,0.0,"What are the features, activities, and facilities available at Sigiriya Lion Rock?","['REVIEW EVIDENCE (ChromaDB):\n1. Place: Sigiriya Lion Rock\nRating: 5 stars\nTitle: The Rock\nSource: Visitor Review', ""It's a very interesting and absolutely feasible visit. The climb is not difficult at all so do not be discouraged because you will have the opportunity to do the various steps slowly and little by little. Do not miss this place and above all do not miss the painted caves: they are magnificent."", '2. Place: Sigiriya Lion Rock\nRating: 5 stars\nTitle: Enchanting experience\nSource: Visitor Review', 'Sigiriya is a one of its kind experience of a fort on a rock. To think that a ~490 AD site could have such planned architecture is a wonder in itself. Word of caution, it is quite a steep climb with lots of steps, so one needs to be prepared for that, and carry minimum baggage on them. Also, though entry is allowed till 1730 hrs (mandatory exit by 1830 hrs) , it makes sense to get there in broad daylight as it will difficult to climb all the steps in the dark. The entry was USD 30 for foreigners', '3. Place: Sigiriya Lion Rock\nRating: 4 stars\nTitle: Worth a visit but hard work\nSource: Visitor Review', 'Interesting experience, fascinating history but hard work in hot sun with very little shade at top. Go early to avoid queues and heat.', '4. Place: Sigiriya Lion Rock\nRating: 5 stars\nTitle: Enchanting experience\nSource: Visitor Review', 'in the dark. The entry was USD 30 for foreigners (non SAARC) and USD 15 for foreigners from a SAARC nation.', '5. Place: Pidurangala Rock\nRating: 5 stars\nTitle: Beautiful view\nSource: Visitor Review', ""Nice ascent of the 2nd rock or mountain in Sigiriya. As mentioned earlier, this rock fits much better in the budget than the more than 10 times more expensive adjacent Lion's Rock. With the tuktuk you are quite quickly at the entrance which is via the temple. Then you walk up in half an hour. First and canniest part via the uneven stairs, monkeys and other animals. Then the reclining Buddha and a little bit of clambering to get on top. Good to do and on top of the rock the view is amazing.Entry"", 'Knowledge Graph Fact No graph results returned.']","Here is what you can do at **Sigiriya Lion Rock**:

- Explore a fort on a rock featuring planned architecture dating back to approximately 490 AD.
- Visit the painted caves to see the murals.
- Climb the rock using the various steps provided.
- Prepare for a steep climb with many steps and carry minimum baggage.
- Visit during broad daylight, as it is difficult to climb the steps in the dark.
- Arrive early to avoid queues and heat, as there is very little shade at the top.
- Note that entry is allowed until 17:30, with a mandatory exit by 18:30.
- Pay an entry fee of USD 30 for foreigners (non-SAARC) or USD 15 for foreigners from a SAARC nation.","The features and activities at Sigiriya Lion Rock include Scenic view, Rock formation, Stairs, Local guide, Ticket price, and Fortress."
Q_PAT_02,"What are the features, activities, and facilities available at Temple of the Sacred Tooth Relic?",place_attribute_query,general_query,0.0,13.1,1.0,0.8819948573893196,0.0,0.0,"What are the features, activities, and facilities available at Temple of the Sacred Tooth Relic?","['REVIEW EVIDENCE (ChromaDB):\n1. Place: Temple of the Sacred Tooth Relic\nRating: 5 stars\nTitle: Beautiful and sacred attraction\nSource: Visitor Review', 'We enjoyed the temple which is heavily visited but even better we enjoy the museum which is very lightly attended', '2. Place: Temple of the Sacred Tooth Relic\nRating: 5 stars\nTitle: Calm and Serene\nSource: Visitor Review', 'What an amazing place so beautiful and serene with so much to look at both within and outside the temple. As a visitor make sure you have appropriate clothing, shoulders and upper arms covered as well as knees as this is considered respectful to Buddah. Take your time to look around and take in this amazingly spiritual place and respect the devotees who are often sitting in the temple praying and chanting. If you have time go both in the day and again in the evening when the temple is lit up', '3. Place: Temple of the Sacred Tooth Relic\nRating: 4 stars\nTitle: Historic Relic, A Bit Dull\nSource: Visitor Review', 'Set in a large garden with several historic statues, this holy site is well kept, with an ornate building housing the tooth, but not much else. Much of the temple was heavily damaged by a LTTE suicide bomber, so much is modern. There is also a series of paintings that tracks the tangled history of the tooth. See it for the history.', '4. Place: Temple of the Sacred Tooth Relic\nRating: 4 stars\nTitle: Good place to visit - the Vatican of Buddhism\nSource: Visitor Review', 'It is a must to go to place if you are a Buddhist . If you are a tourist - just observe and respect the religion . This is a good place to be culturally immersed into the religiousity of Buddhism. If you are here to observe and look at how people prayer , this is a place to go . There are many temples and places of worship to go . It is free entrance fees for locals but visitors need to pay the equivalent of US$7 to enter . I know many Europeans and Westerners complain about how this place is', '5. Place: Temple of the Sacred Tooth Relic\nRating: 1 stars\nTitle: Not worth a visit\nSource: Visitor Review', ""You get to see nothing as the tooth is covered in gold baskets. Even the gold baskets and the statues in the temple are within shut doors except for 3 times a day for 39 mins during the worship rituals. There is an unnecessary rush created due to limited opening time. They also charge LKR 1500 for foreigners (SAARC) which is not good as it's a temple and should be kept open at least for the fear of God."", 'Knowledge Graph Fact No graph results returned.']","Here is what you can do at the **Temple of the Sacred Tooth Relic**:

- Observe the religious practices of devotees who sit in the temple to pray and chant.
- Visit the museum located on the premises, which is noted for being lightly attended.
- View the series of paintings that track the history of the tooth.
- Explore the large garden featuring several historic statues.
- Visit during the evening to see the temple lit up.
- Immerse yourself in the culture and religiosity of Buddhism.
- Observe the ornate building that houses the tooth.
- Note that the tooth itself is kept inside gold baskets behind shut doors, which are opened for worship rituals three times a day for 39 minutes.
- Ensure you wear appropriate clothing that covers your shoulders, upper arms, and knees to show respect.
- Be aware that there is an entrance fee of US$7 for international visitors and LKR 1500 for SAARC nationals.","The features and activities at Temple of the Sacred Tooth Relic include Religious visit, Temple visit, Temple, Crowdedness, Buddha statue, and Local guide."
Q_PAT_03,"What are the features, activities, and facilities available at Yala National Park?",place_attribute_query,general_query,0.0,22.31,1.0,0.8726833882039501,0.3499999999825,0.0,"What are the features, activities, and facilities available at Yala National Park?","['REVIEW EVIDENCE (ChromaDB):\n1. Place: Yala National Park\nRating: 5 stars\nTitle: Great with the right crew\nSource: Visitor Review', 'We booked three half-day safaris at Yala NP and they were awesome. The driver Heshan and our guide Sanka were professionals, we were traveling with them daily and booked them through our lodge (Koragaha), they work for several hotels. There were never any problems and we probably saw everything except the bears. Unbelievable also what Heshan could still see while driving. Thanks to the guys’ experience, after waiting 1.5 hours we could see a leopard coming out of the bush right in front of our', '2. Place: Yala National Park\nRating: 5 stars\nTitle: Great with the right crew\nSource: Visitor Review', 'park visitors can buy their ticket first and are then allowed to queue up in the sometimes very long motorcade on the left at the gate and they also have no guide in the car. We were completely satisfied.', '3. Place: Yala National Park\nCategory: National Park / Wildlife Reserve\nLocation: Uva Province, Sri Lanka\nSource: Wikipedia Article', 'Physical features', '4. Place: Kaudulla National Park\nRating: 5 stars\nTitle: Wow\nSource: Visitor Review', 'restricted. This was a very enjoyable visit and certainly gave us a taste of what we could expct when visiting Yala later on during our tour.', '5. Place: Yala National Park\nRating: 5 stars\nTitle: Wild Impressions from Yala - Buthawa Bungalow, Yala National Park, Sri Lanka\nSource: Visitor Review', 'south coast, Yala encompasses open grasslands, sand dunes, dense forests and lagoons. Covering an area of 979 square kilometers, here you can find several big mammals like the Sri Lankan Leopard, Sloth Bear and the Asian Elephant in addition to over 180 species of migratory birds that visit the coastal lagoons of the deep south of Sri Lanka during the winter.', 'Knowledge Graph Fact No graph results returned.']","Here is what you can do at **Yala National Park**:

- Explore diverse landscapes including open grasslands, sand dunes, dense forests, and lagoons.
- Observe wildlife such as the Sri Lankan Leopard, Sloth Bear, and Asian Elephant.
- View over 180 species of migratory birds that visit the coastal lagoons during the winter.
- Book half-day safaris through local lodges to access professional drivers and guides.
- Purchase entry tickets at the gate to access the park.
- Wait in a motorcade queue at the gate to enter the park grounds.
- Stay at the Buthawa Bungalow.","The features and activities at Yala National Park include Safari, Wildlife, Leopards, Birds, Elephants, and Crowdedness."
Q_PAT_04,"What are the features, activities, and facilities available at Mirissa Beach?",place_attribute_query,general_query,0.0,24.26,1.0,0.8734996112847663,0.4166666666458333,0.0,"What are the features, activities, and facilities available at Mirissa Beach?","['REVIEW EVIDENCE (ChromaDB):\n1. Place: Mirissa Beach\nRating: 5 stars\nTitle: Beautiful, beautiful,beautiful\nSource: Visitor Review', 'Mirissa beach is one of the best beaches I have been to. The waves are a bit challenging but lots of fun if you don’t mind being tossed around a bit!!! Since the “clean-up” the beach bar/ restaurants are great quality with lots of great deals and good food. The evenings on mirissa are fun too with great beach parties going on till late', '2. Place: Mirissa Beach\nRating: 3 stars\nTitle: Much ado about nothing\nSource: Visitor Review', 'Mirissa is a noisy village whose accommodation and commerce extend along the main road, where cars spend night and day, full of millenials celebrating night in. It is a 100% tourist spot, which inflated food and drink prices. For example, a coconut costs 250 rupees, while in Colombo or Galle it costs 100 rupees. Water 170 rupees, vs 100 rupees in the capital. The sea and the beaches are not extraordinary. If it is not millennial, this is not a suitable destination.', '3. Place: Mirissa Beach\nRating: 5 stars\nTitle: Ideal place to base yourself on South Coast\nSource: Visitor Review', 'We visited Mirissa for 10 days and visited 4 beaches, ate at several restaurants, swam with wild seat turtles, watched baby turtles hatching (by shear luck and coincidence) surfed, was taught yoga, had massages and met lovely people.The beaches we visited were all beautiful to look at as you might expect. The main beach to the west was the largest and were we spotted the turtles. Perfect for lazy days and strolling along rather than using the road that runs parallel. It has an abundance of', '4. Place: Mirissa Beach\nRating: 5 stars\nTitle: Nice bay surrounded with coconut trees\nSource: Visitor Review', 'I was told Marissa was touristy and maybe it is!! It’s a good kind of touristy with backpackers and cool bars with plenty of entertainment! My advice would be to stay 15 mins away which is quieter and cheaper plus you get to do the night time tuk tuk my fav thing!!!', '5. Place: Negombo BeachUnclaimedIf you own this business, claim it for free now to update business info, respond to reviews, and more.Claim this listing\nRating: 4 stars\nTitle: Nice beach, nice people\nSource: Visitor Review', 'like Mirissa beach sand did and care off easily with 1 shower. The water is calm and makes for easy swimming regardless of ability. The people there are very friendly. The beach is more dirty (with garbage/rubbish) all over the place, however, it is nice that you can pretty much guarantee finding a decent amount of space at any part of the beach to call your own. Of course it doesn’t hurt that some of the best restaurants and shopping can be found on the road that runs along the beach. If', 'Knowledge Graph Fact No graph results returned.']","Here is what you can do at **Mirissa Beach**:

- Swim with wild sea turtles.
- Watch baby turtles hatching.
- Surf the waves, which are described as challenging but fun.
- Participate in yoga classes.
- Receive massages.
- Enjoy beach parties that continue late into the night.
- Stroll along the beach, which is the largest in the area.
- Visit beach bars and restaurants that offer food and drink deals.
- Experience the entertainment provided by the local backpacker scene.","The features and activities at Mirissa Beach include Relaxing, Surfing, Swimming, Sunset watching, Beach, and Restaurants."
Q_PAT_05,"What are the features, activities, and facilities available at Galle Dutch Fort?",place_attribute_query,general_query,0.0,23.98,0.9166666666666666,0.8886431235760753,0.4027777777643518,0.0,"What are the features, activities, and facilities available at Galle Dutch Fort?","['REVIEW EVIDENCE (ChromaDB):\n1. Place: Galle Dutch Fort\nRating: 4 stars\nTitle: Fortified town\nSource: Visitor Review', ""This is a really nice fortress complex on the sea front at Galle. Entry is via an arched opening in the walls, and once inside the peaceful ambience is quite different from the hustle bustle of the main town. You'll find little lanes lined with shops, restaurants, bars, and the occasional museum. There are also small guest houses, hotels and lanes with attractive private residential properties. Walk up to the lighthouse and you'll get good views out to sea. Also make sure to find the clock"", '2. Place: Galle Dutch Fort\nRating: 4 stars\nTitle: Huge Fort\nSource: Visitor Review', 'The fort is big in length and you can visit lot of other things besides the fort. There are churches, markets etc. Time to complete full trip would be around 2-3 hours. The market is expensive compared to other markets in SL.You can also have a quick tour from the car itself if not interested in walking.', '3. Place: Galle Dutch Fort\nRating: 3 stars\nTitle: Fort with complete walls\nSource: Visitor Review', 'The walls of the fort are intact and you can walk all the way round them. They connect a number of bastions and there are a few cannons on the walls,There was a tableau/recreation inside one of the bastions but it was closed when we went there. Inside the fort complex there is a small town with quite a few vibey shops to look around and the usual eateries.', '4. Place: Galle Dutch Fort\nRating: 5 stars\nTitle: Nice experience staying / being in the Fort\nSource: Visitor Review', 'Centuries-old Dutch Fort, in parts still carrying the legacy.Quite a nice experience to be in this Fort. We were staying within the Fort so it was lovely to just walk around across Peddler St, Hospital St, Rampart St. and visit the restaurants along the way.The Light House, Rampart, Hospital and the bastions are some of the attractions; you get stunning views of the ocean, and Galle cricket stadium. There are a lot of restaurants in the area, and some shops and ice-cream shops. It is a lovely', '5. Place: Galle Dutch Fort\nRating: 3 stars\nTitle: Afternoon sightseeing\nSource: Visitor Review', 'No thanks! We found this wrong but you will see this place to place. Or a man offering a free foot massage as your feet may be tired from walking. Obviously he wants a fee at the end. But again no thanks!', 'Knowledge Graph Fact No graph results returned.']","Here is what you can do at **Galle Dutch Fort**:

- Walk along the intact walls that connect a number of bastions.
- View cannons positioned on the walls.
- Visit the lighthouse for views out to sea.
- Explore the small town inside the complex, which features lanes lined with shops, restaurants, bars, ice-cream shops, and museums.
- See attractions including the Rampart, Hospital, and various churches.
- Take in views of the ocean and the Galle cricket stadium.
- Stay in small guest houses or hotels located within the fort.
- Walk along specific streets such as Peddler St, Hospital St, and Rampart St.
- Tour the area by car if you prefer not to walk.
- Spend approximately 2-3 hours to complete a full trip.
- Note that the market inside the fort is expensive compared to other markets in Sri Lanka.
- Be aware of individuals offering services like foot massages who may request a fee afterward.","The features and activities at Galle Dutch Fort include Fort visit, Shopping, Sunset watching, Fort, Shops, and Scenic view."
Q_PAT_06,"What are the features, activities, and facilities available at Ella Rock?",place_attribute_query,general_query,0.0,14.1,1.0,0.8671762308197618,0.0,0.0,"What are the features, activities, and facilities available at Ella Rock?","['REVIEW EVIDENCE (ChromaDB):\n1. Place: Ella Rock\nRating: 4 stars\nTitle: Beware of locals !\nSource: Visitor Review', 'It’s quite tricky to find the path , look for foreigners and follow them. Don’t trust the locals who will point you in the wrong direction (as what others on trip advisors have mentioned)', '2. Place: Ella Rock\nRating: 5 stars\nTitle: Must do in Ella!\nSource: Visitor Review', 'We went up there from Kithalella and had about 2 hours, including taking pictures and a break on top. If you start at Kithalella you can spare yourself some ""guides"" that only want your money, we didnt meet one of them. We did our tour without a guide and without problems, just make sure you know the way in advance. The hike is not really a challenge (but we\'re swiss so...:)) but the view is amazing. I recommend to start at 8.00, we only saw 6 other people while hiking the way up but while', '3. Place: Ella Rock\nRating: 5 stars\nTitle: Ella rock ,rocks\nSource: Visitor Review', 'From ella railway station one must walk on the railway track towards kitala ella railway station. after passing kitala ella railway station,on to the right side there is a white building (a hostel)JUST BEFORE this building turn left , walk over the bridge and turn right and then hike for miles. There are 3 view points close to each other. 1st one is good and the 2nd one is near the woodnd house and not so good.3rd one is to the right from the 2nd one and easily the bestFrom ella railway station', '4. Place: Ella Rock\nRating: 5 stars\nTitle: Serious trek\nSource: Visitor Review', 'You need to take ypur time to get up the rock and i would recommend 7am start or before in the morning. Get a guode as there is no dedicated road so you literslly go up the side.We saw a pregnant lady do it amd an elderly couple so it can be dobe just take water and maybe some food. Take regular breaks as well. Our guide cost 2500 rupees. Definitely worth the trip', '5. Place: Ella Rock\nRating: 5 stars\nTitle: Lovely (if at times steep) hike overlooking Ella\nSource: Visitor Review', 'they were constructing a rest stop at the top, which might be running in a few months). Afterwards, take the extra 10 minutes (left if you are walking back from the jutting rocks) to hike t0 a second viewpoint, just near an impromptu temple, with a couple of Buddha statues and such', 'Knowledge Graph Fact No graph results returned.']","Here is what you can do at **Ella Rock**:

- Hike the trail starting from the Ella railway station by walking along the tracks toward the Kithalella railway station.
- Navigate the path by turning left just before the white hostel building located after the Kithalella station, crossing a bridge, and turning right to begin the ascent.
- Visit three distinct viewpoints, with the third one located to the right of the second being the best.
- Explore a second viewpoint near an impromptu temple that features Buddha statues.
- Take breaks during the trek, which involves climbing up the side of the rock as there is no dedicated road.
- Carry water and food for the journey.
- Start the hike early, ideally at 7:00 am or 8:00 am, to manage the trek effectively.
- Utilize a guide for the hike, which has been noted to cost 2500 rupees.
- Note that a rest stop was under construction at the top of the rock.","The features and activities at Ella Rock include Hiking, Scenic view, Trail, Rock formation, Local guide, and Mountain."
Q_PAT_07,"What are the features, activities, and facilities available at Horton Plains National Park?",place_attribute_query,general_query,0.0,19.45,0.9166666666666666,0.8816912711657124,0.1249999999875,0.0,"What are the features, activities, and facilities available at Horton Plains National Park?","['REVIEW EVIDENCE (ChromaDB):\n1. Place: Horton Plains National Park\nRating: 5 stars\nTitle: Annual trip\nSource: Visitor Review', 'Excellent place to.visit for a hike and mingle with narture , birds , virgin water thats sprouts and fills up rivers downhill.You need to wear hiking gear and be prepared for wet weather .', '2. Place: Horton Plains National Park\nRating: 5 stars\nTitle: Early for the view\nSource: Visitor Review', 'labels off bottles. We were fine and did the walk clockwise, it was nice and relatively easy. Wear good walking shoes and our accommodation had supplied us a packed breakfast which was really nice of them. We sat and ate that at worlds end and got a lovely view. It seemed a popular spot to sit and have breakfast. There was only 6 people there (3 of us) which was really peaceful. The clouds come in pretty quick. We enjoyed bakers falls and walked back. You strip off your layers as you go along', '3. Place: Horton Plains National Park\nRating: 5 stars\nTitle: I recommend\nSource: Visitor Review', 'It was a awsome trek with beautifull landscspe views. Some parta are not easy but we got It. No trecker needed- if you go by divny you never get lost', '4. Place: Horton Plains National Park\nRating: 5 stars\nTitle: Fantastic hike\nSource: Visitor Review', ""A wonderful hike through bush and across plains to Baker's Falls - senstational, Little World's End and World's End.These last two offer spectacular views when there is a break form the swirling mist. Even the mist is amazing to watch as it swirls in and out. It is very peaceful and not at all crowded. It is hard to reach without a driver. The train stops 5 1/2 kms from the entrance and it is a hard walk. There were no tuk tuks or drivers waiting at the train to drive people. If you an get"", '5. Place: Horton Plains National Park\nRating: 5 stars\nTitle: Early for the view\nSource: Visitor Review', ""back. You strip off your layers as you go along as it does get quite warm fast. As we were leaving a lot of people were arriving, the view was long gone but it is still a nice walk. The alpine grasses remind me of New Zealand.It is expensive to enter, I enjoyed it but wouldn't do it again, would rather do another trek with a guide here."", 'Knowledge Graph Fact No graph results returned.']","Here is what you can do at **Horton Plains National Park**:

- Hike through bush and across plains to reach Baker's Falls, Little World's End, and World's End.
- View the mist as it swirls in and out at World's End and Little World's End.
- Observe alpine grasses and virgin water that sprouts and fills up rivers downhill.
- Mingle with nature and birds.
- Eat a packed breakfast at World's End.
- Wear hiking gear, good walking shoes, and layers of clothing that can be removed as the weather gets warm.
- Prepare for wet weather and quick-moving clouds.
- Note that the park is expensive to enter.
- Arrange for a driver to reach the park, as it is hard to reach otherwise; the train stops 5 1/2 kilometers from the entrance, and there are no tuk-tuks or drivers waiting at the train station.
- Remove labels from plastic bottles before entering.","The features and activities at Horton Plains National Park include Hiking, Waterfall visit, Trekking, Scenic view, Waterfall, and Trail."
Q_PAT_08,"What are the features, activities, and facilities available at Pinnawala Elephant Orphanage?",place_attribute_query,general_query,0.0,16.79,1.0,0.8771163317035034,0.0,0.0,"What are the features, activities, and facilities available at Pinnawala Elephant Orphanage?","['REVIEW EVIDENCE (ChromaDB):\n1. Place: Pinnawala Elephant Orphanage\nRating: 3 stars\nTitle: Interesting but...\nSource: Visitor Review', 'Elephants are beautiful animals and touching one is an exciting experience. The mission of the Orphanage is also commendable: it was founded by the Sri Lankan Wildlife Conservation Department in 1975 to ""feed and provide care and shelter to orphaned baby elephants that were found in the wild"". And, let\'s be clear, they seem to have all the best practices on animal welfare. But you should know that the Pinnawala Elephant Orphanage is a tourist attraction of great appeal for both Sinhalese and', '2. Place: Pinnawala Elephant Orphanage\nRating: 5 stars\nTitle: Elephant Orphanage\nSource: Visitor Review', 'the Elephant Orphanage is such an interesting place to visit. At certain times the elephants (ages 1 to 5 years) are fed. There are viewing stands so you can watch while the elephants are given milk and also greens to eat.', '3. Place: Pinnawala Elephant Orphanage\nRating: 5 stars\nTitle: Conservation at its Best.\nSource: Visitor Review', 'these magnificent beasts.A MUST SER. Very highly recommended.', '4. Place: Pinnawala Elephant Orphanage\nRating: 4 stars\nTitle: Day trip\nSource: Visitor Review', 'It’s great to see the place looking after the elephants from the temples or injured from taking care of them feeding them and then letting back in .As many reviews say they are caged , they aren’t .The idea of elephant care is definitely explained well and every step in detail is shown to you .It’s a wonderful experience, I recommend to go volunteer for a day or two ,It’s worth it !', '5. Place: Pinnawala Elephant Orphanage\nRating: 4 stars\nTitle: Interesting..\nSource: Visitor Review', 'Lots of elephants were bathing in the river at the time when we arrived to this elephant orphanage and there were few activities including elephant parade and feeding baby elephants. You are allowed to feed lovely, little cute baby elephants under their supervision which was great.', 'Knowledge Graph Fact No graph results returned.']","Here is what you can do at **Pinnawala Elephant Orphanage**:

- Observe the feeding of baby elephants, aged 1 to 5 years, where they are given milk and greens.
- Watch the elephants from designated viewing stands.
- See elephants bathing in the river.
- Participate in an elephant parade.
- Feed baby elephants under staff supervision.
- Volunteer for a day or two to assist with elephant care.
- Learn about the orphanage's mission to feed, provide care, and offer shelter to orphaned baby elephants found in the wild.
- Gain insight into the details of elephant care through provided explanations.
- See elephants that have been rescued from temples or treated for injuries before being released back into the wild.","The features and activities at Pinnawala Elephant Orphanage include Photography, Elephant watching, Elephants, River, Wildlife, and Ticket price."
Q_PAT_09,"What are the features, activities, and facilities available at Colombo Lotus Tower?",place_attribute_query,general_query,0.0,11.55,1.0,0.872338504884579,0.0,0.0,"What are the features, activities, and facilities available at Colombo Lotus Tower?","['REVIEW EVIDENCE (ChromaDB):\n1. Place: Colombo Lotus Tower\nRating: 4 stars\nTitle: Fun\nSource: Visitor Review', 'can do something similar in most capitals and big cities nowadays', '2. Place: Colombo Lotus Tower\nRating: 5 stars\nTitle: Must visit in Colombo\nSource: Visitor Review', ""the elevator that takes you up to level 29 where the observation deck is. The day was very clear so we could see all the way down towards central Sri Lanka and all suburbs of Colombo. It also provides good views of port city currently under construction. Overall a highly recommended visit if you're in Colombo."", '3. Place: Colombo Lotus Tower\nCategory: Landmark / Tower\nLocation: Colombo, Colombo District, Western Province, Sri Lanka\nSource: Wikipedia Article', 'DESTINATION: Colombo Lotus Tower\nTYPE: Landmark / Tower\nLOCATION: Colombo, Colombo District, Western Province, Sri Lanka\nCOORDINATES: 6.9270163, 79.8583152\nADDRESS: Colombo Lotus Tower, D. R. Wijewardene Mawatha, Suduwella, Slave Island, Colombo, Colombo District, Western Province, 00200, Sri Lanka\nDESCRIPTION: Telecommunications tower in Colombo, Sri Lanka and tallest tower in South Asia\nSOURCE: https://en.wikipedia.org/wiki/Lotus_Tower', '4. Place: Colombo Lotus Tower\nRating: 5 stars\nTitle: Amazing experience\nSource: Visitor Review', 'Great spot in Colombo, must visit! We tried the Blue Orbit restaurant in Level 27, which is a rotating restaurant with international buffet, variety of options for all tastes. The experience was amazing and I highly recommend it for anyone passing by Colombo, the view is stunning and it costs 9000 Sri Lankan rupees per person.', '5. Place: Colombo Lotus Tower\nRating: 5 stars\nTitle: . Colombo Lotus Tower: Spiritual Revelation, Wisdom and Nirvana in the Image of a TV Tower\nSource: Visitor Review', 'Those interested in Buddhism know very well that the lotus is a pretty aquatic color with large yellow or pink petals - in this religion is not just a beautiful plant. The lotus symbolizes primordial waters, spiritual opening, wisdom and nirvana. Personally, I was quite surprised to learn that the lotus is not dedicated to anyone there, but to the Buddha himself!!! It is an image of purity and perfection: growing out of mud, it always remains pure. Likewise, beings born in one world of sansars', 'Knowledge Graph Fact No graph results returned.']","Here is what you can do at the **Colombo Lotus Tower**:

- Experience the landmark, which is a telecommunications tower and the tallest tower in South Asia.
- Learn about the symbolism of the lotus in Buddhism, representing spiritual opening, wisdom, and nirvana.
- Travel via elevator to the observation deck on level 29 to see views of the Colombo suburbs, the port city under construction, and central Sri Lanka.
- Dine at the Blue Orbit restaurant located on level 27, which is a rotating restaurant offering an international buffet with a variety of options. The cost for the restaurant experience is 9000 Sri Lankan rupees per person.","The features and activities at Colombo Lotus Tower include Viewpoint visit, Scenic view, Ticket price, Viewpoint, Value for money, and Restaurants."
Q_PAT_10,"What are the features, activities, and facilities available at Arugam Bay?",place_attribute_query,general_query,0.0,23.95,1.0,0.8946345169268222,0.2916666666520833,0.0,"What are the features, activities, and facilities available at Arugam Bay?","['REVIEW EVIDENCE (ChromaDB):\n1. Place: Arugam Bay\nRating: 4 stars\nTitle: Tourist Destination with Tons of Potential\nSource: Visitor Review', ""quite reasonable and you can probably negotiate prices if you feel like you're given an unreasonable price (especially if you're a foreign tourist). There's plenty of surf shops and prices of the one we went to (Hang Ten or something like that, with a guy named Raji) was quite good and the customer service was great. In the coast along the main strip area, if you just want to spend time in the shade, you can just purchase a beverage (overpriced!) from the multiple huts along the beach and hang"", '2. Place: Arugam Bay\nRating: 5 stars\nTitle: a beautiful remote part in the world\nSource: Visitor Review', 'Arugam Bay is a very quite and beautiful location , if you want to get away from the city life, it has some good surfing places, National safari park, nature reserves, lakes, rivers and lagoon, people are super friendly, foods and tasty and plenty with prices vary, sandy beaches, innocent faces and the thick jungles around with full of nature, a place to spend some time to be perfect.', '3. Place: Arugam Bay\nRating: 3 stars\nTitle: Visit out of season\nSource: Visitor Review', ""My partner and I have come to A. Bay for a week of surfing. We're about a week early before the season officially starts but we're getting good waves already.The benefit of being outside of season is it is much quiter than it will be in a few weeks. We wish we were here a month ago!There is a good vibe about the place as restaurants and guest houses are just opening up. This also gives visitors greater bargaining power for cheaper room rates, tuk rides and food.Be aware that this place gets"", '4. Place: Arugam Bay\nRating: 5 stars\nTitle: Tranquility at its best……\nSource: Visitor Review', 'We visited Arugam Bay and stayed at Ranga’s Beach Hut for few days. I loved the stay, food and the atmosphere at Beach Hut. Arugam Bay is an amazing place, the beach to the limit our eye can find scenery. Since we went there closer to the end of the season not crowded as well.We visited Kumana Bird Sanctuary as well, again calm and quiet. Loads of different birds, enough number of crocodiles, elephants, different kind of other animals and If you are lucky you could see the leopard and bear as', '5. Place: Arugam Bay\nRating: 5 stars\nTitle: Relaxing\nSource: Visitor Review', ""Depending on your interests consider the length of stay. We didn't surf but relaxed very well on tbe beach for 6 days. Possibly a little to long. Place will develop fast I'd suggest, nice to see it now. Felt like Bali in the 70s. Lots of young backpackers discovering themselves and the place really catered to them very well. A feeling of discovery."", 'Knowledge Graph Fact No graph results returned.']","Here is what you can do at **Arugam Bay**:

- Surf at various surfing places.
- Visit the National safari park and Kumana Bird Sanctuary to see birds, crocodiles, elephants, leopards, bears, and other animals.
- Explore the surrounding nature, including thick jungles, lakes, rivers, and lagoons.
- Relax on the sandy beaches.
- Dine at local restaurants and stay in guest houses, which offer tasty food and varying prices.
- Shop at surf shops, such as Hang Ten, where customer service is available.
- Purchase beverages from huts along the beach to spend time in the shade.
- Negotiate prices for rooms, tuk-tuk rides, and food, especially when visiting outside of the official season.","The features and activities at Arugam Bay include Surfing, Relaxing, Swimming, Shopping, Beach, and Waves."
Q_ACT_11,What are the best locations for snorkelling in Sri Lanka?,activity_query,general_query,0.0,16.09,1.0,0.0,0.0,0.0,What are the best locations for snorkelling in Sri Lanka?,"['REVIEW EVIDENCE (ChromaDB):\n1. Place: Lipton’s Seat\nRating: 5 stars\nTitle: One of my favorite spots in Sri Lanka.\nSource: Visitor Review', ""Amazing. I would recommend getting a tuktuk to drive you to the top as it is a decent walk, and then to walk down to the tea factory at a leisurely pace. It's 4 or 5 km but it's all downhill if done this way. I also suggest doing it early-ish in the morning (we left haputale at 9) as the fog rolls in later in the afternoon. Again, AMAZING views. A must."", '2. Place: Ancient City of Polonnaruwa\nCategory: Heritage Site\nLocation: Sri Lanka\nSource: Wikipedia Article', ""during the scorching dry season in the east of the country. The greatest of these systems is the Parakrama Samudra or the Sea of Parakrama which was also used as a large sea-going ship anchorage via the Mahaweli River. The Kingdom of Polonnaruwa was completely self-sufficient during King Parakramabahu I's reign."", '3. Place: Pidurutalagala\nCategory: Viewpoint / Hiking\nLocation: Nuwara Eliya, Nuwara Eliya District, Central Province, Sri Lanka\nSource: Wikipedia Article', 'See also\nGeography of Sri Lanka\nList of mountains of Sri Lanka\nList of ultras of Tibet, East Asia and neighbouring areas\nExtreme points of Sri Lanka\nList of elevation extremes by country\n Sri Lanka portal', 'References', '4. Place: Demodara Loop\nCategory: Engineering Landmark\nLocation: Demodara, Badulla District, Uva Province, Sri Lanka\nSource: Wikipedia Article', 'Continuity', 'See also\nNine Arch Bridge', 'References', '5. Place: Unawatuna Beach\nCategory: Beach\nLocation: Rumassala, Galle District, Southern Province, Sri Lanka\nSource: Wikipedia Article', '[Content truncated — see full article on Wikipedia]', 'Knowledge Graph Fact No graph results returned.']",The available evidence does not contain information regarding locations for snorkelling in Sri Lanka.,"The best locations for snorkelling include Polhena Beach, Hikkaduwa Beach, Jungle Beach, and Victoria Park of Nuwara Eliya."
Q_ACT_12,Which places are highly recommended for elephant watching?,activity_query,general_query,0.0,27.41,1.0,0.8225207416036463,0.2777777777638889,0.6666666666666666,Which places are highly recommended for elephant watching?,"['REVIEW EVIDENCE (ChromaDB):\n1. Place: Elephant Transit Home (ETH)\nRating: 5 stars\nTitle: A must see place if you are i interested in the rearing of elephants\nSource: Visitor Review', 'We visited here in early February for the 3 pm feed. The feeds start promptly at the allotted time.It is wise to arrive at least 15 minutes before hand as this gives you time to choose where to stand or sit. If you have small children this is important as they need to be on the front row to see what is going on. The viewing area is rather like an old football stand. It is terraced and covered so you get protection from the rain or sun. From the stands you look across a fenced area and at one end', '2. Place: Hurulu Eco Park\nRating: 4 stars\nTitle: Good place to se Elephants\nSource: Visitor Review', 'One could see herds of over 40 to 50 wild elephants at very close range, They did not seem to be dangerous in any way.', '3. Place: Elephant Transit Home (ETH)\nRating: 5 stars\nTitle: So many elephants\nSource: Visitor Review', 'the feeding station. Have heard awful things re the treatment of the elephants in the Pinewalla supposed ‘sanctuary’ as well as others!Also went to see lots of elephants roaming freely, on a 3 hr safari at Mineriya National Park which we enjoyed so much - amazing, so intelligent and such caring creatures! Wonderful sight to see them going into and playing in the watercourse. Definitely recommend this visit too.', ""4. Place: Minneriya National Park\nRating: 5 stars\nTitle: It's All About The Elephants\nSource: Visitor Review"", 'are open top and plan to have a good long shower back at your accommodation to wash of all the dust! Great experience.', '5. Place: Kaudulla National Park\nRating: 5 stars\nTitle: Elephant hot spot\nSource: Visitor Review', 'What a fabulous place, went on safari and saw around 200 elephants, incredible, including baby ones, I took so many photos I ran out of battery, elephants are relative close to the jeeps. You do a one way circuit, we saw the elephants near a giant water hole, stay as long as possible here, further along there were buffalos, we saw jackals and peacocks', 'Knowledge Graph Fact No graph results returned.']","The best places for elephant watching in Sri Lanka are the Elephant Transit Home, Hurulu Eco Park, Minneriya National Park, and Kaudulla National Park.

- **Elephant Transit Home (ETH)** — This location allows visitors to observe the rearing of elephants, with feeding sessions held at 3 pm. The viewing area is a covered, terraced stand that provides protection from the sun and rain.
- **Hurulu Eco Park** — Visitors can see herds of over 40 to 50 wild elephants at close range.
- **Minneriya National Park** — This park offers a 3-hour safari experience where elephants can be seen roaming freely, including sightings of them playing in a watercourse. Safaris are conducted in open-top vehicles.
- **Kaudulla National Park** — Known as an elephant hot spot, this park allows visitors to see around 200 elephants, including babies, near a giant water hole. The elephants are relatively close to the jeeps during the one-way circuit safari, which also provides opportunities to see buffalos, jackals, and peacocks.","The best locations for elephant watching include Maduru Oya National Park, Wasgamuwa National Park, Hurulu Eco Park, and Kaudulla National Park."
Q_ACT_13,Where can I go camping in Sri Lanka?,activity_query,general_query,0.0,12.28,0.3333333333333333,0.929656586838644,0.16666666665,0.0,Where can I go camping in Sri Lanka?,"['REVIEW EVIDENCE (ChromaDB):\n1. Place: Arugam Bay\nRating: 5 stars\nTitle: The best place we visited in Sri Lanka\nSource: Visitor Review', 'rotti! the hideaway had great western food and the BEST enourmous portion of Sri lankan curries (I tried alot of it)If your a surfer, you found heaven. Try main point, or grab a tuk tuk to wisky point and by the lighthouse for less people. There is also another cool surf spot in okanda which is in the national park and if you get some people together, you can get a jeep to take u there (watch out for elephants on the beach) I would highly recommend this place, i absolutely loved it.', ""2. Place: Sri Pada / Adam's PeakUnclaimedIf you own this business, claim it for free now to update business info, respond to reviews, and more.Claim this listing\nRating: 5 stars\nTitle: Pure cultural and natural experience\nSource: Visitor Review"", ""A must visit for an adventurer visiting Sri Lanka. Recommended to start climbing at night, so you can reach the top for sunrise. I used 2,5 hours for a medium speed ascend. In addition to all the natural dimensions of the experience, this is also really a pure cultural experience. If you don't like buddhism, this is maybe not for you. Really memorable visit."", '3. Place: Wasgamuwa National Park\nRating: 5 stars\nTitle: Wasgamuwa, a must.......\nSource: Visitor Review', 'Even you could go camping as it is facilitated through Wild Life. Two out of the three bungalows as well as the camping site is closer to Mahaweli river. There are accommodation outside the Park as well and you could easily get a safari jeep. The roads in the Park are not that bad and you can use a jeep with two wheel drive. You could see animals closer to the nature than some of the other Parks as Wasgamuwa is not that crowded by visitors probably due to the distance from Colombo. It was great', '4. Place: Diyatha Uyana\nCategory: Garden / Park\nLocation: Sri Jayewardenepura Kotte, Colombo District, Western Province, Sri Lanka\nSource: Wikipedia Article', 'Gallery', 'References', '5. Place: Hikkaduwa Beach\nCategory: Beach\nLocation: Hikkaduwa, Galle District, Southern Province, Sri Lanka\nSource: Wikipedia Article', 'Attractions\nCoral Sanctuary: the Hikkaduwa National Park was the first Marine sanctuary to be established in Sri Lanka. It has approximately seventy varieties [1] of multi-coloured corals. In 2023, the Wildlife Conservation Department started to restore the coral reef and touching corals is now strictly prohibited (one offender was arrested and prosecuted in 2025).\nNightlife: Hikkaduwa is famous for its nightlife. To prevent the fragmentation of the clientele, only one nightclub organises a main party each night, on a fixed weekly rotation.', 'Knowledge Graph Fact No graph results returned.']","The best place for camping in Sri Lanka is Wasgamuwa National Park.

- **Wasgamuwa National Park** — Camping is facilitated through the Department of Wildlife Conservation, with the camping site located closer to the Mahaweli River.","The best locations for camping include Knuckles Mountain Range, Gal Oya National Park, Kumana National Park, and Wasgamuwa National Park."
Q_ACT_14,What are the best places to experience a train ride?,activity_query,general_query,0.0,28.26,0.8461538461538461,0.7196440530179798,0.0,0.0,What are the best places to experience a train ride?,"['REVIEW EVIDENCE (ChromaDB):\n1. Place: Horton Plains National Park\nRating: 5 stars\nTitle: Fantastic hike\nSource: Visitor Review', 'at the train to drive people. If you an get there, it is definitely worth the effort.', '2. Place: Nine Arches BridgeSomeone from this business manages the listing.\nRating: 5 stars\nTitle: Absolutely beautiful\nSource: Visitor Review', 'Definitely worth a visit make sure to hike down and go just before the two trains pass by during the day. Great photo opportunity and just stunnnnning!', '3. Place: Demodara Loop\nRating: 5 stars\nTitle: Nice walk along the tracks!\nSource: Visitor Review', 'We had no idea when the trains were coming and almost got run over by the train in the tunnel. Do NOT follow anyone in the tunnel unless they are 100% sure a train is not coming.', '4. Place: Mount Lavinia Beach\nRating: 4 stars\nTitle: Good Beach\nSource: Visitor Review', 'Nice beach with nice view one can watch nicely Sunset there and can enjoy beauty of nature just nearby one Railway line is there where train passes in regular intervals', '5. Place: Moon Plains\nRating: 5 stars\nTitle: Rough ride to a beautiful place\nSource: Visitor Review', ""This is the most efficient safari I have been on. You have to buy a ticket and wait for some time for the vehicles to come. The ticket has the turn number and they follow it to the dot. Beautiful climb to the peak. Unfortunately, we don't get to stay for too long as it's on a rotation and the vehicle has to come down."", 'Knowledge Graph Fact No graph results returned.']","The best places to experience a train ride or observe trains in Sri Lanka are:

- **Nine Arches Bridge** — Visitors can hike down to the bridge to watch two trains pass by during the day, which provides a photo opportunity.
- **Demodara Loop** — This location features a walk along the tracks where trains pass through a tunnel.
- **Mount Lavinia Beach** — A railway line is located nearby where trains pass at regular intervals, allowing visitors to watch them while enjoying the beach and sunset.
- **Horton Plains National Park** — The park is accessible by train, and the journey is described as worth the effort.","The best locations for a train ride include Demodara Loop, Ella Rock, Moon Plains, and Dunhinda Falls."
Q_ACT_15,Where can I go for a tea plantation visit?,activity_query,general_query,0.0,18.84,0.8,0.825396644620338,0.7095238095060713,0.0,Where can I go for a tea plantation visit?,"['REVIEW EVIDENCE (ChromaDB):\n1. Place: Handunugoda Tea Estate\nRating: 5 stars\nTitle: So unexpected\nSource: Visitor Review', 'We went to the tea plantation the 2nd day we were here and we are so glad we did as this was a hidden gem. The plantation is beautiful and the tea and tour guides are great too! We really enjoyed it here and would recommend it to anybody! :)', '2. Place: Handunugoda Tea Estate\nRating: 5 stars\nTitle: Specila tea plantation\nSource: Visitor Review', 'Virgin Tea Plantation - interesting story,good guidance, original machinery, super degustation for free', '3. Place: Pedro Tea Factory\nRating: 3 stars\nTitle: Cool guide though..\nSource: Visitor Review', ""Quick run through the production plant followed by two samples of tea to taste. Then you must buy.I was hoping to visit the tea plantation, but that was not part of the tour -perhaps due to the inclement weather.Not bad, fairly educational, wouldn't have felt too bad about missing this one."", '4. Place: Handunugoda Tea Estate\nRating: 5 stars\nTitle: Fantastic tour!\nSource: Visitor Review', 'Great trip to see a Sri Lankan tea estate. We arrived via tuk tuk and were promptly greeted by a tour guide who showed us the plantation and machinery that was used to make tea. It even included a stop to try some tea and eat some cake. The tour was free but we bought plenty of tea to show our gratitude. Everyone was very friendly and knowledgeable. Would definately recommend.', '5. Place: Ceylon Tea Museum\nRating: 4 stars\nTitle: An interesting step back in time\nSource: Visitor Review', 'An interesting visit being shown the old equipment used in the factory and an explanation of how all the various processes of tea making occur. There are a few floors with lots of posters to read providing information from the initial tea plantations to modern research and the benefits of tea. If you are not going to a working tea plantation this gives the perfect opportunity to gain an understanding of the process. Your ticket also entitles you to a free cuppa at the end of your visit!!', 'Knowledge Graph Fact No graph results returned.']","The best places for a tea plantation visit in Sri Lanka are:

- **Handunugoda Tea Estate** — This plantation offers tours where visitors can see the estate and the machinery used to make tea. The experience includes an interesting story about the Virgin Tea, guidance, and a degustation. Visitors can also enjoy tea and cake during their visit.

- **Ceylon Tea Museum** — This location provides an opportunity to gain an understanding of the tea-making process through displays of old equipment and posters detailing the history from initial tea plantations to modern research. The visit includes a free cup of tea.

- **Pedro Tea Factory** — This site offers a tour through the production plant that provides an educational look at tea production, followed by samples of tea to taste.","The best locations for a tea plantation visit include Handunugoda Tea Estate, Pedro Tea Factory, and Lipton’s Seat."
Q_FEA_11,Which places are noted for their cleanliness?,feature_query,general_query,0.0,19.56,0.6666666666666666,0.7139468940519674,0.0,0.0,Which places are noted for their cleanliness?,"['REVIEW EVIDENCE (ChromaDB):\n1. Place: Mount Lavinia Beach\nRating: 3 stars\nTitle: Crowdy and Not So Clean\nSource: Visitor Review', 'Its a good location to getaway but recently the cleanliness has been very poor. There are some good Restaurants around but their service is not so satsfactory', '2. Place: Hummanaya Blow Hole\nRating: 4 stars\nTitle: Hidden Scenery\nSource: Visitor Review', ""their cars in their front yards. There is a newly built entrance building but no toilet facilities,dirty, and untidy. Doesn't looks any official from the provincial council or any other authorities taking care of this place. No bins for litter. Plastic bags,bottles,cans wrappers and all the rubbish strewn everywhere. So many way side food stalls with fried fish and finger food. Any hygienic conditions maintain while preparation of these food and how fresh are they?????"", '3. Place: Ravana Ella FallsSomeone from this business manages the listing.\nRating: 2 stars\nTitle: Crowded and gross\nSource: Visitor Review', ""Hundreds of locals washing their bodies and clothes in the swimming pool. People brushing their teeth and washing their dirty undies next to swimmers. Not really a nice place to swim but it is nice to look at the falls. Police won't let you climb up higher to get to any of the other pools. It's pretty average to be honest"", '4. Place: Keerimalai Hot springs\nRating: 2 stars\nTitle: Neglected\nSource: Visitor Review', 'This famous tank is not maintained, it is dirty. You can visit but it looks dirty to bathe. There is a beautiful kovil close by..', '5. Place: Dutch Hospital Shopping Precinct\nRating: 4 stars\nTitle: Good food outlets with nice views and nice handicraft and tea shops\nSource: Visitor Review', 'Worth a trip to stop by and look at the shops and eat lunch with a nice sea breeze and view. Also have lovely, clean public toilets (for Dutch Shopping Precinct Shoppers only.....) on the 1st floor behind One Minute Tuk Tuk', 'Knowledge Graph Fact No graph results returned.']","The Dutch Hospital Shopping Precinct is the only location noted for its cleanliness.

- **Dutch Hospital Shopping Precinct** — This location features clean public toilets on the first floor, which are available for shoppers.","Places known for their cleanliness include Trincomalee Beach, Nilaveli Beach, Bentota Beach, and Casuarina Beach."
Q_FEA_12,What are the most family friendly destinations?,feature_query,general_query,0.0,27.23,0.875,0.678872693022099,0.1428571428428571,0.0,What are the most family friendly destinations?,"['REVIEW EVIDENCE (ChromaDB):\n1. Place: Gregory Lake\nRating: 5 stars\nTitle: Family vacation\nSource: Visitor Review', 'The lake is absolutely awesome Cleanly maintained lawn and gardenCan spend hours by boating at just walking The setting is sooo scenic that you hate to leave', '2. Place: Ella Rock\nRating: 4 stars\nTitle: Beware of locals !\nSource: Visitor Review', 'It’s quite tricky to find the path , look for foreigners and follow them. Don’t trust the locals who will point you in the wrong direction (as what others on trip advisors have mentioned)', '3. Place: Kandy View Point\nRating: 5 stars\nTitle: Adorable\nSource: Visitor Review', ""Perfect place.But we have walk more miles to reach there.Not so much crowded.No words to say,anyway it's adorable.Loving and romantic place.There no any ticket charge or any cost to anyone.Everyone can see whole kandy city in free of charge."", '4. Place: Diyatha Uyana\nRating: 5 stars\nTitle: Nice place to stroll with your family\nSource: Visitor Review', ""Very beautiful urban park, you won't feel that you are in Colombo. Place is busy in the weekends but everyone has something to do there. Best time to go there in the evening."", '5. Place: Mirissa Beach\nRating: 5 stars\nTitle: Ideal place to base yourself on South Coast\nSource: Visitor Review', 'are super friendly and the food was the best of all the restaurants we ate at.', 'Knowledge Graph Fact No graph results returned.']","The most family-friendly destinations in Sri Lanka are Gregory Lake, Diyatha Uyana, and Mirissa Beach.

- **Gregory Lake** — This destination features a cleanly maintained lawn and garden where families can spend hours boating or walking in a scenic setting.

- **Diyatha Uyana** — This beautiful urban park in Colombo is a nice place to stroll with family, offering activities for everyone despite being busy on weekends.

- **Mirissa Beach** — This location is an ideal place to base yourself on the South Coast and features friendly service and food.","Places known for their family friendliness include Negombo Beach, Sri Pada / Adam's Peak, Negombo Fish Market, and Diyatha Uyana."
Q_FEA_13,Which locations are known for their safety?,feature_query,general_query,0.0,25.89,0.25,0.0,0.0,0.0,Which locations are known for their safety?,"['REVIEW EVIDENCE (ChromaDB):\n1. Place: Horton Plains National Park\nCategory: National Park / Wildlife Reserve\nLocation: Nuwara Eliya, Nuwara Eliya District, Central Province, Sri Lanka\nSource: Wikipedia Article', 'Frequent fire and grazing characterises Plagioclimax communi', '2. Place: Dutch Hospital Shopping Precinct\nCategory: Shopping / Market\nLocation: Galle, Galle District, Southern Province, Sri Lanka\nSource: Wikipedia Article', 'See also\nDutch Ceylon\nColombo', 'References', 'How the Hilton came to riot-affected Colombo while other potential investors ran away', ""3. Place: Ravana Ella FallsSomeone from this business manages the listing.\nRating: 3 stars\nTitle: Nice site, unmissable if you're driving down from Ella\nSource: Visitor Review"", 'road.We were told that people actually wash and try to swim there, but the current is quite dangerous and in 2018, 56 people - allegedly - died in the falls.', '4. Place: Knuckles Mountain Range\nRating: 5 stars\nTitle: See It While It Lasts – It’s Amazing\nSource: Visitor Review', 'contributor to the degradation of the natural environment. We saw first-hand the evidence of invasive exotic species, particularly the ubiquitous lantana (Lantana Camara). The damage being caused by the clearing and burning of the forest to plant henna is also most obvious. My concern is however more for the wide sealed road that will bring bus loads of polluters.See it while it is still relative pristine. Like Everest Base Camp, this will not last.', '5. Place: Arugam Bay\nCategory: Beach\nLocation: Arugam Bay, Ampara District, Eastern Province, Sri Lanka\nSource: Wikipedia Article', ""On 23 October 2024, police increased security in Arugam Bay after being notified of a possible threat to Israeli tourists. Troops were deployed and police patrols were increased near the Chabad house. Israel's national security council warned Israelis living in the area to leave immediately and to avoid large gatherings. The US Embassy in Sri Lanka issued a travel warning for US citizens as well."", 'Knowledge Graph Fact No graph results returned.']","The available evidence does not contain information regarding locations known for their safety. The provided documents only contain reports of security threats, dangerous currents, and environmental degradation at specific sites.","Places known for their safety include Laxapana Falls, Polhena Beach, Aberdeen Falls, and Pasikudah Beach."
Q_FEA_14,What are some tourist spots that offer great value for money?,feature_query,general_query,0.0,22.52,0.75,0.9719591534081952,0.0,0.0,What are some tourist spots that offer great value for money?,"['REVIEW EVIDENCE (ChromaDB):\n1. Place: Ravana Ella FallsSomeone from this business manages the listing.\nRating: 4 stars\nTitle: Impressive waterfall\nSource: Visitor Review', 'This spot gets busy with visitors. Parking is on the road. You won’t have to walk far to get to see the waterfall as it is straight off the road. Be careful of the traffic on the road. It is not advisable to feed the monkeys. There are a couple of souvenir places with decent prices. Didn’t try the restaurant/snack place.', '2. Place: Colombo Lotus Tower\nRating: 4 stars\nTitle: Fun\nSource: Visitor Review', ""Appreciate foreign tourists extra cost but that's ok for us, not so for those with low wages or low income countries. Observation Deck has a good view over the city. Place cards on important sites but would be helpful if showed on a wider map to help spotting. Did the digital experience after which was fun and nice quick history too from Portuguese invasion onwards then more about colombo before doing interactive part. Worth it even though yiu can do something similar in most capitals and big"", '3. Place: Ancient City of Polonnaruwa\nRating: 2 stars\nTitle: Heavily overpriced ruins\nSource: Visitor Review', ""If you been to maccu pichu, bagan and angkor wat then this will be the most disappointing site. 80% are just ruin foundation with a few poorly maintained buddist temples in place. At 25 USD for foreigers a ridiculous price. With bicycle you are done in 2.5 hr. Remember to wear easy to take off shoes mandatory before entering the temples. At various times you are chased down by guards wanting to see your ticket over and over or by sales guys selling some 'handicraft'. If you travel on a budget"", '4. Place: Mirissa Beach\nRating: 3 stars\nTitle: Much ado about nothing\nSource: Visitor Review', 'Mirissa is a noisy village whose accommodation and commerce extend along the main road, where cars spend night and day, full of millenials celebrating night in. It is a 100% tourist spot, which inflated food and drink prices. For example, a coconut costs 250 rupees, while in Colombo or Galle it costs 100 rupees. Water 170 rupees, vs 100 rupees in the capital. The sea and the beaches are not extraordinary. If it is not millennial, this is not a suitable destination.', '5. Place: Kandy View Point\nRating: 5 stars\nTitle: Nice view\nSource: Visitor Review', 'A beautiful viewpoint over Kandy. Nothing special about it except that there are quite a few vendors who want to sell you everything.', 'Knowledge Graph Fact No graph results returned.']","The tourist spots that offer value for money based on the available evidence are:

- **Ravana Ella Falls** — This location features souvenir shops with decent prices and provides easy access to the waterfall directly from the road.

- **Kandy View Point** — This spot offers a beautiful view over Kandy, though visitors should be prepared for numerous vendors attempting to sell various items.

- **Colombo Lotus Tower** — This site includes an observation deck with views over the city and a digital experience that covers history from the Portuguese invasion onwards, though foreign tourists are charged an extra cost.

The available evidence indicates that the **Ancient City of Polonnaruwa** is considered heavily overpriced for foreign visitors at 25 USD, and **Mirissa Beach** is described as having inflated prices for food and drink compared to other locations like Colombo or Galle.","Places known for their value for money include Sri Pada / Adam's Peak, Negombo Beach, Negombo Fish Market, and Handunugoda Tea Estate."
Q_FEA_15,Which places are known for their peacefulness and quiet atmosphere?,feature_query,general_query,0.0,30.91,1.0,0.7519522761671125,0.3333333333,0.3333333333333333,Which places are known for their peacefulness and quiet atmosphere?,"['REVIEW EVIDENCE (ChromaDB):\n1. Place: Ruwanweli Maha Seya\nRating: 5 stars\nTitle: One of the world’s most spiritual and peaceful places\nSource: Visitor Review', 'Ruwanweli Maha Seya is truly one of the most spiritual places in the world. Sitting quietly on the Ruwanweli Saa Maluwa brings a deep sense of calm and mindfulness like nowhere else. It’s very peaceful, very sacred, and one of the most important places for Buddhists. A visit here touches the soul.', '2. Place: Japanese Peace Pagoda - Rumassala\nRating: 4 stars\nTitle: peacefull\nSource: Visitor Review', 'as the name says, this pagoda does have a very peacefull atmosphere to it. especially after long road trips from bentota we needed the relaxing moments and found them here!', '3. Place: Gregory Lake\nRating: 5 stars\nTitle: Peaceful lake\nSource: Visitor Review', 'Peaceful place to watch the sunset and have your lunch. There are two sides. One is free for local with bicycles and horses to to ride and the other side is entered with tickets and has kids area and boats for renting.', '4. Place: Kataragama Temple\nRating: 4 stars\nTitle: Calm Place!\nSource: Visitor Review', 'A very calm place and loved visiting the temples which was really nice to see! Soo much of animals which were wondering about which made it more fascinating!', '5. Place: Mirissa Beach\nRating: 3 stars\nTitle: Noisy, slightly tacky people, good place to pass through\nSource: Visitor Review', 'Of the paces we have visited in Sri Lanka this is my least favourite. The beach restaurants all compete with each other (all house music), so none of it’s actually enjoyable and certainly not relaxing. Why does it have to be so very loud?Other than whale watching, not a massive amount to do here. The beach is pretty but crowded and everything has a budget/ slightly tacky feel. We spent our time looking for places to get out of the ‘doof doof’ noise which seems to be never ending.', 'Knowledge Graph Fact No graph results returned.']","The places known for their peaceful and quiet atmosphere in Sri Lanka are:

- **Ruwanweli Maha Seya** — This site is described as a spiritual and peaceful location where sitting on the Ruwanweli Saa Maluwa provides a sense of calm and mindfulness.

- **Japanese Peace Pagoda - Rumassala** — This pagoda offers a peaceful atmosphere, providing a relaxing experience for visitors.

- **Gregory Lake** — This is a peaceful location suitable for watching the sunset and having lunch, featuring areas for bicycle and horse riding, as well as a section with a kids' area and boat rentals.

- **Kataragama Temple** — This is a calm place where visitors can see temples and observe animals wandering about the grounds.","Places known for their peacefulness include Negombo Beach, Sri Pada / Adam's Peak, Japanese Peace Pagoda - Rumassala, and Beddegana Wetland Park."
Q_CON_01,Where are the best places for hiking in Nuwara Eliya District?,constraint_query,general_query,0.0,18.71,1.0,0.9895995777961414,0.2777777777685185,1.0,Where are the best places for hiking in Nuwara Eliya District?,"['REVIEW EVIDENCE (ChromaDB):\n1. Place: Gregory Lake\nRating: 5 stars\nTitle: Great place to spend Nuwara Eliya evenings! Beware of boat operators!\nSource: Visitor Review', ""remember as 15).Close to the car park there is a large Merry-go-round that would be suitable for those with kids. There are horses also for riding. Beware of operators and you ask many of them regarding price and select one.We went on a rainy day, but enjoyed as much as possible. Previously we had a great time on non-rainy evenings.Don't miss this place when you are in Nuwara Eliya. You can just walk along the pavement enjoying the fresh air from the mountains!"", '2. Place: Ambewela Farms\nRating: 3 stars\nTitle: Good Place for Enroute Tour\nSource: Visitor Review', 'Ambewela farm is a private dairy producing different dairy products. This is situated in an beautiful location in the hills of Nuwara Eliya. The location is a 30 minutes drive from the Nuwara Eliya centre and for me it would be an ideal spot for en-route tours and for bunch of . Good for children where they could see the big cows closely and to see the cows are fed and milked. There is a restaurant and another dairy product selling spot. Overall it’s a good place to visit during your visit to', '3. Place: Single Tree Hill\nCategory: Viewpoint / Hiking\nLocation: Nuwara Eliya, Nuwara Eliya District, Central Province, Sri Lanka\nSource: Wikipedia Article', 'DESTINATION: Single Tree Hill\nTYPE: Viewpoint / Hiking\nLOCATION: Nuwara Eliya, Nuwara Eliya District, Central Province, Sri Lanka\nCOORDINATES: 6.9580205, 80.7626508\nADDRESS: Single Tree Hill, Single Tree Road, Haddon Hill, Nuwara Eliya, Nuwara Eliya District, Central Province, 22200, Sri Lanka\nSOURCE: https://en.wikipedia.org/w/index.php?search=Single%20Tree%20Hill%20Sri%20Lanka', '4. Place: Moon Plains\nRating: 5 stars\nTitle: Breathtaking Views at Moon Plains – A Must-Visit in Nuwara Eliya!\nSource: Visitor Review', 'I visited The Moon Plains in Nuwara Eliya and it was an unforgettable experience. The view from the top is absolutely stunning—you can see mountains all around, and the fresh air feels amazing. It’s a peaceful and quiet place, perfect for nature lovers. The drive up was beautiful too. I took many photos and enjoyed every moment. If you visit Nuwara Eliya, don’t miss this hidden gem!', '5. Place: Horton Plains National Park\nRating: 4 stars\nTitle: Nice stroll in the park\nSource: Visitor Review', 'Horton Plains with Worlds End is one of the ""musts"" when visiting Nuwara Eliya, and it´s worth the effort. Worlds End cliff is enchanting with the drop of +800 meters, but you have to be there before the mist sets in (before 9.00am.?) or else you will meet the white wall instead of the magnificent views.', 'Knowledge Graph Fact No graph results returned.']","The best places for hiking in the Nuwara Eliya District are:

- **Single Tree Hill** — This location is categorized as a viewpoint and hiking destination.

- **Horton Plains National Park** — This park features the World's End cliff, which has a drop of over 800 meters. It is recommended to arrive before 9:00 am to avoid mist, which can obscure the views.",The best places for hiking in Nuwara Eliya District include Horton Plains National Park and Single Tree Hill.
Q_CON_02,"I'm traveling with my family, what are some family-friendly beaches in Matara?",constraint_query,general_query,0.0,85.94,0.8,0.9027344818781842,0.0,0.0,"I'm traveling with my family, what are some family-friendly beaches in Matara?","['REVIEW EVIDENCE (ChromaDB):\n1. Place: Polhena Beach\nRating: 5 stars\nTitle: Nice\nSource: Visitor Review', 'Very nice beach in Matara. Its good to chill. If you are lucky you can see the sea turtles. Weekends may crowd with locals.', '2. Place: Casuarina Beach\nRating: 4 stars\nTitle: Nice beach\nSource: Visitor Review', 'A really nice beach close to Jaffna, popular with Jaffna region residents but not too crowded. The water was warm (february), the beach was clean and life-guarded and there is some shade available for those like me whose skin is too white for the northern Sri Lankan sun :)Most women bathe fully clothed so you might want to do the same.The beach is accesible from Jaffna with public transport (Karainagar bus). The bus stops at a junction with a few shops and a tuktuk can remaining couple', '3. Place: Passikudah Beach\nRating: 2 stars\nTitle: Not that great\nSource: Visitor Review', ""We travelled to Battacola with intentions of having 4 days in passicuda area. It is an ok beach but I've been to many better beaches. It was really disappointing. There is nothing there. No bars, no restaurants, no sunbeds, no shops. Just a stretch of beach with lots and lots of locals ( if your female I would cover up as much as possible too as the young men arnt used to flesh on show and you'll be stared )water was not clear lots of coral washed up on beach so a bit painfull without flip"", '4. Place: Mirissa Beach\nRating: 5 stars\nTitle: Ideal place to base yourself on South Coast\nSource: Visitor Review', 'We visited Mirissa for 10 days and visited 4 beaches, ate at several restaurants, swam with wild seat turtles, watched baby turtles hatching (by shear luck and coincidence) surfed, was taught yoga, had massages and met lovely people.The beaches we visited were all beautiful to look at as you might expect. The main beach to the west was the largest and were we spotted the turtles. Perfect for lazy days and strolling along rather than using the road that runs parallel. It has an abundance of', '5. Place: Arugam Bay\nRating: 5 stars\nTitle: The beach beach locaruon\nSource: Visitor Review', ""Of all the beaches I've visited in Sri Lanka I think this is my favourite. We were lucky to visit in the presean and it's nicely busy without being to populated. Main season runs from May to August. It's paradise at it's best 😎🐠🌴🏊\u200d♀️🏄\u200d♂️🏖🚣\u200d♀️"", 'Knowledge Graph Fact No graph results returned.']","The best family-friendly beach in Matara is Polhena Beach.

- **Polhena Beach** — This is a nice beach in Matara that is good for chilling, and visitors may be able to see sea turtles. Please note that the beach may be crowded with locals on weekends.",Family-friendly beaches in Matara include Polhena Beach and Hiriketiya Beach.
Q_CON_03,Are there any places for bird watching in the Ampara District?,constraint_query,general_query,0.0,18.39,0.0,0.0,0.14285714284285714,0.0,Are there any places for bird watching in the Ampara District?,"['REVIEW EVIDENCE (ChromaDB):\n1. Place: Kalametiya Eco Bird Watching\nRating: 5 stars\nTitle: What a great place for bird watching\nSource: Visitor Review', 'his book to illustrate/document what he shares. Please just keep it like this, simple & beautiful, do not change anything, do not turn it into a mass tourism spot.For furthermore info, please contact Buddhi on mobile +94 71 355 79 25Thanks', '2. Place: Kalametiya Eco Bird Watching\nRating: 5 stars\nTitle: DO THIS TOUR!\nSource: Visitor Review', ""should do this tour. I highly suggest going very early in the morning when you're likely to see a lot of different types of birds and there are very few people out on the lagoon. Do it, do it, do it!"", '3. Place: Kalametiya Eco Bird Watching\nRating: 5 stars\nTitle: Peaceful Bird Watching on a boat - with well informed guides\nSource: Visitor Review', 'This was an amazing experience and we saw lots of birds. The guide knows a lot about them and we learned a lot. We also got watermelons and water. Will definitly recommend this activity.', '4. Place: Kumana National Park\nRating: 5 stars\nTitle: Amazing place to watch birds\nSource: Visitor Review', 'One of the best place to watch endemic birds in Sri Lanka. Must visit early in the morning to have a better experience', '5. Place: Sinharaja Forest Reserve\nRating: 5 stars\nTitle: Birdwatching in the Sinharaja Rainforest\nSource: Visitor Review', 'A group of us (eight birdwatchers), plus a couple birding guides (and also a local guide for inside the reserve), spent 2 1/2 days birding in the Sinharaja Rainforest Reserve and along various roads in the near vicinity. The reserve entry fees were taken care of by our birding tour leaders so there was no hassle in this regards. The diversity of birds in this area as well as the number of endemics is phenomenal. It was a long drive over rough roads to get to the reserve proper but was well worth', 'Knowledge Graph Fact No graph results returned.']",The available evidence does not contain information regarding bird watching locations within the Ampara District.,A good place for bird watching in the Ampara District is Kumana National Park.
Q_CON_04,What are the top attractions for swimming in the Galle District?,constraint_query,general_query,0.0,26.08,0.8333333333333334,0.9003460084386963,0.0,0.0,What are the top attractions for swimming in the Galle District?,"['REVIEW EVIDENCE (ChromaDB):\n1. Place: Ravana Ella FallsSomeone from this business manages the listing.\nRating: 5 stars\nTitle: A refreshing swim in a spectacular surrounding\nSource: Visitor Review', 'I would recommend a quick visit to the falls. They are very easily accessible from the side of the road. Provided you are careful and avoid climbing the side of the falls (you will be told off by the guards anyway), there is no problems having a swim in the pool at the bottom of the cascade.', '2. Place: Jungle Beach\nRating: 5 stars\nTitle: Amazing Beach\nSource: Visitor Review', 'Easy to get to beach by tuk tuk not too touristy and really good to take a relaxed swim in. Nice little Spot and much cleaner then the other beaches around galle.', '3. Place: Negombo Fish MarketUnclaimedIf you own this business, claim it for free now to update business info, respond to reviews, and more.Claim this listing\nRating: 5 stars\nTitle: Best Trip Ever\nSource: Visitor Review', 'We arrived very early in the morning and were met at the airport by Pasi. Pasi and our driver Dilal were brilliant and made everything fun and enjoyable for us four girls. All our trips from canyoneering to spice gardens to the temples and bus journeys were great😁 Fell in love with the country, culture and amazing views! Adams Peak and Sigirya Rock were breathtaking!!! I could stay! I would recommend the tour company to everyone hassle free touring and we have to thank our guides Pasi and Dilal.', '4. Place: Batticaloa Fort\nRating: 4 stars\nTitle: Gives nice panoramic View\nSource: Visitor Review', 'Though this is not a major tourist attraction as Galle or Trincomalee still a nice place to go and have a panoramic view of the sea. MOst of the buildings inside are renovated to modern looking concretes.', '5. Place: Galle Face Green\nRating: 4 stars\nTitle: Interesting for a walk in the evening\nSource: Visitor Review', 'Not much green grass here anymore, but lots of things happening here in the evening. Street food, people watching and kite flying. Our grandson enjoyed flying a kite which was already flying when we bought it for him. Easy.', 'Knowledge Graph Fact No graph results returned.']","The best place for swimming in the Galle District is Jungle Beach.

- **Jungle Beach** — This is a nice little spot that is cleaner than other beaches around Galle and is a good place to take a relaxed swim. It is easy to reach by tuk-tuk and is not too touristy.",Top attractions for swimming in the Galle District include Unawatuna Beach and Hikkaduwa Beach.
Q_CON_05,Where can I go for a safari in the Polonnaruwa District?,constraint_query,general_query,0.0,30.41,0.0,0.0,0.0,0.0,Where can I go for a safari in the Polonnaruwa District?,"['REVIEW EVIDENCE (ChromaDB):\n1. Place: Udawalawe National Park\nRating: 5 stars\nTitle: Nice Safari in Udawalawe :)\nSource: Visitor Review', 'We had a safari with Lahiru yesterday. The communication in advance went very well, I contacted him via WhatsApp. His number is +94 76 272 6799. You are welcome to contact him there. He has also arranged accommodation called Dew Safari Cottage. We can recommend them 100%. Lahiru does his job very well, we really saw a lot of animals and he was able to answer all of our questions and is a good bird expert. The safari lasted about 4.5 hours and we would recommend a tour with him to everyone!', '2. Place: Ancient City of Polonnaruwa\nRating: 4 stars\nTitle: Archeological and natural site\nSource: Visitor Review', 'Polonnaruwa is in the meantime an archeological and a natural site. Do not expect ruins like you will have around the Mediterranean Sea or in Central America, but the monuments are suggestive, especially in the holy area. All along the visit, you will encounter bonnet macaques, which are very funny. At the entrance, you can rent some bicycles to enjoy the visit at a pleasant rhythm.', '3. Place: Ancient City of Polonnaruwa\nRating: 5 stars\nTitle: A must if you stay close\nSource: Visitor Review', 'You first go to the museum site to purchase your ticket, a lovely bit of history there, if you can read and love to take your time I would suggest NOT to get the guide who will hustle you and try to convince you into using him and go as far as to say “don’t pay me if you are dissatisfied”. Don’t fall for it. It’s nice to just go around read the descriptions yourself. The whole experience will take you upto 3 hours. Make sure to take socks, cover shoulders and legs. You won’t be allowed to wear', '4. Place: Hurulu Eco Park\nRating: 5 stars\nTitle: safari\nSource: Visitor Review', 'best place to do safari good . service good and luxury jeep .. nice nathure jeepes price better than other agient', '5. Place: Madu River Safari by Buddhi\nRating: 5 stars\nTitle: Boat ride\nSource: Visitor Review', ""Good boat ride at sunset There is fish spar And a shop in the middle of the riverWorth the visitingAlso the cinnamon Island, wouldn't recommend purchasing any cinnamon as it is not really good kind , better purchase from a much more larger storeExperience of seeing how it's done is grate"", 'Knowledge Graph Fact No graph results returned.']",The available evidence does not contain information regarding locations for a safari within the Polonnaruwa District.,"You can go for a safari in the Polonnaruwa District at Kaudulla National Park, Gal Oya National Park, or Wasgamuwa National Park."
Q_TIM_01,When is the best time of day to visit Sri Pada / Adam's Peak?,timing_query,general_query,0.0,19.03,0.8888888888888888,0.9478965832307154,0.44374999998890624,1.0,When is the best time of day to visit Sri Pada / Adam's Peak?,"[""REVIEW EVIDENCE (ChromaDB):\n1. Place: Sri Pada / Adam's PeakUnclaimedIf you own this business, claim it for free now to update business info, respond to reviews, and more.Claim this listing\nRating: 4 stars\nTitle: An intense hike, for stunning views\nSource: Visitor Review"", ""Adam's Peak offers stunning views of the region: from water reservoirs, to deep valleys and rolling mountains to breath-taking waterfalls. The main attraction are the sunrise, and Buddha's footprint at the Temple (currently closed since the pandemic).This place normally has thousands of climbers each day but given the current situation and that peak season begins mid-Dec, we were only about 10-15 climbers. We started at 2.30am and depending on your speed, it can take anywhere from 2.5 to 4"", ""2. Place: Sri Pada / Adam's PeakUnclaimedIf you own this business, claim it for free now to update business info, respond to reviews, and more.Claim this listing\nRating: 5 stars\nTitle: Take the risk and do it in the off season\nSource: Visitor Review"", 'We climbed Sri Pada in August, normally the off season and often has hazy views. We were very lucky and got up for the sunrise walk and had absolutely spectacular views. It rained a bit but was still excellent. Definitely stretch your legs afterwards though, all those stairs on the way down were a killer', ""3. Place: Sri Pada / Adam's PeakUnclaimedIf you own this business, claim it for free now to update business info, respond to reviews, and more.Claim this listing\nRating: 5 stars\nTitle: Place of worship with breath taking views\nSource: Visitor Review"", 'level. It is always better to travel during the season, ie from December to May, unless seeking an adventure.', ""4. Place: Sri Pada / Adam's PeakUnclaimedIf you own this business, claim it for free now to update business info, respond to reviews, and more.Claim this listing\nRating: 4 stars\nTitle: Magnificent..!\nSource: Visitor Review"", 'Visited for the third time. It was an amazing experience. We took Rathnapura palabaddara route. It was little bit exhausting as there were lot of steps. Few tips. Better to climb during night time. If you are planning to watch the sun rise (""Ira Sewaya"") try to reach the summit arround 5am or reach arround 8 - 9pm on the previous day spend night there.. Because in between that, you may have to climb dawn as there is no enough space at ""uda maluwa"" ( Summit ). In average from rathnapura side it', ""5. Place: Sri Pada / Adam's PeakUnclaimedIf you own this business, claim it for free now to update business info, respond to reviews, and more.Claim this listing\nRating: 5 stars\nTitle: Must do - Opportunity to witness a snapshot of Sri Lankan culture\nSource: Visitor Review"", 'one. Changing to the Ratnapura track will let you bypass the morning rush that piles up closer to the top. At a certain point before the sunrise, the temple will shut the entrance gate. You do not what to be stuck among thousands of people on a stairway knowing that you are missing the best view of the island. Also, make sure you have enough time to settle in, find a good spot to see the view well before the sunrise. Loved the street food along the way.', 'Knowledge Graph Fact No graph results returned.']","The best time to visit Sri Pada / Adam's Peak is during the night to reach the summit in time for the sunrise.

Here is what you can do at **Sri Pada / Adam's Peak**:

- Start your climb during the night to witness the sunrise, known as ""Ira Sewaya.""
- Aim to reach the summit around 5am to catch the sunrise, or arrive by 8pm or 9pm the previous night to spend the night at the summit.
- Plan your arrival well before sunrise to secure a spot at the ""uda maluwa"" (summit), as space can become limited and the entrance gate may close before the sun rises.
- Consider the Ratnapura-Palabaddara route to potentially bypass the morning rush that accumulates near the top.
- Allow for a climb duration of approximately 2.5 to 4 hours depending on your speed.
- Enjoy the street food available along the route during your ascent.",The best time to visit Sri Pada / Adam's Peak is early in the morning to witness the sunrise from the summit.
Q_TIM_02,Is it recommended to visit Horton Plains National Park early in the morning?,timing_query,general_query,0.0,28.05,1.0,0.0,0.7370370370247531,1.0,Is it recommended to visit Horton Plains National Park early in the morning?,"['REVIEW EVIDENCE (ChromaDB):\n1. Place: Horton Plains National Park\nRating: 5 stars\nTitle: Early for the view\nSource: Visitor Review', 'labels off bottles. We were fine and did the walk clockwise, it was nice and relatively easy. Wear good walking shoes and our accommodation had supplied us a packed breakfast which was really nice of them. We sat and ate that at worlds end and got a lovely view. It seemed a popular spot to sit and have breakfast. There was only 6 people there (3 of us) which was really peaceful. The clouds come in pretty quick. We enjoyed bakers falls and walked back. You strip off your layers as you go along', '2. Place: Horton Plains National Park\nRating: 2 stars\nTitle: Limited interest apart from some nice views.\nSource: Visitor Review', 'Little interest and even less when getting up at 5am!!! For those who like to walk, walk to do quietly leaving at 9-10am, especially since it is cool (2000m).', '3. Place: Horton Plains National Park\nRating: 5 stars\nTitle: Nice walk early in the morning.\nSource: Visitor Review', 'This place is good to go early in the morning, then we saw the most animals and it was not so hot yet. I left with a group from the Laughing leopard Hostel in Nuwara Eliya. The only downside was that we had to wait on one of the slower walkers.', '4. Place: Horton Plains National Park\nRating: 5 stars\nTitle: Awesome\nSource: Visitor Review', 'It is definitely worth a half day tour and if you don’t want to be in a hurry, then maybe a full day to enjoy the scenic beauty,they say it rains nearly every day, it would be nice to have a good local guide to be able to explain to you the local details.', '5. Place: Horton Plains National Park\nRating: 4 stars\nTitle: Worth the early morning wake up\nSource: Visitor Review', 'at 6.30am, did the circuit with little worlds end first and ending at the waterfall, recommend this way. If you like bush walking, its a walk worth doing.', 'Knowledge Graph Fact No graph results returned.']","Visiting Horton Plains National Park early in the morning is recommended by some visitors, though opinions on the timing vary.

- **Early morning visits** — Arriving early allows visitors to see the most animals before it gets hot. Starting at 6:30 am is one suggested approach for completing the circuit.
- **Alternative timing** — Some visitors suggest that leaving between 9:00 am and 10:00 am is preferable for those who prefer to walk quietly, noting that the area remains cool due to its 2000m elevation.
- **Weather considerations** — Clouds can move in quickly, and it is noted that the area rains nearly every day.
- **Visitor experience** — Early arrivals can provide a peaceful experience at World's End, where visitors may sit and eat breakfast with few other people present.","Yes, it is highly recommended to visit Horton Plains National Park early in the morning (around 6 AM) before the cloud cover rolls in and obscures the views."
Q_TIM_03,What time does the Pinnawala Elephant Orphanage feed the baby elephants?,timing_query,general_query,0.0,26.41,0.5,0.9381174782130314,0.4166666666458333,1.0,What time does the Pinnawala Elephant Orphanage feed the baby elephants?,"['REVIEW EVIDENCE (ChromaDB):\n1. Place: Pinnawala Elephant Orphanage\nRating: 5 stars\nTitle: Very pleasant\nSource: Visitor Review', 'We went here because we had some spare time. It’s cheap to get in and didn’t need to book before our visit. We went to the 9am feed, you don’t get to feed or touch the elephants just view, plenty of seating. It’s funny watching the young elephants race towards the milk station which is done with a few at a time, it’s not very long maybe 1.30 hours but a pleasant experience. No one tells you what or why they do it but there is a information building that you can walk through.', '2. Place: Pinnawala Elephant Orphanage\nRating: 2 stars\nTitle: Did not feel right!\nSource: Visitor Review', ""The concept of the areas (only) highlight is very weird! You really can't check in the hotels before 4 p.m. so you'll miss the elephants the day you arrive. If you just stay one night you have to check out at 12 a.m., so you can just see the elephants in the morning. The entrance fee to go to the river (and enter the only shopping street in town) is just as much as one night in the hotel (like 30$ for two)...Watching the elephants bathing is nice, but they are forced to go to the river twice a"", '3. Place: Pinnawala Elephant Orphanage\nRating: 4 stars\nTitle: Interesting..\nSource: Visitor Review', 'Lots of elephants were bathing in the river at the time when we arrived to this elephant orphanage and there were few activities including elephant parade and feeding baby elephants. You are allowed to feed lovely, little cute baby elephants under their supervision which was great.', '4. Place: Pinnawala Elephant Orphanage\nRating: 5 stars\nTitle: Best way to see Family bonds\nSource: Visitor Review', 'be constant attacks between them (mostly leading to probable death so safety is important). Great option for photographers would be around 10am to visit the herd led by Anusha near the fruit feeding area for some photogenic captures of the old ladies. A chance to click a pic with one would be during the fruit feeding session with either of 3 beauties Menika, Komali or Meena.', '5. Place: Pinnawala Elephant Orphanage\nRating: 5 stars\nTitle: Best way to see Family bonds\nSource: Visitor Review', 'Pinnawala is undoubtedly the best place in the Island to fascinate yourself about lives of elephants and identify family bonds. Sitting in one of the stairs near the Ma Oya river where they come for a bath or a stroll around the grazing area would be my ideal way of releasing stress. Many reviews i noticed criticized them for having some elephants with a chain. The main reason they do that is make sure the herd is free of danger since there could be constant attacks between them (mostly leading', 'Knowledge Graph Fact No graph results returned.']",The Pinnawala Elephant Orphanage conducts a baby elephant feeding session at 9 a.m.,"The Pinnawala Elephant Orphanage feeds the baby elephants at designated times, including a popular feeding session at 9:00 AM."
Q_TIM_04,Can I visit the Temple of the Sacred Tooth Relic in the evening?,timing_query,general_query,0.0,16.78,1.0,0.9856445926463807,0.59999999997,1.0,Can I visit the Temple of the Sacred Tooth Relic in the evening?,"['REVIEW EVIDENCE (ChromaDB):\n1. Place: Temple of the Sacred Tooth Relic\nRating: 5 stars\nTitle: Beautiful and sacred attraction\nSource: Visitor Review', 'We enjoyed the temple which is heavily visited but even better we enjoy the museum which is very lightly attended', '2. Place: Temple of the Sacred Tooth Relic\nRating: 5 stars\nTitle: A Surprising Highlight\nSource: Visitor Review', 'elements. The grounds are also lovely, and you could easily spend long moments quietly watching the people stream through. Our advice: Go in the morning! We practically had the place to ourselves...when we left a few hours later, the place was really filling up!', '3. Place: Temple of the Sacred Tooth Relic\nRating: 4 stars\nTitle: Good place to visit - the Vatican of Buddhism\nSource: Visitor Review', 'It is a must to go to place if you are a Buddhist . If you are a tourist - just observe and respect the religion . This is a good place to be culturally immersed into the religiousity of Buddhism. If you are here to observe and look at how people prayer , this is a place to go . There are many temples and places of worship to go . It is free entrance fees for locals but visitors need to pay the equivalent of US$7 to enter . I know many Europeans and Westerners complain about how this place is', '4. Place: Temple of the Sacred Tooth Relic\nRating: 1 stars\nTitle: Not worth a visit\nSource: Visitor Review', ""You get to see nothing as the tooth is covered in gold baskets. Even the gold baskets and the statues in the temple are within shut doors except for 3 times a day for 39 mins during the worship rituals. There is an unnecessary rush created due to limited opening time. They also charge LKR 1500 for foreigners (SAARC) which is not good as it's a temple and should be kept open at least for the fear of God."", '5. Place: Temple of the Sacred Tooth Relic\nRating: 5 stars\nTitle: evening visit in heavy rain\nSource: Visitor Review', 'our guide rushed us here and bare footed we walked in the dark and rain to get to the Temple - well worth it we saw the evening service and whole experience was fantastic', 'Knowledge Graph Fact No graph results returned.']","The available evidence confirms that you can visit the Temple of the Sacred Tooth Relic in the evening, as one visitor reported that attending the evening service was a fantastic experience.","Yes, you can visit the Temple of the Sacred Tooth Relic in the evening when the temple is beautifully lit up, and during the evening worship rituals."
Q_TIM_05,What is the best time of year to see migratory birds at Yala National Park?,timing_query,general_query,0.0,17.8,1.0,0.0,0.0,0.0,What is the best time of year to see migratory birds at Yala National Park?,"['REVIEW EVIDENCE (ChromaDB):\n1. Place: Yala National Park\nRating: 5 stars\nTitle: Great with the right crew\nSource: Visitor Review', 'We booked three half-day safaris at Yala NP and they were awesome. The driver Heshan and our guide Sanka were professionals, we were traveling with them daily and booked them through our lodge (Koragaha), they work for several hotels. There were never any problems and we probably saw everything except the bears. Unbelievable also what Heshan could still see while driving. Thanks to the guys’ experience, after waiting 1.5 hours we could see a leopard coming out of the bush right in front of our', '2. Place: Udawalawe National Park\nRating: 5 stars\nTitle: A morning in the wild\nSource: Visitor Review', ""rare occasions there has been sightings of leopards on evening tours. We chose the morning tour. Started from the camp at 6 am and arrived at the entrance to the park by 6.30 am. [We were told the best time to see the animals is either early morning or late evening. The park opens at 6 am but I am not sure of the closing time.] While there were some vehicles, it wasn't crowded. So, that's another plus about going as early as possible. [Also it's best to avoid local school holidays and long"", '3. Place: Yala National Park\nCategory: National Park / Wildlife Reserve\nLocation: Uva Province, Sri Lanka\nSource: Wikipedia Article', 'to 100–125 metres (328–410 ft). The national park is situated in the dry semi-arid climatic region and rain is received mainly during the northeast monsoon. The mean annual rainfall ranges between 500–775 millimetres (19.7–30.5 in) while the mean temperature ranges between 26.4 °C (79.5 °F) in January to 30 °C (86 °F) in April. It is  windier in Yala, during the southwest monsoon compared to the wind during the northeast monsoon with wind speeds from 23 kilometres per hour (14 mph) to 15 kilometres per hour (9.3 mph).', '4. Place: Turtle Conservation Project Turtle Watch\nRating: 3 stars\nTitle: Aah! Missed the Turtles!\nSource: Visitor Review', 'nearby hotels taking some initiative and getting information from the Turtle Conservation Project Center over telephone as to the sightings. Because the person at the Center told us that this was not a very high season and there has been no sightings for the past 2 days! But of course we were given some interesting insights regarding the Turtles as to the many different varieties and their characteristics. A better time to visit is in December or later in the year! Also over the years the', '5. Place: Wilpattu National Park\nRating: 1 stars\nTitle: Disappointing\nSource: Visitor Review', 'They lied to our faces only because we are tourists, the tour was finished before it was it our time to leave , drivers had us go through the same places several times & we had the tour for many hours but we didn’t see except birds and some dear', 'Knowledge Graph Fact No graph results returned.']",The available evidence does not provide information regarding the best time of year to see migratory birds at Yala National Park.,The best time to see migratory birds at Yala National Park is during the winter months when over 180 species visit the coastal lagoons.
