place_name,feature,positive_count,negative_count,neutral_count,total_mentions,dominant_sentiment,average_confidence,sample_evidence,place_total_mentions,TF,doc_freq,IDF,TF_IDF,defining_score
Aberdeen Falls,Waterfall,18,2,6,26,positive,0.803,It is well worth the trip to this awesome waterfall.,54,0.48148148148148145,24,1.927891643552635,0.9282441246734908,0.7453800321128132
Aberdeen Falls,Leeches,0,5,0,5,negative,0.8,"jungle on a uneven path that became smaller and smaller.We saw butterflies and reptiles, but als discovered the path was full of leeches, and we were dresses in shorts with slippers...Two of us returned halfway to the car, the rest made it to the falls: what a majestic waterfall, what a noise!",54,0.09259259259259259,8,3.0265039322207445,0.28023184557599484,0.2241854764607959
Aberdeen Falls,Rock formation,1,2,4,7,neutral,0.766,"We changed into swimminggear just on the rocks besides the fall, because nobody was there and carefully we stepped into the water...There are warnings not to swim because of the heavy currents: that is no understatement, but proved no to be a problem for us as good swimmers.",54,0.12962962962962962,20,2.1102132003465894,0.2735461556004838,0.20953635518997057
Aberdeen Falls,River,2,0,3,5,neutral,0.78,It's an impressive 98m fall that joins Kehelgamuwa river and Maskeli river and also known as the most beautiful location of the Kehelgamuwa river.,54,0.09259259259259259,33,1.6094379124341003,0.14902202892908334,0.116237182564685
Aberdeen Falls,Stairs,1,1,3,5,neutral,0.764,There are steps and few leeches.,54,0.09259259259259259,47,1.255797872190522,0.11627758075838167,0.0888360716994036
Aberdeen Falls,Safety,4,2,0,6,positive,0.827,"We changed into swimminggear just on the rocks besides the fall, because nobody was there and carefully we stepped into the water...There are warnings not to swim because of the heavy currents: that is no understatement, but proved no to be a problem for us as good swimmers.",54,0.1111111111111111,86,0.651598177647073,0.07239979751634143,0.05987463254601436
Abhayagiri Dagaba,Stupa,33,5,54,92,neutral,0.772,The Abhayagiri Dagoba will be spectacular once its sheds its bamboo skirt.,264,0.3484848484848485,29,1.7386496439141066,0.6058930577276432,0.4677494405657406
Abhayagiri Dagaba,Ancient ruins,8,1,10,19,neutral,0.777,Moonstones and extensive monastery ruins are the best,264,0.07196969696969698,23,1.9704512579714308,0.14181277992976207,0.11018853000542514
Abhayagiri Dagaba,Buddha statue,10,2,7,19,positive,0.809,"sculpture, world famous ""Isurumuni lovers"" in Isurumuniya viharaya, the sacred bo tree , the world famous""samadhi pilimaya"" of lord Buddha which depicts the great talents of ancient sculpture etc.",264,0.07196969696969698,47,1.255797872190522,0.09037939231674212,0.07311692838424438
Abhayagiri Dagaba,Temple,8,2,17,27,neutral,0.768,"and monuments of ancient ruins such as great dagabas, temples with great sculpture, world famous ""Isurumuni lovers"" in Isurumuniya viharaya, the sacred bo tree , the world famous""samadhi pilimaya"" of lord Buddha which depicts the great talents of ancient sculpture etc.",264,0.10227272727272728,76,0.7752121336142496,0.07928305911963916,0.06088938940388288
Abhayagiri Dagaba,Heritage site,4,0,7,11,neutral,0.784,"At the Dagoba a big Buddha footprint is on the north side, this site has a feeling of strength and bas reliefs and inside the inside section many beautiful Buddhas to look at we always have small compass attached to our day pack and you find this a handy item when touring all historical sites.",264,0.041666666666666664,30,1.7047480922384253,0.07103117050993438,0.05568843767978855
Abhayagiri Dagaba,Museum,3,2,4,9,neutral,0.773,There is a nice guidebook for sale in the museum attached to the Isurumuni Vihara monument for R250 22pages of A4 colour pics and detailed accounts of the main sites that shows how overgrown this was before it was restored.,264,0.03409090909090909,36,1.5224265354444706,0.05190090461742513,0.04011939926926963
Abhayagiri Dagaba,Sculptures,6,0,6,12,positive,0.777,If you are in the area I would recommend that you also visit the ruins of King Mahasen’s Palace to see an exquisite example of a moonstone doorstep with finely detailed symbolic carvings; the Ratnaprasada (Gem Place) for the guardstone; and the Mahapali Refectory with its huge rice trough and bathing pools.,264,0.045454545454545456,55,1.0986122886681098,0.04993692221218681,0.038800988558869154
Abhayagiri Dagaba,Paintings,3,0,2,5,positive,0.792,"This is a big mound and the building in front of it with the reclining buddha (a good one due to patterns on the palms) has painting showing the construction of it, basically shaping and bricking a hill.",264,0.01893939393939394,29,1.7386496439141066,0.032928970528676264,0.0260797446587116
Abhayagiri Dagaba,Ticket price,2,3,6,11,neutral,0.776,"When approached by a man who said he worked for the sites, insisting that we pay for walking along the street, I contacted the tourist police, who said we were well within our rights to walk along without a ticket.",264,0.041666666666666664,94,0.5626506916305767,0.023443778817940693,0.01819237236272198
Abhayagiri Dagaba,Peacefulness,18,0,0,18,positive,0.816,The Twin Bathing Pools (Kottum Putan) are very tranquil and worth a 5-10 minute stop as it’s a great example of the amazing engineering and water management that was typical across ancient Sri Lanka.,264,0.06818181818181818,129,0.24613306953890854,0.01678180019583467,0.01369394895980109
Abhayagiri Dagaba,Local guide,2,2,1,5,positive,0.778,"The area is too big to cover on foot in a single day and, whilst bicycles and TukTuks are easy and cheap to hire, I would recommend a driver/guide who can direct you to and provide commentary on the most significant sites.",264,0.01893939393939394,66,0.9162907318741551,0.01735399113398021,0.013501405102236606
Abhayagiri Dagaba,Entrance fee,2,1,2,5,positive,0.808,Whether the LKR3.5K/foreigner fee (half price for under-13s) for access to Anuradhapura’s ruins is “worth it” depends on your expectations.,264,0.01893939393939394,87,0.6400373552459969,0.01212191960693176,0.009794511042400863
Abhayagiri Dagaba,Public transport access,1,2,2,5,negative,0.808,Its on the outskirts of Anuradhapura and is worth the walk or tuk tuk ride.,264,0.01893939393939394,90,0.6061358035703155,0.011479844764589308,0.009275714569788162
Abhayagiri Dagaba,Crowdedness,2,5,1,8,negative,0.832,"This dagoba was so busy with locals praying and visiting, so we decided to enjoy the view of this dagoba from the enterance.",264,0.030303030303030304,122,0.3019244291673241,0.009149225126282549,0.007612155305067081
Abhayagiri Dagaba,Value for money,4,2,0,6,positive,0.86,"The area is too big to cover on foot in a single day and, whilst bicycles and TukTuks are easy and cheap to hire, I would recommend a driver/guide who can direct you to and provide commentary on the most significant sites.",264,0.022727272727272728,112,0.38744660260548613,0.00880560460467014,0.0075728199600163205
Abhayagiri Dagaba,Cleanliness,4,1,0,5,positive,0.88,"The reason not just the dirty floor (these places wasn't really dirty), very often the stone very hot without shoes.I recommend you, before the visit you must read some historical fact about this place, will be interesting the visit!",264,0.01893939393939394,117,0.34377153910282454,0.006510824604220162,0.005729525651713742
Abhayagiri Dagaba,Scenic view,3,3,1,7,positive,0.773,"This dagoba was so busy with locals praying and visiting, so we decided to enjoy the view of this dagoba from the enterance.",264,0.026515151515151516,128,0.25391520998096345,0.0067326002646467585,0.005204300004571945
Ambewela Farms,Wildlife,31,10,32,73,neutral,0.786,"Recommend to any one who loves the nature and animals!,",561,0.13012477718360071,54,1.1169614273363062,0.14534435685481348,0.11424066448788339
Ambewela Farms,Mountain,21,1,12,34,positive,0.778,They drive is very beautiful and picturesque - with hills covered in mist and dotted with cattle grazing around.,561,0.06060606060606061,24,1.927891643552635,0.11684191779106878,0.09090301204145151
Ambewela Farms,Family friendliness,51,5,26,82,positive,0.752,"Cool climes, Pastures more than green, Great place for kids and people who love to see the dairy industry indights to give it a go, dont miss to enjoy a hot glass of milk or munch a cube of fresh chesse",561,0.14616755793226383,89,0.6173091041684409,0.09023056424565447,0.06785338431273216
Ambewela Farms,Food quality,16,0,3,19,positive,0.78,"Have good food, but the star attraction on food department is the Fresh Milk.",561,0.0338680926916221,16,2.3333567516607996,0.07902634274787021,0.061640547343338764
Ambewela Farms,Restaurants,11,3,14,28,neutral,0.774,The cheese factory was closed when we went and the restaurant's idea of milk shake was a scoop of ice cream in a glass of milk.,561,0.049910873440285206,49,1.214125175789954,0.06059804798951642,0.04690288914388571
Ambewela Farms,Weather condition,12,26,7,45,negative,0.759,"Cool climes, Pastures more than green, Great place for kids and people who love to see the dairy industry indights to give it a go, dont miss to enjoy a hot glass of milk or munch a cube of fresh chesse",561,0.08021390374331551,82,0.6992262266363275,0.05608766523820809,0.04257053791579994
Ambewela Farms,Ticket price,14,9,28,51,neutral,0.766,"Nice place to see Cows,goats & Rabbits raised for economic purposes.You could see the milking of cows on specific times.The cafetaria serves fresh milk , Yoghurt , snacks etc.Rs.100 for entrance not worth it, Rs.20 for children..You could see Rabbits raised for meat and Goat as well.",561,0.09090909090909091,94,0.5626506916305767,0.051150062875506976,0.03918094816263835
Ambewela Farms,Scenic view,73,0,30,103,positive,0.801,You get to pass a beautiful lake and a dam which you will not feel like taking your eyes off from the view!,561,0.1836007130124777,128,0.25391520998096345,0.04661901359721789,0.03734182989137153
Ambewela Farms,Toilets,5,1,4,10,positive,0.792,Toilets were terrible.,561,0.017825311942959002,37,1.4950275612563562,0.0266493326427158,0.021106271453030914
Ambewela Farms,Cleanliness,32,5,2,39,positive,0.879,The facilities are not very clean either.,561,0.06951871657754011,117,0.34377153910282454,0.023898556194314007,0.02100683089480201
Ambewela Farms,Service quality,8,1,10,19,neutral,0.777,The local shop needs drastic makeover & better staff & hygiene.The entry ticket is expensive seeing that not even a basic guide is provided.,561,0.0338680926916221,88,0.6286086594223741,0.021289776344073277,0.016542156219344937
Ambewela Farms,Entrance fee,5,2,10,17,neutral,0.831,"Foreigners are charged $20 entrance fee while Sri Lankans pay $10, which is a far more reasonable price for what you get.",561,0.030303030303030304,87,0.6400373552459969,0.019395071371090818,0.016117304309376468
Ambewela Farms,Local guide,4,1,7,12,neutral,0.752,The local shop needs drastic makeover & better staff & hygiene.The entry ticket is expensive seeing that not even a basic guide is provided.,561,0.0213903743315508,66,0.9162907318741551,0.019599801751318823,0.014739050916991755
Ambewela Farms,Value for money,13,3,0,16,positive,0.833,If this is not a heaven i would wonder how heaven is?Its a greeny farm where you can see cows free in the fields.,561,0.0285204991087344,112,0.38744660260548613,0.01105017048429194,0.009204792013415185
Ambewela Farms,Crowdedness,2,10,1,13,negative,0.857,"Nice experience for children especially...Incredibly, the toilets were very clean, even though we visited during peak time with large crowds.",561,0.023172905525846704,122,0.3019244291673241,0.006996466273039596,0.005995971595994933
Ambuluwawa Tower,Mountain,17,2,7,26,positive,0.787,"ongoing mist.It has several viewing platforms for to enjoy the stunning views.When we climb to the top of this tower,we can see Adam's peak,Knuckles range,Bagathale rock,Piduruthalagala mountain.This is an awesome experience I had ever experienced.",256,0.1015625,24,1.927891643552635,0.19580149504831448,0.1540957766030235
Ambuluwawa Tower,Stairs,6,4,23,33,neutral,0.761,"diversity complex as well as the first multi religious shrine in sri lanka.We can see a temple,kovil,mosque and a church.As we ascend the stairs,the width of the stairs decreases and it takes on a spiral shape.Reaching the top of Ambuluwawa we can experience the most amazing views which could sometimes be covered by the ongoing",256,0.12890625,47,1.255797872190522,0.16188019446205948,0.12319082798562726
Ambuluwawa Tower,Mosque,2,0,4,6,neutral,0.767,"Gampola Town Sri Lanka.It is a bio diversity complex as well as the first multi religious shrine in sri lanka.We can see a temple,kovil,mosque and a church.As we ascend the stairs,the width of the stairs decreases and it takes on a spiral shape.Reaching the top of Ambuluwawa we can experience the most amazing views which could",256,0.0234375,5,3.4965075614664802,0.08194939597187063,0.06285518671042478
Ambuluwawa Tower,Scenic view,59,8,8,75,positive,0.821,"the view from up there is stunning.accessing the tower itself is free, getting there we had to hire this tiny care that resembled a golf car.",256,0.29296875,128,0.25391520998096345,0.07438922167411038,0.06107355099444462
Ambuluwawa Tower,Church,2,0,5,7,neutral,0.763,"Lanka.It is a bio diversity complex as well as the first multi religious shrine in sri lanka.We can see a temple,kovil,mosque and a church.As we ascend the stairs,the width of the stairs decreases and it takes on a spiral shape.Reaching the top of Ambuluwawa we can experience the most amazing views which could sometimes",256,0.02734375,9,2.908720896564361,0.07953533701543175,0.06068546214277443
Ambuluwawa Tower,Public transport access,6,4,12,22,neutral,0.805,some larger people had to turn around because it was too narrow!Once at the top: magnificent and breathtaking view looking down….Try the experience!Access is free… you can go up to the entrance on foot or by tuk tuk…,256,0.0859375,90,0.6061358035703155,0.05208979561932399,0.04193228547355581
Ambuluwawa Tower,Hindu shrine,2,0,6,8,neutral,0.76,"Gampola Town Sri Lanka.It is a bio diversity complex as well as the first multi religious shrine in sri lanka.We can see a temple,kovil,mosque and a church.As we ascend the stairs,the width of the stairs decreases and it takes on a spiral shape.Reaching the top of Ambuluwawa we can experience the most amazing views which",256,0.03125,39,1.4423838277709342,0.045074494617841694,0.03425661590955969
Ambuluwawa Tower,Safety,0,8,4,12,negative,0.84,thought It was kinda difficult to climb however it was not difficult climb any of the places we climb in srilanka .There is a lack of safety for kids If you are over weight person you may not be able to move from top.If you are travelling by open vehicle beware of monkeys They will steal everything when you reached to vehicle.,256,0.046875,86,0.651598177647073,0.030543664577206545,0.025656678244853497
Ambuluwawa Tower,Temple,4,0,6,10,neutral,0.776,"suburbs of Gampola Town Sri Lanka.It is a bio diversity complex as well as the first multi religious shrine in sri lanka.We can see a temple,kovil,mosque and a church.As we ascend the stairs,the width of the stairs decreases and it takes on a spiral shape.Reaching the top of Ambuluwawa we can experience the most amazing views",256,0.0390625,76,0.7752121336142496,0.030281723969306625,0.02349861780018194
Ambuluwawa Tower,Ticket price,5,3,4,12,positive,0.807,If you go by your personal vehicle you can drive passing the tickets counter at the entrance(highly recommended n make sure your vehicle is good condition you have to climb a very steep mountain).,256,0.046875,94,0.5626506916305767,0.026374251170183282,0.02128402069433791
Ambuluwawa Tower,Entrance fee,1,1,4,6,neutral,0.82,"Additionally, starting from January 1st, the entry fee for tourists will double to 2000 LKR, which is worth considering when planning a visit.",256,0.0234375,87,0.6400373552459969,0.015000875513578052,0.012300717921134002
Ambuluwawa Tower,Value for money,3,6,0,9,negative,0.853,"the view from up there is stunning.accessing the tower itself is free, getting there we had to hire this tiny care that resembled a golf car.",256,0.03515625,112,0.38744660260548613,0.013621169622849122,0.011618857688290301
Ambuluwawa Tower,Crowdedness,0,12,0,12,negative,0.817,"Amazing 360 degree view of the beautiful middle mountain range of Sri Lanka, not much crowded, a recently made rare shape structure .",256,0.046875,122,0.3019244291673241,0.014152707617218317,0.011562762123267364
Ambuluwawa Tower,Family friendliness,1,3,2,6,negative,0.753,kinda difficult to climb however it was not difficult climb any of the places we climb in srilanka .There is a lack of safety for kids If you are over weight person you may not be able to move from top.If you are travelling by open vehicle beware of monkeys They will steal everything when you reached to vehicle.,256,0.0234375,89,0.6173091041684409,0.014468182128947833,0.010894541143097718
Ambuluwawa Tower,Cleanliness,2,3,0,5,negative,0.872,Its not well maintained to be frank.,256,0.01953125,117,0.34377153910282454,0.006714287873102041,0.00585485902534498
Ambuluwawa Tower,Peacefulness,7,0,0,7,positive,0.829,Try and go when it's really quiet.,256,0.02734375,129,0.24613306953890854,0.00673020112020453,0.0055793367286495555
Ancient City of Polonnaruwa,Ancient ruins,153,6,110,269,positive,0.789,well maintained ruins,1577,0.17057704502219403,23,1.9704512579714308,0.33611375294503165,0.26519375107362997
Ancient City of Polonnaruwa,Museum,53,14,74,141,neutral,0.778,I highly recommend visiting the museum to gain a little knowledge before browsing the ruins.,1577,0.08941027266962587,36,1.5224265354444706,0.13612057165356395,0.10590180474647276
Ancient City of Polonnaruwa,Local guide,90,10,81,181,positive,0.762,a guide would be nice to unstandardised intricacies.,1577,0.11477488902980343,66,0.9162907318741551,0.10516716706989351,0.08013738130725886
Ancient City of Polonnaruwa,Heritage site,30,1,49,80,neutral,0.802,History and Heritage at its Best!,1577,0.05072923272035511,30,1.7047480922384253,0.08648056270074447,0.06935741128599707
Ancient City of Polonnaruwa,Temple,57,11,73,141,neutral,0.778,"Additionally, as you will be in and out of Buddhist temples, I'd suggest wearing socks, as the stones get very, very hot.",1577,0.08941027266962587,76,0.7752121336142496,0.0693119282432525,0.053924680173250444
Ancient City of Polonnaruwa,Buddha statue,32,3,31,66,positive,0.794,"One revers the Buddha without much reference to the animal kingdom and the other is prolific in carving animals, 'grotesque' masks and moonstones with story telling symbolisms threaded throughout the buildings and statues.",1577,0.04185161699429296,47,1.255797872190522,0.0525571715691658,0.04173039422591764
Ancient City of Polonnaruwa,Sculptures,40,2,30,72,positive,0.786,"One revers the Buddha without much reference to the animal kingdom and the other is prolific in carving animals, 'grotesque' masks and moonstones with story telling symbolisms threaded throughout the buildings and statues.",1577,0.045656309448319596,55,1.0986122886681098,0.050158582615157835,0.039424645935514056
Ancient City of Polonnaruwa,Ticket price,31,20,59,110,neutral,0.784,"You first go to the museum site to purchase your ticket, a lovely bit of history there, if you can read and love to take your time I would suggest NOT to get the guide who will hustle you and try to convince you into using him and go as far as to say “don’t pay me if you are dissatisfied”.",1577,0.06975269499048826,94,0.5626506916305767,0.03924640207949488,0.03076917923032399
Ancient City of Polonnaruwa,Signage,12,3,10,25,positive,0.778,"Was in awe of how well preserved many of the ruins are, although it seems not everyone can read the signs telling you not to walk on the walls.",1577,0.01585288522511097,16,2.3333567516607996,0.03699043677331641,0.02877855980964017
Ancient City of Polonnaruwa,Public transport access,32,6,39,77,neutral,0.794,If you're travelling in a small group my best advice would be to do it ahead of the buses that are all going the same place at the same time.,1577,0.04882688649334179,90,0.6061358035703155,0.029595724080478312,0.023499004919899782
Ancient City of Polonnaruwa,Guided tours,8,3,14,25,neutral,0.808,"and started by visiting the museum, think you pretty much need to as there is not much info at each building on the site.We had a tour guide who showed us the bits worth seeing and in the heat getting in and out of the air conditioned car was greatly appreciated.The site is not used for worship anymore and some buildings",1577,0.01585288522511097,36,1.5224265354444706,0.02413485313006453,0.01950096132909214
Ancient City of Polonnaruwa,Stupa,11,0,11,22,positive,0.777,Not a whole lot of known about these ruins but what it has left behind are some stunning stupas and temples housing Buddha.,1577,0.013950538998097653,29,1.7386496439141066,0.024255099661452343,0.01884621243694847
Ancient City of Polonnaruwa,Entrance fee,8,13,21,42,neutral,0.846,entrance fees are a little steep.,1577,0.02663284717818643,87,0.6400373552459969,0.017046017070597254,0.014420930441725276
Ancient City of Polonnaruwa,Fortress,4,0,6,10,neutral,0.768,"In our opinion and alongside the marvelous Dambulla caves and the Sigiriya Rock Fortress/Palace, the ruins of Pollonaruwa Archeological Park are one of the most interesting remains of the island's glorious past and one of the main reasons for us coming to Sri Lanka.",1577,0.0063411540900443885,9,2.908720896564361,0.01844464741004668,0.014165489210915849
Ancient City of Polonnaruwa,Souvenir stalls,9,3,11,23,neutral,0.777,It was very very hot but cold drinks could be obtained from stalls near the entrances.,1577,0.014584654407102092,49,1.214125175789954,0.017707596095858556,0.0137588021664821
Ancient City of Polonnaruwa,Hindu shrine,3,0,14,17,neutral,0.758,Nissankamalla was another great king who established matrimonial relations with south India kings leading to Hindu influence on archaeological ruins.,1577,0.01077996195307546,39,1.4423838277709342,0.015548842785102018,0.01178602283110733
Ancient City of Polonnaruwa,Family friendliness,9,7,23,39,neutral,0.752,"As we did it with two very young children, we used a driver to shuttle between the sites, which I'd recommend.",1577,0.024730500951173115,89,0.6173091041684409,0.01526636338780545,0.0114803052676297
Ancient City of Polonnaruwa,Information boards,0,0,6,6,neutral,0.78,"The scale, taken as a whole is impressive, but it’s doesn’t really have that Angkor Wat wow factor plus the lack of information boards (some deliberately destroyed or defaced at that), maps etc for context, frankly useless guides and a high ticket price makes this a missable site from my perspective.",1577,0.003804692454026633,4,3.71965111278069,0.01415212852040846,0.011038660245918598
Ancient City of Polonnaruwa,Value for money,14,38,0,52,negative,0.857,"We spoke to a local about this and apparently it is a really common scam and those that have gone with the ""bribery"" option haven't been able to get in to see some sites, particularly Gal Vihara.",1577,0.032974001268230815,112,0.38744660260548613,0.01277566476568502,0.010948744704192062
Ancient City of Polonnaruwa,Forest,6,0,6,12,positive,0.78,Polonnaruwa if your interested in history is amazing a city from 600-1300 AD then abandoned to the jungle then uncovered in the early 1900s the site is huge 2-3 miles across.,1577,0.007609384908053266,51,1.1741198411762548,0.00893432979969249,0.006968777243760143
Ancient City of Polonnaruwa,Parking,3,3,6,12,neutral,0.797,Parking is difficult.,1577,0.007609384908053266,54,1.1169614273363062,0.008499389428050523,0.006774013374156267
Ancient City of Polonnaruwa,Toilets,4,1,2,7,positive,0.817,"buildings are well preserved to say they were buried beneath jungle for centuries!There is ample parking and good visitor facilities (toilets, wash facilities, food and drink)We travelled around by car, which was straightforward enough.",1577,0.004438807863031071,37,1.4950275612563562,0.00663614009435288,0.005421726457086303
Ancient City of Polonnaruwa,Crowdedness,5,26,1,32,negative,0.827,As a World Heritage site in the heat and crowded with school groups I was a bit underwhelmed.,1577,0.020291693088142042,122,0.3019244291673241,0.006126557852475822,0.005066663343997505
Ancient City of Polonnaruwa,Wildlife,5,1,2,8,positive,0.795,"One revers the Buddha without much reference to the animal kingdom and the other is prolific in carving animals, 'grotesque' masks and moonstones with story telling symbolisms threaded throughout the buildings and statues.",1577,0.0050729232720355105,54,1.1169614273363062,0.005666259618700349,0.004504676396866777
Ancient City of Polonnaruwa,Cleanliness,17,6,0,23,positive,0.885,well maintained ruins,1577,0.014584654407102092,117,0.34377153910282454,0.005013789092812279,0.004437203347138867
Ancient City of Polonnaruwa,Paintings,1,0,4,5,neutral,0.76,"The early sites were ruins but they got better, some with stunning stone buddhas and intricate frescos and paintings.",1577,0.0031705770450221942,29,1.7386496439141066,0.005512522650330079,0.0041895172142508595
Ancient City of Polonnaruwa,Accommodation,5,0,9,14,neutral,0.77,There are a lot of the great hotels and small guest houses to stay in this city.,1577,0.008877615726062143,90,0.6061358035703155,0.005381040741905147,0.004143401371266963
Ancient City of Polonnaruwa,Safety,9,3,0,12,positive,0.833,"This entailed not buying the official ticket and paying him the cash instead which he could use to ""bribe"" the guards.",1577,0.007609384908053266,86,0.651598177647073,0.004958261339102647,0.004130231695472505
Ancient City of Polonnaruwa,Service quality,8,2,3,13,positive,0.789,You can just rent a bike instead of tuktuk....i should have done this if only i knew that the road is good..i thought it will be just like in Bagan so i took a tuktuk.For a bike you an rent it for 500 rupeesFor a tuktuk service for 3 hours you an pay 1300-1500 good for 32.,1577,0.008243500317057704,88,0.6286086594223741,0.005181935683253559,0.004088547254087058
Ancient City of Polonnaruwa,Restaurants,1,1,3,5,neutral,0.78,"On the other hand I also have to admit that my disappointment arose from Polonnaruwa city itself which is very dusty, noisy and hard to find good local restaurants here.We rented bikes just in front of the entrance for 500 LKR/pc (they didn´t want to lower their price at all).",1577,0.0031705770450221942,49,1.214125175789954,0.0038494774121431647,0.0030025923814716686
Ancient City of Polonnaruwa,Peacefulness,19,0,0,19,positive,0.817,"Stunning, serene site",1577,0.012048192771084338,129,0.24613306953890854,0.0029654586691434765,0.00242277973269022
Ancient City of Polonnaruwa,Scenic view,10,0,7,17,positive,0.79,I travelled here solo...from dambulla i took a bus for 1.5 hours....dont worry the scenic view is amazing.....As a design professional this is heaven to me....others might find this boring but i find this very interesting...although all you can find here are ruins.,1577,0.01077996195307546,128,0.25391520998096345,0.002737196302901952,0.0021623850792925423
Angurukaramulla Temple,Temple,101,4,45,150,positive,0.8,Nice temple!,490,0.30612244897959184,76,0.7752121336142496,0.23730983682068865,0.18984786945655094
Angurukaramulla Temple,Paintings,21,0,19,40,positive,0.782,Had an interesting 'tour' explaining Buddhism and the Buddhist paintings and statues.,490,0.08163265306122448,29,1.7386496439141066,0.14193058317666174,0.11098971604414948
Angurukaramulla Temple,Sculptures,40,0,20,60,positive,0.793,"We were told that this was the oldest temple in Negombo, and it was under restoration at the time we visited - there were loads of impressive statues and artworks in there , but many in a state of disrepair.",490,0.12244897959183673,55,1.0986122886681098,0.1345239537144624,0.10667749529556869
Angurukaramulla Temple,Buddha statue,26,0,23,49,positive,0.796,"Really loved this temple, the giant Buddha statue outside is lovely in itself but inside the other Buddhas and statues are really fabulous, as are the paintings and the ceilings, all really impressive.",490,0.1,47,1.255797872190522,0.12557978721905222,0.09996151062636557
Angurukaramulla Temple,Murals,8,0,7,15,positive,0.796,"They are renovating them all and there are statues and wall paintings.The main temple is also interesting with a lot of the many stories of Buddha's lives, it also has a very large reclining Buddha.There is also a building from 1941 that is fascinating",490,0.030612244897959183,11,2.70805020110221,0.08289949595210847,0.06598799877787834
Angurukaramulla Temple,Local guide,12,2,11,25,positive,0.758,"However the work going on to bring it back to its former glory was impressive, and the guide who worked there showed us around,all the finished parts and the ongoing works, giving us a shawl to cover our shoulders out of respect (luckily our trousers were below the knee, so we were allowed in).",490,0.05102040816326531,66,0.9162907318741551,0.046749527136436486,0.03543614156941886
Angurukaramulla Temple,Public transport access,8,1,18,27,neutral,0.778,"for the tuk-tuk journey back (fortunately this 1000 Rupees was accepted).BUT - the SCAM is that people usually give 300-600 Rupees, and an extra '0' is added by the guides who then use the ""guestbook"" to con/guilt people such as myself.BEWARE if you do visit here, and perhaps write donations as ""THREE HUNDRED"", rather",490,0.05510204081632653,90,0.6061358035703155,0.03339931978856841,0.02598467079550622
Angurukaramulla Temple,Hindu shrine,1,1,6,8,neutral,0.76,"There are lots of shrines in Negombo, both Christian and Buddhist, This shrine is a beautiful example of the Buddhist faith, well kept and immaculately clean.",490,0.0163265306122449,39,1.4423838277709342,0.023549123718709132,0.01789733402621894
Angurukaramulla Temple,Ticket price,5,3,8,16,neutral,0.788,"I felt guilty as the most I could really give was 1000 as I needed cash for the tuk-tuk journey back (fortunately this 1000 Rupees was accepted).BUT - the SCAM is that people usually give 300-600 Rupees, and an extra '0' is added by the guides who then use the ""guestbook"" to con/guilt people such as myself.BEWARE",490,0.0326530612244898,94,0.5626506916305767,0.01837226748181475,0.014477346775670023
Angurukaramulla Temple,Beach,4,0,5,9,neutral,0.784,"Nice hotels, I stayed in WIND MILL BEACH HOTEL.",490,0.018367346938775512,64,0.9470623905409088,0.017395023499730978,0.013637698423789087
Angurukaramulla Temple,Stupa,2,0,3,5,neutral,0.764,"This is a smaller and different temple, different in that you are allowed in the Stupa and it has an historic and interesting reflection of all the past Kings and Queens (a few) of Sri Lanka.",490,0.01020408163265306,29,1.7386496439141066,0.017741322897082717,0.013554370693371197
Angurukaramulla Temple,Guided tours,3,0,2,5,positive,0.84,There were no monks around to give a guided tour but I was able to go in and admire the art and workmanship - beautiful inside and seems to be in the process of renovation.,490,0.01020408163265306,36,1.5224265354444706,0.015534964647392556,0.013049370303809748
Angurukaramulla Temple,Peacefulness,27,0,0,27,positive,0.803,The serene environment of the temple attracts many foreigners who visit to the city.,490,0.05510204081632653,129,0.24613306953890854,0.013562434443980675,0.010890634858516483
Angurukaramulla Temple,Entrance fee,1,1,8,10,neutral,0.816,"I visited this beautiful temple with friends, entrance fee 1000 rupees for the restoration.But it's worth it.To wander around calmly and photograph",490,0.02040816326530612,87,0.6400373552459969,0.013061986841755038,0.01065858126287211
Angurukaramulla Temple,Value for money,10,6,0,16,positive,0.81,This is very good place to visit.Entrance is free.Wear appropriately.,490,0.0326530612244898,112,0.38744660260548613,0.012651317636097507,0.01024756728523898
Angurukaramulla Temple,Accommodation,4,0,3,7,positive,0.786,"Nice hotels, I stayed in WIND MILL BEACH HOTEL.",490,0.014285714285714285,90,0.6061358035703155,0.008659082908147363,0.006806039165803828
Angurukaramulla Temple,Family friendliness,3,0,4,7,neutral,0.766,"Me and my mom stayed in this hotel for 2 days.First of all, I want to say thank Siri and Nishan (owners) who make everything for your stay to be comfortable.They treat hotel guests as their family guests, assisting with everything.Villa is located in jungles, so it is very green and beautiful around.",490,0.014285714285714285,89,0.6173091041684409,0.008818701488120584,0.006755125339900367
Angurukaramulla Temple,Cleanliness,6,1,0,7,positive,0.891,"Beach is in a walking distance (3-5 mins).Room is very clean and spacious, with a pot and cups for having tea.",490,0.014285714285714285,117,0.34377153910282454,0.004911021987183207,0.004375720590580238
Angurukaramulla Temple,Crowdedness,2,5,0,7,negative,0.829,"Very large temple located near by negombo beach raod, its really peaceful and the quite place, it will be busy on full moon day because there are many buddiest people coming there for prayer ,",490,0.014285714285714285,122,0.3019244291673241,0.004313206130961773,0.0035756478825673095
Arugam Bay,Beach,152,19,63,234,positive,0.804,"It is a working fishing beach which sounds quite cool but the reality is working beaches are not clean and fishermen are not wealthy so there is never any sensation of being in a desert island paradise,",1030,0.22718446601941747,64,0.9470623905409088,0.21515786348210936,0.17298692223961593
Arugam Bay,Restaurants,43,12,33,88,positive,0.796,"It is a bit more expensive than other hotels ($42 night for my room) but it is spotlessly clean, has AC, and the staff is very helpful.The Thai restaurant in town is great and so was the Green Room for Sri Lankan curries.Take a tuk-tuk out of town to surf some less crowded waves or get up very early.",1030,0.0854368932038835,49,1.214125175789954,0.10373108298011258,0.08256994205216961
Arugam Bay,Sandy beach,18,2,10,30,positive,0.759,"Great beach for surfing with a giant sand bar separating the surfing beach and mainland, giving a great swimming area for children inbetween.",1030,0.02912621359223301,15,2.3978952727983707,0.0698416098873312,0.053009781904484375
Arugam Bay,Accommodation,42,9,36,87,positive,0.789,nice.Beautiful drive from colombo and many road work is going on.Still the town is very slow in the night and not many people around.Hotel Tri Start was a bad experiance and the food was so bad we couldnt even eat.Prices also high they charge 5000 half board for rice & curry.Pool was green in colour.Place must see but choose,1030,0.08446601941747572,90,0.6061358035703155,0.05119787855399752,0.04039512617910404
Arugam Bay,Boat service,9,0,9,18,positive,0.77,"The bay itself is beautiful, especially at sunset (and doubly so at the onset of a warm storm) and sunrise when all the fishing boats come in.",1030,0.017475728155339806,9,2.908720896564361,0.05083201566811505,0.03914065206444859
Arugam Bay,Lagoon,9,1,5,15,positive,0.796,"It went on for quite awhile, and people with young children were unable to leave the beach without passing through what was happening (we were able to swim away with our children across the lagoon).",1030,0.014563106796116505,11,2.70805020110221,0.03943762428789627,0.03139234893316543
Arugam Bay,Elephants,9,2,14,25,neutral,0.776,"There is also another cool surf spot in okanda which is in the national park and if you get some people together, you can get a jeep to take u there (watch out for elephants on the beach) I would highly recommend this place, i absolutely loved it.",1030,0.024271844660194174,33,1.6094379124341003,0.03906402700082768,0.03031368495264228
Arugam Bay,Sunrise view,10,1,6,17,positive,0.835,"We missed the sunrise due to the clouds but everyone had an early morning beach stroll while the fishermen were busy at sea getting their daily catch to the shore.However, I want to warn the local (sri lankan) ladies that might get tempted visiting shops in here where they seem to encourage only the foriegners.",1030,0.01650485436893204,21,2.0614230361771577,0.03402348700486571,0.028409611649062867
Arugam Bay,Public transport access,20,5,27,52,neutral,0.797,"It is a bit more expensive than other hotels ($42 night for my room) but it is spotlessly clean, has AC, and the staff is very helpful.The Thai restaurant in town is great and so was the Green Room for Sri Lankan curries.Take a tuk-tuk out of town to surf some less crowded waves or get up very early.",1030,0.05048543689320388,90,0.6061358035703155,0.030601030859860587,0.02438902159530889
Arugam Bay,Ticket price,22,11,20,53,positive,0.795,very slow in the night and not many people around.Hotel Tri Start was a bad experiance and the food was so bad we couldnt even eat.Prices also high they charge 5000 half board for rice & curry.Pool was green in colour.Place must see but choose the right hotel,1030,0.05145631067961165,94,0.5626506916305767,0.028951928792641322,0.023016783390149852
Arugam Bay,Service quality,33,4,6,43,positive,0.805,"It is a bit more expensive than other hotels ($42 night for my room) but it is spotlessly clean, has AC, and the staff is very helpful.The Thai restaurant in town is great and so was the Green Room for Sri Lankan curries.Take a tuk-tuk out of town to surf some less crowded waves or get up very early.",1030,0.04174757281553398,88,0.6286086594223741,0.026242885781710763,0.021125523054277166
Arugam Bay,Cafes,5,0,5,10,positive,0.762,Good WiFi is hard to come across in the area I found the restaurants with the best WiFi were Geckos and Break Away cafe.,1030,0.009708737864077669,15,2.3978952727983707,0.023280536629110393,0.01773976891138212
Arugam Bay,Value for money,25,28,0,53,negative,0.863,"It is a bit more expensive than other hotels ($42 night for my room) but it is spotlessly clean, has AC, and the staff is very helpful.The Thai restaurant in town is great and so was the Green Room for Sri Lankan curries.Take a tuk-tuk out of town to surf some less crowded waves or get up very early.",1030,0.05145631067961165,112,0.38744660260548613,0.019936572755427928,0.0172052622879343
Arugam Bay,Cleanliness,35,18,0,53,positive,0.878,"It is a working fishing beach which sounds quite cool but the reality is working beaches are not clean and fishermen are not wealthy so there is never any sensation of being in a desert island paradise,",1030,0.05145631067961165,117,0.34377153910282454,0.017689215118883203,0.015531130874379453
Arugam Bay,Safety,17,11,1,29,positive,0.816,Saturday nights are happening..the music and action goes on till sun rise and catch more waves later.Arugam Bay is really safe...this season was a bit disappointing because there were very few tourist.,1030,0.02815533980582524,86,0.651598177647073,0.01834596810850982,0.014970309976544012
Arugam Bay,Sunset view,11,0,2,13,positive,0.855,"The bridge is an excellent vantage point to see the sunset, & at night you can watch prawn fishermen throwing, gathering & emptying their nets.",1030,0.01262135922330097,44,1.3217558399823195,0.01668235526191277,0.014263413748935416
Arugam Bay,Family friendliness,20,0,10,30,positive,0.781,The owner has recently returned from living abroad and is lovingly restoring this old family holiday home and the cabanas in the lovely garden.,1030,0.02912621359223301,89,0.6173091041684409,0.017979876820440027,0.014042283796763661
Arugam Bay,Crowdedness,8,42,3,53,negative,0.841,"It is a bit more expensive than other hotels ($42 night for my room) but it is spotlessly clean, has AC, and the staff is very helpful.The Thai restaurant in town is great and so was the Green Room for Sri Lankan curries.Take a tuk-tuk out of town to surf some less crowded waves or get up very early.",1030,0.05145631067961165,122,0.3019244291673241,0.01553591722899823,0.013065706389587511
Arugam Bay,Market,3,1,2,6,positive,0.793,"family are always happy to serve you the morning tea for free,if you ask them to prepare you the meal you can go with him at the fish market and buy what you want to eat.his wife and him are very good cooker!He also tooked us early in the morning to fish with him and we made a big bbq in the evening with all the guest!we had",1030,0.005825242718446602,16,2.3333567516607996,0.013592369427150289,0.01077874895573018
Arugam Bay,Trail,4,0,6,10,neutral,0.764,"Even though I don't know how to surf, I found this place fasinating because it's got very nice beach and it's such a little village so different from those Singhalese culture dominant towns and sightseeing places on the tourist track.",1030,0.009708737864077669,39,1.4423838277709342,0.014003726483212952,0.010698847033174695
Arugam Bay,Toilets,5,0,4,9,positive,0.796,"Rooms were nice, aircon was good but the bathrooms are a bit rubbish but clean enough.",1030,0.008737864077669903,37,1.4950275612563562,0.013063347622628355,0.01039842470761217
Arugam Bay,Wildlife,6,0,6,12,positive,0.787,Lagoon safari tour was full of interesting wildlife.,1030,0.011650485436893204,54,1.1169614273363062,0.013013142842753083,0.010241343417246676
Arugam Bay,Noise level,0,8,0,8,negative,0.765,"It's a very very very laid-back place, even by Sri Lankan standards, and can be quiet (except for the times when the loud speakers from the mosques calling for prayers) and veyr relaxing.",1030,0.007766990291262136,32,1.640209571100854,0.012739491814375564,0.009745711237997307
Arugam Bay,Strong current,2,3,1,6,negative,0.81,The water was super warm and the tide it's great for Surf lovers .,1030,0.005825242718446602,21,2.0614230361771577,0.012008289531129075,0.009726714520214551
Arugam Bay,Bridge,2,0,4,6,neutral,0.773,"The bridge is an excellent vantage point to see the sunset, & at night you can watch prawn fishermen throwing, gathering & emptying their nets.",1030,0.005825242718446602,20,2.1102132003465894,0.012292504079688871,0.009502105653599498
Arugam Bay,Peacefulness,35,2,0,37,positive,0.805,"It's a very very very laid-back place, even by Sri Lankan standards, and can be quiet (except for the times when the loud speakers from the mosques calling for prayers) and veyr relaxing.",1030,0.035922330097087375,129,0.24613306953890854,0.008841673371786034,0.0071175470642877575
Arugam Bay,Scenic view,18,0,9,27,positive,0.783,We had a spacious cabana just off the beach with beautiful views for just Rs.1000 (£5.65) per night.,1030,0.02621359223300971,128,0.25391520998096345,0.006656029776200013,0.00521167131476461
Arugam Bay,Temple,1,0,5,6,neutral,0.757,"surfing is apparently good although when we were there, several surfers were getting sick due to water quality, there are also various temple ruins nearby, of which the story was interesting.",1030,0.005825242718446602,76,0.7752121336142496,0.004515798836587862,0.0034184597192970117
Bahiravokanda Vihara Buddha Statue,Buddha statue,132,10,112,254,positive,0.803,Couldn't get spare time to visit the place actually but had a nice view of Buddha watching the city from Kandy view point,1630,0.1558282208588957,47,1.255797872190522,0.19568874818183593,0.15713806479001427
Bahiravokanda Vihara Buddha Statue,Sculptures,154,12,86,252,positive,0.796,"Incredible view of Kandy during sunset, very neat statue",1630,0.15460122699386503,55,1.0986122886681098,0.16984680781862802,0.13519805902362791
Bahiravokanda Vihara Buddha Statue,Temple,88,7,66,161,positive,0.791,But we walked all the way up so went in (at night) and to be fair the view of Kandy where good but the temple itself wasn't that impressive!,1630,0.09877300613496932,76,0.7752121336142496,0.07657003282938293,0.060566895968041906
Bahiravokanda Vihara Buddha Statue,Stairs,29,16,43,88,neutral,0.779,Unfortunately the stairs all the way to the top weren't open but got some great views of Kandy all the same.,1630,0.053987730061349694,47,1.255797872190522,0.06779767653543924,0.05281439002110717
Bahiravokanda Vihara Buddha Statue,Scenic view,316,5,51,372,positive,0.802,Couldn't get spare time to visit the place actually but had a nice view of Buddha watching the city from Kandy view point,1630,0.2282208588957055,128,0.25391520998096345,0.0579487473085389,0.0464748953414482
Bahiravokanda Vihara Buddha Statue,Viewpoint,20,0,19,39,positive,0.817,Couldn't get spare time to visit the place actually but had a nice view of Buddha watching the city from Kandy view point,1630,0.02392638036809816,29,1.7386496439141066,0.04159959270714734,0.033986867241739376
Bahiravokanda Vihara Buddha Statue,Public transport access,30,14,68,112,neutral,0.797,It is absolutely fabulous.Other than that there isnt much to do up there however the short hike especially in hot weather is mentally purgative :-) So dont take a tuk tuk but walk!,1630,0.0687116564417178,90,0.6061358035703155,0.041648595091948064,0.03319393028828261
Bahiravokanda Vihara Buddha Statue,Entrance fee,17,6,54,77,neutral,0.819,"Impressive Statue up steep hill, expensive admission fee, tranquil location",1630,0.04723926380368098,87,0.6400373552459969,0.030234893468675927,0.024762377750845582
Bahiravokanda Vihara Buddha Statue,Sunset view,14,0,7,21,positive,0.841,"Really great view at sunset, absolutely worth going to if you have a free night in Kandy.",1630,0.012883435582822086,44,1.3217558399823195,0.01702875622063111,0.014321183981550762
Bahiravokanda Vihara Buddha Statue,Weather condition,3,30,0,33,negative,0.76,It is absolutely fabulous.Other than that there isnt much to do up there however the short hike especially in hot weather is mentally purgative :-) So dont take a tuk tuk but walk!,1630,0.020245398773006136,82,0.6992262266363275,0.014156113790796815,0.01075864648100558
Bahiravokanda Vihara Buddha Statue,Peacefulness,75,0,0,75,positive,0.818,Chance to escape from the busy town and see it from peaceful place in other perspective.,1630,0.046012269938650305,129,0.24613306953890854,0.011325141236452847,0.009263965531418429
Bahiravokanda Vihara Buddha Statue,Hindu shrine,4,0,6,10,neutral,0.784,Buddhist shrine with great views over Kandy,1630,0.006134969325153374,39,1.4423838277709342,0.008848980538471989,0.00693760074216204
Bahiravokanda Vihara Buddha Statue,Paintings,6,0,2,8,positive,0.8,"Beautiful structure, beautiful view but there are no text translating the paintings etc so you end up wandering rather than taking in any understanding.",1630,0.0049079754601227,29,1.7386496439141066,0.008533249786081505,0.006826599828865205
Bahiravokanda Vihara Buddha Statue,Value for money,24,10,0,34,positive,0.84,"Really great view at sunset, absolutely worth going to if you have a free night in Kandy.",1630,0.020858895705521473,112,0.38744660260548613,0.00808170827520646,0.0067886349511734265
Bahiravokanda Vihara Buddha Statue,Souvenir stalls,1,1,6,8,neutral,0.765,not good.They charge a huge sum from foreigners as entry fees but we feel it is not worth that much.There is a trustee by the book stall who keeps harping on donationsIt would have been better is more details of the place and significance was displayed outside for visitors.Anyways since the statute is located at a height,1630,0.0049079754601227,49,1.214125175789954,0.005958896568294254,0.004558555874745104
Bahiravokanda Vihara Buddha Statue,Cleanliness,12,12,0,24,positive,0.882,the view from the top is really great.It is quite clean.,1630,0.014723926380368098,117,0.34377153910282454,0.005061666833415822,0.0044643901470727545
Bahiravokanda Vihara Buddha Statue,Crowdedness,9,18,1,28,negative,0.848,Can get busy but worth the visit and the views,1630,0.01717791411042945,122,0.3019244291673241,0.005186431912076734,0.00439809426144107
Bahiravokanda Vihara Buddha Statue,Toilets,1,1,4,6,neutral,0.767,The toilets were without water making a visitor unable to use until they climbed down.,1630,0.0036809815950920245,37,1.4950275612563562,0.005503168937139961,0.00422093057478635
Bahiravokanda Vihara Buddha Statue,Service quality,7,0,2,9,positive,0.791,"However, when we pick up, staff hold our shoes until donation is given, somewhat not very nice way.We don't mind to donate but hate this way, which is no different from blackmailing.",1630,0.005521472392638037,88,0.6286086594223741,0.003470845358773845,0.0027454386787901116
Bahiravokanda Vihara Buddha Statue,Accommodation,2,1,6,9,neutral,0.769,The road up to it is a little steep but in no way a trek and not that long a walk considering we walk from our hotel at the other side of the city.,1630,0.005521472392638037,90,0.6061358035703155,0.003346762105602969,0.0025736600592086833
Bahiravokanda Vihara Buddha Statue,Local guide,2,1,2,5,positive,0.764,"My guide advised if you do want to take a photo with you in the shot, do one of those ""looking over the shoulder back at the camera"" shots.Climb up the statue to be treated to a great view of Kandy.",1630,0.003067484662576687,66,0.9162907318741551,0.0028107077664851383,0.002147380733594646
Bahiravokanda Vihara Buddha Statue,Safety,3,2,0,5,positive,0.84,Just a donation asked for keeping your shoes safe while you walk around inside.,1630,0.003067484662576687,86,0.651598177647073,0.001998767416095316,0.0016789646295200654
Baker's Falls,Waterfall,69,2,32,103,positive,0.798,Keep your hands free to help you grip the branches as you climb up and down to get to the falls.,205,0.5024390243902439,24,1.927891643552635,0.9686479965166898,0.7729811012203185
Baker's Falls,Trail,13,3,17,33,neutral,0.755,The waterfalls are very nice...the climb down to see them requires a somewhat challenging climb up to return to the trail!,205,0.16097560975609757,39,1.4423838277709342,0.23218861617776015,0.17530240521420892
Baker's Falls,Stairs,7,4,6,17,positive,0.786,The falls are worth visiting along the Trek in the Horton National Park But they clerly need to make a better access as the stairs leading down to the falls are so big even for a tall person like me specially when they charge you so much for the entrace fees,205,0.08292682926829269,47,1.255797872190522,0.10413933574262867,0.08185351789370614
Baker's Falls,Mountain,2,0,3,5,neutral,0.756,"Located in Horton's Plains National Park as part of the 9.5km trek that also takes in World's End, Baker's falls offers a contrast in scenery after walking across the drier plains section, where we spotted some sambal deer and lovely mountain scenery.",205,0.024390243902439025,24,1.927891643552635,0.04702174740372281,0.03554844103721444
Baker's Falls,Weather condition,3,10,0,13,negative,0.785,"The road leading to the fall is of a damp road specially if your’ going on a rainy day(which we went), and it best advice to go thier in the morning or afternoon and not in the evening , cause when you return from their if it’s dark you’ll have a difficult time getting",205,0.06341463414634146,82,0.6992262266363275,0.04434117534766955,0.034807822647920594
Baker's Falls,Viewpoint,1,1,3,5,neutral,0.788,Getting down to the view point is a bit difficult.,205,0.024390243902439025,29,1.7386496439141066,0.04240608887595382,0.03341599803425161
Baker's Falls,Forest,1,0,4,5,neutral,0.768,Walking along the designated paths to this beautiful water fall through great fields of maanna type grass passing through small copses of forest with midget style trees and breathing in the cool crispy air makes one thank God that one is alive.I rest my case.,205,0.024390243902439025,51,1.1741198411762548,0.028637069296981826,0.021993269220082042
Baker's Falls,Safety,3,1,1,5,positive,0.796,"Its too dangerous to go to the bottom of the falls, but I have seen some are doing that too.",205,0.024390243902439025,86,0.651598177647073,0.0158926384791969,0.012650540229440734
Baker's Falls,Family friendliness,1,1,3,5,neutral,0.772,Going with children seems difficult.,205,0.024390243902439025,89,0.6173091041684409,0.015056319613864413,0.011623478741903327
Baker's Falls,Value for money,5,2,0,7,positive,0.823,Keep your hands free to help you grip the branches as you climb up and down to get to the falls.,205,0.03414634146341464,112,0.38744660260548613,0.013229883991406845,0.010888194524927832
Baker's Falls,Crowdedness,0,7,0,7,negative,0.846,Waterfall is quite small and when we went the platform was quite crowded.,205,0.03414634146341464,122,0.3019244291673241,0.010309614654493994,0.008721933997701919
Bambarakanda Falls,Waterfall,47,3,38,88,positive,0.786,"i visited this place last year you can get a great view once you go near to the waterfall ,also if you go prepared you can have a cool bath in the base pool.",245,0.35918367346938773,24,1.927891643552635,0.6924672025821709,0.5442792212295863
Bambarakanda Falls,Forest,8,1,9,18,neutral,0.777,Easy one through a lovely Pine forest.,245,0.07346938775510205,51,1.1741198411762548,0.0862618658823371,0.06702546979057593
Bambarakanda Falls,Stairs,3,1,10,14,neutral,0.76,Because of the steps put in place it's not difficult terrain.,245,0.05714285714285714,47,1.255797872190522,0.07175987841088698,0.054537507592274104
Bambarakanda Falls,Toilets,3,0,6,9,neutral,0.773,On the way 2 clean public toilets are available.,245,0.036734693877551024,37,1.4950275612563562,0.05491937980125391,0.04245268058636927
Bambarakanda Falls,Ticket price,8,2,12,22,neutral,0.782,There is a ticket issuing counter at the entrance of the waterfall and nice foot pathway has been made to the base pool of the waterfall.,245,0.08979591836734693,94,0.5626506916305767,0.050523735574990555,0.039509561219642615
Bambarakanda Falls,Parking,2,0,6,8,neutral,0.76,Very nice with easy roadside parking so no costs at all.,245,0.0326530612244898,54,1.1169614273363062,0.03647220987220592,0.027718879502876496
Bambarakanda Falls,Scenic view,24,1,9,34,positive,0.78,"i visited this place last year you can get a great view once you go near to the waterfall ,also if you go prepared you can have a cool bath in the base pool.",245,0.13877551020408163,128,0.25391520998096345,0.03523721281368472,0.027485025994674082
Bambarakanda Falls,Weather condition,1,10,0,11,negative,0.767,"When we visited there hadn't been a lot of rain, so they were not their their best, but still very picturesque.",245,0.044897959183673466,82,0.6992262266363275,0.031393830583671845,0.024079068057676307
Bambarakanda Falls,Safety,3,5,3,11,negative,0.809,Must is be Safe.,245,0.044897959183673466,86,0.651598177647073,0.029255428384154295,0.023667641562780825
Bambarakanda Falls,Entrance fee,3,1,6,10,neutral,0.852,"The highest waterfall in Sri Lanka has an easy access, in our case 30 mins by tuktuk from Haputale.There's no entrance fee and no tourists.",245,0.04081632653061224,87,0.6400373552459969,0.026123973683510077,0.022257625578350586
Bambarakanda Falls,Cleanliness,8,1,0,9,positive,0.876,"fee and it becomes overpopulated with tourists!(++) very few tourists at the moment if writing this review(++) cool, refreshing, clean water for bath(++) still unspoilt and picture perfect(++) 20 minutes walk, not tiringAdvise: drive up the main road another kilometer (maybe less) and stop by Bambarakanda Rest.",245,0.036734693877551024,117,0.34377153910282454,0.012628342252756821,0.011062427813414976
Bambarakanda Falls,Value for money,3,2,0,5,positive,0.84,The entry charge is SLR 125 per person - with no receipt - probably another Sri Lankan rip off for foreigners .,245,0.02040816326530612,112,0.38744660260548613,0.007907073522560941,0.00664194175895119
Bambarakanda Falls,Crowdedness,1,5,0,6,negative,0.887,"It is not a very crowded place, so you can stay for a long without rushing!",245,0.024489795918367346,122,0.3019244291673241,0.007394067653077325,0.006558538008279587
Batticaloa Fort,Lagoon,13,0,6,19,positive,0.792,there are apparently to convert it to tourism given that Sri Lanka has enjoyed peace since 2009.The outer wall has a lovely section fronting the lagoon that would look great if incorporated into an exclusive hotel.The soldiers gave our Australian group permission to enter.,154,0.12337662337662338,11,2.70805020110221,0.33411008974637657,0.26461519107913023
Batticaloa Fort,Local guide,14,0,16,30,neutral,0.753,Ignatius really good tour guide.,154,0.19480519480519481,66,0.9162907318741551,0.17849819452093932,0.1344091404742673
Batticaloa Fort,Guided tours,6,0,5,11,positive,0.824,Ignatius really good tour guide.,154,0.07142857142857142,36,1.5224265354444706,0.1087447525317479,0.08960567608616025
Batticaloa Fort,Colonial architecture,2,0,6,8,neutral,0.755,We visited Batticaloa fort during our tour.It was a very colonial semi-mega structure which attracted our minds.Tour guide Mr Ghanaseelan was very enthusiastic and helpful.It is one of hallmark in Batticaloa and your time is not wasted if you are interested about how the history evolves.Ranga - From Australia,154,0.05194805194805195,24,1.927891643552635,0.10015021524948754,0.07561341251336309
Batticaloa Fort,Bridge,3,0,4,7,neutral,0.766,"Once you climbed, you can go all around and there are few places with nice view or lagoon and kalladhy bridge.",154,0.045454545454545456,20,2.1102132003465894,0.09591878183393589,0.07347378688479489
Batticaloa Fort,Scenic view,28,0,8,36,positive,0.793,"Nice scenery, not much informative",154,0.23376623376623376,128,0.25391520998096345,0.059356802333212236,0.047069944250237306
Batticaloa Fort,Stairs,2,1,4,7,neutral,0.766,There are 2 entrance to the fort (The main gate and small one from side) and once you inside its difficult to find the stairs to access the upper part of the port.,154,0.045454545454545456,47,1.255797872190522,0.05708172146320555,0.04372459864081545
Batticaloa Fort,Heritage site,2,0,3,5,neutral,0.788,being provided.Its worth a look but as others state its current use for local government offices doesnt sit well with the tourism/heritage use and the building is definately in need of some sympathetic restoration/maintenance in places.Contact the tourist officer via whatsapp and they will be sure to make your visit an,154,0.032467532467532464,30,1.7047480922384253,0.0553489640337151,0.0436149836585675
Batticaloa Fort,Beach,3,0,5,8,neutral,0.778,Another east coast disappointment.you want to vist a nice fort go to Galle avoid east coast.thank god it was free as to pay to visit anything here is a joke.,154,0.05194805194805195,64,0.9470623905409088,0.04919804626186539,0.03827607999173128
Batticaloa Fort,Cleanliness,7,6,0,13,positive,0.88,"It would be a good idea for the local people to clean the place up, because it does have some touristic potential.",154,0.08441558441558442,117,0.34377153910282454,0.029019675378809864,0.02553731433335268
Batticaloa Fort,Family friendliness,4,0,1,5,positive,0.812,"Good for children and adults from the learning point of view, great.",154,0.032467532467532464,89,0.6173091041684409,0.020042503382092233,0.016274512746258893
Batticaloa Fort,Value for money,5,0,0,5,positive,0.824,"always nice to walk along the ramparts of an old fort, plus it´s free!",154,0.032467532467532464,112,0.38744660260548613,0.01257943514952877,0.010365454563211706
Beddegana Wetland Park,Trail,6,0,5,11,positive,0.765,"see.You have to park your vehicle bit far and have to walk 150m to enter the park.Local entrance is Rs 100 per one.There are wooden trails to walk on.One goes through inside the bit forest and can reach to Diyawanna lake.You can enjoy sunset,lake,huge building tops and also take photographs of bats flying.When you finished",43,0.2558139534883721,39,1.4423838277709342,0.3689819094297739,0.282271160713777
Beddegana Wetland Park,Peacefulness,17,0,0,17,positive,0.786,Unbelievably Peaceful and Beautiful.,43,0.3953488372093023,129,0.24613306953890854,0.09730842284096383,0.07648442035299757
Beddegana Wetland Park,Service quality,4,0,1,5,positive,0.788,There are helpful boards at intervals with pictures and names of the fauna you might spot.,43,0.11627906976744186,88,0.6286086594223741,0.07309403016539233,0.05759809577032916
Beddegana Wetland Park,Cleanliness,4,1,0,5,positive,0.864,It's very well maintained and there were ample places to keep you interested (if you're really into nature).,43,0.11627906976744186,117,0.34377153910282454,0.0399734347793982,0.03453704764940004
Beddegana Wetland Park,Scenic view,3,0,2,5,positive,0.764,This park is absolutely peaceful and has amazing trails with magnificent views.,43,0.11627906976744186,128,0.25391520998096345,0.0295250244163911,0.0225571186541228
Bentota Beach,Beach,455,21,83,559,positive,0.819,"Lovely long beach, nice sand, not crowded just be careful of the undertow in the water.",2373,0.23556679308891698,64,0.9470623905409088,0.22309645019484534,0.1827159927095783
Bentota Beach,Sea,99,21,56,176,positive,0.752,"Soft sand almost like powder with the waves creating lots of fun in the sea , bentota beach is a hidden gem and only a short walk from where we stayed (aayu’s guest house and very quiet not your usual crowds , early December for a bit of quiet paradise , jan : feb for a busier time :::::perfect :::::",2373,0.0741677201854193,7,3.1600353248452673,0.23437261574916435,0.1762482070433716
Bentota Beach,Sandy beach,134,7,48,189,positive,0.771,"Lovely long beach, nice sand, not crowded just be careful of the undertow in the water.",2373,0.07964601769911504,15,2.3978952727983707,0.19098280933792333,0.14724774599953888
Bentota Beach,Waves,69,14,60,143,positive,0.769,"Soft sand almost like powder with the waves creating lots of fun in the sea , bentota beach is a hidden gem and only a short walk from where we stayed (aayu’s guest house and very quiet not your usual crowds , early December for a bit of quiet paradise , jan : feb for a busier time :::::perfect :::::",2373,0.06026127265065318,20,2.1102132003465894,0.12716413301709326,0.09778921829014471
Bentota Beach,Sunset view,54,0,24,78,positive,0.848,We really enjoyed the sunset on the beach.,2373,0.03286978508217446,44,1.3217558399823195,0.043445830391327815,0.03684206417184599
Bentota Beach,Strong current,13,21,17,51,negative,0.784,For bathing it is nice but a bit of care needs to be taken due to the current.,2373,0.021491782553729456,21,2.0614230361771577,0.04430365564476824,0.034734066025498306
Bentota Beach,Accommodation,76,11,77,164,neutral,0.788,also we visited the fish farmers which used in foot massage .We tried feet massage it was very nice and strange experience but really we enjoyed it alot.The hotel we stayed in was amazing and we enjoyed all the time of staying in the hotel was cinnamon pey hotel.,2373,0.06911083017277707,90,0.6061358035703155,0.04189054858218783,0.03300975228276401
Bentota Beach,Cleanliness,229,23,0,252,positive,0.879,"Very nice, quiet and clean beach to stay at.No bars on the beach, only a few restaurants.A little tip: follow the colorful flags on the beach to find the most helpful staff of Wunderbar hotell.",2373,0.10619469026548672,117,0.34377153910282454,0.03650671211711411,0.0320893999509433
Bentota Beach,Restaurants,24,2,31,57,neutral,0.78,"Very nice, quiet and clean beach to stay at.No bars on the beach, only a few restaurants.A little tip: follow the colorful flags on the beach to find the most helpful staff of Wunderbar hotell.",2373,0.02402022756005057,49,1.214125175789954,0.029163563008861096,0.022747579146911657
Bentota Beach,Rock formation,14,2,13,29,positive,0.75,There's a small rock lined enclosure which is safe for swimming.,2373,0.012220817530552043,20,2.1102132003465894,0.02578853047199793,0.019341397853998448
Bentota Beach,Water depth,11,1,9,21,positive,0.769,Superb fine sandy beach with shallow waters extending to more than 50 meters into the sea.Beach was tidy and everyone was very friendly.Teens had great fun in the waterSunset was exceptional,2373,0.008849557522123894,13,2.540996116439044,0.022486691295920742,0.01729226560656305
Bentota Beach,River,8,1,22,31,neutral,0.769,We had chosen a guest house on the River Edge but were provided with a free trip over to the beach by boat.,2373,0.013063632532659082,33,1.6094379124341003,0.021025105472169032,0.016168306108097986
Bentota Beach,Family friendliness,38,1,25,64,positive,0.773,Absolute beautiful clean beach and really enjoyed with our young children.,2373,0.0269700800674252,89,0.6173091041684409,0.016648875965773375,0.012869581121542819
Bentota Beach,Safety,35,20,2,57,positive,0.811,The waves were high...Am not sure if it's safe for swimming.,2373,0.02402022756005057,86,0.651598177647073,0.015651536504796948,0.012693396105390326
Bentota Beach,Cafes,8,1,7,16,positive,0.761,There were no cafes or loungers on the majority of the beach and I found it very hot with little shade.,2373,0.0067425200168563,15,2.3978952727983707,0.016167856875168113,0.012303739082002933
Bentota Beach,Water clarity,10,1,0,11,positive,0.916,Had a wonderful time getting in and out of the crystal clear water.,2373,0.004635482511588706,13,2.540996116439044,0.011778743059768008,0.010789328642747495
Bentota Beach,Turtles,4,0,8,12,neutral,0.773,"The perfect place to relax, elephants , turtles, beautiful beach.",2373,0.0050568900126422255,16,2.3333567516607996,0.011799528453404803,0.009121035494481913
Bentota Beach,Weather condition,12,25,3,40,negative,0.773,Bentota is one of the tourist 'hot spots' on the island and one of the reasons for this is the large expanses of golden beach .,2373,0.01685630004214075,82,0.6992262266363275,0.011786367073515845,0.009110861747827749
Bentota Beach,Peacefulness,108,0,0,108,positive,0.813,"Tranquil, great place for a walk every day.",2373,0.045512010113780026,129,0.24613306953890854,0.011202010750190528,0.009107234739904898
Bentota Beach,Souvenir stalls,10,1,8,19,positive,0.794,Having said that we had great fun jumping the waves and using body boards to surf to the shore.A few friendly hawkers around but if you say no thank you to them they leave you alone.,2373,0.008006742520016857,49,1.214125175789954,0.009721187669620365,0.00771862300967857
Bentota Beach,Crowdedness,25,42,2,69,negative,0.853,"Lovely long beach, nice sand, not crowded just be careful of the undertow in the water.",2373,0.029077117572692796,122,0.3019244291673241,0.00877909212496644,0.007488565582596374
Bentota Beach,Service quality,27,0,6,33,positive,0.811,"Very nice, quiet and clean beach to stay at.No bars on the beach, only a few restaurants.A little tip: follow the colorful flags on the beach to find the most helpful staff of Wunderbar hotell.",2373,0.01390644753476612,88,0.6286086594223741,0.008741713342156909,0.007089529520489253
Bentota Beach,Shops,4,0,3,7,positive,0.764,We met Lucky (beach boy)who was very friendly but was selling overly inflated trips...be-aware!!Also there were 2 local men who showed several of us how to get to shops/restaurants...,2373,0.0029498525073746312,10,2.803360380906535,0.008269499648691843,0.006317897731600568
Bentota Beach,Scenic view,48,1,19,68,positive,0.798,Nice View But Mirka Beach,2373,0.028655710071639275,128,0.25391520998096345,0.007276120639993896,0.00580634427071513
Bentota Beach,Ticket price,10,3,19,32,neutral,0.765,Excellent trip to Bentota beach.Spent half hour on paragliding 70 usd for 25 minutes.Took us over our hotel Pandanus beach resort where we took lovely photos from around 700 feet.,2373,0.0134850400337126,94,0.5626506916305767,0.0075873671016344095,0.0058043358327503234
Bentota Beach,Lagoon,1,2,2,5,negative,0.792,the sea can be rough but if you search there are little coves that are relatively guarded.The northern area with the lagoon is very shallow and you can walk out quite a distance without any trouble but you still have to be careful of waves and currents dependant on time of year.One of the better and quietest,2373,0.002107037505267594,11,2.70805020110221,0.0057059633398698064,0.004519122965176887
Bentota Beach,Sunrise view,2,0,4,6,neutral,0.813,"It is clean, water in warm but lacks atmosphere.Great to walk along on sunrise and sunset",2373,0.0025284450063211127,21,2.0614230361771577,0.005212194781737441,0.004237514357552539
Bentota Beach,Local guide,5,0,7,12,neutral,0.756,the most beautiful beach in the world and i relaxed my mind and soul...A minute with a nature and we spent lovely time by having beer and BBQ..Well cleaned and safe places to stay at reasonable cost and pearl's home sri lanka is here to help you and guide you,2373,0.0050568900126422255,66,0.9162907318741551,0.00463358145069105,0.0035029875767224336
Bentota Beach,Accessibility,6,0,0,6,positive,0.88,it's a nice and clean beah and easily accessible from the main road else a tuk-tuk can be taken.,2373,0.0025284450063211127,36,1.5224265354444706,0.003849371771035324,0.003387447158511085
Bentota Beach,Public transport access,6,0,10,16,neutral,0.798,it's a nice and clean beah and easily accessible from the main road else a tuk-tuk can be taken.,2373,0.0067425200168563,90,0.6061358035703155,0.004086882788506131,0.0032613324652278927
Bentota Beach,Value for money,11,10,0,21,positive,0.832,"On of the best beaches in sri lanka,enjoyed a lot.prices are a bit expensive but still worth of enjoying.",2373,0.008849557522123894,112,0.38744660260548613,0.0034287309965087267,0.0028527041890952605
Bentota Beach,Temple,5,0,6,11,neutral,0.778,There's also a path up to a sweet Buddhist temple at the top of the rocks with great views (remove shoes at top of climb).,2373,0.004635482511588706,76,0.7752121336142496,0.003593482288140221,0.0027957292201730923
Bentota Beach,Noise level,0,5,0,5,negative,0.792,The negative aspects are that this area of Sri Lanka is exceedingly busy with tourists and the beaches are lively and can be noisy at night; also they are not the cleanest beaches in the country.,2373,0.002107037505267594,32,1.640209571100854,0.003455983082808373,0.0027371386015842317
Bentota Beach,Trail,3,0,2,5,positive,0.768,Very very clean beach but be ware of the railway track you would cross through.,2373,0.002107037505267594,39,1.4423838277709342,0.0030391568221047917,0.00233407243937648
Bogoda Wooden Bridge,Bridge,12,2,23,37,neutral,0.771,The bridge looks great when the stream beneath it is brim with water flowing fast and furious!,88,0.42045454545454547,20,2.1102132003465894,0.887248731963907,0.6840687723441723
Bogoda Wooden Bridge,Cave temple,1,0,6,7,neutral,0.794,"Amazing wooden bridge and cave temple, which were well worth the long scooter ride to get there.",88,0.07954545454545454,8,3.0265039322207445,0.24074463097210466,0.1911512369918511
Bogoda Wooden Bridge,Temple,11,1,14,26,neutral,0.772,Well worth exploring the Bogod temple just beside the bridge and it is older than the bridge dating back to 1 st century BC.,88,0.29545454545454547,76,0.7752121336142496,0.22903994856784649,0.1768188402943775
Bogoda Wooden Bridge,River,4,0,3,7,positive,0.786,Had some very nice scenary along on both sides of the river.,88,0.07954545454545454,33,1.6094379124341003,0.12802347030725797,0.10062644766150476
Bogoda Wooden Bridge,Stairs,1,0,4,5,neutral,0.752,We should walk about 50 steps to reach the bogoda temple.you can even spend the night in the vishrama hall (a place you can rest with all the needed facilities)the bogoda temple is a very ancient temple build by king,88,0.056818181818181816,47,1.255797872190522,0.07135215182900694,0.053656818175413214
Bogoda Wooden Bridge,Public transport access,0,1,5,6,neutral,0.75,"This time not so bad,but had to get a tuk tuk for the last 3kms.",88,0.06818181818181818,90,0.6061358035703155,0.04132744115252151,0.03099558086439113
Bopath Ella (Bopath Falls),Waterfall,15,3,9,27,positive,0.796,great falls,86,0.313953488372093,24,1.927891643552635,0.6052683066967575,0.48179357213061896
Bopath Ella (Bopath Falls),Rock formation,2,5,2,9,negative,0.8,There are nice rocks that you can get attractive photographs Recommend for everyone,86,0.10465116279069768,20,2.1102132003465894,0.22083626515255006,0.17666901212204006
Bopath Ella (Bopath Falls),River,3,1,4,8,neutral,0.78,"lovely cascade of water starting from a small stream and ending up in large cascades, easy access to the falls",86,0.09302325581395349,33,1.6094379124341003,0.14971515464503257,0.11677782062312542
Bopath Ella (Bopath Falls),Weather condition,0,9,0,9,negative,0.773,Even when no rain in the area suddenly water levels of the falls gets higher due to rains in over lands.,86,0.10465116279069768,82,0.6992262266363275,0.07317483767124358,0.05656414951987129
Bopath Ella (Bopath Falls),Safety,3,5,0,8,negative,0.84,Some one told us that it is dangerous some places in Bopath ella.,86,0.09302325581395349,86,0.651598177647073,0.06061378396716958,0.05091557853242244
Bopath Ella (Bopath Falls),Ticket price,2,1,4,7,neutral,0.754,You have to Pay LKR 100 to enter but its fully worth it.,86,0.08139534883720931,94,0.5626506916305767,0.045797149318767875,0.034531050586350975
Bopath Ella (Bopath Falls),Family friendliness,4,1,0,5,positive,0.792,"Best time to visit will be in the morning when locals will have less access and great for family, friends and team outings.",86,0.05813953488372093,89,0.6173091041684409,0.03589006419583959,0.028424930843104955
Bopath Ella (Bopath Falls),Scenic view,5,0,3,8,positive,0.759,Great view is guaranteed!,86,0.09302325581395349,128,0.25391520998096345,0.02362001953311288,0.017927594825632675
Bopath Ella (Bopath Falls),Cleanliness,2,3,0,5,negative,0.88,The fall itself is very beautiful but a lot of rubbish and garbage is laying around.,86,0.05813953488372093,117,0.34377153910282454,0.0199867173896991,0.017588311302935207
Brief Garden - Bevis Bawa,Sculptures,29,1,25,55,positive,0.784,"lovely trees,flowers,well kept lawns,walled gardens.The house is full of old fashoned,colonial charme,nice drawings,statues by Geoffrey and a beautiful murale by Donald Friend,an Australian artist,nice collection of old photographs as well.The manager is gentle and invites you for tea when you visit the house.",792,0.06944444444444445,55,1.0986122886681098,0.07629252004639651,0.05981333571637487
Brief Garden - Bevis Bawa,Local guide,36,5,26,67,positive,0.767,"Interesting visit, excellent English speaking guide",792,0.0845959595959596,66,0.9162907318741551,0.07751449373177828,0.05945361669227394
Brief Garden - Bevis Bawa,Paintings,16,1,15,32,positive,0.777,"Sansoni and Donald Friend,the Australian artist during his five-year stay there in the 1950s are absorbing to explore,The sculptures , paintings, courtyards, open air showers and fountains all made their own quiet statements.One could have lingered more but closing hour beckoned and a cuppatea - which sadly never came - would",792,0.04040404040404041,29,1.7386496439141066,0.07024847046117604,0.05458306154833378
Brief Garden - Bevis Bawa,Trail,18,2,19,39,neutral,0.764,The drive itself is interesting as it takes you off the beaten track.,792,0.04924242424242424,39,1.4423838277709342,0.07102647636750813,0.05426422794477621
Brief Garden - Bevis Bawa,Ticket price,25,16,45,86,neutral,0.766,.One could have lingered more but closing hour beckoned and a cuppatea - which sadly never came - would have befitted the admission ticket and the host.,792,0.10858585858585859,94,0.5626506916305767,0.06109590843463333,0.04679946586092913
Brief Garden - Bevis Bawa,Guided tours,15,2,8,25,positive,0.829,"The house was open the morning we went and the very friendly and knowledgeable caretaker gave us a guided tour, including giving details of the artwork on display.",792,0.03156565656565657,36,1.5224265354444706,0.048056393164282535,0.03983874993319022
Brief Garden - Bevis Bawa,Public transport access,21,6,35,62,neutral,0.803,We were with tuk-tuk was great travel for a day.,792,0.07828282828282829,90,0.6061358035703155,0.04745002502696914,0.03810237009665622
Brief Garden - Bevis Bawa,Entrance fee,13,13,26,52,neutral,0.841,briefs)with its ivy covered walls and cement sculptures standing guard over the iron gate was startling.Another shock was the steep entrance fees - Rs 1000SLK per head - which was collected at the door after which we were sheperded into the gardens to find our way about while an earlier Sunday meeting of a local association,792,0.06565656565656566,87,0.6400373552459969,0.04202265463736344,0.03534105255002265
Brief Garden - Bevis Bawa,Forest,15,0,12,27,positive,0.785,"However, the walk around the gardens (mainly jungle plants rather than flowers) and the tour of the house are great.",792,0.03409090909090909,51,1.1741198411762548,0.04002681276737232,0.03142104802238727
Brief Garden - Bevis Bawa,Signage,1,3,9,13,neutral,0.752,It's not easy to find Brief Garden as the signs have disappeared recently so suggest that you take a tuk-tuk.,792,0.016414141414141416,16,2.3333567516607996,0.038300047691402016,0.028801635863934315
Brief Garden - Bevis Bawa,Birds,10,0,10,20,positive,0.754,Wonderfully quiet but for the bird sounds finished off by a tea and biscuit at the house all of which you can do at tour pace.,792,0.025252525252525252,40,1.4170660197866443,0.03578449544915768,0.026981509568664894
Brief Garden - Bevis Bawa,Colonial architecture,7,0,6,13,positive,0.782,"lovely trees,flowers,well kept lawns,walled gardens.The house is full of old fashoned,colonial charme,nice drawings,statues by Geoffrey and a beautiful murale by Donald Friend,an Australian artist,nice collection of old photographs as well.The manager is gentle and invites you",792,0.016414141414141416,24,1.927891643552635,0.03164468606841447,0.024746144505500115
Brief Garden - Bevis Bawa,Family friendliness,15,5,10,30,positive,0.784,"The wonderful hospitality of the current owners, the de Silva family, who have enjoyed a long connection to Brief dating back to the Bawa era, the extraordinary beauty and layoutvof the gardens and the tranquility of the setting made Brief the most memorable experience of our Sri Lankan trip.",792,0.03787878787878788,89,0.6173091041684409,0.023382920612440943,0.0183322097601537
Brief Garden - Bevis Bawa,Strong current,4,0,5,9,neutral,0.771,"The wonderful hospitality of the current owners, the de Silva family, who have enjoyed a long connection to Brief dating back to the Bawa era, the extraordinary beauty and layoutvof the gardens and the tranquility of the setting made Brief the most memorable experience of our Sri Lankan trip.",792,0.011363636363636364,21,2.0614230361771577,0.02342526177474043,0.018060876828324874
Brief Garden - Bevis Bawa,Service quality,14,7,6,27,positive,0.781,"However, whilst you can appreciate it for what it is, I felt a few notes on the garden’s history and how Bevis set about creating it would have been helpful.",792,0.03409090909090909,88,0.6286086594223741,0.021429840662126387,0.016736705557120708
Brief Garden - Bevis Bawa,Peacefulness,60,0,0,60,positive,0.81,Serene,792,0.07575757575757576,129,0.24613306953890854,0.018646444662038526,0.015103620176251208
Brief Garden - Bevis Bawa,Scenic view,35,1,16,52,positive,0.808,beautiful gardens and scenery,792,0.06565656565656566,128,0.25391520998096345,0.016671200655315785,0.013470330129495155
Brief Garden - Bevis Bawa,Murals,3,0,2,5,positive,0.784,"fascinating old photographs and some important artworks - most particularly a wonderful (albeit somewhat time ravaged) mural by the Australian artist Donald Friend,",792,0.006313131313131313,11,2.70805020110221,0.01709627652210991,0.013403480793334172
Brief Garden - Bevis Bawa,Stairs,5,0,6,11,neutral,0.756,"A most lovely garden to wonder through, with small garden rooms, rambling walks and lovely steps through the centre of the garden.Different to Lunaganga, which is more architectural in design.The present owner of the garden was a genial and knowledgeable host, and afternoon teas were",792,0.013888888888888888,47,1.255797872190522,0.01744163711375725,0.01318587765800048
Brief Garden - Bevis Bawa,Value for money,13,18,0,31,negative,0.853,We were free to roam at our leisure and spent nearly 3 hours exploring the gardens and house.,792,0.039141414141414144,112,0.38744660260548613,0.015165207930265242,0.012935922364516251
Brief Garden - Bevis Bawa,Beach,3,0,10,13,neutral,0.757,Definitely worth leaving the beach for a couple of hours to visit this hidden gem.,792,0.016414141414141416,64,0.9470623905409088,0.015545216006353302,0.01176772851680945
Brief Garden - Bevis Bawa,Accommodation,7,1,8,16,neutral,0.775,"We were taken by tuk tuk from our hotel by a driver who obviously knew his way, but I could easily see why it might be difficult to find - as other reviewers have stated.",792,0.020202020202020204,90,0.6061358035703155,0.012245167748895263,0.009490005005393829
Brief Garden - Bevis Bawa,Weather condition,1,11,2,14,negative,0.757,It was pouring hard with rain which simply added to the atmosphere.,792,0.017676767676767676,82,0.6992262266363275,0.012360059561753263,0.009356565088247221
Brief Garden - Bevis Bawa,Museum,3,0,2,5,positive,0.784,And the park's manager deserves special mention for his intelligent tour through the park and museum with respect and devotion to the beautiful place and its great creator.,792,0.006313131313131313,36,1.5224265354444706,0.009611278632856506,0.007535242448159501
Brief Garden - Bevis Bawa,Cleanliness,12,0,0,12,positive,0.883,"Very well maintained and the guide was very informative with his knowledge, cheap entrance fee though people would find this hard to find if they didnt know the area, would visit again with a better camera as fantastic photo opportunities are there.",792,0.015151515151515152,117,0.34377153910282454,0.005208659683376129,0.0045992465004211225
Brief Garden - Bevis Bawa,Safety,1,5,0,6,negative,0.833,entrance to Brief ( named after the association with lawyers holding briefs)with its ivy covered walls and cement sculptures standing guard over the iron gate was startling.Another shock was the steep entrance fees - Rs 1000SLK per head - which was collected at the door after which we were sheperded into the gardens to find,792,0.007575757575757576,86,0.651598177647073,0.004936349830659644,0.004111979408939483
Brief Garden - Bevis Bawa,Crowdedness,3,6,1,10,negative,0.818,Crowds of visitors would overwhelm it and destroy the atmosphere.,792,0.012626262626262626,122,0.3019244291673241,0.0038121771359510615,0.0031183608972079682
Buduruwagala Temple,Sculptures,46,2,32,80,positive,0.79,Nice Buddha statues carved into a giant rock,320,0.25,55,1.0986122886681098,0.27465307216702745,0.2169759270119517
Buduruwagala Temple,Buddha statue,16,1,25,42,neutral,0.792,Nice Buddha statues carved into a giant rock,320,0.13125,47,1.255797872190522,0.16482347072500603,0.1305401888142048
Buduruwagala Temple,Temple,29,1,16,46,positive,0.79,The temple assistants are very helpful & accept donations.,320,0.14375,76,0.7752121336142496,0.11143674420704837,0.08803502792356821
Buduruwagala Temple,Trail,7,1,5,13,positive,0.768,"Amazing little spot off the obvious track (thankfully our driver took us, most local tuktuk drivers also know where it is).",320,0.040625,39,1.4423838277709342,0.058596843003194204,0.04500237542645315
Buduruwagala Temple,Birds,5,1,4,10,positive,0.752,"Access to the site is by a long unmade road - the journey is well worth it as the scenery, flora, birds and the wildlife in the ponds around the area are as much an attraction as the temple itselfI thought the rock carvings have survived in remarkable condition bearing in mind their ageDefinitely",320,0.03125,40,1.4170660197866443,0.04428331311833263,0.03330105146498614
Buduruwagala Temple,Peacefulness,49,0,0,49,positive,0.818,"Peaceful, overlooked gem",320,0.153125,129,0.24613306953890854,0.03768912627314537,0.03082970529143291
Buduruwagala Temple,Forest,4,1,4,9,positive,0.782,Incredibly spiritual and peaceful surrounded by jungle where apparently there are more ancient sites but are not accessible.,320,0.028125,51,1.1741198411762548,0.033022120533082164,0.025823298256870252
Buduruwagala Temple,Local guide,5,1,5,11,positive,0.761,Our driver recommended this and it is fantastic.The guide at the entrance is very well knowing and very proud of this historic site - which is to understand.,320,0.034375,66,0.9162907318741551,0.031497493908174086,0.02396959286412048
Buduruwagala Temple,Wildlife,6,0,1,7,positive,0.797,To reach the site you drive thru paddy fields and some lakes with interesting wildlife.,320,0.021875,54,1.1169614273363062,0.024433531222981697,0.019473524384716414
Buduruwagala Temple,Stairs,2,0,3,5,neutral,0.756,"There isn't much apart from the huge sculptures and the stairs leading to them, but it is very impressive.This is supposed to be the second oldest temple in Sri Lanka, dating back to the 10th century, but it is still used by worshippers, therefore",320,0.015625,47,1.255797872190522,0.019621841752976907,0.014834112365250542
Buduruwagala Temple,Parking,1,1,3,5,neutral,0.788,Easy walk from the parking to the actual Temple site.,320,0.015625,54,1.1169614273363062,0.017452522302129785,0.013752587574078271
Buduruwagala Temple,Entrance fee,0,0,8,8,neutral,0.82,We paid 354 rupees ($2.00) entry fee.,320,0.025,87,0.6400373552459969,0.016000933881149922,0.013120765782542936
Buduruwagala Temple,Weather condition,0,6,0,6,negative,0.773,The narrow road that leads up there from the main road may be difficult to motor during rainy seasons (my experience was a few months back; may be the road is in better shape now).The main attraction of the site are the Buddha statues carved into a solid rock.,320,0.01875,82,0.6992262266363275,0.01311049174943114,0.010134410122310271
Buduruwagala Temple,Scenic view,11,0,3,14,positive,0.802,We are all alone in a fantastic scenery with white butterflies and a nice walk to this temple.,320,0.04375,128,0.25391520998096345,0.01110879043666715,0.008909249930207055
Buduruwagala Temple,Public transport access,2,1,3,6,neutral,0.75,"Amazing little spot off the obvious track (thankfully our driver took us, most local tuktuk drivers also know where it is).",320,0.01875,90,0.6061358035703155,0.011365046316943414,0.008523784737707561
Buduruwagala Temple,Crowdedness,4,5,0,9,negative,0.84,The exact interpretation of them is not fully understood but some are believed to be of future Buddhas.In any event they are simply beautiful and in such a peaceful setting far different in atmosphere to the more famous and busy sites elsewhere.,320,0.028125,122,0.3019244291673241,0.00849162457033099,0.007132964639078032
Casuarina Beach,Beach,125,21,29,175,positive,0.812,Best public beach in Jaffna lined with Casa trees..clean beach but lot of local crowds..worth making a short stop,576,0.3038194444444444,64,0.9470623905409088,0.28773596934836637,0.2336416071108735
Casuarina Beach,Water depth,18,4,13,35,positive,0.77,"We really enjoyed Casurina Beach as the water was lovely and warm and shallow and there were no big strong waves, making it perfect for swimming and ball games.",576,0.06076388888888889,13,2.540996116439044,0.15440080568640024,0.1188886203785282
Casuarina Beach,Changing rooms,2,1,7,10,neutral,0.806,"The casurina beach was recommended by an old friend , so decided to make a trek , felt it was well worth the trip , awesome beach , need to have more option for showers and changing rooms",576,0.017361111111111112,3,4.007333185232471,0.06957175668806374,0.05607483589057938
Casuarina Beach,Toilets,7,5,13,25,neutral,0.782,wash rooms and toilet facilities are excellent.,576,0.043402777777777776,37,1.4950275612563562,0.06488834901286268,0.05074268892805862
Casuarina Beach,Waves,12,0,4,16,positive,0.79,It was a very clear stretch of beach with hardly any waves.,576,0.027777777777777776,20,2.1102132003465894,0.05861703334296081,0.046307456340939045
Casuarina Beach,Cleanliness,50,32,0,82,positive,0.876,Best public beach in Jaffna lined with Casa trees..clean beach but lot of local crowds..worth making a short stop,576,0.1423611111111111,117,0.34377153910282454,0.04893969827505488,0.04287117568894808
Casuarina Beach,Family friendliness,22,0,13,35,positive,0.769,it is very safe for children and adults who cant swim!,576,0.06076388888888889,89,0.6173091041684409,0.037510101815790675,0.02884526829634303
Casuarina Beach,Safety,22,2,2,26,positive,0.795,a clean and safe beach located about 15 km from jaffna city center this offers travellers a place to relax and watch the sunset and have a dip in the warm jaffna sea.,576,0.04513888888888889,86,0.651598177647073,0.02941241774101371,0.0233828721041059
Casuarina Beach,Coral reef,1,0,5,6,neutral,0.75,Looks a pleasant beach with calm shallow water and not much coral.,576,0.010416666666666666,9,2.908720896564361,0.03029917600587876,0.02272438200440907
Casuarina Beach,Entrance fee,6,0,18,24,neutral,0.812,You have to pay fee of 100 to get inside but more than worth it.,576,0.041666666666666664,87,0.6400373552459969,0.02666822313524987,0.021654597185822896
Casuarina Beach,Sunset view,6,1,4,11,positive,0.833,a clean and safe beach located about 15 km from jaffna city center this offers travellers a place to relax and watch the sunset and have a dip in the warm jaffna sea.,576,0.019097222222222224,44,1.3217558399823195,0.025241864999662352,0.02102647354471874
Casuarina Beach,Restaurants,3,2,7,12,neutral,0.775,Very good restaurants with eastern & western food.,576,0.020833333333333332,49,1.214125175789954,0.02529427449562404,0.019603062734108632
Casuarina Beach,Crowdedness,5,22,4,31,negative,0.863,Best public beach in Jaffna lined with Casa trees..clean beach but lot of local crowds..worth making a short stop,576,0.05381944444444445,122,0.3019244291673241,0.0162494050419914,0.014023236551238579
Casuarina Beach,Peacefulness,42,0,0,42,positive,0.766,anybody who loves to have a quiet and relaxing sea bath could enjoy this beach.,576,0.07291666666666667,129,0.24613306953890854,0.017947202987212082,0.013747557488204455
Casuarina Beach,Public transport access,4,3,10,17,neutral,0.751,Hardly could call it attractive don't waste your time I went on the bus and walked was very disappointed,576,0.029513888888888888,90,0.6061358035703155,0.01788942475815167,0.013434957993371905
Casuarina Beach,Parking,5,0,3,8,positive,0.792,enough parking too.the sea however is very very calm with hardly any waves.,576,0.013888888888888888,54,1.1169614273363062,0.015513353157448697,0.01228657570069937
Casuarina Beach,Souvenir stalls,2,0,5,7,neutral,0.763,You will find local vendors selling ice creams and local tourists having a great time .,576,0.012152777777777778,49,1.214125175789954,0.014754993455780692,0.011258060006760669
Casuarina Beach,Accommodation,2,0,3,5,neutral,0.772,no major hotels around but beautiful beach.,576,0.008680555555555556,90,0.6061358035703155,0.005261595517103433,0.00406195173920385
Casuarina Beach,Scenic view,5,0,4,9,positive,0.769,Breathtaking view!,576,0.015625,128,0.25391520998096345,0.003967425155952554,0.003050949944927514
Ceylon Tea Museum,Museum,135,19,97,251,positive,0.787,"I recommend better to visit the Tea Museum, a real museum with all the Victorian machinery, in an original building.",1120,0.22410714285714287,36,1.5224265354444706,0.34118666106835904,0.2685139022607986
Ceylon Tea Museum,Local guide,81,9,56,146,positive,0.771,"Our guide was fantastic though, very friendly and knowledgeable, wish we could have paid her instead of the museum",1120,0.13035714285714287,66,0.9162907318741551,0.11944504183359522,0.09209212725370192
Ceylon Tea Museum,Tea plantation,21,2,31,54,neutral,0.817,Not for the faint hearted but well worth it to see the tea plantations and workers picking leaves!,1120,0.048214285714285716,16,2.3333567516607996,0.11250112909793142,0.09191342247300996
Ceylon Tea Museum,Mountain,25,3,23,51,positive,0.756,The tea museum was very interesting - it was a lovely view looking at the tea pickers and the fields - however the journey was quite hairy and long (hairpin bends up and down the mountain for a number of hours),1120,0.045535714285714284,24,1.927891643552635,0.08778792305462892,0.06636766982929947
Ceylon Tea Museum,Guided tours,34,1,19,54,positive,0.833,"Very quiet when we visited, but the tour guide was excellent guiding us round the various exhibits.",1120,0.048214285714285716,36,1.5224265354444706,0.07340270795892984,0.06114445572978855
Ceylon Tea Museum,Ticket price,45,13,38,96,positive,0.79,"Lovely museum, knowledgable staff, reasonable entrance 500 rs with a cup of tea included.restored and kept beautifully.get a tuk tuk drive up",1120,0.08571428571428572,94,0.5626506916305767,0.04822720213976372,0.03809948969041334
Ceylon Tea Museum,Value for money,86,31,0,117,positive,0.828,"There are a lot of tourist ""tea factories"" in Kandy and nearby regions, those are only to give quick explanations, and sell very expensive tea.",1120,0.10446428571428572,112,0.38744660260548613,0.040474332593608824,0.033512747387508104
Ceylon Tea Museum,Service quality,44,6,12,62,positive,0.803,"Lovely museum, knowledgable staff, reasonable entrance 500 rs with a cup of tea included.restored and kept beautifully.get a tuk tuk drive up",1120,0.055357142857142855,88,0.6286086594223741,0.03479797936088142,0.027942777426787784
Ceylon Tea Museum,Food quality,13,0,2,15,positive,0.784,What a clever businesswoman - it was delicious and if course I returned to buy a packet.,1120,0.013392857142857142,16,2.3333567516607996,0.03125031363831428,0.024500245892438394
Ceylon Tea Museum,Public transport access,21,6,27,54,neutral,0.8,"Lovely museum, knowledgable staff, reasonable entrance 500 rs with a cup of tea included.restored and kept beautifully.get a tuk tuk drive up",1120,0.048214285714285716,90,0.6061358035703155,0.029224404814997357,0.023379523851997888
Ceylon Tea Museum,Entrance fee,22,3,18,43,positive,0.847,But fee is too high for Indian.,1120,0.038392857142857145,87,0.6400373552459969,0.02457286274605167,0.020813214745905764
Ceylon Tea Museum,Souvenir stalls,7,0,7,14,positive,0.787,"I didn't find any of the touristic gifts and souvenirs particularly cheap in Sri Lanka, but the tea at this place, while not exactly cheap, was really good value for money compared to everywhere else and to prices back home.",1120,0.0125,49,1.214125175789954,0.015176564697374426,0.011943956416833674
Ceylon Tea Museum,Restaurants,8,1,4,13,positive,0.797,"4 floors of history.Had a small restaurant, but it was closed when we visited",1120,0.011607142857142858,49,1.214125175789954,0.01409252436184768,0.011231741916392602
Ceylon Tea Museum,Scenic view,48,1,7,56,positive,0.821,The tea museum was very interesting - it was a lovely view looking at the tea pickers and the fields - however the journey was quite hairy and long (hairpin bends up and down the mountain for a number of hours),1120,0.05,128,0.25391520998096345,0.012695760499048173,0.01042321936971855
Ceylon Tea Museum,Colonial architecture,3,0,3,6,positive,0.79,"Even though it celebrates Colonial times seeing the machines of the late industrial revolution at work is fascanating, and at the end you get a great cup of tea",1120,0.005357142857142857,24,1.927891643552635,0.010327990947603402,0.008159112848606688
Ceylon Tea Museum,Weather condition,0,15,1,16,negative,0.756,Make a hot cup,1120,0.014285714285714285,82,0.6992262266363275,0.009988946094804678,0.007551643247672337
Ceylon Tea Museum,Family friendliness,7,0,7,14,positive,0.759,A fair trip up the hill which would not havd been good for kids but easy for any walkers out there.500 rupees per person included a guide who explained the basic facts and a cup of tea at the end.,1120,0.0125,89,0.6173091041684409,0.007716363802105511,0.005856720125798083
Ceylon Tea Museum,Cleanliness,14,0,1,15,positive,0.876,The building is simple but well maintained.,1120,0.013392857142857142,117,0.34377153910282454,0.004604083112984257,0.004033176806974209
Ceylon Tea Museum,Peacefulness,22,0,0,22,positive,0.811,"Very quiet when we visited, but the tour guide was excellent guiding us round the various exhibits.",1120,0.019642857142857142,129,0.24613306953890854,0.004834756723085703,0.0039209877024225055
Ceylon Tea Museum,Temple,2,0,3,5,neutral,0.764,just 5km away from Temple tooth and easy to find.,1120,0.004464285714285714,76,0.7752121336142496,0.0034607684536350426,0.0026440270985771726
Ceylon Tea Museum,Accommodation,1,0,5,6,neutral,0.75,We walked up from our guesthouse to this museum and it was a pleasant guided tour.,1120,0.005357142857142857,90,0.6061358035703155,0.0032471560905552614,0.002435367067916446
Ceylon Tea Museum,Crowdedness,0,10,0,10,negative,0.828,Still not busy anyway.,1120,0.008928571428571428,122,0.3019244291673241,0.002695753831851108,0.002232084172772717
Coconut Tree Hill,Sea,26,1,8,35,positive,0.784,You can hear the soothing sound of the waves hitting the shore all the time and gaze at the beautiful sight of the trees perched over Indian ocean for as long as you like.,296,0.11824324324324324,7,3.1600353248452673,0.3736528255729201,0.2929438152491694
Coconut Tree Hill,Sunset view,27,3,13,43,positive,0.84,Amazing viewpoint with beautiful sunrise and sunset views.,296,0.14527027027027026,44,1.3217558399823195,0.19201182810553963,0.1612899356086533
Coconut Tree Hill,Beach,18,1,16,35,positive,0.785,Coconut Tree Hill was the best view point to get beautiful view of the sunset and the beach from under the coconut tress,296,0.11824324324324324,64,0.9470623905409088,0.1119837286112561,0.08790722695983605
Coconut Tree Hill,Viewpoint,10,1,4,15,positive,0.824,Amazing viewpoint with beautiful sunrise and sunset views.,296,0.05067567567567568,29,1.7386496439141066,0.08810724546862027,0.07260037026614309
Coconut Tree Hill,Sunrise view,9,0,3,12,positive,0.848,Amazing viewpoint with beautiful sunrise and sunset views.,296,0.04054054054054054,21,2.0614230361771577,0.08357120416934424,0.07086838113560391
Coconut Tree Hill,Scenic view,62,2,21,85,positive,0.786,Amazing viewpoint with beautiful sunrise and sunset views.,296,0.28716216216216217,128,0.25391520998096345,0.07291484070399289,0.05731106479333841
Coconut Tree Hill,Rock formation,4,0,3,7,positive,0.78,Rocks are beautiful too.,296,0.02364864864864865,20,2.1102132003465894,0.04990369054873692,0.038924878628014796
Coconut Tree Hill,Crowdedness,4,30,1,35,negative,0.842,It is one place you must not miss if you are in this little touristy town - Mirissa.I just had a picture of this place with no specific location tag and I spent quite sometime heavily using my google search skills to finally locate it.,296,0.11824324324324324,122,0.3019244291673241,0.03570052371910927,0.030059840971490004
Coconut Tree Hill,Weather condition,3,4,0,7,negative,0.783,It is crazy windy and you’ll be surrounded by sky high coconut trees forming a dome.,296,0.02364864864864865,82,0.6992262266363275,0.01653575535964288,0.012947496446600376
Coconut Tree Hill,Safety,2,5,0,7,negative,0.834,Coconuts often fall from the tree without warning and wear nice shoes so you don't slip as the place is slippery due to sandy stones.,296,0.02364864864864865,86,0.651598177647073,0.015409416363275375,0.012851453246971662
Coconut Tree Hill,Peacefulness,10,0,0,10,positive,0.824,"You can have a fine, calm moment here watching the sea and sky through the coconut leaves.",296,0.033783783783783786,129,0.24613306953890854,0.008315306403341506,0.0068518124763534
Coconut Tree Hill,Cleanliness,1,4,0,5,negative,0.856,"Nice place to visit, clean and not too busy at this time of year.",296,0.016891891891891893,117,0.34377153910282454,0.0058069516740341985,0.004970750632973274
Colombo Lotus Tower,Viewpoint,9,1,9,19,positive,0.828,"Below the observation deck, the tower also has a beautiful revolving restaurant, however one has to pre-book the same.",165,0.11515151515151516,29,1.7386496439141066,0.20020814081435168,0.16577234059428317
Colombo Lotus Tower,Restaurants,6,0,8,14,neutral,0.78,"Below the observation deck, the tower also has a beautiful revolving restaurant, however one has to pre-book the same.",165,0.08484848484848485,49,1.214125175789954,0.10301668158217793,0.08035301163409879
Colombo Lotus Tower,Ticket price,8,7,11,26,neutral,0.787,"This place is not worth it, they are charging 6000 rupees for foreigners to see literally nothing in the tower why would you pay 6000 rupees for a view per person.",165,0.15757575757575756,94,0.5626506916305767,0.08866010898421207,0.06977550577057491
Colombo Lotus Tower,Scenic view,41,2,9,52,positive,0.809,It also provides good views of port city currently under construction.,165,0.3151515151515151,128,0.25391520998096345,0.08002176314551575,0.06473760638472224
Colombo Lotus Tower,Sunset view,4,0,1,5,positive,0.844,"Nothing overly special to be frank, although sunset was spectacular!",165,0.030303030303030304,44,1.3217558399823195,0.0400532072721915,0.033804906937729626
Colombo Lotus Tower,Service quality,5,3,2,10,positive,0.796,she was not at all helpful inspite of telling her we had an advance ticket.,165,0.06060606060606061,88,0.6286086594223741,0.038097494510446916,0.030325605630315746
Colombo Lotus Tower,Value for money,5,10,0,15,negative,0.859,There are plenty of hotels that offer free rooftops and you can climb up and have a panoramic view of the city,165,0.09090909090909091,112,0.38744660260548613,0.03522241841868056,0.030256057421646602
Colombo Lotus Tower,Family friendliness,5,1,4,10,positive,0.764,"Great 360° view of the city.The movies in the museum are for children but I could learn the history.Good place to check the direction I visited and reflect on my trip.When I visited, local elementary school students were visiting for a school event.",165,0.06060606060606061,89,0.6173091041684409,0.037412672979905505,0.028583282156647807
Colombo Lotus Tower,Entrance fee,2,0,6,8,neutral,0.78,"While there’s an entrance fee of $20, the experience of ascending to the top is absolutely worth it.",165,0.048484848484848485,87,0.6400373552459969,0.031032114193745304,0.024205049071121337
Colombo Lotus Tower,Crowdedness,1,3,2,6,negative,0.84,"There is an interactive element at ground level which does a good job of summarising Colombo’s history and tower location, if not a little touristy and gimmicky afterwards.",165,0.03636363636363636,122,0.3019244291673241,0.010979070151539058,0.009222418927292808
Colombo National Museum,Museum,190,16,140,346,positive,0.789,The museum has a pretty good storytelling going on which make the collections enjoyable.,965,0.35854922279792745,36,1.5224265354444706,0.5458648510505563,0.4306873674788889
Colombo National Museum,Colonial architecture,35,1,24,60,positive,0.792,Beautiful colonial style building with interesting collection,965,0.06217616580310881,24,1.927891643552635,0.11986891047995658,0.09493617710012561
Colombo National Museum,Cafes,21,0,16,37,positive,0.755,"Not very interactive for kids, more old school but coffee shop and souvenir shop are both good.",965,0.0383419689119171,15,2.3978952727983707,0.0919400260036681,0.06941471963276942
Colombo National Museum,Paintings,13,1,19,33,neutral,0.773,"You can find different displays in this musea, statues from all over the country and from different centuries, but also paintings, coins, battle equipment, agriculture equipment, masks.Done with child who also enjoyed the different rooms",965,0.03419689119170984,29,1.7386496439141066,0.05945641269343577,0.04595980701202585
Colombo National Museum,Heritage site,17,0,16,33,positive,0.787,Great place to understand the heritage.,965,0.03419689119170984,30,1.7047480922384253,0.058297085019552365,0.04587980591038771
Colombo National Museum,Sculptures,22,0,24,46,neutral,0.777,The building itself is very attractive and colonial in appearance and once in the lobby you are greeted with one of the best preserved statues of Buddha on the island.,965,0.04766839378238342,55,1.0986122886681098,0.05236908319039694,0.04069077763893842
Colombo National Museum,Ticket price,23,8,46,77,neutral,0.77,It costs 600 for entrance which is very reasonable.,965,0.07979274611398963,94,0.5626506916305767,0.044895443788139276,0.03456949171686725
Colombo National Museum,Signage,12,1,5,18,positive,0.794,"Some of the displays with mannequins are a little cheesy and the information signs can be a bit confusing, especially if you don't have a great grasp of Buddhism.",965,0.01865284974093264,16,2.3333567516607996,0.04352375288071957,0.03455785978729134
Colombo National Museum,Toilets,7,2,15,24,neutral,0.771,And a great shop and cafe outside with decent toilets.,965,0.024870466321243522,37,1.4950275612563562,0.037182032611557045,0.02866734714351048
Colombo National Museum,Family friendliness,31,1,20,52,positive,0.757,LOTS of school children were there which we also enjoyed.,965,0.0538860103626943,89,0.6173091041684409,0.03326432478420614,0.02518109386164405
Colombo National Museum,Service quality,22,3,14,39,positive,0.784,"Wonderful building, friendly staff, and not too expensive.",965,0.04041450777202073,88,0.6286086594223741,0.02540490955178507,0.019917449088599496
Colombo National Museum,Entrance fee,8,3,21,32,neutral,0.821,Admission is 600LKRupees which is quite reasonable!,965,0.03316062176165803,87,0.6400373552459969,0.021224036650644457,0.017424934090179096
Colombo National Museum,Buddha statue,9,0,5,14,positive,0.81,The building itself is very attractive and colonial in appearance and once in the lobby you are greeted with one of the best preserved statues of Buddha on the island.,965,0.014507772020725389,47,1.255797872190522,0.018218829233852134,0.01475725167942023
Colombo National Museum,Souvenir stalls,5,1,5,11,positive,0.784,"Not very interactive for kids, more old school but coffee shop and souvenir shop are both good.",965,0.011398963730569948,49,1.214125175789954,0.013839768843201549,0.010850378773070015
Colombo National Museum,Local guide,8,0,7,15,positive,0.759,cooperative and helping hand for the visitors.Note:-To have a better informative experience In the national museum will be with a guide who can help us to understand in detail.,965,0.015544041450777202,66,0.9162907318741551,0.014242861117214846,0.010810331587966068
Colombo National Museum,Cleanliness,30,0,0,30,positive,0.888,This museum has nice architecture and is very well maintained.,965,0.031088082901554404,117,0.34377153910282454,0.01068719810682356,0.009490231918859322
Colombo National Museum,Value for money,15,10,0,25,positive,0.854,Two cafes almost next to each other - one more expensive than the other but both good depending on what type of food you are looking for.,965,0.025906735751295335,112,0.38744660260548613,0.010037476751437464,0.008572005145727594
Colombo National Museum,Accessibility,4,1,1,6,positive,0.837,All exhibits have multilingual captioning making them very accessible to English speakers.,965,0.0062176165803108805,36,1.5224265354444706,0.009465864469084791,0.00792292856062397
Colombo National Museum,Ancient ruins,1,0,4,5,neutral,0.76,"There are also valuable materials from ancient sources and ruins, so I felt that it would be good if all the rooms were air-conditioned.",965,0.0051813471502590676,23,1.9704512579714308,0.010209592010214668,0.0077592899277631475
Colombo National Museum,Parking,4,1,3,8,positive,0.797,"The museum is convenient to drive to, with good parking on site that was easy to access.",965,0.008290155440414507,54,1.1169614273363062,0.009259783853565233,0.007380047731291491
Colombo National Museum,Stairs,1,2,3,6,neutral,0.757,"Some stairs, not certain if access is easy for wheelchair users on that basis but perhaps there is a lift we missed.",965,0.0062176165803108805,47,1.255797872190522,0.0078080696716509145,0.005910708741439743
Colombo National Museum,Wildlife,1,2,3,6,neutral,0.777,A short walk around that museum made us wonder if we had wasted our money with tired displays of stuffed animals and half the museum seemingly closed off so it was a degree of trepidation that we walked around to the National Museum.,965,0.0062176165803108805,54,1.1169614273363062,0.006944837890173925,0.00539613904066514
Colombo National Museum,Crowdedness,3,17,0,20,negative,0.832,"As with everywhere in Sri Lanka, expect to share it with vast crowds of school pupils!",965,0.02072538860103627,122,0.3019244291673241,0.006257501122638841,0.005206240934035516
Colombo National Museum,Safety,3,2,2,7,positive,0.811,Guards sit at the entrance of many of the rooms.,965,0.007253886010362694,86,0.651598177647073,0.004726618905211928,0.003833287932126874
Colombo National Museum,Accommodation,2,0,6,8,neutral,0.755,"Apparently staff members within the exhibitions are meant to chat to you about their various displays, however, I can only say this was the case with 1 single staff member!Nevertheless, the woman conducting the survey was very friendly, and provided me with very detailed instructions on taking the bus back to my hotel.",965,0.008290155440414507,90,0.6061358035703155,0.005024960029598471,0.0037938448223468453
Colombo National Museum,Peacefulness,7,0,0,7,positive,0.811,"On my second last day, we visited here as we had no idea what else to do in Sri Lanka.It's peaceful here and I also manage to sent my postcards as they have a post office next to the enterance.",965,0.007253886010362694,129,0.24613306953890854,0.0017854212298159169,0.0014479766173807087
Dagoba of Thuparama,Stupa,39,2,51,92,neutral,0.776,A nice Dagoba from Ancient times,223,0.4125560538116592,29,1.7386496439141066,0.7172904360542502,0.5566173783780982
Dagoba of Thuparama,Ancient ruins,8,0,12,20,neutral,0.762,Next to this dagoba ther are the ruins of ancient temple which is worth seeng as well.,223,0.08968609865470852,23,1.9704512579714308,0.17672208591672026,0.13466222946854084
Dagoba of Thuparama,Buddha statue,2,1,24,27,neutral,0.751,"This is a compact(small)stupa, said to be containing the collar bone of Buddha,in that respect it is an important shrine.A walk around the stupa is recommended.",223,0.1210762331838565,47,1.255797872190522,0.1520472760051305,0.114187504279853
Dagoba of Thuparama,Temple,14,1,16,31,neutral,0.777,Amazing little temple,223,0.13901345291479822,76,0.7752121336142496,0.10776491543516475,0.08373333929312302
Dagoba of Thuparama,Hindu shrine,3,0,9,12,neutral,0.758,"This is a compact(small)stupa, said to be containing the collar bone of Buddha,in that respect it is an important shrine.A walk around the stupa is recommended.",223,0.053811659192825115,39,1.4423838277709342,0.07761706696525207,0.05883373675966107
Dagoba of Thuparama,Sculptures,4,0,7,11,neutral,0.762,The small ruined temple to the right has some lovely carvings at the steps and a beautifully preserved moonstone.,223,0.04932735426008968,55,1.0986122886681098,0.054191637557619764,0.04129402781890626
Dagoba of Thuparama,Entrance fee,1,0,6,7,neutral,0.829,Well worth a stop during a tour of Anuradhapura - and no entrance fee,223,0.03139013452914798,87,0.6400373552459969,0.02009085868485192,0.016655321849742243
Dagoba of Thuparama,Peacefulness,12,0,0,12,positive,0.797,Beautiful and serene,223,0.053811659192825115,129,0.24613306953890854,0.01324482885411167,0.010556128596727003
Dagoba of Thuparama,Crowdedness,0,6,0,6,negative,0.807,"Lot of people come here during poya days and it will be packed with worshipers, so it’s good to avoid these days and go",223,0.026905829596412557,122,0.3019244291673241,0.008123527242170156,0.006555686484431316
Dagoba of Thuparama,Scenic view,2,0,3,5,neutral,0.766,This is one of the earliest monuments of the country and so from that point of view worth a visit.,223,0.02242152466367713,128,0.25391520998096345,0.005693166143070929,0.004360965265592332
Dambulla Cave Temple,Cave,193,28,131,352,positive,0.76,"There are 5 caves: start at the one furthest from the entrance and work back - that way you get the best last.,Caves 3-5 are underwhelming but Caves 1&2 are worthwhile.",2212,0.15913200723327306,2,4.412798293340635,0.7022174499348569,0.5336852619504913
Dambulla Cave Temple,Cave temple,81,7,63,151,positive,0.825,Fascinating rock temple with origin in 1st c.,2212,0.06826401446654612,8,3.0265039322207445,0.20660130821217562,0.17044607927504488
Dambulla Cave Temple,Temple,194,26,120,340,positive,0.793,"Good walk, unusual temple.",2212,0.15370705244122965,76,0.7752121336142496,0.11915557207452299,0.09449036865509673
Dambulla Cave Temple,Paintings,77,2,66,145,positive,0.786,"Temple that is inbuilt into rock masif is part of world heritage and despite it´s honourable age, statues and cave paintings are well preserved.",2212,0.06555153707052441,29,1.7386496439141066,0.11397115658568963,0.08958132907635205
Dambulla Cave Temple,Stairs,70,32,93,195,neutral,0.775,This complex is well worth seeing even though there are quite a few steps to climb to reach it not all of which are even.,2212,0.08815551537070525,47,1.255797872190522,0.11070550862439052,0.08579676918390265
Dambulla Cave Temple,Buddha statue,88,11,85,184,positive,0.801,"There are several caves, and the guide leaflet is not very informative but hilarious for is inventive use of the English language and its summative table of how many Buddhas in each cave.",2212,0.08318264014466546,47,1.255797872190522,0.10446058249686078,0.0836729265799855
Dambulla Cave Temple,Sculptures,111,2,83,196,positive,0.787,Amazing statues in a series of temples,2212,0.08860759493670886,55,1.0986122886681098,0.09734539266679454,0.0766108240287673
Dambulla Cave Temple,Murals,31,1,25,57,positive,0.796,"There are five temples to see each with different statues, rock carvings and wall paintings.The views are stunning, the temple flowers beautiful and the monkeys delightful.In the car park is a cafe (of sorts) and toilets.",2212,0.025768535262206148,11,2.70805020110221,0.06978248709892675,0.05554685973074569
Dambulla Cave Temple,Heritage site,23,1,25,49,neutral,0.806,Amazing historical site,2212,0.022151898734177215,30,1.7047480922384253,0.037763407106547395,0.030437306127877203
Dambulla Cave Temple,Ticket price,29,14,64,107,neutral,0.766,The view going up is amazing.Costs: it cost 1500 rupee for the entry ticket.,2212,0.04837251356238698,94,0.5626506916305767,0.027216828211786486,0.020848090410228448
Dambulla Cave Temple,Parking,9,7,10,26,neutral,0.811,You can get access from the car park half way up if going by coach to avoid most of the steps from the entrance,2212,0.011754068716094032,54,1.1169614273363062,0.013128841370137414,0.010647490351181444
Dambulla Cave Temple,Entrance fee,7,2,36,45,neutral,0.781,There is a fee for keeping your sandals safe.,2212,0.02034358047016275,87,0.6400373552459969,0.01302065144035708,0.01016912877491888
Dambulla Cave Temple,Scenic view,76,2,28,106,positive,0.798,The view going up is amazing.Costs: it cost 1500 rupee for the entry ticket.,2212,0.04792043399638336,128,0.25391520998096345,0.012167727060570581,0.009709846194335325
Dambulla Cave Temple,Hindu shrine,9,0,3,12,positive,0.788,"Orelse you can google about it and find it on wikipedia “Dambulla cave temple” There are around 150 Buddha statues with lot of fresh flowers, some Srilankan Kings and Hindu gods.",2212,0.0054249547920434,39,1.4423838277709342,0.007824867058431832,0.0061659952420442836
Dambulla Cave Temple,Souvenir stalls,5,2,6,13,neutral,0.782,"Exiting area is by descending down to Golden Temple which is nice too, pretty new place but what were we more excited about was small stall with delicious local snacks next to it :)",2212,0.005877034358047016,49,1.214125175789954,0.007135455373087433,0.005579926101754373
Dambulla Cave Temple,Guided tours,3,0,7,10,neutral,0.802,"Incase if you want to take, fix the price first.There are no written stories about the 5 cave temples, so i guess the tour guides can be helpful, if you really want to know the stories.",2212,0.0045207956600361665,36,1.5224265354444706,0.0068825792741612594,0.00551982857787733
Dambulla Cave Temple,Museum,1,2,7,10,neutral,0.762,"First we visited the temple museum, but there wasn't anything in it to see, total waste of time.",2212,0.0045207956600361665,36,1.5224265354444706,0.0068825792741612594,0.00524452540691088
Dambulla Cave Temple,Accessibility,5,3,0,8,positive,0.845,"Amazing place goes back to 1st century BC, lots of temples built into the granite rock, some now under restoration but still accessible.",2212,0.003616636528028933,36,1.5224265354444706,0.0055060634193290076,0.004652623589333011
Dambulla Cave Temple,Stupa,2,0,5,7,neutral,0.763,"They were surprisingly well lit (but not intrusively so) and thus you could get a really good look at the statues, stupas and, of course, the marvellous colour and intricacy of the paintings.",2212,0.0031645569620253164,29,1.7386496439141066,0.0055020558351712235,0.004198068602235643
Dambulla Cave Temple,Value for money,17,11,0,28,positive,0.85,It is quite different from the other that we have seen but to be honest the ticket price for foreigners is too expensive for a 20 minutes attraction.,2212,0.012658227848101266,112,0.38744660260548613,0.004904387374752989,0.00416872926854004
Dambulla Cave Temple,Cleanliness,22,8,0,30,positive,0.879,A very nice temple with passion made in the past and without “made in china” plastic tingelings all over.,2212,0.013562386980108499,117,0.34377153910282454,0.004662362646060007,0.004098216765886746
Dambulla Cave Temple,Peacefulness,45,0,0,45,positive,0.807,"It’s worth taking some quiet time to soak up the atmosphere and to enjoy the place before heading back down.Dress modestly, remove your shoes and turn off the flash.",2212,0.02034358047016275,129,0.24613306953890854,0.00500722790653295,0.004040832920572091
Dambulla Cave Temple,Crowdedness,3,30,2,35,negative,0.839,It was pretty busy on the Sunday morning that we visited and the caves were humid and full of visitors trying to get the perfect shot which created some bottle necks.,2212,0.015822784810126583,122,0.3019244291673241,0.004777285271634875,0.00400814234290166
Dambulla Cave Temple,Toilets,2,1,4,7,neutral,0.777,"There are five temples to see each with different statues, rock carvings and wall paintings.The views are stunning, the temple flowers beautiful and the monkeys delightful.In the car park is a cafe (of sorts) and toilets.",2212,0.0031645569620253164,37,1.4950275612563562,0.004731099877393532,0.0036760646047347746
Dambulla Cave Temple,Service quality,7,4,4,15,positive,0.776,"Very disappointing to see that there is no proper lighting, cleanliness and guide service at the caves.",2212,0.006781193490054249,88,0.6286086594223741,0.004262716949066732,0.003307868352475784
Dambulla Cave Temple,Public transport access,6,2,5,13,positive,0.82,We were in dambulla for 2 complete days even if you can do it on a 1day rush trip.We managed to hire a great tuk-tuk driver o took us to everywhere nearby the city and more...,2212,0.005877034358047016,90,0.6061358035703155,0.0035622809432251813,0.0029210703734446485
Dambulla Cave Temple,Forest,4,0,2,6,positive,0.787,"On your way to Sigiriya, it is worth stopping over at Dambulla to catch a glimpse of these wonderful cave temples, ironwood forest and rose quartz mountain.",2212,0.0027124773960217,51,1.1741198411762548,0.0031847735294111795,0.0025064167676465982
Dambulla Cave Temple,Sunset view,3,0,2,5,positive,0.832,We arrived late afternoon and we stayed to watch sunset from the top which was wonderful.,2212,0.0022603978300180833,44,1.3217558399823195,0.002987694032509764,0.0024857614350481234
Dambulla Cave Temple,Safety,5,3,1,9,positive,0.807,"However, there is a danger you can get templed out.",2212,0.00406871609403255,86,0.651598177647073,0.0026511679922349264,0.0021394925697335856
Dambulla Cave Temple,Accommodation,3,0,3,6,positive,0.79,"We went there to see the Sunset !It was such a amazing experience we had during our trip in Sri Lanka !Our hotel was very close by to the hotel , Sundaras Resort & Spa !they even gave us free Trasport to the ticket counter 👍Anyways I wound highly recommend you to visit this place if you in Dambulla",2212,0.0027124773960217,90,0.6061358035703155,0.0016441296661039299,0.0012988624362221047
Dehiwala Zoo - Sri Lanka,Wildlife,19,5,16,40,positive,0.788,The animals are beautiful.,114,0.3508771929824561,54,1.1169614273363062,0.39191629029344077,0.30883003675123133
Dehiwala Zoo - Sri Lanka,Elephants,5,1,7,13,neutral,0.78,"But they have fully refurbished the attractions with many improvements such as night safari, glass walls in some enclosures, new open elephant enclosure where elephants are free to walk, new animals such as hippos, helpful route maps, feeding animals etc.",114,0.11403508771929824,33,1.6094379124341003,0.18353239352318687,0.14315526694808575
Dehiwala Zoo - Sri Lanka,Birds,5,0,9,14,neutral,0.756,"A great range of birds, animals, reptiles.",114,0.12280701754385964,40,1.4170660197866443,0.17402565155274577,0.1315633925738758
Dehiwala Zoo - Sri Lanka,Family friendliness,10,0,7,17,positive,0.766,As a family we visited the National Zoological Gardens of Sri Lanka and enjoyed the new setting very much as it gives much freedom to the animals and better experience to the visitors.,114,0.14912280701754385,89,0.6173091041684409,0.09205486641108328,0.0705140276708898
Dehiwala Zoo - Sri Lanka,Souvenir stalls,3,1,1,5,positive,0.804,watch out for hawkers Do not take tuktuks (expensive) from the entrance better to install pickme app and order cabs online,114,0.043859649122807015,49,1.214125175789954,0.05325110420131377,0.042813887777856274
Dehiwala Zoo - Sri Lanka,Ticket price,1,2,3,6,neutral,0.792,"Would of got 5 stars except for the expensive entry fee , 2500 rupees for non Sri Lankans (only 100 rupees for locals).",114,0.05263157894736842,94,0.5626506916305767,0.02961319429634614,0.023453649882706144
Dehiwala Zoo - Sri Lanka,Entrance fee,1,2,2,5,negative,0.808,"Would of got 5 stars except for the expensive entry fee , 2500 rupees for non Sri Lankans (only 100 rupees for locals).",114,0.043859649122807015,87,0.6400373552459969,0.02807181382657881,0.02268202557187568
Dehiwala Zoo - Sri Lanka,Cleanliness,5,3,0,8,positive,0.88,In good clean grounds.,114,0.07017543859649122,117,0.34377153910282454,0.024124318533531544,0.02122940030950776
Dehiwala Zoo - Sri Lanka,Crowdedness,0,5,1,6,negative,0.843,"Can get crowded in weekends, public holidays and school vacation.",114,0.05263157894736842,122,0.3019244291673241,0.015890759429859163,0.013395910199371273
Demodara Loop,Bridge,9,0,24,33,neutral,0.762,"the technique used to construct the rail road in right angle with a considerable slope, If you visit Demodara be sure to visit the bridge near the tunnel which is very much like as the 9 arch bridge, if you have an opportunity travel to ella by foot and that will be a fantastic experience .",155,0.2129032258064516,20,2.1102132003465894,0.4492711974931448,0.34234465248977636
Demodara Loop,Trail,10,0,14,24,neutral,0.768,Rail track along the tea plantations was breathtaking.,155,0.15483870967741936,39,1.4423838277709342,0.22333685075162854,0.17152270137725073
Demodara Loop,Tea plantation,6,0,1,7,positive,0.854,You can get a very good view from the nearby tea estate.,155,0.04516129032258064,16,2.3333567516607996,0.10537740168790707,0.08999230104147264
Demodara Loop,Public transport access,6,0,15,21,neutral,0.797,"We then tuk tuk to Demodara Loop which we did not undertake as it would have taken a good part of two hours and we were tired, but it sounded a good experience.",155,0.13548387096774195,90,0.6061358035703155,0.08212162499984921,0.06545093512487982
Demodara Loop,Colonial architecture,4,0,2,6,positive,0.787,"Popularly known as ‘Demodara loop’, the spiral railway is recognized as one of the most fascinating colonial railway civil engineering marvels in Sri Lanka.",155,0.03870967741935484,24,1.927891643552635,0.07462806362139232,0.05873228607003576
Demodara Loop,Viewpoint,1,0,5,6,neutral,0.79,"sign on your right, park around 100m beyond that and you will then see the view of the loop, we walked out another 200 yards to a viewpoint that gives a great view of the loop.",155,0.03870967741935484,29,1.7386496439141066,0.06730256686119122,0.05316902782034107
Demodara Loop,Scenic view,22,0,20,42,positive,0.764,You can get a very good view from the nearby tea estate.,155,0.2709677419354839,128,0.25391520998096345,0.0688028310916159,0.052565362953994554
Demodara Loop,Parking,0,0,5,5,neutral,0.772,Vehicle parking area is available.,155,0.03225806451612903,54,1.1169614273363062,0.036031013785042136,0.02781594264205253
Demodara Loop,Family friendliness,5,0,1,6,positive,0.77,A great thing to do with kids.,155,0.03870967741935484,89,0.6173091041684409,0.02389583629039126,0.01839979394360127
Demodara Loop,Service quality,4,0,1,5,positive,0.796,The info on display could be a bit confusing and we spoke with the station master he was so helpful.,155,0.03225806451612903,88,0.6286086594223741,0.020277698691044326,0.016141048158071283
Devon Falls,Waterfall,90,2,54,146,positive,0.795,"stretching some 20km and parts of the road no more than a muddy, rutted track.Somewhat disconcertingly, behind you as you look out at the waterfall there is a Victorian tea room - this is actually the Devon Tea Centre, which we didn't visit.",362,0.40331491712707185,24,1.927891643552635,0.7775474584494053,0.6181502294672773
Devon Falls,Viewpoint,15,0,20,35,neutral,0.802,Specially the view points are nice to get down and spend some time.,362,0.09668508287292818,29,1.7386496439141066,0.16810148490882246,0.1348173908968756
Devon Falls,Mountain,13,0,3,16,positive,0.801,"It's nice to stop to watch this amazing view on the way to Nuwara Ella, we walked down the hill to be as close to the water fall and the view was amazing.To go down its very steep so make sure you are wearing a good shoes.",362,0.04419889502762431,24,1.927891643552635,0.08521068037801702,0.06825375498279164
Devon Falls,Tea plantation,6,0,6,12,positive,0.817,"lovely waterfall in verdant green highland scenery surrounded by tea plantations, winding roads and vertiginous canyons",362,0.03314917127071823,16,2.3333567516607996,0.0773488425964906,0.06319400440133281
Devon Falls,Scenic view,72,0,31,103,positive,0.77,The best place to view the waterfall is the clearly marked area by the side of the main road.A closer look can be had from the nearby Melsna tea Castle while sipping a cup of delicious Ceylon Tea.,362,0.2845303867403315,128,0.25391520998096345,0.072246592895136,0.055629876529254725
Devon Falls,Restaurants,7,0,4,11,positive,0.8,"Right in front of the place where you park the vehicle you will find a restaurant with delicious Ceylon tea, cakes and rolls (spicy but great).",362,0.03038674033149171,49,1.214125175789954,0.03689330644665606,0.02951464515732485
Devon Falls,Weather condition,3,16,0,19,negative,0.775,did not go to visit it though as it was raining the day we planned to go.looks beautiful to the eyes and no camera can capture the sight and sound of the same!!!,362,0.052486187845303865,82,0.6992262266363275,0.036699719077597295,0.028442282285137906
Devon Falls,Parking,2,0,6,8,neutral,0.76,But the view is nice as have parking space to stop and grab few photographs on your way.,362,0.022099447513812154,54,1.1169614273363062,0.024684230438371407,0.01876001513316227
Devon Falls,Public transport access,3,0,4,7,neutral,0.754,"Its not a biggest fall still, it could be a good stop between Nuwara Eliya & Hatton if you are traveling on your own and could be missed if anyone using public transport.",362,0.019337016574585635,90,0.6061358035703155,0.011720858080088973,0.008837526992387086
Devon Falls,Peacefulness,5,0,0,5,positive,0.816,Very peaceful place very friendly people.,362,0.013812154696132596,129,0.24613306953890854,0.0033996280323053663,0.0027740964743611786
Diyaluma Falls,Waterfall,107,3,40,150,positive,0.804,Beautiful waterfall,472,0.3177966101694915,24,1.927891643552635,0.612677429095117,0.4925926529924741
Diyaluma Falls,Rock formation,10,4,12,26,neutral,0.751,The local environment is very beautiful and it is wonderful to watch the water crashing down on to the rocks with a backcloth of trees and mountains.,472,0.05508474576271186,20,2.1102132003465894,0.11624055764621043,0.08729665879230403
Diyaluma Falls,Local guide,21,2,23,46,neutral,0.762,"After a while, we decided to pay a guide, which was a very good decision as it was fast and cheap.",472,0.09745762711864407,66,0.9162907318741551,0.08929952047926089,0.06804623460519679
Diyaluma Falls,Public transport access,12,1,20,33,neutral,0.787,"It is situated 6-10 km away from Koslanda in Badulla District on Colombo-Badulla highway.The foot of the Diyaluma falls is quite easy to reach within an hour by tuk-tuk, car or motorbike.",472,0.06991525423728813,90,0.6061358035703155,0.04237813880894155,0.033351595242637
Diyaluma Falls,Weather condition,2,22,1,25,negative,0.786,Very beautiful waterfall that will make you go wow specially during the rainy season.,472,0.05296610169491525,82,0.6992262266363275,0.03703528742777158,0.029109735918228463
Diyaluma Falls,Scenic view,50,1,10,61,positive,0.808,The views here are absolutely stunning.,472,0.1292372881355932,128,0.25391520998096345,0.032815313154319424,0.026514773028690097
Diyaluma Falls,Leeches,0,5,0,5,negative,0.8,Also there are leeches in the water so bear this in mind.,472,0.01059322033898305,8,3.0265039322207445,0.03206042301081297,0.02564833840865038
Diyaluma Falls,Bridge,3,0,4,7,neutral,0.777,The food / tea kiosk at the bridge are far from clean.,472,0.014830508474576272,20,2.1102132003465894,0.03129553475090281,0.024316630501451487
Diyaluma Falls,Stairs,5,2,3,10,positive,0.79,The path and steps to the waterfall are in excellent condition.,472,0.0211864406779661,47,1.255797872190522,0.02660588712268055,0.021018650826917635
Diyaluma Falls,Safety,10,5,3,18,positive,0.794,Its far too dangerous to try and even get your toes in the water or wash your face.,472,0.038135593220338986,86,0.651598177647073,0.024849083045862953,0.019730171938415187
Diyaluma Falls,Elephants,2,0,5,7,neutral,0.763,"The hike there is super nice and exciting, as wild elephants are traveling here.",472,0.014830508474576272,33,1.6094379124341003,0.02386878259965827,0.018211881123539258
Diyaluma Falls,Family friendliness,9,1,7,17,positive,0.754,"In the summer of 2018 we (Dutch familie of 4, kids 13 and 18) travelled to discover the beauties of Sri Lanka.It took us one hour and a half to drive from Liptons Seat to these waterfalls...Impressive in heighth, but unfortunately not too",472,0.036016949152542374,89,0.6173091041684409,0.02223359061623622,0.01676412732464211
Diyaluma Falls,Forest,4,0,4,8,positive,0.785,Great view .Jungle behind the waterfall .It is about 10 minutes walk from Diyaluma falls inn.,472,0.01694915254237288,51,1.1741198411762548,0.019900336291122964,0.015621763988531528
Diyaluma Falls,Accessibility,5,0,0,5,positive,0.856,Once of the easily accessible places...,472,0.01059322033898305,36,1.5224265354444706,0.016127399739877864,0.013805054177335453
Diyaluma Falls,Parking,2,0,5,7,neutral,0.769,it's about an easy 30 minute trail path walk from the car park.directions:Facing the car park take the road left and follow it bearing right around the corner.,472,0.014830508474576272,54,1.1169614273363062,0.016565105913885898,0.012738566447778255
Diyaluma Falls,Souvenir stalls,2,2,1,5,positive,0.796,"No stairs, lots of floating garbage and pesky vendors that try to peddle their stuff.",472,0.01059322033898305,49,1.214125175789954,0.012861495506249513,0.010237750422974614
Diyaluma Falls,Service quality,5,0,2,7,positive,0.789,Easy to get to from welawaya or koslanda on the A4 but take some time to find a car service who can take you to the top as there is a fabulous walk along the hill tops.Beautiful waterfall that will brighten your day and make you smile,472,0.014830508474576272,88,0.6286086594223741,0.009322586050755548,0.007355520394046128
Diyaluma Falls,Crowdedness,2,10,1,13,negative,0.823,"It's a quiet place, so you can enjoy a picknick without being bothered by local people or crowds of touristst.",472,0.02754237288135593,122,0.3019244291673241,0.008315715210116977,0.0068438336179262715
Diyaluma Falls,Value for money,6,1,0,7,positive,0.829,Okay this place was free with an amazing up close view of the falls.,472,0.014830508474576272,112,0.38744660260548613,0.005746030123386447,0.004763458972287364
Diyaluma Falls,Cleanliness,3,4,0,7,negative,0.863,The toilets are dripping and dirty and the rooms are dingy and musty.,472,0.014830508474576272,117,0.34377153910282454,0.005098306723982568,0.004399838702796956
Diyaluma Falls,Peacefulness,8,0,0,8,positive,0.8,"It's a quiet place, so you can enjoy a picknick without being bothered by local people or crowds of touristst.",472,0.01694915254237288,129,0.24613306953890854,0.004171746941337433,0.0033373975530699464
Diyatha Uyana,Market,19,1,6,26,positive,0.814,"recreational attraction consists of beautiful reservoir banks with interlock paved boardwalk surrounded by ever green grass, flea market style marketplace, an open air food court, plenty of paved parking, a fountain that keeps the kids intrigued with its colorful display of water jets at night, a floating restaurant and",342,0.07602339181286549,16,2.3333567516607996,0.17738969457070405,0.14439521138055308
Diyatha Uyana,Shops,10,0,7,17,positive,0.771,"Not only this, food court with many selections, small aquarium, flower shops....many more.And more over you can buy fresh fruits and vegetables too.Its a place which gives time for you and your family.",342,0.049707602339181284,10,2.803360380906535,0.13934832302751782,0.10743755705421625
Diyatha Uyana,Family friendliness,42,1,24,67,positive,0.77,This is a fascinating green garden among the concrete jungle in clombo and ideal place to fun-filled family outing.,342,0.195906432748538,89,0.6173091041684409,0.1209348245008349,0.09311981486564287
Diyatha Uyana,Souvenir stalls,5,2,17,24,neutral,0.769,"how ever there are a lot of food vendors who sells food for a reasonable price and for pre schoolers there's ample space for ride a bike, small car, skate.",342,0.07017543859649122,49,1.214125175789954,0.08520176672210203,0.06552015860929646
Diyatha Uyana,Restaurants,13,1,9,23,positive,0.797,"court, plenty of paved parking, a fountain that keeps the kids intrigued with its colorful display of water jets at night, a floating restaurant and an aquarium under the tent.",342,0.06725146198830409,49,1.214125175789954,0.08165169310868112,0.06507639940761885
Diyatha Uyana,Boat service,4,1,5,10,neutral,0.754,you even can enjoy swan boat riding just nearby.again recommended for any person,342,0.029239766081871343,9,2.908720896564361,0.08505031861299302,0.06412794023419674
Diyatha Uyana,Parking,9,4,10,23,neutral,0.795,"interlock paved boardwalk surrounded by ever green grass, flea market style marketplace, an open air food court, plenty of paved parking, a fountain that keeps the kids intrigued with its colorful display of water jets at night, a floating restaurant and an aquarium under the tent.",342,0.06725146198830409,54,1.1169614273363062,0.07511728897290948,0.05971824473346304
Diyatha Uyana,Crowdedness,4,32,2,38,negative,0.844,"Swimming is not advised here and probably not allowed.This is a busy attraction with people lounging on the grass, families visiting with children while others seem to stop by for supper.",342,0.1111111111111111,122,0.3019244291673241,0.03354715879636934,0.02831380202413572
Diyatha Uyana,Birds,5,0,3,8,positive,0.772,Nice view with lots of birds.,342,0.023391812865497075,40,1.4170660197866443,0.03314774315290396,0.02559005771404186
Diyatha Uyana,River,2,1,2,5,positive,0.792,"..etcalso the walking path is great for couples to have a chat and walk around, also they can sit and have a nice chat by the river.",342,0.014619883040935672,33,1.6094379124341003,0.023529794041434213,0.018635596880815897
Diyatha Uyana,Cleanliness,18,1,0,19,positive,0.891,This place was absolutely clean and it has an open air food court with several options.,342,0.05555555555555555,117,0.34377153910282454,0.019098418839045807,0.017016691185589815
Diyatha Uyana,Scenic view,17,0,7,24,positive,0.785,Nice view with lots of birds.,342,0.07017543859649122,128,0.25391520998096345,0.017818611226734275,0.013987609812986407
Diyatha Uyana,Weather condition,1,6,1,8,negative,0.782,"All inclusive hot spot- food, lovely ambient, walking / jogging, shopping and eating.",342,0.023391812865497075,82,0.6992262266363275,0.016356169044124617,0.012790524192505452
Diyatha Uyana,Ticket price,8,0,1,9,positive,0.841,Go on a Thursday for good market or on weekends for other family fairs that sell stuff at reasonable costs.,342,0.02631578947368421,94,0.5626506916305767,0.01480659714817307,0.012452348201613552
Diyatha Uyana,Value for money,10,2,0,12,positive,0.82,"There is also a Foodcourt where they are selling snacks, drinks and even breakfast, lunch and dinner.The entrance into this park is free however surprise awaits you at the park entrance...you are NOT ALLOWED to bring in foods, drinks and ciggarettes in the park.",342,0.03508771929824561,112,0.38744660260548613,0.013594617635280214,0.011147586460929775
Diyatha Uyana,Accommodation,3,1,3,7,positive,0.786,"The walking track is being extended around waters edge hotel, creating a nice long walking path.Plenty of grass and recreation space for kids and family.The food court has a nice variety of food, though the service time can get to be a bit long during weekends when the place gets filled up.",342,0.02046783625730994,90,0.6061358035703155,0.0124062883771702,0.009751342664455777
Diyatha Uyana,Service quality,3,2,1,6,positive,0.797,"The walking track is being extended around waters edge hotel, creating a nice long walking path.Plenty of grass and recreation space for kids and family.The food court has a nice variety of food, though the service time can get to be a bit long during weekends when the place gets filled up.",342,0.017543859649122806,88,0.6286086594223741,0.011028222095129369,0.008789493009818107
Diyatha Uyana,Public transport access,2,1,2,5,positive,0.816,"Right now, majority of the people that don't own cars have to depend on over crowded bus service and air polluting tuk tuk to get there.",342,0.014619883040935672,90,0.6061358035703155,0.00886163455512157,0.007231093796979201
Diyatha Uyana,Peacefulness,11,0,0,11,positive,0.807,A place where one can sit and relax to the calm sounds of nature with in a busy city area.,342,0.03216374269005848,129,0.24613306953890854,0.007916560716163725,0.0063886644979441265
Dondra Head Lighthouse,Lighthouse,52,2,30,84,positive,0.793,"When I get on the top of the lighthouse I saw an amazing views - u see the Indian Ocean so far, a very high waves, people like a little ants ) U must visit this lighthouse, u ll never feel sorry for that!",295,0.2847457627118644,5,3.4965075614664802,0.9956157124175741,0.7895232599471362
Dondra Head Lighthouse,Sea,18,0,11,29,positive,0.773,"When I get on the top of the lighthouse I saw an amazing views - u see the Indian Ocean so far, a very high waves, people like a little ants ) U must visit this lighthouse, u ll never feel sorry for that!",295,0.09830508474576272,7,3.1600353248452673,0.31064754040851783,0.2401305487357843
Dondra Head Lighthouse,Beach,17,2,13,32,positive,0.791,Dondra Lighthouse is a pleasant hour's drive S of Galle along the coast road.,295,0.10847457627118644,64,0.9470623905409088,0.10273219151630197,0.08126116348939487
Dondra Head Lighthouse,Scenic view,50,2,7,59,positive,0.811,"When I get on the top of the lighthouse I saw an amazing views - u see the Indian Ocean so far, a very high waves, people like a little ants ) U must visit this lighthouse, u ll never feel sorry for that!",295,0.2,128,0.25391520998096345,0.05078304199619269,0.04118504705891227
Dondra Head Lighthouse,Stairs,5,0,7,12,neutral,0.775,"I loved the sight itself, small, nice park around the light house, you can rest in the heat.Beautiful view from up there, only walk if you manage steep stairs.",295,0.04067796610169491,47,1.255797872190522,0.05108330327554666,0.03958956003854866
Dondra Head Lighthouse,Rock formation,5,0,0,5,positive,0.808,"When you want to see the rock itself, please, by preference, go to a good whale spotting boat company.",295,0.01694915254237288,20,2.1102132003465894,0.03576632542960321,0.028899190947119395
Dondra Head Lighthouse,Waves,4,0,1,5,positive,0.796,"When I get on the top of the lighthouse I saw an amazing views - u see the Indian Ocean so far, a very high waves, people like a little ants ) U must visit this lighthouse, u ll never feel sorry for that!",295,0.01694915254237288,20,2.1102132003465894,0.03576632542960321,0.028469995041964156
Dondra Head Lighthouse,Entrance fee,4,0,7,11,neutral,0.798,The tall lighthouse is open to visitors for a fee and from the top one has the spectacular views of both ocean and land.,295,0.03728813559322034,87,0.6400373552459969,0.02386579968713887,0.01904490815033682
Dondra Head Lighthouse,Public transport access,2,1,7,10,neutral,0.762,"Easy to visit from Matara and Polhena, by tuktuk.",295,0.03389830508474576,90,0.6061358035703155,0.020546976392214086,0.015656796010867134
Dondra Head Lighthouse,Cleanliness,10,1,0,11,positive,0.891,The lighthouse is located in a well maintained complex.,295,0.03728813559322034,117,0.34377153910282454,0.01281859976315617,0.011421372388972147
Dondra Head Lighthouse,Peacefulness,14,0,0,14,positive,0.823,"The last landfall before Antartica .Very peaceful, pristinely maintained.",295,0.04745762711864407,129,0.24613306953890854,0.011680891435744812,0.00961337365161798
Dondra Head Lighthouse,Weather condition,4,1,0,5,positive,0.8,The top is windy and you see all around the place partly the sea and partly land.,295,0.01694915254237288,82,0.6992262266363275,0.011851291976886906,0.009481033581509526
Dondra Head Lighthouse,Safety,2,2,1,5,positive,0.844,"Rip tides are a real danger in Sri Lanka; if in doubt, better to err on the side of caution.",295,0.01694915254237288,86,0.651598177647073,0.011044036909272423,0.009321167151425926
Dondra Head Lighthouse,Value for money,6,1,0,7,positive,0.806,I was well worth the climb and although the sunset was disappointing we felt it was worth the money too,295,0.023728813559322035,112,0.38744660260548613,0.009193648197418315,0.007410080447119162
Dondra Head Lighthouse,Crowdedness,0,6,0,6,negative,0.787,July/August is the usual time of the Dondra perahera when the place becomes exceedingly busy.,295,0.020338983050847456,122,0.3019244291673241,0.006140835847470998,0.004832837811959675
Dunhinda Falls,Waterfall,65,6,13,84,positive,0.814,"This beautiful waterfall is located about 5km from Badulla town.To reach the waterfall, we had to walk about more than 1km .",241,0.34854771784232363,24,1.927891643552635,0.6719622326075574,0.5469772573425516
Dunhinda Falls,Shops,4,2,6,12,neutral,0.752,While your way back you can enjoy hot belimal from small shops near by.,241,0.04979253112033195,10,2.803360380906535,0.13958640900779426,0.10496897957386128
Dunhinda Falls,Stairs,4,2,8,14,neutral,0.771,Helpful old man.It was about a 45 minute walk with steps and some hiking.,241,0.058091286307053944,47,1.255797872190522,0.07295091373720876,0.05624515449138796
Dunhinda Falls,Weather condition,2,20,1,23,negative,0.78,"This route was a foot path and little bit muddy (due to the rain the day before) and slippery , took us about 1 hour to reach the waterfall.Local ticket - Rs.",241,0.0954356846473029,82,0.6992262266363275,0.0667311336623881,0.05205028425666272
Dunhinda Falls,River,2,2,5,9,neutral,0.776,Nice fall though but not so high stream.,241,0.03734439834024896,33,1.6094379124341003,0.06010349050583777,0.04664030863253011
Dunhinda Falls,Souvenir stalls,1,2,9,12,neutral,0.755,"There are lots of stalls on the way down selling drinks and snacks, though when we visited (Monday morning) most of them were being closed and only one sold 'short eats' the rest sold packets of nuts, mango slices and drinks).",241,0.04979253112033195,49,1.214125175789954,0.06045436559949978,0.045643046027622335
Dunhinda Falls,Forest,10,0,1,11,positive,0.816,It is in a jungle setting but is easily accessible.,241,0.04564315352697095,51,1.1741198411762548,0.053590532169870544,0.043729874250614365
Dunhinda Falls,Safety,6,11,0,17,negative,0.828,It is very dangerous.,241,0.07053941908713693,86,0.651598177647073,0.045963356929461574,0.03805765953759418
Dunhinda Falls,Viewpoint,1,1,4,6,neutral,0.8,Viewing point is so safe.,241,0.024896265560165973,29,1.7386496439141066,0.04328588325097361,0.03462870660077889
Dunhinda Falls,Scenic view,16,1,11,28,positive,0.751,"In the event you are interested to start this journey from Colombo or Kandy, the best scenic and convenient way is to get in to the intercity train.",241,0.11618257261410789,128,0.25391520998096345,0.029500522321439737,0.022154892263401244
Dunhinda Falls,Ticket price,4,1,7,12,neutral,0.756,"This route was a foot path and little bit muddy (due to the rain the day before) and slippery , took us about 1 hour to reach the waterfall.Local ticket - Rs.",241,0.04979253112033195,94,0.5626506916305767,0.028015802072891782,0.021179946367106187
Dunhinda Falls,Entrance fee,3,0,3,6,positive,0.843,Perhaps the government who runs the maintenance of the falls can use the entrance fee they ask from tourists (which is ten times the local entrance fee!) to keep the place clean so tourists will come back.The positive thing about the falls is that it's a bit undiscovered by tourists.,241,0.024896265560165973,87,0.6400373552459969,0.015934539964630626,0.013432817190183617
Dunhinda Falls,Crowdedness,0,6,1,7,negative,0.814,We were there on a Sri Lankan holiday so it was very busy but almost entirely locals visiting.,241,0.029045643153526972,122,0.3019244291673241,0.008769589228926426,0.007138445632346111
Dutch Hospital Shopping Precinct,Shops,211,36,191,438,positive,0.754,"There are shops to browse and restaurants to eat/drink in with views over Galle Harbour, worth a visit.",1759,0.2490051165434906,10,2.803360380906535,0.698051078361036,0.5263305130842211
Dutch Hospital Shopping Precinct,Restaurants,225,25,174,424,positive,0.791,"There are shops to browse and restaurants to eat/drink in with views over Galle Harbour, worth a visit.",1759,0.24104604889141557,49,1.214125175789954,0.2926600764837638,0.23149412049865717
Dutch Hospital Shopping Precinct,Cafes,57,6,52,115,positive,0.775,Nice cafes and restaurants.,1759,0.06537805571347356,15,2.3978952727983707,0.15676973074008677,0.12149654132356724
Dutch Hospital Shopping Precinct,Colonial architecture,24,0,34,58,neutral,0.78,"beautiful trees and fort with colonial Dutch style buildings, if you are a history lover or an architecture, or shopping lover a place you can visit in Galle.",1759,0.03297328027288232,24,1.927891643552635,0.06356891149860877,0.04958375096891484
Dutch Hospital Shopping Precinct,Souvenir stalls,35,3,36,74,neutral,0.784,This is a nice area for souvenir shopping and having a drink or meal.,1759,0.04206935758953951,49,1.214125175789954,0.05107746617877009,0.040044733484155756
Dutch Hospital Shopping Precinct,Value for money,17,118,0,135,negative,0.868,Foods and beverages are quite expensive but 5 star service is provided among restaurants over here.,1759,0.07674815235929505,112,0.38744660260548613,0.029735810887857095,0.025810683850659957
Dutch Hospital Shopping Precinct,Toilets,23,0,2,25,positive,0.829,I found myself coming back each time I visited Galle as the best toilets are there on the ground floor.,1759,0.014212620807276862,37,1.4950275612563562,0.02124825982456447,0.017614807394563944
Dutch Hospital Shopping Precinct,Ticket price,28,10,27,65,positive,0.807,"have to try Sri Lankan ,curries like you dream of ,if this is not for you then there is plenty of menu's to suit everyone's taste.Prices are cheap compared to european dining and drinks are reasonable also ,for the ladies plenty to see in the lower floors",1759,0.03695281409891984,94,0.5626506916305767,0.020791526410453374,0.016778761813235874
Dutch Hospital Shopping Precinct,Heritage site,10,0,11,21,neutral,0.786,"It's great to see efforts being undertaken to preserve heritage buildings such as the Dutch Hospital, but looking at what has become of it, I wonder what it adds to its environment.",1759,0.011938601478112564,30,1.7047480922384253,0.020352308093807236,0.01599691416173249
Dutch Hospital Shopping Precinct,Market,7,0,7,14,positive,0.781,"Like the Old Dutch Hospital in Colombo, it is quite up-market but the quality of the offerings is good.",1759,0.007959067652075043,16,2.3333567516607996,0.01857134424289437,0.014504219853700505
Dutch Hospital Shopping Precinct,Accommodation,13,4,24,41,neutral,0.779,"Clearly aimed at the affluent tourists, this is not the real Sri Lanka!Lots of average food venues, but despite being a tax free area, you will find 29% added to your bill.....and at one hotel cafe, 5 cokes and 3 ice creams came to £40!!!!So go walk around, buy nothing, go buy cheaper elsewhere.",1759,0.023308698123934053,90,0.6061358035703155,0.014128236467528673,0.011005896208204836
Dutch Hospital Shopping Precinct,Service quality,21,2,13,36,positive,0.796,Foods and beverages are quite expensive but 5 star service is provided among restaurants over here.,1759,0.02046617396247868,88,0.6286086594223741,0.012865214178058821,0.010240710485734822
Dutch Hospital Shopping Precinct,Lighthouse,2,0,4,6,neutral,0.773,"This is used as drop off point by many tuk tuks and taxis also next to the lighthouse, beautiful buildings housing shops and restaurants, walk along the wall at the back and see great views out to sea.",1759,0.0034110289937464467,5,3.4965075614664802,0.01192668866901585,0.009219330341149252
Dutch Hospital Shopping Precinct,Public transport access,14,3,14,31,positive,0.813,"This is used as drop off point by many tuk tuks and taxis also next to the lighthouse, beautiful buildings housing shops and restaurants, walk along the wall at the back and see great views out to sea.",1759,0.01762364980102331,90,0.6061358035703155,0.010682325133985093,0.00868473033392988
Dutch Hospital Shopping Precinct,Cleanliness,45,3,0,48,positive,0.881,Good Clean Loos !,1759,0.027288231949971573,117,0.34377153910282454,0.009380917496836599,0.008264588314713044
Dutch Hospital Shopping Precinct,Scenic view,60,1,10,71,positive,0.803,"There are shops to browse and restaurants to eat/drink in with views over Galle Harbour, worth a visit.",1759,0.04036384309266629,128,0.25391520998096345,0.010248993694513021,0.008229941936693956
Dutch Hospital Shopping Precinct,Crowdedness,9,38,5,52,negative,0.835,"From the high end designer shops on the ground floor, to the touristy jewellers and wierd souvenier shops upstairs, plus the fantastic cafes all over the place, makes this a MUST SEE in Galle!",1759,0.029562251279135872,122,0.3019244291673241,0.008925565842354094,0.0074528474783656685
Dutch Hospital Shopping Precinct,Noise level,0,9,0,9,negative,0.809,"It is a really pleasant bar, no loud music, no pushy staff, ice cold beer and the most amazing wedges on offer.",1759,0.00511654349061967,32,1.640209571100854,0.008392203604268155,0.006789292715852938
Dutch Hospital Shopping Precinct,Accessibility,8,0,0,8,positive,0.845,Wheelchair unfriendly,1759,0.0045480386583285955,36,1.5224265354444706,0.006924054737666722,0.00585082625332838
Dutch Hospital Shopping Precinct,Weather condition,3,14,1,18,negative,0.75,"Late afternoon, early evening would be a pleasant time to sit outdoors, as it gets pretty hot in the day.",1759,0.01023308698123934,82,0.6992262266363275,0.007155242796733311,0.005366432097549984
Dutch Hospital Shopping Precinct,Family friendliness,11,0,7,18,positive,0.781,Nice to be with your family,1759,0.01023308698123934,89,0.6173091041684409,0.006316977757266592,0.004933559628425208
Dutch Hospital Shopping Precinct,Sunset view,5,0,2,7,positive,0.823,Nice view from the ramparts but sunset is the other end of town!,1759,0.003979533826037522,44,1.3217558399823195,0.005259972074972278,0.004328957017702185
Dutch Hospital Shopping Precinct,Museum,2,0,4,6,neutral,0.773,First floor gallery is a great place to eat,1759,0.0034110289937464467,36,1.5224265354444706,0.005193041053250041,0.004014220734162282
Dutch Hospital Shopping Precinct,Parking,2,0,6,8,neutral,0.76,Good parking and excellent views are an added bonus.,1759,0.0045480386583285955,54,1.1169614273363062,0.005079983751387407,0.003860787651054429
Dutch Hospital Shopping Precinct,Stairs,3,0,3,6,positive,0.763,"And while you're in it, don't forget to walk up the steps to the next floor for a wonderful view of the waves crashing against the rocks and the sea wall.",1759,0.0034110289937464467,47,1.255797872190522,0.004283562952326965,0.0032683585326254744
Dutch Hospital Shopping Precinct,Peacefulness,18,2,0,20,positive,0.802,"Good place to rest and some of modern restaurant, clean and quiet place for tourist to relax and nice restroom.",1759,0.01137009664582149,129,0.24613306953890854,0.0027985567883900913,0.0022444425442888533
Dutch Hospital Shopping Precinct,Beach,1,0,4,5,neutral,0.76,2 of my favourite places here is Aminute by tuk tuk and tap house.upper levels seatings give a good view of the beach,1759,0.0028425241614553724,64,0.9470623905409088,0.002692047727518217,0.002045956272913845
Elephant Pass,Elephants,8,4,33,45,neutral,0.76,The Elephant pass is a nice stop on the way to Jaffna.,118,0.3813559322033898,33,1.6094379124341003,0.613768695419784,0.4664642085190358
Elephant Pass,Lagoon,3,0,8,11,neutral,0.767,Great expanse of sandy areas and then the lagoon on one side and the Bay of Bengal on the other.,118,0.09322033898305085,11,2.70805020110221,0.25244535772986704,0.19362558937880803
Elephant Pass,Sunrise view,1,0,5,6,neutral,0.817,The morning sunrise is stunning.,118,0.05084745762711865,21,2.0614230361771577,0.1048181204835843,0.08563640443508837
Elephant Pass,Bridge,2,0,4,6,neutral,0.76,You can see sea on both sides which make you feel that you are travelling on a very long bridge.One can see the railway track being laid which is going to be the rail route for the Yaal Devi train connecting Jaffna with Colombo.A historic landmark of Sri Lanka worth seeing.,118,0.05084745762711865,20,2.1102132003465894,0.10729897628880963,0.08154722197949532
Elephant Pass,Sculptures,4,1,6,11,neutral,0.782,It contains beautiful carvings that tell the war-and-peace story in a perfect balanced way.,118,0.09322033898305085,55,1.0986122886681098,0.10241300996058651,0.08008697378917866
Elephant Pass,Sunset view,1,0,6,7,neutral,0.806,"We travelled in early morning and with the sunset, the horizon was amazing.",118,0.059322033898305086,44,1.3217558399823195,0.07840924474471388,0.0631978512642394
Elephant Pass,Toilets,3,1,2,6,positive,0.793,Great stop off on our way up to Jaffna clean toilets!!,118,0.05084745762711865,37,1.4950275612563562,0.0760183505723571,0.060282552003879185
Elephant Pass,Birds,3,0,2,5,positive,0.752,"Iranamadu Tank and Chundikulam Bird Sanctuary are nearby.As you approach Jaffna Peninsula, this is a good place to take a break and stretch your legs as the facilities are good.",118,0.0423728813559322,40,1.4170660197866443,0.06004517032994255,0.045153968088116794
Elephant Pass,Scenic view,10,0,5,15,positive,0.771,Beautiful view,118,0.1271186440677966,128,0.25391520998096345,0.03227735720096993,0.024885842401947814
Elephant Pass,Cleanliness,5,1,0,6,positive,0.873,Great stop off on our way up to Jaffna clean toilets!!,118,0.05084745762711865,117,0.34377153910282454,0.01747990876794023,0.015259960354411822
Elephant Transit Home (ETH),Elephants,262,19,181,462,positive,0.79,"ETH feedings times are 06 AM , 09 AM, 12 AM , 03 PM & 06 PM.Best thing is tourists cant touch or feed the elephants.When Elephants are getting matured they will release to the National parks.Highly recommend to visit if you have children...",996,0.463855421686747,33,1.6094379124341003,0.7465465015507573,0.5897717362250983
Elephant Transit Home (ETH),Wildlife,58,7,58,123,positive,0.784,"However, when we visited it was feeding time and it was incredibly busy with tourists meaning most people could not see any of the animals.",996,0.12349397590361445,54,1.1169614273363062,0.1379380075927366,0.10814339795270551
Elephant Transit Home (ETH),Museum,23,1,9,33,positive,0.795,"We targeted the mid day feed, happen every 3 hours- and had a lovely hour or so watching the variety of young elephants being fed and then relaxing by the pool!This place does wonderful work - well managed and with a helpful 'museum'/ info centre.",996,0.03313253012048193,36,1.5224265354444706,0.050441843041834876,0.04010126521825873
Elephant Transit Home (ETH),Ticket price,20,4,36,60,neutral,0.778,The transit home is not expensive and well worth the price.,996,0.060240963855421686,94,0.5626506916305767,0.03389461997774558,0.02637001434268606
Elephant Transit Home (ETH),Family friendliness,25,3,26,54,neutral,0.762,"ETH feedings times are 06 AM , 09 AM, 12 AM , 03 PM & 06 PM.Best thing is tourists cant touch or feed the elephants.When Elephants are getting matured they will release to the National parks.Highly recommend to visit if you have children...",996,0.05421686746987952,89,0.6173091041684409,0.03346856588865041,0.025503047207151613
Elephant Transit Home (ETH),Service quality,14,5,22,41,neutral,0.775,"We targeted the mid day feed, happen every 3 hours- and had a lovely hour or so watching the variety of young elephants being fed and then relaxing by the pool!This place does wonderful work - well managed and with a helpful 'museum'/ info centre.",996,0.04116465863453815,88,0.6286086594223741,0.025876460879836683,0.02005425718187343
Elephant Transit Home (ETH),Noise level,0,13,0,13,negative,0.769,"Finding a happy safe path for both is proving very difficult and you will see evidence of this almost everywhere you go in Sri Lanka.The best time to go to Elephant Transit Home is early in the morning around 9am, this we found at least was the time with the fewest visitors so the the noise and crowds were minimum.",996,0.013052208835341365,32,1.640209571100854,0.021408357855734035,0.016463027191059472
Elephant Transit Home (ETH),Value for money,38,5,0,43,positive,0.818,"They feed the babies every three hours from 6am, it is cheap to get in, and all the money goes to helping the elephants.",996,0.04317269076305221,112,0.38744660260548613,0.016727112361481833,0.013682777911692139
Elephant Transit Home (ETH),Entrance fee,10,0,15,25,neutral,0.838,The entrance fee is very reasonable however a donation on top of the entrance fee would very well received.,996,0.025100401606425703,87,0.6400373552459969,0.01606519465978908,0.013462633124903247
Elephant Transit Home (ETH),Forest,4,0,9,13,neutral,0.762,So nice to see how the orphan elephants are fed and trained to go back to the jungle as the reach 5 years.,996,0.013052208835341365,51,1.1741198411762548,0.015324857364750312,0.011677541311939738
Elephant Transit Home (ETH),Crowdedness,1,29,4,34,negative,0.824,Very Busy,996,0.03413654618473896,122,0.3019244291673241,0.010306657220571305,0.008492685549750755
Elephant Transit Home (ETH),Scenic view,23,3,14,40,positive,0.761,You watch from a balcony and have good views.,996,0.040160642570281124,128,0.25391520998096345,0.01019739799120335,0.00776021987130575
Elephant Transit Home (ETH),Birds,2,0,4,6,neutral,0.76,"mostly all to ourselves, it was also nice and cool and the elephants were in a very playful mood, there were also a good number of birds around.Whats so nice for the elephants is that the tourist don't get to ride or interact with them at all, they come in get fed milk and play around the water hole area, this happens four",996,0.006024096385542169,40,1.4170660197866443,0.008536542287871351,0.006487772138782227
Elephant Transit Home (ETH),Accessibility,1,0,4,5,neutral,0.792,"This is a wonderful place to visit, seeing the baby elephants and the disabled elephants running towards the feeding station is a sight to behold!",996,0.0050200803212851405,36,1.5224265354444706,0.007642703491187101,0.006053021165020185
Elephant Transit Home (ETH),Safety,6,3,2,11,positive,0.815,"Finding a happy safe path for both is proving very difficult and you will see evidence of this almost everywhere you go in Sri Lanka.The best time to go to Elephant Transit Home is early in the morning around 9am, this we found at least was the time with the fewest visitors so the the noise and crowds were minimum.",996,0.01104417670682731,86,0.651598177647073,0.007196365415780927,0.005865037813861455
Elephant Transit Home (ETH),Souvenir stalls,1,0,5,6,neutral,0.75,Also outside the park there are a few nice shops and stalls selling souvenirs of elephant type things.,996,0.006024096385542169,49,1.214125175789954,0.007314007083072013,0.00548550531230401
Elephant Transit Home (ETH),Weather condition,0,5,1,6,negative,0.757,It is terraced and covered so you get protection from the rain or sun.,996,0.006024096385542169,82,0.6992262266363275,0.00421220618455619,0.003188640081709036
Elephant Transit Home (ETH),Accommodation,2,1,2,5,positive,0.776,We had arrived at 3pm and it was both busy and noisy so as our hotel wasn't so far and we were self driving we decided to come back the next day.,996,0.0050200803212851405,90,0.6061358035703155,0.0030428504195296963,0.0023612519255550445
Elephant Transit Home (ETH),Peacefulness,10,1,0,11,positive,0.804,Quiet and peaceful,996,0.01104417670682731,129,0.24613306953890854,0.0027183371133815202,0.0021855430391587425
Elephant Transit Home (ETH),Cleanliness,3,2,0,5,positive,0.872,"They all look healthy and taken care of (we saw one with his leg in a cast), the place is really clean and it's heartwarming to see these beasts being cared for.",996,0.0050200803212851405,117,0.34377153910282454,0.0017257607384679947,0.0015048633639440914
Ella Rock,Trail,84,28,118,230,neutral,0.759,"forest though you're on your own, we took the wrong path maybe twice but soon found some other tourists coming down who put us back on track.We got the rock viewpoint to ourselves for a good 10 minutes and probably spent 30 mins at the top admiring the views, loved it.",1661,0.13847080072245635,39,1.4423838277709342,0.19972804358056284,0.1515935850776472
Ella Rock,Local guide,71,31,95,197,neutral,0.759,"I know that you can do it on your own but a good local guide can make you be hosted by local families and try their food, as I did.",1661,0.11860325105358217,66,0.9162907318741551,0.10867505971054096,0.08248437032030059
Ella Rock,Tea plantation,26,5,41,72,neutral,0.812,"Absolutely beautiful view from the top, a nice trek through tea plantations and jungle to get there as well!",1661,0.04334738109572547,16,2.3333567516607996,0.10114490434652472,0.08212966232937807
Ella Rock,Bridge,10,3,50,63,neutral,0.756,Immediately after this rock is a sharp left turn down to a small bridge and then a little steep climb into the tea plantation.,1661,0.037928958458759786,20,2.1102132003465894,0.08003818881507233,0.06050887074419468
Ella Rock,Viewpoint,25,10,34,69,neutral,0.799,"your own, we took the wrong path maybe twice but soon found some other tourists coming down who put us back on track.We got the rock viewpoint to ourselves for a good 10 minutes and probably spent 30 mins at the top admiring the views, loved it.",1661,0.041541240216736906,29,1.7386496439141066,0.07222566251057999,0.057708304345953414
Ella Rock,Waterfall,26,6,30,62,neutral,0.78,"We came back to Ella town around 10 AM.Level - Hard (provided you take the difficult route)Time - 4 hours (includes taking pictures, time spent on top, waterfall)Preparation - Start the climb at 4:00 - 5:00Wear proper trekking shoes and plenty of water as you won't get anything in route.",1661,0.03732691149909693,24,1.927891643552635,0.07196224075873772,0.05613054779181543
Ella Rock,Scenic view,291,11,78,380,positive,0.801,"It is not a hard one, it takes only a couple of hours but you will get a marvellous view.",1661,0.22877784467188442,128,0.25391520998096345,0.05809017446885377,0.04653022974955187
Ella Rock,Sunrise view,23,3,16,42,positive,0.834,Better start early morning and the scenery with the sun rise is very nice.,1661,0.025285972305839857,21,2.0614230361771577,0.05212508580339592,0.043472321560032195
Ella Rock,Weather condition,7,64,8,79,negative,0.757,If it was raining I would imagine that particular part would be extremely slippy due to the muddy clay so think about this if it is raining.,1661,0.047561709813365445,82,0.6992262266363275,0.03325639488517151,0.02517509092807483
Ella Rock,Forest,14,7,24,45,neutral,0.776,"Ask the locals if you get lost finding the path, they will help you!Once you're in the forest though you're on your own, we took the wrong path maybe twice but soon found some other tourists coming down who put us back on track.We got the rock viewpoint to ourselves for a good",1661,0.027092113184828417,51,1.1741198411762548,0.03180938762969986,0.024684084800647096
Ella Rock,Leeches,0,10,3,13,negative,0.786,"You can stay as long as you like, just be aware of leeches, they really suck!",1661,0.007826610475617099,8,3.0265039322207445,0.02368726738041522,0.018618192161006367
Ella Rock,Ticket price,19,4,34,57,neutral,0.767,Admittedly she showed us through lovely scenery and up to breathtaking views from the top but as we suspected when we returned to the base she then wanted 4000 rupees.,1661,0.03431667670078266,94,0.5626506916305767,0.01930830188015826,0.014809467542081385
Ella Rock,Public transport access,8,0,38,46,neutral,0.778,I recommend to go down and take pictures of the waterfall and then return to the railway line and walk another 5 or so minutes until you reach kital Ella train station.,1661,0.027694160144491272,90,0.6061358035703155,0.01678642201338622,0.01305983632641448
Ella Rock,Accommodation,16,2,25,43,neutral,0.773,You dont need a guide.Follow the train tracks out of town for about 40 minutes (you may need to ask where is the best place to join the tracks from your accommodation but literally from anywhere).,1661,0.02588801926550271,90,0.6061358035703155,0.015691655360339292,0.012129649593542274
Ella Rock,River,1,1,13,15,neutral,0.751,"By the time I was heading down, there was almost a constant stream of people going up and I can imagine it got quite packed at the top!Do your research before you go - it's perfectly do-able without a guide, but you need to know where you're going and",1661,0.009030704394942806,33,1.6094379124341003,0.014534358029206206,0.01091530287993386
Ella Rock,Souvenir stalls,7,0,11,18,neutral,0.772,"About half way there is a small tea stall where you can enjoy tea, fresh coconuts, soft drinks, water, rotis.I recommend to start out early in the morning as it becomes too hot once you reach midday.",1661,0.010836845273931367,49,1.214125175789954,0.013157286673220454,0.010157425311726191
Ella Rock,Family friendliness,13,1,19,33,neutral,0.751,"I know that you can do it on your own but a good local guide can make you be hosted by local families and try their food, as I did.",1661,0.019867549668874173,89,0.6173091041684409,0.01226441928811472,0.009210578885374155
Ella Rock,Hindu shrine,7,0,5,12,positive,0.782,He was full of interesting local knowledge and once at the top we also visited a hidden shrine and another view point which had we gone on our own we would have missed out on.,1661,0.007224563515954244,39,1.4423838277709342,0.010420593578116321,0.008148904178086964
Ella Rock,Buddha statue,4,0,8,12,neutral,0.783,"Having said that I thought it was 6km return hike, actually 13km round trip, so proud of me :) There is also a Buddha cave, a forest walk & beautiful waterfall to climb down to see.Going down is easier in daylight tho just as amazing, reaching the base, a refreshing cup of tea & freshly made Sri Lankan",1661,0.007224563515954244,47,1.255797872190522,0.009072591490840618,0.007103839137328204
Ella Rock,Service quality,13,3,3,19,positive,0.784,We found great directions online beforehand with pictures and helpful descriptions.,1661,0.011438892233594221,88,0.6286086594223741,0.0071905867122366695,0.005637419982393549
Ella Rock,Crowdedness,6,29,0,35,negative,0.853,"On our way down, the trail was properly busy and I can imagine that from about 10am it’d be a bit more crowded at the top.",1661,0.02107164358819988,122,0.3019244291673241,0.006362043961984553,0.005426823499572824
Ella Rock,Guided tours,1,0,6,7,neutral,0.789,"We were unsure if it was worth getting a tour guide at first - but I’m so glad we did, I don’t think I would have felt comfortable hiking in the dark without one and it meant that we stayed on the right track and made it to the top for the sunrise.",1661,0.004214328717639976,36,1.5224265354444706,0.006416005868820767,0.005062228630499585
Ella Rock,Value for money,9,18,0,27,negative,0.803,very expensive.,1661,0.01625526791089705,112,0.38744660260548613,0.00629804832651904,0.005057332806194789
Ella Rock,Sculptures,0,1,9,10,neutral,0.75,"There are decent instructions in the internet on how to go there.If you are too lazy, get a guide, shouldn't be too expensive.If you are adventurous, go and figure out your way withother hikers.The last half of the hike is hard for normal people.",1661,0.006020469596628537,55,1.0986122886681098,0.006614161882408849,0.004960621411806637
Ella Rock,Safety,8,7,0,15,positive,0.832,"But the 'right path' was very dangerous and he kept ask us to follow him.The path was small and had tall plants both size, which made u get lost easily.",1661,0.009030704394942806,86,0.651598177647073,0.005884390526614145,0.004895812918142969
Ella Rock,Entrance fee,4,1,11,16,neutral,0.774,"Some locals will try to help you along the way for a small fee, not always necessary but if you keep getting lost it's probably worth it.",1661,0.00963275135460566,87,0.6400373552459969,0.0061653207007441,0.004771958222375933
Ella Rock,Birds,3,0,3,6,positive,0.777,"The walk along the tracks was interesting and enjoyable - past homestays, farms and we spotted lots of birds, butterflies and the occasional monkey.",1661,0.003612281757977122,40,1.4170660197866443,0.005118841733124543,0.0039773400266377695
Ella Rock,Toilets,2,0,3,5,neutral,0.78,There are free toilets at the top if needed.,1661,0.0030102347983142685,37,1.4950275612563562,0.0045003839893328,0.003510299511679584
Ella Rock,Temple,5,0,4,9,positive,0.778,"we recommend to go to the ""temple"", then your up.",1661,0.005418422636965683,76,0.7752121336142496,0.004200426973225916,0.0032679321851697626
Ella Rock,Restaurants,1,0,4,5,neutral,0.76,Top of the mountain Restaurant and food chargers not so good.,1661,0.0030102347983142685,49,1.214125175789954,0.003654801853672348,0.0027776494087909847
Ella Rock,Cleanliness,1,7,0,8,negative,0.855,"summer clothing,hat or cap and a bottle of water will be must-carry,as the climb needs hours and on a rough path.Be concerned not to litter or bring any polythene to the mountain as it is protected site by the forest department and also it is our mother nature!Be mindful about the trains as walking on the tracks towards kithalella.",1661,0.00481637567730283,117,0.34377153910282454,0.0016557328794838027,0.0014156516119586513
Ella Rock,Peacefulness,11,0,0,11,positive,0.811,Very quiet when we were up there (about 2pm).,1661,0.006622516556291391,129,0.24613306953890854,0.001630020328072242,0.0013219464860665883
Embekka Devalaya,Sculptures,23,0,13,36,positive,0.793,Good place to visit for wood carving and history studies.,75,0.48,55,1.0986122886681098,0.5273338985606927,0.41817578155862933
Embekka Devalaya,Temple,19,1,6,26,positive,0.802,This temple has a good number of different carvings.,75,0.3466666666666667,76,0.7752121336142496,0.26874020631960654,0.21552964546832445
Embekka Devalaya,Hindu shrine,3,0,5,8,neutral,0.773,This shrine has richly carved wooden pillars which are beautiful.,75,0.10666666666666667,39,1.4423838277709342,0.153854274962233,0.11892935454580611
Embekka Devalaya,Peacefulness,5,0,0,5,positive,0.84,Lovely peaceful old temple in a very small village.with brass and wood artisans working.,75,0.06666666666666667,129,0.24613306953890854,0.016408871302593903,0.013783451894178879
Fort Frederick,Temple,70,5,73,148,neutral,0.78,It's worth a stop if you are visiting the must see Koneswaram Temple.,456,0.32456140350877194,76,0.7752121336142496,0.25160393810287046,0.19625107172023898
Fort Frederick,Hindu shrine,28,1,26,55,positive,0.784,"The tame deer that roam the site are everywhere and when you get to the top of the hill, it's worth it to remove your shoes, to have a look at the Hindu Kovil and the view down to the sea below from there.",456,0.1206140350877193,39,1.4423838277709342,0.17397173361272233,0.13639383915237432
Fort Frederick,Colonial architecture,7,0,13,20,neutral,0.779,A well preserved colonial land mark on your way to Famous Konneshwaran temple.,456,0.043859649122807015,24,1.927891643552635,0.0845566510330103,0.06586963115471503
Fort Frederick,Fortress,4,0,6,10,neutral,0.768,"this is one of the best kept fortresses in Sri Lanka, the area is well kept and the security is guaranteed with Army camp .",456,0.021929824561403508,9,2.908720896564361,0.06378773895974475,0.04898898352108397
Fort Frederick,Souvenir stalls,8,0,10,18,neutral,0.778,"Beautiful, 1675 Fort Fredrick is well preserved and a shady walk leading upto the kovil with loads of street vendors selling almost everything from candy floss to handbags !",456,0.039473684210526314,49,1.214125175789954,0.0479259937811824,0.0372864231617599
Fort Frederick,Beach,11,2,9,22,positive,0.786,And the beach surrounding it is amazing.,456,0.04824561403508772,64,0.9470623905409088,0.04569160656118419,0.035913602757090775
Fort Frederick,Scenic view,53,1,20,74,positive,0.786,"The tame deer that roam the site are everywhere and when you get to the top of the hill, it's worth it to remove your shoes, to have a look at the Hindu Kovil and the view down to the sea below from there.",456,0.16228070175438597,128,0.25391520998096345,0.04120553846182302,0.03238755323099289
Fort Frederick,Market,2,0,3,5,neutral,0.772,A market is lined up and good for souvenirs.,456,0.010964912280701754,16,2.3333567516607996,0.025585052101543854,0.019751660222391856
Fort Frederick,Birds,2,0,6,8,neutral,0.76,On the way you will see beautiful deer and very likely peacocks which wander freely.,456,0.017543859649122806,40,1.4170660197866443,0.024860807364677967,0.018894213597155256
Fort Frederick,Viewpoint,1,0,4,5,neutral,0.752,But interesting place and enjoyed checking out the Dutch lookout ares with the Buddhist and Hindu influences.,456,0.010964912280701754,29,1.7386496439141066,0.019064140832391517,0.014336233905958421
Fort Frederick,Buddha statue,3,1,2,6,positive,0.813,"Near the statue of the Buddha good panoramic view of Trincomalee.Hindu temple a popular place, a lot of pilgrims.",456,0.013157894736842105,47,1.255797872190522,0.016523656213033186,0.013433732501195979
Fort Frederick,Public transport access,5,1,6,12,neutral,0.803,The Portugese built this fort in 1623.It had an interesting entrance unsuitable for tour buses but OK for local buses.There was a good informative plaque in English inside the entrance that with a flash made a good photo.,456,0.02631578947368421,90,0.6061358035703155,0.015950942199218828,0.01280860658597272
Fort Frederick,Value for money,16,1,0,17,positive,0.809,the prices are cheap for the small items if you want to buy some souvenirs.,456,0.03728070175438596,112,0.38744660260548613,0.014444281237485227,0.01168542352112555
Fort Frederick,Wildlife,2,1,3,6,neutral,0.783,Through the way you can see many cute animals :) best to see if the weather is not the best for the beach,456,0.013157894736842105,54,1.1169614273363062,0.014696860886004028,0.011507642073741154
Fort Frederick,Cleanliness,12,4,0,16,positive,0.878,well maintained,456,0.03508771929824561,117,0.34377153910282454,0.012062159266765772,0.010590575836220348
Fort Frederick,Sculptures,4,0,1,5,positive,0.804,"Near the statue of the Buddha good panoramic view of Trincomalee.Hindu temple a popular place, a lot of pilgrims.",456,0.010964912280701754,55,1.0986122886681098,0.012046187375746817,0.009685134650100442
Fort Frederick,Parking,1,0,4,5,neutral,0.784,The only interesting aspect is the temple which is a short walk from the car park on the other side of the fort from the entrance.,456,0.010964912280701754,54,1.1169614273363062,0.012247384071670024,0.0096019491121893
Fort Frederick,Entrance fee,1,1,4,6,neutral,0.82,This was not an entry fee just a fee for him being there – a bit rude I thought !,456,0.013157894736842105,87,0.6400373552459969,0.008421544147973643,0.006905666201338387
Fort Frederick,Crowdedness,0,9,0,9,negative,0.831,Busy Fort,456,0.019736842105263157,122,0.3019244291673241,0.005959034786197186,0.004951957907329861
Fort Frederick,Peacefulness,9,0,0,9,positive,0.791,The setting is serene and it is interesting to see the fort still in use.,456,0.019736842105263157,129,0.24613306953890854,0.004857889530373195,0.003842590618525197
Gal Oya National Park,Elephants,26,0,23,49,positive,0.787,Elephants have made these islands their own as they are the best swimmers of all the mammals in the park.,188,0.26063829787234044,33,1.6094379124341003,0.4194811580280368,0.330131671368065
Gal Oya National Park,Birds,21,0,18,39,positive,0.786,"Whilst not an ornithologists, I could not help be awed by the displays of abandoned free flying by the hosts of birds as they swooped and wheeled in telepathic unison above us.",188,0.2074468085106383,40,1.4170660197866443,0.29396582325361237,0.23105713707733933
Gal Oya National Park,Wildlife,13,1,16,30,neutral,0.783,"this is a very beautiful place to visit if you are interested in wildlife, especially elephants.",188,0.1595744680851064,54,1.1169614273363062,0.17823852563877227,0.1395607655751587
Gal Oya National Park,Forest,5,2,6,13,neutral,0.785,Pity.There seems to be a lot of elephants which can be viewed from the boat as well as from the vehicles.the jungle inside the park it self is very beautiful.,188,0.06914893617021277,51,1.1741198411762548,0.0811891379536772,0.0637334732936366
Gal Oya National Park,Leopards,2,0,4,6,neutral,0.773,Dont expect to see leopards as at Yala or the great herds of elephants as at Kaudulla but you will find a beautiful savannah and a serene lake with masses of water birds and elephants coming down to drink.,188,0.031914893617021274,13,2.540996116439044,0.08109562073741629,0.0626869148300228
Gal Oya National Park,River,3,1,2,6,positive,0.793,"For Camping lovers this is a perfect place where one can spot a variety of birds or just relax at the campsite enjoying a river bath.We thoroughly enjoyed our stay here, it was so relaxing as all one hears is the chirping of birds, and the wide canopy of trees makes it cool to camp under.",188,0.031914893617021274,33,1.6094379124341003,0.05136503975853511,0.040732476528518344
Gal Oya National Park,Trail,1,1,3,5,neutral,0.756,"Once in the park, we drove through a forest track for a while, which got boring quite quickly as there was nothing to see in the thick trees.",188,0.026595744680851064,39,1.4423838277709342,0.03836127201518442,0.02900112164347942
Gal Oya National Park,Weather condition,2,4,1,7,negative,0.78,"It was a beautiful morning, mellow with golden light, hushed with no wind and mirror perfect.",188,0.03723404255319149,82,0.6992262266363275,0.026035019076884533,0.020307314879969937
Gal Oya National Park,Safety,4,1,0,5,positive,0.816,"Time to begin the day.No breakfast or even a cup of tea, we scrambled to leave Bibile and were on the road and dodging the jogging platoons of soldiers flanked by white clad PT instructors, armed guards, an ambulance and support trucks by 5.30am.",188,0.026595744680851064,86,0.651598177647073,0.017329738767209387,0.014141066834042858
Gal Oya National Park,Peacefulness,12,0,0,12,positive,0.81,face in these wild parts of Sri Lanka.Once back aboard we struggled with the now intense heat radiating off the water and all went quiet while we motored across the entire width of the lake to creep up on a baby elephant testing its limits on a remote shore.,188,0.06382978723404255,129,0.24613306953890854,0.01571062145993033,0.012725603382543568
Gal Oya National Park,Accommodation,2,0,3,5,neutral,0.764,Wonderful staff and food and incredible accommodation - it's a truly unique experience in any country.,188,0.026595744680851064,90,0.6061358035703155,0.016120633073678604,0.012316163668290454
Gal Oya National Park,Scenic view,9,0,2,11,positive,0.816,"Great views close up of various water birds nesting on the rocky islands, and some lovely scenery but not a lot else.",188,0.05851063829787234,128,0.25391520998096345,0.014856741009524457,0.012123100663771957
Gal Vihara,Buddha statue,136,4,140,280,neutral,0.802,Stand in awe and appreciate the great craftsmanship as each figure captured the solemn expressions of Buddha.,1124,0.2491103202846975,47,1.255797872190522,0.3128322101542226,0.2508914325436865
Gal Vihara,Sculptures,192,2,116,310,positive,0.792,"This is my second visit,the last time the statues were not covered but the covering have been done so well that it doesn't spoil them,and in fact helps keep the sun off the visitors .The statues are so impressive ,especially considering when they were built !!The skill of the workmen make you stand in wonder",1124,0.27580071174377224,55,1.0986122886681098,0.30299805114511924,0.23997445650693444
Gal Vihara,Ancient ruins,20,4,48,72,neutral,0.769,"without any info, As there are a lot of ruins in the site, it just seemed to me to be just another 3 buddha's, 1 of which was either sleeping or dead, dependent on who you asked.",1124,0.06405693950177936,23,1.9704512579714308,0.126221077023081,0.09706400823074929
Gal Vihara,Temple,61,3,84,148,neutral,0.775,the 4 statues that constitute the Gal Vihara have been well-preserved.,1124,0.13167259786476868,76,0.7752121336142496,0.1020741955292784,0.07910750153519076
Gal Vihara,Cave temple,10,0,14,24,neutral,0.812,GREAT ROCK TEMPLE IN SRI LANKA..!!!,1124,0.021352313167259787,8,3.0265039322207445,0.06462285976272053,0.05247376212732907
Gal Vihara,Heritage site,9,0,25,34,neutral,0.778,This is part of the historic Polonnaruwa Historical Site and one of the more interesting.,1124,0.030249110320284697,30,1.7047480922384253,0.051567113110415,0.04011921399990287
Gal Vihara,Local guide,21,2,23,46,neutral,0.755,We took a guide with us.....and the history to this site is quite fascinating.,1124,0.04092526690391459,66,0.9162907318741551,0.037499442763533036,0.028312079286467444
Gal Vihara,Ticket price,10,5,26,41,neutral,0.77,"was charged $32 because of my colour.I was so offended we turned straight around, although all sights in Sri Lanka charge tourist prices, this is too steep and not fair.",1124,0.036476868327402136,94,0.5626506916305767,0.020523735192930288,0.01580327609855632
Gal Vihara,Museum,4,1,8,13,neutral,0.772,"Is situated at the end of the visit (start with buying tickets at the museum, (3250 slr per adult, free for kids <6), then visit the museum and after this go to the ruines).",1124,0.011565836298932384,36,1.5224265354444706,0.01760813608610153,0.01359348105847038
Gal Vihara,Entrance fee,7,1,12,20,neutral,0.804,"Entrance tickets are pretty pricy, but if you love archeology, you wont be disappointed by this amazing graite skulpture.",1124,0.017793594306049824,87,0.6400373552459969,0.01138856503996436,0.009156406292131346
Gal Vihara,Stupa,2,0,5,7,neutral,0.763,"This place has the best Buddha stupha I have seen on my life, large 3 stupas created on the rock itself by long time back.",1124,0.006227758007117438,29,1.7386496439141066,0.01082788924145796,0.008261679491232424
Gal Vihara,Hindu shrine,4,0,4,8,positive,0.79,Amazingly beautiful Buddhist shrine devoted to various stages of Buddha's life.,1124,0.0071174377224199285,39,1.4423838277709342,0.010266077065985296,0.008110200882128384
Gal Vihara,Peacefulness,43,0,0,43,positive,0.807,It is such a peaceful location.One hour should be enough for the visit.,1124,0.03825622775800712,129,0.24613306953890854,0.00941612276705789,0.007598811073015718
Gal Vihara,Parking,0,0,9,9,neutral,0.758,This is about a five minute walk from the parking lot.,1124,0.00800711743772242,54,1.1169614273363062,0.008943641322087862,0.006779280122142599
Gal Vihara,Guided tours,2,0,4,6,neutral,0.8,"I visit through the Polonnaruwa Ruins would not be complete with seeing the impressive statues at Gal Vihara.I was blessed that my tour guide partnered with a guide he recommended I pay for, the guide used to work in the Archaeological Department.",1124,0.005338078291814947,36,1.5224265354444706,0.008126832039739167,0.006501465631791334
Gal Vihara,Elephants,1,1,3,5,neutral,0.78,Its more expensive to look at a rock then to visit and feed elephants.,1124,0.004448398576512456,33,1.6094379124341003,0.0071594213186570305,0.005584348628552484
Gal Vihara,Crowdedness,5,17,0,22,negative,0.824,bears a lengthy original inscription best seen in the oblique light of late afternoon when the site as a whole is cooler and less busy.Nearby as you leave the foundations of a small hall are visible and the paths nearby offer the chance of a pleasant short walk around the water seen as you approached from the road.Gal,1124,0.019572953736654804,122,0.3019244291673241,0.005909552884057945,0.004869471576463747
Gal Vihara,Family friendliness,4,1,6,11,neutral,0.756,"Is situated at the end of the visit (start with buying tickets at the museum, (3250 slr per adult, free for kids <6), then visit the museum and after this go to the ruines).",1124,0.009786476868327402,89,0.6173091041684409,0.006041281268552357,0.004567208639025582
Gal Vihara,Value for money,5,8,0,13,negative,0.852,Staff couldnt understand much English so thought that i was complaining that Sri Lankans see this for free whilst i was charged a lot.,1124,0.011565836298932384,112,0.38744660260548613,0.004481143980312562,0.0038179346712263027
Gal Vihara,Safety,4,0,1,5,positive,0.828,"The statues, guard stones and moonstones at the 4 entrances are very well preserved.",1124,0.004448398576512456,86,0.651598177647073,0.00289856840590335,0.0024000146400879733
Gal Vihara,Cleanliness,7,0,0,7,positive,0.88,"Cannot believe they are this old, Sri Lankan people and government must have put significant effort to keep them well maintained until this day.",1124,0.006227758007117438,117,0.34377153910282454,0.002140925955266701,0.0018840148406346969
Galle Dutch Fort,Shops,101,16,89,206,positive,0.76,Modern stores located within beautiful restored and maintained buildings.,1754,0.11744583808437856,10,2.803360380906535,0.3292430093881107,0.2502246871349641
Galle Dutch Fort,Sea,85,5,34,124,positive,0.766,It requires two or three hours and the west side is perfect for watching amazing sunset in the sea,1754,0.07069555302166476,7,3.1600353248452673,0.22340044485793223,0.1711247407611761
Galle Dutch Fort,Restaurants,90,10,87,187,positive,0.783,"While expensive for Sri Lanka, these high end restaurants are half the price of any western.",1754,0.10661345496009123,49,1.214125175789954,0.1294420797449951,0.10135314844033118
Galle Dutch Fort,Cafes,47,4,33,84,positive,0.783,"There's a great choice of restaurants and cafes, little shops, boutiques and houses.It's nice to really walk all the streets and explore the fort on foot.",1754,0.04789053591790194,15,2.3978952727983707,0.11483648968931764,0.08991697142673571
Galle Dutch Fort,Lighthouse,20,3,25,48,neutral,0.777,"If you go to the end of lighthouse rd and climb up to the Fort you will find a wooden staircase down to a small sandy area, the water was lovely and clean and a welcome relief from the heat.",1754,0.027366020524515394,5,3.4965075614664802,0.09568549769121497,0.07434763170607403
Galle Dutch Fort,Church,24,0,32,56,neutral,0.775,We stayed at the culture club by merry holidays at church street which is a great hotel.,1754,0.03192702394526796,9,2.908720896564361,0.09286680171471165,0.07197177132890153
Galle Dutch Fort,Heritage site,31,6,53,90,neutral,0.792,"This beautiful colonial heritage of 15th century is one of the best sights in Galle, giving a panoramic see view from its top.",1754,0.05131128848346636,30,1.7047480922384253,0.08747282115248475,0.06927847435276793
Galle Dutch Fort,Colonial architecture,27,2,27,56,positive,0.787,The Dutch architecture was really beautiful,1754,0.03192702394526796,24,1.927891643552635,0.06155184266758698,0.04844130017939095
Galle Dutch Fort,Sunset view,49,2,17,68,positive,0.847,We went to the fort in the evening around sunset and the place was really beautiful.,1754,0.03876852907639681,44,1.3217558399823195,0.05124252971425184,0.043402422667971306
Galle Dutch Fort,Fortress,14,1,16,31,neutral,0.775,"I had not planned to visit the fortress, but we decided to spare a couple of hours on our way to the airport and I wish I had more time.It is a very touristy area, but well maintained and with a spectacular view of the bay.",1754,0.01767388825541619,9,2.908720896564361,0.05140840809207251,0.039841516271356195
Galle Dutch Fort,Beach,36,6,28,70,positive,0.789,"It does get very hot inside the Fort and the beach area does not look very pleasant, but we found a lovely place to swim possibly only during low tide.",1754,0.039908779931584946,64,0.9470623905409088,0.037796104525577884,0.029821126470680952
Galle Dutch Fort,Museum,16,0,23,39,neutral,0.775,There are very friendly staff to assist in the museums.,1754,0.022234891676168756,36,1.5224265354444706,0.0338509891005327,0.026234516552912843
Galle Dutch Fort,Mosque,4,1,11,16,neutral,0.764,"Offer 1/4 price which is still more than the locals payVery historic area, interesting churches, court houses and a mosques Full community in the Fort, schools etc We enjoyed a couple of hours there and visited St Marys Cathedral too which is outside the Fort",1754,0.009122006841505131,5,3.4965075614664802,0.031895165897071656,0.024367906745362745
Galle Dutch Fort,Scenic view,160,3,36,199,positive,0.814,A nice walk of 2-3 hours rich of history and amazing landscape,1754,0.11345496009122007,128,0.25391520998096345,0.02880794001494397,0.02344966317216439
Galle Dutch Fort,Accommodation,25,3,45,73,neutral,0.771,"It was great to actually stay inside the Fort, mind you we could have chosen better accommodation.",1754,0.04161915621436716,90,0.6061358035703155,0.025226860695913927,0.019449909596549637
Galle Dutch Fort,Souvenir stalls,11,1,15,27,neutral,0.774,It has a great variety of places to eat and a great selection of Sri Lankan souvenirs.,1754,0.01539338654503991,49,1.214125175789954,0.018689498144999293,0.014465671564229452
Galle Dutch Fort,Public transport access,23,5,24,52,neutral,0.8,"Plan your trip head, straight to the Fort, it’s only 1km away from the train station and well worth a visit or overnight stay in one of the beautiful, historic buildings within the Fort.",1754,0.029646522234891677,90,0.6061358035703155,0.017969818577911294,0.014375854862329035
Galle Dutch Fort,Local guide,22,0,13,35,positive,0.776,"Worth a visit, I think if you get a guide it will make the experience better as there are no free information boards.",1754,0.019954389965792473,66,0.9162907318741551,0.018284022585858282,0.014188401526626027
Galle Dutch Fort,Market,5,1,4,10,positive,0.792,Space is at a premium inside the Fort walls so prices reflect this.We enjoyed the market and the walk around the old Fort walls the most.,1754,0.005701254275940707,16,2.3333567516607996,0.013303060157701252,0.010536023644899391
Galle Dutch Fort,Rock formation,4,2,4,10,positive,0.764,"more besides, the cleaners pick some of the things up but not others?On the last morning i was going to go snorkelling around the rock's near the lighthouse.",1754,0.005701254275940707,20,2.1102132003465894,0.012030862031622517,0.009191578592159603
Galle Dutch Fort,Cleanliness,27,24,1,52,positive,0.867,"If you go to the end of lighthouse rd and climb up to the Fort you will find a wooden staircase down to a small sandy area, the water was lovely and clean and a welcome relief from the heat.",1754,0.029646522234891677,117,0.34377153910282454,0.010191630577734822,0.00883614371089609
Galle Dutch Fort,Ticket price,13,5,16,34,neutral,0.794,"While expensive for Sri Lanka, these high end restaurants are half the price of any western.",1754,0.019384264538198404,94,0.5626506916305767,0.010906569849167394,0.008659816460238912
Galle Dutch Fort,Value for money,15,27,0,42,negative,0.856,"While expensive for Sri Lanka, these high end restaurants are half the price of any western.",1754,0.02394526795895097,112,0.38744660260548613,0.009277512719173556,0.007941550887612564
Galle Dutch Fort,Family friendliness,14,1,14,29,positive,0.771,I think we may have been scammed into donating to a children’s nursery too - it’s seemed genuine but it was hard to tell because of the way it was done.,1754,0.01653363740022805,89,0.6173091041684409,0.010206364892180606,0.007869107331871248
Galle Dutch Fort,Waves,2,0,5,7,neutral,0.751,The feeling is like you are in Portugal but in a poorer version :p (with some effort from the authorities it would be awesome :) )Beautiful waves crushing on the rocks.,1754,0.003990877993158495,20,2.1102132003465894,0.008421603422135762,0.006324624170023957
Galle Dutch Fort,Strong current,2,2,2,6,positive,0.773,"It does get very hot inside the Fort and the beach area does not look very pleasant, but we found a lovely place to swim possibly only during low tide.",1754,0.0034207525655644243,21,2.0614230361771577,0.0070516181397166176,0.0054509008220009455
Galle Dutch Fort,Crowdedness,2,32,2,36,negative,0.827,"I had not planned to visit the fortress, but we decided to spare a couple of hours on our way to the airport and I wish I had more time.It is a very touristy area, but well maintained and with a spectacular view of the bay.",1754,0.020524515393386546,122,0.3019244291673241,0.006196852594084189,0.005124797095307624
Galle Dutch Fort,Accessibility,5,1,0,6,positive,0.867,"Easy access, Ample free parking , good hotels , fine restaurants and beautiful views.",1754,0.0034207525655644243,36,1.5224265354444706,0.005207844477005031,0.004515201161563362
Galle Dutch Fort,Safety,10,4,1,15,positive,0.791,"Safe to say we are glad we did, what a beautiful place with some stunning scenery to experience.",1754,0.00855188141391106,86,0.651598177647073,0.005572390344758321,0.004407760762703832
Galle Dutch Fort,Guided tours,4,0,1,5,positive,0.852,"I recommend you do a little bit of research before you come so you can better understand about the fort and it’s history, or take a guided tour.",1754,0.0028506271379703536,36,1.5224265354444706,0.004339870397504192,0.0036975695786735712
Galle Dutch Fort,Service quality,9,0,2,11,positive,0.807,There are very friendly staff to assist in the museums.,1754,0.006271379703534778,88,0.6286086594223741,0.003942243588167683,0.00318139057565132
Galle Dutch Fort,Peacefulness,24,0,0,24,positive,0.788,"Was peaceful and lovely to see the fort slowly waking with early tuk tuk bread deliveries, cats still asleep front of house, locals going about their early mornings, and the call to prayer breaking early morning silence.",1754,0.013683010262257697,129,0.24613306953890854,0.003367841316381873,0.002653858957308916
Galle Dutch Fort,Entrance fee,3,0,3,6,positive,0.797,A very cheap entrance fee would allow them to keep the walls better maintained and the rubbish cleared,1754,0.0034207525655644243,87,0.6400373552459969,0.0021894094250148126,0.0017449593117368058
Galle Face Green,Sunset view,77,3,36,116,positive,0.846,take a walk down Galle Face Green to watch the beautiful sunset on the Indian ocean and have these street food it is sure to be a different experience,1076,0.10780669144981413,44,1.3217558399823195,0.14249412401296382,0.1205500289149674
Galle Face Green,Souvenir stalls,38,13,83,134,neutral,0.772,"There are many food stalls along the cost and you will find spicy Sri Lankan ,Indian, Malaysian and Chinese food stalls whew you can have a good meal at a price around 5$.",1076,0.12453531598513011,49,1.214125175789954,0.15120146241250357,0.11672752898245276
Galle Face Green,Beach,51,12,52,115,neutral,0.785,"Beautiful beach, go at sunset time to get a good view.",1076,0.10687732342007435,64,0.9470623905409088,0.10121949341282947,0.07945730232907114
Galle Face Green,Family friendliness,55,4,68,127,neutral,0.759,Nice place to spend quality time with family and friends.,1076,0.11802973977695168,89,0.6173091041684409,0.07286083292694423,0.05530137219155067
Galle Face Green,Accommodation,42,8,63,113,neutral,0.779,"Across the road from some large hotels, but rather a rough grass area.Should be a smart park but is not.",1076,0.1050185873605948,90,0.6061358035703155,0.0636555258396335,0.0495876546290745
Galle Face Green,Waves,12,0,11,23,positive,0.78,"Good sea face view, walking area, activities in the evening popular with locals, but lot of construction around these days, can view large sea waves hitting the shore,",1076,0.02137546468401487,20,2.1102132003465894,0.04510678773975051,0.0351832944370054
Galle Face Green,Restaurants,12,0,12,24,positive,0.783,"The area is easily reached by tuk tuk.Galle Face Green is the flanked by some of the most famous colonial buildings in Sri Lanka, good restaurants, and the old parliament buildings.",1076,0.022304832713754646,49,1.214125175789954,0.027080858939552876,0.021204312549669903
Galle Face Green,Scenic view,66,4,32,102,positive,0.77,Stunning views of the Indian Ocean,1076,0.09479553903345725,128,0.25391520998096345,0.024070029198938914,0.018533922483182964
Galle Face Green,Crowdedness,9,65,3,77,negative,0.846,Huge crowds in weekends and holidays.,1076,0.07156133828996282,122,0.3019244291673241,0.021606116213646796,0.01827877431674519
Galle Face Green,Weather condition,10,22,3,35,negative,0.755,"The strip is somewhat of a construction site at the moment with the port city underway and a lot of other high rises, but it’s still a charming little area especially on a sunny day.",1076,0.032527881040892194,82,0.6992262266363275,0.022744347520698385,0.017171982378127282
Galle Face Green,Cleanliness,34,23,3,60,positive,0.868,"this well located 'green' has seen better days.The 'Green' is now a dust hole,with litter everywhere.The cheap food stalls are tawdry,with stale dried up offerings.A little more attention by the Municipal Authorities could turn this area into an oasisof comfort and recreation",1076,0.055762081784386616,117,0.34377153910282454,0.019169416678596164,0.01663905367702147
Galle Face Green,Safety,20,4,3,27,positive,0.798,Bathing / Swimming Dangerous.,1076,0.02509293680297398,86,0.651598177647073,0.016350511892631012,0.013047708490319549
Galle Face Green,Parking,4,3,6,13,neutral,0.788,Crowded during weekends and parking can be an issue.,1076,0.012081784386617101,54,1.1169614273363062,0.013494887133245335,0.010633971060997324
Galle Face Green,Colonial architecture,2,2,3,7,neutral,0.791,"The area is easily reached by tuk tuk.Galle Face Green is the flanked by some of the most famous colonial buildings in Sri Lanka, good restaurants, and the old parliament buildings.",1076,0.006505576208178439,24,1.927891643552635,0.012542046008242049,0.009920758392519461
Galle Face Green,Service quality,14,0,5,19,positive,0.799,One of the nicest views of the Indian Ocean from the hotel coffee shops and the staff are very friendly and helpful too,1076,0.017657992565055763,88,0.6286086594223741,0.011099967034409953,0.008868873660493553
Galle Face Green,Value for money,21,3,0,24,positive,0.838,best thing is this place is free of change to anyone.,1076,0.022304832713754646,112,0.38744660260548613,0.008641931656627943,0.007241938728254216
Galle Face Green,Ticket price,9,1,7,17,positive,0.792,made freshly and quite a big variety is available at an extremely reasonable price.,1076,0.015799256505576207,94,0.5626506916305767,0.008889462600111342,0.007040454379288183
Galle Face Green,Public transport access,6,0,8,14,neutral,0.794,"From Pettah a tuk-tuk will charge you Rs.150 - 200 to drop at Galle Face.Location : The sea at Galle face is calm nice beach area , next to colombo harbour .You will find that many people, children play at the beach and having bath and enjoy.",1076,0.013011152416356878,90,0.6061358035703155,0.007886525325264328,0.006261901108259876
Galle Face Green,Trail,5,0,1,6,positive,0.77,Lovely park with jogging track.,1076,0.0055762081784386614,39,1.4423838277709342,0.008043032496863944,0.006193135022585237
Galle Face Green,Peacefulness,17,0,0,17,positive,0.821,"From Pettah a tuk-tuk will charge you Rs.150 - 200 to drop at Galle Face.Location : The sea at Galle face is calm nice beach area , next to colombo harbour .You will find that many people, children play at the beach and having bath and enjoy.",1076,0.015799256505576207,129,0.24613306953890854,0.0038887195001500417,0.0031926387096231842
Galle Face Green,Entrance fee,1,0,5,6,neutral,0.79,Nearby however at the maritime museum is the elevated stupa which provides wonderful view of the harbor if you climb the stairs-no fee.,1076,0.0055762081784386614,87,0.6400373552459969,0.003568981534828979,0.0028194954125148933
Galle Face Hotel,Food quality,10,0,1,11,positive,0.787,The following d was delicious and beds very comfortable.,36,0.3055555555555556,16,2.3333567516607996,0.7129701185630222,0.5611074833090984
Galle Face Hotel,Service quality,14,0,1,15,positive,0.817,The staff were helpful and very friendly.,36,0.4166666666666667,88,0.6286086594223741,0.26192027475932256,0.21398886447836651
Galle Face Hotel,Accommodation,8,0,2,10,positive,0.804,Had an absolutely amazing time at Galle Face Hotel!,36,0.2777777777777778,90,0.6061358035703155,0.16837105654730986,0.13537032946403713
Galle Fort Lighthouse,Lighthouse,148,5,162,315,neutral,0.778,"i've seen lighthouses so it looks ordinary to me :D but if you're in this area, there's a near home made ice cream store that offered a really delicious ice cream :D",960,0.328125,5,3.4965075614664802,1.1472915436061888,0.8925928209256149
Galle Fort Lighthouse,Shops,19,0,13,32,positive,0.759,"i've seen lighthouses so it looks ordinary to me :D but if you're in this area, there's a near home made ice cream store that offered a really delicious ice cream :D",960,0.03333333333333333,10,2.803360380906535,0.09344534603021783,0.07092501763693533
Galle Fort Lighthouse,Beach,48,2,34,84,positive,0.789,it stands tall near the galle fort...good for clicking pics...near galle beach...looks beautiful...nothing much to do really apart from watching it n clicking pics...,960,0.0875,64,0.9470623905409088,0.08286795917232952,0.06538281978696799
Galle Fort Lighthouse,Sunset view,35,1,18,54,positive,0.839,A beautiful place to take photos sunrise or sunset.,960,0.05625,44,1.3217558399823195,0.07434876599900547,0.06237861467316559
Galle Fort Lighthouse,Heritage site,13,0,12,25,positive,0.798,"Heritage mounument, stands out tall, well maintained.",960,0.026041666666666668,30,1.7047480922384253,0.044394481568708996,0.03542679629182978
Galle Fort Lighthouse,Scenic view,126,2,36,164,positive,0.798,great view too,960,0.17083333333333334,128,0.25391520998096345,0.04337718170508126,0.03461499100065485
Galle Fort Lighthouse,Restaurants,17,0,14,31,positive,0.778,"Pleasant walk, the fort is quiet turns walking, inside there are shops and restaurants.very different from the chaos outside.",960,0.03229166666666667,49,1.214125175789954,0.03920612546821727,0.03050236561427304
Galle Fort Lighthouse,Mosque,6,0,3,9,positive,0.793,"This is a beautiful spot, with good views of the bay, the ramparts, the mosque and the Galle Fort area - just a shame there's big black electrical cables blotting every photograph!",960,0.009375,5,3.4965075614664802,0.03277975838874825,0.02599434840227736
Galle Fort Lighthouse,Rock formation,6,0,9,15,neutral,0.751,You can get a nice view of the Flag Rock and also put your feet in the ocean.,960,0.015625,20,2.1102132003465894,0.03297208125541546,0.02476203302281701
Galle Fort Lighthouse,Sunrise view,7,0,4,11,positive,0.836,A beautiful place to take photos sunrise or sunset.,960,0.011458333333333333,21,2.0614230361771577,0.02362047228952993,0.01974671483404702
Galle Fort Lighthouse,Colonial architecture,3,0,8,11,neutral,0.775,One of the old colonial era remnants - It is indeed a great spot to visit if you have time as you can get some very beautiful pictures here but then again; Sri Lanka is filled with such beautiful picturesque spots.,960,0.011458333333333333,24,1.927891643552635,0.02209042508237394,0.017120079438839805
Galle Fort Lighthouse,Church,4,0,2,6,positive,0.787,"nice to have a quick stop,take photos,its almost like the trademark of the whole gall old town fortress, except the churches of course which i didn't visit at all",960,0.00625,9,2.908720896564361,0.018179505603527258,0.014307270909975953
Galle Fort Lighthouse,Fortress,3,0,3,6,positive,0.783,"nice to have a quick stop,take photos,its almost like the trademark of the whole gall old town fortress, except the churches of course which i didn't visit at all",960,0.00625,9,2.908720896564361,0.018179505603527258,0.014234552887561843
Galle Fort Lighthouse,Weather condition,5,19,1,25,negative,0.759,"It certainly makes for a great photo op, weather permitting.",960,0.026041666666666668,82,0.6992262266363275,0.01820901631865436,0.01382064338585866
Galle Fort Lighthouse,Souvenir stalls,8,0,6,14,positive,0.78,There was a hawker selling icecream which was quite nice,960,0.014583333333333334,49,1.214125175789954,0.01770599214693683,0.013810673874610728
Galle Fort Lighthouse,Cafes,4,1,1,6,positive,0.81,Stroll along the surrounding area for some good food and also cafes.,960,0.00625,15,2.3978952727983707,0.014986845454989817,0.012139344818541753
Galle Fort Lighthouse,Accessibility,7,2,0,9,positive,0.849,A lovely visit accessible by both private and public transport.,960,0.009375,36,1.5224265354444706,0.01427274876979191,0.012117563705553332
Galle Fort Lighthouse,Boat service,3,0,2,5,positive,0.776,"This position has a great advantage to see any ship, yacht or boat that sails into the harbor from here.Intersting fact is that this is the second lighthouse - the original one was bulit in 1848 and was 24 m high, unfortunately it was destroyed by fire in 1934.",960,0.005208333333333333,9,2.908720896564361,0.01514958800293938,0.01175608029028096
Galle Fort Lighthouse,Family friendliness,8,1,13,22,neutral,0.755,At sunset this is a popular meeting area for local families as well as tourists and is well worth being there to observe life.,960,0.022916666666666665,89,0.6173091041684409,0.014146666970526769,0.01068073356274771
Galle Fort Lighthouse,Viewpoint,6,0,0,6,positive,0.827,Nice lookout spot,960,0.00625,29,1.7386496439141066,0.010866560274463167,0.008986645346981039
Galle Fort Lighthouse,Stupa,2,0,3,5,neutral,0.78,Good atmosphere and nice views over to the Japanese pagoda in the distance.,960,0.005208333333333333,29,1.7386496439141066,0.009055466895385972,0.007063264178401058
Galle Fort Lighthouse,Safety,7,5,1,13,positive,0.795,"But bit careful, when you go with kinds, so windy and risky slopes.",960,0.013541666666666667,86,0.651598177647073,0.008823725322304113,0.007014861631231771
Galle Fort Lighthouse,Crowdedness,1,24,1,26,negative,0.833,"I'd recommend walking about, especially at dusk since the light is beautiful with the lit lighthouse, but take care regarding the crowds.",960,0.027083333333333334,122,0.3019244291673241,0.008177119956615029,0.006811540923860319
Galle Fort Lighthouse,Accommodation,4,0,10,14,neutral,0.766,Do try the lighthouse hotel which is an example of beautiful architecture and awesome food.,960,0.014583333333333334,90,0.6061358035703155,0.008839480468733767,0.006771042039050066
Galle Fort Lighthouse,Stairs,4,0,2,6,positive,0.76,Fascinating step back in time,960,0.00625,47,1.255797872190522,0.007848736701190764,0.00596503989290498
Galle Fort Lighthouse,Cleanliness,14,4,0,18,positive,0.884,"Heritage mounument, stands out tall, well maintained.",960,0.01875,117,0.34377153910282454,0.00644571635817796,0.005698013260629317
Galle Fort Lighthouse,Public transport access,3,0,6,9,neutral,0.791,A lovely visit accessible by both private and public transport.,960,0.009375,90,0.6061358035703155,0.005682523158471707,0.004494875818351121
Galle Fort Lighthouse,Peacefulness,14,0,0,14,positive,0.797,"Pleasant walk, the fort is quiet turns walking, inside there are shops and restaurants.very different from the chaos outside.",960,0.014583333333333334,129,0.24613306953890854,0.0035894405974424165,0.002860784156161606
Galle Fort Lighthouse,Value for money,3,2,0,5,positive,0.856,"If one is interested in the works of Mr Bawa then free to explore the Light House Hotel, which is a unique design of Mr.",960,0.005208333333333333,112,0.38744660260548613,0.0020179510552369067,0.001727366103282792
Galway's Land National Park,Forest,16,3,17,36,neutral,0.783,"A nice walk in the forest, ideal for bird watching",157,0.22929936305732485,51,1.1741198411762548,0.26922493173468265,0.21080312154825653
Galway's Land National Park,Trail,10,0,12,22,neutral,0.762,There is a nice walking path going in a circle through a small forest.,157,0.14012738853503184,39,1.4423838277709342,0.20211747905070415,0.15401351903663657
Galway's Land National Park,Wildlife,4,1,16,21,neutral,0.76,The ticketing counter warned us we wouldn't see much so we were prepared and were on the lookout more for interesting trees and plants than animals.,157,0.1337579617834395,54,1.1169614273363062,0.14940248391122568,0.11354588777253152
Galway's Land National Park,Ticket price,5,5,14,24,neutral,0.774,"I don't mind contributing to supporting nature, but for western style entrance prices I expect an attempt an western style information.So basically, if you can find it you get a peaceful stroll through the woods with no idea what trees there are or where the deer normally live.",157,0.15286624203821655,94,0.5626506916305767,0.08601029680976968,0.06657196973076174
Galway's Land National Park,Value for money,4,12,0,16,negative,0.86,For locals are very cheap.,157,0.10191082802547771,112,0.38744660260548613,0.0394850040871833,0.03395710351497764
Galway's Land National Park,Entrance fee,2,0,5,7,neutral,0.837,"We thought this would be worth going to, on the lake side, but totally baulked at the 1500Rs entry fee for tourists.",157,0.044585987261146494,87,0.6400373552459969,0.028536697367655912,0.023885215696727996
Galway's Land National Park,Weather condition,0,6,0,6,negative,0.78,A true experience of a high land rain forest.Easy to reach..only 5 min form the city.,157,0.03821656050955414,82,0.6992262266363275,0.026722021400114426,0.020843176692089252
Galway's Land National Park,Safety,4,1,0,5,positive,0.792,Nicely done walkways..safe to walk even for kids.,157,0.03184713375796178,86,0.651598177647073,0.020751534319970476,0.016435215181416617
Galway's Land National Park,Accommodation,1,1,3,5,neutral,0.772,"but some unpaved sections will be muddy in the rain.The negatives are:- Difficult to find: We had to ask several people in different hotels,",157,0.03184713375796178,90,0.6061358035703155,0.019303688011793486,0.014902447145104572
Galway's Land National Park,Peacefulness,10,0,0,10,positive,0.792,Great place for a quiet peaceful walk.,157,0.06369426751592357,129,0.24613306953890854,0.01567726557572666,0.012416394335975516
Galway's Land National Park,Crowdedness,2,2,1,5,positive,0.82,"Absolutely pleasant way to spend an hour - for travelers who don't like noisy, crowded areas.",157,0.03184713375796178,122,0.3019244291673241,0.009615427680488028,0.007884650698000182
Gangaramaya Temple,Temple,251,18,138,407,positive,0.795,The Gangaramaya Buddhist Temple is very impressive.,1413,0.28803963198867655,76,0.7752121336142496,0.2232918176794052,0.17751699505512714
Gangaramaya Temple,Museum,56,3,75,134,neutral,0.775,"Worth a visit, certainly some interesting artifacts around the temple and museum area",1413,0.09483368719037509,36,1.5224265354444706,0.1443773218326674,0.11189242442031724
Gangaramaya Temple,Buddha statue,71,3,81,155,neutral,0.795,A lovely Bodhi tree and many many poses of Buddha - calm and serene as ever!,1413,0.10969568294409059,47,1.255797872190522,0.13775560522967512,0.10951570615759172
Gangaramaya Temple,Sculptures,62,6,73,141,neutral,0.781,The temple also has a number of jade and ruby Buddha statues which is very nice.,1413,0.09978768577494693,55,1.0986122886681098,0.10962797785010862,0.08561945070093484
Gangaramaya Temple,Elephants,13,2,31,46,neutral,0.765,"It is clear this elephant had some significance, but I never found out what it was.",1413,0.03255484784147204,33,1.6094379124341003,0.05239500634958854,0.040082179857435236
Gangaramaya Temple,Entrance fee,16,4,42,62,neutral,0.814,Good collect of Articraft and Buddha...the entry fee for temple is not fair and acceptable.....This temple has hindu sacred tree at the centre of the temple and it has got collection of of vintage cars,1413,0.043878273177636234,87,0.6400373552459969,0.02808373391737566,0.022860159408743787
Gangaramaya Temple,Ticket price,29,2,43,74,neutral,0.764,It's a serene and a majestic Buddhist temple in the heart of colombo.A must visit for all visitors ..The temple also has Hindu diety in the complex .there is a entry charge OF Sln Rs 300 .There is a dress code for entry and you are expected to be fully covered however sarong are available,1413,0.052370842179759375,94,0.5626506916305767,0.02946649057371739,0.022512398798320087
Gangaramaya Temple,Hindu shrine,12,1,15,28,neutral,0.778,It's a serene and a majestic Buddhist temple in the heart of colombo.A must visit for all visitors ..The temple also has Hindu diety in the complex .there is a entry charge OF Sln Rs 300 .There is a dress code for entry and you are expected to be fully covered however sarong are available at the entry in case,1413,0.019815994338287332,39,1.4423838277709342,0.02858226976474604,0.022237005876972422
Gangaramaya Temple,Local guide,15,2,18,35,neutral,0.75,"Nice place, good to go with a guide.",1413,0.024769992922859165,66,0.9162907318741551,0.02269651494380427,0.0170223862078532
Gangaramaya Temple,Peacefulness,109,1,0,110,positive,0.809,A lovely Bodhi tree and many many poses of Buddha - calm and serene as ever!,1413,0.07784854918612881,129,0.24613306953890854,0.019161102370332583,0.015501331817599062
Gangaramaya Temple,Paintings,8,0,6,14,positive,0.783,This place is a nice temple and place to see Big buddha and some paintings and other things related to Buddhism.,1413,0.009907997169143666,29,1.7386496439141066,0.017226535750033613,0.01348837749227632
Gangaramaya Temple,Guided tours,4,1,7,12,neutral,0.808,We enjoyed our visit and tour guide’s knowledge of the various artifacts and rooms.,1413,0.008492569002123142,36,1.5224265354444706,0.01292931240292544,0.010446884421563756
Gangaramaya Temple,Stupa,3,0,7,10,neutral,0.77,"year but never reviewed the peaceful and beautiful atmosphere of this holy temple which comprised of Srilankan’s styles premises,pagoda,Buddha’s statues,and Maha Bodhi tree especially we are very glad to be able to make the most respect to the Buddha’s Relics that contained in the small pagoda on the golden tray which",1413,0.007077140835102618,29,1.7386496439141066,0.01230466839288115,0.009474594662518486
Gangaramaya Temple,Public transport access,10,0,14,24,neutral,0.783,"The tuk tuk driver was very nice gent, speak fluent English, and recommended this temple visit which was not disappointed at all.",1413,0.016985138004246284,90,0.6061358035703155,0.010295300272956526,0.00806122011372496
Gangaramaya Temple,Murals,3,0,2,5,positive,0.808,Huge statues of the great Buddha along with wall paintings of related stories is the highlight.,1413,0.003538570417551309,11,2.70805020110221,0.009582626330864154,0.007742762075338237
Gangaramaya Temple,Accessibility,8,0,0,8,positive,0.875,There are two separate temples accessible with same ticket so keep hold of ticket till you visit both.,1413,0.005661712668082095,36,1.5224265354444706,0.008619541601950293,0.007542098901706507
Gangaramaya Temple,Cleanliness,16,9,1,26,positive,0.873,It’s well maintained and certainly worth a visit.,1413,0.01840056617126681,117,0.34377153910282454,0.006325590953059759,0.005522240902021169
Gangaramaya Temple,Wildlife,0,2,7,9,neutral,0.762,"I was so upset seeing this beautiful creature in chains and in a busy city so I looked into further....She is whipped, poorly fed and sleeps in her own waste.",1413,0.006369426751592357,54,1.1169614273363062,0.007114403995772651,0.00542117584477876
Gangaramaya Temple,Crowdedness,4,25,1,30,negative,0.819,"It is worth visiting, although often crowded because of many turists going there.",1413,0.021231422505307854,122,0.3019244291673241,0.006410285120325352,0.005250023513546463
Gangaramaya Temple,Value for money,17,5,0,22,positive,0.825,Free for locals.,1413,0.01556970983722576,112,0.38744660260548613,0.006032431179986337,0.0049767557234887275
Gangaramaya Temple,Parking,2,0,6,8,neutral,0.765,This is a well maintained Buddhist temple in the heart of Colombo City with roadside parking.,1413,0.005661712668082095,54,1.1169614273363062,0.006323914662909024,0.004837794717125403
Gangaramaya Temple,Accommodation,4,0,9,13,neutral,0.765,It is situated in the city centre.Only few kilometers from major hotels in Colombo.It’s just like a museum.So many ancient and beautiful things in that place.All should visit this temple.,1413,0.009200283085633405,90,0.6061358035703155,0.005576620981184785,0.004266115050606361
Gangaramaya Temple,Family friendliness,7,1,4,12,positive,0.77,activities where they carry variou Religious statues and other symbols on the backs of many Elephants decorated and Dancers drumers monks children and people offering sill.it takes a couple of hours in the early hours of the night....quite spectacular and enjoyed by youg children and adaults.Make sure to take some snacks,1413,0.008492569002123142,89,0.6173091041684409,0.005242540162789307,0.004036755925347767
Gangaramaya Temple,Service quality,5,3,2,10,positive,0.784,We thought wow the people here are friendly here but in actual most of them are trying to sell you their service.,1413,0.007077140835102618,88,0.6286086594223741,0.0044487520128971975,0.003487821578111403
Gangaramaya Temple,Scenic view,11,0,7,18,positive,0.755,It’s a very nice temple in Colombo and very beautiful view we can see from Gangaram temple I suggest to visit their when anyone go to srilanka,1413,0.012738853503184714,128,0.25391520998096345,0.0032345886621778785,0.0024421144399442984
Gartmore Falls,Waterfall,6,0,0,6,positive,0.827,"Very beautiful waterfalls near the Reservoir, best place to swim upper side of the waterfall and scenery walk destination DO NOT MISS THE PLACE",12,0.5,24,1.927891643552635,0.9639458217763175,0.7971831946090145
Gartmore Falls,Scenic view,6,0,0,6,positive,0.847,"Very beautiful waterfalls near the Reservoir, best place to swim upper side of the waterfall and scenery walk destination DO NOT MISS THE PLACE",12,0.5,128,0.25391520998096345,0.12695760499048173,0.10753309142693802
Goyambokka Beach,Waves,71,16,45,132,positive,0.791,An amazing beach with waves to jump.,1174,0.11243611584327087,20,2.1102132003465894,0.2372641758481685,0.1876759630959013
Goyambokka Beach,Beach,226,24,32,282,positive,0.819,The beach is large and clean.,1174,0.2402044293015332,64,0.9470623905409088,0.22748858103282477,0.18631314786588346
Goyambokka Beach,Food quality,60,8,20,88,positive,0.752,"would make up for this.The beach has limited facilities, no toilets and 2-3 bar areas which serve drinks and a limited selection of food.",1174,0.07495741056218058,16,2.3333567516607996,0.1749023800222746,0.1315265897767505
Goyambokka Beach,Restaurants,65,8,36,109,positive,0.796,"Not recommended for those unfamiliar with surf conditions.Great beach umbrellas provided by the Paradise Cabanas, and the beach cafe / restaurant provides great food and drinks.",1174,0.09284497444633731,49,1.214125175789954,0.11272542092087308,0.08972943505301498
Goyambokka Beach,Sandy beach,29,2,16,47,positive,0.755,"Since the Tsunami carved out a lot of the beach sand, waves tended to dump closed to the shore.",1174,0.04003407155025554,15,2.3978952727983707,0.0959975109212295,0.07247812074552827
Goyambokka Beach,Strong current,9,10,7,26,negative,0.79,"But due to the strong waves and warned by the locals, I couldn't.",1174,0.022146507666098807,21,2.0614230361771577,0.045653321073770105,0.03606612364827839
Goyambokka Beach,Rock formation,6,4,8,18,neutral,0.769,"tends to disappear around 4pm, so best to get out early in the day to make the most of the sunshine.A few hundred meters over some rocks is another beach area which is absolutely stunning, almost unused so great if you want some peace and quiet - there are no loungers but the calm and tranquility would make up for this.",1174,0.015332197614991482,20,2.1102132003465894,0.03235420579747752,0.024880384258260214
Goyambokka Beach,Cafes,5,1,8,14,neutral,0.763,"Not recommended for those unfamiliar with surf conditions.Great beach umbrellas provided by the Paradise Cabanas, and the beach cafe / restaurant provides great food and drinks.",1174,0.01192504258943782,15,2.3978952727983707,0.02859500325313219,0.02181798748213986
Goyambokka Beach,Family friendliness,24,5,13,42,positive,0.783,"Absolutely stunning beach but as the waves are very strong, I felt it unsuitable for children.",1174,0.03577512776831346,89,0.6173091041684409,0.022084312074169093,0.0172920163540744
Goyambokka Beach,Value for money,28,29,0,57,negative,0.848,"We didn't visit or experience this directly, but heard a few conversations referencing this so ladies please be careful with what you order, don't accept free drinks and make sure you see it being made or order something that can be opened at your table.",1174,0.048551959114139696,112,0.38744660260548613,0.018811291608613893,0.01595197528410458
Goyambokka Beach,Water clarity,8,0,0,8,positive,0.92,"Nice to swim, beautiful warm, crystal clear blue water.",1174,0.0068143100511073255,13,2.540996116439044,0.017315135376075257,0.015929924545989238
Goyambokka Beach,Accommodation,17,2,20,39,neutral,0.786,Simply the best beach I have ever visited.Stayed locally in Goyambokka so the beach was 2 mins from our guesthouse.For the two days I spent here there was no more that 20 people on the beach.,1174,0.03321976149914821,90,0.6061358035703155,0.02013568683070043,0.01582664984893054
Goyambokka Beach,Water depth,6,2,1,9,positive,0.793,"Sand not white, construction debris and junk at entrance not v appealing, waves come up high with only a small strip for sunbathing but water seems clean though shallow with a strong receding tow Did not use the beach shack so cannot comment.",1174,0.007666098807495741,13,2.540996116439044,0.019479527298084665,0.01544726514738114
Goyambokka Beach,Ticket price,10,9,20,39,neutral,0.786,The prices were expensive and we couldn't even get a decent sun bed....we were given 3 broken beds then had quite a heated debate over the ridiculous charge for a bed -it was agreed before hand then when we went to pay for our drinks the group of men running the shack tried to make us pay an extra 1000 rupees.,1174,0.03321976149914821,94,0.5626506916305767,0.018691121783298542,0.014691221721672655
Goyambokka Beach,Cleanliness,40,7,0,47,positive,0.88,The beach is large and clean.,1174,0.04003407155025554,117,0.34377153910282454,0.013762574393383948,0.012111065466177875
Goyambokka Beach,Safety,19,8,0,27,positive,0.807,"It has great and safe swimming, and there are loungers etc to relax on.",1174,0.022998296422487224,86,0.651598177647073,0.014985648037879872,0.012093417966569058
Goyambokka Beach,Crowdedness,15,36,0,51,negative,0.853,"Goyambokka is a small beautiful secluded beach location, and essentially serves approximately 3 hotels within the area so doesn't seem to get too crowded.",1174,0.0434412265758092,122,0.3019244291673241,0.01311596753622958,0.011187920308403832
Goyambokka Beach,Peacefulness,54,0,0,54,positive,0.797,"beach area which is absolutely stunning, almost unused so great if you want some peace and quiet - there are no loungers but the calm and tranquility would make up for this.The beach has limited facilities, no toilets and 2-3 bar areas which serve drinks and a limited selection of food.",1174,0.04599659284497445,129,0.24613306953890854,0.011321282585264958,0.009023062220456173
Goyambokka Beach,Toilets,4,1,4,9,positive,0.787,"peace and quiet - there are no loungers but the calm and tranquility would make up for this.The beach has limited facilities, no toilets and 2-3 bar areas which serve drinks and a limited selection of food.",1174,0.007666098807495741,37,1.4950275612563562,0.011461029004520618,0.009019829826557727
Goyambokka Beach,Service quality,10,4,6,20,positive,0.794,The staff in the bars looked very reliable and they were very lovely.,1174,0.017035775127768313,88,0.6286086594223741,0.010708835765287463,0.008502815597638247
Goyambokka Beach,Public transport access,7,1,8,16,neutral,0.805,It's a 4km walk or tuk tuk ride from Tangalle and worth it.,1174,0.013628620102214651,90,0.6061358035703155,0.008260794597210432,0.006649939650754398
Goyambokka Beach,Scenic view,12,5,11,28,positive,0.788,"Fabulous view to the ocean, clean beach and ocean, palm trees.",1174,0.02385008517887564,128,0.25391520998096345,0.006055899386258072,0.004772048716371362
Goyambokka Beach,Trail,3,0,2,5,positive,0.76,"Beautiful little bay hidden down a small track next to Palm Paradise Cabanas- great for swimming even in the offseason, a few little drink shacks and sun loungers on the beach.",1174,0.004258943781942078,39,1.4423838277709342,0.006143031634458834,0.0046687040421887135
Goyambokka Beach,Weather condition,3,3,1,7,positive,0.78,"Beatiful view to the ocean, in sunny day without big waves water is crystal clean.",1174,0.00596252129471891,82,0.6992262266363275,0.004169151266145053,0.0032519379875931417
Gregory Lake,Mountain,31,1,23,55,positive,0.776,Nice lake surrounded by mountains and British period architecture.,920,0.059782608695652176,24,1.927891643552635,0.11525439173412493,0.08943740798568095
Gregory Lake,Family friendliness,68,4,42,114,positive,0.768,A bit steeply priced but good for kids or larger groups to see the lake.,920,0.12391304347826088,89,0.6173091041684409,0.07649264986435028,0.05874635509582102
Gregory Lake,Ticket price,29,13,74,116,neutral,0.755,you have to get used to is foreign nationals are charged an entry fee for almost every place you visit (which are either free of cost for locals or significantly lower) and gregory lake is no exception to that.,920,0.12608695652173912,94,0.5626506916305767,0.07094291329255097,0.05356189953587598
Gregory Lake,Trail,21,3,15,39,positive,0.755,"This lake has a nice path that you can walk along but people will ask if you want to go on a boat, jet ski, or a horse.",920,0.042391304347826085,39,1.4423838277709342,0.061144531829420035,0.046164121531212125
Gregory Lake,Cleanliness,71,32,2,105,positive,0.877,"Took a £1 tut tut to get there from the town had a nice walk round in clean air, sadly did find a bit of rubbish down one end it which highlights the help Sri Lanka needs in cleaning up and becoming a green destination which is what most tourists want theses days.Knocked it a star for the rubbish at one end.",920,0.11413043478260869,117,0.34377153910282454,0.03923479522369193,0.03440891541117782
Gregory Lake,Souvenir stalls,13,2,14,29,neutral,0.778,"We ate at the small food stalls, which serves the best fries:)",920,0.03152173913043478,49,1.214125175789954,0.0382713370629442,0.02977510023497059
Gregory Lake,Weather condition,18,20,8,46,negative,0.786,"When we visited this place it was raining, so we could not spend lot of time...but what I can share is it a lovely calm place.",920,0.05,82,0.6992262266363275,0.034961311331816375,0.027479590706807673
Gregory Lake,Scenic view,91,2,28,121,positive,0.804,"We enjoyed sitting and watching lake, though did not do any boating.View is nice and this lake is not too far off from city",920,0.13152173913043477,128,0.25391520998096345,0.03339537000836584,0.02684987748672614
Gregory Lake,Entrance fee,8,7,30,45,neutral,0.816,highlights of the trip after we were back home.One common aspect that you have to get used to is foreign nationals are charged an entry fee for almost every place you visit (which are either free of cost for locals or significantly lower) and gregory lake is no exception to that.,920,0.04891304347826087,87,0.6400373552459969,0.03130617498485855,0.025545838787644572
Gregory Lake,Restaurants,6,2,15,23,neutral,0.773,A reasonably big lake with nice green lawns surrounded by misty mountains.We spent a good 2 hours there at the lake and then had lunch at an indian restaurant overlooking the lake.,920,0.025,49,1.214125175789954,0.03035312939474885,0.023462969022140862
Gregory Lake,Parking,5,2,17,24,neutral,0.776,This is beautiful there are many things here walk small boats jet ski horse rides car parking wish I had more time there,920,0.02608695652173913,54,1.1169614273363062,0.0291381241913819,0.022611184372512357
Gregory Lake,Cafes,2,1,5,8,neutral,0.762,And the surround of the lake best to walking in the evening.After we had a coffee in the coffee shop and evening views brought to us happy feelings.Actually we thanks to all of this to radienttours.com (our tour poerator) .,920,0.008695652173913044,15,2.3978952727983707,0.02085126324172496,0.015888662590194422
Gregory Lake,Value for money,16,27,0,43,negative,0.856,Its much more expensive for foreigners than locals.,920,0.04673913043478261,112,0.38744660260548613,0.0181089172956912,0.015501233205111667
Gregory Lake,Crowdedness,5,32,1,38,negative,0.835,It also had Avery nice place to get some food some nice lodges to stay in and fun fair for small children could be busy on the weekends .,920,0.041304347826086954,122,0.3019244291673241,0.012470791639519908,0.010413111018999123
Gregory Lake,Noise level,0,6,0,6,negative,0.807,There were several types of boats to rent including paddle boats and noisy jetskis and even though it was a cold day there were a few locals on the jetskis.,920,0.006521739130434782,32,1.640209571100854,0.01069701894196209,0.008632494286163408
Gregory Lake,Service quality,8,3,5,16,positive,0.789,to pay and walked along the road.It's worth mentioning that the next security gate we came across (about 150m along) was without staff so anyone could easily enter for free at this point anyway!Overall it was a nice walk but I would not want to recommend it based on the ridiculous ticket system and the need to walk along,920,0.017391304347826087,88,0.6286086594223741,0.010932324511693462,0.008625604039726143
Gregory Lake,Peacefulness,40,0,0,40,positive,0.806,Nice and serene place,920,0.043478260869565216,129,0.24613306953890854,0.010701437806039502,0.008625358871667838
Gregory Lake,Safety,8,2,4,14,positive,0.811,There are jet skis and fast boats which could be dangerous which I wouldn’t recommend.,920,0.015217391304347827,86,0.651598177647073,0.009915624442455459,0.008041571422831378
Gregory Lake,River,1,1,4,6,neutral,0.76,I would say u can skip this one and do the boating in river safari..which is very nice .Boating charges are like 4000 to5000 LKR,920,0.006521739130434782,33,1.6094379124341003,0.01049633421152674,0.007977214000760322
Gregory Lake,Toilets,1,2,3,6,neutral,0.777,Tip: avoid the restrooms.,920,0.006521739130434782,37,1.4950275612563562,0.009750179747324061,0.007575889663670796
Gregory Lake,Accommodation,6,0,7,13,neutral,0.768,We had wonderful view of this lake from our villa dining place.,920,0.014130434782608696,90,0.6061358035703155,0.008564962441754458,0.006577891155267424
Gregory Lake,Beach,2,3,3,8,negative,0.778,"Rather nice lake, not worth visiting by itself, but while staying in Nuwara Eliya it is a pleasant experience to walk at its shore.",920,0.008695652173913044,64,0.9470623905409088,0.008235325135138338,0.0064070829551376276
Gregory Lake,Temple,2,1,2,5,positive,0.792,"If you are sleeping the night, avoid the east end of the lake as amplified prayers and music from the Hindu temple from 5am make a peaceful night's sleep difficult.",920,0.005434782608695652,76,0.7752121336142496,0.0042131094218165735,0.0033367826620787264
Hakgala Botanic Gardens,Mountain,22,2,25,49,neutral,0.756,"Don't forget to visit the ""Fernary"" and feel free to climb up the hill.",722,0.06786703601108034,24,1.927891643552635,0.13084029159844754,0.09891526044842634
Hakgala Botanic Gardens,Ticket price,32,22,54,108,neutral,0.773,"Inside the gardens, there are no shops nor restaurants.The Rose Garden was closed but it was not informed at the time of purchase of entry tickets.We were rather disappointed but this type of exploitation should be avoided..",722,0.14958448753462603,94,0.5626506916305767,0.08416381536856271,0.06505862927989897
Hakgala Botanic Gardens,Trail,13,3,16,32,neutral,0.764,there has been lot of improvement mostly involving paving foot paths and walkways and some of it still going on.as we visited in December there was not much flowers but the wonderful weather and the quietness due to less crowds made up to it.The season for flowers is from March to August.,722,0.0443213296398892,39,1.4423838277709342,0.06392836909788074,0.04884127399078089
Hakgala Botanic Gardens,Entrance fee,11,13,30,54,neutral,0.845,"Its not worth to visit due to high entrance fee you have to pay for this garden, not much to see & dirty bathrooms .",722,0.07479224376731301,87,0.6400373552459969,0.04786982989374492,0.04045000626021446
Hakgala Botanic Gardens,Birds,12,1,9,22,positive,0.77,"Managed to see following rare and attractive birds: Scimitar Babbler, Sri Lanka White-eye, Grey Wagtail, Canary Flycatcher, Velvet-fronted Nuthatch, Tickell's Blue Flycatcher, Great tit, Purple-rumped Sunbirds, Rock Pigeon, etc.",722,0.030470914127423823,40,1.4170660197866443,0.04317929700180911,0.033248058691393016
Hakgala Botanic Gardens,Family friendliness,27,6,15,48,positive,0.77,Enjoyed seeing local children experience the garden; even the young men were photographing the trees and flowers.,722,0.0664819944598338,89,0.6173091041684409,0.04103994044333125,0.03160075414136506
Hakgala Botanic Gardens,Weather condition,12,19,4,35,negative,0.783,"Unfortunately it was raining but that did not detract from the mature trees, shrubs and flowers.",722,0.04847645429362881,82,0.6992262266363275,0.03389600821644247,0.02654057443347446
Hakgala Botanic Gardens,Cleanliness,48,15,0,63,positive,0.881,Nice and well maintained botanical garden.,722,0.08725761772853186,117,0.34377153910282454,0.029996685544983304,0.02642707996513029
Hakgala Botanic Gardens,Value for money,14,41,0,55,negative,0.864,"Quite expensive but was lovely walking around seeing what plants from all over the world were grown here, many massive old trees from Australia could be found.",722,0.07617728531855955,112,0.38744660260548613,0.029514630392384677,0.02550064065902036
Hakgala Botanic Gardens,Local guide,11,1,13,25,neutral,0.752,Might not be that value if you don't have a guide with you to describe some truly amazing facts and information!,722,0.03462603878116344,66,0.9162907318741551,0.031727518416695126,0.023859093849354734
Hakgala Botanic Gardens,Toilets,2,3,7,12,neutral,0.772,"Its not worth to visit due to high entrance fee you have to pay for this garden, not much to see & dirty bathrooms .",722,0.01662049861495845,37,1.4950275612563562,0.024848103511185975,0.019182735910635573
Hakgala Botanic Gardens,Scenic view,44,2,14,60,positive,0.822,Beautiful views and flowers.Make sure u need at least 3 hours to view this garden and u have to walk a lot.,722,0.08310249307479224,128,0.25391520998096345,0.021100986979027434,0.01734501129676055
Hakgala Botanic Gardens,Service quality,13,2,10,25,positive,0.787,The staff do their best to keep it clean.,722,0.03462603878116344,88,0.6286086594223741,0.021766227819334284,0.01713002129381608
Hakgala Botanic Gardens,Forest,5,0,7,12,neutral,0.775,"small forest patches are ideal habitat for beautiful bird species and butterflies.The opening time is from 8 am to 5.30 pm,",722,0.01662049861495845,51,1.1741198411762548,0.019514457194065176,0.015123704325400512
Hakgala Botanic Gardens,Tea plantation,2,0,3,5,neutral,0.812,This beautiful garden lies in the tea plantation area Of Nuwara Eliya.,722,0.006925207756232687,16,2.3333567516607996,0.016158980274659278,0.013121091983023334
Hakgala Botanic Gardens,Waterfall,4,0,2,6,positive,0.793,"Expect beautiful little waterfalls, lots of monkeys & great views.",722,0.008310249307479225,24,1.927891643552635,0.01602126019572827,0.012704859335212518
Hakgala Botanic Gardens,Crowdedness,8,25,2,35,negative,0.858,"Well maintained, plant and flower variety is vast.Best time to visit would be April, but tends to be over crowded.",722,0.04847645429362881,122,0.3019244291673241,0.014636225790659756,0.01255788172838607
Hakgala Botanic Gardens,Parking,1,3,6,10,neutral,0.776,One major drawback is the lack of parking.,722,0.013850415512465374,54,1.1169614273363062,0.01547037988000424,0.01200501478688329
Hakgala Botanic Gardens,Bridge,3,0,2,5,positive,0.784,"My spouse and I particularly enjoyed the magnificent Fernery, through which we slowly strolled while enjoying a babbling brook and a small wooden bridge.",722,0.006925207756232687,20,2.1102132003465894,0.014613664822344802,0.011457113220718325
Hakgala Botanic Gardens,Peacefulness,41,0,0,41,positive,0.809,Very peaceful gardens and a nice change to walk around and experience it.,722,0.05678670360110803,129,0.24613306953890854,0.013977085666336911,0.011307462304066563
Hakgala Botanic Gardens,Noise level,0,5,0,5,negative,0.808,"Also, it is quite expensive in Sri Lankan terms at Rs 1100 for foreign visitors.The birdwatching here was excellent also, which made me even happier.If visiting at weekends or around national holidays do get here as early as possible because when the crowds begin to appear it can become noisy and not so much fun.",722,0.006925207756232687,32,1.640209571100854,0.011358792043634722,0.009177903971256856
Hakgala Botanic Gardens,Accessibility,4,1,0,5,positive,0.864,"Eliya is the Hakgala Botanic Garden surrounded by spectacular mountain countrysideThe site contains several walks and would be fairly accessible to anyone with a mobility problem although there are one or 2 steep climbs and some tricky steps.It can be very busy at times, especially weekends.",722,0.006925207756232687,36,1.5224265354444706,0.010543120051554505,0.009109255724543092
Hakgala Botanic Gardens,River,2,0,3,5,neutral,0.78,a beautiful collection of many species of trees and flowers and a must visit for the botanical stream student.,722,0.006925207756232687,33,1.6094379124341003,0.011145691914363575,0.00869363969320359
Hakgala Botanic Gardens,Temple,2,0,3,5,neutral,0.78,There is a bright and colourful Hindu temple on the road from Nuwara Eliya that is worth stopping to have a look at.,722,0.006925207756232687,76,0.7752121336142496,0.005368505080431091,0.004187433962736251
Handunugoda Tea Estate,Tea plantation,126,3,87,216,positive,0.826,The Best Tea Plantation Experience,1134,0.19047619047619047,16,2.3333567516607996,0.4444489050782475,0.36711479559463245
Handunugoda Tea Estate,Local guide,141,2,74,217,positive,0.778,"The guides give a great explanation on the tea process, as well as other interesting plants and their uses.",1134,0.19135802469135801,66,0.9162907318741551,0.17533958449443707,0.13641419673667204
Handunugoda Tea Estate,Food quality,38,0,0,38,positive,0.811,"After the tour we went to the museum shop,tasted some great teas and came away with a few packets including the delicious white tea,no charge for the tour but there is a large jar for donations at the pay counter which is well worth giving to for the time and effort they put into showing you around this amazing place.",1134,0.03350970017636684,16,2.3333567516607996,0.07819008515265466,0.06341215905880293
Handunugoda Tea Estate,Guided tours,39,0,15,54,positive,0.84,It was in a beautifully scenic location and we started with a free guided tour.,1134,0.047619047619047616,36,1.5224265354444706,0.07249650168783194,0.06089706141777882
Handunugoda Tea Estate,Value for money,129,53,0,182,positive,0.823,"You get to see the whole process, up close and personal and taste some amazing types of tea, the virgin white tea in particular, which is world famous and very expensive.",1134,0.16049382716049382,112,0.38744660260548613,0.06218278807248542,0.0511764345836555
Handunugoda Tea Estate,Museum,19,1,17,37,positive,0.784,"After the tour we went to the museum shop,tasted some great teas and came away with a few packets including the delicious white tea,no charge for the tour but there is a large jar for donations at the pay counter which is well worth giving to for the time and effort they put into showing you around this amazing place.",1134,0.03262786596119929,36,1.5224265354444706,0.04967352893425521,0.038944046684456085
Handunugoda Tea Estate,Service quality,40,3,15,58,positive,0.802,"We emailed the contact on their website as the info on tripadvisor was not helpful for finding the plantation, and the location on google was incorrect.",1134,0.05114638447971781,88,0.6286086594223741,0.032151060182096736,0.025785150266041584
Handunugoda Tea Estate,Public transport access,26,2,25,53,positive,0.806,"Decided we must go and see for ourselves,took us about twenty five minutes in tuk tuk from the Fortress,really informative visit for what we take to be a everyday commodity.",1134,0.04673721340388007,90,0.6061358035703155,0.028329098403198166,0.022833253312977725
Handunugoda Tea Estate,Ticket price,23,9,21,53,positive,0.79,"Although this is a free tour and there is absolutely no pressure to buy anything, you still feel as though you should as the tea costs from 750rs up its still a pretty decent price for what you get in the way of the tour/ tea/ cake, let alone the product you purchase.",1134,0.04673721340388007,94,0.5626506916305767,0.02629672544657898,0.020774413102797394
Handunugoda Tea Estate,Colonial architecture,7,1,7,15,positive,0.788,"After looking at the growing tea, we went to the owner's colonial-style elegant bungalow for a very polite tea and cake on the terrace, facing lovely gardens and a beautiful view..",1134,0.013227513227513227,24,1.927891643552635,0.025501212216304695,0.0200949552264481
Handunugoda Tea Estate,Family friendliness,25,0,21,46,positive,0.768,"They will show you their coffee trees, rubber plantation and tell you all about the family history and the 'Suicide Club', great history.",1134,0.04056437389770723,89,0.6173091041684409,0.025040757311947336,0.019231301615575555
Handunugoda Tea Estate,Beach,14,0,6,20,positive,0.794,"We enjoyed the trip to the tea plantation near Unawatuna, about 10 minutes by car from the beach.",1134,0.01763668430335097,64,0.9470623905409088,0.01670304039754689,0.01326221407565223
Handunugoda Tea Estate,Fortress,1,0,4,5,neutral,0.752,"Decided we must go and see for ourselves,took us about twenty five minutes in tuk tuk from the Fortress,really informative visit for what we take to be a everyday commodity.",1134,0.004409171075837742,9,2.908720896564361,0.012825048044816406,0.009644436129701938
Handunugoda Tea Estate,Birds,6,0,2,8,positive,0.8,"taste some fantastic tea (and also had some lovely chocolate cake) we also saw plenty of wildlife...black faced monkeys, parrots, peacock and black robins to name a few.",1134,0.007054673721340388,40,1.4170660197866443,0.009996938411193257,0.007997550728954606
Handunugoda Tea Estate,Weather condition,1,15,0,16,negative,0.76,The cup of Sapphire Oolong and then a Rainforest tea accompanied by the delicious homemade chocolate cake was the delightful break during the hot day.,1134,0.014109347442680775,82,0.6992262266363275,0.009865625772646595,0.0074978755872114125
Handunugoda Tea Estate,Souvenir stalls,5,0,3,8,positive,0.797,"As others have said, the shope has a wonderful collection of teas for tasting and we bought some nice teas and souvenirs for family at home.",1134,0.007054673721340388,49,1.214125175789954,0.008565256972063168,0.006826509806734346
Handunugoda Tea Estate,Scenic view,24,0,10,34,positive,0.81,"I'd previously had a negative experience of a tea estate in the highlands, much too touristy, so this estate was a breath of fresh air - literally, with the stunning scenery!",1134,0.029982363315696647,128,0.25391520998096345,0.0076129780770306495,0.006166512242394826
Handunugoda Tea Estate,Wildlife,4,0,3,7,positive,0.786,"On visiting the estate we received a most charming and generous welcome by the manager Mr Manickam, who spent a good deal of time showing us the many interesting plants and animals on the estate (not least the tea!).",1134,0.006172839506172839,54,1.1169614273363062,0.006894823625532754,0.005419331369668745
Handunugoda Tea Estate,Accommodation,5,0,8,13,neutral,0.769,"Tea and cake on the terrace at the owner's villa felt very special followed by an incredibly interesting tour of the working factory and then tea tasting of 40 amazingly different varieties including Silver Tips, Golden Tips and Hundungoda's exclusive and exquisite Virgin White Tea.",1134,0.01146384479717813,90,0.6061358035703155,0.006948646778142946,0.005343509372391926
Handunugoda Tea Estate,Peacefulness,26,0,0,26,positive,0.808,"This is a serene and informative place, quite a winding road to get to it but one of the best outings in the South of Sri Lanka without a doubt.",1134,0.02292768959435626,129,0.24613306953890854,0.005643262617294199,0.004559756194773713
Handunugoda Tea Estate,Entrance fee,3,0,6,9,neutral,0.818,"Informative and funny guide.No entrance fee and no pressure to buy.Cool little gift shop with loads of teas lined up.Also, the tuk tuk driver who took us waited for us.",1134,0.007936507936507936,87,0.6400373552459969,0.005079661549571404,0.004155163147549408
Handunugoda Tea Estate,Cleanliness,8,2,0,10,positive,0.88,I needed the toilet as soon as I arrived and was surprised at how clean and modern itwas.,1134,0.008818342151675485,117,0.34377153910282454,0.0030314950538167947,0.002667715647358779
Handunugoda Tea Estate,Crowdedness,1,8,0,9,negative,0.84,"I'd previously had a negative experience of a tea estate in the highlands, much too touristy, so this estate was a breath of fresh air - literally, with the stunning scenery!",1134,0.007936507936507936,122,0.3019244291673241,0.002396225628312096,0.0020128295277821607
Henerathgoda Botanical Garden,Family friendliness,4,2,2,8,positive,0.775,"Walking distance from the Gampha city.could see lot of plant varieties.Have a big play ground,Boat service,children play ground,foods & snacks available.I can recommended for Staff day outing,families,Couples for spend few ours.",24,0.3333333333333333,89,0.6173091041684409,0.20576970138948028,0.15947151857684722
Henerathgoda Botanical Garden,Peacefulness,11,0,0,11,positive,0.778,Calm place for spend few hours,24,0.4583333333333333,129,0.24613306953890854,0.11281099020533307,0.08776695037974913
Henerathgoda Botanical Garden,Cleanliness,3,2,0,5,positive,0.864,"Main thing you get from here is quiet, clean and green environment.",24,0.20833333333333334,117,0.34377153910282454,0.07161907064642178,0.06187887703850842
Hikkaduwa Beach,Beach,386,56,99,541,positive,0.812,The restaurants on the beach have amazing food at cheap prices.,2238,0.241733690795353,64,0.9470623905409088,0.2289368870789239,0.18589675230808622
Hikkaduwa Beach,Turtles,86,20,96,202,neutral,0.784,At the top end of the beach there was a corner which was visited every day by sea turtles which was an amazing experience for children and adults alike.,2238,0.0902591599642538,16,2.3333567516607996,0.21060682030182373,0.16511574711662982
Hikkaduwa Beach,Waves,82,22,64,168,positive,0.764,This was by far the best beach I have been to in srilanka .wonderful waves and the best thing is sea is not deep more that 5ft.highly recommended for friends and families,2238,0.07506702412868632,20,2.1102132003465894,0.1584074252270898,0.12102327287349662
Hikkaduwa Beach,Coral reef,49,12,49,110,positive,0.771,"long walks along the beach with lots of restaurants and bars.Closer to the city center,the beach is more narrow,with an almost dead coral reef,ending up with the city lagoon,where the waves are more pleasant for people who don`t like high waves,and also a place where you can see some very big sea turtles.The best place for",2238,0.049151027703306524,9,2.908720896564361,0.1429666213682215,0.11022726507489877
Hikkaduwa Beach,Sandy beach,69,4,35,108,positive,0.759,Fantastic beach with fine golden sand and great snorkelling.,2238,0.04825737265415549,15,2.3978952727983707,0.11571612576506882,0.08782853945568724
Hikkaduwa Beach,Restaurants,72,9,58,139,positive,0.789,The restaurants on the beach have amazing food at cheap prices.,2238,0.06210902591599642,49,1.214125175789954,0.07540813200840196,0.05949701615462915
Hikkaduwa Beach,Strong current,13,12,15,40,neutral,0.776,"beautiful, tropical paradise but the rubbish strewn along big parts of it and what looked like sewage spewing into the ocean at high tide near the Hikka Tranz hotel, was terrible.On a positive note, the ocean was warm and clean and we snorkeled near the Hikkaduwa Beach Hotel first thing in the morning for clearer visibility.",2238,0.017873100983020553,21,2.0614230361771577,0.036844022094319175,0.02859096114519168
Hikkaduwa Beach,Accommodation,39,12,56,107,neutral,0.779,"but the rubbish strewn along big parts of it and what looked like sewage spewing into the ocean at high tide near the Hikka Tranz hotel, was terrible.On a positive note, the ocean was warm and clean and we snorkeled near the Hikkaduwa Beach Hotel first thing in the morning for clearer visibility.",2238,0.04781054512957998,90,0.6061358035703155,0.028979683191252794,0.022575173205985927
Hikkaduwa Beach,Rock formation,17,2,9,28,positive,0.774,"The biggest advantage is that there are lots of beach shacks, the boulders break the waves and makes sea swimming possible and there is a lifeguard on duty.However , the major downer is that it is very dirty and swarming with tourists.We visited in the morning",2238,0.012511170688114389,20,2.1102132003465894,0.026401237537848305,0.02043455785429459
Hikkaduwa Beach,Cleanliness,114,34,1,149,positive,0.876,I was pleasantly surprised as it's clean and great for swimming in.,2238,0.06657730116175156,117,0.34377153910282454,0.022887381289687602,0.02004934600976634
Hikkaduwa Beach,Sunset view,28,1,11,40,positive,0.847,My favourite part of this beach is the beautiful sunsets.,2238,0.017873100983020553,44,1.3217558399823195,0.02362387560290115,0.020009422635657276
Hikkaduwa Beach,Water clarity,18,1,0,19,positive,0.916,the reef is like a barrier for the high tide and you can bath or swim in the sea like a crystal clear pool.,2238,0.008489722966934763,13,2.540996116439044,0.021572353088624593,0.019760275429180126
Hikkaduwa Beach,Cafes,9,1,10,20,neutral,0.762,"Big wide comfortable beach, a lot of cafe, bars, restaurants.",2238,0.008936550491510277,15,2.3978952727983707,0.02142891217871645,0.016328831080181936
Hikkaduwa Beach,Crowdedness,8,114,2,124,negative,0.848,"Hikkaduwa beach is beautiful, clean and hasn't been killed by too many tourists yet.",2238,0.05540661304736372,122,0.3019244291673241,0.016728610016420103,0.014185861293924247
Hikkaduwa Beach,Safety,30,19,3,52,positive,0.813,It felt very safe and was an overall great beach.,2238,0.02323503127792672,86,0.651598177647073,0.015139904038269791,0.012308741983113339
Hikkaduwa Beach,Wildlife,12,4,15,31,neutral,0.784,"There were quite a few beachfront restaurants but we found the Sunset Coffee Bar near the Hikkaduwa Tranz, to be the best, serving delicious Sri Lankan and Western food.Turtles: such beautiful creatures, pity some people don't let them be.",2238,0.01385165326184093,54,1.1169614273363062,0.015471762398313446,0.012129861720277742
Hikkaduwa Beach,Family friendliness,28,5,21,54,positive,0.763,This was by far the best beach I have been to in srilanka .wonderful waves and the best thing is sea is not deep more that 5ft.highly recommended for friends and families,2238,0.024128686327077747,89,0.6173091041684409,0.014894857741329672,0.01136477645663454
Hikkaduwa Beach,Signage,3,2,9,14,neutral,0.761,"He is the first aggressive Sri Lankan I have encountered and I was not impressed at all,suggest maybe he puts a prominent sign up to say his beds aren’t free and he will charge you,then you can avoid and go to one of the other free beds on the beach and perhaps spend money in their bar or restaurant!",2238,0.006255585344057194,16,2.3333567516607996,0.014596512298146201,0.01110794585888926
Hikkaduwa Beach,Ticket price,18,8,20,46,neutral,0.797,The restaurants on the beach have amazing food at cheap prices.,2238,0.020554066130473638,94,0.5626506916305767,0.011564759524131604,0.009217113340732889
Hikkaduwa Beach,Noise level,0,14,0,14,negative,0.794,"Nice beach with a coral area at the ends of the sandy beach.Hotels back the beach, with regular access to the road behind.Road is noisy and busy, but beach is nice.Family friendly beach with little to no surf.Snorkelling over the Coral areas is good when the water is clear.Turtle feeding available, just be prepared to",2238,0.006255585344057194,32,1.640209571100854,0.01026047095416084,0.008146813937603707
Hikkaduwa Beach,Weather condition,12,14,3,29,negative,0.774,We went in the off season and it was so very windy!,2238,0.012957998212689902,82,0.6992262266363275,0.009060572195019436,0.007012882878945043
Hikkaduwa Beach,Service quality,16,6,5,27,positive,0.79,It was my first time in Srilanka and the hotel had very nice view and the staff were also very suppotive.,2238,0.012064343163538873,88,0.6286086594223741,0.007583750582843655,0.0059911629604464875
Hikkaduwa Beach,Value for money,27,13,0,40,positive,0.842,The restaurants on the beach have amazing food at cheap prices.,2238,0.017873100983020553,112,0.38744660260548613,0.006924872253896088,0.005830742437780505
Hikkaduwa Beach,Lagoon,2,0,4,6,neutral,0.767,"of restaurants and bars.Closer to the city center,the beach is more narrow,with an almost dead coral reef,ending up with the city lagoon,where the waves are more pleasant for people who don`t like high waves,and also a place where you can see some very big sea turtles.The best place for snorkling starts here and extends",2238,0.002680965147453083,11,2.70805020110221,0.007260188206708338,0.005568564354545295
Hikkaduwa Beach,Souvenir stalls,5,1,6,12,neutral,0.79,The water sports vendors on the beach were very friendly and nice.,2238,0.005361930294906166,49,1.214125175789954,0.006510054561876429,0.00514294310388238
Hikkaduwa Beach,Public transport access,7,1,13,21,neutral,0.776,And offcourse there is always a friendly tuk tuk driver who can take you where ever you want :),2238,0.00938337801608579,90,0.6061358035703155,0.005687601373984193,0.004413578666211734
Hikkaduwa Beach,Peacefulness,48,1,0,49,positive,0.784,"The children had a seabath and this place is a huge tourist attraction but it isn't very crowded, a quiet place can be found in the beach and it's a safe place for children to bath, very relaxing, one of the best beaches in Sri Lanka!",2238,0.021894548704200177,129,0.24613306953890854,0.005388972478733922,0.004224954423327395
Hikkaduwa Beach,Local guide,7,0,4,11,positive,0.778,The lifeguards were quite helpful in spotting fish and other sea creatures and in guiding us through the fairly choppy water.,2238,0.004915102770330653,66,0.9162907318741551,0.004503663114662961,0.003503849903207784
Hikkaduwa Beach,Scenic view,21,1,15,37,positive,0.767,It was my first time in Srilanka and the hotel had very nice view and the staff were also very suppotive.,2238,0.01653261840929401,128,0.25391520998096345,0.0041978832749310305,0.0032197764718721006
Hiriketiya Beach,Beach,83,10,29,122,positive,0.81,Wonderful quite beach which would be great for kids or if you are on a honeymoon.,355,0.3436619718309859,64,0.9470623905409088,0.32546932858025596,0.26363015615000734
Hiriketiya Beach,Restaurants,16,1,21,38,neutral,0.781,By far the best restaurant for diner on this small strip (we tried all).,355,0.10704225352112676,49,1.214125175789954,0.12996269487329085,0.10150086469604015
Hiriketiya Beach,Cafes,5,0,2,7,positive,0.771,"Small beach with some lovely cafes with hammocks and shade, very relaxing and scenic.",355,0.01971830985915493,15,2.3978952727983707,0.047282441998841115,0.0364547627811065
Hiriketiya Beach,Water depth,3,0,3,6,positive,0.77,The calm shallow waters invite you with its appealing and turquois blue.,355,0.016901408450704224,13,2.540996116439044,0.042946413235589474,0.03306873819140389
Hiriketiya Beach,Family friendliness,13,2,8,23,positive,0.779,Wonderful quite beach which would be great for kids or if you are on a honeymoon.,355,0.0647887323943662,89,0.6173091041684409,0.039994674354575044,0.03115585132221396
Hiriketiya Beach,Crowdedness,2,39,0,41,negative,0.855,It can be busy though,355,0.11549295774647887,122,0.3019244291673241,0.03487014534045151,0.029813974266086042
Hiriketiya Beach,Accommodation,6,2,12,20,neutral,0.778,"A few nice Hotels and good restaurants , Jasper House we stayed at, great place",355,0.056338028169014086,90,0.6061358035703155,0.03414849597579242,0.026567529869166502
Hiriketiya Beach,Strong current,2,2,1,5,positive,0.804,"This beach is a nice sheltered bay, where you can swim and surf withour being hit by the huge waves and the strong current which is common at the southern part of Sri Lanka.",355,0.014084507042253521,21,2.0614230361771577,0.029034127270100813,0.023343438325161055
Hiriketiya Beach,Ticket price,6,0,10,16,neutral,0.771,Many places to hire a good range of surfboards at a good price (250-500 rupees per hour depending on the board).,355,0.04507042253521127,94,0.5626506916305767,0.02535890441151895,0.01955171530128111
Hiriketiya Beach,Safety,6,3,2,11,positive,0.8,"Clean water, safe beach, great restaurants.",355,0.030985915492957747,86,0.651598177647073,0.020190366067937473,0.01615229285434998
Hiriketiya Beach,Value for money,8,8,0,16,positive,0.853,Dots beach house is good but really expensive.,355,0.04507042253521127,112,0.38744660260548613,0.017462382089261347,0.014895411922139928
Hiriketiya Beach,Peacefulness,25,0,0,25,positive,0.787,"Kids can be occupied, couples can enjoy quiet space, and groups of friends can run wild.",355,0.07042253521126761,129,0.24613306953890854,0.017333314756261167,0.013641318713177539
Hiriketiya Beach,Cleanliness,10,5,0,15,positive,0.872,We had wood fired pizza which was very good.The water was very clean and it was a post card setting.,355,0.04225352112676056,117,0.34377153910282454,0.014525557990260191,0.012666286567506888
Hiriketiya Beach,Scenic view,7,1,2,10,positive,0.834,Beautiful scenic sheltered beach with surf,355,0.028169014084507043,128,0.25391520998096345,0.007152541126224323,0.005965219299271085
Horton Plains National Park,Waterfall,104,13,84,201,positive,0.786,So much to see from the incredible trees to the bright pink rocks but most importantly the incredible sights of the waterfall and world’s end!,2036,0.0987229862475442,24,1.927891643552635,0.19032722021320217,0.1495971950875769
Horton Plains National Park,Trail,66,29,64,159,positive,0.767,The hike takes you on a circular path through the plains and the view of the countryside is beautiful.,2036,0.07809430255402751,39,1.4423838277709342,0.11264195904497964,0.08639638258749939
Horton Plains National Park,Mountain,35,3,40,78,neutral,0.753,"Even the drive up to the park, in the early morning, with the hills and trees tops poking through the clouds, is beautiful.",2036,0.03831041257367387,24,1.927891643552635,0.07385832426183965,0.055615318169165255
Horton Plains National Park,Wildlife,41,5,68,114,neutral,0.773,Beautiful scenery and with luck you might see some wildlife too.,2036,0.055992141453831044,54,1.1169614273363062,0.06254106223788748,0.048344241109887026
Horton Plains National Park,Rock formation,18,12,18,48,positive,0.776,So much to see from the incredible trees to the bright pink rocks but most importantly the incredible sights of the waterfall and world’s end!,2036,0.023575638506876228,20,2.1102132003465894,0.04974962358380958,0.038605707901036235
Horton Plains National Park,Scenic view,272,15,74,361,positive,0.821,Lovely views from Worlds End and in general.,2036,0.17730844793713163,128,0.25391520998096345,0.045021311789355506,0.03696249697906087
Horton Plains National Park,Sunrise view,22,2,17,41,positive,0.828,Recommend to go early to catch sunrise and the fantastic view.,2036,0.02013752455795678,21,2.0614230361771577,0.04151195701535534,0.03437190040871422
Horton Plains National Park,Weather condition,29,70,16,115,negative,0.771,This was a most enjoyable circular walk although the terrain and weather (it started off being cool and damp but brightened up to be like an early summer's day in the UK) rather reminded me of Shropshire!We didn't go early but in some respects that was no,2036,0.05648330058939096,82,0.6992262266363275,0.039494605139085294,0.03045034056223476
Horton Plains National Park,Viewpoint,23,4,17,44,positive,0.806,"Cool rock formations , water features, and two stunning viewpoints .",2036,0.021611001964636542,29,1.7386496439141066,0.03757396087044238,0.03028461246157656
Horton Plains National Park,Leopards,7,0,22,29,neutral,0.757,"Beautiful sunrise, have seen wild rabbits, deer, a lot of birds, beaver, even a leopard according to our driver..., the mist setting and clouds raising.",2036,0.01424361493123772,13,2.540996116439044,0.03619297022432823,0.02739807845981647
Horton Plains National Park,Ticket price,20,31,68,119,neutral,0.78,me of Shropshire!We didn't go early but in some respects that was no bad thing as we met people who had had to wait ages to get a ticket.,2036,0.05844793713163065,94,0.5626506916305767,0.03288577225149245,0.025650902356164115
Horton Plains National Park,Toilets,10,10,24,44,neutral,0.776,Toilet facilities interesting at the start of the park - you are definitely open to the elements!,2036,0.021611001964636542,37,1.4950275612563562,0.03230904356349689,0.025071817805273587
Horton Plains National Park,Signage,7,4,18,29,neutral,0.75,"avoid the higher temperatures later in the day.From the first junction, we took 3 hours and it was a really enjoyable trek.It is well marked, and if in this area this is one excursion not to be missed.",2036,0.01424361493123772,16,2.3333567516607996,0.033235435067860114,0.024926576300895086
Horton Plains National Park,Forest,23,3,26,52,neutral,0.775,I reached World's End after the mist had rolled in so I didn't get to see the spectacular views; though I was enchanted by the cloud forest which is the natural alternative.,2036,0.025540275049115914,51,1.1741198411762548,0.029987343684265838,0.023240191355306025
Horton Plains National Park,Local guide,27,7,24,58,positive,0.766,"The Rough Guide to Sri Lanka describes this hike as ""walking in a few gentle hours"".This description is highly misleading: The walk is 9 km, some of it climbing, some on rough trails that are closer to dry river beds, where one steps from rock to rock.",2036,0.02848722986247544,66,0.9162907318741551,0.02610258469975491,0.01999457988001226
Horton Plains National Park,Entrance fee,11,21,31,63,neutral,0.826,"Then the entrance ticket price is too high according to me, which along with car cost makees an expensive trp.But its worth it!",2036,0.03094302554027505,87,0.6400373552459969,0.019804692230106977,0.01635867578206836
Horton Plains National Park,Stairs,12,3,19,34,neutral,0.769,"The Rough Guide to Sri Lanka describes this hike as ""walking in a few gentle hours"".This description is highly misleading: The walk is 9 km, some of it climbing, some on rough trails that are closer to dry river beds, where one steps from rock to rock.",2036,0.01669941060903733,47,1.255797872190522,0.02097108430966491,0.016126763834132314
Horton Plains National Park,Cleanliness,18,61,1,80,negative,0.859,"Remember, no plastic allowed to the park (except water bottle).",2036,0.03929273084479371,117,0.34377153910282454,0.013507722558067762,0.011603133677380207
Horton Plains National Park,Value for money,12,52,0,64,negative,0.867,Way too pricey!,2036,0.03143418467583497,112,0.38744660260548613,0.012179068058325693,0.010559252006568376
Horton Plains National Park,Accommodation,11,7,22,40,neutral,0.775,Our group went to the Horton Plains for a recommended hike leaving our hotel early in the morning when it was very misty.,2036,0.019646365422396856,90,0.6061358035703155,0.011908365492540578,0.009228983256718948
Horton Plains National Park,River,4,1,10,15,neutral,0.765,"The Rough Guide to Sri Lanka describes this hike as ""walking in a few gentle hours"".This description is highly misleading: The walk is 9 km, some of it climbing, some on rough trails that are closer to dry river beds, where one steps from rock to rock.",2036,0.0073673870333988214,33,1.6094379124341003,0.011857352007127458,0.009070874285452505
Horton Plains National Park,Crowdedness,5,60,5,70,negative,0.835,We still had a bit of a wait but I would have been more bothered if I'd got up early.It was quite busy especially at World's End full of people taking the inevitable selfies.,2036,0.0343811394891945,122,0.3019244291673241,0.010380505914397195,0.008667722438521657
Horton Plains National Park,Parking,3,3,13,19,neutral,0.786,"The scenery is very beautiful, and at World's End utterly gorgeous, though there are few animals to be seen, except for several Samba deer in the parking lot!",2036,0.009332023575638507,54,1.1169614273363062,0.010423510372981247,0.00819287915316326
Horton Plains National Park,Service quality,13,5,14,32,neutral,0.784,The landscape was out of the world and the staff managing the entrance were helpful and cordial.,2036,0.015717092337917484,88,0.6286086594223741,0.009879900344555978,0.007745841870131887
Horton Plains National Park,Public transport access,5,2,23,30,neutral,0.77,A shared taxi is also worth it to keep the cost down.,2036,0.014734774066797643,90,0.6061358035703155,0.008931274119405435,0.006877081071942185
Horton Plains National Park,Heritage site,1,0,9,10,neutral,0.762,"This UNESCO World Heritage Site offers visitors a unique combination of cloud forests, grasslands, and dramatic cliff-edge views that make it an unforgettable destination for nature lovers and adventure",2036,0.004911591355599214,30,1.7047480922384253,0.008373025993312501,0.006380245806904126
Horton Plains National Park,Guided tours,7,0,2,9,positive,0.836,"I was traveling alone and staying in a guest house in Nuwara Eliya so my transportation was arranged for by my wonderful hosts, but my tour guide/driver picked me up at 5am to take me out to Horton Plains.",2036,0.0044204322200392925,36,1.5224265354444706,0.00672978330992153,0.0056260988470943985
Horton Plains National Park,Tea plantation,2,0,3,5,neutral,0.804,"The journey through the winding roads , ups and downs and the tea plantations, protected forest areas, grass lands is spectacular.",2036,0.002455795677799607,16,2.3333567516607996,0.0057302474254931225,0.004607118930096471
Horton Plains National Park,Peacefulness,42,0,0,42,positive,0.813,The countryside invites to take Photos and rest in a quiet surrounding.,2036,0.0206286836935167,129,0.24613306953890854,0.005077401238032494,0.004127927206520418
Horton Plains National Park,Safety,3,6,6,15,negative,0.819,"However, words of warning: pack lots of water, and additional provisions to the breakfast your hotel would have given you - you will need to nourish yourself during the trek.",2036,0.0073673870333988214,86,0.651598177647073,0.004800575964983347,0.0039316717153213615
Horton Plains National Park,Accessibility,3,3,0,6,positive,0.84,It is not very accessible as the roads are narrow and steep.,2036,0.0029469548133595285,36,1.5224265354444706,0.004486522206614354,0.003768678653556057
Horton Plains National Park,Museum,2,1,2,5,positive,0.784,"According to my experience, you need to stay at least half a day to work around this wonderful place.When we entering the Horton plain there is a small museum about the Horton plan small shop as well you can buy warm clothes and memorial items.",2036,0.002455795677799607,36,1.5224265354444706,0.0037387685055119612,0.002931194508321378
Horton Plains National Park,Beach,3,0,2,5,positive,0.792,"On clear mornings, you can even see the southern coastline from above the clouds!",2036,0.002455795677799607,64,0.9470623905409088,0.0023257917252969273,0.0018420270464351665
Hummanaya Blow Hole,Waves,16,0,13,29,positive,0.765,"""hoooo"" sound and you can see water like a geyser !I advise you to go there when there is wind, you will have more luck to see the wave.The price is very low, and you can see the wave every nearly 10 minutes (or maybe it was a good day for us...)I recommand this place and you have a beautiful view.Be careful for people",330,0.08787878787878788,20,2.1102132003465894,0.18544297821227604,0.14186387833239117
Hummanaya Blow Hole,Beach,18,4,8,30,positive,0.797,Before the climb starts from the visitor centre there was a lovely patch of beach that was filled with soft sand and isolated.,330,0.09090909090909091,64,0.9470623905409088,0.08609658095826443,0.06861897502373676
Hummanaya Blow Hole,Stairs,9,2,12,23,neutral,0.779,"have a beautiful view.Be careful for people who has leg problems, because you have to climb, it's not a big cliff but you have some stairs.Think to take good shoes or not to wear shoes on the rocks.",330,0.0696969696969697,47,1.255797872190522,0.08752530624358185,0.06818221356375026
Hummanaya Blow Hole,Ticket price,11,6,30,47,neutral,0.755,"sound and you can see water like a geyser !I advise you to go there when there is wind, you will have more luck to see the wave.The price is very low, and you can see the wave every nearly 10 minutes (or maybe it was a good day for us...)I recommand this place and you have a beautiful view.Be careful for people who has leg",330,0.14242424242424243,94,0.5626506916305767,0.08013509850496092,0.06050199937124549
Hummanaya Blow Hole,Weather condition,5,23,4,32,negative,0.761,the day was not very windy so we did not see anything unfortunatelly.,330,0.09696969696969697,82,0.6992262266363275,0.06780375531018934,0.05159865779105409
Hummanaya Blow Hole,Entrance fee,4,5,20,29,neutral,0.804,The entry fee is not expensive and remember your entrance fee is going towards better facilities for us tourists in the future.,330,0.08787878787878788,87,0.6400373552459969,0.056245706976163365,0.04522154840883535
Hummanaya Blow Hole,Parking,1,2,12,15,neutral,0.765,You park some 300 meters away (charged parking at 50 Rupees) and walk through a smelly and colorful fishing village.,330,0.045454545454545456,54,1.1169614273363062,0.0507709739698321,0.03883979508692156
Hummanaya Blow Hole,Souvenir stalls,1,1,9,11,neutral,0.751,"The dogs were in fact some of the worst I'd seen in Sri Lanka.We parked the tuk tuk about 200m away from the steep staircase.Many stalls with fried or ?dried fish (like piles of it) which I think made the whole area stink.When we got to the top of the staircase,",330,0.03333333333333333,49,1.214125175789954,0.040470839192998466,0.03039360023394185
Hummanaya Blow Hole,Scenic view,37,1,7,45,positive,0.788,The view from this point is breathtaking.,330,0.13636363636363635,128,0.25391520998096345,0.034624801361040465,0.02728434347249989
Hummanaya Blow Hole,Noise level,0,7,0,7,negative,0.771,There is a gap through which seawater comes gushing up with a loud hoooooooo sound.,330,0.021212121212121213,32,1.640209571100854,0.03479232423547266,0.02682488198554942
Hummanaya Blow Hole,Museum,5,0,2,7,positive,0.783,"Behind the ticket office there is also a small museum, not so interesting, what they do have is a maquette of the blow hole and if you press the button…magic.",330,0.021212121212121213,36,1.5224265354444706,0.03229389620639786,0.025286120729609524
Hummanaya Blow Hole,Safety,4,1,6,11,neutral,0.796,The natural blow hall is in awesome stage during the monsoon rain season.The place is located on 183 km post from Colombo on A2 main highway.it is advisable to visit this place before 5.00 pm and avoid going passing the steel fence for safety reason.it will take only 4 hrs from Colombo via express way one way.,330,0.03333333333333333,86,0.651598177647073,0.021719939254902433,0.017289071646902337
Hummanaya Blow Hole,Public transport access,0,1,11,12,neutral,0.758,"The dogs were in fact some of the worst I'd seen in Sri Lanka.We parked the tuk tuk about 200m away from the steep staircase.Many stalls with fried or ?dried fish (like piles of it) which I think made the whole area stink.When we got to the top of the staircase,",330,0.03636363636363636,90,0.6061358035703155,0.02204130194801147,0.016707306876592696
Hummanaya Blow Hole,Value for money,10,5,0,15,positive,0.837,The entry fee is not expensive and remember your entrance fee is going towards better facilities for us tourists in the future.,330,0.045454545454545456,112,0.38744660260548613,0.01761120920934028,0.014740582108217814
Hummanaya Blow Hole,Cleanliness,4,7,0,11,negative,0.862,"Poor diseased dogs, stinking streets full of rubbish.",330,0.03333333333333333,117,0.34377153910282454,0.011459051303427484,0.009877702223554491
Hummanaya Blow Hole,Crowdedness,0,4,2,6,negative,0.82,"When I reached the village nearby, it was disappointingly touristy, with stalls selling all sorts of tat.",330,0.01818181818181818,122,0.3019244291673241,0.005489535075769529,0.004501418762131014
Hurulu Eco Park,Elephants,145,25,155,325,neutral,0.785,The Forest Department does a very good job of maintaining the park well (of course the tracks are rugged but usable) and advising the guides of the areas within the park where the elephants are likely to be.,993,0.32729103726082576,33,1.6094379124341003,0.5267546037674548,0.413502363957452
Hurulu Eco Park,Wildlife,44,17,58,119,neutral,0.782,"It is very easy to fit climibing Sigiriya in the morning and an evening/sunset safari of the Hurulu Ecopark in the same day.Elelphants are the main attraction here, though we saw other wildlife such as, wild water buffolo, eagles and other bird life.",993,0.11983887210473314,54,1.1169614273363062,0.13385539763647578,0.10467492095172407
Hurulu Eco Park,Birds,25,1,53,79,neutral,0.758,Great Park to see wild elephants and birds,993,0.07955689828801611,40,1.4170660197866443,0.11273737720356988,0.08545493192030597
Hurulu Eco Park,Local guide,35,4,31,70,positive,0.767,The Forest Department does a very good job of maintaining the park well (of course the tracks are rugged but usable) and advising the guides of the areas within the park where the elephants are likely to be.,993,0.07049345417925479,66,0.9162907318741551,0.0645924987222466,0.04954244651996314
Hurulu Eco Park,Trail,9,6,23,38,neutral,0.758,The Forest Department does a very good job of maintaining the park well (of course the tracks are rugged but usable) and advising the guides of the areas within the park where the elephants are likely to be.,993,0.038267875125881166,39,1.4423838277709342,0.055196964204728596,0.04183929886718428
Hurulu Eco Park,Forest,6,1,17,24,neutral,0.764,The Forest Department does a very good job of maintaining the park well (of course the tracks are rugged but usable) and advising the guides of the areas within the park where the elephants are likely to be.,993,0.02416918429003021,51,1.1741198411762548,0.028377518819969905,0.02168042437845701
Hurulu Eco Park,Accommodation,11,2,31,44,neutral,0.761,"Minneryia, where we had previously had a memorable trip to see elephants some years ago, was too full of water so the hotel recommend this area instead.",993,0.044310171198388724,90,0.6061358035703155,0.026857981225673597,0.020438923712737606
Hurulu Eco Park,Ticket price,12,6,28,46,neutral,0.758,trip.We organized the trip through Habarana Inn and appears to be the cheapest in town as they own their own jeep which keeps the costs down.Knowledgeable guide.Highly recommend this trip,993,0.04632426988922457,94,0.5626506916305767,0.026064382492453703,0.019756801929279907
Hurulu Eco Park,Noise level,0,15,0,15,negative,0.776,"The wild elephant safari at this park was very good,only problem it was overcrowded with many safari jeeps ,and the tourists were very noisy the tour guide should brief them before not to make a noise we were able to see many elephants",993,0.015105740181268883,32,1.640209571100854,0.024776579623879972,0.01922662578813086
Hurulu Eco Park,Family friendliness,17,3,14,34,positive,0.778,"For what we paid (around A$50, for a family of four), very few widlife experiences anywhere else in the world would be able to even come close in the value-for-money stakes.Highly recommend a half day (evening/sunset) safari of Hurulu Park to any Sri Lankan or a visitor to Sri Lanka.",993,0.03423967774420947,89,0.6173091041684409,0.02113646479529405,0.01644416961073877
Hurulu Eco Park,Viewpoint,8,0,2,10,positive,0.816,"It is a beautiful park, with lush greenery (and breathtaking landscapes from the viewing point).",993,0.010070493454179255,29,1.7386496439141066,0.0175090598581481,0.01428739284424885
Hurulu Eco Park,Leopards,1,3,2,6,negative,0.787,.The advantage in Eco park is that one could see some elephants for sure with in a shorter distance.I have heard that some one saw a leopard or a wild cat while their jeep broke down.I guess the roads must be done & the network of roads must extend beyond the present limits.,993,0.006042296072507553,13,2.540996116439044,0.01535345085461658,0.01208316582258325
Hurulu Eco Park,Sunset view,8,0,2,10,positive,0.856,"It is very easy to fit climibing Sigiriya in the morning and an evening/sunset safari of the Hurulu Ecopark in the same day.Elelphants are the main attraction here, though we saw other wildlife such as, wild water buffolo, eagles and other bird life.",993,0.010070493454179255,44,1.3217558399823195,0.01331073353456515,0.01139398790558777
Hurulu Eco Park,Guided tours,3,1,5,9,neutral,0.82,"Our tour guide took us to the local jeep place and we had a rust, dirty jeep, not impressed as we were on our honeymoon.",993,0.00906344410876133,36,1.5224265354444706,0.013798427813696109,0.011314710807230809
Hurulu Eco Park,Entrance fee,4,1,15,20,neutral,0.821,this park is very close to Habarana and is less visited than the more renown national parks that are nearby.This means smaller entrance fees and smaller jeep/guide fees and the biggest plus is less traffic in the park.We went for the birding and possible elephants and we saw plenty of both.It was a great 4 hour afternoon,993,0.02014098690835851,87,0.6400373552459969,0.01289098399287003,0.010583497858146293
Hurulu Eco Park,Crowdedness,5,31,1,37,negative,0.849,"If I were to recommend just one excursion whilst visiting Sri Lanka this is it.Still relatively unknown, so not packed with other visitors.",993,0.03726082578046324,122,0.3019244291673241,0.011249953554069478,0.009551210567404987
Hurulu Eco Park,Scenic view,33,1,9,43,positive,0.805,"However other people didn't seem to be having this problem.On the plus side, the scenery is amazing and the guides are good at spotting animals to show.",993,0.0433031218529708,128,0.25391520998096345,0.010995321278128327,0.008851233628893304
Hurulu Eco Park,Value for money,8,13,0,21,negative,0.857,"For what we paid (around A$50, for a family of four), very few widlife experiences anywhere else in the world would be able to even come close in the value-for-money stakes.Highly recommend a half day (evening/sunset) safari of Hurulu Park to any Sri Lankan or a visitor to Sri Lanka.",993,0.021148036253776436,112,0.38744660260548613,0.008193734798303333,0.007022030722145956
Hurulu Eco Park,Accessibility,3,2,0,5,positive,0.848,"This is an easily accessible, relatively small national park in North-Central Sri Lanka, very close to Sigiriya.",993,0.005035246727089627,36,1.5224265354444706,0.007665793229831171,0.006500592658896833
Hurulu Eco Park,Safety,4,5,2,11,negative,0.829,"One could see herds of over 40 to 50 wild elephants at very close range, They did not seem to be dangerous in any way.",993,0.011077542799597181,86,0.651598177647073,0.007218106701024978,0.005983810455149706
Hurulu Eco Park,Service quality,4,0,4,8,positive,0.78,"There are three parks in this region, and elephants may congregate in one or another - so some local knowledge here is really helpful when choosing which to visit.",993,0.008056394763343404,88,0.6286086594223741,0.005064319511962732,0.003950169219330931
Hurulu Eco Park,Peacefulness,12,0,0,12,positive,0.817,I hired a jeep to myself and was rewarded with a peaceful drive until we caught up with the others.,993,0.012084592145015106,129,0.24613306953890854,0.002974417758778351,0.0024300993089219126
Hurulu Eco Park,Cleanliness,3,4,0,7,negative,0.874,In addition to that I saw people throwing litter from the jeeps into the park.,993,0.007049345417925478,117,0.34377153910282454,0.0024233643239876855,0.002118020419165237
Independence Memorial Hall,Sculptures,27,1,33,61,neutral,0.779,"After a hectic journey from Bentota to Colombo & to temples around the city, we took rest here in lush green garden in this memorial hall of Bandarnaike.Well built statue and well maintained gardens....",373,0.16353887399463807,55,1.0986122886681098,0.17966581664545495,0.1399596711668094
Independence Memorial Hall,Museum,14,3,16,33,neutral,0.779,"Opening Time: Always openEntrance: FreeType: Historical / Monument / ParkBest time to visit: Morning and evenings (Outdoor) Near by: National Museum, Shopping Malls, Restaurants, Walking tracksOne of the best places to see in Colombo.",373,0.08847184986595175,36,1.5224265354444706,0.13469189187578426,0.10492498377123594
Independence Memorial Hall,Trail,9,2,4,15,positive,0.795,"Nice relaxing place, surrounded by shopping malls, restaurants and walking tracks",373,0.040214477211796246,39,1.4423838277709342,0.058004711572557675,0.04611374570018335
Independence Memorial Hall,Colonial architecture,4,0,4,8,positive,0.775,"Nice Hall to commemorate the Feb 4, 1948 independence from colonial rule",373,0.021447721179624665,24,1.927891643552635,0.04134888243544525,0.03204538388747007
Independence Memorial Hall,Cleanliness,34,2,2,38,positive,0.882,"After a hectic journey from Bentota to Colombo & to temples around the city, we took rest here in lush green garden in this memorial hall of Bandarnaike.Well built statue and well maintained gardens....",373,0.10187667560321716,117,0.34377153910282454,0.03502230157079714,0.030889669985443076
Independence Memorial Hall,Family friendliness,14,2,8,24,positive,0.772,"The place is great for family and friends pick-nick , stroll or even a Jog.",373,0.064343163538874,89,0.6173091041684409,0.0397196206435458,0.030663547136817355
Independence Memorial Hall,Restaurants,5,0,6,11,neutral,0.778,This where Ceylon got freedom from British rule .A monument of good architecture.Worth the visit.Next door is the arcade which has got many restaurants and food outlets.,373,0.029490616621983913,49,1.214125175789954,0.03580530009032036,0.02785652347026924
Independence Memorial Hall,Local guide,10,0,4,14,positive,0.777,But it's a hall...and since there's only a little information about the construction on the site..I'd hire a guide or ask one of the locals...Or else you get to see a nice construction but nothing more.,373,0.03753351206434316,66,0.9162907318741551,0.034391609239244426,0.02672228037889292
Independence Memorial Hall,Paintings,4,0,3,7,positive,0.78,Its useful if you have a guide to explain what you are looking at otherwise its just a very nice building with painting depicting the history of the country.,373,0.01876675603217158,29,1.7386496439141066,0.03262881369275803,0.025450474680351266
Independence Memorial Hall,Peacefulness,37,1,0,38,positive,0.794,Nice landscaping and peaceful,373,0.10187667560321716,129,0.24613306953890854,0.025075218880639474,0.019909723791227744
Independence Memorial Hall,Weather condition,6,6,1,13,positive,0.752,Tourist attraction Must go just to see was just to see how the structure is done Will recommend tourist to visit Just go during the evening hours it can be hot,373,0.03485254691689008,82,0.6992262266363275,0.024369814869362624,0.018326100781760692
Independence Memorial Hall,Stairs,2,0,5,7,neutral,0.763,Very easy to find:just below the steps that take you to the Independence Memorial or just in front of the huge national flag.Anyway it is an integrated part of the memorial.While visiting the memorial itself is free of charge,373,0.01876675603217158,47,1.255797872190522,0.023567252293119716,0.017981813499650345
Independence Memorial Hall,Parking,2,0,5,7,neutral,0.763,The independent memorial is an excellent memorial to visit in Sri lanka .It is before entering into the city.The parking time of vehicle is little inconvenient.,373,0.01876675603217158,54,1.1169614273363062,0.020961742604166604,0.015993809606979117
Independence Memorial Hall,Temple,2,0,8,10,neutral,0.756,"After a hectic journey from Bentota to Colombo & to temples around the city, we took rest here in lush green garden in this memorial hall of Bandarnaike.Well built statue and well maintained gardens....",373,0.02680965147453083,76,0.7752121336142496,0.02078316712102546,0.015712074343495246
Independence Memorial Hall,Value for money,15,3,0,18,positive,0.813,"It's easy to access, free and pretty.",373,0.04825737265415549,112,0.38744660260548613,0.01869715508551944,0.015200787084527302
Independence Memorial Hall,Public transport access,2,1,8,11,neutral,0.785,"There is a Arcade on the other side of the road expensive branded shops are there, There is a food court there which is not very expensive.This place is well connected by public transport.",373,0.029490616621983913,90,0.6061358035703155,0.01787531860395032,0.014032125104101003
Independence Memorial Hall,Buddha statue,2,0,3,5,neutral,0.78,"Architecturally clean lines, with rows of stone pillars etched with local designs, and with scenes from the life of the Buddha on the upper walls.",373,0.013404825737265416,47,1.255797872190522,0.016833751637942655,0.013130326277595271
Independence Memorial Hall,Crowdedness,5,12,0,17,negative,0.856,Specially in early morning and late evenings place is crowded as the people in vicinity comes for walks.,373,0.045576407506702415,122,0.3019244291673241,0.013760630819958472,0.011779099981884452
Independence Memorial Hall,Scenic view,11,1,11,23,positive,0.751,There are a number of interesting sculptures and a view with fountains and fields...,373,0.06166219839142091,128,0.25391520998096345,0.015656970052445467,0.011758384509386545
Independence Memorial Hall,Entrance fee,4,0,4,8,positive,0.815,".Anyway it is an integrated part of the memorial.While visiting the memorial itself is free of charge, the visit of the museum has a fee of about two dollars.You will receive a nice printed colorful ticket !The museum is organized very simply: begin your own tour from the left side (not like myself!",373,0.021447721179624665,87,0.6400373552459969,0.013727342739860524,0.011187784332986325
Independence Memorial Hall,Safety,3,0,2,5,positive,0.792,"Very safe place even in the night, specially good for foreigners.",373,0.013404825737265416,86,0.651598177647073,0.008734560022078727,0.006917771537486352
Isurumuniya Temple,Temple,102,6,70,178,positive,0.789,A lovely temple.,819,0.21733821733821734,76,0.7752121336142496,0.16848322317867695,0.13293326308797612
Isurumuniya Temple,Sculptures,54,3,55,112,neutral,0.783,"makara torana.Beside the pond itself and carved into the rockface is a sculpture known as 'the man and his horse', and two sets of carvings of elephants.Many people will miss this site, but I throughly enjoyed it and would recommend others go.",819,0.13675213675213677,55,1.0986122886681098,0.1502375779375193,0.11763602352507761
Isurumuniya Temple,Cave temple,15,0,17,32,neutral,0.818,Isurumuniya rock temple is a beautiful peice of artifact as well as a relegious temple located in the secred city of Anuradhapura.,819,0.03907203907203907,8,3.0265039322207445,0.11825167989140882,0.09672987415117242
Isurumuniya Temple,Museum,22,4,31,57,neutral,0.777,The little museum has interesting carvings and the view from the top is worth the climb.,819,0.0695970695970696,36,1.5224265354444706,0.10595642554375437,0.08232814264749715
Isurumuniya Temple,Stupa,18,0,16,34,positive,0.778,"It is a beautiful complex and it is one of a few places in Anurathapura, where we can see beautiful stone carving (the lovers and horse man, king and consort) rather than the remaining cement, bricks and gigantic stupa.",819,0.04151404151404151,29,1.7386496439141066,0.07217837349582372,0.056154774579750856
Isurumuniya Temple,Buddha statue,15,3,20,38,neutral,0.803,"Adjacent to the pond is another shrine room featuring images of Buddha below a makara torana.Beside the pond itself and carved into the rockface is a sculpture known as 'the man and his horse', and two sets of carvings of elephants.Many people will miss",819,0.0463980463980464,47,1.255797872190522,0.05826656794046379,0.04678805405619243
Isurumuniya Temple,Elephants,14,0,13,27,positive,0.781,".Beside the pond itself and carved into the rockface is a sculpture known as 'the man and his horse', and two sets of carvings of elephants.Many people will miss this site, but I throughly enjoyed it and would recommend others go.",819,0.03296703296703297,33,1.6094379124341003,0.053058392717607705,0.04143860471245162
Isurumuniya Temple,Stairs,10,4,8,22,positive,0.789,at the enterd to the rock temple is a large pond.above the pond there is a carving of bathing eliphants n on the top level of the stair there isanother carvings of the man seated in royal pose n a horse head.this carving is thought to b of agni n parjanya.parjanya is the god for rain.The elephants below represents the,819,0.026862026862026864,47,1.255797872190522,0.03373327617605798,0.026615554902909747
Isurumuniya Temple,Ancient ruins,6,1,6,13,positive,0.794,"We did not have a guide, and did not really understand the significance of some of the components.We later got an excellent guide - Asoka - who showed us the main Anuradhapura ruins.",819,0.015873015873015872,23,1.9704512579714308,0.031277004094784615,0.024833941251258984
Isurumuniya Temple,Ticket price,17,3,24,44,neutral,0.766,Entrance fee is very cheap comparing to the 25 USD price to see the big dagoba where you can see from the road side.,819,0.05372405372405373,94,0.5626506916305767,0.030227875985037088,0.02315455300453841
Isurumuniya Temple,Entrance fee,10,1,21,32,neutral,0.828,Entrance fee is very cheap comparing to the 25 USD price to see the big dagoba where you can see from the road side.,819,0.03907203907203907,87,0.6400373552459969,0.025007564551736142,0.020706263448837525
Isurumuniya Temple,Scenic view,63,2,19,84,positive,0.783,The little museum has interesting carvings and the view from the top is worth the climb.,819,0.10256410256410256,128,0.25391520998096345,0.026042585639073173,0.020391344555394295
Isurumuniya Temple,Heritage site,4,1,6,11,neutral,0.8,Historical sites at its very best,819,0.013431013431013432,30,1.7047480922384253,0.022896494523348816,0.018317195618679054
Isurumuniya Temple,Paintings,5,0,6,11,neutral,0.778,"Some good features and an interesting site, both climbing up on top and the statues and paintings inside.",819,0.013431013431013432,29,1.7386496439141066,0.023351826719237086,0.018167721187566453
Isurumuniya Temple,Hindu shrine,5,1,6,12,neutral,0.773,"Adjacent to the pond is another shrine room featuring images of Buddha below a makara torana.Beside the pond itself and carved into the rockface is a sculpture known as 'the man and his horse', and two sets of carvings of",819,0.014652014652014652,39,1.4423838277709342,0.021133828978328707,0.01633644980024809
Isurumuniya Temple,Local guide,8,0,8,16,positive,0.762,"We didnt have guide to tell us stories, nor we are historical buffs who want to write a journal about it, but we enjoyed the view and serenity.",819,0.019536019536019536,66,0.9162907318741551,0.017900673638567132,0.013640313312588154
Isurumuniya Temple,Mountain,6,0,0,6,positive,0.753,And you can get to the top of a small hill to take in the wonderful views,819,0.007326007326007326,24,1.927891643552635,0.014123748304414908,0.010635182473224427
Isurumuniya Temple,Parking,2,0,6,8,neutral,0.78,The views from the top of site are lovely.As you leave this site walk to the opposite side of the car park where there are new toilet blocks being built.,819,0.009768009768009768,54,1.1169614273363062,0.010910490132711172,0.008510182303514715
Isurumuniya Temple,Sunset view,4,0,2,6,positive,0.86,Nice breeze too and a good place to watch the sunset over the lake.,819,0.007326007326007326,44,1.3217558399823195,0.00968319296690344,0.008327545951536957
Isurumuniya Temple,Peacefulness,32,0,0,32,positive,0.818,"Peaceful temple with a great view, separate entrance fee",819,0.03907203907203907,129,0.24613306953890854,0.009616920909945145,0.007866641304335127
Isurumuniya Temple,Value for money,14,2,0,16,positive,0.838,Entrance fee is very cheap comparing to the 25 USD price to see the big dagoba where you can see from the road side.,819,0.019536019536019536,112,0.38744660260548613,0.007569164397665175,0.006342959765243416
Isurumuniya Temple,Crowdedness,1,15,1,17,negative,0.82,"There is also a bat colony, a very busy squiggly bunch but fun to watch.",819,0.020757020757020756,122,0.3019244291673241,0.00626705164327779,0.005138982347487787
Isurumuniya Temple,Safety,1,2,2,5,negative,0.832,We didn't go inside as it was dark and would be dangerous.,819,0.006105006105006105,86,0.651598177647073,0.003978010852546233,0.0033097050293184656
Isurumuniya Temple,Cleanliness,5,1,0,6,positive,0.893,"I pegged down because of 1) the shoe policy: temples elsewhere, for example, often hand out clean flip flops to use.",819,0.007326007326007326,117,0.34377153910282454,0.0025184728139401066,0.0022489962228485153
Jaffna Fort,Ancient ruins,22,6,29,57,neutral,0.772,It is interesting if you like ruins as it is very large..,568,0.10035211267605634,23,1.9704512579714308,0.19773894666262598,0.15265446682354727
Jaffna Fort,Church,7,0,21,28,neutral,0.758,The Dutch church was reduced to a MASSIVE pile of rubble from bombing during the conflict and lies as a stark reminder of those times - one can only be in awe of the incredible size the walls must have been.,568,0.04929577464788732,9,2.908720896564361,0.1433876498306375,0.10868783857162323
Jaffna Fort,Coral reef,12,0,13,25,neutral,0.78,"there are great views of the lagoon, the Old Library and the Clock tower.The only draw back - the original fort was constructed with Coral, and with the restoration work you can see that they are using coral again - I understand that to restore an object you must stay as true to the original work as possible, but with current",568,0.04401408450704225,9,2.908720896564361,0.1280246873487835,0.09985925613205113
Jaffna Fort,Colonial architecture,11,2,15,28,neutral,0.782,This is one beautiful piece of Dutch architecture.,568,0.04929577464788732,24,1.927891643552635,0.0950369120061158,0.07431886518878256
Jaffna Fort,Sunset view,29,0,8,37,positive,0.848,Sunset above the dutch port is a one of great experience that can get if you ever visit Jaffna port,568,0.06514084507042253,44,1.3217558399823195,0.08610029239321447,0.07301304794944587
Jaffna Fort,Lagoon,13,1,2,16,positive,0.815,"And there are great views of the lagoon, the Old Library and the Clock tower.The only draw back - the original fort was constructed with Coral, and with the restoration work you can see that they are using coral again - I understand",568,0.028169014084507043,11,2.70805020110221,0.07628310425640028,0.06217072996896623
Jaffna Fort,Museum,7,0,18,25,neutral,0.766,"it would be good if the 'gallery' under the rampart had more light, and if it had a presentation that showed restoration plans...",568,0.04401408450704225,36,1.5224265354444706,0.06700821018681648,0.05132828900310142
Jaffna Fort,Signage,6,3,7,16,neutral,0.771,Ignore the no entry sign at the entrance as I assume that it only applies to vehicles.Remains of destroyed building indicator of the extremely dangerous place it was during the long war.,568,0.028169014084507043,16,2.3333567516607996,0.06572835920171266,0.05067656494452046
Jaffna Fort,Heritage site,7,0,12,19,neutral,0.802,An absolutely amazing historical site where you need to spend at least an hour to take it all in.,568,0.03345070422535211,30,1.7047480922384253,0.05702502421220084,0.04573406941818508
Jaffna Fort,Fortress,5,0,5,10,positive,0.778,Stunning fortress,568,0.017605633802816902,9,2.908720896564361,0.0512098749395134,0.039841282702941426
Jaffna Fort,Scenic view,85,2,20,107,positive,0.808,"And there are great views of the lagoon, the Old Library and the Clock tower.The only draw back - the original fort was constructed with Coral, and with the restoration work you can see that they are using coral",568,0.18838028169014084,128,0.25391520998096345,0.047832618781625154,0.038648755975553124
Jaffna Fort,Information boards,2,1,2,5,positive,0.816,"It's free and it's not very busy, there is also some good information boards detailing the history and current conservation works.",568,0.008802816901408451,4,3.71965111278069,0.03274340768292861,0.026718620669269746
Jaffna Fort,Value for money,37,7,0,44,positive,0.811,"fort was vitually completely detroyed and it is reconstructed again hope it will come close to the old majestic look.Entrance is free at the moment , if you are going there keep your movements to the main area don't (DON""T) walk on all area sometimes you may step into a mine which is not cleared yet.",568,0.07746478873239436,112,0.38744660260548613,0.030013469215917937,0.024340923534109448
Jaffna Fort,Beach,3,1,10,14,neutral,0.76,There was trash everywhere and the whole coast and fort area had a feel as if there had been a big festival and no one cleaned up afterwards.,568,0.02464788732394366,64,0.9470623905409088,0.023343087090797045,0.017740746189005754
Jaffna Fort,Strong current,4,0,2,6,positive,0.8,"they are using coral again - I understand that to restore an object you must stay as true to the original work as possible, but with current knowledge of erosion and destruction of the sea beds from using Coral I'm sure they could have found an alternative!.......",568,0.01056338028169014,21,2.0614230361771577,0.02177559545257561,0.01742047636206049
Jaffna Fort,Service quality,11,1,7,19,positive,0.791,All the Staff at Miracle Sri Lanka gave us the personal touch and really took great care of us.,568,0.03345070422535211,88,0.6286086594223741,0.021027402339832933,0.01663267525080785
Jaffna Fort,Cleanliness,10,18,1,29,negative,0.864,"Dirty around, interesting only for history maniacs.",568,0.051056338028169015,117,0.34377153910282454,0.017551715904897732,0.01516468254183164
Jaffna Fort,Family friendliness,9,0,6,15,positive,0.779,it is a nice place to visit in the evening with the family/,568,0.02640845070422535,89,0.6173091041684409,0.016302177046701782,0.012699395919380688
Jaffna Fort,Hindu shrine,2,1,3,6,neutral,0.777,"We spent two nights in Jaffna, enough time to take in Nallur Kovil, Naguleswaram Temple – where we enjoyed a nice communal vegetarian lunch.",568,0.01056338028169014,39,1.4423838277709342,0.015236448884904235,0.01183872078357059
Jaffna Fort,Entrance fee,1,1,8,10,neutral,0.8,The balance can be seen for a fee of Rs 20( unsure if its more for Foreigners)The view is quite good - especially when you view it from the upper walkway.The best time to view it would be at dusk as it would be rather warm otherwise,568,0.017605633802816902,87,0.6400373552459969,0.011268263296584454,0.009014610637267563
Jaffna Fort,Safety,6,1,1,8,positive,0.818,"We were eager to see Jaffna, having heard that it had a different feel to other parts of Sri Lanka and was safe now following the end of the “civil” war.",568,0.014084507042253521,86,0.651598177647073,0.00917743912178976,0.007507145201624023
Jaffna Fort,Sculptures,0,1,4,5,neutral,0.752,Closer inspection will show carvings on the broken columns.,568,0.008802816901408451,55,1.0986122886681098,0.009670882822782657,0.007272503882732558
Jaffna Fort,Public transport access,3,1,4,8,neutral,0.77,The renovation works are interesting and you can see how they're making bricks and using volcanic rock in the centre of the fort.Don't forget to get an ice cream from the ice cream tuk tuk on your way out :-),568,0.014084507042253521,90,0.6061358035703155,0.008537123993948105,0.006573585475340041
Jaffna Fort,Temple,2,0,3,5,neutral,0.78,"We also visited Kantharodai Viharaya (interesting and unusual but a small site with no information available in English), Jaffna Fort (quite damaged but a good contrast with Galle), Nilavarai Well (boring) and the Elephant",568,0.008802816901408451,76,0.7752121336142496,0.006824050471956423,0.0053227593681260095
Jaffna Fort,Peacefulness,15,0,0,15,positive,0.811,A beautiful and tranquil atmosphere.,568,0.02640845070422535,129,0.24613306953890854,0.006499993033597937,0.005271494350247927
Jaffna Fort,Accommodation,1,1,3,5,neutral,0.78,"One response was clearly out of our price range, another looked expensive for the hotels offered (and also made some pretty elementary/lazy blunders with the itinerary) so it came down to a choice of two.",568,0.008802816901408451,90,0.6061358035703155,0.0053357024962175665,0.004161847947049702
Jaffna Fort,Crowdedness,0,6,0,6,negative,0.813,This busy itinerary suited us because we wanted to see as much and possible.,568,0.01056338028169014,122,0.3019244291673241,0.003189342561626663,0.0025929355026024768
Jaffna Public Library,Colonial architecture,4,0,1,5,positive,0.804,Peaceful restored colonial era building,43,0.11627906976744186,24,1.927891643552635,0.224173446924725,0.1802354513274789
Jaffna Public Library,Service quality,4,2,3,9,positive,0.784,"The indexing, classification of books and arrangement according to genre, author, was in wanting.Some help from visitors who can assist the Library Management in this area can be helpful.",43,0.20930232558139536,88,0.6286086594223741,0.13156925429770622,0.10315029536940168
Jaffna Public Library,Family friendliness,5,0,4,9,positive,0.778,"Their health could certainly use it to stave off the mites.The children's park is just across the road, and the courts building a further block away.It is also easy to visit the library, and then walk a short distance, past the pillar, stadium, and around to the old fort.",43,0.20930232558139536,89,0.6173091041684409,0.12920423110502252,0.10052089179970752
Jaffna Public Library,Sculptures,2,0,3,5,neutral,0.78,"Think during the day visitors are kept out as school kids are given access.The exterior was gorgeous, with a statue of Saraswathy, the goddess of knowledge outside, set in a beautiful garden full of flowers.",43,0.11627906976744186,55,1.0986122886681098,0.1277456149614081,0.09964157966989833
Jaffna Public Library,Value for money,6,0,0,6,positive,0.8,"But, since it's free I can't complain too much!",43,0.13953488372093023,112,0.38744660260548613,0.05406231664262597,0.04324985331410078
Jaffna Public Library,Peacefulness,9,0,0,9,positive,0.818,Historical building in peaceful surrounds,43,0.20930232558139536,129,0.24613306953890854,0.05151622385698086,0.04214027111501034
Jami Ul-Alfar Mosque,Mosque,153,15,112,280,positive,0.795,"This is not the pace for things-to-do in Colombo, located between Bankshall Street and Second Cross Street which is full packed area, there are plenty of shops nearby this mosque, somewhat attractive painting but nothing more about this, this mosque used by local business peoples.",573,0.4886561954624782,5,3.4965075614664802,1.7085900823919973,1.358329115501638
Jami Ul-Alfar Mosque,Market,18,12,23,53,neutral,0.786,Easy to find off Second Cross street near the Aslam market.,573,0.0924956369982548,16,2.3333567516607996,0.21582531908904432,0.16963870080398885
Jami Ul-Alfar Mosque,Crowdedness,1,87,2,90,negative,0.812,"This is not the pace for things-to-do in Colombo, located between Bankshall Street and Second Cross Street which is full packed area, there are plenty of shops nearby this mosque, somewhat attractive painting but nothing more about this, this mosque used by local business peoples.",573,0.15706806282722513,122,0.3019244291673241,0.047422685209527346,0.03850722039013621
Jami Ul-Alfar Mosque,Paintings,4,1,7,12,neutral,0.768,"This is not the pace for things-to-do in Colombo, located between Bankshall Street and Second Cross Street which is full packed area, there are plenty of shops nearby this mosque, somewhat attractive painting but nothing more about this, this mosque used by local business peoples.",573,0.020942408376963352,29,1.7386496439141066,0.036411510867311134,0.02796404034609495
Jami Ul-Alfar Mosque,Parking,1,8,9,18,neutral,0.777,"It has no parking spaces , extremely crowded",573,0.031413612565445025,54,1.1169614273363062,0.035087793528889195,0.027263215571946907
Jami Ul-Alfar Mosque,Local guide,9,0,7,16,positive,0.759,"Inside, there was a wonderful guide who explained the history of the building with accompanying footage and photos.",573,0.027923211169284468,66,0.9162907318741551,0.025585779598580247,0.019419606715322408
Jami Ul-Alfar Mosque,Public transport access,5,4,11,20,neutral,0.757,"our taxi driver had difficulty finding it, and there was a lot of work going on in and around the mosque, but well worth the visit",573,0.034904013961605584,90,0.6061358035703155,0.02115657255044731,0.016015525420688615
Jami Ul-Alfar Mosque,Colonial architecture,3,0,3,6,positive,0.783,This Mosque has candy-striped red-and-white brickwork with British colonial style.The many small minarets of the roof deck and the impressive wall clock.The mihrab is a narrow rectangular panel with a quotation from the Qur'an above it.Inside also has candy-striped.,573,0.010471204188481676,24,1.927891643552635,0.020187347052907173,0.015806692742426316
Jami Ul-Alfar Mosque,Restaurants,7,0,1,8,positive,0.802,There are five Halal restaurants in the vicinity which are damn cheap and have variety of good Muslim food.,573,0.013961605584642234,49,1.214125175789954,0.016951136834763757,0.013594811741480533
Jami Ul-Alfar Mosque,Service quality,6,1,3,10,positive,0.786,"I was able to take photos because I had a fish-eye lens.Ignore the ""helpful"" people who hover at the entrance and offer unsolicited facts about the history of the building.",573,0.017452006980802792,88,0.6286086594223741,0.010970482712432358,0.008622799411971834
Jami Ul-Alfar Mosque,Temple,4,0,3,7,positive,0.791,Worth the trip but only in combination with a nearby temple.,573,0.012216404886561954,76,0.7752121336142496,0.009470305297207236,0.007491011490090924
Jami Ul-Alfar Mosque,Cleanliness,13,1,0,14,positive,0.886,This is an old beautiful mosque in the Pettah area where most of the trading takes place.This is close to the old town hall and Kaymans gate.The area surrounding is bit dirty.,573,0.02443280977312391,117,0.34377153910282454,0.008399304620313339,0.007441783893597618
Jami Ul-Alfar Mosque,Value for money,11,0,0,11,positive,0.818,candy-striped.The most famous mosque in Colombo which everybody knows.It is located at Second Cross Street in Pettah area.Addmission is free.Ref:http://cute-mosque.blogspot.jp/2013/11/7-jami-ul-alfar-mosque.html,573,0.019197207678883072,112,0.38744660260548613,0.007437892894695196,0.00608419638786067
Jami Ul-Alfar Mosque,Peacefulness,17,0,0,17,positive,0.807,This masjid can specially can calm you down when is distress because i usually spend a little more time in this masjid than another masjid in Colombo.,573,0.029668411867364748,129,0.24613306953890854,0.007302377281259067,0.0058930184659760675
Jami Ul-Alfar Mosque,Weather condition,0,5,1,6,negative,0.763,"Being in a commercial area with high traffic, and depending on the rain, the entrance ways may be muddy.",573,0.010471204188481676,82,0.6992262266363275,0.00732174059305055,0.005586488072497569
Jami Ul-Alfar Mosque,Ticket price,2,1,2,5,positive,0.812,The prices are dirt cheap and you can get there by tuk-tuk.,573,0.008726003490401396,94,0.5626506916305767,0.0049096918990451715,0.003986669822024679
Japanese Peace Pagoda - Rumassala,Stupa,133,8,77,218,positive,0.795,"Also, the paintings around the pagoda are beautiful and gives you information on Buddha life event",1731,0.12593876372039284,29,1.7386496439141066,0.2189633866974438,0.17407589242446783
Japanese Peace Pagoda - Rumassala,Sea,59,1,21,81,positive,0.771,Great views of the ocean and Galle Harbor,1731,0.04679376083188908,7,3.1600353248452673,0.14786993721113037,0.11400772158978152
Japanese Peace Pagoda - Rumassala,Forest,72,3,80,155,neutral,0.779,"Al;so very close to the two ""Jungle Beaches"" so its a good stop off after a day at the beach.",1731,0.08954361640670133,51,1.1741198411762548,0.10513493667378365,0.08190011566887746
Japanese Peace Pagoda - Rumassala,Beach,99,4,80,183,positive,0.787,As this is situated near the beach but away from the city area visiting this place will help you to relax your mind and enjoy the beauty of the sun setting and the wonderful coastal area.,1731,0.10571923743500866,64,0.9470623905409088,0.10012271373136124,0.0787965757065813
Japanese Peace Pagoda - Rumassala,Sunset view,67,2,18,87,positive,0.855,Sunset visit at a beautiful peaceful place.,1731,0.05025996533795494,44,1.3217558399823195,0.06643140270275089,0.05679884931085201
Japanese Peace Pagoda - Rumassala,Temple,75,8,49,132,positive,0.791,"Lovely place to visit with excellent views, completely free although contributions and donations are accepted, as they would be at a mosque, church or temple.",1731,0.07625649913344887,76,0.7752121336142496,0.05911496339519407,0.04675993604559851
Japanese Peace Pagoda - Rumassala,Scenic view,289,2,28,319,positive,0.82,Beautiful View,1731,0.18428653957250143,128,0.25391520998096345,0.04679315539221683,0.0383703874216178
Japanese Peace Pagoda - Rumassala,Peacefulness,239,1,0,240,positive,0.823,"In evening, you can see the skyline of Galle city from the monument which was quite serene.",1731,0.1386481802426343,129,0.24613306953890854,0.034125902189103434,0.028085617501632125
Japanese Peace Pagoda - Rumassala,Buddha statue,18,1,17,36,positive,0.792,"Beautiful gold figurines go Buddha, describing different stages in his life.",1731,0.02079722703639515,47,1.255797872190522,0.026117113459768224,0.020684753860136434
Japanese Peace Pagoda - Rumassala,Public transport access,25,3,39,67,neutral,0.799,"We hired a tuk tuk on our way back from Unawatuna Beach to Galle, and we asked the driver to wait for us (which was a great idea as there were no tuk tuks available anywhere nearby in the evening and we would have been stuck).",1731,0.03870595031773541,90,0.6061358035703155,0.023461062298793262,0.018745388776735816
Japanese Peace Pagoda - Rumassala,Sculptures,14,0,13,27,positive,0.783,Nice explanatory / historical placards under the different Buddha statues.,1731,0.01559792027729636,55,1.0986122886681098,0.017136066894303272,0.013417540378239463
Japanese Peace Pagoda - Rumassala,Lighthouse,4,0,3,7,positive,0.791,"We were alone at this peaceful Buddhist shrine offering stunning views of Galle including the fort, the lighthouse and the church.",1731,0.004043905257076834,5,3.4965075614664802,0.0141395453092232,0.011184380339595552
Japanese Peace Pagoda - Rumassala,Weather condition,7,25,0,32,negative,0.761,"We went in the afternoon but the location of this place is such that you can see the beach from this temple and when the weather is not hot , cool breeze is blowing.",1731,0.01848642403235124,82,0.6992262266363275,0.01292619252014008,0.0098368325078266
Japanese Peace Pagoda - Rumassala,Hindu shrine,4,0,10,14,neutral,0.766,"We were alone at this peaceful Buddhist shrine offering stunning views of Galle including the fort, the lighthouse and the church.",1731,0.008087810514153668,39,1.4423838277709342,0.011665727087690975,0.008935946949171287
Japanese Peace Pagoda - Rumassala,Accessibility,9,1,0,10,positive,0.864,"The Japanese Peace Pagoda is a bit from from the Unawatuna beach and from Galle, but easily accessible by tuk tuk.",1731,0.005777007510109763,36,1.5224265354444706,0.008795069528853094,0.007598940072929074
Japanese Peace Pagoda - Rumassala,Stairs,3,1,7,11,neutral,0.769,Few steps to climb a short hillock and the view is very good.,1731,0.006354708261120739,47,1.255797872190522,0.007980229112706957,0.00613679618767165
Japanese Peace Pagoda - Rumassala,Accommodation,5,0,12,17,neutral,0.758,We walked all the way there from our hotel and it was a very nice walk with a lot of nice views.,1731,0.009820912767186597,90,0.6061358035703155,0.005952806851932619,0.004512227593764925
Japanese Peace Pagoda - Rumassala,Viewpoint,5,0,0,5,positive,0.832,Japanese Peace Pagode is a nice viewpoint just outside Unawatuna.,1731,0.0028885037550548816,29,1.7386496439141066,0.005022096025170729,0.004178383892942047
Japanese Peace Pagoda - Rumassala,Paintings,3,0,2,5,positive,0.792,"Also, the paintings around the pagoda are beautiful and gives you information on Buddha life event",1731,0.0028885037550548816,29,1.7386496439141066,0.005022096025170729,0.0039775000519352175
Japanese Peace Pagoda - Rumassala,Cleanliness,19,1,0,20,positive,0.886,"there were no tourist while we visited, it has special atmosphere in the evening, its serene,clean and views are stunning.",1731,0.011554015020219527,117,0.34377153910282454,0.003971941526318019,0.003519140192317765
Japanese Peace Pagoda - Rumassala,Restaurants,3,0,3,6,positive,0.783,A few restaurants are nearby to service tired walkers and there's a fairly good natural preserve on the western headland with nice views of galle fort and sea.,1731,0.0034662045060658577,49,1.214125175789954,0.0042084061552511405,0.0032951820195616433
Japanese Peace Pagoda - Rumassala,Entrance fee,1,1,7,9,neutral,0.816,Wonderful huge stupa and temple with breathtaking views - and no horrifically overpriced (and discriminatory) entry fees.,1731,0.005199306759098787,87,0.6400373552459969,0.0033277505472062235,0.0027154444465202782
Japanese Peace Pagoda - Rumassala,Service quality,5,0,4,9,positive,0.782,A few restaurants are nearby to service tired walkers and there's a fairly good natural preserve on the western headland with nice views of galle fort and sea.,1731,0.005199306759098787,88,0.6286086594223741,0.0032683292517627772,0.002555833474878492
Japanese Peace Pagoda - Rumassala,Crowdedness,5,12,1,18,negative,0.814,Be separated from crowded world,1731,0.010398613518197574,122,0.3019244291673241,0.0031395954506134222,0.0025556306967993254
Japanese Peace Pagoda - Rumassala,Value for money,13,1,0,14,positive,0.806,"Lovely place to visit with excellent views, completely free although contributions and donations are accepted, as they would be at a mosque, church or temple.",1731,0.008087810514153668,112,0.38744660260548613,0.003133594706225769,0.0025256773332179698
Japanese Peace Pagoda - Rumassala,Family friendliness,5,0,4,9,positive,0.778,Very well recommended also for a family with children like we have.,1731,0.005199306759098787,89,0.6173091041684409,0.003209579397756192,0.002497052771454317
Jaya Sri Maha Bodhi,Buddha statue,15,6,97,118,neutral,0.754,This said to be the branch of the tree that gave shade to lord Buddha when he was meditating .the place very crowded during poya days and on month of may.,536,0.22014925373134328,47,1.255797872190522,0.2764629644001522,0.20845307515771477
Jaya Sri Maha Bodhi,Temple,31,8,43,82,neutral,0.778,Unfortunately we were in the Temple with Bo tree 5 minutes before the doors were closed for preach..,536,0.15298507462686567,76,0.7752121336142496,0.11859588611262772,0.09226759939562437
Jaya Sri Maha Bodhi,Stupa,7,2,17,26,neutral,0.768,"Anyway, is really near to Ruwanwelisseya Dagoba, that is definitely worth a visit.",536,0.048507462686567165,29,1.7386496439141066,0.08433748272717681,0.0647711867344718
Jaya Sri Maha Bodhi,Ancient ruins,4,1,11,16,neutral,0.754,Touts ruin what should be a solemn and peaceful site,536,0.029850746268656716,23,1.9704512579714308,0.05881944053646062,0.04434985816449131
Jaya Sri Maha Bodhi,Local guide,10,3,11,24,neutral,0.756,"As is endemic throughout Sri Lanka, you find yourself having to stave off wannabe tour guides, and overly aggressive ""park attendants"".",536,0.04477611940298507,66,0.9162907318741551,0.04102794321824575,0.031017125072993788
Jaya Sri Maha Bodhi,Heritage site,4,2,6,12,neutral,0.793,Highly recommended Unesco World Heritage Site,536,0.022388059701492536,30,1.7047480922384253,0.03816600206503937,0.030265639637576218
Jaya Sri Maha Bodhi,Ticket price,7,5,19,31,neutral,0.771,"Tuktuk drivers will pressure you to buy a ticket from them, so it is best not to use a tuktuk.",536,0.05783582089552239,94,0.5626506916305767,0.03254136462788783,0.025089392128101518
Jaya Sri Maha Bodhi,Crowdedness,7,40,0,47,negative,0.847,This said to be the branch of the tree that gave shade to lord Buddha when he was meditating .the place very crowded during poya days and on month of may.,536,0.08768656716417911,122,0.3019244291673241,0.026474716736687002,0.02242408507597389
Jaya Sri Maha Bodhi,Peacefulness,59,0,0,59,positive,0.801,Other than that the it’s very peaceful,536,0.11007462686567164,129,0.24613306953890854,0.027093005788797767,0.02170149763682701
Jaya Sri Maha Bodhi,Hindu shrine,3,1,6,10,neutral,0.772,"Very interesting shrine, well worth a visit if you are in the area",536,0.018656716417910446,39,1.4423838277709342,0.0269101460405025,0.02077463274326793
Jaya Sri Maha Bodhi,Sculptures,2,0,9,11,neutral,0.758,You won't be able to comment the calmness of the great statue of Lord Buddha.,536,0.020522388059701493,55,1.0986122886681098,0.022546147715203746,0.01708997996812444
Jaya Sri Maha Bodhi,Value for money,20,4,0,24,positive,0.81,The place would be peaceful and worth a visit for free.,536,0.04477611940298507,112,0.38744660260548613,0.017348355340544155,0.014052167825840766
Jaya Sri Maha Bodhi,Museum,5,0,1,6,positive,0.823,"Worth seeing and free but not so the $25 for a few crumbilng stones and a very ordinary trio of ""museums"" with artifacts that look more interesting in the gift stalls lining the way to one of the many stupas.",536,0.011194029850746268,36,1.5224265354444706,0.017042088083333625,0.014025638492583573
Jaya Sri Maha Bodhi,Family friendliness,6,0,10,16,neutral,0.758,"me it didn't live up to expectations.I wouldn't like to discourage others visiting it, but I wouldn't recommend it to friends or family.",536,0.029850746268656716,89,0.6173091041684409,0.018427137437863905,0.013967770177900839
Jaya Sri Maha Bodhi,Entrance fee,4,2,8,14,neutral,0.803,The admission price (March 2013) was LKR 3.125 + LKR 200 for the tree (young children are free) - that's 21 Euro or 26 US dollars at the current rate.,536,0.026119402985074626,87,0.6400373552459969,0.01671739360717156,0.013424067066558763
Jaya Sri Maha Bodhi,Safety,8,1,1,10,positive,0.81,"We asked security guards there, but they all said it was Free!!!",536,0.018656716417910446,86,0.651598177647073,0.012156682418788674,0.009846912759218826
Jaya Sri Maha Bodhi,Service quality,4,0,5,9,neutral,0.771,People are very helpful and friendly.,536,0.016791044776119403,88,0.6286086594223741,0.010554996147017475,0.008137902029350474
Jaya Sri Maha Bodhi,Cleanliness,6,6,0,12,positive,0.867,"Is is really only a tiny part of the tree that is the Bodhi tree....and you have to walk barefoot over sand not really clean, but is a sacred tree so....",536,0.022388059701492536,117,0.34377153910282454,0.007696377741108012,0.006672759501540646
Jaya Sri Maha Bodhi,Scenic view,4,1,4,9,positive,0.751,We were reminded by our guide to avoid being photographed with our backsides to Buddha as this is considered to be offensive but Buddhist worshippers were happy to photograph us with a side on view.,536,0.016791044776119403,128,0.25391520998096345,0.004263501660128117,0.003201889746756216
Jungle Beach,Beach,328,97,125,550,positive,0.806,"Very beautiful place, a lot of monkeys on the way to the beach.",1975,0.27848101265822783,64,0.9470623905409088,0.26373889356835434,0.21257354821609362
Jungle Beach,Forest,90,33,119,242,neutral,0.782,It's about a big beach erea divided between sands and rocks with calm ( low waves) waters surrounded by jungle trees and a nearby Buddhist temple.,1975,0.12253164556962025,51,1.1741198411762548,0.14386683623526766,0.11250386593597932
Jungle Beach,Rock formation,23,11,29,63,neutral,0.77,"We walked to the beach, scrambling over rocks, having been told it was worth visiting.",1975,0.03189873417721519,20,2.1102132003465894,0.06731312993510641,0.05183111005003194
Jungle Beach,Coral reef,11,6,23,40,neutral,0.77,"Spent here half a day and whilst it is a nice beach in terms of landscape and an area with clear water / rocks / corals to snorkel, the shore is truly dirty and full of rubbish (bottles, food packages etc.) There is not much shade either and to get there, you have to go up a hill - not too bad, just bear",1975,0.020253164556962026,9,2.908720896564361,0.05891080296839213,0.04536131828566194
Jungle Beach,Waves,22,9,16,47,positive,0.79,Waves aren't rough so had no problems to swim.,1975,0.02379746835443038,20,2.1102132003465894,0.050217731856349215,0.03967200816651588
Jungle Beach,Cleanliness,44,176,0,220,negative,0.865,"The water is very clean, there are not so many people there.",1975,0.11139240506329114,117,0.34377153910282454,0.03829353853297286,0.03312391083102153
Jungle Beach,Water clarity,19,6,0,25,positive,0.904,Beautifully beach and clear water,1975,0.012658227848101266,13,2.540996116439044,0.03216450780302587,0.029076715053935387
Jungle Beach,Stupa,14,2,24,40,neutral,0.775,It is a very small beach accessible from the peace pagoda.,1975,0.020253164556962026,29,1.7386496439141066,0.03521315734509583,0.027290196942449267
Jungle Beach,Restaurants,13,4,28,45,neutral,0.772,In 2016 there was only restaurant serving food at the beach and was overpriced.,1975,0.02278481012658228,49,1.214125175789954,0.027663611600277433,0.02135630815541418
Jungle Beach,Crowdedness,17,131,2,150,negative,0.85,"It's ouy of the main road, so not that crowded.",1975,0.0759493670886076,122,0.3019244291673241,0.0229309693038474,0.01949132390827029
Jungle Beach,Public transport access,13,6,48,67,neutral,0.792,"To access it, you'll have to go up a hill (via tuk-tuk/car), and then walk down an easy 'jungle' path.",1975,0.033924050632911394,90,0.6061358035703155,0.02056258169073982,0.01628556469906594
Jungle Beach,Strong current,6,8,3,17,negative,0.773,I advise walking down to get the full experience (it only takes 15 minutes) but this is a lovely little hideaway with gentler currents than elsewhere in the bay.,1975,0.008607594936708861,21,2.0614230361771577,0.01774389448861351,0.013716030439698244
Jungle Beach,Sunset view,19,0,3,22,positive,0.863,It's small and we went at sun set and it was fairly quiet and a lovely spot to see the sunset from.,1975,0.011139240506329114,44,1.3217558399823195,0.014723356192208116,0.012706256393875603
Jungle Beach,Noise level,0,19,0,19,negative,0.787,"Once down on the beach it's fairly small and surrounded by nice scenery, the beech is used for partying in the evenings so it can be a little noisy / busy especially at the weekend.",1975,0.009620253164556962,32,1.640209571100854,0.01577923131691961,0.012418255046415734
Jungle Beach,Peacefulness,102,1,0,103,positive,0.786,"Beautiful beach, calm and secluded",1975,0.052151898734177214,129,0.24613306953890854,0.012836306917725356,0.01008933723733213
Jungle Beach,Family friendliness,21,8,13,42,positive,0.762,Can be difficult for small children and elders.,1975,0.021265822784810127,89,0.6173091041684409,0.013127586012695957,0.01000322054167432
Jungle Beach,Stairs,6,2,11,19,neutral,0.761,"We tried anyway, and even though our expectations were not very high, we still got a bit disappointed.You will find a steep slope with some man made steps, not in the best of conditions, but still easy to access the beach.",1975,0.009620253164556962,47,1.255797872190522,0.01208109345398477,0.00919371211848241
Jungle Beach,Scenic view,46,5,20,71,positive,0.792,"Once down on the beach it's fairly small and surrounded by nice scenery, the beech is used for partying in the evenings so it can be a little noisy / busy especially at the weekend.",1975,0.035949367088607596,128,0.25391520998096345,0.009128091092986535,0.0072294481456453355
Jungle Beach,Ticket price,9,2,21,32,neutral,0.759,"The sea is not altogether clean, prices at the bar on one of the small beaches are inflated.",1975,0.01620253164556962,94,0.5626506916305767,0.009116365636546053,0.006919321518138455
Jungle Beach,Water depth,4,0,3,7,positive,0.751,"You need to walk down the hill about 1km to get to the beach, but the beach itself is very nice with shallow water.",1975,0.0035443037974683543,13,2.540996116439044,0.009006062184847244,0.00676355270082028
Jungle Beach,Turtles,1,3,3,7,negative,0.774,"Loads of bottles, packets, plastic stuff - it was really sad to see as only down the road is a turtle sanctuary!",1975,0.0035443037974683543,16,2.3333567516607996,0.008270125195759795,0.006401076901518082
Jungle Beach,Souvenir stalls,2,3,8,13,neutral,0.769,"The driver stayed with us at the JPP then dropped us off at Jungle Beach for 3 hours before returning.Relatively small beach down a steep path with just one vendor, backed by dense trees.",1975,0.006582278481012658,49,1.214125175789954,0.007991710017857926,0.006145625003732745
Jungle Beach,Accommodation,9,2,13,24,neutral,0.781,Pros:- Clean beach- Not too crowded - Calm sea- Access to White Jungle Beach among the rocks / path (Personally I preferred Jungle Beach)Cons:- Be aware 30min walk through the wilderness (unless getting a Tuc-Tuc to a local Hotel),1975,0.012151898734177215,90,0.6061358035703155,0.007365700904145606,0.005752612406137718
Jungle Beach,Parking,1,2,9,12,neutral,0.765,The beach is bit crowded with limited parking area.,1975,0.0060759493670886075,54,1.1169614273363062,0.006786601077486417,0.005191749824277109
Jungle Beach,Temple,8,1,7,16,positive,0.786,It's about a big beach erea divided between sands and rocks with calm ( low waves) waters surrounded by jungle trees and a nearby Buddhist temple.,1975,0.00810126582278481,76,0.7752121336142496,0.006280199563457212,0.004936236856877369
Jungle Beach,Weather condition,5,12,0,17,negative,0.774,a good spot relax and enjoy the water and weather.,1975,0.008607594936708861,82,0.6992262266363275,0.006018656128008895,0.004658439843078885
Jungle Beach,Safety,7,8,1,16,negative,0.819,Safe beach as well.,1975,0.00810126582278481,86,0.651598177647073,0.005278770046761098,0.004323312668297339
Jungle Beach,Toilets,3,1,3,7,positive,0.786,Also the step down to the bathroom at night was dangerous.,1975,0.0035443037974683543,37,1.4950275612563562,0.005298831862680756,0.0041648818440670745
Jungle Beach,Service quality,10,3,2,15,positive,0.808,probably just in high season+ almost no wavesCon:- sunbeds without mattress - some parts of the beach have stones in the water- some locals don't keep it 100% cleanPlease mark helpful if you like the review.,1975,0.007594936708860759,88,0.6286086594223741,0.00477424298295474,0.00385758833022743
Jungle Beach,Accessibility,5,0,0,5,positive,0.84,A secluded beach that is easilly accessible by boat and to have a BBQ fish lunch and fantastic day out.,1975,0.002531645569620253,36,1.5224265354444706,0.0038542443935303053,0.0032375652905654562
Jungle Beach,Value for money,8,9,0,17,negative,0.842,In 2016 there was only restaurant serving food at the beach and was overpriced.,1975,0.008607594936708861,112,0.38744660260548613,0.0033349834148320326,0.0028080560352885713
Jungle Beach,Wildlife,2,0,3,5,neutral,0.764,"Lovely walk, quite beach, surrounded by wildlife, monkeys and large lizards, snorkelling and chilling",1975,0.002531645569620253,54,1.1169614273363062,0.002827750448952674,0.002160401342999843
Kabalana Beach,Beach,23,0,4,27,positive,0.813,I would recommend going here if you want a bit more solitude rather than the beach party scene.,59,0.4576271186440678,64,0.9470623905409088,0.4334014329593989,0.3523553649959913
Kabalana Beach,Sandy beach,8,0,2,10,positive,0.792,"Sugar sand, Beautiful long beach, I love it.",59,0.1694915254237288,15,2.3978952727983707,0.4064229275929442,0.32188695865361183
Kabalana Beach,Restaurants,5,0,2,7,positive,0.806,Lots of great restaurants along the beach and many lounge chairs to relax with on,59,0.11864406779661017,49,1.214125175789954,0.14404874966999456,0.11610329223401562
Kabalana Beach,Accommodation,2,1,4,7,neutral,0.777,"It’s just on the beach and we had a good time.You can enjoy the kabalanaa beach from this hotel, and easy access to main cities.",59,0.11864406779661017,90,0.6061358035703155,0.0719144173727493,0.05587750229862621
Kabalana Beach,Cleanliness,7,1,0,8,positive,0.88,This stretch of beach is not polluted and still remains quite clean by beach standards.,59,0.13559322033898305,117,0.34377153910282454,0.046613090047840616,0.04101951924209974
Kalametiya Eco Bird Watching,Birds,164,8,74,246,positive,0.779,"The boat ride was really peaceful, and the guide was very sharp at pointing out various birds and some monkeys.",806,0.3052109181141439,40,1.4170660197866443,0.43250402092743734,0.3369206323024737
Kalametiya Eco Bird Watching,Lagoon,45,2,17,64,positive,0.807,Superb tranquil lagoon teeming with burdlife,806,0.0794044665012407,11,2.70805020110221,0.21503128147709857,0.17353024415201856
Kalametiya Eco Bird Watching,Local guide,113,2,44,159,positive,0.789,"The boat ride was really peaceful, and the guide was very sharp at pointing out various birds and some monkeys.",806,0.19727047146401985,66,0.9162907318741551,0.1807571046749264,0.14261735558851693
Kalametiya Eco Bird Watching,Sunrise view,18,0,4,22,positive,0.862,You are there in the middle of nature <3 Recommended for the sunrise.,806,0.02729528535980149,21,2.0614230361771577,0.05626713001972391,0.04850226607700201
Kalametiya Eco Bird Watching,Sunset view,19,0,9,28,positive,0.845,Even without the natural interest this is a lovely thing to do just before sunset - a stunning experience.,806,0.034739454094292806,44,1.3217558399823195,0.045917076326929214,0.03879992949625519
Kalametiya Eco Bird Watching,Wildlife,21,0,7,28,positive,0.799,We saw such amazing wildlife and we learnt a lot from Buddhi.,806,0.034739454094292806,54,1.1169614273363062,0.038802630230045376,0.03100330155380626
Kalametiya Eco Bird Watching,Peacefulness,89,0,0,89,positive,0.826,"The boat ride was really peaceful, and the guide was very sharp at pointing out various birds and some monkeys.",806,0.11042183622828784,129,0.24613306953890854,0.02717846549499114,0.022449412498862682
Kalametiya Eco Bird Watching,Scenic view,45,1,18,64,positive,0.796,great view and lots of silence,806,0.0794044665012407,128,0.25391520998096345,0.02016200178508891,0.016048953420930774
Kalametiya Eco Bird Watching,Family friendliness,17,0,5,22,positive,0.77,My kids enjoyed a lot.,806,0.02729528535980149,89,0.6173091041684409,0.016849628153481018,0.012974213678180383
Kalametiya Eco Bird Watching,Guided tours,3,0,5,8,neutral,0.818,"Fantastic trip, great tour guide",806,0.009925558312655087,36,1.5224265354444706,0.015110933354287549,0.012360743483807213
Kalametiya Eco Bird Watching,Weather condition,2,9,3,14,negative,0.781,Great experience watching birds in the lagoon with very friendly and knowledgeable guide.We took the afternoon (3:30pm) tour and it was quite hot but no doubt worth it,806,0.017369727047146403,82,0.6992262266363275,0.012145368700879138,0.009485532955386606
Kalametiya Eco Bird Watching,Beach,4,0,5,9,neutral,0.784,"This is a peaceful, simple and affordable afternoon out if you’re on the south coast.",806,0.011166253101736972,64,0.9470623905409088,0.010575138355915855,0.008290908471038031
Kalametiya Eco Bird Watching,Service quality,10,0,2,12,positive,0.803,He was keen to help us learn and gave a really good service.,806,0.01488833746898263,88,0.6286086594223741,0.009358937857405073,0.007515227099496274
Kalametiya Eco Bird Watching,Accommodation,3,1,9,13,neutral,0.768,"Despite having seen a good number of wetland birds already we managed to clock up a few more on Buddhi's highly enjoyable excursion round the beautiful lagoon at Kalimatiya, handy to walk to from our hotel (Turtle Bay).",806,0.016129032258064516,90,0.6061358035703155,0.009776383928553475,0.007508262857129069
Kalametiya Eco Bird Watching,Public transport access,5,1,6,12,neutral,0.787,"The tuk tuk driver was organised by Buddhi, and he was super friendly (he even gave us some free tea on the way).",806,0.01488833746898263,90,0.6061358035703155,0.009024354395587823,0.007102166909327617
Kalametiya Eco Bird Watching,Ticket price,4,0,1,5,positive,0.802,We thought the price was very reasonable and Buddhi was a fantastic guide.,806,0.00620347394540943,94,0.5626506916305767,0.003490388905896878,0.0027992919025292963
Kalametiya Eco Bird Watching,Value for money,4,1,0,5,positive,0.864,"You do not need expensive camera with long focal lenses to take nice birds photos.Surprisingly a small fish attacked by an heron jumped on the bench on which I was sitting and it was not a flying fish.My wife,",806,0.00620347394540943,112,0.38744660260548613,0.0024035149045005346,0.002076636877488462
Kalametiya Eco Bird Watching,Crowdedness,2,4,0,6,negative,0.86,Great experience - not too crowded and touristy.,806,0.007444168734491315,122,0.3019244291673241,0.002247576395786532,0.0019329157003764173
Kalutara Bodhiya,Temple,80,7,58,145,positive,0.79,This Buddhist temple is on your way out of Colombo to the south of Srilanka.You will never miss as all Srilankan drivers will stop and pray for a safe journey.You must get down have look.Its one of the famous Buddhist temple in Srilanka.,592,0.24493243243243243,76,0.7752121336142496,0.18987459353727396,0.15000092889444644
Kalutara Bodhiya,Stupa,20,1,27,48,neutral,0.778,"This Buddhist temple is a world reknown place, it has a lovely Bo tree(sacred tree) & a beautiful Stupa where Buddhists love to worship .",592,0.08108108108108109,29,1.7386496439141066,0.14097159274979243,0.10967589915933851
Kalutara Bodhiya,River,21,0,22,43,neutral,0.784,The temple is located in a very beautiful location which opposite of the Kaluthara river.,592,0.07263513513513513,33,1.6094379124341003,0.11690174026126066,0.09165096436482836
Kalutara Bodhiya,Buddha statue,15,0,19,34,neutral,0.777,There also a lot of pictures depicting the life of Buddha and also of his different incarnations.Nice place to visit as it looks really beautiful during the night time.,592,0.057432432432432436,47,1.255797872190522,0.07212352644337458,0.05603998004650205
Kalutara Bodhiya,Paintings,11,0,11,22,positive,0.783,It is beautiful to see the colours of Buddha and the paintings are brilliant.,592,0.037162162162162164,29,1.7386496439141066,0.06461198001032153,0.050591180348081764
Kalutara Bodhiya,Bridge,6,0,8,14,neutral,0.783,"these are beautiful and although unsure if you can go into the actual temple itself one side of the bridge allows tourists in,",592,0.02364864864864865,20,2.1102132003465894,0.04990369054873692,0.03907458969966101
Kalutara Bodhiya,Sea,5,0,4,9,positive,0.76,A best view of Indian Ocean and Kalu River.,592,0.015202702702702704,7,3.1600353248452673,0.04804107757366116,0.036511218955982486
Kalutara Bodhiya,Local guide,12,2,12,26,positive,0.758,I offered him LKR 100 sensing something amiss and this was a scam as the 2nd person was a complete outsider in connivance with the tour guide.,592,0.04391891891891892,66,0.9162907318741551,0.040242498359337894,0.030503813756378124
Kalutara Bodhiya,Hindu shrine,5,0,6,11,neutral,0.785,"They have made a few changes, yet, the old Bo tree, (a sacred tree) and the old shrine room where there is a very old statue of Buddha, remained just as beautiful as they were many moons ago.",592,0.018581081081081082,39,1.4423838277709342,0.02680105085385182,0.021038824920273678
Kalutara Bodhiya,Peacefulness,54,1,0,55,positive,0.807,Serene Temple,592,0.0929054054054054,129,0.24613306953890854,0.022867092609189135,0.018453743735615633
Kalutara Bodhiya,Beach,9,0,3,12,positive,0.808,In my view you don't need a tour guide to this site you can manage by your self there is a beautiful river by the side of the temple and a beach close by.,592,0.02027027027027027,64,0.9470623905409088,0.019197210619072477,0.015511346180210562
Kalutara Bodhiya,Parking,1,2,7,10,neutral,0.774,Car parking is difficult.,592,0.016891891891891893,54,1.1169614273363062,0.018867591677978145,0.014603515958755085
Kalutara Bodhiya,Crowdedness,5,28,1,34,negative,0.814,There is a tunnel crossing you can use to cross the busy road.Please be decently dressed no shorts and mini skirts are allowed.,592,0.057432432432432436,122,0.3019244291673241,0.017340254377853075,0.014114967063572402
Kalutara Bodhiya,Scenic view,25,0,11,36,positive,0.769,In my view you don't need a tour guide to this site you can manage by your self there is a beautiful river by the side of the temple and a beach close by.,592,0.060810810810810814,128,0.25391520998096345,0.01544078979613967,0.011873967353231407
Kalutara Bodhiya,Noise level,0,5,0,5,negative,0.776,"It is quite calm place even though you can hear the street noise.Definitely worth visiting, just be prepared to take off your shoes and ignore the guide at the entrance.",592,0.008445945945945946,32,1.640209571100854,0.013853121377540998,0.010750022188971815
Kalutara Bodhiya,Public transport access,6,0,7,13,neutral,0.792,Went by Tuk-Tuk it was interesting to appreciate other religions.,592,0.02195945945945946,90,0.6061358035703155,0.013310414605429225,0.010541848367499947
Kalutara Bodhiya,Ticket price,2,4,7,13,neutral,0.753,I offered him LKR 100 sensing something amiss and this was a scam as the 2nd person was a complete outsider in connivance with the tour guide.,592,0.02195945945945946,94,0.5626506916305767,0.012355505052698475,0.009303695304681952
Kalutara Bodhiya,Entrance fee,3,1,6,10,neutral,0.844,"very Calming and peaceful place (Buddhist religious Place),No entrance fee, you can freely visit and worship",592,0.016891891891891893,87,0.6400373552459969,0.010811441811587786,0.009124856888980092
Kalutara Bodhiya,Sculptures,3,0,3,6,positive,0.79,"They have made a few changes, yet, the old Bo tree, (a sacred tree) and the old shrine room where there is a very old statue of Buddha, remained just as beautiful as they were many moons ago.",592,0.010135135135135136,55,1.0986122886681098,0.011134584006771383,0.008796321365349392
Kalutara Bodhiya,Value for money,12,2,0,14,positive,0.803,"Main prayer hall is a majestic circular hall and a definite visit in Kalutara.However, travellers beware that this is the only place in my entire Sri Lanka trip where people tried to scam and never expected the same inside Buddhist temple.",592,0.02364864864864865,112,0.38744660260548613,0.00916258857512974,0.007357558625829182
Kalutara Bodhiya,Accommodation,3,0,6,9,neutral,0.773,"Fabulous service,beautiful resort",592,0.015202702702702704,90,0.6061358035703155,0.00921490241914331,0.00712311956999778
Kalutara Bodhiya,Service quality,7,0,0,7,positive,0.817,"Fabulous service,beautiful resort",592,0.011824324324324325,88,0.6286086594223741,0.007432872662088883,0.006072656964926617
Kalutara Bodhiya,Cleanliness,10,0,0,10,positive,0.892,Clean and well maintained temple.,592,0.016891891891891893,117,0.34377153910282454,0.0058069516740341985,0.005179800893238505
Kalutara Bodhiya,Safety,6,0,0,6,positive,0.76,This Buddhist temple is on your way out of Colombo to the south of Srilanka.You will never miss as all Srilankan drivers will stop and pray for a safe journey.You must get down have look.Its one of the famous Buddhist temple in Srilanka.,592,0.010135135135135136,86,0.651598177647073,0.006604035584260875,0.0050190670440382655
Kande Viharaya Temple,Buddha statue,32,2,35,69,neutral,0.804,nice temple and big buddha statue,404,0.1707920792079208,47,1.255797872190522,0.21448032965630207,0.17244218504366687
Kande Viharaya Temple,Temple,55,6,41,102,positive,0.793,Looking around the temple is great with its decorated tree.,404,0.2524752475247525,76,0.7752121336142496,0.19572187531844915,0.15520744712753018
Kande Viharaya Temple,Sculptures,23,0,32,55,neutral,0.775,nice temple and big buddha statue,404,0.13613861386138615,55,1.0986122886681098,0.1495635541503615,0.11591175446653015
Kande Viharaya Temple,Elephants,6,5,16,27,neutral,0.769,You can take as many pictures as you like inside the temple and outside next to the amazing elephant.,404,0.06683168316831684,33,1.6094379124341003,0.10756144464287304,0.08271475093036937
Kande Viharaya Temple,Paintings,8,0,9,17,neutral,0.773,"It was decorated with beautiful pictures, stories and paintings of Gods and Goddesses etc.",404,0.04207920792079208,29,1.7386496439141066,0.07316099986767281,0.05655345289771108
Kande Viharaya Temple,Hindu shrine,3,0,12,15,neutral,0.755,There is also a nice stupa and many Hindu gods like Vishnu and Murugan can be seen in this temple.,404,0.03712871287128713,39,1.4423838277709342,0.05355385499149508,0.04043316051857879
Kande Viharaya Temple,Local guide,9,1,8,18,positive,0.76,Worth having your taxi driver/guide show you everything otherwise you could miss out.,404,0.04455445544554455,66,0.9162907318741551,0.04082483458845245,0.031026874287223862
Kande Viharaya Temple,Museum,3,2,5,10,neutral,0.778,It is famous for its Vishnu temple.One can sit in the temple inside for a few moments and experience the tranquility.There is a museum next to the temple which is nothing great.,404,0.024752475247524754,36,1.5224265354444706,0.03768382513476413,0.029318015954846493
Kande Viharaya Temple,Public transport access,6,2,10,18,neutral,0.784,Worth having your taxi driver/guide show you everything otherwise you could miss out.,404,0.04455445544554455,90,0.6061358035703155,0.027006050654122968,0.02117274371283241
Kande Viharaya Temple,Crowdedness,3,17,1,21,negative,0.849,It is allways a busy place with temple goers arriving with alms etc.,404,0.05198019801980198,122,0.3019244291673241,0.01569409161513318,0.01332428378124807
Kande Viharaya Temple,Stairs,3,0,2,5,positive,0.784,You can go all he way up with a car but it is much more interesting to park at the Marketplace and walk all the stairs to discover step by step the huge statue.,404,0.012376237623762377,47,1.255797872190522,0.015542052873645075,0.01218496945293774
Kande Viharaya Temple,Peacefulness,16,0,0,16,positive,0.807,Very peaceful place.,404,0.039603960396039604,129,0.24613306953890854,0.009747844338174596,0.0078665103809069
Kande Viharaya Temple,Accommodation,2,0,4,6,neutral,0.767,nothing to dislike a nice resort with lovely Sri Lankan people,404,0.01485148514851485,90,0.6061358035703155,0.009002016884707656,0.006904546950570772
Kande Viharaya Temple,Entrance fee,2,0,3,5,neutral,0.852,"As Bentota got limited options of spending time this is ideal place to spend few hours in the morning.Though there is no admission ticket, one can donate some amount as good gesture at the entrance booth.",404,0.012376237623762377,87,0.6400373552459969,0.007921254396608873,0.00674890874591076
Kande Viharaya Temple,Cleanliness,3,3,1,7,positive,0.871,The temple is well maintained and worth visiting when in Srilanka.,404,0.017326732673267328,117,0.34377153910282454,0.005956437558712307,0.005188057113638419
Kande Viharaya Temple,Scenic view,5,0,3,8,positive,0.784,The views around the area were great from the top.,404,0.019801980198019802,128,0.25391520998096345,0.0050280239600190785,0.003941970784654958
Kande Viharaya Temple,Value for money,5,0,0,5,positive,0.8,Parking was free and adequate.,404,0.012376237623762377,112,0.38744660260548613,0.004795131220364928,0.0038361049762919426
Kandy Lake,Birds,49,1,63,113,neutral,0.765,It was beautiful.The trees are full of birds and wildlife.,1086,0.10405156537753223,40,1.4170660197866443,0.1474479376021094,0.11279767226561369
Kandy Lake,Temple,80,11,89,180,neutral,0.781,It's just next to temple of tooth and has great view of the city.,1086,0.16574585635359115,76,0.7752121336142496,0.12848819894158833,0.10034928337338049
Kandy Lake,Mountain,19,2,17,38,positive,0.753,There are lovely views of the hills around.,1086,0.034990791896869246,24,1.927891643552635,0.06745845529926348,0.050796216840345396
Kandy Lake,Noise level,0,36,0,36,negative,0.798,Loud and polluted by fires,1086,0.03314917127071823,32,1.640209571100854,0.054371587992293496,0.04338852721785021
Kandy Lake,Wildlife,27,2,23,52,positive,0.782,"It is a nice walk around the lake, where you will see a lot of the town and some wildlife.",1086,0.04788213627992634,54,1.1169614273363062,0.05348249928313805,0.04182331443941396
Kandy Lake,Turtles,5,2,12,19,neutral,0.764,"Basically it is a pretty grotty lake as it was rather polluted, surprisingly though it was full of fish, turtles and large lizzards and probably the only place to take a walk without getting run over by a tuk tuk.",1086,0.017495395948434623,16,2.3333567516607996,0.040823000259258925,0.031188772198073818
Kandy Lake,Viewpoint,14,1,8,23,positive,0.812,"Nice view but will be better at night.Expensive for 30 min, cost 30 usdollars.a dollar a minute.Do not waste your money, save it for something else.You can go to Kandy viewpoint to take some snaps instead of paying for the lake.",1086,0.02117863720073665,29,1.7386496439141066,0.03682223002764683,0.029899650782449227
Kandy Lake,Scenic view,104,4,47,155,positive,0.782,Beautiful view of Kandy Lake,1086,0.1427255985267035,128,0.25391520998096345,0.0362402003195666,0.028339836649901085
Kandy Lake,Sunset view,20,1,6,27,positive,0.847,good cool down an perfect for sunset,1086,0.024861878453038673,44,1.3217558399823195,0.032861333038234464,0.02783354908338459
Kandy Lake,Peacefulness,102,3,0,105,positive,0.807,Relative cool and quiet in the centre of the city Kandy,1086,0.09668508287292818,129,0.24613306953890854,0.023797396226137565,0.019204498754493017
Kandy Lake,Cleanliness,34,30,0,64,positive,0.873,Big one & well maintain & clean.,1086,0.058931860036832415,117,0.34377153910282454,0.020259096227054116,0.01768619100621824
Kandy Lake,Buddha statue,9,1,9,19,positive,0.784,"Early morning and late evening are best for photography with a large Buddha statue in the background , a stupa of the Asgiriya temple and of course the lights of the temple of the tooth reflected in the lake.",1086,0.017495395948434623,47,1.255797872190522,0.02197068100517488,0.017225013908057106
Kandy Lake,Crowdedness,8,62,1,71,negative,0.791,"It is probably the best time to enjoy the lake, and the town, which otherwise seems to be a mad crowd of vehicles.",1086,0.06537753222836096,122,0.3019244291673241,0.019739074098416215,0.015613607611847227
Kandy Lake,Public transport access,12,5,18,35,neutral,0.784,"We took a walk in the early morning around 6:00, the road was already busy and the air was polluted from cars, Tuk-tuk, trucks.",1086,0.03222836095764273,90,0.6061358035703155,0.019534763466814955,0.015315254557982926
Kandy Lake,Restaurants,8,2,5,15,positive,0.788,"There are no cafes or restaurants next to the lake, only an extremely busy road going around the lake, which is pretty enough in itself.",1086,0.013812154696132596,49,1.214125175789954,0.016769684748480028,0.013214511581802263
Kandy Lake,Accommodation,14,0,16,30,neutral,0.775,There are a few hotels along the south bank but non that offer a worthy view or experience that i would recommend.,1086,0.027624309392265192,90,0.6061358035703155,0.016744082971555677,0.012976664302955649
Kandy Lake,Weather condition,9,12,1,22,negative,0.77,"This is a very attractive lake and quite easy to walk around, even when it is hot, as the breeze off the lake is cooling.",1086,0.020257826887661142,82,0.6992262266363275,0.014164803854511238,0.010906898967973654
Kandy Lake,Colonial architecture,1,1,3,5,neutral,0.78,"The drive to Kandy going through some towns that were dirty and just not nice, it was great then to arrive in Kandy with its beautiful Lake and colonial buildings.",1086,0.004604051565377533,24,1.927891643552635,0.008876112539376773,0.006923367780713883
Kandy Lake,Beach,4,1,5,10,neutral,0.782,"The south side, however, is plagued by the exhaust of the road that runs along with it, so avoid the south shore.",1086,0.009208103130755065,64,0.9470623905409088,0.008720648163360118,0.006819546863747613
Kandy Lake,Souvenir stalls,2,0,5,7,neutral,0.763,"A nice walk around the lake, sprinkled with food and souvenir stalls and some “wild” life, however pretty persistently interrupted by tuk tuk sales men.",1086,0.006445672191528545,49,1.214125175789954,0.007825852882624013,0.005971125749442122
Kandy Lake,Safety,11,1,0,12,positive,0.79,"The roads around are very busy however the footpaths are wide so, unlike any other road in Asia, you feel safe!",1086,0.011049723756906077,86,0.651598177647073,0.007199979863503569,0.0056879840921678195
Kandy Lake,River,1,0,4,5,neutral,0.752,"It;s wonderful, There are many kind of bird you can watch them go by, you can see native, Indigenous Peoples beside or inside the river while they are taking bath or washing clothes.",1086,0.004604051565377533,33,1.6094379124341003,0.0074099351401201675,0.005572271225370366
Kandy Lake,Value for money,13,5,0,18,positive,0.816,"Nice view but will be better at night.Expensive for 30 min, cost 30 usdollars.a dollar a minute.Do not waste your money, save it for something else.You can go to Kandy viewpoint to take some snaps instead of paying for the lake.",1086,0.016574585635359115,112,0.38744660260548613,0.006421766894013582,0.005240161785515082
Kandy Lake,Local guide,4,0,3,7,positive,0.77,A Beautiful man made Lake...thats what our guide told us.,1086,0.006445672191528545,66,0.9162907318741551,0.00590610968979658,0.004547704461143366
Kandy Lake,Ticket price,4,1,5,10,neutral,0.785,"Nice view but will be better at night.Expensive for 30 min, cost 30 usdollars.a dollar a minute.Do not waste your money, save it for something else.You can go to Kandy viewpoint to take some snaps instead of paying for the lake.",1086,0.009208103130755065,94,0.5626506916305767,0.005180945595125016,0.004067042292173138
Kandy Lake,Service quality,4,1,3,8,positive,0.782,"The senior permanent staff are nice, but the kitchen cooks are in your face and aggressive.",1086,0.007366482504604052,88,0.6286086594223741,0.0046306346918775255,0.0036211563290482252
Kandy View Point,Viewpoint,93,6,82,181,positive,0.813,"After visiting Sacred Kandy Temple, I went to view point that supposed offer good view of Kandy city, Temple and nearby mountains.The main place where we have to watch is dug up for some repairs and full of debris.",1251,0.14468425259792167,29,1.7386496439141066,0.25155522425935517,0.20451439732285573
Kandy View Point,Mountain,46,4,30,80,positive,0.756,"Either get a tuk tuk or if you are energetic walk up the hill on the opposite side to the train station and have a great view of bustling Kandy,when we went it was not so good as there is lots of building work going on and there was quite a lot of",1251,0.0639488409272582,24,1.927891643552635,0.12328643603853781,0.09320454564513458
Kandy View Point,Scenic view,332,4,95,431,positive,0.775,Breathtaking View,1251,0.3445243804956035,128,0.25391520998096345,0.08747998041710252,0.06779698482325446
Kandy View Point,Temple,51,2,55,108,neutral,0.782,"Friendly smiling people and such a clean respectful place good photo opportunities, Temple of the tooth is so busy but a must went early evening for great photos after sunset too.",1251,0.08633093525179857,76,0.7752121336142496,0.0669247885134604,0.05233518461752603
Kandy View Point,Buddha statue,21,1,36,58,neutral,0.796,"This was a really great view over Kandy and Kandy lake, you can also spot the buddha!",1251,0.04636290967226219,47,1.255797872190522,0.058222443314988236,0.046345064878730635
Kandy View Point,Sculptures,18,1,25,44,neutral,0.775,But if you are looking for a good lookout point it is more worth driving up to the place with the big buddha statue which is overranking the city.,1251,0.035171862509992005,55,1.0986122886681098,0.0386402403688224,0.029946186285837364
Kandy View Point,Sunset view,20,1,9,30,positive,0.846,"Friendly smiling people and such a clean respectful place good photo opportunities, Temple of the tooth is so busy but a must went early evening for great photos after sunset too.",1251,0.023980815347721823,44,1.3217558399823195,0.03169678273338895,0.026815478192447055
Kandy View Point,Souvenir stalls,7,3,25,35,neutral,0.763,There are couple of Souvenir shops selling various items with abnormal prices.It's better to buy similar souvenirs near the street around Sacred Temple or at Odel Luv SL( for quality products) under the arcades,1251,0.027977617905675458,49,1.214125175789954,0.033968330257912384,0.02591783598678715
Kandy View Point,Public transport access,20,8,34,62,neutral,0.792,"Either get a tuk tuk or if you are energetic walk up the hill on the opposite side to the train station and have a great view of bustling Kandy,when we went it was not so good as there is lots of building work going on and there was quite a lot of dust about.The view of the city",1251,0.0495603517186251,90,0.6061358035703155,0.030040303614196292,0.023791920462443463
Kandy View Point,Restaurants,8,0,13,21,neutral,0.774,The view was worth the visit and made for good pictures..there.are some good.restaurants there near the gem museum where the view is clear.and u can.enjoy with a nice drink,1251,0.016786570743405275,49,1.214125175789954,0.02038099815474743,0.015774892571774512
Kandy View Point,Parking,2,4,9,15,neutral,0.769,But please be extra careful for children as it's unsafe and the road ahead as there is no parking and as most Srilankan roads it's tight.,1251,0.011990407673860911,54,1.1169614273363062,0.013392822869739883,0.01029908078682997
Kandy View Point,Accommodation,9,1,17,27,neutral,0.771,"to buy similar souvenirs near the street around Sacred Temple or at Odel Luv SL( for quality products) under the arcades of Queens Hotel or many shops in and around the bylanes.If time is constraint, one can avoid this so called view point as it also requires hiring of a taxi or to have own transport.",1251,0.02158273381294964,90,0.6061358035703155,0.01308206770295645,0.010086274198979422
Kandy View Point,Weather condition,5,13,0,18,negative,0.789,"You will get some nice photos, weather permitting but nothing else to do.",1251,0.014388489208633094,82,0.6992262266363275,0.010060809016350036,0.007937978313900178
Kandy View Point,Local guide,5,1,8,14,neutral,0.751,Certainly worth a stop off if you are with a guide / driver but personally I would not go out of my way to get a taxi or tuk tuk there.,1251,0.011191047162270184,66,0.9162907318741551,0.010254252794754734,0.0077009438488608055
Kandy View Point,Forest,5,1,4,10,positive,0.796,"Great panoramic view of Kandy and is surrrounding jungle, lake and Temple of the Tooth.",1251,0.007993605115907274,51,1.1741198411762548,0.009385450369114746,0.007470818493815338
Kandy View Point,Crowdedness,5,27,0,32,negative,0.834,"Friendly smiling people and such a clean respectful place good photo opportunities, Temple of the tooth is so busy but a must went early evening for great photos after sunset too.",1251,0.025579536370903277,122,0.3019244291673241,0.007723086917149777,0.006441054488902914
Kandy View Point,Accessibility,4,2,0,6,positive,0.867,Easy access..,1251,0.004796163069544364,36,1.5224265354444706,0.007301805925393144,0.006330665737315856
Kandy View Point,Ticket price,5,2,9,16,neutral,0.783,There are couple of Souvenir shops selling various items with abnormal prices.It's better to buy similar souvenirs near the street around Sacred Temple or at Odel Luv SL( for quality products) under the arcades of Queens Hotel or many shops in and around the bylanes.,1251,0.012789768185451638,94,0.5626506916305767,0.00719617191533911,0.005634602609710523
Kandy View Point,Value for money,17,2,0,19,positive,0.815,The souvenirs sold at the spot are expensive as you can get the same stuff in town for less.,1251,0.015187849720223821,112,0.38744660260548613,0.005884480774983403,0.0047958518316114735
Kandy View Point,Stairs,2,0,3,5,neutral,0.764,Also watch yout steps and try your best that the local sellers annoyance won't rauin the view.,1251,0.003996802557953637,47,1.255797872190522,0.005019176147843813,0.003834650576952673
Kandy View Point,Safety,6,1,2,9,positive,0.773,But please be extra careful for children as it's unsafe and the road ahead as there is no parking and as most Srilankan roads it's tight.,1251,0.007194244604316547,86,0.651598177647073,0.004687756673719949,0.003623635908785521
Kandy View Point,Entrance fee,4,0,2,6,positive,0.873,I would go so far as to recommend you save yourself the 1500 rupee entry fee to the Temple and simply view it from this vantage point.,1251,0.004796163069544364,87,0.6400373552459969,0.003069723526359697,0.0026798686385120156
Kandy View Point,Family friendliness,2,1,2,5,positive,0.776,But please be extra careful for children as it's unsafe and the road ahead as there is no parking and as most Srilankan roads it's tight.,1251,0.003996802557953637,89,0.6173091041684409,0.0024672626065884926,0.0019145957827126703
Kandy View Point,Cleanliness,4,4,0,8,positive,0.87,"Friendly smiling people and such a clean respectful place good photo opportunities, Temple of the tooth is so busy but a must went early evening for great photos after sunset too.",1251,0.006394884092725819,117,0.34377153910282454,0.0021983791469405247,0.0019125898578382565
Kandy View Point,Peacefulness,11,0,0,11,positive,0.804,"Small, quiet place and you really need a tuk tuk driver to find.",1251,0.008792965627498001,129,0.24613306953890854,0.0021642396202461982,0.0017400486546779435
Kanniya Hot Springs,Changing rooms,2,2,11,15,neutral,0.801,There are changing rooms by the sides but toilets are a bit farther away and not at all clean.This place could be developed further to make it tourist friendly.,342,0.043859649122807015,3,4.007333185232471,0.1757602274224768,0.1407839421654039
Kanniya Hot Springs,Shops,6,2,5,13,positive,0.755,"There are plenty of shops on the way to the hot springs that sell interesting souvenir goodies, real cheap.",342,0.038011695906432746,10,2.803360380906535,0.10656048231516067,0.08045316414794632
Kanniya Hot Springs,Souvenir stalls,7,4,16,27,neutral,0.767,The walk in its lined with cheap and junky souvenir stalls.,342,0.07894736842105263,49,1.214125175789954,0.0958519875623648,0.0735184744603338
Kanniya Hot Springs,Ticket price,7,12,26,45,neutral,0.755,Its only 10 rupees or locals and 50 for tourists and you can bathe from the 7 hot springs.,342,0.13157894736842105,94,0.5626506916305767,0.07403298574086535,0.05589490423435334
Kanniya Hot Springs,Toilets,3,7,6,16,negative,0.785,"Slippery floors, lack of dress changing areas and toilet facilities, information about the wells, nothing there.",342,0.04678362573099415,37,1.4950275612563562,0.0699428098833383,0.054905105758420565
Kanniya Hot Springs,Entrance fee,6,13,14,33,neutral,0.84,There is a entry fees but this site is very badly maintained and it is stinking There is no CLEAN place to change your clothes.,342,0.09649122807017543,87,0.6400373552459969,0.06175799041847339,0.05187671195151764
Kanniya Hot Springs,Parking,3,4,10,17,neutral,0.786,"Not the best place to visit, it has a large car park and plenty of stalls leading up to the springs but they have not been looked after and there is nothing overly interesting about them.",342,0.049707602339181284,54,1.1169614273363062,0.05552147445823744,0.04363987892417463
Kanniya Hot Springs,Cleanliness,27,14,3,44,positive,0.87,"The wells do not look particularly clean either, so our party did not go in.",342,0.1286549707602339,117,0.34377153910282454,0.0442279173114745,0.038478288060982815
Kanniya Hot Springs,Crowdedness,7,34,4,45,negative,0.854,We say all the people taking bath here and it was crowded.,342,0.13157894736842105,122,0.3019244291673241,0.0397268985746479,0.033926771382749306
Kanniya Hot Springs,Market,2,2,2,6,positive,0.78,is allowed to protect these natural springs.Once on the site and prior to purchasing your admission you will pass through a lot of market stalls selling different souvenirs etc.,342,0.017543859649122806,16,2.3333567516607996,0.04093608336247016,0.03193014502272673
Kanniya Hot Springs,Hindu shrine,2,1,5,8,neutral,0.768,"The place is very hygienic with changing rooms and toilets, but there are also some remains of an ancient Buddhist temple, while a modern shrine with a large Buddha image are further up the hill above the hot springs.",342,0.023391812865497075,39,1.4423838277709342,0.033739972579437054,0.025912298941007657
Kanniya Hot Springs,Heritage site,1,3,2,6,negative,0.807,It would have much value if this heritage place is without ANY religious affiliations.,342,0.017543859649122806,30,1.7047480922384253,0.029907861267340793,0.02413564404274402
Kanniya Hot Springs,Family friendliness,6,3,7,16,neutral,0.766,You would think it is madness to pour buckets of hot water over yourself in a climate like this but it was really refreshing (like a steamy sauna feeling almost!) and alot of fun with the kids too!,342,0.04678362573099415,89,0.6173091041684409,0.028879958089751617,0.02212204789674974
Kanniya Hot Springs,Temple,2,2,6,10,neutral,0.772,"After our visit to Thiru Koneswaram Temple, we proceeded to Kanniya Hot Springs in Trincomaleee.",342,0.029239766081871343,76,0.7752121336142496,0.02266702145070905,0.017498940559947385
Kanniya Hot Springs,Stairs,2,2,1,5,positive,0.78,"the hotel.There was a small admission charge of 50 rupees per person (about 25p) You take off your footwear and enter,go down the steps and there are the seven individual hot water springs each one a different temperature ,with a small tin bucket with which you can draw water and wash .We just washed feet but there are",342,0.014619883040935672,47,1.255797872190522,0.018359618014481317,0.014320502051295427
Kanniya Hot Springs,Public transport access,3,3,4,10,neutral,0.776,"There is nothing natural about it, and can get very crowded depending on time n season as bus loads of visitors come here to have a bath.",342,0.029239766081871343,90,0.6061358035703155,0.01772326911024314,0.013753256829548678
Kanniya Hot Springs,Value for money,13,0,0,13,positive,0.834,The walk in its lined with cheap and junky souvenir stalls.,342,0.038011695906432746,112,0.38744660260548613,0.014727502438220233,0.012282737033475674
Kanniya Hot Springs,Safety,3,1,1,5,positive,0.796,"This is a must visit place if you visit trincomalee.One must keep shoes in a safe place..avoid purchasing food items from Hawkers,",342,0.014619883040935672,86,0.651598177647073,0.00952628914688703,0.007582926160922077
Kanniya Hot Springs,Peacefulness,8,0,0,8,positive,0.82,"If you go around 5 o'clock in the evening, you can have a peaceful bath since there will be no or less crowded.",342,0.023391812865497075,129,0.24613306953890854,0.005757498702664527,0.004721148936184912
Kataragama Temple,Temple,65,16,118,199,neutral,0.772,"People generally take a bath before hand, wear white clothing and visit the temple grounds without headwear and footwear.",618,0.3220064724919094,76,0.7752121336142496,0.24962332457805123,0.19270920657425555
Kataragama Temple,Hindu shrine,18,6,65,89,neutral,0.763,The visit to the Buddhist and Hindu temple on a full moon day was great as the kids experienced the crowds and prayers in full swing.,618,0.14401294498381878,39,1.4423838277709342,0.2077219428343255,0.15849184238259034
Kataragama Temple,Mosque,4,1,19,24,neutral,0.754,"There are still other sights worth a look - the Kiri Vehara, the Bodhi tree, and a mosque.",618,0.038834951456310676,5,3.4965075614664802,0.13578670141617397,0.10238317286779518
Kataragama Temple,River,2,3,20,25,neutral,0.755,"We used to bathe in Menik Ganga (the holy river) when we were little, but sadly it's now polluted due to less water flow.",618,0.040453074433656956,33,1.6094379124341003,0.06510671166804613,0.04915556730937483
Kataragama Temple,Elephants,8,2,12,22,neutral,0.775,"two sacred Bo trees taken from the famous Bo tree at Anpuradhapura.An interesting sight was the tourists going under the two temple elephants seven times for good luck.the walk up to Maha Deaval and Kira Viham had people selling flowers to the devotees ,the children all asking got bonbons!!!At 10.30 the daily Poya takes",618,0.03559870550161812,33,1.6094379124341003,0.05729390626788059,0.04440277735760746
Kataragama Temple,Souvenir stalls,1,3,13,17,neutral,0.759,"Luckily, all the cluster of shops and vendors are kept at a d good distance frosdm the temple premises--hence the sanctity and ambience are well-maintained!",618,0.02750809061488673,49,1.214125175789954,0.03339826535344534,0.025349283403265012
Kataragama Temple,Crowdedness,6,49,5,60,negative,0.849,The place is always crowded during weekends and weekdays are better.,618,0.0970873786407767,122,0.3019244291673241,0.029313051375468357,0.024886780617772636
Kataragama Temple,Buddha statue,2,1,11,14,neutral,0.759,Lord buddha's great landmark.,618,0.022653721682847898,47,1.255797872190522,0.028448495486516682,0.021592408074266163
Kataragama Temple,Parking,4,2,7,13,neutral,0.783,We had to walk a lot to get to this place as during season it is difficult to even find parking to get to this place.,618,0.021035598705501618,54,1.1169614273363062,0.02349595235497084,0.01839733069394217
Kataragama Temple,Forest,2,0,7,9,neutral,0.758,It is situated in a beautiful serene forest location and a unique sight to see in Srilanka.,618,0.014563106796116505,51,1.1741198411762548,0.01709883263848915,0.012960915139974775
Kataragama Temple,Wildlife,5,0,4,9,positive,0.778,you can find Kiri Vehera ( Buddhist vihara)From here you can go to Sella Kataragama (another temple) village and Yala the national animals natural park.,618,0.014563106796116505,54,1.1169614273363062,0.016266428553441355,0.012655281414577375
Kataragama Temple,Family friendliness,5,0,11,16,neutral,0.756,The visit to the Buddhist and Hindu temple on a full moon day was great as the kids experienced the crowds and prayers in full swing.,618,0.025889967637540454,89,0.6173091041684409,0.015982112729280025,0.012082477223335698
Kataragama Temple,Accommodation,3,0,12,15,neutral,0.755,At katharagama you have an opportunity to have FREE accommodation( but less comfortable ).,618,0.024271844660194174,90,0.6061358035703155,0.014712034067240667,0.011107585720766703
Kataragama Temple,Birds,2,0,4,6,neutral,0.767,We enjoyed the walk as there were Peacocks and elephants around.,618,0.009708737864077669,40,1.4170660197866443,0.01375792252220043,0.01055232657452773
Kataragama Temple,Public transport access,4,0,10,14,neutral,0.754,"We took the bus late afternoon from Tissa easily, saw much good-humoured dancing and drumming by the Puja participants, many taking large plates of fruits, which after a blessing were consumed and even offered to us bystanders - all very good natured.",618,0.022653721682847898,90,0.6061358035703155,0.01373123179609129,0.010353348774252832
Kataragama Temple,Peacefulness,30,0,0,30,positive,0.809,Serene Experience,618,0.04854368932038835,129,0.24613306953890854,0.011948207259170318,0.009666099672668788
Kataragama Temple,Cleanliness,12,4,2,18,positive,0.869,First impressions were that Kataragama is a dirty town - there is a lot more rubbish around than we saw in the rest of Sri Lanka.,618,0.02912621359223301,117,0.34377153910282454,0.01001276327483955,0.008701091285835568
Kataragama Temple,Sculptures,2,0,4,6,neutral,0.767,"Lots of original and replica statues and ancient implements.One of the best things was, despite the inevitable beggars, we did not feel harassed by anyone trying to sell us anything.",618,0.009708737864077669,55,1.0986122886681098,0.010666138724933103,0.008180928402023691
Kataragama Temple,Value for money,9,2,0,11,positive,0.818,Apparently it's a regular place of pilgrimage and where a lot of Sri Lankans bring their new cars for their first outing and hang copies of the registration plates on tree to ensure safe and trouble free driving - understandable when you see the traffic in Colombo!,618,0.01779935275080906,112,0.38744660260548613,0.006896298751877585,0.005641172379035864
Kataragama Temple,Service quality,5,0,2,7,positive,0.789,The staff are friendly and helpful - willing to tell you about the different aspects of their religion without trying to convert you.,618,0.011326860841423949,88,0.6286086594223741,0.0071201628089912926,0.00561780845629413
Kataragama Temple,Ticket price,3,0,5,8,neutral,0.751,"To go up to the top of the mountain you can hire a four wheel drive, for a modest price per passenger.These are all places close to each other, which I thought were worth visiting.",618,0.012944983818770227,94,0.5626506916305767,0.007283504098777692,0.0054699115781820466
Kataragama Temple,Safety,3,2,1,6,positive,0.81,Apparently it's a regular place of pilgrimage and where a lot of Sri Lankans bring their new cars for their first outing and hang copies of the registration plates on tree to ensure safe and trouble free driving - understandable when you see the traffic in Colombo!,618,0.009708737864077669,86,0.651598177647073,0.006326195899486145,0.0051242186785837775
Kaudulla National Park,Elephants,254,18,209,481,positive,0.789,"We saw mostly elephants, but we had the most amazing driver and he got us very close even to the smallest ones.",1347,0.3570898292501856,33,1.6094379124341003,0.5747139093398681,0.45344927446915595
Kaudulla National Park,Birds,63,2,105,170,neutral,0.764,"Our guide, Pradeep, and driver were excellent spotters so we saw birds, a sloth bear, 2 different mongoose breeds and assorted other wild things.",1347,0.12620638455827765,40,1.4170660197866443,0.1788427790376611,0.1366358831847731
Kaudulla National Park,Wildlife,74,6,95,175,neutral,0.78,"The elephants here are wild and leave free in the jungle, you don't get very close to the animals as other places with domesticated elephants but the experience is much better here!",1347,0.12991833704528583,54,1.1169614273363062,0.14511377118326177,0.11318874152294418
Kaudulla National Park,Local guide,38,3,37,78,positive,0.76,The tour guide was knowledgeable and kept calm when one rather large elephant looked like he was going to charge at our jeep!,1347,0.05790645879732739,66,0.9162907318741551,0.053059151511643726,0.040324955148849234
Kaudulla National Park,Trail,16,6,23,45,neutral,0.763,The tour follows a large lake inside the park and the path is a bit rough.,1347,0.0334075723830735,39,1.4423838277709342,0.04818654213043211,0.0367663316455197
Kaudulla National Park,Forest,10,0,26,36,neutral,0.763,"The elephants here are wild and leave free in the jungle, you don't get very close to the animals as other places with domesticated elephants but the experience is much better here!",1347,0.026726057906458798,51,1.1741198411762548,0.03137959486439879,0.023942630881536277
Kaudulla National Park,Accommodation,12,3,28,43,neutral,0.769,"There are many other historical attractions nearby such as Sigiriya rock fortress, Dambulla rock temple, Minneriya National Park and close to excellent hotels at Kandalama near Dambulla and Sigiriya.",1347,0.03192279138827023,90,0.6061358035703155,0.01934954681033672,0.014879801497148938
Kaudulla National Park,Family friendliness,17,0,22,39,neutral,0.761,"Great for families, especially young kids.",1347,0.028953229398663696,89,0.6173091041684409,0.017873092102872454,0.013601423090285938
Kaudulla National Park,River,4,0,10,14,neutral,0.763,There are several birds with looking out for and of course the crocs in the river.Well worth a visit.,1347,0.010393466963622866,33,1.6094379124341003,0.016727639772885973,0.012763189146711998
Kaudulla National Park,Weather condition,4,24,3,31,negative,0.771,And at that very moment it started raining heavily.,1347,0.02301410541945063,82,0.6992262266363275,0.01609206609185312,0.012406982956818757
Kaudulla National Park,Paintings,4,0,7,11,neutral,0.769,"We loved it.Saw loads of elephants as well as many other animals including water buffalo, eagles, egrets, painted storms, peligan, elephant stork and loads more.Strongly recommend.",1347,0.008166295471417966,29,1.7386496439141066,0.014198326713478227,0.010918513242664756
Kaudulla National Park,Crowdedness,3,46,3,52,negative,0.826,It's not as busy a park as the famous Yala and the drivers seem more relaxed.,1347,0.038604305864884926,122,0.3019244291673241,0.011655583011656163,0.00962751156762799
Kaudulla National Park,Noise level,0,8,0,8,negative,0.8,"Obviously they were all looking for elephants, so the jeeps were all zooming around the same bit of park, making it noisy and congested.",1347,0.005939123979213066,32,1.640209571100854,0.00974140799465986,0.007793126395727889
Kaudulla National Park,Entrance fee,3,0,17,20,neutral,0.807,"Our safari cost around 4,500 rupees per person (including park fees).When arranging our tour, we were advised that the elephant gathering had moved on from Minneriya National Park (which is also the advice given on the Minneriya website), so a tour to Kaudulla",1347,0.014847809948032665,87,0.6400373552459969,0.009503153010334029,0.007669044479339562
Kaudulla National Park,Value for money,22,9,0,31,positive,0.837,"We chose to see elephants here, happy and free instead of Pinnewela Orphanage which we feared may exploit the elephants.",1347,0.02301410541945063,112,0.38744660260548613,0.008916736956770654,0.007463308832817037
Kaudulla National Park,Scenic view,38,2,9,49,positive,0.808,Beautiful views and elephants in numbers,1347,0.03637713437268003,128,0.25391520998096345,0.009236707712744773,0.007463259831897777
Kaudulla National Park,Safety,7,7,5,19,positive,0.809,So very close distance observation was possible still being safe.,1347,0.014105419450631032,86,0.651598177647073,0.009191065608978756,0.007435572077663814
Kaudulla National Park,Guided tours,3,1,4,8,neutral,0.82,The tour guide was knowledgeable and kept calm when one rather large elephant looked like he was going to charge at our jeep!,1347,0.005939123979213066,36,1.5224265354444706,0.009041879943248525,0.00741434155346379
Kaudulla National Park,Sunset view,3,1,4,8,neutral,0.82,"The sun was starting to set and we loitered a little too long taking pictures of the sunset and got mock charged twice by elephants who wanted to let us know that it was now their people free time, and to keep moving - so we did.",1347,0.005939123979213066,44,1.3217558399823195,0.007850071803903902,0.0064370588792011995
Kaudulla National Park,Peacefulness,23,0,0,23,positive,0.807,The tour guide was knowledgeable and kept calm when one rather large elephant looked like he was going to charge at our jeep!,1347,0.017074981440237565,129,0.24613306953890854,0.004202717594205565,0.003391593098523891
Kaudulla National Park,Service quality,4,1,1,6,positive,0.797,Mahinda was a very experienced very careful helpful and who loves wildlige.,1347,0.004454342984409799,88,0.6286086594223741,0.002800038572037301,0.0022316307419137293
Keerimalai Hot springs,Hindu shrine,6,2,10,18,neutral,0.773,The road leading from maviddapuram kantha swamy kovil to keerimalai is now tarred and makes travel more comfortable.The temple itself has historical importance for Hindus which is also called Nahuleswaram.,137,0.13138686131386862,39,1.4423838277709342,0.18951028394070668,0.14649144948616627
Keerimalai Hot springs,Changing rooms,1,3,2,6,negative,0.833,Wash room for fresh water baths available on site with excellent toilets and changing rooms.,137,0.043795620437956206,3,4.007333185232471,0.17550364314886735,0.1461945347430065
Keerimalai Hot springs,Beach,8,2,9,19,neutral,0.784,"The young men and women had their own part of the building , easy access to the beach area.",137,0.1386861313868613,64,0.9470623905409088,0.13134441912611144,0.10297402459487137
Keerimalai Hot springs,Temple,11,3,5,19,positive,0.799,The near by temple also worth a look too.,137,0.1386861313868613,76,0.7752121336142496,0.1075111718151149,0.0859014262802768
Keerimalai Hot springs,Cleanliness,19,18,0,37,positive,0.879,"We visited during a hot day, so the cool water was appreciated.I always find these temple baths, green, slimy and floating with plastic bottles.Although it was a little bit slimy and green, it was clean and full of locals up for a chat or swimming race.",137,0.27007299270072993,117,0.34377153910282454,0.09284340837083582,0.08160935595796469
Keerimalai Hot springs,Toilets,1,2,2,5,negative,0.792,Wash room for fresh water baths available on site with excellent toilets and changing rooms.,137,0.0364963503649635,37,1.4950275612563562,0.05456304968088891,0.04321393534726402
Keerimalai Hot springs,Crowdedness,0,14,0,14,negative,0.857,But if your just a tourist then it may not be worth the effort.It tends to get quite crowded.,137,0.10218978102189781,122,0.3019244291673241,0.030853591301770344,0.026441527745617185
Keerimalai Hot springs,Ticket price,4,1,3,8,positive,0.779,The water is warm (as it is anywhere in Jaffna) and the best is the availability of fresh water to refresh (after a sea water bath) at a small fee of LKR 20/-.,137,0.058394160583941604,94,0.5626506916305767,0.0328555148397417,0.025594446060158788
Keerimalai Hot springs,Scenic view,8,0,3,11,positive,0.77,"The area for women, whilst the water was still nice, had tall walls around it and was less scenic.",137,0.08029197080291971,128,0.25391520998096345,0.020387352626208746,0.015698261522180734
Kelaniya Raja Maha Vihara,Temple,186,23,190,399,neutral,0.785,close to colombo one of the best and well recognized temples in Sri Lanka.,1355,0.2944649446494465,76,0.7752121336142496,0.22827279801629932,0.17919414644279497
Kelaniya Raja Maha Vihara,Buddha statue,55,0,170,225,neutral,0.767,The Sleeping Buddha statue is impressive - The surrounding area is Peaceful- Had the good luck to watch the Temple elephant being fed by the chief monk - it was impressive !,1355,0.16605166051660517,47,1.255797872190522,0.2085273219504557,0.15994045593599954
Kelaniya Raja Maha Vihara,Paintings,63,0,53,116,positive,0.785,The beautiful paintings inside the wall and ceiling of the template explains the history related to this temple.,1355,0.08560885608856089,29,1.7386496439141066,0.1488438071542704,0.11684238861610227
Kelaniya Raja Maha Vihara,Murals,26,1,19,46,positive,0.81,The well preserved wall paintings and statues will take your breath away!,1355,0.03394833948339483,11,2.70805020110221,0.09193380756509348,0.07446638412772572
Kelaniya Raja Maha Vihara,River,11,1,42,54,neutral,0.759,Kelani river is visible to this temple and also you feel really free and relaxed in this place due to its religious value.,1355,0.03985239852398524,33,1.6094379124341003,0.06413996108593463,0.04868223046422438
Kelaniya Raja Maha Vihara,Stupa,10,3,31,44,neutral,0.764,but it worth it its a very nice temple and stupa if possible ask your guide or hotel reception if there is a ceremony ....,1355,0.03247232472324723,29,1.7386496439141066,0.056457995817137036,0.043133908804292694
Kelaniya Raja Maha Vihara,Sculptures,31,3,31,65,positive,0.784,The Sleeping Buddha statue is impressive - The surrounding area is Peaceful- Had the good luck to watch the Temple elephant being fed by the chief monk - it was impressive !,1355,0.04797047970479705,55,1.0986122886681098,0.0527009584969942,0.041317551461643454
Kelaniya Raja Maha Vihara,Hindu shrine,9,0,16,25,neutral,0.77,the paintings inside the Buddha's shrine are amazingly beautiful.,1355,0.01845018450184502,39,1.4423838277709342,0.026612247744851186,0.020491430763535413
Kelaniya Raja Maha Vihara,Peacefulness,132,2,0,134,positive,0.801,Serene & Peaceful,1355,0.0988929889298893,129,0.24613306953890854,0.024340834921190956,0.019497008771873957
Kelaniya Raja Maha Vihara,Crowdedness,7,75,5,87,negative,0.846,It was a joy to see so many local people there and not too many tourists.,1355,0.06420664206642067,122,0.3019244291673241,0.01938555375465476,0.016400178476437925
Kelaniya Raja Maha Vihara,Parking,3,3,11,17,neutral,0.773,It was quite difficult to get into the car park because of so many people however this did not spoil the day and there were many stalls and attractions.,1355,0.012546125461254613,54,1.1169614273363062,0.014013538202743325,0.01083246503072059
Kelaniya Raja Maha Vihara,Elephants,5,0,4,9,positive,0.791,The Sleeping Buddha statue is impressive - The surrounding area is Peaceful- Had the good luck to watch the Temple elephant being fed by the chief monk - it was impressive !,1355,0.006642066420664207,33,1.6094379124341003,0.010689993514322437,0.008455784869829048
Kelaniya Raja Maha Vihara,Accessibility,8,0,0,8,positive,0.87,"But ""Kelaniya"" Rajamaha vihara (Royal Temple) is the best place to get the historical experience, very easy access from Colombo city.",1355,0.005904059040590406,36,1.5224265354444706,0.008988496150225657,0.007819991650696322
Kelaniya Raja Maha Vihara,Heritage site,2,0,6,8,neutral,0.76,"kalaniya raja mahaviharaya is must see place for any history or heritage lover.it is located about 12km away from Colombo.You can see old paintings(1767+ period) and new paintings( done in 1888++ period).Nice place to understand the Buddhism,customs and traditions in Colombo.",1355,0.005904059040590406,30,1.7047480922384253,0.010064933385909521,0.007649349373291236
Kelaniya Raja Maha Vihara,Family friendliness,6,2,12,20,neutral,0.764,"We visited the temple on a Saturday, when the compound was packed with local families spending the day praying, eating, and spending time together.",1355,0.014760147601476014,89,0.6173091041684409,0.009111573493261119,0.006961242148851495
Kelaniya Raja Maha Vihara,Public transport access,5,0,13,18,neutral,0.759,"It took about 30mins UberGO ride to reach and we took public bus #135 back to downtown Colombo, but it's totally worth it.",1355,0.013284132841328414,90,0.6061358035703155,0.008051988534513416,0.006111459297695683
Kelaniya Raja Maha Vihara,Cleanliness,18,8,1,27,positive,0.876,Sadly many people do not respect and adhere to keep the place clean.,1355,0.01992619926199262,117,0.34377153910282454,0.00685006018876477,0.006000652725357939
Kelaniya Raja Maha Vihara,Noise level,0,6,0,6,negative,0.773,"Busy with visitors, praying monks, and loud chanting over the megaphones day and night, it is an unpredictable experience.",1355,0.004428044280442804,32,1.640209571100854,0.007262920610040682,0.0056142376315614475
Kelaniya Raja Maha Vihara,Service quality,5,0,3,8,positive,0.792,Helpful to have a local guide to explain some of the scenarios on the walls but even if you don't it's a beautiful place to visit filled with local culture and not too far from Colombo.,1355,0.005904059040590406,88,0.6286086594223741,0.003711342638656083,0.002939383369815618
Kelaniya Raja Maha Vihara,Scenic view,12,1,5,18,positive,0.776,"While those of us who are Catholic do not share some of the Buddhist philosophy's beliefs, it was interesting to view the frescoes that took a noted local artist 18 years to paint.The temple was serene.",1355,0.013284132841328414,128,0.25391520998096345,0.003373043379820917,0.002617481662741032
Kelaniya Raja Maha Vihara,Value for money,9,1,0,10,positive,0.808,Kelani river is visible to this temple and also you feel really free and relaxed in this place due to its religious value.,1355,0.007380073800738007,112,0.38744660260548613,0.0028593845210736985,0.0023103826930275487
Kelaniya Raja Maha Vihara,Accommodation,5,0,1,6,positive,0.803,but it worth it its a very nice temple and stupa if possible ask your guide or hotel reception if there is a ceremony ....,1355,0.004428044280442804,90,0.6061358035703155,0.0026839961781711386,0.002155248931071424
Kelaniya Raja Maha Vihara,Entrance fee,1,0,4,5,neutral,0.76,"It is very close to train station of kelaniya, no entrance fee.You need to wear proper cloths, remove youe footwear and keep at the post or you can even keep under the tree.This temple are unique, from the architecture and the decoration, mostly",1355,0.0036900369003690036,87,0.6400373552459969,0.0023617614584723135,0.0017949387084389584
Kiri Vehera,Stupa,5,0,6,11,neutral,0.778,This amazing pagoda and surrounding will surely relax your mind and body and bring you to a place of peace and spirituality irrespective of what ever religion you practice.,32,0.34375,29,1.7386496439141066,0.5976608150954741,0.46498011414427887
Kiri Vehera,Temple,2,2,7,11,neutral,0.773,"Very crowded in weekends, can park near the temple if you can get a pass from the police or you have to walk a bit.",32,0.34375,76,0.7752121336142496,0.2664791709298983,0.2059883991288114
Kiri Vehera,Crowdedness,1,4,0,5,negative,0.872,"Very crowded in weekends, can park near the temple if you can get a pass from the police or you have to walk a bit.",32,0.15625,122,0.3019244291673241,0.047175692057394386,0.0411372034740479
Kiri Vehera,Peacefulness,5,0,0,5,positive,0.792,"Walking around the Stupa made me feel calm, tranquil and peaceful.",32,0.15625,129,0.24613306953890854,0.03845829211545446,0.03045896735543993
Kirinda Viharaya,Temple,24,1,23,48,positive,0.788,"Rather than just be 'another temple' , there are spectacular views of the coast from the site which can extend to the Basses reef, one of Sri Lanka's premier dive sites.",166,0.2891566265060241,76,0.7752121336142496,0.2241577253824336,0.17663628760135766
Kirinda Viharaya,Beach,14,0,11,25,positive,0.783,"Rather than just be 'another temple' , there are spectacular views of the coast from the site which can extend to the Basses reef, one of Sri Lanka's premier dive sites.",166,0.15060240963855423,64,0.9470623905409088,0.14262987809351038,0.11167919454721863
Kirinda Viharaya,Buddha statue,2,0,9,11,neutral,0.78,"A Devalaya, a statue of Vihara Maha Deviya, a statue of Lord Buddha and some beautiful scenes of the sea also.",166,0.06626506024096386,47,1.255797872190522,0.08321552165117918,0.06490810688791976
Kirinda Viharaya,Sculptures,5,0,6,11,neutral,0.782,Beautiful newly build statue.,166,0.06626506024096386,55,1.0986122886681098,0.07279960949005547,0.05692929462122338
Kirinda Viharaya,Scenic view,21,0,13,34,positive,0.769,Culturally significant site with spectacular sea views,166,0.20481927710843373,128,0.25391520998096345,0.05200672975513709,0.039993175181700424
Kirinda Viharaya,Stairs,1,0,5,6,neutral,0.757,"Sri Lanka.We saw the stupa/dagoba of this temple from a distance, walking on the beach and decided to visit it.After climbing the stairs onto the rock, we were asked for a donation (the donationtickets go from 50-2000 roepies).The temple is rather quiet with only local worshippers and from around the stupa you have a great",166,0.03614457831325301,47,1.255797872190522,0.04539028453700682,0.03436044539451416
Kirinda Viharaya,Weather condition,1,8,0,9,negative,0.756,"The View from the top of the temple was amazing , better to visit the place in the evening or in the morning to aviod hot sun",166,0.05421686746987952,82,0.6992262266363275,0.03790985566100571,0.028659850879720315
Kirinda Viharaya,Safety,0,5,1,6,negative,0.85,DANGEROUS.,166,0.03614457831325301,86,0.651598177647073,0.023551741360737576,0.02001898015662694
Kirinda Viharaya,Peacefulness,11,0,0,11,positive,0.818,"The ocean is calm, beautiful and also dangerous.",166,0.06626506024096386,129,0.24613306953890854,0.01631002268028912,0.0133415985524765
Kirinda Viharaya,Crowdedness,1,4,0,5,negative,0.864,This rock temple affords an insight into Sri Lanka's buddism in a hassle free and authentic location which is certainly not touristy.,166,0.030120481927710843,122,0.3019244291673241,0.009094109312268797,0.007857310445800242
Knuckles Mountain Range,Mountain,80,7,60,147,positive,0.784,We didnt climb the mountain but still thought it was amazing on the plateau.,909,0.1617161716171617,24,1.927891643552635,0.3117712558880499,0.2444286646162311
Knuckles Mountain Range,Waterfall,43,6,27,76,positive,0.793,the one negative was that the climb up by the waterfalls was extremely difficult.,909,0.08360836083608361,24,1.927891643552635,0.161187860187019,0.12782197312830607
Knuckles Mountain Range,Leeches,0,40,7,47,negative,0.795,They brought along spray for the many leeches (beware of these and wear boot if possible) and even provided tooth picks at the end of our lunch.,909,0.0517051705170517,8,3.0265039322207445,0.1564859018860011,0.12440629199937087
Knuckles Mountain Range,Tea plantation,19,2,13,34,positive,0.835,"Definitely need to go with a local guide, who can be expensive at SLR10000/day.Take a spare pair of socks and ensure you have the leech protection spray.Drive up from Kandy through the tea plantations is amazing",909,0.0374037403740374,16,2.3333567516607996,0.08727627013912781,0.07287568556617172
Knuckles Mountain Range,Local guide,31,9,32,72,neutral,0.769,The guide very helpful and friendly.,909,0.07920792079207921,66,0.9162907318741551,0.07257748371280437,0.05581208497514656
Knuckles Mountain Range,Food quality,21,2,3,26,positive,0.764,Good food was provided and lots of info about the local area.,909,0.028602860286028604,16,2.3333567516607996,0.0667406771652154,0.05098987735422456
Knuckles Mountain Range,Trail,22,4,13,39,positive,0.786,This part of the track lasted a couple of hours and was very difficult so if you arent particularly fit it may be challenging.,909,0.0429042904290429,39,1.4423838277709342,0.06188445465683876,0.04864118136027527
Knuckles Mountain Range,Weather condition,13,40,5,58,negative,0.787,A real experience with electricity between 6 and 10 and hot water brought by one of the hosts.,909,0.0638063806380638,82,0.6992262266363275,0.04461509476887458,0.0351120795831043
Knuckles Mountain Range,Birds,10,0,17,27,neutral,0.755,Its is a very beautiful location when you are in the knuckles range you have the beautiful mountain range to see a variety of birds natural water source natural pools and many more you must be there to get the maximum of this place and spend a few days camping or stay in the village or the bungalows,909,0.0297029702970297,40,1.4170660197866443,0.0420910698946528,0.031778757770462865
Knuckles Mountain Range,Forest,16,2,13,31,positive,0.79,The jungle walks were amazing and the upper slopes looked like the set of Lost.,909,0.034103410341034104,51,1.1741198411762548,0.04004149073318361,0.03163277767921505
Knuckles Mountain Range,Scenic view,100,3,26,129,positive,0.821,"Green and pleasant, beautiful scenery, well worth the trip",909,0.1419141914191419,128,0.25391520998096345,0.03603417171347006,0.029584054976758915
Knuckles Mountain Range,Rock formation,9,0,5,14,positive,0.75,bird watching-Water streams- Views-Different climatic zones-Tracking-misty mountains-boulders-and some different canopies of trees-and some tea gardens-and huge trees-It is a worth-,909,0.015401540154015401,20,2.1102132003465894,0.032500533338671346,0.02437540000400351
Knuckles Mountain Range,Leopards,3,1,7,11,neutral,0.765,"I went on a trek around Knuckles Mountain Range and it was absolutely amazing.I saw everything from tea plantations to cardamon tree, to waterfalls, mountain ranges, jungle terrain, bamboo forests, mangroves, birds and leopard poo!",909,0.0121012101210121,13,2.540996116439044,0.030749127921704603,0.02352308286010402
Knuckles Mountain Range,Wildlife,7,0,14,21,neutral,0.766,The amazing beauty and wildlife is worth any effort to get here.,909,0.0231023102310231,54,1.1169614273363062,0.025804389410409714,0.019766162288373842
Knuckles Mountain Range,Heritage site,3,0,10,13,neutral,0.797,Beautiful mountain range of knuckles which is a world heritage.,909,0.014301430143014302,30,1.7047480922384253,0.02438033575258474,0.01943112759481004
Knuckles Mountain Range,River,6,1,5,12,positive,0.792,Early morning we left Sir John's Bungalow & started a forest trek through a thick jungle & arrived at a crystal clear water stream where we had breakfast.,909,0.013201320132013201,33,1.6094379124341003,0.02124670511464159,0.016827390450796138
Knuckles Mountain Range,Accommodation,13,0,18,31,neutral,0.77,I like the view of the area this adds to the breathtaking scenery surrounding the area if you are staying at Amaya Hills Hotel,909,0.034103410341034104,90,0.6061358035703155,0.020671298031550912,0.015916899484294204
Knuckles Mountain Range,Water clarity,5,0,0,5,positive,0.92,the water is crystal clear.,909,0.005500550055005501,13,2.540996116439044,0.013976876328047548,0.012858726221803745
Knuckles Mountain Range,Viewpoint,4,0,3,7,positive,0.814,"We covered around 16km at a good pace and got to the viewpoint; unfortunately, the viewpoint was covered in clouds, so we missed out on that one!",909,0.007700770077007701,29,1.7386496439141066,0.013388941152253846,0.01089859809793463
Knuckles Mountain Range,Sunrise view,3,0,2,5,positive,0.832,And dont forget to wake up early to see the sun rise- it is beautiful and a dream for photographers!,909,0.005500550055005501,21,2.0614230361771577,0.011338960595033871,0.00943401521506818
Knuckles Mountain Range,Service quality,14,2,0,16,positive,0.823,The guide very helpful and friendly.,909,0.0176017601760176,88,0.6286086594223741,0.011064618867720555,0.009106181328134016
Knuckles Mountain Range,Toilets,1,4,1,6,negative,0.803,go on a weekend.we went to knuckles and got to the camp site and it was beautiful there were tents to sleep in and also chemical toilets and it was really environmetally friendly and the best part was that we could see the most fascinating scenery from where we were staying.first up pila,909,0.006600660066006601,37,1.4950275612563562,0.009868168721164068,0.007924139483094747
Knuckles Mountain Range,Public transport access,4,5,5,14,negative,0.779,the beauty of this place will be ruined once the thirty foot road is completed you will see all the big buses coming there polluting the environment with the smoke and the people throwing their empty plastic bottles and plastic bags,909,0.015401540154015401,90,0.6061358035703155,0.009335424917474605,0.007272296010712717
Knuckles Mountain Range,Family friendliness,3,2,5,10,neutral,0.754,Nice visit and it was a awesome experience for everyone.But dont go there with kids.As a travelers you have to go this place.,909,0.011001100110011002,89,0.6173091041684409,0.006791079253778228,0.005120473757348784
Knuckles Mountain Range,Ticket price,3,3,3,9,positive,0.79,good place but not worth half of horton plains.entrance fee is 575 rs plus vat 15%,909,0.009900990099009901,94,0.5626506916305767,0.005570798927035413,0.004400931152357976
Knuckles Mountain Range,Safety,5,2,0,7,positive,0.829,"I felt safe all the time, thanks to the helpful advice to my guide Dinesh from sri Lanka trekking.The hike was intermediate level but must have good foot wear n raincoat!",909,0.007700770077007701,86,0.651598177647073,0.005017807748657327,0.004159762623636924
Knuckles Mountain Range,Value for money,4,6,0,10,negative,0.868,"Definitely need to go with a local guide, who can be expensive at SLR10000/day.Take a spare pair of socks and ensure you have the leech protection spray.Drive up from Kandy through the tea plantations is amazing",909,0.011001100110011002,112,0.38744660260548613,0.004262338862546603,0.0036997101326904512
Knuckles Mountain Range,Cleanliness,8,3,0,11,positive,0.876,"situated close proximity to Kandy, this mountain range will definitely blow you away....its unpolluted and clean....",909,0.0121012101210121,117,0.34377153910282454,0.004160051628307008,0.0036442052263969387
Knuckles Mountain Range,Peacefulness,16,0,0,16,positive,0.818,The surrounding is so calm and serine...,909,0.0176017601760176,129,0.24613306953890854,0.004332375261410931,0.0035438829638341418
Knuckles Mountain Range,Crowdedness,1,4,0,5,negative,0.832,"Not very crowded, need at least two days to enjoy the beauty of the area.",909,0.005500550055005501,122,0.3019244291673241,0.001660750435463829,0.0013817443623059056
Koggala Lake,Temple,18,0,15,33,positive,0.784,Its a pleasant and enjoyable ride through the lake visiting a temple and the cinnamon island it was fun and relaxing,213,0.15492957746478872,76,0.7752121336142496,0.12010328830643302,0.09416097803224349
Koggala Lake,Wildlife,10,1,9,20,positive,0.785,Good wildlife very large lake good 3hour trip very safe good boats mainly birds ask and you can get a better price,213,0.09389671361502347,54,1.1169614273363062,0.104879007261625,0.08233002070037562
Koggala Lake,Ticket price,10,7,23,40,neutral,0.769,Good wildlife very large lake good 3hour trip very safe good boats mainly birds ask and you can get a better price,213,0.18779342723004694,94,0.5626506916305767,0.10566210171466228,0.08125415621857529
Koggala Lake,Local guide,7,3,8,18,neutral,0.758,It was really well organised with friendly boatmen and Sri Lankan guides making it so enjoyable.,213,0.08450704225352113,66,0.9162907318741551,0.07743301959499903,0.05869422885300926
Koggala Lake,Value for money,3,24,0,27,negative,0.856,"Saw a large water monitor lizard on the way back to the boat.It was a pleasant outing, but way overpriced for tourists.",213,0.1267605633802817,112,0.38744660260548613,0.049112949626047536,0.04204068487989669
Koggala Lake,Public transport access,4,2,10,16,neutral,0.792,All the other places like Ayurvedic show garden for example can be reached by tuk tuk or car WITHOUT RISK!Do not bring along Your kids!,213,0.07511737089201878,90,0.6061358035703155,0.04553132796772323,0.0360608117504368
Koggala Lake,Family friendliness,4,1,6,11,neutral,0.756,All the other places like Ayurvedic show garden for example can be reached by tuk tuk or car WITHOUT RISK!Do not bring along Your kids!,213,0.051643192488262914,89,0.6173091041684409,0.031879812891327935,0.02410113854584392
Koggala Lake,Beach,3,1,3,7,positive,0.774,"Overall, a change from the beach, but wouldn't really recommend.",213,0.03286384976525822,64,0.9470623905409088,0.031124116121062733,0.024090065877702557
Koggala Lake,Service quality,3,4,2,9,negative,0.787,"However, I had the boat to myself, my tuk tuk driver came with me and the boat driver was very helpful hauling me up and off the boats at the various stops (although he was looking for a tip at the end, which I felt obliged to give).There were two stops.",213,0.04225352112676056,88,0.6286086594223741,0.026560929271367918,0.020903451336566552
Koggala Lake,Accommodation,2,0,6,8,neutral,0.765,"We took a boat tour of the lake, costing SLR5,000 total - the boat was in good condition with a sunroof, and picked us up from our villa.",213,0.03755868544600939,90,0.6061358035703155,0.022765663983861616,0.017415732947654135
Koggala Lake,Peacefulness,14,1,0,15,positive,0.827,Temple is small but a peaceful place.,213,0.07042253521126761,129,0.24613306953890854,0.017333314756261167,0.014334651303427984
Koggala Lake,Scenic view,6,0,3,9,positive,0.781,Nice view,213,0.04225352112676056,128,0.25391520998096345,0.010728811689336483,0.008379201929371794
Kosgoda Sea Turtle Conservation Project,Turtles,280,26,171,477,positive,0.794,An amazing project saving sea turtles!,1271,0.3752950432730134,16,2.3333567516607996,0.8756972230859177,0.6953035951302187
Kosgoda Sea Turtle Conservation Project,Wildlife,53,4,29,86,positive,0.799,This volunteer project protects rare sea turtles and gives an opportunity for the travelers to experience these nice sea creatures.,1271,0.06766325727773406,54,1.1169614273363062,0.07557724842716154,0.06038622149330208
Kosgoda Sea Turtle Conservation Project,Beach,39,2,43,84,neutral,0.78,"The project also helps maintain and keep the local beaches clear, ensuring they provide ideal turtle-laying conditions and protecting vital nesting-grounds..",1271,0.06608969315499606,64,0.9470623905409088,0.0625910627894857,0.04882102897579885
Kosgoda Sea Turtle Conservation Project,Local guide,42,1,43,86,neutral,0.758,"The guide simply avoided answering the question and kept repeating that what we saw was a rare event and that we were very luck (cliched, but avoidable).The good side about this hatchery is that they take care of blind and deformed turtles instead of releasing them in the wild which could end up as shark meal.",1271,0.06766325727773406,66,0.9162907318741551,0.061999215532004194,0.04699540537325918
Kosgoda Sea Turtle Conservation Project,Family friendliness,61,1,36,98,positive,0.765,A place must to be visited for showing the kids these beautiful creatures.,1271,0.07710464201416208,89,0.6173091041684409,0.047597397488990716,0.0364120090790779
Kosgoda Sea Turtle Conservation Project,Accessibility,10,0,27,37,neutral,0.801,"belly-buttons heal at 3 days, you can't pick them up) and then the 3-day olds awaiting release into the ocean.There's also a number of disabled turtles which are kept as they wouldn't survive.",1271,0.029110936270653028,36,1.5224265354444706,0.044319261850075065,0.03549972874191013
Kosgoda Sea Turtle Conservation Project,Service quality,49,4,24,77,positive,0.795,Very informative and wonderful to see the dedication of staff and volunteers have in caring for all the turtles.,1271,0.06058221872541306,88,0.6286086594223741,0.038082507297814955,0.03027559330176289
Kosgoda Sea Turtle Conservation Project,Ticket price,27,8,52,87,neutral,0.767,hear about the different kinds of turtles that live in Sri Lanka and the struggles that they face with survival in the oceans.It costs 500 Sri Lankan rupees for this visit and I'd love to know where my money goes since there are 'volunteers'for this cause helping with all the day to day care of the turtles.,1271,0.06845003933910307,94,0.5626506916305767,0.03851346197628652,0.029539825335811763
Kosgoda Sea Turtle Conservation Project,Sunset view,11,0,13,24,neutral,0.823,"Their was a beautiful sunset too, which made the moment very special.I did a bit of research before I chose KSTCP to visit, and I'd really recommend doing the same before visiting any wildlife-based attraction in Sri Lanka.",1271,0.01888276947285602,44,1.3217558399823195,0.024958410825787307,0.020540772109622952
Kosgoda Sea Turtle Conservation Project,Entrance fee,14,2,29,45,neutral,0.832,The entrance fee is very small and the talk by the guy who showed us round was extremely informative.,1271,0.03540519276160504,87,0.6400373552459969,0.0226606459371124,0.018853657419677518
Kosgoda Sea Turtle Conservation Project,Guided tours,6,0,11,17,neutral,0.808,Our tour guide gave us a very informative tour around the hatchery and spoke very decent English.,1271,0.013375295043273014,36,1.5224265354444706,0.020362904093277734,0.01645322650736841
Kosgoda Sea Turtle Conservation Project,Safety,13,10,4,27,positive,0.822,Black turtles and grey turtles.Dangerous turtles which will bite your fingers off your hands.,1271,0.021243115656963022,86,0.651598177647073,0.013841975449623107,0.011378103819590193
Kosgoda Sea Turtle Conservation Project,Value for money,19,17,0,36,positive,0.837,It was good value for money when you keep in mind that they don't have much sponsoring.Very nice for children too!,1271,0.02832415420928403,112,0.38744660260548613,0.010974097320060976,0.009185319456891036
Kosgoda Sea Turtle Conservation Project,Souvenir stalls,4,3,3,10,positive,0.802,Quite interactive and no hard sell to buy souvenirs or to donate,1271,0.007867820613690008,49,1.214125175789954,0.009552519085680205,0.007661120306715525
Kosgoda Sea Turtle Conservation Project,Cleanliness,13,15,0,28,negative,0.866,"It's worth a quick peep but I wouldn't plan anything longer than an hour.+ Great conservation work obvious to see+ Knowledgeable staff+ holding turtles!- short- a bit run down, rusty corrugated roof at head height and water well with rubbish floating in it",1271,0.022029897718332022,117,0.34377153910282454,0.007573251844908802,0.006558436097691023
Kosgoda Sea Turtle Conservation Project,Accommodation,8,0,9,17,neutral,0.78,A really good stop on the way from Weligama to Colombo was the turtle resort and conservation project.,1271,0.013375295043273014,90,0.6061358035703155,0.008107245209044347,0.006323651263054591
Kosgoda Sea Turtle Conservation Project,Public transport access,3,1,12,16,neutral,0.763,"My friend and I took the bus from galle to this place, well worth it.",1271,0.012588512981904013,90,0.6061358035703155,0.007630348432041737,0.005821955853647845
Kosgoda Sea Turtle Conservation Project,Birds,2,1,2,5,positive,0.776,"sand pits to replicate the environment in which female turtles lay their eggs and the whole area is netted to prevent predation by birds and fenced to stop attack by animals.When hatchlings emerge from the sand, they are collected and put into tanks in date order, so they can be released into the Indian Ocean after three",1271,0.003933910306845004,40,1.4170660197866443,0.005574610620718506,0.0043258978416775605
Kosgoda Sea Turtle Conservation Project,Trail,1,0,4,5,neutral,0.76,"Greeted by a guy in a sweaty singlet and track pants, first impressions arn't great.",1271,0.003933910306845004,39,1.4423838277709342,0.005674208606494627,0.004312398540935917
Kosgoda Sea Turtle Conservation Project,Crowdedness,0,8,1,9,negative,0.842,A standout highlight of a trip packed with highlights!It sounds like hatcheries only do releases once a week or so.,1271,0.007081038552321007,122,0.3019244291673241,0.002137938522821335,0.001800144236215564
Kumana National Park,Leopards,16,4,42,62,neutral,0.766,"In May, I saw 4 leopards at once, so it's well worth the trip.Make sure to ask for a good guide from the Park office if you are travelling with your family, it's always better to talk to him and ask few basic",388,0.15979381443298968,13,2.540996116439044,0.406035461905208,0.3110231638193893
Kumana National Park,Birds,35,3,41,79,neutral,0.763,The park had many animals and birds as it was just after the rains the tracks were really muddy and our safari vehicle since it had no four wheel drive got bogged down twice but a great experience,388,0.2036082474226804,40,1.4170660197866443,0.288526328770992,0.2201455888522669
Kumana National Park,Elephants,13,3,41,57,neutral,0.761,"Since this park was opened recently, not much animals are comfortable seeing humans :) we were chased by an elephant & it made our visit even more exciting.",388,0.14690721649484537,33,1.6094379124341003,0.23643804383696834,0.1799293513599329
Kumana National Park,Wildlife,34,4,26,64,positive,0.789,The park had many animals and birds as it was just after the rains the tracks were really muddy and our safari vehicle since it had no four wheel drive got bogged down twice but a great experience,388,0.16494845360824742,54,1.1169614273363062,0.1842410601791845,0.14536619648137658
Kumana National Park,Forest,6,0,9,15,neutral,0.777,"4 varieties of eagles, 2 varieties of owls, shama, painted stork, barber, green bee eaters, peacocks, jungle fowls, doves, parrots, pelicans, wild quail, kingfishers, woodpeckers, weevers, darts, & plenty of common birds were all seen.The best part of the trip was the camping by the river handled",388,0.03865979381443299,51,1.1741198411762548,0.04539123097330882,0.035268986466260956
Kumana National Park,River,4,1,3,8,positive,0.792,Yet the camping sites amply provide for the lack of water sports and animals and birds gathering by the river during the night and morning are sure to keep campers awake.,388,0.020618556701030927,33,1.6094379124341003,0.033184286854311344,0.026281955188614585
Kumana National Park,Food quality,5,0,0,5,positive,0.752,"I wold like all of my trip with them,and also always arrange my food in side the kumana national park,also had good way back to monty hotel.",388,0.01288659793814433,16,2.3333567516607996,0.03006903030490721,0.022611910789290222
Kumana National Park,Trail,1,2,3,6,neutral,0.783,The park had many animals and birds as it was just after the rains the tracks were really muddy and our safari vehicle since it had no four wheel drive got bogged down twice but a great experience,388,0.015463917525773196,39,1.4423838277709342,0.022304904553158776,0.017464740265123322
Kumana National Park,Beach,3,1,4,8,neutral,0.78,(PM me for more details)Kirigalla Bay is one of the hidden beaches of the country where it stretches for more than a couple of miles of pristine clear beaches.,388,0.020618556701030927,64,0.9470623905409088,0.019527059598781624,0.015231106487049667
Kumana National Park,Crowdedness,6,11,0,17,negative,0.849,Least crowded wild life park in Sri Lanka,388,0.04381443298969072,122,0.3019244291673241,0.013228647669702344,0.01123112187157729
Kumana National Park,Scenic view,10,0,9,19,positive,0.794,"plenty of elephants, birds, and reptiles to see & this park has some breathtaking meadows & landscapes.",388,0.04896907216494845,128,0.25391520998096345,0.01243399224133584,0.009872589839620657
Kumana National Park,Entrance fee,1,0,5,6,neutral,0.817,From Panama to park entrance is about 45 min as the roads are bumpy and unsealed.After paying entrance fee we were joined by a tracker - Chanaka who had a good knowledge and an eagle eye to look for animals.,388,0.015463917525773196,87,0.6400373552459969,0.009897484874938097,0.008086245142824425
Kumana National Park,Accommodation,3,0,3,6,positive,0.797,"I wold like all of my trip with them,and also always arrange my food in side the kumana national park,also had good way back to monty hotel.",388,0.015463917525773196,90,0.6061358035703155,0.009373234075829621,0.0074704675584362085
Kumana National Park,Family friendliness,2,0,4,6,neutral,0.753,"leopards at once, so it's well worth the trip.Make sure to ask for a good guide from the Park office if you are travelling with your family, it's always better to talk to him and ask few basic questions about the park just to get an idea to assess him.Nearest hotels would be in Arugam bay about 40km from the park, so if you",388,0.015463917525773196,89,0.6173091041684409,0.009546017074769705,0.007188150857301587
Kumana National Park,Service quality,3,0,2,5,positive,0.784,Really friendly staff who will attend to your needs and safety.,388,0.01288659793814433,88,0.6286086594223741,0.008100627054412037,0.006350891610659037
Kumana National Park,Peacefulness,12,0,0,12,positive,0.797,Nice and calm place...,388,0.030927835051546393,129,0.24613306953890854,0.007612362975430161,0.006067053291417839
Kumana National Park,Value for money,5,2,0,7,positive,0.846,The naturally formed pool provides a rare crocodile free bathing spot to the campers.,388,0.01804123711340206,112,0.38744660260548613,0.006990016026387636,0.00591355355832394
Kumana National Park,Cleanliness,1,5,0,6,negative,0.86,Clean place with real SriLankan authentic food.,388,0.015463917525773196,117,0.34377153910282454,0.0053160547283941945,0.004571807066419007
Laxapana Falls,Waterfall,14,1,3,18,positive,0.803,It's disappointing that difficult to take bath from this Waterfalls add it's risky,42,0.42857142857142855,24,1.927891643552635,0.8262392758082721,0.6634701384740425
Laxapana Falls,Stairs,6,1,2,9,positive,0.804,There are well maintained steps to go to the foot of the falls; it's an adventurous but a safe journey.,42,0.21428571428571427,47,1.255797872190522,0.26909954404082614,0.21635603340882423
Laxapana Falls,Safety,3,2,0,5,positive,0.8,It's disappointing that difficult to take bath from this Waterfalls add it's risky,42,0.11904761904761904,86,0.651598177647073,0.07757121162465154,0.06205696929972124
Laxapana Falls,Scenic view,6,0,4,10,positive,0.764,"The Laxapana Falls are beautiful, but the overlook to view them is sadly far away.",42,0.23809523809523808,128,0.25391520998096345,0.06045600237641987,0.04618838581558478
Lipton’s Seat,Tea plantation,117,4,72,193,positive,0.834,"I wish i could have done at least few km walking, because the area is pinturesque, full of nice tea plantations.",1353,0.1426459719142646,16,2.3333567516607996,0.33284394166336606,0.2775918473472473
Lipton’s Seat,Public transport access,83,11,152,246,neutral,0.789,"One of my favourite trips in Sri Lanka!Due to my leg injury I was forced to take the tuk tuk here, but it was still nice experience.",1353,0.18181818181818182,90,0.6061358035703155,0.11020650974005737,0.08695293618490527
Lipton’s Seat,Sunrise view,36,1,24,61,positive,0.835,"It was still dark by the time we started, but the sunrise on our way to the summit was very nice.",1353,0.0450849963045085,21,2.0614230361771577,0.09293924996807584,0.07760427372334333
Lipton’s Seat,Viewpoint,42,1,19,62,positive,0.824,Amazing Viewing Point,1353,0.04582409460458241,29,1.7386496439141066,0.07967204576694353,0.06564976571196147
Lipton’s Seat,Scenic view,336,7,72,415,positive,0.805,"Spectacular views, very quiet",1353,0.30672579453067256,128,0.25391520998096345,0.07788234452483357,0.06269528734249102
Lipton’s Seat,Food quality,29,3,5,37,positive,0.752,"Thoroughly worthwhile and enjoyable but best of all was the tea shop at the top - great, freshly made food and tea, lovely enterprising owner so sorry I don't know the name but it is the only outlet there and still striving so hard to provide lovely refreshments.",1353,0.027346637102734665,16,2.3333567516607996,0.06380946031888365,0.04798471415980051
Lipton’s Seat,Weather condition,24,38,16,78,negative,0.777,But the trip up is definitly worth the view and the hot tea and eats that you can have at the small boutique at the top.,1353,0.057649667405764965,82,0.6992262266363275,0.040310159406972315,0.03132099385921749
Lipton’s Seat,Trail,10,2,17,29,neutral,0.754,Am not sure how practical that is but our guide said that there is a really high chance of leeches sticking to you if you take that path.,1353,0.021433850702143386,39,1.4423838277709342,0.030915839619628304,0.02331054307319974
Lipton’s Seat,Toilets,1,3,17,21,neutral,0.751,Down side is the lack of any toilet facility .,1353,0.015521064301552107,37,1.4950275612563562,0.023204418910852537,0.017426518602050255
Lipton’s Seat,Sculptures,7,0,18,25,neutral,0.765,At the top there is a fine statue of Mr Lipton himself and a small cafe where we sat and enjoyed the views.,1353,0.018477457501847747,55,1.0986122886681098,0.02029956187487269,0.015529164834277607
Lipton’s Seat,Restaurants,10,0,6,16,positive,0.787,Wonderful small restaurant!,1353,0.011825572801182557,49,1.214125175789954,0.014357725656052672,0.011299530091313454
Lipton’s Seat,Entrance fee,6,2,18,26,neutral,0.794,I therefore recommend to spend the night before in or near Haputale and get a tuk tuk aiming to reach Lipton's Seat for no later than 7am.Entrance fee is 50rs.,1353,0.019216555801921657,87,0.6400373552459969,0.012299313552399055,0.00976565496060485
Lipton’s Seat,Accommodation,6,0,19,25,neutral,0.762,"train to Ella.(If you want to get a coffee and eat a cake in a clean place we recommend ""Glaze Pastry & Bakery"" at the Olympus Plaza Hotel.",1353,0.018477457501847747,90,0.6061358035703155,0.011199848550818839,0.008534284595723956
Lipton’s Seat,Value for money,21,13,0,34,positive,0.848,"Also really easy and cheap to travel to via bus, although as always the local may deceive you about the public transport in order for you to pay far more in their mode of transportation.",1353,0.025129342202512936,112,0.38744660260548613,0.0097362782620743,0.008256363966239006
Lipton’s Seat,Service quality,6,2,7,15,neutral,0.777,"We haven't ordered anything, the staff just told us to take a seat, and he gave us 2 hot tea and 3-4 roti.",1353,0.011086474501108648,88,0.6286086594223741,0.0069690538738622415,0.005414954859990962
Lipton’s Seat,Safety,6,5,2,13,positive,0.815,"There is also a small hut at the top where a local boy brews an excellent tea and some local pancakes; do not be put off by the basic facilities, the tea is great and perfectly safe!",1353,0.009608277900960829,86,0.651598177647073,0.006260736370592719,0.005102500142033066
Lipton’s Seat,Stairs,2,0,4,6,neutral,0.773,"field after field of tea bushes, past pluckers and farmers and schools You can take the road or cut through the fields using the stairs (use google maps just to make sure) or follow the steady stream of tourists.We went in the afternoon because we were coming from Ella and although at times it was cloudy and drizzly it",1353,0.004434589800443459,47,1.255797872190522,0.005568948435434688,0.004304797140591014
Lipton’s Seat,Parking,1,0,4,5,neutral,0.76,I suspect the views would be better in morning as was a little hazy in the afternoon.If you drive the roads are tight with limited parking and a good 3 point turn at the top to get back.,1353,0.003695491500369549,54,1.1169614273363062,0.00412772146096196,0.003137068310331089
Lipton’s Seat,Peacefulness,21,0,0,21,positive,0.811,"Spectacular views, very quiet",1353,0.015521064301552107,129,0.24613306953890854,0.0038202471990517956,0.0030982204784310062
Lipton’s Seat,Beach,4,0,1,5,positive,0.82,At the peak you could watch most of the country as far as the coast line if the sky is clear and the weather is good.,1353,0.003695491500369549,64,0.9470623905409088,0.003499861014563595,0.0028698860319421476
Lipton’s Seat,Crowdedness,1,12,0,13,negative,0.855,Get's crowded during seasons.,1353,0.009608277900960829,122,0.3019244291673241,0.002900973820528613,0.0024803326165519645
Lipton’s Seat,Cleanliness,3,4,0,7,negative,0.863,"mountain with the tuk tuk towards Haputale and at 12 o´clock we took the train to Ella.(If you want to get a coffee and eat a cake in a clean place we recommend ""Glaze Pastry & Bakery"" at the Olympus Plaza Hotel.",1353,0.005173688100517369,117,0.34377153910282454,0.0017785667211528246,0.0015349030803548877
Little Adam's Peak View Point,Stairs,70,34,86,190,neutral,0.779,A lot of steep steps and some rough patches to negotiate.,1760,0.10795454545454546,47,1.255797872190522,0.13556908847511318,0.10560831992211317
Little Adam's Peak View Point,Trail,78,14,49,141,positive,0.752,Short hiking trail with great view,1760,0.08011363636363636,39,1.4423838277709342,0.11555461347483052,0.08689706933307255
Little Adam's Peak View Point,Tea plantation,43,7,28,78,positive,0.832,The trail itself is quite easy walking between tea fields.,1760,0.04431818181818182,16,2.3333567516607996,0.10341012876678544,0.08603722713396549
Little Adam's Peak View Point,Sunrise view,56,3,28,87,positive,0.835,The views at sunrise were beautiful and was pleased to be joined by a pack of friendly dogs.,1760,0.04943181818181818,21,2.0614230361771577,0.10189988872012086,0.08508640708130091
Little Adam's Peak View Point,Scenic view,522,10,59,591,positive,0.825,Views from the top well worth the effort.,1760,0.33579545454545456,128,0.25391520998096345,0.08526357335156216,0.07034244801503878
Little Adam's Peak View Point,Signage,20,6,12,38,positive,0.771,The path is clearly marked and it was very easy to follow it right to the top.,1760,0.02159090909090909,16,2.3333567516607996,0.050379293501767265,0.03884243528986256
Little Adam's Peak View Point,Sunset view,33,1,17,51,positive,0.833,We went up to Adams peak just after sunset and it was well worth the walk it was relatively easy not too strenuous.,1760,0.028977272727272727,44,1.3217558399823195,0.03830087945403312,0.031904632585209584
Little Adam's Peak View Point,Bridge,14,0,20,34,neutral,0.769,"We did Nine Arch Bridge first then Little Adam's Peak.There are stairs first to go up the peak, I thought ohh stairs that's easy, but no.",1760,0.019318181818181818,20,2.1102132003465894,0.04076548227942275,0.031348655872876094
Little Adam's Peak View Point,Weather condition,21,67,4,92,negative,0.773,Take water and be prepared for a hot climb if leaving later rather that earlier,1760,0.05227272727272727,82,0.6992262266363275,0.03655046184689893,0.028253507007652875
Little Adam's Peak View Point,Viewpoint,17,1,12,30,positive,0.808,At the top there are 3 view points and they are really good.,1760,0.017045454545454544,29,1.7386496439141066,0.029636073475808634,0.023945947368453378
Little Adam's Peak View Point,Accommodation,20,4,32,56,neutral,0.774,"At first I thought this ""hike"" might be a bit of a let down because to get there you don't walk through bush or beautiful scenery, but rather you walk a paved road to a resort/ hotel and you walk through that to get to the hills.Once we got onto the hills I really enjoyed little Adam's peak.",1760,0.031818181818181815,90,0.6061358035703155,0.019286139204510035,0.014927471744290767
Little Adam's Peak View Point,Public transport access,13,8,30,51,neutral,0.802,Easy to walk to from town you don’t have to get a tuk tuk if you don’t want to.,1760,0.028977272727272727,90,0.6061358035703155,0.017564162489821643,0.014086458316836959
Little Adam's Peak View Point,Waterfall,7,0,7,14,positive,0.779,You can walk along the ridge a little way to get a nice view of a waterfall on the other side of the valley.,1760,0.007954545454545454,24,1.927891643552635,0.015335501710077777,0.011946355832150589
Little Adam's Peak View Point,Buddha statue,11,0,7,18,positive,0.797,Nice Buddha statues at the top.,1760,0.010227272727272727,47,1.255797872190522,0.012843387329221249,0.010236179701389335
Little Adam's Peak View Point,Accessibility,13,0,0,13,positive,0.846,Little Adam's peak is quite accessible - only about 45 minutes from the road to the top.Some parts of the walk are a little challenging if you go to the far peak but no problem for anyone reasonably mobile and with good footwear.The view is a fantastic panoramic vista of the valleys and surrounding hills.,1760,0.007386363636363636,36,1.5224265354444706,0.011245196000442112,0.009513435816374026
Little Adam's Peak View Point,Crowdedness,4,53,3,60,negative,0.829,The only negative is what you'd expect for an attraction this easy to reach - it can get crowded at the top!,1760,0.03409090909090909,122,0.3019244291673241,0.010292878267067866,0.00853279608339926
Little Adam's Peak View Point,Local guide,9,1,9,19,positive,0.763,The reviews and guide book made it sound relatively easy but it can be tough going in the heat.,1760,0.010795454545454546,66,0.9162907318741551,0.00989177494636872,0.0075474242840793335
Little Adam's Peak View Point,Ticket price,10,3,18,31,neutral,0.757,Don’t be afraid to pay the tea pickers 50-100 LKR to take some stunning photos along the way!,1760,0.017613636363636363,94,0.5626506916305767,0.009910324682129474,0.007502115784372012
Little Adam's Peak View Point,Restaurants,2,2,6,10,neutral,0.776,Little Adam’s peak was very close by Ella town and closeby a few nice small restaurants.,1760,0.005681818181818182,49,1.214125175789954,0.0068984384988065575,0.005353188275073889
Little Adam's Peak View Point,Toilets,4,0,4,8,positive,0.785,(There are clean toilets at the top),1760,0.004545454545454545,37,1.4950275612563562,0.0067955798238925275,0.005334530161755635
Little Adam's Peak View Point,Sculptures,5,0,6,11,neutral,0.775,Nice Buddha statues at the top.,1760,0.00625,55,1.0986122886681098,0.006866326804175687,0.005321403273236157
Little Adam's Peak View Point,Value for money,20,7,0,27,positive,0.825,Lots of fun.Not too expensive too.,1760,0.01534090909090909,112,0.38744660260548613,0.005943783108152344,0.004903621064225683
Little Adam's Peak View Point,Souvenir stalls,2,2,5,9,neutral,0.767,"(In fact, a second sign more than 1/2 km in read 650 m further...)Regardless, it is more than worth it!There are local vendors along the path selling water, cold drinks, King coconut and other offerings.The Mega Zipline is accessible just before the summit climb.",1760,0.005113636363636364,49,1.214125175789954,0.006208594648925901,0.004761992095726166
Little Adam's Peak View Point,Hindu shrine,6,0,1,7,positive,0.809,I took a wrong turn and walked through a little village with an impressive Hindu temple.,1760,0.003977272727272727,39,1.4423838277709342,0.005736753860452579,0.004641033873106136
Little Adam's Peak View Point,Parking,1,0,7,8,neutral,0.758,"Little Adam’s peak is easy to get to from Ella (either by walking along the route towards the zip line, or parking by 98 Acres and cutting up through there).",1760,0.004545454545454545,54,1.1169614273363062,0.00507709739698321,0.0038484398269132735
Little Adam's Peak View Point,Cleanliness,11,10,0,21,positive,0.872,Very little rubbish along the way as well.,1760,0.011931818181818182,117,0.34377153910282454,0.0041018195006587025,0.0035767866045743886
Little Adam's Peak View Point,Birds,4,0,1,5,positive,0.78,We actually saw some interesting birds on this walk despite the number of people,1760,0.002840909090909091,40,1.4170660197866443,0.004025755738030239,0.0031400894756635866
Little Adam's Peak View Point,Safety,8,2,0,10,positive,0.82,"Have fun, and stay safe!",1760,0.005681818181818182,86,0.651598177647073,0.0037022623729947328,0.003035855145855681
Little Adam's Peak View Point,Peacefulness,25,1,0,26,positive,0.818,"The air is fresh, the environment calm and peaceful and the scenery beautiful.",1760,0.014772727272727272,129,0.24613306953890854,0.0036360567090975124,0.002974294388041765
Little Adam's Peak View Point,Service quality,8,1,0,9,positive,0.813,"The garden cafe at the bottom does great cappuccino and banana milk shakes, but the service is slow.",1760,0.005113636363636364,88,0.6286086594223741,0.0032144760993189584,0.002613369068746313
Little Adam's Peak View Point,Entrance fee,3,0,5,8,neutral,0.838,"Easy walk, nice views, no entry fee.",1760,0.004545454545454545,87,0.6400373552459969,0.002909260705663622,0.002437960471346115
Little Adam's Peak View Point,Temple,2,0,5,7,neutral,0.763,I took a wrong turn and walked through a little village with an impressive Hindu temple.,1760,0.003977272727272727,76,0.7752121336142496,0.003083230076874856,0.002352504548655515
Lover's Leap Falls,Waterfall,174,20,73,267,positive,0.8,"The views through the plantations are beautiful, and the falls are beautiful.",906,0.2947019867549669,24,1.927891643552635,0.56815349760326,0.454522798082608
Lover's Leap Falls,Tea plantation,67,8,40,115,positive,0.83,nice walk along the tea plantation.,906,0.12693156732891833,16,2.3333567516607996,0.296176629625819,0.24582660258942973
Lover's Leap Falls,Rock formation,13,4,15,32,neutral,0.753,We opted for the more difficult route of climbing up the rocks to get to the base of the fall- but you can walk another way which is a gravelly path.,906,0.03532008830022075,20,2.1102132003465894,0.07453291656853296,0.05612328617610532
Lover's Leap Falls,Public transport access,29,11,57,97,neutral,0.796,it's just 30 rupees by bus from down town Nuwera Eliya so it was good.,906,0.10706401766004416,90,0.6061358035703155,0.06489533437783732,0.051656686164758506
Lover's Leap Falls,Scenic view,138,4,38,180,positive,0.8,Stop for photos; enjoy the views; water falling sound is great.,906,0.1986754966887417,128,0.25391520998096345,0.05044673045979406,0.04035738436783525
Lover's Leap Falls,Weather condition,12,34,4,50,negative,0.779,i also wouldn't suggest a swim as its cold.the best time to go is in the morning as the view is clear and the weather will be on your side.,906,0.05518763796909492,82,0.6992262266363275,0.038588643854101955,0.030060553562345424
Lover's Leap Falls,Parking,1,5,8,14,neutral,0.783,"Take a road trip from nearby Nuwara Eliya to see these beautiful falls, easily visible from some dedicated parking bays.",906,0.01545253863134658,54,1.1169614273363062,0.017259889605638287,0.013514493561214778
Lover's Leap Falls,Family friendliness,13,3,9,25,positive,0.754,"It doesn't take a lot of hiking to get there, it is easy to do with small children.",906,0.02759381898454746,89,0.6173091041684409,0.01703391567793711,0.01284357242116458
Lover's Leap Falls,Forest,3,0,9,12,neutral,0.762,There is a short 5-7 min hike over natural forest terrain before you reach the viewing point with breathtaking views of the water falls.,906,0.013245033112582781,51,1.1741198411762548,0.015551256174519931,0.011850057204984188
Lover's Leap Falls,Viewpoint,2,1,2,5,positive,0.808,Realy wonderful place.it nice view point.and we can see the nuwaraeliya city and ambewela farm aria.and moon plaines side and Gregory lake.and nice birds(srilankan white.,906,0.005518763796909493,29,1.7386496439141066,0.009595196710342752,0.007752918941956944
Lover's Leap Falls,Safety,5,8,0,13,negative,0.828,"The scramble to the top is safe, but requires your hands to make it up, and takes probably another 20 mins.The 3 mile walk back into town is not bad either, you get a nice glimpse into local life, and pretty much everyone",906,0.01434878587196468,86,0.651598177647073,0.009349642725620253,0.00774150417681357
Lover's Leap Falls,Accessibility,5,0,0,5,positive,0.856,Easily accessible through the streets with beautiful views of the tea plantations and local life.,906,0.005518763796909493,36,1.5224265354444706,0.008401912447265292,0.00719203705485909
Lover's Leap Falls,Hindu shrine,1,1,3,5,neutral,0.772,the views are amazing.also you can go to the Hindu temple in the town just down the road from the fall.,906,0.005518763796909493,39,1.4423838277709342,0.007960175649949969,0.006145255601761376
Lover's Leap Falls,Peacefulness,25,0,0,25,positive,0.811,the waterfall is nice and peaceful with nice views.,906,0.02759381898454746,129,0.24613306953890854,0.0067917513669676745,0.005508110358610784
Lover's Leap Falls,Accommodation,5,1,4,10,positive,0.796,"A really beautiful place to visit, there's a hotel at the top the drivers take all visitors to as a stop.",906,0.011037527593818985,90,0.6061358035703155,0.006690240657509001,0.0053254315633771655
Lover's Leap Falls,Value for money,14,1,0,15,positive,0.821,Free and Cheap- doable on your own,906,0.016556291390728478,112,0.38744660260548613,0.006414678851084208,0.005266451336740135
Lover's Leap Falls,Entrance fee,2,0,6,8,neutral,0.795,"There's no entry fee, making it an affordable adventure.",906,0.008830022075055188,87,0.6400373552459969,0.005651543975682092,0.0044929774606672634
Lover's Leap Falls,Crowdedness,3,11,0,14,negative,0.829,not too crowded.,906,0.01545253863134658,122,0.3019244291673241,0.00466549890545534,0.0038676985926224764
Lover's Leap Falls,Temple,3,1,1,5,positive,0.812,"Cars, vans could go up I've seen even tuk tuks, small climb about 150 meters towards the waterfall passing through a local temple, best when it's the rainy season if not the fall is not at it's best as the feeder water source is not great when it's dry.",906,0.005518763796909493,76,0.7752121336142496,0.004278212657915285,0.0034739086782272113
Lover's Leap Falls,Cleanliness,5,4,0,9,positive,0.871,"The ground was a little muddy since it rained so much in the past days, so dont be afraid to get dirty shoes during rainy days.",906,0.009933774834437087,117,0.34377153910282454,0.003414949063935343,0.0029744206346876837
Lunugamvehera National Park,Leopards,8,2,19,29,neutral,0.768,Afternoon visits are recommended since there is a chance of seeing a leopard.,158,0.18354430379746836,13,2.540996116439044,0.4663853631438752,0.35818395889449617
Lunugamvehera National Park,Birds,10,0,19,29,neutral,0.758,"We could see, Elephants,Lepored , Shamber, Spoted Deer, crocodile, and more birds.this is beautiful park, no more jeeps, We used yala eco safari jeep.",158,0.18354430379746836,40,1.4170660197866443,0.26009439603678913,0.19715155219588618
Lunugamvehera National Park,Elephants,2,1,20,23,neutral,0.751,"We could see, Elephants,Lepored , Shamber, Spoted Deer, crocodile, and more birds.this is beautiful park, no more jeeps, We used yala eco safari jeep.",158,0.14556962025316456,33,1.6094379124341003,0.23428526573407787,0.1759482345662925
Lunugamvehera National Park,Lake,3,0,5,8,neutral,0.763,"We saw lots of elephants, deer, rabbits, crocodiles, beautiful birds and reservoir has a beautiful scenery.We entered through the newly opened gate from lunugamvehera reservoir side so animals are not very familiar with vehicles so fan away as we reach .Very friendly staff .",158,0.05063291139240506,2,4.412798293340635,0.22343282497927264,0.17047924545918502
Lunugamvehera National Park,Wildlife,11,2,9,22,positive,0.788,"We saw lots of elephants, deer, rabbits, crocodiles, beautiful birds and reservoir has a beautiful scenery.We entered through the newly opened gate from lunugamvehera reservoir side so animals are not very familiar with vehicles so fan away as we reach .Very friendly staff .",158,0.13924050632911392,54,1.1169614273363062,0.15552627469239705,0.12255470445760888
Lunugamvehera National Park,Forest,3,0,5,8,neutral,0.773,It is actually great experience to cross this jungle with your own vehicle.,158,0.05063291139240506,51,1.1741198411762548,0.059449105882342014,0.045954158847050376
Lunugamvehera National Park,Local guide,3,0,4,7,neutral,0.754,"Overall it was a good safari , many thanks to our wonderful guide Sri Sanjeevan and our driver Rohan.",158,0.04430379746835443,66,0.9162907318741551,0.04059515900708282,0.030608749891340447
Lunugamvehera National Park,Crowdedness,3,8,1,12,negative,0.838,I know lot of people are interested in going to Yala and the place is some what crowded.,158,0.0759493670886076,122,0.3019244291673241,0.0229309693038474,0.01921615227662412
Lunugamvehera National Park,Scenic view,8,0,4,12,positive,0.797,This area has a lovely view of greenery compared to Yala.,158,0.0759493670886076,128,0.25391520998096345,0.019284699492225072,0.015369905495303383
Lunugamvehera National Park,Peacefulness,8,0,0,8,positive,0.825,"But in the lesser known Lunugamvehera, which we entered opposite Block 3 entrance to Yala, it was tranquil and peaceful as not many people use it.",158,0.05063291139240506,129,0.24613306953890854,0.01246243390070423,0.010281507968080989
Madu River Safari by Buddhi,River,154,9,138,301,positive,0.784,Best part of being in Bentota is Modu River Safari.,1424,0.21137640449438203,33,1.6094379124341003,0.34019719918726415,0.2667146041628151
Madu River Safari by Buddhi,Birds,49,5,86,140,neutral,0.762,"Tour was great, we saw a lot of birds (heron, cormorant, kingfisher...), lizard and the lagoon itself is very very nice.",1424,0.09831460674157304,40,1.4170660197866443,0.1393182884621701,0.10616053580817361
Madu River Safari by Buddhi,Temple,61,7,94,162,neutral,0.772,Another island we visited was having an ancient Buddhist temple which was tranquil and peaceful.,1424,0.11376404494382023,76,0.7752121336142496,0.08819126800948626,0.0680836589033234
Madu River Safari by Buddhi,Wildlife,35,6,53,94,neutral,0.774,"Look out for the special plants and animals that live in these peaceful backwaters, from diving Little Cormorants to jumping Mud Skippers, and enjoy the beauty of these rare forests and waterways.",1424,0.06601123595505617,54,1.1169614273363062,0.07373200433259323,0.05706857135342717
Madu River Safari by Buddhi,Ticket price,52,14,63,129,neutral,0.764,Great trip for only 2000 rupees per person...be prepared to spend another 1000 on tips throughout ride..I recall there being about 5 stops where a tip is required :),1424,0.09058988764044944,94,0.5626506916305767,0.050970462935635105,0.038941433682825224
Madu River Safari by Buddhi,Local guide,38,3,33,74,positive,0.766,Our guide (supplied by the boat company) was friendly and knowledgeable.,1424,0.05196629213483146,66,0.9162907318741551,0.04761623185301087,0.036474033599406326
Madu River Safari by Buddhi,Bridge,5,2,19,26,neutral,0.758,The ride is really exciting going through mangroves and crossing low bridges where one has to bend down to avoid getting hurt by hitting the bridges.,1424,0.018258426966292134,20,2.1102132003465894,0.0385291736018338,0.02920511359019002
Madu River Safari by Buddhi,Lagoon,6,0,6,12,positive,0.777,"Tour was great, we saw a lot of birds (heron, cormorant, kingfisher...), lizard and the lagoon itself is very very nice.",1424,0.008426966292134831,11,2.70805020110221,0.022820647762097274,0.017731643311149584
Madu River Safari by Buddhi,Family friendliness,22,4,25,51,neutral,0.756,"set your expectations low and you'll be happy, and its a good way to kill a few hours if you have kids, but its really not worth $20.",1424,0.03581460674157303,89,0.6173091041684409,0.022108682803785452,0.0167141641996618
Madu River Safari by Buddhi,Value for money,15,55,0,70,negative,0.869,Quite expensive,1424,0.04915730337078652,112,0.38744660260548613,0.01904583018425845,0.016550826430120593
Madu River Safari by Buddhi,Buddha statue,10,0,10,20,positive,0.786,We are happy to see the islands situated on the Madu river and I would recommend visiting the Buddha temple.,1424,0.014044943820224719,47,1.255797872190522,0.017637610564473626,0.01386316190367627
Madu River Safari by Buddhi,Weather condition,10,24,0,34,negative,0.755,"Must Carry: Camera, Bottle of water (if it's very sunny) and HatTime: 60-90 minsIt had been really a joy ride for a group of 20 pax.",1424,0.023876404494382022,82,0.6992262266363275,0.016695008220249392,0.012604731206288291
Madu River Safari by Buddhi,Guided tours,6,2,6,14,positive,0.826,"The tour guide was rubbish, but get somehow got his point across.Got to visit cinnamon island, temple island, foot massage island, and a mangrove swampsaw lots of wildlife, and got to see a tropical tyre floating also",1424,0.009831460674157303,36,1.5224265354444706,0.014967676612515862,0.012363300881938101
Madu River Safari by Buddhi,Forest,8,0,11,19,neutral,0.776,A wonderful sunset boat tour of this pristine mangrove forest!,1424,0.013342696629213483,51,1.1741198411762548,0.015665924847155083,0.012156757681392344
Madu River Safari by Buddhi,Hindu shrine,5,1,9,15,neutral,0.775,you may get down to buy spices/fish foot massage/but we did not.small old hindu temple in the river .nice view through bushes/worth it if you like boat rides.,1424,0.010533707865168539,39,1.4423838277709342,0.015193649871182593,0.01177507865016651
Madu River Safari by Buddhi,Beach,10,2,7,19,positive,0.786,"And the short break for fresh fruits and coconut juice was very refreshing.We also had an extension to walk around and shop in the local town, Aluthgama.Would definitely recommend this trip as a lovely half days break from the beach and lazing on the sun loungers!",1424,0.013342696629213483,64,0.9470623905409088,0.012636366165925048,0.009932183806417088
Madu River Safari by Buddhi,Noise level,0,10,0,10,negative,0.804,"fish Eagles and a kingfisher.Theses animals were interesting but not that special as I am sure that the noise (and pollution) from the boats frightened a lot of the more interesting animals away.The whole boat trip took 1½ hours,",1424,0.007022471910112359,32,1.640209571100854,0.011518325639753187,0.009260733814361563
Madu River Safari by Buddhi,Market,1,0,6,7,neutral,0.754,"Beautiful to see locals living their everyday lives, including fishing and taking goods to market on the natural waterways.",1424,0.0049157303370786515,16,2.3333567516607996,0.01147015257136629,0.008648495038810183
Madu River Safari by Buddhi,Accommodation,11,2,11,24,positive,0.783,I enjoyed every minute of my 17 day stay in the Christian Mountain Villa.,1424,0.016853932584269662,90,0.6061358035703155,0.010215771970286216,0.007998949452734107
Madu River Safari by Buddhi,Scenic view,37,1,16,54,positive,0.801,"mangroves, beautiful views of the surrounding area, a Buddhist monastery and a visit to the plantation for the production of cinnamon",1424,0.037921348314606744,128,0.25391520998096345,0.009628807120064626,0.0077126745031717665
Madu River Safari by Buddhi,Service quality,16,1,4,21,positive,0.808,Jealous Boat Service - wonderful guided experience,1424,0.014747191011235955,88,0.6286086594223741,0.00927021197181872,0.007490331273229526
Madu River Safari by Buddhi,Souvenir stalls,2,0,8,10,neutral,0.756,"Talked to vendors who were selling their stuff in the middle of the river on a wooden platform.Overall, a good experience.",1424,0.007022471910112359,49,1.214125175789954,0.008526159942345183,0.006445776916412958
Madu River Safari by Buddhi,Restaurants,3,1,5,9,neutral,0.771,"We went on a ride with Captains Deck.The boat tour was for 2 hours including Fish Spa.It was a great ride covered around the islands , they gave the option to go to some islands .Friendly guide.There was a goid restaurant next to river bank with quality food at reasonble rate.",1424,0.006320224719101123,49,1.214125175789954,0.007673543948110664,0.005916302383993322
Madu River Safari by Buddhi,Peacefulness,42,0,0,42,positive,0.801,"Look out for the special plants and animals that live in these peaceful backwaters, from diving Little Cormorants to jumping Mud Skippers, and enjoy the beauty of these rare forests and waterways.",1424,0.02949438202247191,129,0.24613306953890854,0.007259542781344212,0.005814893767856715
Madu River Safari by Buddhi,Sunset view,6,0,1,7,positive,0.849,A wonderful sunset boat tour of this pristine mangrove forest!,1424,0.0049157303370786515,44,1.3217558399823195,0.0064973952808119635,0.005516288593409357
Madu River Safari by Buddhi,Safety,10,1,0,11,positive,0.789,The water is expansive and the boats well maintained with obvious safety of passengers being to the forefront.,1424,0.007724719101123595,86,0.651598177647073,0.00503341288912767,0.003971362769521732
Madu River Safari by Buddhi,Cleanliness,7,12,0,19,negative,0.865,The second best experience is the natural fish spa a nice 20-30mins of spa will make your feet clean.,1424,0.013342696629213483,117,0.34377153910282454,0.004586839356006788,0.003967616042945872
Madu River Safari by Buddhi,Sculptures,4,0,2,6,positive,0.787,There are a lovely long line of Buddha statues lining up which are still being built.,1424,0.004213483146067416,55,1.0986122886681098,0.004628984362365631,0.0036430106931817515
Madu River Safari by Buddhi,Public transport access,2,3,2,7,negative,0.817,Some boats were more like a bus with up to 16 people.The boat had a canopy which could be raised when the sun was especially hot and was lowered when we had to pass low bridges or when going through mangrove tunnels.We,1424,0.0049157303370786515,90,0.6061358035703155,0.002979600158000146,0.0024343333290861194
Madu River Safari by Buddhi,Crowdedness,0,12,0,12,negative,0.83,A boat ride in river madu is a nice way to end your busy day.,1424,0.008426966292134831,122,0.3019244291673241,0.002544306987365091,0.002111774799513025
Madu River Safari by Buddhi,Entrance fee,1,1,3,5,neutral,0.804,"Of course for a small fee u can take pictures with the cute little critter.My kids enjoyed it and by the looks of it so did a lot of other families we saw on the river.If you are lucky, you may even get to see a crocodile in its natural habitat.",1424,0.0035112359550561797,87,0.6400373552459969,0.0022473221743188093,0.0018068470281523228
Maduru Oya National Park,Elephants,6,2,16,24,neutral,0.767,The park is very famous for aggressive wild elephants and thousands of spotted deer.,59,0.4067796610169492,33,1.6094379124341003,0.6546866084477696,0.5021446286794393
Maduru Oya National Park,Wildlife,3,1,9,13,neutral,0.765,"So I would recommend it for families with small children to get a ""soft start"" into wildlife watching.",59,0.22033898305084745,54,1.1169614273363062,0.24611014500630476,0.18827426092982316
Maduru Oya National Park,Birds,2,0,6,8,neutral,0.75,Beautiful scenery and good for birds,59,0.13559322033898305,40,1.4170660197866443,0.19214454505581616,0.14410840879186212
Maduru Oya National Park,Scenic view,6,0,2,8,positive,0.822,But the landscapes are beautiful.,59,0.13559322033898305,128,0.25391520998096345,0.03442918101436793,0.028300786793810435
Maduru Oya National Park,Crowdedness,2,2,2,6,positive,0.827,The mueseum in the village is very informative and go on a weekday to enjoy with a lesser crowd.,59,0.1016949152542373,122,0.3019244291673241,0.030704179237354995,0.02539235622929258
Maha Saman Dewalaya,Temple,8,0,4,12,positive,0.79,The temple is in a huge land beautiful buildings and most important this which I saw was the 500 year old live growing rock tree inside the shrine which you must see.,33,0.36363636363636365,76,0.7752121336142496,0.2818953213142726,0.22269730383827535
Maha Saman Dewalaya,Hindu shrine,1,0,5,6,neutral,0.757,The temple is in a huge land beautiful buildings and most important this which I saw was the 500 year old live growing rock tree inside the shrine which you must see.,33,0.18181818181818182,39,1.4423838277709342,0.26225160504926076,0.1985244650222904
Maha Saman Dewalaya,Buddha statue,2,0,3,5,neutral,0.78,The ancient chronicals reveals that he was the leader of the Deva tribe in ancient Lanka and one of the great follower of Lord Buddha.,33,0.15151515151515152,47,1.255797872190522,0.19027240487735184,0.14841247580433445
Maha Saman Dewalaya,Peacefulness,10,0,0,10,positive,0.792,Very calm.,33,0.30303030303030304,129,0.24613306953890854,0.0745857786481541,0.05907193668933806
Maligawila Buddha Statue,Buddha statue,16,0,6,22,positive,0.842,"The free-standing limestone buddha statue is 11 meters (36ft) tall and is supposed to be the tallest free-standing statue of Buddha in the world, although some say that the Avukana Buddha Statue is also the tallest.",61,0.36065573770491804,47,1.255797872190522,0.45291070800313915,0.38135081613864313
Maligawila Buddha Statue,Sculptures,16,0,5,21,positive,0.812,"The free-standing limestone buddha statue is 11 meters (36ft) tall and is supposed to be the tallest free-standing statue of Buddha in the world, although some say that the Avukana Buddha Statue is also the tallest.",61,0.3442622950819672,55,1.0986122886681098,0.37821078790213614,0.3071071597765346
Maligawila Buddha Statue,Ancient ruins,5,0,2,7,positive,0.8,"About 100 meters away there is a statue of Avalokitesvara which is 10 meters tall, the stone pillar inscription and the ruins of the old buildings.Maligawila is a well worth visit.",61,0.11475409836065574,23,1.9704512579714308,0.2261173574721314,0.18089388597770514
Maligawila Buddha Statue,Value for money,11,0,0,11,positive,0.8,"The free-standing limestone buddha statue is 11 meters (36ft) tall and is supposed to be the tallest free-standing statue of Buddha in the world, although some say that the Avukana Buddha Statue is also the tallest.",61,0.18032786885245902,112,0.38744660260548613,0.0698674201419729,0.055893936113578326
Marble Beach,Beach,233,24,49,306,positive,0.815,Great little flat beach with beautifully clear water.,1164,0.26288659793814434,64,0.9470623905409088,0.24897000988446572,0.20291055805583955
Marble Beach,Sandy beach,26,1,13,40,positive,0.775,The shallow and crystal clear water gives a sense of confidence to the non-swimmer as he gazes down into the pure clean sand below.,1164,0.03436426116838488,15,2.3978952727983707,0.08240189940887872,0.06386147204188102
Marble Beach,Water clarity,21,0,0,21,positive,0.92,Great little flat beach with beautifully clear water.,1164,0.01804123711340206,13,2.540996116439044,0.045842713440910586,0.04217529636563774
Marble Beach,Water depth,11,2,10,23,positive,0.765,The shallow and crystal clear water gives a sense of confidence to the non-swimmer as he gazes down into the pure clean sand below.,1164,0.019759450171821305,13,2.540996116439044,0.050208686149568735,0.03840964490442008
Marble Beach,Waves,16,0,10,26,positive,0.778,"A nice hideaway, with sound of waves breaking....",1164,0.022336769759450172,20,2.1102132003465894,0.047135346399494266,0.03667129949880654
Marble Beach,Accommodation,40,9,36,85,positive,0.789,"I recommend staying at the Marble Beach Airforce Resort- the staff are great, it is run by the Airforce so it is very efficient.",1164,0.07302405498281787,90,0.6061358035703155,0.04426249424697321,0.034923107960861864
Marble Beach,Cleanliness,110,10,2,122,positive,0.88,"I wanted to see this place because every body talks about it, It is very clean but it is so very crowded.",1164,0.10481099656357389,117,0.34377153910282454,0.03603103760356065,0.03170731309113337
Marble Beach,Restaurants,17,2,18,37,neutral,0.788,"The beach are is controlled by the Air Force ( from memory) and has beach front accomodation, an excellent restaurant and a separate bar .",1164,0.03178694158075601,49,1.214125175789954,0.03859332603456039,0.03041154091523359
Marble Beach,Safety,51,1,2,54,positive,0.801,Good and safe beach to bathe,1164,0.04639175257731959,86,0.651598177647073,0.030228781437235345,0.024213253931225514
Marble Beach,Toilets,8,5,7,20,positive,0.805,"No doubt, we went to the right place.This is well maintained by Sri Lankan Air Force, & this beach is absolutely clean and safe, perfect place for snorkeling.Nice clean Bed rooms,Bath rooms (I think Bath room should have more space).Clean Linen,Bathroom amenities.",1164,0.01718213058419244,37,1.4950275612563562,0.025687758784473477,0.02067864582150115
Marble Beach,Family friendliness,26,2,18,46,positive,0.766,It's super calm - so ideal for kids (my 2 years old loved it and as fine with her floats on - no waves to be worried about).,1164,0.03951890034364261,89,0.6173091041684409,0.02439537696885591,0.018686858758143625
Marble Beach,Rock formation,8,0,4,12,positive,0.793,"For Rs.2,200 he picked us up at 9am took us shopping for lungis/sarongs, found us great local breakfast, took us to all the places we wanted to go (Suwami Rock and temple, Marble Beach etc...).",1164,0.010309278350515464,20,2.1102132003465894,0.021754775261305044,0.017251536782214902
Marble Beach,Ticket price,21,3,20,44,positive,0.789,"The prices are good, it is the best way to see the bay of Marble Beach as you have access to a private section of the beach.",1164,0.037800687285223365,94,0.5626506916305767,0.021268582845142072,0.016780911864817095
Marble Beach,Service quality,29,1,6,36,positive,0.81,"I recommend staying at the Marble Beach Airforce Resort- the staff are great, it is run by the Airforce so it is very efficient.",1164,0.030927835051546393,88,0.6286086594223741,0.01944150493058889,0.015747618993777
Marble Beach,Crowdedness,12,49,6,67,negative,0.861,Too Crowded,1164,0.05756013745704467,122,0.3019244291673241,0.01737881164451092,0.014963156825923902
Marble Beach,Entrance fee,10,2,20,32,neutral,0.829,Rs.20 entrance fee per person incl tuk tuk driver to marble beach.We had the best day with Mohan (+94 (0) 779017207).,1164,0.027491408934707903,87,0.6400373552459969,0.017595528666556615,0.014586693264575432
Marble Beach,Strong current,4,3,1,8,positive,0.797,I was pleasantly surprised how clean the beach despite it is the off season with high winds and rough sea.,1164,0.006872852233676976,21,2.0614230361771577,0.014167855918743352,0.011291781167238453
Marble Beach,Peacefulness,64,1,0,65,positive,0.768,Nice quiet beach in an army camp,1164,0.05584192439862543,129,0.24613306953890854,0.013744544261193347,0.01055580999259649
Marble Beach,Parking,6,1,5,12,positive,0.808,Parking is available and one of clean beach with crystal clear water.,1164,0.010309278350515464,54,1.1169614273363062,0.011515066261199032,0.009304173539048818
Marble Beach,Mountain,5,0,2,7,positive,0.76,In the background is a forested hill which I believe has good scenic lookouts though we were unable to climb due to seasonal rains.,1164,0.006013745704467354,24,1.927891643552635,0.011593850090093167,0.008811326068470807
Marble Beach,Weather condition,1,17,0,18,negative,0.762,"Probably in the future, there will be more variation.We couldn’t do Snorkeling because of the bad weather.Rooms are a bit small and a bit run down.",1164,0.015463917525773196,82,0.6992262266363275,0.010812776700561766,0.008239335845828066
Marble Beach,Accessibility,6,1,0,7,positive,0.846,However only one section of the beach is accessible to the public.,1164,0.006013745704467354,36,1.5224265354444706,0.009155486037896302,0.007745541188060271
Marble Beach,Signage,2,1,2,5,positive,0.76,The beach is in an inlet so is safe for swimming (there are areas marked with flags to make sure you did not stray).,1164,0.00429553264604811,16,2.3333567516607996,0.010023010101635739,0.007617487677243162
Marble Beach,Scenic view,26,0,11,37,positive,0.78,"Lovely, Scenic",1164,0.03178694158075601,128,0.25391520998096345,0.00807118794613028,0.006295526597981619
Marble Beach,Public transport access,5,0,10,15,neutral,0.781,Rs.20 entrance fee per person incl tuk tuk driver to marble beach.We had the best day with Mohan (+94 (0) 779017207).,1164,0.01288659793814433,90,0.6061358035703155,0.007811028396524684,0.006100413177685778
Marble Beach,Value for money,11,8,0,19,positive,0.836,It is a rip off by the service provider of the beach hotel who also provide food.,1164,0.01632302405498282,112,0.38744660260548613,0.006324300214350719,0.005287114979197201
Matara Paravi Duwa Temple,Sea,13,0,8,21,positive,0.754,It is quite empty.Nice view of the sea though.,186,0.11290322580645161,7,3.1600353248452673,0.35677818183736887,0.26901074910537615
Matara Paravi Duwa Temple,Bridge,14,2,14,30,positive,0.781,It is accessible via a bridge and it is well worth taking time to explore this unique attraction which has a very special atmosphere surrounded by the waves near to southern most tipoff the islands.,186,0.16129032258064516,20,2.1102132003465894,0.340356967797837,0.2658187918501107
Matara Paravi Duwa Temple,Temple,30,2,18,50,positive,0.797,A fairly elaborate covered area opposite the temple entrance is home to a seated Buddha with a case housing an ornate gold coloured metal plaque.Unless you have a specific interest or purpose in visiting the temple there isn't a great,186,0.26881720430107525,76,0.7752121336142496,0.20839035849845416,0.16608711572326798
Matara Paravi Duwa Temple,Beach,8,1,8,17,positive,0.781,Good for a short walk and good views along the coast at Matara,186,0.0913978494623656,64,0.9470623905409088,0.08655946580212608,0.06760294279146047
Matara Paravi Duwa Temple,Scenic view,33,0,2,35,positive,0.822,Good for a short walk and good views along the coast at Matara,186,0.1881720430107527,128,0.25391520998096345,0.047779743813622155,0.03927494941479741
Matara Paravi Duwa Temple,Accessibility,5,0,0,5,positive,0.856,It is accessible via a bridge and it is well worth taking time to explore this unique attraction which has a very special atmosphere surrounded by the waves near to southern most tipoff the islands.,186,0.026881720430107527,36,1.5224265354444706,0.040925444501195445,0.0350321804930233
Matara Paravi Duwa Temple,Entrance fee,2,0,9,11,neutral,0.776,When you go matara definitely you will feel to go this island .however it is very beautiful ..It is a buddhist temple .but the view is nice.all people can go there.there is no enyrance fee.But back side of the temple os rough .how ever we really like to sty back side of the temple ..it is very nice experience ..,186,0.05913978494623656,87,0.6400373552459969,0.03785167154680627,0.029372897120321668
Matara Paravi Duwa Temple,Stairs,1,2,2,5,negative,0.784,"Once on the other side there is a combination of steps and steep slope up to the small Buddhist Temple that sits atop the island, the full name for which is the Sri Rohana Uposothagara RajamahaViharaya temple.",186,0.026881720430107527,47,1.255797872190522,0.03375800731694952,0.026466277736488426
Matara Paravi Duwa Temple,Peacefulness,7,0,0,7,positive,0.8,"quiet, nice",186,0.03763440860215054,129,0.24613306953890854,0.009263072509528816,0.007410458007623053
Matara Paravi Duwa Temple,Crowdedness,0,5,0,5,negative,0.808,"The Matara Paravi Duwa Temple is in a wonderful island location of the coast of this busy, bustling town.",186,0.026881720430107527,122,0.3019244291673241,0.00811624809589581,0.006557928461483815
Mihintale,Stairs,78,31,81,190,neutral,0.781,Nice view over the country at sunset but watch the monkeys as they can be sneaky.Many stairs to climb!,1549,0.12265978050355068,47,1.255797872190522,0.15403589135971543,0.12030203115193776
Mihintale,Stupa,67,5,61,133,positive,0.78,We watched the sun set over the breath taking landscape from the dagoba whilst traditional drums played creating a serene atmosphere.,1549,0.08586184635248548,29,1.7386496439141066,0.14928366858655662,0.11644126149751416
Mihintale,Buddha statue,54,4,51,109,positive,0.8,"The site offers a range of attractions - beautiful Buddha in white, a large and small stupa and a very slipper rock to climb from which you may take breathtaking district views.",1549,0.07036797934151065,47,1.255797872190522,0.0883679587274157,0.07069436698193256
Mihintale,Sunset view,68,4,23,95,positive,0.845,We watched the sun set over the breath taking landscape from the dagoba whilst traditional drums played creating a serene atmosphere.,1549,0.06132989025177534,44,1.3217558399823195,0.08106314060575878,0.06849835381186617
Mihintale,Ancient ruins,27,3,28,58,neutral,0.778,On the way up some interesting ruins of what would've have been a monastery and some stone tablets explaining the roles and duties of monks - if you can read Sinhalese in the original script.,1549,0.03744351194318916,23,1.9704512579714308,0.07378061521132537,0.057401318634411135
Mihintale,Temple,55,6,43,104,positive,0.786,"On a clear day you can see the reflection of the sun in the lakes and the temples light up around you.The enty price is now 500Rs (not 400Rs like stated in the Lonely Planet) and it is well worth it.I definitively recommend it, avoid midday though as it might get very hot.",1549,0.0671400903808909,76,0.7752121336142496,0.05204781271522399,0.04090958079416606
Mihintale,Scenic view,229,8,43,280,positive,0.809,We watched the sun set over the breath taking landscape from the dagoba whilst traditional drums played creating a serene atmosphere.,1549,0.18076178179470626,128,0.25391520998096345,0.04589816578093594,0.03713161611677718
Mihintale,Local guide,39,4,34,77,positive,0.764,No need for one of the self appointed guides as it is easy to find you way around.,1549,0.04970948999354422,66,0.9162907318741551,0.045548344967275625,0.03479893555499858
Mihintale,Sculptures,37,2,23,62,positive,0.79,Lots of stairs around 500 but the view it is worth the rise.Very nice statues and huge panorama .,1549,0.040025823111684955,55,1.0986122886681098,0.043972861134553134,0.034738560296296975
Mihintale,Viewpoint,10,4,12,26,neutral,0.794,"We stayed until sunset and it is the best view point to do so in the area,.",1549,0.016785022595222725,29,1.7386496439141066,0.029183273558274225,0.023171519205269737
Mihintale,Parking,5,3,25,33,neutral,0.782,"From the car park there is a short sloping road up to the ticket office level, and then there are about 200 steps (mostly shaded) to the 'Take your shoes off' cabin (as with every temple in SL take thick socks to avoid burnt feet and constantly dodging sharp stones).",1549,0.02130406714009038,54,1.1169614273363062,0.023795821240863848,0.01860833221035553
Mihintale,Sunrise view,10,0,6,16,positive,0.838,The view is beautiful and the early time makes it a very peaceful place to watch the sun rise.,1549,0.010329244673983214,21,2.0614230361771577,0.021292942917259212,0.01784348616466322
Mihintale,Ticket price,15,5,35,55,neutral,0.755,"On a clear day you can see the reflection of the sun in the lakes and the temples light up around you.The enty price is now 500Rs (not 400Rs like stated in the Lonely Planet) and it is well worth it.I definitively recommend it, avoid midday though as it might get very hot.",1549,0.035506778566817304,94,0.5626506916305767,0.01997791351819349,0.015083324706236086
Mihintale,Public transport access,12,0,36,48,neutral,0.766,"Hi Travellers, If you are in Anuradhapura and planning for a nice place to visit, Mihintale is a better place to spend time.How to reach there:- Most of the hotel hosts will recommend to hire a tuk tuk driver to reach mihintale which is about 8km from Anuradhapura.",1549,0.030987734021949646,90,0.6061358035703155,0.018782775062217653,0.014387605697658722
Mihintale,Entrance fee,13,4,21,38,neutral,0.822,"View of Buddha and the Dagoba from the peak is also worth the climb, You will be welcomed by the blossoming trees along the climb which makes your climb easier.Note:- You have entrance fee.",1549,0.024531956100710135,87,0.6400373552459969,0.015701368301709415,0.012906524744005138
Mihintale,Heritage site,9,1,2,12,positive,0.82,"It may not be World Heritage listed, but it is nice and nicer than many places that are.There are a lot of steps leading up to the site - almost 2000 in all.",1549,0.007746933505487412,30,1.7047480922384253,0.0132065701141776,0.010829387493625631
Mihintale,Trail,8,3,3,14,positive,0.764,The views from the Dagoba are magnificent.If you are going during the day wear socks as the stone and sand paths come become unbearably hot to walk on.,1549,0.009038089089735314,39,1.4423838277709342,0.01303639353698714,0.009959804662258176
Mihintale,Crowdedness,12,35,1,48,negative,0.852,We were upstairs on a sunday so it was quite crowded with local people.,1549,0.030987734021949646,122,0.3019244291673241,0.009355953905766014,0.007971272727712643
Mihintale,Peacefulness,49,0,0,49,positive,0.819,We watched the sun set over the breath taking landscape from the dagoba whilst traditional drums played creating a serene atmosphere.,1549,0.0316333118140736,129,0.24613306953890854,0.007786004136479354,0.006376737387776591
Mihintale,Family friendliness,9,0,11,20,neutral,0.751,Do not miss this beautiful place .great views and day trip for the family.Stop at the black pond to rest and refresh,1549,0.012911555842479019,89,0.6173091041684409,0.007970420970541521,0.005985786148876683
Mihintale,Museum,5,0,2,7,positive,0.789,"The site consists of several interesting buildings; the ruins of a monastery, two pagodas, a small museum, and a giant sitting Buddha.",1549,0.004519044544867657,36,1.5224265354444706,0.0068799133299621016,0.005428251617340099
Mihintale,Hindu shrine,1,1,4,6,neutral,0.767,The last one and the hardest to reach has the most beautiful view and in between these peaks there is the shrine for the buddha's which marks the place where the buddhism came to Sri lanka.,1549,0.003873466752743706,39,1.4423838277709342,0.005587025801565917,0.004285248789801058
Mihintale,Safety,4,7,1,12,negative,0.838,This last peak need a walking stick with rubber tip or tip finger rubber glove to ease and safe.,1549,0.007746933505487412,86,0.651598177647073,0.005047887754528648,0.004230129938295007
Mihintale,Accessibility,4,1,0,5,positive,0.84,The location is about 15 kilometers away from the Anuradhapura main city and any vehicle can accessible via road.,1549,0.0032278889606197547,36,1.5224265354444706,0.004914223807115786,0.004127947997977261
Mihintale,Guided tours,3,0,2,5,positive,0.832,Mr Wansa was one of the best tour guides we met in Sri Lanka.,1549,0.0032278889606197547,36,1.5224265354444706,0.004914223807115786,0.004088634207520334
Mihintale,Wildlife,3,0,4,7,neutral,0.771,"There are a number of Dagobas caves, rock carvings (including a lion claimed to be the best rock animal carving in the country) and ruined Monk's refectory and relic house to be viewed.",1549,0.004519044544867657,54,1.1169614273363062,0.005047598445031726,0.003891698401119461
Mihintale,Accommodation,4,0,6,10,neutral,0.768,Cheap accommodation & F&B available in the Mihintale Junction.,1549,0.006455777921239509,90,0.6061358035703155,0.003913078137962011,0.0030052440099548245
Mihintale,Service quality,6,1,2,9,positive,0.787,"Also a beautiful and well maintained Buddha statue and Dagoba.City guides offer service, but we enjoyed exploring by ourselves.Choose a cooler time to climb as bare feet or socks are required and the rocks get quite hot.",1549,0.005810200129115558,88,0.6286086594223741,0.003652342114139036,0.0028743932438274216
Mihintale,Value for money,8,4,0,12,positive,0.85,This place is nice trying compared to Anuradhapura and Polonnaruwa Sacred cities which are not worth the money (25-30 USD per person and more ruins than anything to see with what you can identify the Buddhism religion).,1549,0.007746933505487412,112,0.38744660260548613,0.003001523067311707,0.0025512946072149506
Mihintale,Cleanliness,7,2,0,9,positive,0.876,The statutes are well maintained and yet the steps to them are carved into the rock,1549,0.005810200129115558,117,0.34377153910282454,0.0019973814408814853,0.0017497061422121812
Minneriya National Park,Elephants,293,27,249,569,positive,0.789,"Nature there is beautiful, and it was so nice to see elephants in a wild habitat!",1740,0.32701149425287357,33,1.6094379124341003,0.5263046966523006,0.4152544056586652
Minneriya National Park,Birds,70,3,136,209,neutral,0.759,"Park was good overall with lots of elephants to see, some water buffalo and other small birds.",1740,0.12011494252873563,40,1.4170660197866443,0.1702108035260969,0.12918999987630755
Minneriya National Park,Wildlife,98,15,109,222,neutral,0.783,Good afternoon animal spotting,1740,0.12758620689655173,54,1.1169614273363062,0.1425088717635977,0.111584446590897
Minneriya National Park,Local guide,63,4,51,118,positive,0.766,"I would strongly recommend you go in the jeep with the driver and a guide, as the guide can not only take you to the best areas to see wildlife but also keep the monkeys away from you!",1740,0.067816091954023,66,0.9162907318741551,0.06213925652939673,0.0475986705015179
Minneriya National Park,Trail,13,4,23,40,neutral,0.761,The track in was a bit rough and there was little other widlife apart from a few water buffalo.,1740,0.022988505747126436,39,1.4423838277709342,0.03315824891427435,0.02523342742376278
Minneriya National Park,Forest,13,0,33,46,neutral,0.765,"But as we passed through thick forest , it was beautiful to see cranes around the lake cooling themselves, few crocodiles,too.Then by around 4 pm, we reached a huge lake & the sight was an unforgettable one.",1740,0.026436781609195402,51,1.1741198411762548,0.031039949824199838,0.023745561615512875
Minneriya National Park,Leopards,2,1,15,18,neutral,0.757,"Including big monitor lizards, eagles , peacocks, monkeys, hornets nests, fantastic, didn’t see any leopards but over 200 elephants was good enough!",1740,0.010344827586206896,13,2.540996116439044,0.026286166721783213,0.019898628208389894
Minneriya National Park,Family friendliness,21,2,46,69,neutral,0.75,"We had a great time at the Minneriya park with my family, saw many elephants, birds, wildboar, deer and in fact one of the Elephant started charging at us coz he thought we were way too close to his comfort zone.",1740,0.039655172413793106,89,0.6173091041684409,0.024479498958403692,0.01835962421880277
Minneriya National Park,Ticket price,10,12,44,66,neutral,0.75,Also entrance fee is nearly 4000 rupees but most attractions are similarly quite expensive.,1740,0.03793103448275862,94,0.5626506916305767,0.021341922785987393,0.016006442089490543
Minneriya National Park,Accommodation,8,1,33,42,neutral,0.759,Our hotel in Polonnaruwa arranged Safari for us amazing day and saw at least100 elephants during our trip.,1740,0.02413793103448276,90,0.6061358035703155,0.014630864224111063,0.011104825946100298
Minneriya National Park,Weather condition,5,26,4,35,negative,0.754,The jeep broke down mid way and was stuck in hot weather for half hour for another jeep.,1740,0.020114942528735632,82,0.6992262266363275,0.014064895363374403,0.0106049311039843
Minneriya National Park,Guided tours,9,1,3,13,positive,0.842,Our tour guide was very informative regarding the elephants also.I did feel some of the drivers got on and some of them were lose cannons.,1740,0.007471264367816092,36,1.5224265354444706,0.011374451126883976,0.009577287848836307
Minneriya National Park,Entrance fee,6,5,18,29,neutral,0.843,"Was not cheap at just over US $100 for jeep, admission etc, but was a unique experience.",1740,0.016666666666666666,87,0.6400373552459969,0.01066728925409995,0.008992524841206257
Minneriya National Park,Crowdedness,7,51,2,60,negative,0.831,"It wasn't overly crowded, roughly 4 or 5 jeeps at every siting, compared to some of the other parks where you can be queued for 30-40 minutes before you get to see the animal.",1740,0.034482758620689655,122,0.3019244291673241,0.010411187212666349,0.008651696573725736
Minneriya National Park,Value for money,23,18,0,41,positive,0.851,"Was not cheap at just over US $100 for jeep, admission etc, but was a unique experience.",1740,0.023563218390804597,112,0.38744660260548613,0.009129488911968351,0.007769195064085067
Minneriya National Park,Noise level,0,10,0,10,negative,0.808,"If you try really hard, you could mentally edit out those noise and jeeps to feel the nature.",1740,0.005747126436781609,32,1.640209571100854,0.009426491787935943,0.007616605364652242
Minneriya National Park,Scenic view,47,0,16,63,positive,0.799,"Totally worth thr money, the view is unforgettable.",1740,0.03620689655172414,128,0.25391520998096345,0.009193481740690056,0.007345591910811355
Minneriya National Park,River,4,0,6,10,neutral,0.78,A vehicle in good shape and a skilled driver took us across muddy river beds to reach areas of prime elephant viewing.,1740,0.005747126436781609,33,1.6094379124341003,0.009249643174908622,0.007214721676428726
Minneriya National Park,Ancient ruins,2,2,2,6,positive,0.76,On our way back to the main reception area we passed what seemed like 100 jeeps so I feel later in the afternoon would be very crowded and may ruin the experience.,1740,0.0034482758620689655,23,1.9704512579714308,0.006794659510246313,0.005163941227787198
Minneriya National Park,Safety,11,5,1,17,positive,0.804,The journey from Habarana was interesting and very safe and comfortable.At Minneriya we picked up a local ranger who was our guide - and he was invaluable for his knowledge and 'spotting' ability - pointing out birds and wildlife that we may,1740,0.009770114942528735,86,0.651598177647073,0.006366189091954161,0.005118416029931146
Minneriya National Park,Service quality,8,1,7,16,positive,0.776,Had a great guide from the national park service who pointed out all the interesting birds and had the driver stop so we could take photos.,1740,0.009195402298850575,88,0.6286086594223741,0.005780309511929877,0.004485520181257584
Minneriya National Park,Parking,0,0,9,9,neutral,0.758,A huge visitors' vehicle parking area is available.,1740,0.005172413793103448,54,1.1169614273363062,0.005777386693118825,0.004379259113384069
Minneriya National Park,Sunset view,5,0,1,6,positive,0.857,You need to control your driver to go a bit further even when there is less or no elephant : the park when you're almost alone is beautiful and just before sunset the light is amazing.The experience is not very expensive and for us was halfway wonderful !,1740,0.0034482758620689655,44,1.3217558399823195,0.004557778758559722,0.0039060163960856816
Minneriya National Park,Peacefulness,18,1,0,19,positive,0.823,"Our driver was able to park very close, about 10 metres from the elephants and we stopped there in the quiet...only a few jeeps were there...to observe.",1740,0.010919540229885057,129,0.24613306953890854,0.0026876599547352082,0.0022119441427470763
Minneriya National Park,Cleanliness,0,7,0,7,negative,0.869,"50+ vehicles, which does detract a little.Otherwise really enjoyed the 1/2 day trip.Note: Don't wear good clothes, we got a little dirty from mud kicked up when 4-wheel drive went through a muddy patch, all good fun.",1740,0.004022988505747126,117,0.34377153910282454,0.001382988950413662,0.0012018173979094723
Mirissa Beach,Beach,437,34,81,552,positive,0.817,Beach restaurant NishanSri Lanka looks Nice but completely uninterested staff !,2307,0.23927178153446033,64,0.9470623905409088,0.22660530540900808,0.1851365345191596
Mirissa Beach,Waves,128,16,67,211,positive,0.78,"Very nice beach: yellow sand, some shadow places for relax, nice waves, many good restaurants.",2307,0.09146077156480277,20,2.1102132003465894,0.1930017274699308,0.15054134742654604
Mirissa Beach,Restaurants,143,15,79,237,positive,0.799,Beach restaurant NishanSri Lanka looks Nice but completely uninterested staff !,2307,0.10273081924577374,49,1.214125175789954,0.12472807397582103,0.09965773110668101
Mirissa Beach,Sandy beach,87,5,19,111,positive,0.766,"Very nice beach: yellow sand, some shadow places for relax, nice waves, many good restaurants.",2307,0.04811443433029909,15,2.3978952727983707,0.11537337463399183,0.08837600496963774
Mirissa Beach,Food quality,86,5,24,115,positive,0.752,A nice chilled beer and good food with beach view would be a good evening,2307,0.04984828781967924,16,2.3333567516607996,0.11631383894277936,0.08746800688497007
Mirissa Beach,Whales,19,1,25,45,neutral,0.778,OK beach with a number of bars/restaurants.Great for whale watching and backpackers.Otherwise not exceptional,2307,0.01950585175552666,2,4.412798293340635,0.08607538933694348,0.06696665290414203
Mirissa Beach,Sunset view,56,0,18,74,positive,0.845,And what the beautiful sunsets you can look at while sipping a cocktail few meters away from the ocean!,2307,0.03207628955353273,44,1.3217558399823195,0.04239702304234575,0.03582548447078216
Mirissa Beach,Turtles,11,0,26,37,neutral,0.766,There are a lots of fishes to be seen and the most amazing experience was seeing the huge sea turtles swimming around us.,2307,0.016038144776766364,16,2.3333567516607996,0.037422713398981185,0.028665798463619586
Mirissa Beach,Cleanliness,127,33,0,160,positive,0.877,One of the few clean beautiful beaches I've been to.,2307,0.06935413957520589,117,0.34377153910282454,0.023841979304920644,0.020909415850415405
Mirissa Beach,Strong current,11,9,10,30,positive,0.777,The sea is very foamy due to pollution and it is less than ideal for swimming as it’s too rough and rubbish like wooden palletts get washed about the shore when the tide comes in.,2307,0.013003901170351105,21,2.0614230361771577,0.02680654143273287,0.02082868269323344
Mirissa Beach,Cafes,16,2,7,25,positive,0.798,"The only sun loungers were those owned by the cafes lining the beach, but they were free to use as long as you bought the occasional drink every few hours (which was usually pretty cheap!).The restaurants and bars lining the beach are a",2307,0.010836584308625921,15,2.3978952727983707,0.025984994286935098,0.02073602544097421
Mirissa Beach,Shops,6,6,7,19,neutral,0.757,There are some quirky little shops along the way and some really good food.,2307,0.0082358040745557,10,2.803360380906535,0.023087926847518057,0.01747756062357117
Mirissa Beach,Water clarity,17,0,0,17,positive,0.92,It is a beautiful small bay with gorgeous soft white sand and clear water.,2307,0.007368877329865626,13,2.540996116439044,0.01872428867770427,0.01722634558348793
Mirissa Beach,Dolphins,4,0,7,11,neutral,0.769,There are many tourist activities available here but I don't recommend the whale watching as it is not very kind to the whales and dolphins.,2307,0.004768097095795405,2,4.412798293340635,0.021040650726808403,0.016180260408915664
Mirissa Beach,Noise level,0,26,0,26,negative,0.792,"Well, it has a quiet part and also the other one more crowded and noisy so you can choose what fits you better.",2307,0.011270047680970958,32,1.640209571100854,0.01848524007309155,0.014640310137888508
Mirissa Beach,Family friendliness,38,3,27,68,positive,0.776,Waves are quite rough so probably not suitable for children to swim.,2307,0.029475509319462505,89,0.6173091041684409,0.01819550025290593,0.014119708196255002
Mirissa Beach,Accommodation,22,11,27,60,neutral,0.783,Beautiful beach and good choice of restaurants and hotels along the shore.,2307,0.02600780234070221,90,0.6061358035703155,0.015764260170879466,0.012343415713798623
Mirissa Beach,Water depth,10,0,4,14,positive,0.78,Waves are high but you can go deep inside the sea and enjoy as it is safe.,2307,0.006068487212830516,13,2.540996116439044,0.01542000244046234,0.012027601903560626
Mirissa Beach,Crowdedness,14,87,2,103,negative,0.854,"Clean fine sand, not so wild waves in the middle, nice bars and restaurants, not crowded.",2307,0.044646727351538795,122,0.3019244291673241,0.013479937669802506,0.01151186677001134
Mirissa Beach,Coral reef,2,1,7,10,neutral,0.75,It's an amazing place to experience the magic of coral water and the beautiful trees.,2307,0.004334633723450368,9,2.908720896564361,0.012608239690352671,0.009456179767764503
Mirissa Beach,Safety,20,16,2,38,positive,0.813,Waves are high but you can go deep inside the sea and enjoy as it is safe.,2307,0.0164716081491114,86,0.651598177647073,0.010732869852877663,0.00872582319038954
Mirissa Beach,Weather condition,12,18,5,35,negative,0.781,"We luckily had only booked one night in a nearby hotel, and moved on to Galle the next morning when we realised that because of a weather depression whale watching was not going to happen although on all accounts that's not worth doing due to the shear number of boats and people on each boat.",2307,0.01517121803207629,82,0.6992262266363275,0.010608113538045714,0.008284936673213703
Mirissa Beach,Scenic view,58,2,24,84,positive,0.79,A nice chilled beer and good food with beach view would be a good evening,2307,0.036410923276983094,128,0.25391520998096345,0.009245287229475912,0.007303776911285971
Mirissa Beach,Value for money,35,15,0,50,positive,0.837,There is a small stretch of mangrove trees in the middle where you can chill for free in the shade.,2307,0.021673168617251843,112,0.38744660260548613,0.008397195548450068,0.007028452674052707
Mirissa Beach,Ticket price,21,3,9,33,positive,0.82,Prices reasonable.,2307,0.014304291287386216,94,0.5626506916305767,0.008048319386133087,0.006599621896629131
Mirissa Beach,Service quality,19,3,5,27,positive,0.807,Beach restaurant NishanSri Lanka looks Nice but completely uninterested staff !,2307,0.011703511053315995,88,0.6286086594223741,0.007356928393759905,0.005937041213764244
Mirissa Beach,Sunrise view,7,0,0,7,positive,0.857,Wake up early and be there to experience the best sunrise experience while people are riding boats for their business.,2307,0.003034243606415258,21,2.0614230361771577,0.00625485966763767,0.005360414735165483
Mirissa Beach,Public transport access,6,3,13,22,neutral,0.795,with beautiful sunset viewMirissa beach is full with restaurants and bars with your feet in the sand!If u like to surf u can take a tuk tuk 5 min to welligama and there is the best spot to surf.Mirissa the best beach of our holiday!!!!Don't hesitate and come to mirissa.We loved it so much that we extend our stay in mirissa,2307,0.00953619419159081,90,0.6061358035703155,0.0057802287293224714,0.004595281839811365
Mirissa Beach,Peacefulness,52,1,0,53,positive,0.792,The beach is rather calm - not too many people.,2307,0.022973558734286952,129,0.24613306953890854,0.00565455252950245,0.004478405603365941
Mirissa Beach,Souvenir stalls,3,1,5,9,neutral,0.78,Good food available and no hawkers.,2307,0.0039011703511053317,49,1.214125175789954,0.004736509138322318,0.0036944771278914082
Mirissa Beach,Wildlife,5,1,3,9,positive,0.789,"It's a nice beach to party animals.one can enjoy variety of seafoods along with drinks, sitting in a beach facing restaurant with loud music till midnight.",2307,0.0039011703511053317,54,1.1169614273363062,0.00435745680365269,0.0034380334180819727
Mirissa Beach,Trail,3,1,1,5,positive,0.796,"last year and enjoyed the choice of bars and restaurants most are very reasonably priced It’s great if you have been off the beaten track which we have for us 3 days and nights is enough here for us It’s great to be a tourists here and loads of choices, after the 3 nights we will be ready to find somewhere a little quieter",2307,0.002167316861725184,39,1.4423838277709342,0.0031261027910076595,0.002488377821642097
Mirissa Beach,Stairs,2,2,1,5,positive,0.756,There is a small island next to the beach were you have to climb steep steps but you can see the sunset better up there.,2307,0.002167316861725184,47,1.255797872190522,0.0027217119033171263,0.0020576141989077476
Mirissa Beach,Local guide,4,0,1,5,positive,0.802,We hired Nirosh as our guide after reading some good reviews.,2307,0.002167316861725184,66,0.9162907318741551,0.001985892353433366,0.0015926856674535596
Moon Plains,Mountain,40,2,37,79,positive,0.773,"You are able to see the Highest Peak (Pidurutalagala), 2nd Highest peak (Kirigalpoththa), third highest peak (Thotupola Kanda), 6th Highest peak (Great Western Mountain), 7th highest peak (Hakgala).Need to park the vehicle at entrance and go in a safari jeep...",392,0.20153061224489796,24,1.927891643552635,0.3885291832669851,0.3003330586653795
Moon Plains,Viewpoint,15,3,21,39,neutral,0.81,and you will be taken by jeep to the view point where there are quite stunning views across to Ella and back to Nuwara Eliya and Hakgalla.,392,0.09948979591836735,29,1.7386496439141066,0.17297789824655652,0.1401120975797108
Moon Plains,Scenic view,84,3,36,123,positive,0.772,This place open at 7:00 am but if you like to see scenic view better try to select clear time with no rain/mist.,392,0.3137755102040816,128,0.25391520998096345,0.07967237456035332,0.06150707316059277
Moon Plains,Wildlife,7,2,18,27,neutral,0.767,good place to visit but not much greenish view nothing to say i we colud see some animals deers more,392,0.06887755102040816,54,1.1169614273363062,0.07693356769918434,0.059008046425274394
Moon Plains,Weather condition,7,18,2,27,negative,0.79,This place open at 7:00 am but if you like to see scenic view better try to select clear time with no rain/mist.,392,0.06887755102040816,82,0.6992262266363275,0.048160990099951125,0.03804718217896139
Moon Plains,Local guide,7,4,6,17,positive,0.768,The guide was a nice guy and explained many things on the way.,392,0.04336734693877551,66,0.9162907318741551,0.03973709806597101,0.03051809131466574
Moon Plains,Entrance fee,1,3,16,20,neutral,0.814,Not knowing the local language and lack of internet access can be a major problem as we got ripped off totally indicating that the jeep fee is SLR 2000 per head which is ridiculous.,392,0.05102040816326531,87,0.6400373552459969,0.032654967104387596,0.0265811432229715
Moon Plains,Service quality,5,3,5,13,positive,0.777,"we went to the ticket office and and they were very rude to us and they were laughing to us, like we were idiots, the jeep price they have advertise was Rs 2000 and they ask us to pay Rs 5000.",392,0.03316326530612245,88,0.6286086594223741,0.020846715746150164,0.01619789813475868
Moon Plains,Toilets,3,2,0,5,positive,0.824,"Also, there were no restrooms for ladies and god knows how we managed 4 hours without it.",392,0.012755102040816327,37,1.4950275612563562,0.019069229097657604,0.015713044776469866
Moon Plains,Forest,2,1,3,6,neutral,0.777,"Beautiful scenery, dense forest, mountains, cliffs and can spot few animals if you are lucky enough.",392,0.015306122448979591,51,1.1741198411762548,0.017971222058820225,0.013963639539703315
Moon Plains,Value for money,4,11,0,15,negative,0.864,It is not very expensive.,392,0.03826530612244898,112,0.38744660260548613,0.014825762854801765,0.012809459106548725
Moon Plains,Cleanliness,5,4,0,9,positive,0.867,leave all your belongings in your vehicle and dont take anything so there is tendency to litter the moon plains.you will travel through the bumpy roads to reach the point and there is viewing deck as well.,392,0.02295918367346939,117,0.34377153910282454,0.007892713907973014,0.006842982958212603
Moon Plains,Crowdedness,1,5,1,7,negative,0.837,It wasn't crowded at all so it was very enjoyable.,392,0.017857142857142856,122,0.3019244291673241,0.005391507663702216,0.004512691914518754
Moon Plains,Peacefulness,5,0,0,5,positive,0.784,Serene...Calm...Beautiful,392,0.012755102040816327,129,0.24613306953890854,0.003139452417588119,0.0024613306953890856
Moonstone or Sandakada pahana,Sculptures,16,0,13,29,positive,0.786,A beautiful stone carving,56,0.5178571428571429,55,1.0986122886681098,0.568924220917414,0.44717443764108744
Moonstone or Sandakada pahana,Wildlife,5,0,10,15,neutral,0.763,"A beautiful ancient piece of architecture, with carvings of animals & flowers on a stone.Many legends surround these carving.",56,0.26785714285714285,54,1.1169614273363062,0.29918609660793916,0.2282789917118576
Moonstone or Sandakada pahana,Ancient ruins,2,1,4,7,neutral,0.76,The ruins in this area are worth seeing.,56,0.125,23,1.9704512579714308,0.24630640724642885,0.18719286950728592
Moonstone or Sandakada pahana,Stairs,3,0,2,5,positive,0.76,"The steps also have interesting carvings of little creatures.To know more, you probably have to read up (or get a guide).",56,0.08928571428571429,47,1.255797872190522,0.1121248100170109,0.08521485561292828
Mount Lavinia Beach,Beach,323,40,65,428,positive,0.814,Had a lovely evening under the stars enjoying fresh sea food cooked various ways on the beach.,1721,0.24869262056943636,64,0.9470623905409088,0.23552742774637359,0.19171932618554807
Mount Lavinia Beach,Restaurants,97,9,65,171,positive,0.793,Recommended times to visit are the morning and the evening with plenty of restaurants offering mouth watering cuisine to fit anyone's budget!,1721,0.09936083672283556,49,1.214125175789954,0.12063649335274965,0.09566473922873048
Mount Lavinia Beach,Sandy beach,37,11,26,74,positive,0.75,A small strip of beach with rough sand.,1721,0.04299825682742592,15,2.3978952727983707,0.10310531678505487,0.07732898758879116
Mount Lavinia Beach,Sunset view,56,1,20,77,positive,0.847,Mount Lavinia beach used to be the place to be a few years back and you can still see a good stretch of beach where families enjoy a leisurely stroll or couples watch the sunset.,1721,0.04474142940151075,44,1.3217558399823195,0.05913724560060348,0.05008924702371115
Mount Lavinia Beach,Accommodation,103,9,53,165,positive,0.799,Excellent Sea side resort,1721,0.09587449157466589,90,0.6061358035703155,0.058112961992505555,0.04643225663201194
Mount Lavinia Beach,Waves,19,5,16,40,positive,0.788,"barnacles etc but be careful as they are bit slippery.The sand area washed by the waves have muscles and other shell animals.However,",1721,0.023242300987797792,20,2.1102132003465894,0.04904621035087948,0.03864841375649303
Mount Lavinia Beach,Cleanliness,94,46,2,142,positive,0.873,Its safe and clean by all means.,1721,0.08251016850668216,117,0.34377153910282454,0.02836464761917553,0.02476233737154024
Mount Lavinia Beach,Strong current,8,9,8,25,negative,0.794,"else you will get drawn into the sea.When I was a teenager I got caught not being a good swimmer or having the required floating gear I just dived down and hugged the sands and crawled myself past the current,",1721,0.01452643811737362,21,2.0614230361771577,0.029945134168755924,0.023776436529992204
Mount Lavinia Beach,Family friendliness,40,1,30,71,positive,0.775,Very good to go their with family.,1721,0.04125508425334108,89,0.6173091041684409,0.025467139102823534,0.01973703280468824
Mount Lavinia Beach,Boat service,5,4,5,14,positive,0.784,"Few people at the beach, on a windy day.A few beach hotels and restaurants.Water is warm, lots of waves.Further away where the fishing boats lay, are traces of oil in the sand.Pity that garbage is lying around further up at the fisherman houses.Why don't people recycle?I saw lots of plastic, old fridge, etc.",1721,0.008134805345729227,9,2.908720896564361,0.023661878298606075,0.018550912586107162
Mount Lavinia Beach,Service quality,40,5,14,59,positive,0.807,Really friendly staff and always helpful.,1721,0.03428239395700174,88,0.6286086594223741,0.021550209707100563,0.017391019233630154
Mount Lavinia Beach,Safety,34,12,6,52,positive,0.81,You can go for a swim but get in where there are lifeguards and signs indicating that it is safe to bathe there.,1721,0.03021499128413713,86,0.651598177647073,0.019688033258365947,0.01594730693927642
Mount Lavinia Beach,Colonial architecture,11,0,5,16,positive,0.799,Wonderful view of 200 years older Colonial style Mt Lavinia hotel too.,1721,0.009296920395119116,24,1.927891643552635,0.017923455140524205,0.01432084065727884
Mount Lavinia Beach,Crowdedness,9,76,2,87,negative,0.854,gets crowded,1721,0.0505520046484602,122,0.3019244291673241,0.01526288514675026,0.013034503915324722
Mount Lavinia Beach,Trail,4,1,13,18,neutral,0.766,"As it stands, too dirty, area around railway tracks feels unsafe, but surf looks and feels stunning.",1721,0.010459035444509006,39,1.4423838277709342,0.015085943579242775,0.011555832781699965
Mount Lavinia Beach,Scenic view,58,2,19,79,positive,0.79,"Even though its a bit away from Colombo, you can get a good view of the sky rises and the port of Colombo from there.",1721,0.04590354445090064,128,0.25391520998096345,0.011655608128120927,0.009207930421215533
Mount Lavinia Beach,Weather condition,4,23,2,29,negative,0.761,"Unfortunately it was heavy rain when i went there but the outlook of the beach was great, had bar closer to the beach and you get good cooked fish next to the beach which is awesome.",1721,0.0168506682161534,82,0.6992262266363275,0.011782429153081638,0.008966428585495127
Mount Lavinia Beach,Souvenir stalls,5,3,6,14,neutral,0.78,this place is amazingBeware of hawkers trying to make a quick buckBut the beach is great and fun for kids,1721,0.008134805345729227,49,1.214125175789954,0.009876671970400555,0.0077038041369124335
Mount Lavinia Beach,Signage,3,2,2,7,positive,0.783,You can go for a swim but get in where there are lifeguards and signs indicating that it is safe to bathe there.,1721,0.004067402672864613,16,2.3333567516607996,0.009490701488451828,0.007431219265457782
Mount Lavinia Beach,Public transport access,8,1,14,23,neutral,0.774,"The beach is not far down from Colombo, easy commuter train ride (crowded but friendly) and available by bus on Galle road, and of course tuktuk or cab.",1721,0.01336432306798373,90,0.6061358035703155,0.008100594701985623,0.0062698602993368725
Mount Lavinia Beach,Toilets,4,2,2,8,positive,0.805,It was packed with people in the evening as they are having an evening fair with kites flying in the air.Only thing missing is mobile toilets for people patronising the beach.,1721,0.004648460197559558,37,1.4950275612563562,0.006949576112754706,0.005594408770767539
Mount Lavinia Beach,Peacefulness,47,1,0,48,positive,0.801,Mount Lavinia Beach is easily one of the most peaceful beaches I have ever been to.,1721,0.02789076118535735,129,0.24613306953890854,0.006864838662328652,0.005498735768525251
Mount Lavinia Beach,Accessibility,7,0,0,7,positive,0.863,"Around the other side of the hotel (and we think accessible by walking around from public beach) was a more sheltered place for swimming, protected by large rocks breaking the waves.There was a pool bar and restaurant on the beach.",1721,0.004067402672864613,36,1.5224265354444706,0.006192321759506853,0.005343973678454414
Mount Lavinia Beach,Turtles,1,1,3,5,neutral,0.772,"A selection of good bars to be enjoyed as you stroll along the beach, and if you're there at the right time of year you may be fortunate enough, ""as we were"", to see a turtle come ashore to lay its eggs.",1721,0.002905287623474724,16,2.3333567516607996,0.006779072491751306,0.005233443963632008
Mount Lavinia Beach,Value for money,10,16,0,26,negative,0.851,Is home to a number of beach restaurants which are expensive,1721,0.015107495642068565,112,0.38744660260548613,0.005853347860396653,0.004981199029197552
Mount Lavinia Beach,Ticket price,8,2,9,19,neutral,0.777,their prices are v high and stuff they sell are very expensive and not up the standard.also be the waves are very big and surfinh has to be done with care .,1721,0.011040092969203951,94,0.5626506916305767,0.00621171594478847,0.004826503289100641
Mount Lavinia Beach,Rock formation,3,0,2,5,positive,0.776,"You get good cabanas and that is a living experience.The rocks in the sea has many attractions to young studying sciences,",1721,0.002905287623474724,20,2.1102132003465894,0.006130776293859935,0.00475748240403531
Mount Lavinia Beach,Noise level,0,5,0,5,negative,0.824,relax Train station is located near by so every 5 minutes train cross the lobby area of the hotel well it's depends how you take the noise for me it's was amazing my father is train driver I love to travel and the noise.Food is not really good especially ye buffet in morning and allacarte is ok not really a star hotel foodBar,1721,0.002905287623474724,32,1.640209571100854,0.0047652805668240966,0.003926591187063055
Mount Lavinia Beach,Parking,2,2,3,7,neutral,0.78,Parking is the only inconvenience and recommend booking dinner at a restaurant on the beach prior to driving.,1721,0.004067402672864613,54,1.1169614273363062,0.004543131895034366,0.0035436428781268053
Mulgirigala Raja Maha Vihara,Cave,77,7,30,114,positive,0.771,Beautiful paintings in the cave.,1635,0.06972477064220184,2,4.412798293340635,0.3076813488934755,0.2372223199968696
Mulgirigala Raja Maha Vihara,Cave temple,50,4,32,86,positive,0.831,We honestly enjoyed the drive through the country side better than the rock temple itself.,1635,0.052599388379204894,8,3.0265039322207445,0.15919225576206975,0.13228876453827995
Mulgirigala Raja Maha Vihara,Stairs,65,32,62,159,positive,0.782,550 steps not as bad as you might think,1635,0.09724770642201835,47,1.255797872190522,0.12212346280017922,0.09550054790974015
Mulgirigala Raja Maha Vihara,Paintings,79,1,31,111,positive,0.8,Beautiful paintings in the cave.,1635,0.06788990825688074,29,1.7386496439141066,0.11803676481618706,0.09442941185294966
Mulgirigala Raja Maha Vihara,Temple,149,10,72,231,positive,0.797,"A bit similar to Dambulla's caves, although on a smaller scale, but without the tourists and the kitsch temple.",1635,0.14128440366972478,76,0.7752121336142496,0.10952538401522426,0.08729173106013374
Mulgirigala Raja Maha Vihara,Buddha statue,40,3,38,81,positive,0.795,Beautiful sleeping Buddha's & Paintings,1635,0.04954128440366973,47,1.255797872190522,0.06221383953971394,0.049460002434072586
Mulgirigala Raja Maha Vihara,Local guide,62,8,34,104,positive,0.782,The guide was worth it to get a bit more the visit.It has 4 levels and the 550 steps were split up into manageable sections.,1635,0.06360856269113149,66,0.9162907318741551,0.058283936461719955,0.045578038313065006
Mulgirigala Raja Maha Vihara,Murals,19,0,9,28,positive,0.819,"Breath taking views, worth the walk to the top, lots of old wall paintings",1635,0.01712538226299694,11,2.70805020110221,0.046376394881261086,0.037982267407752825
Mulgirigala Raja Maha Vihara,Sculptures,36,1,19,56,positive,0.795,"The best temple is the one with the buddha dying, with all the statues, ask to open the windows that protect the statues.",1635,0.03425076452599388,55,1.0986122886681098,0.037628310804534645,0.029914507089605046
Mulgirigala Raja Maha Vihara,Scenic view,163,5,31,199,positive,0.803,The views from top are as far as Yala.It was good to learn a bit of history from this area and we were glad we made the trip.,1635,0.1217125382262997,128,0.25391520998096345,0.030904664701046927,0.024816445754940682
Mulgirigala Raja Maha Vihara,Trail,19,1,10,30,positive,0.757,The monastery is hidden well away from the main tourist track but definitely worth a detour inland to visit it.,1635,0.01834862385321101,39,1.4423838277709342,0.026465758307723564,0.02003457903894674
Mulgirigala Raja Maha Vihara,Ticket price,32,5,37,74,neutral,0.768,"Worth a visit, but if you take a guide fix the price first!",1635,0.04525993883792049,94,0.5626506916305767,0.025465535890313563,0.01955753156376082
Mulgirigala Raja Maha Vihara,Public transport access,30,0,28,58,positive,0.784,"a little Sigirya here, worth visiting on an afternoon, great tuktuk ride...",1635,0.03547400611620795,90,0.6061358035703155,0.02150206520310599,0.016857619119235098
Mulgirigala Raja Maha Vihara,Entrance fee,20,2,19,41,positive,0.834,"Similar to dambulla, but we just liked it better, morecaves, more colorful and nice view from the top - entrance fee 200 rupies",1635,0.02507645259938838,87,0.6400373552459969,0.016049866400664144,0.013385588578153895
Mulgirigala Raja Maha Vihara,Sunset view,13,0,3,16,positive,0.851,Good sunset.,1635,0.009785932721712538,44,1.3217558399823195,0.01293461372459762,0.011007356279632575
Mulgirigala Raja Maha Vihara,Beach,14,0,8,22,positive,0.787,Close to Tangalle this makes this worth a visit when you like a break from the beach.,1635,0.01345565749235474,64,0.9470623905409088,0.012743347151009169,0.010029014207844217
Mulgirigala Raja Maha Vihara,Hindu shrine,6,2,6,14,positive,0.786,The views from the top of the rock were stunning but the little Buddhist shrines here were only mediocre.,1635,0.00856269113149847,39,1.4423838277709342,0.012350687210270996,0.009707640147273003
Mulgirigala Raja Maha Vihara,Stupa,6,0,5,11,positive,0.784,"Of course when going into the little cave temple rooms you do need to follow temple etiquette.There are quite a few levels, at the top there is a dagoba and behind it (you need to go around the walls) there is a spectacular view!",1635,0.00672782874617737,29,1.7386496439141066,0.011697337053856375,0.009170712250223399
Mulgirigala Raja Maha Vihara,Forest,8,0,5,13,positive,0.789,Nice view on the nearby fields and palm forest.,1635,0.007951070336391437,51,1.1741198411762548,0.009335509440545144,0.007365716948590119
Mulgirigala Raja Maha Vihara,Parking,3,0,10,13,neutral,0.772,"A good walk to the monastery from the car park and a lot of steps to climb, but worth the effort.",1635,0.007951070336391437,54,1.1169614273363062,0.008881038871787143,0.006856162009019675
Mulgirigala Raja Maha Vihara,Peacefulness,52,0,0,52,positive,0.805,Peaceful rock monastery,1635,0.031804281345565746,129,0.24613306953890854,0.007828085392063146,0.006301608740610833
Mulgirigala Raja Maha Vihara,Guided tours,4,0,4,8,positive,0.82,"Although this would benefit from a tour guide for non-buddhists, the temple is wonderful to visit (400 Rupees each).",1635,0.004892966360856269,36,1.5224265354444706,0.007449181824804749,0.0061083290963398935
Mulgirigala Raja Maha Vihara,Ancient ruins,2,0,4,6,neutral,0.767,Visited mulkirigala early morning.very calm and quite at the moment.great ancient place with ruins.itwas take about 10-20 minutes to take the peak.better to visit with suitable dresses as this is buddhist nonstary.,1635,0.003669724770642202,23,1.9704512579714308,0.007231013790720848,0.005546187577482891
Mulgirigala Raja Maha Vihara,Family friendliness,9,1,8,18,positive,0.773,"A nice monastery at the bottom with child monks, curious and very nice.altogether a very pleasant place",1635,0.011009174311926606,89,0.6173091041684409,0.006796063532129625,0.0052533571103362
Mulgirigala Raja Maha Vihara,Viewpoint,4,0,1,5,positive,0.844,The caves are amazing and so are the views when you get to the top......make sure you go around the edge to get to the view point which is not marked.,1635,0.0030581039755351682,29,1.7386496439141066,0.005316971388116534,0.004487523851570354
Mulgirigala Raja Maha Vihara,Museum,1,2,3,6,neutral,0.777,"much better experience then in crowded Dambola, for instance.If you can, avoid the first guy right after the gate, it's a Buddhist ""museum"" not worth it, he'll rush through the exhibits with close to null English, will push you to get a white string around your wrist and require donation for it.",1635,0.003669724770642202,36,1.5224265354444706,0.005586886368603562,0.004341010708404968
Mulgirigala Raja Maha Vihara,Toilets,1,2,3,6,neutral,0.77,"The toilets at the siteare also revolting and there is nowhere to buy water or drinks, so make sure you stock up before you arrive.The other thing to watch out for is the people trying to scam you all over the place.",1635,0.003669724770642202,37,1.4950275612563562,0.005486339674335252,0.004224481549238144
Mulgirigala Raja Maha Vihara,Accessibility,5,0,0,5,positive,0.848,This was a nice excursion accessible by local buses.,1635,0.0030581039755351682,36,1.5224265354444706,0.004655738640502968,0.003948066367146516
Mulgirigala Raja Maha Vihara,Value for money,11,6,0,17,positive,0.842,Enchanting and almost tourist-free,1635,0.010397553516819572,112,0.38744660260548613,0.004028496785500467,0.0033919942933913934
Mulgirigala Raja Maha Vihara,Crowdedness,3,18,0,21,negative,0.861,Nice not touristy place.,1635,0.012844036697247707,122,0.3019244291673241,0.0038779284480206767,0.0033388963937458025
Mulgirigala Raja Maha Vihara,Service quality,4,2,3,9,positive,0.784,Have a hot cup of ginger tea once your back down and prepare yourself for a nail biting tuk-tuk ride as dusk turns to dark and the Sri Lankan bus service scares all.,1635,0.005504587155963303,88,0.6286086594223741,0.003460231152783711,0.0027128212237824295
Mulgirigala Raja Maha Vihara,Accommodation,4,0,5,9,neutral,0.784,"The road from the hotel ""Good Karma"" is only 20 minutes by tuk-tuk.",1635,0.005504587155963303,90,0.6061358035703155,0.0033365273591026545,0.002615837449536481
Mulgirigala Raja Maha Vihara,Cleanliness,3,9,0,12,negative,0.867,"The temple is very interesting, the paintings and statues are beautiful but as is often the case a bit poorly presented with ugly lamp bulbs and behind dirty glass.",1635,0.007339449541284404,117,0.34377153910282454,0.0025230938649748592,0.002187522380933203
Muthurajawela Marsh,Birds,89,4,88,181,positive,0.768,"But the guide was very nice and there were many bird, some alligators to see!",726,0.2493112947658402,40,1.4170660197866443,0.35329056416168403,0.27132715327617335
Muthurajawela Marsh,Lagoon,38,2,46,86,neutral,0.777,Large water monitor lizards patrol the canal and crocodiles inhabit the lagoon although they are quite shy due to persecution and are best seen in the evening.,726,0.1184573002754821,11,2.70805020110221,0.3207883158330442,0.24925252140227533
Muthurajawela Marsh,Local guide,64,5,43,112,positive,0.773,"The guide was pleasant and knowledgeable.We visited during the afternoon and obviously would have seen much more if we had come early in the morning or in the evening but even so, it was a lovely experience.I think it is probably a good thing for tourists to visit and support the preservation of this lovely wetland.",726,0.15426997245179064,66,0.9162907318741551,0.141356145964057,0.10926830083021606
Muthurajawela Marsh,Wildlife,38,4,30,72,positive,0.788,Peaceful wildlife opportunity close to Negombo.,726,0.09917355371900827,54,1.1169614273363062,0.11077303411599732,0.08728915088340589
Muthurajawela Marsh,River,6,0,7,13,neutral,0.768,"Sounds include fisherman paddling their wooden boats, children laughing as they play in the river, water monitors rustling in the leaves (in the water they are quiet), and the wind blowing through the dense foliage.",726,0.01790633608815427,33,1.6094379124341003,0.028819136173062403,0.022133096580911928
Muthurajawela Marsh,Ticket price,13,3,21,37,neutral,0.754,"this is great for wild life in the wild.monkeys, crocks,monitors, bird life, fruit bats and many more this is a great trip and it doesnt cost the earth.",726,0.05096418732782369,94,0.5626506916305767,0.02867503524839027,0.021620976577286264
Muthurajawela Marsh,Guided tours,9,0,2,11,positive,0.847,Friendly staff and tour guides.,726,0.015151515151515152,36,1.5224265354444706,0.023067068718855617,0.019537807204870708
Muthurajawela Marsh,Public transport access,7,2,20,29,neutral,0.772,To get here bargain hard with a tuk-tuk driver in Negombo.,726,0.03994490358126722,90,0.6061358035703155,0.02421203623077018,0.018691691970154578
Muthurajawela Marsh,Water depth,2,1,4,7,neutral,0.754,We got some great shots of the many species of crane that live in the shallow lagoon area.,726,0.009641873278236915,13,2.540996116439044,0.024499962555197395,0.018472971766618836
Muthurajawela Marsh,Market,3,2,2,7,positive,0.789,"your driver will pass by the fresh food market, make sure you get some bananas and mangoes for the trip.",726,0.009641873278236915,16,2.3333567516607996,0.022497930112431952,0.01775086685870881
Muthurajawela Marsh,Accommodation,11,0,13,24,neutral,0.776,The hotel you leave from Jetwing Lagoon is amazing and the tour guides were very knowledgeable and friendly.,726,0.03305785123966942,90,0.6061358035703155,0.020037547225464976,0.015549136646960822
Muthurajawela Marsh,Beach,5,0,7,12,neutral,0.765,"After a day driving north from the tourist beach towns through the traffic of Colombo, it was lovely to have a final glimpse of some Sri Lankan wildlife.",726,0.01652892561983471,64,0.9470623905409088,0.015653923810593533,0.011975251715104053
Muthurajawela Marsh,Service quality,13,1,2,16,positive,0.793,Friendly staff and tour guides.,726,0.02203856749311295,88,0.6286086594223741,0.013853634367435242,0.010985932053376148
Muthurajawela Marsh,Noise level,0,6,0,6,negative,0.807,"This Marsh has plenty of such places, opportunities but the weather should be perfect and also couple visits is a must to capture pictures of rare creatures.But most of the birds, sea creatures would be running away because of noise of boats and machines.",726,0.008264462809917356,32,1.640209571100854,0.013555451000833505,0.01093924895767264
Muthurajawela Marsh,Forest,1,0,6,7,neutral,0.76,"See the amazing bird life, water lilies & lizards as well as where jungle & marsh lands meet.",726,0.009641873278236915,51,1.1741198411762548,0.0113207147220851,0.008603743188784676
Muthurajawela Marsh,Value for money,9,8,0,17,positive,0.873,Far too expensive for what it provides,726,0.023415977961432508,112,0.38744660260548613,0.009072441107841962,0.007920241087146033
Muthurajawela Marsh,Peacefulness,27,1,0,28,positive,0.827,Peaceful wildlife opportunity close to Negombo.,726,0.03856749311294766,129,0.24613306953890854,0.009492735464310523,0.007850492228984802
Muthurajawela Marsh,Sunset view,3,0,2,5,positive,0.832,A beautiful sunset and a pleasant boating experience.,726,0.006887052341597796,44,1.3217558399823195,0.009103001652770795,0.007573697375105301
Muthurajawela Marsh,Family friendliness,8,1,2,11,positive,0.771,We had to pay for kids who are only just 4 and 2 and half which I think was a rip off!,726,0.015151515151515152,89,0.6173091041684409,0.009353168244976376,0.0072112927168767865
Muthurajawela Marsh,Scenic view,15,1,7,23,positive,0.808,"It was naturally scenic but also very informative because of the guides knowledge of local history, flora and wildlife.",726,0.03168044077134986,128,0.25391520998096345,0.008044145770746776,0.006499669782763395
Muthurajawela Marsh,Cleanliness,5,10,0,15,negative,0.861,the better of us so we did not complain.Rubbish is littered along the canal - a great photo of a small crocodile basking has a blue plastic bag next to it.One big negative- the boats need a canopy to offer some protection from the sun,726,0.02066115702479339,117,0.34377153910282454,0.007102717750058359,0.006115439982800247
Muthurajawela Marsh,Crowdedness,0,6,1,7,negative,0.797,A tranquil wildlife oasis offering a welcome respite from busy Negombo,726,0.009641873278236915,122,0.3019244291673241,0.0029111170856353564,0.002320160317251379
Nagadipa Purana Vihara,Temple,52,8,64,124,neutral,0.779,This temple is truly beautiful and definitely a place to visit if you go to Jaffna.,374,0.3315508021390374,76,0.7752121336142496,0.2570222047277191,0.20022029748289316
Nagadipa Purana Vihara,Hindu shrine,14,2,38,54,neutral,0.763,was a good experience travaling in a navy boat and from nagadeepa temple to nagadeepa kovil we took a dimo batta was a facinating ride,374,0.1443850267379679,39,1.4423838277709342,0.20825862753911883,0.15890133281234767
Nagadipa Purana Vihara,Buddha statue,9,1,38,48,neutral,0.761,Nagadeepa Purana Rajamaha vihara is a peaceful and religious place where you can pay homage to lord Buddha and learn about the ancient visit of Lord Buddha to this location.,374,0.12834224598930483,47,1.255797872190522,0.16117191942552156,0.12265183068282191
Nagadipa Purana Vihara,Museum,4,0,7,11,neutral,0.773,"there is a museum in side the temple must see it, boat ride is amazing boats looks bad but there are safe and its only 15 mins ride navy is all over the place so dont worry",374,0.029411764705882353,36,1.5224265354444706,0.04477725104248443,0.03461281505584046
Nagadipa Purana Vihara,Public transport access,5,3,15,23,neutral,0.756,"I went there back in 2010 although I write this review now :)I had the chance to speak with residents during my trip by public bus, boat & during my walk around the island and it was a wonderful experience for me.",374,0.06149732620320856,90,0.6061358035703155,0.03727573123560764,0.028180452814119374
Nagadipa Purana Vihara,Safety,6,8,3,17,negative,0.818,"The long bumpy journey by road and the risky, choppy, suffocating and smelly boat ride are an absolute waste of time.",374,0.045454545454545456,86,0.651598177647073,0.029618098983957862,0.02422760496887753
Nagadipa Purana Vihara,Stupa,4,0,2,6,positive,0.787,"Once arriving at Nainativu, you disembark and walk down the long jetty to arrive at Nagadipa Vihara Stupa on the left, and to the right, the walk along the shoreline road dotted with market stalls selling all kinds of interesting fare including huge chunks of Jaggery, temple braids, jewellery and trinkets.",374,0.016042780748663103,29,1.7386496439141066,0.027892775036055188,0.021951613953375432
Nagadipa Purana Vihara,Sculptures,3,0,4,7,neutral,0.771,The statues are so so and the temple buildings are simple and devoid of anything architecturally interesting.,374,0.01871657754010695,55,1.0986122886681098,0.020562262087371035,0.01585350406936307
Nagadipa Purana Vihara,Service quality,0,5,7,12,neutral,0.768,To reach the temple need to get into a public transport ferry service where the service is really bad.,374,0.03208556149732621,88,0.6286086594223741,0.02016926179964837,0.015489993062129948
Nagadipa Purana Vihara,Weather condition,2,8,0,10,negative,0.756,"Take plenty of water - its hot and you will need to keep hydratedDress Code:Its HOT, so a wide brimmed hat is preferable to a cap.",374,0.026737967914438502,82,0.6992262266363275,0.01869588841273603,0.01413409164002844
Nagadipa Purana Vihara,Crowdedness,0,15,1,16,negative,0.854,"The creaky old boats are packed tight, way beyond safety limits.",374,0.0427807486631016,122,0.3019244291673241,0.012916553119457715,0.011030736364016889
Nagadipa Purana Vihara,Peacefulness,16,0,0,16,positive,0.812,Peaceful and Religious,374,0.0427807486631016,129,0.24613306953890854,0.010529756985621756,0.008550162672324866
Nagadipa Purana Vihara,Cleanliness,8,2,0,10,positive,0.876,The temple itself is extraordinarily colourful and well maintained and loved.,374,0.026737967914438502,117,0.34377153910282454,0.009191752382428463,0.008051975087007333
Nagadipa Purana Vihara,Entrance fee,1,0,5,6,neutral,0.777,When you sit and meditate of course you feel some good vibration.There is no entry fees to this place and if you want you can make donation but not compulsory.,374,0.016042780748663103,87,0.6400373552459969,0.010267978961165727,0.00797821965282577
Nagadipa Purana Vihara,Scenic view,7,1,6,14,positive,0.759,"The best view is the conical staggered roof of the temple from the arrival walkway or from the main land, but the temple itself is ""just another temple""..",374,0.0374331550802139,128,0.25391520998096345,0.009504847432442481,0.007214179201223843
Nalanda Gedige,Temple,48,5,48,101,positive,0.783,Wonderful lonely little temple on the A9 between Dambulla and Kandy.,398,0.2537688442211055,76,0.7752121336142496,0.19672468717346533,0.15403543005682335
Nalanda Gedige,Hindu shrine,14,2,30,46,neutral,0.766,"A small Hindu temple sitting by a Buddhist tomb in a lovely setting, next to a lake and with views of the mountains in the distance.",398,0.11557788944723618,39,1.4423838277709342,0.16670767858659039,0.12769808179732825
Nalanda Gedige,Sculptures,17,0,14,31,positive,0.782,this is called as the 'center point ' of ancient Srilanka..nice ancient building with amazing carvings on the stone walls of the temple.sorounded by the beautiful lake.,398,0.07788944723618091,55,1.0986122886681098,0.08557030389123468,0.06691597764294553
Nalanda Gedige,Ancient ruins,5,0,10,15,neutral,0.763,An archaeological site on your way to Dambulla well worth a visit,398,0.03768844221105527,23,1.9704512579714308,0.07426323836575743,0.05666285087307292
Nalanda Gedige,Strong current,5,0,5,10,positive,0.79,A great example of South Indian style architecture in Sri Lanka The building was moved to its current location to save its loss in the waters of the nearby reservoir,398,0.02512562814070352,21,2.0614230361771577,0.051794548647667284,0.04091769343165715
Nalanda Gedige,Museum,6,0,7,13,neutral,0.771,There is a museum with some more historical details and you can check it out for free :),398,0.032663316582914576,36,1.5224265354444706,0.04972749990145256,0.038339902424019925
Nalanda Gedige,Buddha statue,6,0,8,14,neutral,0.786,"You will find a pig, a lion, a man-woman-horse, a lord buddha statue, a rare lord ganesh's statue and so many other interesting ones.There are 3 historians from archeology department, who are more than happy to share their knowledge about this place and it's history!",398,0.035175879396984924,47,1.255797872190522,0.044173794499164094,0.03472060247634298
Nalanda Gedige,Value for money,40,1,0,41,positive,0.799,Follow the dirt track to the end and the temple is there-- free of charge.,398,0.10301507537688442,112,0.38744660260548613,0.03991284097192194,0.03189035993656563
Nalanda Gedige,Heritage site,5,0,3,8,positive,0.827,Peaceful historical site,398,0.020100502512562814,30,1.7047480922384253,0.03426629331132513,0.02833822456846588
Nalanda Gedige,Parking,8,0,2,10,positive,0.848,"No crowds of tourists or people selling tat, just a car park and the temple.Well worth a quick stop - there's not a whole lot to see so you'll probably only be around 20 minutes, but it's a good place to stretch your legs.",398,0.02512562814070352,54,1.1169614273363062,0.028064357470761463,0.02379857513520572
Nalanda Gedige,Stupa,2,0,5,7,neutral,0.763,"It's free to see and is a small temple consisting of an image house, a stupa and a Bodhi tree.",398,0.017587939698492462,29,1.7386496439141066,0.030579265093966697,0.02333197926669659
Nalanda Gedige,Peacefulness,40,0,0,40,positive,0.813,The tranquil setting and the building's humble dimensions - not to mention the good state of preservation and the mind boggling lack of any entry fee (long may this last!) - combine to make this a very worthwhile stop indeed.,398,0.10050251256281408,129,0.24613306953890854,0.024736991913458146,0.020111174425641472
Nalanda Gedige,Entrance fee,8,0,5,13,positive,0.863,original site which was a few kilometers away which area went under water with the construction of a Reservoir nearby.There is also no entrance fee for this site,398,0.032663316582914576,87,0.6400373552459969,0.020905742759291357,0.01804165600126844
Nalanda Gedige,Accessibility,0,5,0,5,negative,0.84,You have to drive or walk round a bit further on the road to get to it as its not accessible from the actual temple sight.You only need and hour or so to do the temple and the lake....,398,0.01256281407035176,36,1.5224265354444706,0.019125961500558678,0.01606580766046929
Nalanda Gedige,Ticket price,7,0,3,10,positive,0.827,"although quite worn with time...The place is quiet, we were alone for most of the time, and quite unusual for Sri Lanka, there's no ticket to be payed!The lake views around the temple are beautiful, and you might as well walk to the lakeshore to get some photos but beware of the serpents!",398,0.02512562814070352,94,0.5626506916305767,0.014136952051019515,0.011691259346193137
Nalanda Gedige,Forest,2,0,3,5,neutral,0.772,"In the jungle between lakes,this is first temple half Buddhist half Hinduism .Very nice standing,a man help us explaining us the image on the walls.Free entrance ,we leave a small tip to the ""explainer""",398,0.01256281407035176,51,1.1741198411762548,0.014750249261008227,0.011387192429498351
Nalanda Gedige,Crowdedness,5,8,0,13,negative,0.855,Worth the detour and a good spot if you want to stop for nice cool breeze and place to eat your packed breakfast or lunch in the shade with good views and no monkeys!,398,0.032663316582914576,122,0.3019244291673241,0.009861853214008074,0.008431884497976903
Nalanda Gedige,Scenic view,6,1,9,16,neutral,0.791,"..The place is quiet, we were alone for most of the time, and quite unusual for Sri Lanka, there's no ticket to be payed!The lake views around the temple are beautiful, and you might as well walk to the lakeshore to get some photos but beware of the serpents!",398,0.04020100502512563,128,0.25391520998096345,0.01020764663240054,0.008074248486228829
Nallur Kandaswamy Kovil Festival,Hindu shrine,5,0,4,9,positive,0.787,well time managed poojas & typical tamil culture devotees a really pleasant to see such a nice hindu temple in Sri Lanka,22,0.4090909090909091,39,1.4423838277709342,0.5900661113608368,0.4643820296409785
Nallur Kandaswamy Kovil Festival,Temple,7,0,6,13,positive,0.791,The temple itself is impressive.,22,0.5909090909090909,76,0.7752121336142496,0.45807989713569297,0.3623411986343332
Negombo Beach,Beach,294,135,114,543,positive,0.809,Beach is really wide and clean sand.,1808,0.30033185840707965,64,0.9470623905409088,0.2844330077786026,0.2301063032928895
Negombo Beach,Boat service,24,5,33,62,neutral,0.758,Amazing boats up and down.,1808,0.034292035398230086,9,2.908720896564361,0.09974595994855663,0.07560743764100593
Negombo Beach,Waves,24,13,30,67,neutral,0.773,"Beach is beautiful and sandy; however, you cannot swim in the sea as the waves are very powerful and can easily knock you off your feet.",1808,0.03705752212389381,20,2.1102132003465894,0.0781992723579765,0.06044803753271583
Negombo Beach,Sunset view,56,3,33,92,positive,0.843,"In July it is cloudy, so it isn't worth it to get a tan, also a lot of people to sell something so you can not find your rest haha but it is nice to sit and watch the sunset with a glass of wine or beer!",1808,0.05088495575221239,44,1.3217558399823195,0.06725748743272865,0.05669806190579025
Negombo Beach,Cleanliness,107,216,2,325,negative,0.871,Beach is really wide and clean sand.,1808,0.17975663716814158,117,0.34377153910282454,0.061795215823240025,0.05382363298204206
Negombo Beach,Restaurants,44,10,36,90,positive,0.79,Great restaurant',1808,0.049778761061946904,49,1.214125175789954,0.060437647024942406,0.0477457411497045
Negombo Beach,Accommodation,63,18,69,150,neutral,0.787,"At the and of the afternoon we had a drink at the Jetwing resort, which has a briljant atmosphere, almost decadency you could say, 5 star hotel - our children took the chance to try one of the several swimmingpools, as we enjoyed the terrace with view on the beach.",1808,0.08296460176991151,90,0.6061358035703155,0.05028781556169653,0.03957651084705517
Negombo Beach,Souvenir stalls,11,9,29,49,neutral,0.771,Many nomadic dogs and crows search through the litter and general rubbish washed ashore on the rides whilst hawkers by the dozen interrogate you as to where you are from and try relentlessly to sell you something.,1808,0.027101769911504425,49,1.214125175789954,0.0329049411580242,0.02536970963283666
Negombo Beach,Strong current,3,16,5,24,negative,0.794,"A bit of a rough sea with red flags on the beach, because small children drowned here in the years before.",1808,0.01327433628318584,21,2.0614230361771577,0.027364022604121564,0.021727033947672524
Negombo Beach,Family friendliness,30,12,28,70,positive,0.762,"A bit of a rough sea with red flags on the beach, because small children drowned here in the years before.",1808,0.03871681415929203,89,0.6173091041684409,0.023900241864928572,0.01821198430107557
Negombo Beach,Market,8,0,6,14,positive,0.786,It was my first nite in Sri Lanka 🇱🇰 thus jet leg was taking over ...at 6am for 5 dollars 💵 a tuk tuk took us to the fish market and escorted us around ...amazing experience,1808,0.007743362831858407,16,2.3333567516607996,0.018068027944276102,0.014201469964201017
Negombo Beach,Safety,19,25,0,44,negative,0.82,But its not very flat type beach where most of the places slope is bit dangerous.,1808,0.024336283185840708,86,0.651598177647073,0.01585747777459691,0.013003131775169464
Negombo Beach,Weather condition,5,15,5,25,negative,0.769,During the day time its really really hot.,1808,0.013827433628318585,82,0.6992262266363275,0.009668504239993467,0.0074350797605549765
Negombo Beach,Crowdedness,11,33,1,45,negative,0.848,"Touristy, but okay for a night since it is close to the airport.",1808,0.024889380530973452,122,0.3019244291673241,0.0075147120091424695,0.006372475783752814
Negombo Beach,Church,0,1,4,5,neutral,0.76,"Sebastiyan church, Dutch cancels are famous places among tourists very close to beach road, Negombo Beach park is very famous among the loacals, as well as tourist, it will be crowded in weekends,",1808,0.0027654867256637168,9,2.908720896564361,0.008044029028109407,0.006113462061363149
Negombo Beach,Ticket price,8,11,4,23,negative,0.831,"It's a long sandy beach, very stark, somewhat dirty with a lot of trash and vendors hustling for the tourist dollar.",1808,0.012721238938053098,94,0.5626506916305767,0.007157613886893398,0.005947977140008414
Negombo Beach,Service quality,13,5,3,21,positive,0.797,"Staff were so welcoming and kind, menu was affordable and mojitos were excellent!",1808,0.011615044247787611,88,0.6286086594223741,0.007301317393733328,0.005819149962805463
Negombo Beach,Lagoon,1,1,3,5,neutral,0.772,"Easy to go anywhere, nice fish market, don't forget to take the tour with the boat(lagoon trip) .This city a lot tuk tuk and the price not to expensive.",1808,0.0027654867256637168,11,2.70805020110221,0.00748907688357912,0.005781567354123081
Negombo Beach,Scenic view,32,4,13,49,positive,0.783,"At the and of the afternoon we had a drink at the Jetwing resort, which has a briljant atmosphere, almost decadency you could say, 5 star hotel - our children took the chance to try one of the several swimmingpools, as we enjoyed the terrace with view on the beach.",1808,0.027101769911504425,128,0.25391520998096345,0.006881551597935403,0.005388254901183421
Negombo Beach,Birds,3,3,2,8,positive,0.795,"embarking on a memorable boat rideCrusading through silent waters merging onto the mighty ocean, you'll be charmed with the migratory birds, fishermen's net and mangrove forests along with mini-islands It's worth an experience for sure",1808,0.004424778761061947,40,1.4170660197866443,0.006270203627374532,0.0049848118837627535
Negombo Beach,Peacefulness,43,1,0,44,positive,0.8,A peaceful beach near to the Airport,1808,0.024336283185840708,129,0.24613306953890854,0.005989964081699102,0.004791971265359282
Negombo Beach,Value for money,17,9,0,26,positive,0.845,"Cant step foot on the beach without being poached and water was brown but close to the airport, some nice little restaurants and cheap guesthouses.",1808,0.014380530973451327,112,0.38744660260548613,0.0055716878693266815,0.004708076249581045
Negombo Beach,Noise level,0,6,0,6,negative,0.787,Noisy and not clean,1808,0.00331858407079646,32,1.640209571100854,0.005443173355423188,0.00428377743071805
Negombo Beach,Accessibility,5,0,0,5,positive,0.872,"near by airport & easy access to country ,you can really relax the day before start travel as well as leaving the country",1808,0.0027654867256637168,36,1.5224265354444706,0.004210250374569885,0.00367133832662494
Negombo Beach,Public transport access,2,3,5,10,neutral,0.81,It was my first nite in Sri Lanka 🇱🇰 thus jet leg was taking over ...at 6am for 5 dollars 💵 a tuk tuk took us to the fish market and escorted us around ...amazing experience,1808,0.0055309734513274336,90,0.6061358035703155,0.003352521037446435,0.0027155420403316127
Negombo Beach,Local guide,4,0,2,6,positive,0.783,The beach stretch is beautiful and there are sail boats that you can rent with a guide that will take you to the sea with life jackets.,1808,0.00331858407079646,66,0.9162907318741551,0.0030407878270160013,0.002380936868553529
Negombo Fish Market,Market,125,35,122,282,positive,0.78,"We mentioned to our friend Ushan we'd like to visit the normal market in Negombo, what a busy place that is selling just about everything you can think of and it seems to go on for miles.",869,0.3245109321058688,16,2.3333567516607996,0.7571997744169683,0.5906158240452353
Negombo Fish Market,Boat service,27,2,30,59,neutral,0.765,"brutal and loud, but it is a part of real life in Sri Lanka.However you will find some more peaceful views around nearby with all the boats and catamarans lying at berth.",869,0.06789413118527042,9,2.908720896564361,0.19748507813267813,0.15107608477149878
Negombo Fish Market,Food quality,33,3,24,60,positive,0.755,"After seeing it you can appreciate why it's so important to cook food properly and maintain a high standard of personal hygiene.All in all the market itself is well worth a visit, take some water with you it gets very hot and very busy.",869,0.06904487917146145,16,2.3333567516607996,0.16110633498233368,0.12163528291166192
Negombo Fish Market,Beach,41,6,46,93,neutral,0.777,"The nearby beach is full of drying fish being turned by hand.It was a very interesting experience, one where we got a lot of wonderful memories and photos.The only downside is that like other parts of Negombo, the fish market is very dirty.",869,0.10701956271576525,64,0.9470623905409088,0.10135420290023535,0.07875221565348287
Negombo Fish Market,Souvenir stalls,9,3,20,32,neutral,0.766,"A bustling busy hive of vendors selling their fish, it's not clean, there is no refrigeration and it is packed with locals.",869,0.03682393555811277,49,1.214125175789954,0.044708867232771614,0.03424699230030306
Negombo Fish Market,Lagoon,1,1,9,11,neutral,0.751,"with the fresh catch from the sea and lagoon comes to this market.its a first hand experience, i always prefer visiting this market.",869,0.012658227848101266,11,2.70805020110221,0.03427911646964823,0.02574361646870582
Negombo Fish Market,Birds,7,2,11,20,neutral,0.771,sardines?) with amazing precision...one side a pile of heads for the birds to eat and the other something that might eventually end up for dinner later in the day!,869,0.023014959723820484,40,1.4170660197866443,0.03261371737138422,0.025145176093337235
Negombo Fish Market,Ticket price,21,3,18,42,positive,0.787,"We hired a tuk tuk from the beach early morning and payed 350 rupees to get there and back, the driver was a nice older gent by the name of Dixon, look out for him.",869,0.04833141542002301,94,0.5626506916305767,0.027193704313560666,0.021401445294772246
Negombo Fish Market,Public transport access,11,0,20,31,neutral,0.791,"We hired a tuk tuk from the beach early morning and payed 350 rupees to get there and back, the driver was a nice older gent by the name of Dixon, look out for him.",869,0.03567318757192175,90,0.6061358035703155,0.02162279621482138,0.01710363180592371
Negombo Fish Market,Noise level,0,11,0,11,negative,0.782,"To a working fish market ,most fisherman just got on with their day to day lives ,remember it is a working market therefore it is noisy ,hot and busy.",869,0.012658227848101266,32,1.640209571100854,0.020762146469631062,0.016235998539251492
Negombo Fish Market,Accommodation,10,3,16,29,neutral,0.771,Check with hotel or locals what's the best time.,869,0.0333716915995397,90,0.6061358035703155,0.02022777710418774,0.015595616147328748
Negombo Fish Market,Restaurants,7,0,7,14,positive,0.776,This is not contrived for the tourists but very much a market where the fish/seafood is landed and sold on to individuals and restaurants at very low prices.It is very loud and colourful and as you would expect very smelly but very much worth a visit and with some great photo opportunities.,869,0.01611047180667434,49,1.214125175789954,0.01956012941433758,0.015178660425525963
Negombo Fish Market,Cleanliness,11,32,1,44,negative,0.865,"The nearby beach is full of drying fish being turned by hand.It was a very interesting experience, one where we got a lot of wonderful memories and photos.The only downside is that like other parts of Negombo, the fish market is very dirty.",869,0.05063291139240506,117,0.34377153910282454,0.01740615387862403,0.015056323105009784
Negombo Fish Market,Crowdedness,0,51,1,52,negative,0.795,"We mentioned to our friend Ushan we'd like to visit the normal market in Negombo, what a busy place that is selling just about everything you can think of and it seems to go on for miles.",869,0.05983889528193326,122,0.3019244291673241,0.01806682430000098,0.01436312531850078
Negombo Fish Market,Weather condition,3,19,1,23,negative,0.763,"After seeing it you can appreciate why it's so important to cook food properly and maintain a high standard of personal hygiene.All in all the market itself is well worth a visit, take some water with you it gets very hot and very busy.",869,0.026467203682393557,82,0.6992262266363275,0.018506562960455157,0.014120507538827286
Negombo Fish Market,Guided tours,6,0,3,9,positive,0.829,"We too were approached by Rick Stein's fisherman friend, Joachim - and although now he is probably a bit more of a self made tour guide than a working fisherman he guided us round the beach, where the sights, sounds and colours were really worth seeing.",869,0.010356731875719217,36,1.5224265354444706,0.01576736342807852,0.013071144281877093
Negombo Fish Market,Bridge,1,0,4,5,neutral,0.76,Great fish market - really interesting with heaps to see.....lovely setting on the waterfront.....bit smelly but heaps of big fish to see - got some great pictures - the bridge nearby makes for a great picture of the surrounding area...,869,0.005753739930955121,20,2.1102132003465894,0.01214161795366277,0.009227629644783707
Negombo Fish Market,Value for money,22,0,0,22,positive,0.835,Cultural lesson free of charge,869,0.02531645569620253,112,0.38744660260548613,0.009808774749505977,0.00819032691583749
Negombo Fish Market,Wildlife,2,1,5,8,neutral,0.773,The locals were were happy to pose for pictures with interesting sea creatures and it was really really great.,869,0.009205983889528193,54,1.1169614273363062,0.010282728905282451,0.007948549443783336
Negombo Fish Market,Temple,4,0,1,5,positive,0.804,We then took multiple long journeys to Yala National Park and then north to Kandy.Dinesh was brilliant and took us to some beautiful temples and food stops off the beaten path.,869,0.005753739930955121,76,0.7752121336142496,0.004460369008137224,0.0035861366825423284
Negombo Fish Market,Entrance fee,3,0,2,5,positive,0.792,"Tuna,marlin and so much more.A small donation was expected for his ""English"" fees but he's worth a couple of quid for his help and friendliness.",869,0.005753739930955121,87,0.6400373552459969,0.0036826084881818005,0.002916625922639986
Negombo Fish Market,Service quality,3,2,0,5,positive,0.8,Out side the market on the beach are hundreds of fish laid out in the sun to dry/salt.Our guide - Roy the Tuc Tuc driver (Can be found next to Silver's tailor shop or outside Jetwing sea) was very helpful and explained the different types of fish.,869,0.005753739930955121,88,0.6286086594223741,0.003616850744662682,0.0028934805957301457
Negombo Fish Market,Scenic view,3,0,4,7,neutral,0.783,"?v=cLjtdh2GrqIYes, it is may appear brutal and loud, but it is a part of real life in Sri Lanka.However you will find some more peaceful views around nearby with all the boats and catamarans lying at berth.",869,0.00805523590333717,128,0.25391520998096345,0.002045346915842053,0.0016015066351043278
Nilavarai Bottomless Well,Cleanliness,4,13,0,17,negative,0.866,"Its flanked by a little shop and a hindu temple, the waters are dirty and the surrounding area is poorly kept, but the mystery surrounding this is quite interesting.",41,0.4146341463414634,117,0.34377153910282454,0.14253941865239067,0.12343913655297031
Nilavarai Bottomless Well,Entrance fee,2,3,4,9,neutral,0.818,And have to pay a certain amount of fee.what a rip off.,41,0.21951219512195122,87,0.6400373552459969,0.1404960048100969,0.11492573193465924
Nilavarai Bottomless Well,Temple,0,1,4,5,neutral,0.768,at present some works are being done to preserve and protect it by connecting it to the nearby temple given its significance to the Ramayan.Hopefully people stop throwing rubbish in it.,41,0.12195121951219512,76,0.7752121336142496,0.09453806507490849,0.07260523397752972
Nilavarai Bottomless Well,Public transport access,1,0,4,5,neutral,0.792,It can be informative for the history behind this great bottomless well to be displayed for tourist and also the surrounding which is now full of vegetable stalls and a bus stop to be cleared for easy and comfortable access to tourist.,41,0.12195121951219512,90,0.6061358035703155,0.07391900043540432,0.05854384834484023
Nilavarai Bottomless Well,Ticket price,3,0,2,5,positive,0.804,Save yourself a few rupees and buy yourself a fresh vadai from the veg hotel opposite instead!,41,0.12195121951219512,94,0.5626506916305767,0.06861593800372887,0.055167214154998014
Nilaveli Beach,Beach,207,12,41,260,positive,0.817,Great beach,905,0.287292817679558,64,0.9470623905409088,0.2720842226968357,0.22229280994331474
Nilaveli Beach,Sandy beach,47,3,24,74,positive,0.779,"Don't get me wrong -- it is beautiful; the color of the sand, the shades of water, the feel between heat of sand (at 9:45am) and coolness of sea water is like heaven!",905,0.08176795580110498,15,2.3978952727983707,0.19607099468185574,0.15273930485716564
Nilaveli Beach,Waves,25,2,19,46,positive,0.777,"The waves were great to ride, the atmosphere is perfect for lone travellers, couples or family.",905,0.05082872928176796,20,2.1102132003465894,0.10725945548722997,0.08334059691357769
Nilaveli Beach,Water depth,11,0,11,22,positive,0.759,Mostly the beach is calm you could enjoy deep blue sea around the day during most part of the year.,905,0.02430939226519337,13,2.540996116439044,0.06177007133884969,0.04688348414618691
Nilaveli Beach,Cleanliness,81,36,1,118,positive,0.875,Clean it please,905,0.13038674033149172,117,0.34377153910282454,0.04482325040235724,0.039220344102062585
Nilaveli Beach,Accommodation,25,4,42,71,neutral,0.776,"(Unawatuna is a joke compared to it)Stay at the Residence in Nilaveli, very nice budget hotel.",905,0.07845303867403315,90,0.6061358035703155,0.04755319563921812,0.036901279816033264
Nilaveli Beach,Restaurants,12,4,17,33,neutral,0.781,"Wide, clean & quiet beach No beach sellers, no dogs, no fishermen, no cafe or restaurant .....only a small herd of cows roam the beach which suited me fine with on interruptions.",905,0.036464088397790057,49,1.214125175789954,0.044271967735987273,0.03457640680180606
Nilaveli Beach,Water clarity,9,0,0,9,positive,0.92,"the sea is so Crystal and so transparent clear water, mostly packed with locals.",905,0.009944751381215469,13,2.540996116439044,0.025269574638620326,0.0232480086675307
Nilaveli Beach,Coral reef,4,0,5,9,neutral,0.78,"If you go Nilaveli, make sure you visit Pigeon Island to see the beautiful coral gardens.",905,0.009944751381215469,9,2.908720896564361,0.028926506153678727,0.022562674799869408
Nilaveli Beach,Sunrise view,6,0,4,10,positive,0.848,"Sunrise is stunning if you can get up early enough but well worth it.View over to Pigeon Island where you can snorkel or dive, boat trip of approx 10 mins you need a ticket for the island and of course pay the boatman.",905,0.011049723756906077,21,2.0614230361771577,0.022778155095880194,0.019315875521306404
Nilaveli Beach,Peacefulness,79,1,0,80,positive,0.784,"Beautful, serene...",905,0.08839779005524862,129,0.24613306953890854,0.021757619406754344,0.017057973614895406
Nilaveli Beach,Strong current,4,4,1,9,positive,0.793,Why do local people allow the entire tide line to be covered in rubbish?,905,0.009944751381215469,21,2.0614230361771577,0.020500339586292174,0.016256769291929693
Nilaveli Beach,Safety,17,6,4,27,positive,0.821,They aren't dangerous but looks uncomfortable.,905,0.02983425414364641,86,0.651598177647073,0.019439945631459635,0.01596019536342836
Nilaveli Beach,Family friendliness,16,1,10,27,positive,0.764,"The waves were great to ride, the atmosphere is perfect for lone travellers, couples or family.",905,0.02983425414364641,89,0.6173091041684409,0.01841695669894796,0.014070554917996242
Nilaveli Beach,Cafes,2,3,0,5,negative,0.784,"Wide, clean & quiet beach No beach sellers, no dogs, no fishermen, no cafe or restaurant .....only a small herd of cows roam the beach which suited me fine with on interruptions.",905,0.0055248618784530384,15,2.3978952727983707,0.013248040181206467,0.01038646350206587
Nilaveli Beach,Crowdedness,7,23,1,31,negative,0.85,"I love the beach, longer than Uppuveli and much less crowded.",905,0.03425414364640884,122,0.3019244291673241,0.01034216276705751,0.008790838351998884
Nilaveli Beach,Weather condition,7,4,1,12,positive,0.782,Beautiful weather in May!,905,0.013259668508287293,82,0.6992262266363275,0.009271507977498265,0.007250319238403643
Nilaveli Beach,Ticket price,7,0,7,14,positive,0.782,"Sunrise is stunning if you can get up early enough but well worth it.View over to Pigeon Island where you can snorkel or dive, boat trip of approx 10 mins you need a ticket for the island and of course pay the boatman.",905,0.015469613259668509,94,0.5626506916305767,0.008703988599810026,0.00680651908505144
Nilaveli Beach,Scenic view,19,0,5,24,positive,0.799,"Sunrise is stunning if you can get up early enough but well worth it.View over to Pigeon Island where you can snorkel or dive, boat trip of approx 10 mins you need a ticket for the island and of course pay the boatman.",905,0.026519337016574586,128,0.25391520998096345,0.0067336630271194724,0.005380196758668459
Nilaveli Beach,Public transport access,3,1,5,9,neutral,0.753,Very easy to get to via tuk tuk from Trinco or Uppuveli.,905,0.009944751381215469,90,0.6061358035703155,0.0060278698697600434,0.004538986011929313
Nilaveli Beach,Value for money,5,5,0,10,positive,0.84,"Do not expect well maintained, tidy accommodation unless you get an expensive one.",905,0.011049723756906077,112,0.38744660260548613,0.004281177929342388,0.003596189460647606
Nilaveli Beach,Service quality,3,0,2,5,positive,0.8,Some nice bars offer good service at the sun set.,905,0.0055248618784530384,88,0.6286086594223741,0.003472976018908144,0.0027783808151265153
Nine Arches Bridge,Bridge,240,30,170,440,positive,0.792,"Once we got to the bridge, the view was simply breathtaking!",1552,0.28350515463917525,20,2.1102132003465894,0.5982563196858888,0.47381900519122394
Nine Arches Bridge,Trail,75,17,82,174,neutral,0.77,I took both the forest path and the railroad track and thought they were both easy to follow.,1552,0.11211340206185567,39,1.4423838277709342,0.16171055801040113,0.12451712966800887
Nine Arches Bridge,Tea plantation,24,1,13,38,positive,0.836,We walked easily right along the train tracks from Ella station for about an hour enjoying great views (and surprising peace and quiet!) before going through a tinnier and coming out onto Nice Arches bridge where we hung out for a few minutes admiring the views and tea plantations before the train came along.,1552,0.024484536082474227,16,2.3333567516607996,0.0571311575793237,0.04776164773631461
Nine Arches Bridge,Public transport access,38,10,68,116,neutral,0.804,"We came down to view the 09:30 train, coming by Tuk Tuk we arrived form the opposite end of the bridge to Ella we had a nice walk morning walk along the tracks and arrived early.",1552,0.07474226804123711,90,0.6061358035703155,0.045303964699843165,0.036424387618673906
Nine Arches Bridge,Colonial architecture,22,2,12,36,positive,0.794,Nine Arch Bridge is one of the best Srilankan landmarks and a great example of colonial-era railway construction in the country.It is located between the railway stations of Ella and Demodara.,1552,0.023195876288659795,24,1.927891643552635,0.04471913606178793,0.03550699403305962
Nine Arches Bridge,Forest,27,3,25,55,positive,0.784,The wall though the forest to get to the bridge was really nice.,1552,0.035438144329896906,51,1.1741198411762548,0.04160862839219975,0.0326211646594846
Nine Arches Bridge,Scenic view,174,7,58,239,positive,0.793,"Once we got to the bridge, the view was simply breathtaking!",1552,0.15399484536082475,128,0.25391520998096345,0.03910163349577981,0.03100759536215339
Nine Arches Bridge,Stairs,10,4,17,31,neutral,0.767,It is a relative easy walk with a few area of track that you need to watch as there are branches and dirt steps.,1552,0.01997422680412371,47,1.255797872190522,0.025083591519269446,0.019239114695279665
Nine Arches Bridge,Viewpoint,8,0,11,19,neutral,0.799,Nice viewpoint - if you have some free time you should visit it.,1552,0.012242268041237113,29,1.7386496439141066,0.021285014970597954,0.017006726961507766
Nine Arches Bridge,Weather condition,9,33,3,45,negative,0.772,Hot sweaty walk but worth it,1552,0.028994845360824743,82,0.6992262266363275,0.02027395631355331,0.015651494274063156
Nine Arches Bridge,Crowdedness,2,85,6,93,negative,0.838,Probably would have been nicer if it wasn’t packed.,1552,0.059922680412371136,122,0.3019244291673241,0.01809212107768115,0.015161197463096802
Nine Arches Bridge,Leeches,1,4,3,8,negative,0.787,Full of leeches...,1552,0.005154639175257732,8,3.0265039322207445,0.01560053573309662,0.012277621621947041
Nine Arches Bridge,Local guide,15,1,9,25,positive,0.783,The path our chauffeur guide took us there was interesting too which he mentioned was a short cut.,1552,0.01610824742268041,66,0.9162907318741551,0.014759837820137806,0.011556953013167903
Nine Arches Bridge,Safety,12,13,4,29,negative,0.821,Safe and fairly easy access.,1552,0.018685567010309278,86,0.651598177647073,0.012175481412219791,0.009996070239432449
Nine Arches Bridge,Accessibility,8,2,1,11,positive,0.845,My advice is to ask for directions to those paths which are less like goat tracks and more accessible for the average walker.,1552,0.007087628865979381,36,1.5224265354444706,0.010790394258949211,0.009117883148812083
Nine Arches Bridge,Ticket price,13,3,16,32,neutral,0.769,You can get a tuktuk from Halpe (near halpe school) to the nine Arch Bridge like 600/700 rupees.Good Place.,1552,0.020618556701030927,94,0.5626506916305767,0.011601045188259313,0.008921203749771412
Nine Arches Bridge,Souvenir stalls,1,1,9,11,neutral,0.758,It was crowded and there are vendors.,1552,0.007087628865979381,49,1.214125175789954,0.008605268642841168,0.006522793631273606
Nine Arches Bridge,Parking,2,2,7,11,neutral,0.78,There are several ways to get there but I'd recommend walking along the road until you reach the Art Cafe Umbrella and turning left into the jungle at the parking just past the cafe.,1552,0.007087628865979381,54,1.1169614273363062,0.007916608054574335,0.006174954282567982
Nine Arches Bridge,Family friendliness,12,1,7,20,positive,0.761,It was a relatively easy walk - we had two young children with us.,1552,0.01288659793814433,89,0.6173091041684409,0.007955014228974754,0.006053765828249788
Nine Arches Bridge,Noise level,0,7,0,7,negative,0.777,It's not allowed to fly/film with drones because the bees will associate the noise with their biggest enemie so they will attack.The close by train tunnel can also be entered.,1552,0.004510309278350515,32,1.640209571100854,0.007397852446975501,0.005748131351299964
Nine Arches Bridge,Accommodation,7,1,11,19,neutral,0.769,The best angle comes form walking into the pine forest close to the 98 acres hotel.,1552,0.012242268041237113,90,0.6061358035703155,0.00742047697669845,0.005706346795081108
Nine Arches Bridge,Value for money,15,9,0,24,positive,0.822,You get full access to track and its free - no barbed wire fences and prison threats if you stray near the track.,1552,0.015463917525773196,112,0.38744660260548613,0.00599144230833226,0.004924965577449118
Nine Arches Bridge,Waterfall,3,0,2,5,positive,0.784,"The walk was exciting, with stunning view and we were also able to spot a beautiful birds, small falls and even peacocks!",1552,0.0032216494845360823,24,1.927891643552635,0.006210991119692767,0.004869417037839129
Nine Arches Bridge,Sunset view,3,0,3,6,positive,0.823,"We went around 5 and watched the sunset from there, which put the scwnery into an amazing light.",1552,0.003865979381443299,44,1.3217558399823195,0.005109880824673916,0.004205431918706632
Nine Arches Bridge,Guided tours,2,0,3,5,neutral,0.828,Good to check with the locals or your tour guide the timing for the passing by train.,1552,0.0032216494845360823,36,1.5224265354444706,0.004904724663158732,0.00406111202109543
Nine Arches Bridge,Peacefulness,27,0,0,27,positive,0.822,We walked easily right along the train tracks from Ella station for about an hour enjoying great views (and surprising peace and quiet!) before going through a tinnier and coming out onto Nice Arches bridge where we hung out for a few minutes admiring the views and tea plantations before the train came along.,1552,0.017396907216494846,129,0.24613306953890854,0.004281954173679466,0.003519766330764521
Nine Arches Bridge,Service quality,6,3,1,10,positive,0.786,The tuk rude is a little pricey and the approach road is terrible.,1552,0.006443298969072165,88,0.6286086594223741,0.004050313527206018,0.0031835464323839305
Nine Arches Bridge,Cleanliness,4,7,0,11,negative,0.873,"Built by the British as part of their legacy of infrastructure, it looks well maintained and the line is in full use.",1552,0.007087628865979381,117,0.34377153910282454,0.002436525083847339,0.002127086398198727
Nine Arches Bridge,Entrance fee,3,0,2,5,positive,0.832,"Again, no entrance fee to this place and we had good time spent here in the late afternoon after climbing Little Adam’s Peak and before our dinner.",1552,0.0032216494845360823,87,0.6400373552459969,0.0020619760156121033,0.0017155640449892698
Old Parliament Building,Colonial architecture,25,1,43,69,neutral,0.775,Beautiful colonial building with high pillars and ceiling.,242,0.28512396694214875,24,1.927891643552635,0.5496881132443463,0.4260082877643684
Old Parliament Building,Sculptures,9,2,18,29,neutral,0.766,Some very interesting carvings.,242,0.11983471074380166,55,1.0986122886681098,0.13165188583212886,0.1008453445474107
Old Parliament Building,Beach,11,0,22,33,neutral,0.768,In front of a nice Galleface beach.,242,0.13636363636363635,64,0.9470623905409088,0.12914487143739664,0.09918326126392062
Old Parliament Building,Accommodation,16,1,24,41,neutral,0.772,Good place and very close to Galadari Hotel.,242,0.16942148760330578,90,0.6061358035703155,0.10269242953050799,0.07927855559755216
Old Parliament Building,Heritage site,7,0,1,8,positive,0.797,Nice heritage building,242,0.03305785123966942,30,1.7047480922384253,0.056355308834328106,0.044915181140959506
Old Parliament Building,Scenic view,20,0,12,32,positive,0.759,A beautiful view from the galle face green and amazing architecture.,242,0.1322314049586777,128,0.25391520998096345,0.03357556495616046,0.025483853801725787
Old Parliament Building,Birds,2,1,2,5,positive,0.768,"the attractions facing the sea.The structure is fabulous,may be portugal style who had Built this.The lake besides it has lots of Birds which is added attraction.Its a stony structure but still looking fresh.The area besides it is always secured as it is a Helipad from where VVIPs Fly.Photo in front of the building is",242,0.02066115702479339,40,1.4170660197866443,0.029278223549310832,0.022485675685870718
Old Parliament Building,Cleanliness,12,1,0,13,positive,0.883,Clean area,242,0.05371900826446281,117,0.34377153910282454,0.018467066150151732,0.01630641941058398
Old Parliament Building,Public transport access,2,0,4,6,neutral,0.76,"Flocks of tourists buses gather there, so if you speak Chinese or japanese or Korean you might even have a free lecture joining a group ))",242,0.024793388429752067,90,0.6061358035703155,0.015028160419098732,0.011421401918515036
Old Parliament Building,Crowdedness,0,5,1,6,negative,0.763,Built in British period one can drive through or halt for a while to see the traditional architectural monument in a busy street.,242,0.024793388429752067,122,0.3019244291673241,0.0074857296487766305,0.005711611722016569
Pasikudah Beach,Beach,76,6,11,93,positive,0.82,very safe beach for seabathing,404,0.2301980198019802,64,0.9470623905409088,0.21801188693144682,0.1787697472837864
Pasikudah Beach,Sandy beach,17,2,9,28,positive,0.784,"visited Pasikuda beach recently, it was a Sunday and the beach was quite busy, there are no facilities for sitting other than on the sand, if you try to go onto hotel grounds which are NOT MARKED you are approached by security men and then by staff from the hotels who want to charge 500rupees for a beach bed with mattress",404,0.06930693069306931,15,2.3978952727983707,0.1661907614810752,0.13029355700116296
Pasikudah Beach,Water depth,16,1,8,25,positive,0.771,The ocean is not deep for few meters and is safe for an enjoyable family trip.,404,0.06188118811881188,13,2.540996116439044,0.1572398586905349,0.1212319310504024
Pasikudah Beach,Coral reef,12,3,4,19,positive,0.794,There are glass bottom boats and you can go and see a small reef by paying about 3000 rupees .We enjoyed the boat ride although the reef was very small.Boat operator was a well mannered person,404,0.04702970297029703,9,2.908720896564361,0.13679627978891798,0.10861624615240088
Pasikudah Beach,Waves,12,1,8,21,positive,0.785,The waves are not rough letting you relax and enjoy your time.,404,0.05198019801980198,20,2.1102132003465894,0.10968930001801579,0.0861061005141424
Pasikudah Beach,Accommodation,23,5,18,46,positive,0.791,can find good hotels to stay.,404,0.11386138613861387,90,0.6061358035703155,0.06901546278275869,0.05459123106116213
Pasikudah Beach,Boat service,8,0,2,10,positive,0.756,"Good for snorkeling, glass bottom boat rides, small boat rides, jet ski and other water sports.",404,0.024752475247524754,9,2.908720896564361,0.07199804199416736,0.05443051974759052
Pasikudah Beach,Sunrise view,8,0,3,11,positive,0.849,Pasikuda beach is very beautiful and provides a superb location to see the sunrise.,404,0.027227722772277228,21,2.0614230361771577,0.05612785494541766,0.04765254884865959
Pasikudah Beach,Water clarity,5,0,0,5,positive,0.92,Try going in the morning at around 7:00 am when the water is very calm and crystal clear.,404,0.012376237623762377,13,2.540996116439044,0.03144797173810698,0.028932133999058425
Pasikudah Beach,Strong current,3,1,2,6,positive,0.78,Pasikudah is a calm wave-less and very low current clear water brighter sand beach so really suitable for children and people don't know how to swim.,404,0.01485148514851485,21,2.0614230361771577,0.03061519360659145,0.023879851013141332
Pasikudah Beach,Cleanliness,26,6,0,32,positive,0.876,One of the best beaches in the country with clean and clear beach.,404,0.07920792079207921,117,0.34377153910282454,0.027229428839827687,0.023852979663689055
Pasikudah Beach,Safety,16,0,1,17,positive,0.811,police life guards.,404,0.04207920792079208,86,0.651598177647073,0.0274187351980204,0.022236594245594543
Pasikudah Beach,Family friendliness,10,0,6,16,positive,0.768,safe for children.,404,0.039603960396039604,89,0.6173091041684409,0.02444788531360162,0.018775975920846046
Pasikudah Beach,Peacefulness,32,0,0,32,positive,0.763,"it is very calm, like a pool.",404,0.07920792079207921,129,0.24613306953890854,0.019495688676349193,0.014875210460054434
Pasikudah Beach,Weather condition,4,4,0,8,positive,0.795,Pristine white sand beach with blue skies and warm weather can have a sea swim or jet boating.,404,0.019801980198019802,82,0.6992262266363275,0.013846063893788663,0.011007620795561989
Pasikudah Beach,Crowdedness,5,10,1,16,negative,0.866,There are hotels nearby but fully packed always.,404,0.039603960396039604,122,0.3019244291673241,0.011957403135339568,0.010355111115204065
Pasikudah Beach,Ticket price,3,0,4,7,neutral,0.766,There are glass bottom boats and you can go and see a small reef by paying about 3000 rupees .We enjoyed the boat ride although the reef was very small.Boat operator was a well mannered person,404,0.017326732673267328,94,0.5626506916305767,0.009748898122311974,0.007467655961690972
Pasikudah Beach,Scenic view,10,0,2,12,positive,0.792,Passikudah is known for its nice sandy beach as well as for shallow calm water as a result of the bay there is a nice plot for general public in the middle of the resorts which recently came about highly recommended for beach lovers to take dip in this beautiful landscape,404,0.0297029702970297,128,0.25391520998096345,0.007542035940028617,0.005973292464502665
Passikudah Beach,Beach,297,24,44,365,positive,0.818,A nice public beach to stay and enjoy water sports :),1443,0.25294525294525294,64,0.9470623905409088,0.2395549359303061,0.1959559375909904
Passikudah Beach,Sandy beach,61,8,35,104,positive,0.774,"Passikuda beach lies on the east coast of Srilanka serving up gorgeous pristine coastline with golden, sunbaked sand.",1443,0.07207207207207207,15,2.3978952727983707,0.1728212809224051,0.13376367143394155
Passikudah Beach,Coral reef,28,9,23,60,positive,0.772,Just a stretch of beach with lots and lots of locals ( if your female I would cover up as much as possible too as the young men arnt used to flesh on show and you'll be stared )water was not clear lots of coral washed up on beach so a bit painfull without flip flops.,1443,0.04158004158004158,9,2.908720896564361,0.12094473582388197,0.09336933605603688
Passikudah Beach,Water depth,35,3,19,57,positive,0.769,"The water is clear shallow for miles,and offshore you will find some island's best diving-shipwrecked HMS Hermes is of particular note.",1443,0.0395010395010395,13,2.540996116439044,0.10037198796744665,0.07718605874696648
Passikudah Beach,Accommodation,83,13,59,155,positive,0.794,furthermore there are no bars and hotels butthe seen is great.,1443,0.10741510741510742,90,0.6061358035703155,0.06510814244864789,0.05169586510422643
Passikudah Beach,Waves,19,4,20,43,neutral,0.77,The water is without waves but nevertheless it's not clear very much.,1443,0.0297990297990298,20,2.1102132003465894,0.06288230603943405,0.04841937565036422
Passikudah Beach,Sunrise view,16,2,10,28,positive,0.853,"Therefore some days you might find the beach not just a bit crowded.There are hotels along the beach that offer star class accommodation and facilities.Most favourite activities here, outside bathing/swimming is visiting the coral reefs and watching the sunrise.",1443,0.019404019404019403,21,2.0614230361771577,0.03999989259387416,0.03411990838257466
Passikudah Beach,Safety,69,11,2,82,positive,0.794,The police and the life guard people are always around and you feel safe.,1443,0.05682605682605683,86,0.651598177647073,0.03702775507072764,0.02940003752615775
Passikudah Beach,Water clarity,17,0,0,17,positive,0.92,This beach is crystal clear and picture perfect most of the year until the end of the year when the North-Eastern monsoon winds and rain come down hard in this area.,1443,0.01178101178101178,13,2.540996116439044,0.02993550518327356,0.027540664768611677
Passikudah Beach,Cleanliness,108,15,0,123,positive,0.878,Beach was a clean place and good for sea bath.,1443,0.08523908523908524,117,0.34377153910282454,0.029302771524357188,0.02572783339838561
Passikudah Beach,Family friendliness,39,2,20,61,positive,0.771,Best beach to swim with the family,1443,0.04227304227304227,89,0.6173091041684409,0.026095533856046356,0.02011965660301174
Passikudah Beach,Peacefulness,118,0,0,118,positive,0.761,"beautiful beach, shallow calm sea.",1443,0.08177408177408177,129,0.24613306953890854,0.02012730575578046,0.01531687968014893
Passikudah Beach,Weather condition,13,19,5,37,negative,0.768,"You can have lovely sea bath here and lots of water sports are available for you like Jet Skis, Diving, Snorkeling, Boat Surfing and wind surfing.",1443,0.02564102564102564,82,0.6992262266363275,0.017928877606059677,0.013769378001453832
Passikudah Beach,Restaurants,7,2,9,18,neutral,0.783,"Because the waves are calm and shallow water depth is suitable for children playing.Long sandy beach is good for a stroll.Accommodation varies from luxury resorts to cheap place , but the restaurant is not much.",1443,0.012474012474012475,49,1.214125175789954,0.015145012587816475,0.011858544856260301
Passikudah Beach,Strong current,1,4,4,9,negative,0.773,the tzunami in 2004 washed away the reef and now there is a strong current and swimming is not suggested.,1443,0.006237006237006237,21,2.0614230361771577,0.012857108333745267,0.009938544741985092
Passikudah Beach,Crowdedness,14,38,1,53,negative,0.858,Very busy with locals on Saturday but still space for us.,1443,0.036729036729036726,122,0.3019244291673241,0.011089393448280095,0.009514699578624322
Passikudah Beach,Signage,4,2,1,7,positive,0.797,"The most interesting, yet worrying, thing is the sign warning you that crocodiles are present in the adjacent stream/swamp.The water is warm and flat.",1443,0.004851004851004851,16,2.3333567516607996,0.011319124921431459,0.009021342562380873
Passikudah Beach,Service quality,16,1,5,22,positive,0.808,"It's a really relaxing place, and the staff are friendly and very helpful.",1443,0.015246015246015246,88,0.6286086594223741,0.009583777205330721,0.0077436919819072235
Passikudah Beach,Sunset view,5,0,4,9,positive,0.836,Beautiful walks in the morning and before sunset.,1443,0.006237006237006237,44,1.3217558399823195,0.008243799417769145,0.0068918163132550055
Passikudah Beach,Souvenir stalls,2,1,5,8,neutral,0.772,Not crowded and no bothersome vendors.,1443,0.005544005544005544,49,1.214125175789954,0.006731116705696211,0.0051964220967974754
Passikudah Beach,Ticket price,7,1,7,15,positive,0.757,"The Spa looked good, but the prices are a little over the top, more than I would expect to pay in the UK.",1443,0.010395010395010396,94,0.5626506916305767,0.005848759788259633,0.004427511159712542
Passikudah Beach,Value for money,6,13,0,19,negative,0.861,The beach in front of Uga Bay is one of the cleanest and well kept and the same could be said about most of the expensive hotels on this beach.,1443,0.013167013167013167,112,0.38744660260548613,0.005101514518020954,0.004392404000016041
Passikudah Beach,Scenic view,18,1,9,28,positive,0.778,Nice view along the coastline.Seen and been to far better beaches.,1443,0.019404019404019403,128,0.25391520998096345,0.004926975661446276,0.003833187064605203
Passikudah Beach,Parking,1,1,3,5,neutral,0.796,You can also eat good cheap food right in the parking lot or grab snacks or ice cream.,1443,0.003465003465003465,54,1.1169614273363062,0.003870275215995517,0.0030807390719324317
Pedro Tea Factory,Tea plantation,79,4,44,127,positive,0.836,After a free cup of tea we were able to wander through the tea plantation which was so enjoyable.,916,0.13864628820960698,16,2.3333567516607996,0.32351125268659553,0.2704554072459939
Pedro Tea Factory,Local guide,87,14,51,152,positive,0.775,Our driver arranged a private guide to show us the production area which was fascinating and wonderful to be able to view the processes really up close.,916,0.16593886462882096,66,0.9162907318741551,0.1520482437171087,0.11783738888075924
Pedro Tea Factory,Guided tours,28,2,27,57,positive,0.819,"I found the tour of this tea factory very interesting and informative but the tour guide was quite rude and she fed us a sob story before the tour of how the workers are underpaid etc (clearly looking for tips).Afterwards you get a cup of tea and can buy tea from the shop at a pretty reasonable price,",916,0.06222707423580786,36,1.5224265354444706,0.09473614903966683,0.07758890606348713
Pedro Tea Factory,Ticket price,42,8,72,122,neutral,0.762,"I found the tour of this tea factory very interesting and informative but the tour guide was quite rude and she fed us a sob story before the tour of how the workers are underpaid etc (clearly looking for tips).Afterwards you get a cup of tea and can buy tea from the shop at a pretty reasonable price,",916,0.1331877729257642,94,0.5626506916305767,0.07493819255341742,0.05710290272570408
Pedro Tea Factory,Waterfall,16,1,8,25,positive,0.797,We stopped here as this tea plantation is located across the road going up to the Lover's Leap falls.It can be easily and cheaply reached by taking the bus to Borlander.The grounds are not as nice as the ones at Mackwoods Labookelie.We did not do the tour as we have already done the one at Mackwoods Labookelie.,916,0.027292576419213975,24,1.927891643552635,0.05261713000962432,0.041935852617670584
Pedro Tea Factory,Food quality,17,1,1,19,positive,0.799,Incredible views with delicious tea!,916,0.02074235807860262,16,2.3333567516607996,0.04839932126807335,0.03867105769319061
Pedro Tea Factory,Service quality,34,10,21,65,positive,0.787,"The estate GM was in at the time, frankly it was hard to believe that someone with so many staff could be welcoming and have so much time to chat.",916,0.07096069868995633,88,0.6286086594223741,0.044606509675168465,0.03510532311435759
Pedro Tea Factory,Value for money,62,25,0,87,positive,0.833,After a free cup of tea we were able to wander through the tea plantation which was so enjoyable.,916,0.09497816593886463,112,0.38744660260548613,0.0367989677147132,0.030653540106356094
Pedro Tea Factory,Scenic view,91,1,13,105,positive,0.813,The view from the factory is spectacular.,916,0.1146288209606987,128,0.25391520998096345,0.029106001144106074,0.023663178930158235
Pedro Tea Factory,Mountain,9,1,4,14,positive,0.769,Its look amazing big mountain around factory near factory there is tea shop you can order tea its frash tea and nice teste,916,0.015283842794759825,24,1.927891643552635,0.029465592805389615,0.022659040867344615
Pedro Tea Factory,Lake,5,0,0,5,positive,0.76,"We loved taking a long walk through the tea fields, there is a lake you can walk to which is beautiful and, if walking isn't your thing, the views from the tea house at the top are just incredible!",916,0.0054585152838427945,2,4.412798293340635,0.024087326928715253,0.01830636846582359
Pedro Tea Factory,Public transport access,13,2,13,28,positive,0.778,We stopped here as this tea plantation is located across the road going up to the Lover's Leap falls.It can be easily and cheaply reached by taking the bus to Borlander.The grounds are not as nice as the ones at Mackwoods Labookelie.We did not do the tour as we have already done the one at Mackwoods Labookelie.,916,0.03056768558951965,90,0.6061358035703155,0.018528168668088246,0.014414915223772655
Pedro Tea Factory,Weather condition,4,14,3,21,negative,0.763,"We visited on week day evening, they served us Hot Sri Lankan Tea with warm welcome for the factory tour.",916,0.02292576419213974,82,0.6992262266363275,0.016030295588824104,0.012231115534272792
Pedro Tea Factory,Entrance fee,5,2,14,21,neutral,0.79,"We immediately got a guide (entrance fee - 250 rupees per person, but guide is for free, you can leave tips, if you want).",916,0.02292576419213974,87,0.6400373552459969,0.014673345480530498,0.011591942929619094
Pedro Tea Factory,Museum,2,1,4,7,neutral,0.766,Best area to drink tea is to sit at the gallery.,916,0.007641921397379912,36,1.5224265354444706,0.011634263917152067,0.008911846160538483
Pedro Tea Factory,Toilets,2,3,1,6,negative,0.81,"Explanation was really good.After the visit they will provide really nice cup of tea and you can sit their front office and enjoy it.There has a very clean washroom and nice surrounding with tea estate,Hills,Mist..",916,0.006550218340611353,37,1.4950275612563562,0.009792756951460847,0.007932133130683286
Pedro Tea Factory,Accommodation,4,1,7,12,neutral,0.782,"We walked here from our hotel, it was quite a walk but the scenery was beautiful.",916,0.013100436681222707,90,0.6061358035703155,0.007940643714894962,0.00620958338504786
Pedro Tea Factory,Parking,2,1,3,6,neutral,0.79,Good access and car park.,916,0.006550218340611353,54,1.1169614273363062,0.007316341227093708,0.00577990956940403
Pedro Tea Factory,Souvenir stalls,2,1,2,5,positive,0.792,Factory also offers some good quality tea and souvenirs to sell.,916,0.0054585152838427945,49,1.214125175789954,0.006627320828547784,0.005248838096209845
Pedro Tea Factory,Cleanliness,10,4,0,14,positive,0.883,Pedro is a very clean and well organized tea factory.,916,0.015283842794759825,117,0.34377153910282454,0.0052541501609602,0.004639414592127857
Pedro Tea Factory,Crowdedness,0,11,0,11,negative,0.815,"This factory is the closest one from Nuwara Eliya, but its maybe the worst one, as it has sooo much publicity in all guide boooks and gets more touristy than the others.",916,0.012008733624454149,122,0.3019244291673241,0.0036257300445857697,0.002954969986337402
Pedro Tea Factory,Peacefulness,7,0,0,7,positive,0.8,the staff work through the night so it was very quiet.,916,0.007641921397379912,129,0.24613306953890854,0.001880929570712183,0.0015047436565697465
Pettah Floating Market,Market,27,11,30,68,neutral,0.784,"Although this place is called the Floating market it does not float like in other countries, but it is situated surrounded by The Beira lake.This place has many restaurants & shops with a variety of stuff for sale.The place has not been",162,0.41975308641975306,16,2.3333567516607996,0.9794336982279899,0.7678760194107441
Pettah Floating Market,Souvenir stalls,4,2,12,18,neutral,0.764,There are some nice shops selling clothing and souvenirs at fairly reasonable prices but I'd recommend that you buy these from Pettah market.,162,0.1111111111111111,49,1.214125175789954,0.13490279730999488,0.10306573714483609
Pettah Floating Market,Restaurants,5,1,8,14,neutral,0.774,"the Floating market it does not float like in other countries, but it is situated surrounded by The Beira lake.This place has many restaurants & shops with a variety of stuff for sale.The place has not been maintained well due to lack of customers.People enjoyed visiting this place at first due to its novel idea.Good for",162,0.08641975308641975,49,1.214125175789954,0.1049243979077738,0.08121148398061692
Pettah Floating Market,Ticket price,6,2,4,12,positive,0.807,"enjoyed visiting this place at first due to its novel idea.Good for relaxation, as the place is comparatively cheap, compared to city prices.Good for Budget travelers.",162,0.07407407407407407,94,0.5626506916305767,0.041677829009672346,0.033634008010805586
Pettah Floating Market,Value for money,9,5,0,14,positive,0.857,"of customers.People enjoyed visiting this place at first due to its novel idea.Good for relaxation, as the place is comparatively cheap, compared to city prices.Good for Budget travelers.",162,0.08641975308641975,112,0.38744660260548613,0.03348303973133831,0.02869496504975693
Pettah Floating Market,Crowdedness,1,17,0,18,negative,0.829,One is that entrance is through a road crowded with buses due to it is a main bus station.,162,0.1111111111111111,122,0.3019244291673241,0.03354715879636934,0.02781059464219018
Pettah Floating Market,Cleanliness,2,9,0,11,negative,0.869,The place used to be well-maintained during the previous government but the present government doesn't seem to be paying much attention to these tourist attractions.,162,0.06790123456790123,117,0.34377153910282454,0.02334251191438932,0.02028464285360432
Pettah Floating Market,Peacefulness,6,1,0,7,positive,0.817,The place is a nice quiet island in the loud city close to the bus station which makes it a good area to relax while waiting for your bus.The shops are of very little interest but the cafes are nice.,162,0.043209876543209874,129,0.24613306953890854,0.010635379547977528,0.00868910509069764
Pidurangala Rock,Sunrise view,89,7,48,144,positive,0.838,Highly recommended to set off early morning so you can be at the top for sunrise.,1589,0.09062303335431089,21,2.0614230361771577,0.1868124085648274,0.15654879837732535
Pidurangala Rock,Stairs,37,39,66,142,neutral,0.772,"No water to buy anywhere nearby, take yours with you, after climb that is not that comfy as Sigiriya you might need it (at some points you have to climb steep parts that are missing proper stairs and so on).",1589,0.0893643801132788,47,1.255797872190522,0.11222359839588052,0.08663661796161976
Pidurangala Rock,Sunset view,71,11,41,123,positive,0.837,As we were there at sunset the surroundings looked even better.Well worth visiting,1589,0.07740717432347388,44,1.3217558399823195,0.10231338471858105,0.08563630300945234
Pidurangala Rock,Scenic view,318,9,82,409,positive,0.792,It is a short hike and it is well worth it as the views are spectacular.,1589,0.25739458779106356,128,0.25391520998096345,0.06535640080693143,0.051762269439089695
Pidurangala Rock,Temple,24,9,74,107,neutral,0.764,"Luckily, the temple offers drapes free of charge for women at the entrance.",1589,0.06733794839521712,76,0.7752121336142496,0.05220119464866249,0.03988171271157814
Pidurangala Rock,Buddha statue,14,2,37,53,neutral,0.787,Nice reclining Buddha halfway/ best time sunrise or sunset.,1589,0.03335431088735054,47,1.255797872190522,0.04188627264071597,0.03296449656824347
Pidurangala Rock,Ticket price,32,9,63,104,neutral,0.762,Instead of paying 30 USD for Lion'S Rock we climbed this rock before dawn and had a beautiful authentic experience.,1589,0.06544996853366897,94,0.5626506916305767,0.03682547006266833,0.028061008187753266
Pidurangala Rock,Fortress,5,0,12,17,neutral,0.767,Pidurangala is the best place to take a closer view to Sigiriya fortress.,1589,0.010698552548772814,9,2.908720896564361,0.03111910336160739,0.023868352278352867
Pidurangala Rock,Weather condition,8,40,6,54,negative,0.757,"The view from the top is worth it though, you won't find a better view of Sigiriya really, and if (unlike me) you get up there on a sunny day (or for sunset) your pics should be pretty epic!",1589,0.033983637507866586,82,0.6992262266363275,0.02376225062200232,0.017988023720855756
Pidurangala Rock,Cave temple,0,3,8,11,neutral,0.796,"The rock offers a chance to explore a more natural setting, visit cave temples, see what was once the largest brick reclining Buddha in the world, and experience history without the crowds.",1589,0.006922592825676526,8,3.0265039322207445,0.020951254408073123,0.016677198508826208
Pidurangala Rock,Forest,18,2,8,28,positive,0.804,I don't recommend this - I got lost in the forest and went well out of my way to get back!,1589,0.01762114537444934,51,1.1741198411762548,0.020689336408392156,0.016634226472347295
Pidurangala Rock,Entrance fee,15,3,27,45,neutral,0.836,The entrance fee is only 500 /= - much more value for money thanthe 25$ for the Lions Rock.,1589,0.028319697923222153,87,0.6400373552459969,0.01812566456014466,0.015153055572280935
Pidurangala Rock,Viewpoint,11,0,4,15,positive,0.819,Pidurangala Rock is adjacent to Sigiriya Rock and is the best viewing point of Sigiriya Rock.,1589,0.009439899307740718,29,1.7386496439141066,0.01641267756998842,0.013441982929820516
Pidurangala Rock,Sculptures,7,1,15,23,neutral,0.766,"The climb to the top on February 25, 2019 was not too strenuous, and it was nice seeing the temple at the beginning and the other lying down Buddha carving.",1589,0.0144745122718691,55,1.0986122886681098,0.015901877054352753,0.01218083782363421
Pidurangala Rock,Crowdedness,24,44,5,73,negative,0.842,Chaotic and crowded route up but worth it for the view,1589,0.045940843297671494,122,0.3019244291673241,0.013870662888114952,0.011679098151792789
Pidurangala Rock,Local guide,14,2,10,26,positive,0.772,We visited here as an alternative to Sigiriya Lipn Rock having read about it in our guide book and had both our hotel and tuk-tuk driver recommend it as a better option.,1589,0.016362492133417242,66,0.9162907318741551,0.01499279989221399,0.0115744415167892
Pidurangala Rock,Ancient ruins,2,1,9,12,neutral,0.768,The ruins at the top are not great but they do show somewhat the layout of the palace with a couple remaining pools.,1589,0.007551919446192574,23,1.9704512579714308,0.01488068917284907,0.011428369284748085
Pidurangala Rock,Family friendliness,16,4,16,36,positive,0.752,"Not here, so the way is inevitably blocked by people who should know better, wearing flip flops (at best!), and frequently passing young children up and down.",1589,0.022655758338577723,89,0.6173091041684409,0.013985605884244098,0.010517175624951561
Pidurangala Rock,Safety,3,23,4,30,negative,0.845,"Slightly dangerous but, the sight are very beautifull.",1589,0.018879798615481436,86,0.651598177647073,0.012302042372191435,0.010395225804501761
Pidurangala Rock,Value for money,28,12,0,40,positive,0.843,"Luckily, the temple offers drapes free of charge for women at the entrance.",1589,0.025173064820641914,112,0.38744660260548613,0.009753218441925391,0.008221963146543105
Pidurangala Rock,Accessibility,7,1,2,10,positive,0.832,A bit difficult entry for disabled person or peoples afraid of heights.,1589,0.0062932662051604785,36,1.5224265354444706,0.009581035465352238,0.007971421507173062
Pidurangala Rock,Signage,2,3,1,6,negative,0.797,We were amazed by the lack of signage to this relatively unkbown and undeveloped site.,1589,0.003775959723096287,16,2.3333567516607996,0.008810661113885964,0.0070220969077671135
Pidurangala Rock,Public transport access,7,2,14,23,neutral,0.793,We visited here as an alternative to Sigiriya Lipn Rock having read about it in our guide book and had both our hotel and tuk-tuk driver recommend it as a better option.,1589,0.0144745122718691,90,0.6061358035703155,0.00877352012719777,0.006957401460867832
Pidurangala Rock,Elephants,2,2,3,7,neutral,0.791,"Amazing view of sigiriya and forest, green view excellent for sunrise clean location on the way pidurangala we see lot elephants on the road",1589,0.004405286343612335,33,1.6094379124341003,0.007090034856537888,0.0056082175715214694
Pidurangala Rock,Paintings,2,0,3,5,neutral,0.772,We did the extra steps to view the ancient paintings - well worth it.,1589,0.0031466331025802393,29,1.7386496439141066,0.005470892523329473,0.004223529028010354
Pidurangala Rock,Birds,2,0,3,5,neutral,0.756,"We highly recommend sunrise as the views are breathtaking; the rising sun illuminated the vast wilderness below, the shadows made by the two large adjacent rocks and the birds chirping in the morning sun make it a spectacular sight.",1589,0.0031466331025802393,40,1.4170660197866443,0.004458986846402279,0.003370994055880123
Pidurangala Rock,Peacefulness,26,0,0,26,positive,0.82,Great view of Sigiriya and even though there were a lot of people we also found quiet spots.,1589,0.016362492133417242,129,0.24613306953890854,0.00402735041410423,0.0033024273395654683
Pidurangala Rock,Accommodation,4,0,3,7,positive,0.774,We visited here as an alternative to Sigiriya Lipn Rock having read about it in our guide book and had both our hotel and tuk-tuk driver recommend it as a better option.,1589,0.004405286343612335,90,0.6061358035703155,0.0026702017778428,0.002066736176050327
Pidurangala Rock,Cleanliness,3,5,0,8,negative,0.87,.The price is 500 Rupees/person and we even met a group from Uga and Back and Beyond that we’re up there volunteering their time to clean up the litter.,1589,0.005034612964128383,117,0.34377153910282454,0.0017307566474654478,0.0015057582832949396
Pidurutalagala,Mountain,26,3,28,57,neutral,0.755,"(Entry is subject to clearance procedure) however a must visit place whilst In Nuwara Eliya as it needs only 1hr maximum to visit the site and return enjoying some breath-taking views on the surrounding mountains, town area and the ever so graceful green tea gardens at a distance which is so beautiful.",159,0.3584905660377358,24,1.927891643552635,0.691130966556605,0.5218038797502368
Pidurutalagala,Scenic view,37,2,10,49,positive,0.784,"be heat)If the weather is clear,you can see adamspeak from here(we sow it)So don't miss it if you go to nuwareliya You can't get a view like this in the world I guess For more information and for more pictures you can contact me",159,0.3081761006289308,128,0.25391520998096345,0.07825059930230949,0.06134846985301064
Pidurutalagala,Weather condition,4,9,2,15,negative,0.765,"something feets from the sea level It's a high security zone,make sure your car is ready for the climb(otherwise it can be heat)If the weather is clear,you can see adamspeak from here(we sow it)So don't miss it if you go to nuwareliya You can't get a view like this in the world I guess For more information and for more pictures",159,0.09433962264150944,82,0.6992262266363275,0.0659647383619177,0.050463024846867044
Pidurutalagala,Temple,0,2,6,8,neutral,0.755,"There is a small temple on the top, some towers and a small shop to have a hot tea and hot rotty while shivering on top of Sri Lanka.",159,0.050314465408805034,76,0.7752121336142496,0.0390043840812201,0.02944830998132118
Pidurutalagala,Parking,0,0,5,5,neutral,0.764,"Once you go up, there is quite a large car park.",159,0.031446540880503145,54,1.1169614273363062,0.0351245731866763,0.026835173914620692
Pidurutalagala,Ticket price,3,0,7,10,neutral,0.755,It is free of cost.,159,0.06289308176100629,94,0.5626506916305767,0.035386835951608596,0.02671706114346449
Pidurutalagala,Safety,2,3,2,7,negative,0.806,Land slide warning,159,0.0440251572327044,86,0.651598177647073,0.02868671222345604,0.02312149005210557
Pidurutalagala,Value for money,8,0,0,8,positive,0.81,If your lucky in a cloud free day you will be able to enjoying some breathtaking views from there.,159,0.050314465408805034,112,0.38744660260548613,0.01949416868455276,0.01579027663448774
Pinnawala Elephant Orphanage,Elephants,271,52,258,581,positive,0.786,The best part was the bathing of the elephants which we already had access to anyway as our hotel was down on the waterfront.,1596,0.36403508771929827,33,1.6094379124341003,0.585891871631712,0.4605110111025256
Pinnawala Elephant Orphanage,River,85,8,159,252,neutral,0.77,orphan elephants and I think it is good to do this initiative.It is quite amazing to see the elephants bathe and then return from the river but also quite sad and meaningless to see some inside strapped and used for tourist attraction - Milk feeding is a joke,1596,0.15789473684210525,33,1.6094379124341003,0.2541217756474895,0.19567376724856692
Pinnawala Elephant Orphanage,Wildlife,81,20,103,204,neutral,0.783,"This place was good to visit- cost 2,500 rupees (25AUD) per person which is similar to animal park prices in Australia.",1596,0.12781954887218044,54,1.1169614273363062,0.14276950574975342,0.11178852300205692
Pinnawala Elephant Orphanage,Ticket price,15,26,89,130,neutral,0.757,"This place was good to visit- cost 2,500 rupees (25AUD) per person which is similar to animal park prices in Australia.",1596,0.08145363408521303,94,0.5626506916305767,0.045829943553869025,0.034693267270278855
Pinnawala Elephant Orphanage,Value for money,56,36,0,92,positive,0.827,I wish I'd chosen a national park with free roaming Eles rather than this sanctuary where they have hugely commercialised every aspect of caring for them.,1596,0.05764411027568922,112,0.38744660260548613,0.022334014686531782,0.018470230145761782
Pinnawala Elephant Orphanage,Souvenir stalls,8,5,17,30,neutral,0.774,Everything inside the souvenir shop is exorbitantly priced and not worth the buy.,1596,0.018796992481203006,49,1.214125175789954,0.022821901800563045,0.017664151993635798
Pinnawala Elephant Orphanage,Service quality,19,9,21,49,neutral,0.78,have issues with the elephants being ridden by the keepers & also on the road into the orphanage a place offering ‘ride an elephant’ Service - this to me is totally wrong and should not be allowed!,1596,0.03070175438596491,88,0.6286086594223741,0.019299388666476396,0.01505352315985159
Pinnawala Elephant Orphanage,Safety,22,10,13,45,positive,0.808,"close proximity was amazing, would we prefer no chains - of course, but you can see in most cases it is for the Elephant & public safety as most do not have such chains when back in the ample enclosures.",1596,0.02819548872180451,86,0.651598177647073,0.018372129068996417,0.014844680287749107
Pinnawala Elephant Orphanage,Restaurants,9,1,15,25,neutral,0.778,Visited with the family Sad to see the animals in captivity But good experience for kids to have closer look of a giant animalsDon’t eat food in high end restaurants -no much different compare to street food Good public transportation available even though it’s not it’s best for country like Ceylon Might visit again,1596,0.015664160401002505,49,1.214125175789954,0.019018251500469204,0.014796199667365041
Pinnawala Elephant Orphanage,Entrance fee,10,4,32,46,neutral,0.798,It was a bit hot so did not venture too much.The fees for adults are LKR 2500 for international tourist and LKR 700 for SAARC countries tourists.I think 1 hour is sufficient for the entire place.,1596,0.02882205513784461,87,0.6400373552459969,0.018447191943180362,0.01472085917065793
Pinnawala Elephant Orphanage,Information boards,0,0,7,7,neutral,0.774,Signs and information boards explain everything.,1596,0.0043859649122807015,4,3.71965111278069,0.016314259266581973,0.012627236672334447
Pinnawala Elephant Orphanage,Accommodation,9,2,27,38,neutral,0.761,The best part was the bathing of the elephants which we already had access to anyway as our hotel was down on the waterfront.,1596,0.023809523809523808,90,0.6061358035703155,0.014431804846912272,0.010982603488500239
Pinnawala Elephant Orphanage,Guided tours,5,1,3,9,positive,0.833,"included a guided tour of the museum (explaining some interesting facts),",1596,0.005639097744360902,36,1.5224265354444706,0.008585112041980097,0.007151398330969421
Pinnawala Elephant Orphanage,Forest,2,0,8,10,neutral,0.756,aware of this when they enter and hopefully all money raised goes towards the elephant's upkeep and setting them free back into the jungle.I found all the public areas where we went and the enclosures we saw were very clean and tidy.Take Sri Lankan money with you - although you can use CC at the Orphanage shop and other,1596,0.006265664160401002,51,1.1741198411762548,0.007356640608873776,0.005561620300308575
Pinnawala Elephant Orphanage,Accessibility,3,1,2,6,positive,0.827,I expected it to be in a sanctuary however it was easily accessible by tuk tuk.,1596,0.0037593984962406013,36,1.5224265354444706,0.005723408027986731,0.0047332584391450265
Pinnawala Elephant Orphanage,Toilets,3,0,3,6,positive,0.79,They have dry restrooms for foreigner ticket holders for free.,1596,0.0037593984962406013,37,1.4950275612563562,0.005620404365625399,0.004440119448844065
Pinnawala Elephant Orphanage,Museum,2,0,4,6,neutral,0.767,"included a guided tour of the museum (explaining some interesting facts),",1596,0.0037593984962406013,36,1.5224265354444706,0.005723408027986731,0.004389853957465823
Pinnawala Elephant Orphanage,Cleanliness,15,4,2,21,positive,0.87,"In general the area is very clean and organized but it wasnt worth it, the elephants that i saw looked sad.",1596,0.013157894736842105,117,0.34377153910282454,0.0045233097250371645,0.003935279460782333
Pinnawala Elephant Orphanage,Crowdedness,3,14,5,22,negative,0.826,"Unfortunately, we went on a Sunday which meant that the place was extremely crowded.",1596,0.013784461152882205,122,0.3019244291673241,0.0041618655649631135,0.0034377009566595317
Pinnawala Elephant Orphanage,Public transport access,3,0,4,7,neutral,0.789,I expected it to be in a sanctuary however it was easily accessible by tuk tuk.,1596,0.0043859649122807015,90,0.6061358035703155,0.002658490366536471,0.002097548899197276
Pinnawala Elephant Orphanage,Peacefulness,10,0,0,10,positive,0.804,peaceful city if some one wants to travel this places Call +94717613047.,1596,0.006265664160401002,129,0.24613306953890854,0.001542187152499427,0.0012399184706095394
Pitawala Pathana,Mountain,9,1,8,18,positive,0.782,"Visit during late afternoon and walk up the slight slope and look back at the most spectacular views towards the mountains, including Manigala.",115,0.1565217391304348,24,1.927891643552635,0.3017569529038907,0.23597393717084253
Pitawala Pathana,Rock formation,3,0,6,9,neutral,0.764,"we were traveling from wasgamuwa to mathale via pitiwala pathana, this place is awesome, vast plain ends at a sheer cliff from north side which has the view as far as you can see, and other side shows most rural villages in sri lanka, Manigala, and pitawala, there is a water fall before pitawala (towards",115,0.0782608695652174,20,2.1102132003465894,0.1651471200271244,0.12617239970072303
Pitawala Pathana,Viewpoint,4,0,4,8,positive,0.805,"It's unusual in Sri Lanka to see such an open stretch of countryside, and you get amazing views of the main ridge of the Knuckles mountains to the South and also to the North where the ground drops away sharply at the mini World's End viewpoint.",115,0.06956521739130435,29,1.7386496439141066,0.12094954044619873,0.09736438005918997
Pitawala Pathana,Weather condition,2,9,4,15,negative,0.76,Good weather.,115,0.13043478260869565,82,0.6992262266363275,0.09120342086560793,0.06931459985786202
Pitawala Pathana,Trail,4,0,3,7,positive,0.757,The Chariot Path and surrounds are simply stunning and offer a wide range of hikes for various skill and fitness levels.The natural wonder however is the highlight.,115,0.06086956521739131,39,1.4423838277709342,0.08779727647301339,0.06646253829007114
Pitawala Pathana,Forest,4,0,4,8,positive,0.785,Nice walk through a plain and in small forest to see mini world end.,115,0.06956521739130435,51,1.1741198411762548,0.0816779019948699,0.06411715306597288
Pitawala Pathana,Waterfall,1,1,3,5,neutral,0.764,Pitawala pathana is also one of the Mini Worlds end in Sri Lanka.It is also Biodiversity hot spot and belongs to Knuckles Worlds Heritage site.There are many waterfalls nearby more than this magnificent area.,115,0.043478260869565216,24,1.927891643552635,0.0838213758066363,0.06403953111627014
Pitawala Pathana,Scenic view,22,0,10,32,positive,0.793,"Visit during late afternoon and walk up the slight slope and look back at the most spectacular views towards the mountains, including Manigala.",115,0.2782608695652174,128,0.25391520998096345,0.07065466712513765,0.05602915103023416
Pitawala Pathana,Family friendliness,3,0,4,7,neutral,0.76,I recommend this place for all the nature lovers with family or friends.,115,0.06086956521739131,89,0.6173091041684409,0.037575336775470314,0.02855725594935744
Pitawala Pathana,Ticket price,1,0,5,6,neutral,0.762,(Since we visited several palaces on the same day and bought so many different tickets I cannot recall the exact price paid here.)While riverston (the other famous view point in the route) was covered in mist as it was the off season (we visited in June) Pitawala Pathana,115,0.05217391304347826,94,0.5626506916305767,0.029355688258986608,0.022369034453347796
Polhena Beach,Beach,119,21,41,181,positive,0.805,"The beach is messy,untidy and the sea looks dirty.The whole village is unappealing,some hotels still closed after the tsunami",771,0.23476005188067445,64,0.9470623905409088,0.22233241593761932,0.17897759482978357
Polhena Beach,Turtles,36,4,31,71,positive,0.788,The waters are safe to swim as the waves crash against the reefs turning this into something like a lagoon.On a good day you should be able to see quite a good number of colorful and fish and some turtles as well.,771,0.09208819714656291,16,2.3333567516607996,0.21487461656020335,0.16932119784944025
Polhena Beach,Coral reef,26,4,18,48,positive,0.761,The waters are safe to swim as the waves crash against the reefs turning this into something like a lagoon.On a good day you should be able to see quite a good number of colorful and fish and some turtles as well.,771,0.0622568093385214,9,2.908720896564361,0.18108768227638047,0.13780772621232554
Polhena Beach,Water depth,17,2,17,36,positive,0.756,The shallow water is so calm during the mornings and there won't be any waves.,771,0.04669260700389105,13,2.540996116439044,0.11864573306330167,0.08969617419585607
Polhena Beach,Waves,19,4,7,30,positive,0.785,"You can barely see waves within 200M and It's pretty safe to swim close to the beach (But do no go too far, as there are some underwater swirls time to time) .",771,0.038910505836575876,20,2.1102132003465894,0.08210946304850543,0.06445592849307677
Polhena Beach,Strong current,10,2,8,20,positive,0.762,the beach is calm n the tides very low during the month of june.,771,0.02594033722438392,21,2.0614230361771577,0.05347400872054884,0.040747194645058216
Polhena Beach,Food quality,11,1,4,16,positive,0.753,spent about 2 wonderful days with superb sea food dishes.,771,0.020752269779507133,16,2.3333567516607996,0.04842244880229934,0.0364621039481314
Polhena Beach,Safety,35,7,2,44,positive,0.792,We have a great time an absolutely no problem....It's very dangerous to write such lies in internet.,771,0.057068741893644616,86,0.651598177647073,0.03718588821851,0.02945122346905992
Polhena Beach,Restaurants,6,2,12,20,neutral,0.776,Very pleasant with less crowd and calm seas( normally calm in the morning).There is no proper restaurants in close proximity.,771,0.02594033722438392,49,1.214125175789954,0.03149481649260581,0.02443997759826211
Polhena Beach,Family friendliness,21,1,17,39,positive,0.757,"nice beach, suitable for children and non-swimmers",771,0.05058365758754864,89,0.6173091041684409,0.031225752350932806,0.023637894529656134
Polhena Beach,Rock formation,5,1,5,11,positive,0.769,But I found that the best place was near the large rocks.,771,0.014267185473411154,20,2.1102132003465894,0.03010680311778532,0.02315213159757691
Polhena Beach,Crowdedness,5,53,2,60,negative,0.846,"Be careful while snorkeling so that you step on or damage the corals in any form.The beach is a small stretch, avoid it on Public holidays as it can get very crowded.",771,0.07782101167315175,122,0.3019244291673241,0.023496064526640006,0.019877670589537443
Polhena Beach,Water clarity,4,2,0,6,positive,0.893,"Beautiful clear water, unfortunately we didn't see much when we went out snorkeling.",771,0.007782101167315175,13,2.540996116439044,0.01977428884388361,0.017658439937588064
Polhena Beach,Accommodation,15,2,11,28,positive,0.788,"The beach is messy,untidy and the sea looks dirty.The whole village is unappealing,some hotels still closed after the tsunami",771,0.03631647211413749,90,0.6061358035703155,0.022012714007741678,0.017346018638100442
Polhena Beach,Cleanliness,29,12,1,42,positive,0.875,"The beach is messy,untidy and the sea looks dirty.The whole village is unappealing,some hotels still closed after the tsunami",771,0.054474708171206226,117,0.34377153910282454,0.018726854270192776,0.01638599748641868
Polhena Beach,Wildlife,7,1,3,11,positive,0.805,"There are few beautiful corals also but you have to be aware of ""Ikiri"" some sort of sea animal that has needle like thorns.",771,0.014267185473411154,54,1.1169614273363062,0.015935895850453137,0.012828396159614777
Polhena Beach,Parking,1,2,7,10,neutral,0.77,The beach leads off from a large (busy) car park.,771,0.01297016861219196,54,1.1169614273363062,0.01448717804586649,0.011155127095317198
Polhena Beach,Peacefulness,44,1,0,45,positive,0.773,Recommended if you like calm.,771,0.058365758754863814,129,0.24613306953890854,0.014365743358302055,0.01110471961596749
Polhena Beach,Public transport access,7,3,8,18,neutral,0.78,"A lovely beach, the main Polhena beach had a security station, taxi rank and small shop, but other bays further north (200m) were empty and idyllic - very safe swimming, good snorkeling for area.Definitely best in the area, saw plenty of surfers off the reef further north",771,0.023346303501945526,90,0.6061358035703155,0.014151030433548222,0.011037803738167613
Polhena Beach,River,0,1,5,6,neutral,0.75,will decrease to zero in a few seconds as the ground is stirred up.If you happy to snorkel and swim in some murky waters (there is a river coming in nearby) and dont mind doing so amongst many people then enjoy.,771,0.007782101167315175,33,1.6094379124341003,0.01252480865707471,0.009393606492806033
Polhena Beach,Weather condition,3,6,0,9,negative,0.778,Relax and chill out with friends appreciating the great beauty of sunny beach is the way to enjoy it here.,771,0.011673151750972763,82,0.6992262266363275,0.008162173851785925,0.00635017125668945
Polhena Beach,Value for money,9,3,0,12,positive,0.843,no more..The hotels around here is overpriced and not clean..,771,0.01556420233463035,112,0.38744660260548613,0.006030297316816905,0.005083540638076651
Polhena Beach,Scenic view,6,0,2,8,positive,0.787,It is a good beach to stop at for a while to 'chill out' and enjoy the sea views.,771,0.010376134889753566,128,0.25391520998096345,0.002634658469322578,0.002073476215356869
Polonnaruwa Vatadage,Ancient ruins,38,1,23,62,positive,0.785,This amazingly well preserved ruin will make you feel that you are part of another world..,356,0.17415730337078653,23,1.9704512579714308,0.3431684775118784,0.2693872548468246
Polonnaruwa Vatadage,Buddha statue,19,1,40,60,neutral,0.787,"Definitely worth a stop to see these, you can never get bored of the Buddha statues.",356,0.16853932584269662,47,1.255797872190522,0.21165132677368348,0.1665695941708889
Polonnaruwa Vatadage,Sculptures,32,1,24,57,positive,0.786,One of the best sites in the ancient city -- the statue is magnificent.,356,0.1601123595505618,55,1.0986122886681098,0.175901405769894,0.1382585049351367
Polonnaruwa Vatadage,Heritage site,10,0,12,22,neutral,0.796,Like all the structures in this impressive and extensive historical site it was very impressive.,356,0.06179775280898876,30,1.7047480922384253,0.10534960120574538,0.08385828255977333
Polonnaruwa Vatadage,Museum,8,3,11,22,neutral,0.779,The museum worth a quick tour to better understand the ruins and temples but once you're visiting you don't necessarily need a guide.,356,0.06179775280898876,36,1.5224265354444706,0.09408253870724256,0.07329029765294195
Polonnaruwa Vatadage,Stupa,6,0,11,17,neutral,0.766,This is a beautiful picture perfect stupa.,356,0.047752808988764044,29,1.7386496439141066,0.08302540434421295,0.06359745972766712
Polonnaruwa Vatadage,Local guide,14,1,13,28,positive,0.763,Touring the whole site in a day is the best way to see the places and even better if you have a good guide that can explain everything,356,0.07865168539325842,66,0.9162907318741551,0.07206781037212456,0.05498773931393104
Polonnaruwa Vatadage,Temple,17,2,13,32,positive,0.786,stair case some of the most beautifull guard stones n moon stones in this era can b seen.the guard stone of the eastern side of the temple r said to b the best gusrd stone in the polonnaruwa era.you also see the best moonstone in polonnaruwa at the base of the main entrance n it shows the evalution from anuradhapura specimens.,356,0.0898876404494382,76,0.7752121336142496,0.06968198953835951,0.05477004377715058
Polonnaruwa Vatadage,Stairs,4,0,8,12,neutral,0.75,four setsof beautifully carved stonestairs lead to the upper levels from four sides.on the sides of stair case some of the most beautifull guard stones n moon stones in this era can b seen.the guard stone of the eastern side of,356,0.033707865168539325,47,1.255797872190522,0.0423302653547367,0.031747699016052525
Polonnaruwa Vatadage,Hindu shrine,2,0,7,9,neutral,0.758,This is a really impressive looking circular shrine that once housed Buddha's tooth relic.,356,0.025280898876404494,39,1.4423838277709342,0.036464759690838226,0.027640287845655375
Polonnaruwa Vatadage,Ticket price,4,1,6,11,neutral,0.776,"15 USD per person.When you go to Sri Lanka, you have to learn a little about the history of this country and this place is a good place to start.",356,0.03089887640449438,94,0.5626506916305767,0.01738527417959647,0.01349097276336686
Polonnaruwa Vatadage,Safety,4,1,2,7,positive,0.823,setsof beautifully carved stonestairs lead to the upper levels from four sides.on the sides of stair case some of the most beautifull guard stones n moon stones in this era can b seen.the guard stone of the eastern side of the temple r said to b the best gusrd stone in the polonnaruwa era.you also see the best moonstone in,356,0.019662921348314606,86,0.651598177647073,0.012812323717779524,0.010544542419732548
Polonnaruwa Vatadage,Value for money,5,2,0,7,positive,0.846,Cheap homestays and it feels like you're in the middle of the jungle with a good infrastructure.,356,0.019662921348314606,112,0.38744660260548613,0.007618332073703379,0.006445108934353058
Polonnaruwa Vatadage,Crowdedness,0,5,0,5,negative,0.824,We loved the 'city' because it is quite clean and not so crowded compared to other places in Sri Lanka.,356,0.014044943820224719,122,0.3019244291673241,0.004240511645608484,0.0034941815959813904
Polonnaruwa Vatadage,Scenic view,3,0,2,5,positive,0.764,"Recommend to view Polonnaruwa monuments in the same visit in the morning or afternoon, take a few hours for all",356,0.014044943820224719,128,0.25391520998096345,0.0035662248592831943,0.0027245957924923606
Popham's Arboretum,Wildlife,37,4,23,64,positive,0.791,"This special place is a bubble of peace and quiet for the trees and animals, ourselves included.",380,0.16842105263157894,54,1.1169614273363062,0.18811981934085156,0.1488027770986136
Popham's Arboretum,Birds,23,2,19,44,positive,0.768,The best time to go for birds is in the early morning and late afternoon.,380,0.11578947368421053,40,1.4170660197866443,0.1640813286068746,0.1260144603700797
Popham's Arboretum,Local guide,31,5,28,64,positive,0.763,"I would have missed them all, but our wonderful guide pointed them out to us patiently, lending his binoculars and showing us exactly what we were looking at in his guide books.",380,0.16842105263157894,66,0.9162907318741551,0.15432264957880507,0.11774818162862827
Popham's Arboretum,Forest,24,0,20,44,positive,0.784,"a variety of interesting birds including: Black-headed Cuckooshrike, Jerdon'sand Golden-Fronted Leafbirds, Black-hooded orioles, Forest Wagtails, White-Browed Bulbul, several Asian Paradise Flycatchers, White-rumped Shama,Lotten's and Purple Rumped Sunbirds, and of course yellow-biked Babblers, Common Myna, and Spotted",380,0.11578947368421053,51,1.1741198411762548,0.1359507184519874,0.10658536326635812
Popham's Arboretum,Trail,16,1,14,31,positive,0.772,We were well guided and the path is a very easy walk.,380,0.08157894736842106,39,1.4423838277709342,0.11766815437078675,0.09083981517424737
Popham's Arboretum,Signage,4,2,3,9,positive,0.767,Really lovely to get away from all the crowds and walk in the cool of the clearly marked paths.,380,0.02368421052631579,16,2.3333567516607996,0.05526371253933473,0.04238726751766974
Popham's Arboretum,Ticket price,7,4,13,24,neutral,0.767,Not sure how much they charge- I gave a donation and felt it was worth every rupee.,380,0.06315789473684211,94,0.5626506916305767,0.03553583315561537,0.027255984030356988
Popham's Arboretum,Guided tours,4,1,3,8,positive,0.833,"We had a great guided tour through the forest that made ""nature conservation"" to us a very real thing.",380,0.021052631578947368,36,1.5224265354444706,0.0320510849567257,0.026698553768952506
Popham's Arboretum,Service quality,15,0,3,18,positive,0.801,We visit their and at the time of our visit only a helper is there He was helpful but not a good guide.So If you wants to visit please made a arrangement for guide.It's like worth of going a big land with so many plants and trees .,380,0.04736842105263158,88,0.6286086594223741,0.0297761996568493,0.023850735925136292
Popham's Arboretum,Value for money,7,8,0,15,negative,0.861,"ENG: A bit too expensive, but really nice!",380,0.039473684210526314,112,0.38744660260548613,0.015293944839690241,0.013168086506973297
Popham's Arboretum,Family friendliness,6,0,3,9,positive,0.762,Our young children loved the easy walks and bats!,380,0.02368421052631579,89,0.6173091041684409,0.014620478782936758,0.011140804832597809
Popham's Arboretum,Weather condition,2,4,1,7,negative,0.78,If you get good explanation I think it's worth .For us it unfortunate.We have seen few bats and jungle fowl and also it's dry day .There was no rain for days .,380,0.018421052631578946,82,0.6992262266363275,0.012880483122248137,0.010046776835353547
Popham's Arboretum,Accommodation,4,1,3,8,positive,0.787,"The animals were very difficult to see, and we ended up seeing a wildcat very fleetingly, and 3 sleeping birds near the accommodation block.",380,0.021052631578947368,90,0.6061358035703155,0.012760753759375063,0.010042713208628174
Popham's Arboretum,Temple,5,0,1,6,positive,0.797,"The location is interesting and close to quite a few sites such as Dambulla Cave Temples and Minneriya National Park.Staff are very helpful, kind and friendly.However do not trust the arrows on the trees in the forest because some of them are wrong and could you get you lost as in the 'Blair Witch Project'.",380,0.015789473684210527,76,0.7752121336142496,0.012240191583382888,0.009755432691956162
Popham's Arboretum,Peacefulness,17,0,0,17,positive,0.826,"This special place is a bubble of peace and quiet for the trees and animals, ourselves included.",380,0.04473684210526316,129,0.24613306953890854,0.011011216268845908,0.00909526463806672
Popham's Arboretum,Entrance fee,1,0,5,6,neutral,0.777,"there are much better places for free.And one more comment to the owners - if you want to charge for entrance, please, call it an entrance fee as normal person would do and don't play stupid games with ""donation"".",380,0.015789473684210527,87,0.6400373552459969,0.010105852977568372,0.007852247763570625
Popham's Arboretum,Public transport access,1,0,5,6,neutral,0.783,But you have taken a tuk tuk and the owner suggests this is a reasonable amount after a bit of buttering you up at the start.,380,0.015789473684210527,90,0.6061358035703155,0.009570565319531297,0.007493752645193006
Rankoth Vehera,Stupa,14,1,27,42,neutral,0.768,It is beautiful on it's own and the largest stupa in polonnaruwa,63,0.6666666666666666,29,1.7386496439141066,1.1590997626094044,0.8901886176840226
Rankoth Vehera,Temple,3,0,6,9,neutral,0.769,"If you have the time, its well worth a look in at the Rankoth Vihara.",63,0.14285714285714285,76,0.7752121336142496,0.11074459051632136,0.08516259010705113
Rankoth Vehera,Buddha statue,2,0,3,5,neutral,0.788,"It is easy to see back in the day (around 1100) that worshippers of Buddha, would have been in awe of structures like these, as they are pretty impressive nowadays.",63,0.07936507936507936,47,1.255797872190522,0.09966649779289857,0.07853720026080407
Rankoth Vehera,Weather condition,3,3,1,7,positive,0.769,"Unfortunately, it was raining on the day of our visit, so we could not walk about.",63,0.1111111111111111,82,0.6992262266363275,0.07769180295959194,0.0597449964759262
Ravana Ella Falls,Waterfall,244,28,117,389,positive,0.797,A wonderful waterfall with a relaxed atmosphere.,1096,0.35492700729927007,24,1.927891643552635,0.6842608114434079,0.5453558667203962
Ravana Ella Falls,Rock formation,21,17,33,71,neutral,0.759,"If on a scooter, beware of the parking dude trying to charge you 200 for a 20 rupees parking fee ticket (the price is printed on the receipt) and the pushy dude trying to sell you some piece of rock by forcing it into your hands.",1096,0.06478102189781022,20,2.1102132003465894,0.1367017675407006,0.10375664156339176
Ravana Ella Falls,Souvenir stalls,17,4,31,52,neutral,0.771,Evan good souvenir shopping at the stalls nearby.,1096,0.04744525547445255,49,1.214125175789954,0.05760447914331898,0.04441305341949894
Ravana Ella Falls,Mountain,19,4,7,30,positive,0.767,"The best of this waterfall is its location on the way down from Ella towards the plains, also passing little Adam's peak.",1096,0.02737226277372263,24,1.927891643552635,0.052770756666586725,0.04047517036327202
Ravana Ella Falls,Public transport access,20,11,44,75,neutral,0.774,I intended to walk to the falls but the road was very busy so i opted to catch the bus for the 6 km trip.,1096,0.06843065693430657,90,0.6061358035703155,0.0414782712297205,0.032104181931803664
Ravana Ella Falls,Accessibility,23,2,0,25,positive,0.851,Picturesque and easily accessible.,1096,0.02281021897810219,36,1.5224265354444706,0.034726882651561826,0.029552577136479113
Ravana Ella Falls,Shops,5,2,6,13,neutral,0.752,The ride was definitely the best bit but the waterfall was nice to see and there is a few cafes/restaurants/shops around.,1096,0.011861313868613138,10,2.803360380906535,0.03325153736476729,0.025005156098305004
Ravana Ella Falls,Crowdedness,1,96,1,98,negative,0.83,This spot gets busy with visitors.,1096,0.08941605839416059,122,0.3019244291673241,0.02699689238904905,0.02240742068291071
Ravana Ella Falls,Safety,14,27,3,44,negative,0.839,Can be very dangerous as the signs will tell you.,1096,0.040145985401459854,86,0.651598177647073,0.026159050927437234,0.02194744372811984
Ravana Ella Falls,Weather condition,2,40,2,44,negative,0.762,We visited the Falls twice in two weeks it was an amazing experience the second time they had been torrential rain so the waterfall looked amazing,1096,0.040145985401459854,82,0.6992262266363275,0.028071125886859862,0.021390197925787214
Ravana Ella Falls,Bridge,5,4,5,14,positive,0.79,If you are driving past you can stop nearby and take pictures from over the bridge and enjoy the view without having to get wet!Luckily when we went it was crowded!,1096,0.012773722627737226,20,2.1102132003465894,0.02695527810661702,0.021294669704227446
Ravana Ella Falls,Scenic view,67,6,36,109,positive,0.78,the valley road crosses about half way up the falls so you get a very easy and good view from the roadway.,1096,0.09945255474452555,128,0.25391520998096345,0.02525251632109947,0.019696962730457585
Ravana Ella Falls,Parking,10,5,9,24,positive,0.786,"A very picturesque location, the upper falls are easily visible from the road, limited parking but well worth stopping for.",1096,0.021897810218978103,54,1.1169614273363062,0.024459009357729333,0.019224781355175257
Ravana Ella Falls,Viewpoint,4,2,5,11,neutral,0.816,It was really busy as it was the Sri Lankan New Year holiday and the main view point is from the main road so it gets very congested.,1096,0.010036496350364963,29,1.7386496439141066,0.017449950805707274,0.014239159857457134
Ravana Ella Falls,Water clarity,4,1,0,5,positive,0.904,"The cool,clear water was refreshing too.",1096,0.004562043795620438,13,2.540996116439044,0.011592135567696367,0.010479290553197516
Ravana Ella Falls,Trail,5,0,4,9,positive,0.756,Nice that a local dog decided of all places to go it picked the narrow path to the falls.,1096,0.008211678832116789,39,1.4423838277709342,0.011844392746294168,0.008954360916198391
Ravana Ella Falls,Restaurants,6,0,2,8,positive,0.805,The ride was definitely the best bit but the waterfall was nice to see and there is a few cafes/restaurants/shops around.,1096,0.0072992700729927005,49,1.214125175789954,0.008862227560510614,0.007134093186211045
Ravana Ella Falls,River,3,1,1,5,positive,0.804,"so not much, just frustrating.The falls are impressive and make for some excellent photos, you can even scramble across a small river just by the road to get some close up shots if you desire.Having driven past on a few occasions during our time in Ella we noticed it always seems busy, so be prepared to have to wait",1096,0.004562043795620438,33,1.6094379124341003,0.007342326242856296,0.005903230299256462
Ravana Ella Falls,Value for money,16,2,0,18,positive,0.811,Some paid parking available but free to view.,1096,0.016423357664233577,112,0.38744660260548613,0.0063631741303820715,0.0051605342197398605
Ravana Ella Falls,Accommodation,4,1,6,11,neutral,0.778,"The waterfall was 2km away from my hostel and on my way to Ella, so I decided to give it a try and visit the Ravana Falls.It's free and there are a lot of small food and souvenir dealers in front where you can buy fresh fruits, drinks and rocks/souvenirs.The waterfall itself is impressive and very powerful.",1096,0.010036496350364963,90,0.6061358035703155,0.006083479780359006,0.004732947269119307
Ravana Ella Falls,Cleanliness,7,9,0,16,negative,0.878,added to that the amount of rubbish dumped around is a disgrace.,1096,0.014598540145985401,117,0.34377153910282454,0.005018562614639774,0.004406297975653721
Ravana Ella Falls,Entrance fee,2,3,3,8,negative,0.807,"If on a scooter, beware of the parking dude trying to charge you 200 for a 20 rupees parking fee ticket (the price is printed on the receipt) and the pushy dude trying to sell you some piece of rock by forcing it into your hands.",1096,0.0072992700729927005,87,0.6400373552459969,0.004671805512744503,0.0037701470487848145
Ravana Ella Falls,Beach,2,0,3,5,neutral,0.772,This is a good place to stop when leaving Ella or Nuwera Eliya to go to the south coast.,1096,0.004562043795620438,64,0.9470623905409088,0.0043205401028326125,0.003335456959386777
Ravana Ella Falls,Peacefulness,12,0,0,12,positive,0.823,"It’s by a road too so it’s not too peaceful.There is no walking or hiking here, I wouldn’t go out of my way to see it.",1096,0.010948905109489052,129,0.24613306953890854,0.00269488762268878,0.0022178925134728657
Richmond Castle,Local guide,36,2,19,57,positive,0.776,I really enjoyed the story around the castle and the guide was very informative.,302,0.18874172185430463,66,0.9162907318741551,0.172942290453069,0.13420321739158156
Richmond Castle,Colonial architecture,9,0,12,21,neutral,0.777,A nice place to have an experience of the lifestyle of a wealthy man in colonial times.,302,0.0695364238410596,24,1.927891643552635,0.13405869044571303,0.10416360247631903
Richmond Castle,Family friendliness,18,1,23,42,neutral,0.775,"Definitely try and find the time to visit the castle if you are in the area, the story of the development and family is fascinating and the views from the balcony is excellent across the hills.",302,0.1390728476821192,89,0.6173091041684409,0.08585093501680303,0.06653447463802235
Richmond Castle,Guided tours,10,0,5,15,positive,0.839,"it's a very interesting place to visit, though it is not renovated at all.the tour guide from the castle gives excellent overview of the place making the visit a great experience.",302,0.04966887417218543,36,1.5224265354444706,0.07561721202538761,0.0634428408893002
Richmond Castle,Ticket price,14,2,19,35,neutral,0.773,It is worth as the entry price helps supporting the boy orphanage that is there.,302,0.11589403973509933,94,0.5626506916305767,0.06520786161281518,0.05040567702670613
Richmond Castle,Entrance fee,10,2,16,28,neutral,0.829,Well worth the 100 rupees entrance fee.......,302,0.09271523178807947,87,0.6400373552459969,0.05934121174466197,0.04919386453632477
Richmond Castle,River,5,0,5,10,positive,0.782,Grand house with estate area located in the banks of Kalu river with wonderful guide to explain the same.,302,0.033112582781456956,33,1.6094379124341003,0.05329264610708942,0.041674849255743926
Richmond Castle,Public transport access,8,0,15,23,neutral,0.799,I really enjoyed my trip here - a tuk tuk ride just outside of Kalutara.,302,0.076158940397351,90,0.6061358035703155,0.04616266053681211,0.036883965768912876
Richmond Castle,Service quality,9,1,6,16,positive,0.788,he is a lovely man and will provide you a fantastic service.,302,0.052980132450331126,88,0.6286086594223741,0.03330377003562247,0.026243370788070503
Richmond Castle,Sculptures,6,0,3,9,positive,0.798,We found this by chance it's really quite amazing so much history the wood work carvings of the main staircase is just so beautiful.,302,0.029801324503311258,55,1.0986122886681098,0.0327401013179238,0.026126600851703194
Richmond Castle,Beach,2,0,5,7,neutral,0.757,"During our beach stay, we went to see Richmond castle & it was interesting & worth to see.Our guide has given us interesting information about the history of this castle.loved to see this place.",302,0.023178807947019868,64,0.9470623905409088,0.02195177726419325,0.01661749538899429
Richmond Castle,Value for money,7,3,0,10,positive,0.832,Castle is still in a state of renovation and is being used as a orphanage and free day care centre for the local village.,302,0.033112582781456956,112,0.38744660260548613,0.012829357702168417,0.010674025608204123
Richmond Castle,Weather condition,1,4,1,6,negative,0.763,"We were taken here by our guide Sunny who explained the history of the place to us before we entered which helped us understand it better,",302,0.019867549668874173,82,0.6992262266363275,0.013891911787476705,0.010599528693844727
Richmond Castle,Peacefulness,9,0,0,9,positive,0.831,The garden is nice and it is peaceful.,302,0.029801324503311258,129,0.24613306953890854,0.007335091476325089,0.006095461016826149
Richmond Castle,Cleanliness,6,0,0,6,positive,0.887,"Well maintained by the staff at Richmond ,Nice place to visit, situated by the kalu ganga , Richmand castle had all the facilities in modern castle , Superb architect design .",302,0.019867549668874173,117,0.34377153910282454,0.006829898127870686,0.006058119639421299
Richmond Castle,Scenic view,6,0,2,8,positive,0.787,"Definitely try and find the time to visit the castle if you are in the area, the story of the development and family is fascinating and the views from the balcony is excellent across the hills.",302,0.026490066225165563,128,0.25391520998096345,0.006726230727972542,0.005293543582914391
Ridee Viharaya (silver Temple),Temple,38,1,21,60,positive,0.798,The temple is well kept and the cave temple is tiny but interesting.,207,0.2898550724637681,76,0.7752121336142496,0.2246991691635506,0.17930993699251338
Ridee Viharaya (silver Temple),Food quality,10,0,2,12,positive,0.773,On the way back we stopped at Ridigama and had a hearty breakfast of local cuisine at a very clean little cooperative restaurant run by a group of ladies.,207,0.057971014492753624,16,2.3333567516607996,0.13526705806729272,0.10456143588601728
Ridee Viharaya (silver Temple),Mountain,8,0,1,9,positive,0.767,And one of the drawings in the caves is the only drawing that shows Adam's peak with Budha's footprint; I went with bunch of old people and was excited to hear the history from them..The little Chaithya on the rocks was so serene..!,207,0.043478260869565216,24,1.927891643552635,0.0838213758066363,0.06429099524369004
Ridee Viharaya (silver Temple),Murals,3,0,3,6,positive,0.79,Beautiful cave temple with fantastic wall murals,207,0.028985507246376812,11,2.70805020110221,0.0784942087276003,0.06201042489480424
Ridee Viharaya (silver Temple),Sculptures,5,0,9,14,neutral,0.77,"This gem of a temple is an absolute must - beautiful, cut into the rock face, great statues, gold buddha, reclining buddha (a smaller version of the Dambulla cases).",207,0.06763285024154589,55,1.0986122886681098,0.07430228039301225,0.05721275590261943
Ridee Viharaya (silver Temple),Buddha statue,2,0,9,11,neutral,0.787,"This gem of a temple is an absolute must - beautiful, cut into the rock face, great statues, gold buddha, reclining buddha (a smaller version of the Dambulla cases).",207,0.05314009661835749,47,1.255797872190522,0.06673322026133209,0.052519044345668356
Ridee Viharaya (silver Temple),Paintings,3,0,2,5,positive,0.784,a small temple with nice paintings and statues in front of the big statue.,207,0.024154589371980676,29,1.7386496439141066,0.04199636821048566,0.03292515267702076
Ridee Viharaya (silver Temple),Local guide,3,0,5,8,neutral,0.751,"THe guide (no charge) pointed out Dutch tiles, explained some of the symbolism of pieces, drew our attention to ivory doorway Point is, it was beautiful.",207,0.03864734299516908,66,0.9162907318741551,0.03541220219803498,0.02659456385072427
Ridee Viharaya (silver Temple),Scenic view,21,0,4,25,positive,0.8,Interesting Buddhist site with history and beautiful views.,207,0.12077294685990338,128,0.25391520998096345,0.030666088161952106,0.024532870529561684
Ridee Viharaya (silver Temple),Forest,3,0,2,5,positive,0.792,"We had a great time visiting the temple, accompanied by Vijitha who explained many things about the history of Buddhism and this place.The place is beautiful, surrounded by jungle.Such a peaceful place!",207,0.024154589371980676,51,1.1741198411762548,0.028360382637107603,0.022461423048589224
Ridee Viharaya (silver Temple),Accommodation,7,0,2,9,positive,0.809,"As others note, there is a hotel there…and it is free for travelers to stay there.",207,0.043478260869565216,90,0.6061358035703155,0.026353730590013717,0.0213201680473211
Ridee Viharaya (silver Temple),Service quality,7,1,0,8,positive,0.82,Very friendly staff they have - and will explain the history etc.,207,0.03864734299516908,88,0.6286086594223741,0.024294054470429916,0.01992112466575253
Ridee Viharaya (silver Temple),Peacefulness,18,0,0,18,positive,0.807,"over 200years legends and tales are with the Ridi Viharaya, you can go into peaceful walk and see,explore, discover the architecture and the calmness within ....",207,0.08695652173913043,129,0.24613306953890854,0.021402875612079004,0.017272120618947756
Ridee Viharaya (silver Temple),Value for money,10,1,0,11,positive,0.807,"However, it is free (although a small donation is welcomed), unlike expensive Dambulla and there is nobody there....",207,0.05314009661835749,112,0.38744660260548613,0.020588949896909892,0.016615282566806285
Ridee Viharaya (silver Temple),Cleanliness,6,0,0,6,positive,0.88,On the way back we stopped at Ridigama and had a hearty breakfast of local cuisine at a very clean little cooperative restaurant run by a group of ladies.,207,0.028985507246376812,117,0.34377153910282454,0.00996439243776303,0.008768665345231467
Ritigala Forest Monastery,Ancient ruins,60,1,45,106,positive,0.786,"But we enjoyed of forest cooler then outside environment,and our guide may explain us about ruins, we went on paved road to ruins, of what was before some 1500 years ,monastery facilities, bath,""cleared"" circles( monks have to go 30 times around these circles to be cleared),double platform.",703,0.1507823613086771,23,1.9704512579714308,0.29710929352058557,0.23352790470718027
Ritigala Forest Monastery,Forest,75,4,51,130,positive,0.79,Nice forest though,703,0.18492176386913228,51,1.1741198411762548,0.2171203120240585,0.1715250464990062
Ritigala Forest Monastery,Mountain,10,0,28,38,neutral,0.756,Amazing to see these paths and structures in the middle of nowhere halfway up a mountain.,703,0.05405405405405406,24,1.927891643552635,0.10421035911095325,0.07878303148788066
Ritigala Forest Monastery,Local guide,41,6,29,76,positive,0.776,Needed an English Speaking guide and could do with some means of access to allow the less fit and able to see this amazing site.,703,0.10810810810810811,66,0.9162907318741551,0.09905845749990867,0.07686936301992914
Ritigala Forest Monastery,Stairs,6,2,15,23,neutral,0.763,Presently we have difficulty in shaping up a single granite stone to turn out a stepping stone but just imagine how our ancestors have shaped up them and placed hundreds of such stone steps to make a an excellent pathway at a period where such advanced technologies were not available.,703,0.032716927453769556,47,1.255797872190522,0.04108584788105549,0.031348501933245336
Ritigala Forest Monastery,Wildlife,8,2,8,18,positive,0.789,The trees and wildlife are beautiful and there is the sound of waterfalls all around you.,703,0.025604551920341393,54,1.1169614273363062,0.028599296859251083,0.022564845221949105
Ritigala Forest Monastery,Entrance fee,9,1,20,30,neutral,0.824,There is an entrance fee of 1500 rupees pr person (be aware that the staff might try to persuade you to a lower price which they will then keep to them selves - if possible pay full and ask for a receipt).After the trip the guide was so nice as to invite us for lunch with his family.,703,0.04267425320056899,87,0.6400373552459969,0.027313116155590195,0.02250600771220632
Ritigala Forest Monastery,Public transport access,10,4,18,32,neutral,0.801,"Lost in a forest, you'll need a 4x4 -or in our case a Tuktuk - to get down the road here, but it's worth it to find one of the most armospheric ruins in Sril Lanka tucked into the hillside jungle",703,0.04551920341394026,90,0.6061358035703155,0.027590818939189327,0.02210024597029065
Ritigala Forest Monastery,Birds,5,0,9,14,neutral,0.753,You will need a good 4x4 jeep to get to the place but it is well worth it if you’re interested in Sri Lankan history and it is also a great place for Butterflies and Birds as well.,703,0.01991465149359886,40,1.4170660197866443,0.02822037592747229,0.021249943073386634
Ritigala Forest Monastery,Elephants,2,0,10,12,neutral,0.76,Some of the paths are through the forest which is good.The ancient monastery is inside a national park but we did not see any animals only monkeys though we did see elephant droppings.,703,0.017069701280227598,33,1.6094379124341003,0.027472624394323193,0.020879194539685626
Ritigala Forest Monastery,Toilets,3,0,10,13,neutral,0.754,"Worth detouring of the paved path to find the lookout fort, which was the highlight for us.Very basic toilets.",703,0.01849217638691323,37,1.4950275612563562,0.027646313366049263,0.020845320278001143
Ritigala Forest Monastery,Waterfall,4,0,4,8,positive,0.78,The trees and wildlife are beautiful and there is the sound of waterfalls all around you.,703,0.011379800853485065,24,1.927891643552635,0.021939022970726998,0.01711243791716706
Ritigala Forest Monastery,Peacefulness,55,0,0,55,positive,0.813,"Very peaceful,but it is in the middle of nowhere in fact we go lost trying to find it!It was worth the journey .Sitting by the pool enjoying the site",703,0.07823613086770982,129,0.24613306953890854,0.01925649903931717,0.01565553371896486
Ritigala Forest Monastery,Temple,3,0,12,15,neutral,0.763,"Amazing atmospheric temple complex, buried into some truly deep jungle, get a local Tuk Tuk driver to take you there.",703,0.021337126600284494,76,0.7752121336142496,0.0165407994370039,0.012620629970433976
Ritigala Forest Monastery,Value for money,22,5,0,27,positive,0.816,"Ours was not expensive - R500 and did not speak that much English, but he did show us a lot of places we would not have found by walking on our own.",703,0.03840682788051209,112,0.38744660260548613,0.014880594979158073,0.012142565502992987
Ritigala Forest Monastery,Bridge,2,0,3,5,neutral,0.78,"Little water falls and beautiful nature, kids enjoyed a lot.The old ruins were great and surprised by the work, hospital, library and bridges.",703,0.007112375533428165,20,2.1102132003465894,0.01500862873646223,0.01170673041444054
Ritigala Forest Monastery,Family friendliness,8,1,8,17,positive,0.758,There is an entrance fee of 1500 rupees pr person (be aware that the staff might try to persuade you to a lower price which they will then keep to them selves - if possible pay full and ask for a receipt).After the trip the guide was so nice as to invite us for lunch with his family.,703,0.02418207681365576,89,0.6173091041684409,0.014927816174770263,0.01131528466047586
Ritigala Forest Monastery,Heritage site,2,0,3,5,neutral,0.788,A wonderful part of Sri Lankan heritage and well-worth a visit.,703,0.007112375533428165,30,1.7047480922384253,0.012124808621894917,0.009554349194053194
Ritigala Forest Monastery,Service quality,9,0,4,13,positive,0.782,There is an entrance fee of 1500 rupees pr person (be aware that the staff might try to persuade you to a lower price which they will then keep to them selves - if possible pay full and ask for a receipt).After the trip the guide was so nice as to invite us for lunch with his family.,703,0.01849217638691323,88,0.6286086594223741,0.011624342208379606,0.009090235606952853
Ritigala Forest Monastery,Sculptures,1,0,6,7,neutral,0.754,"a place with a 'wow' factor, still i tries to figure out what kind of a technique they had to all this amazing creations (Ayurveda hospital, foot path,etc..) .",703,0.00995732574679943,55,1.0986122886681098,0.010939240427705218,0.008248187282489734
Ritigala Forest Monastery,Parking,2,0,3,5,neutral,0.796,"Ancient monastery around 30 min walking from the parking lot in the jungle,spotting termiten,kameleons,eagles and huge beautiful trees..",703,0.007112375533428165,54,1.1169614273363062,0.007944249127569745,0.006323622305545518
Ritigala Forest Monastery,Scenic view,14,0,7,21,positive,0.782,"The place is in the middle of the forrest indeed, but there is really not much to see and the landscape is not breathtaking either.",703,0.029871977240398292,128,0.25391520998096345,0.007584949373542294,0.005931430410110074
Ritigala Forest Monastery,Crowdedness,3,11,1,15,negative,0.847,Excellent site that's not crowded,703,0.021337126600284494,122,0.3019244291673241,0.006442199768861822,0.005456543204225964
Ritigala Forest Monastery,Safety,0,4,3,7,negative,0.826,To make a long story short the truth was that the road WAS impassable by ordinary car and the elephant danger was in fact very real.,703,0.00995732574679943,86,0.651598177647073,0.0064881753108527885,0.005359232806764403
Ritigala Forest Monastery,Accommodation,2,2,2,6,positive,0.78,The approach road gets flooded and really bad during the rainy season so check with our hotel if its possible to go.,703,0.008534850640113799,90,0.6061358035703155,0.005173278551097999,0.004035157269856439
Ritigala Forest Monastery,Cleanliness,2,3,0,5,negative,0.872,"Not knowing the language and the rules very well, we paid him - leaving me feeling great about the awesome deal as well as a bit dirty for bribing the guy.",703,0.007112375533428165,117,0.34377153910282454,0.002445032283803873,0.002132068151476977
Royal Botanical Gardens,Bridge,38,5,35,78,positive,0.784,"There is also a lake, a suspension bridge (which actually felt a little dangerous to walk over!) and watch out for the area with 100s of bats on the trees!",1031,0.07565470417070805,20,2.1102132003465894,0.1596475554093443,0.12516368344092593
Royal Botanical Gardens,River,20,1,28,49,neutral,0.775,"Beautifully kept lawns, in fact the whole garden is beautifully kept in every way with some nice benches scattered here and about for you to relax on and enjoy the scenery.The suspension bridge over the River gives great views and was another highlight.",1031,0.0475266731328807,33,1.6094379124341003,0.07649122959192135,0.05928070293373905
Royal Botanical Gardens,Ticket price,42,8,46,96,neutral,0.782,Significant price difference!However that being said it was wonderful as always to see monkeys at play.It was wonderful to see such a different variety of grass.The ancient bamboo was a sight to behold,1031,0.09311348205625607,94,0.5626506916305767,0.05239036507908377,0.04096926549184351
Royal Botanical Gardens,Birds,15,0,22,37,neutral,0.768,The different types of trees and plant's are just amazing.loads of birds flying round and saw the only snake on the whole trip a rat snake just before the wonderful orchid house.with tortoises in the ponds .a great place to visit,1031,0.03588748787584869,40,1.4170660197866443,0.050854939604370354,0.03905659361615643
Royal Botanical Gardens,Weather condition,13,59,0,72,negative,0.755,It was pouring with rain at first and fortunately we had hired a buggy which came with a very knowledgeable driver who gave us a great tour.,1031,0.06983511154219205,82,0.6992262266363275,0.048830541530373986,0.03686705885543236
Royal Botanical Gardens,Signage,7,1,11,19,neutral,0.759,"From the enterence to exit , the area is well marked and has excellent species of plants.",1031,0.01842870999030068,16,2.3333567516607996,0.04300075488026692,0.03263757295412259
Royal Botanical Gardens,Local guide,24,3,20,47,positive,0.762,"There would have been too much walking on a hot day so we took a buggy, the driver acting as a guide.",1031,0.04558680892337536,66,0.9162907318741551,0.04177077051220687,0.031829327130301635
Royal Botanical Gardens,Cleanliness,90,7,0,97,positive,0.887,Well maintained Botanical Garden.,1031,0.09408341416100872,117,0.34377153910282454,0.032343200090178444,0.02868841847998828
Royal Botanical Gardens,Toilets,14,1,9,24,positive,0.801,"A stunning experience and a must do in Kandy.Toilets well placed throughout park, you’re never too far away from one.",1031,0.023278370514064017,37,1.4950275612563562,0.034801805499663,0.027876246205230062
Royal Botanical Gardens,Restaurants,15,1,14,30,positive,0.787,It's best to carry drinking water and some munchies along if going for few hours but there is a small shop inside for beverages/ packed snacks and there is also a beautiful restaurant insdie.,1031,0.029097963142580018,49,1.214125175789954,0.03532856961561457,0.027803584287488668
Royal Botanical Gardens,Entrance fee,25,5,22,52,positive,0.842,"Although the entrance fee is steep (1,500), particularly compared to the price for local residents, it is well worth it.Our favourites were the cactus/succulent house, and the beautiful orchid collection with some stunning colours and textures we had never seen before.",1031,0.0504364694471387,87,0.6400373552459969,0.032281224512892184,0.02718079103985522
Royal Botanical Gardens,Noise level,0,21,0,21,negative,0.806,"beautiful and really peaceful especially when just a short way away is the noisy bustling chaotic Kandy.There are some amazing giant bamboos,",1031,0.020368574199806012,32,1.640209571100854,0.03340873035219974,0.02692743666387299
Royal Botanical Gardens,Family friendliness,29,5,23,57,positive,0.772,"Otherwise, the left hand side branch gives a true green experience.Good for spending time with family, friends, couples or even solo trips.",1031,0.055286129970902036,89,0.6173091041684409,0.03412863136527752,0.026347303413994248
Royal Botanical Gardens,Peacefulness,107,4,0,111,positive,0.807,Nice and calm.Access is very easy.,1031,0.10766246362754607,129,0.24613306953890854,0.026499292646769007,0.02138492916594259
Royal Botanical Gardens,Wildlife,9,0,8,17,positive,0.786,In addition to plants i got to see a bit of wildlife also which is also exciting.I highly recommend the visit.,1031,0.016488845780795344,54,1.1169614273363062,0.0184174047184454,0.014476080108698084
Royal Botanical Gardens,Information boards,1,0,4,5,neutral,0.768,Gardens were neatly laid out and the brochure was useful to help us walk about.The Laksadala shop at the exit point was an interesting shop where you can pick up a few souvenirs - reasonably priced.,1031,0.004849660523763337,4,3.71965111278069,0.01803904516382488,0.013853986685817509
Royal Botanical Gardens,Value for money,21,21,0,42,positive,0.858,Non-commercial photography is free of charge.Don't forget to see the view of Hanthana mountain range from the garden.,1031,0.040737148399612025,112,0.38744660260548613,0.015783469747265196,0.013542217043153537
Royal Botanical Gardens,Public transport access,11,1,18,30,neutral,0.767,"It's a peaceful place to be with family and friends and breathe fresh air, after crazy tuk tuk traffic.",1031,0.029097963142580018,90,0.6061358035703155,0.017637317271687162,0.013527822347384054
Royal Botanical Gardens,Crowdedness,5,41,1,47,negative,0.817,What a massive oasis in the middle of such a busy world outside the perimeter.What beautifully kept gardens which are a credit to the staff who look after it.Off-putting is the significant price difference for entry between tourists and locals.,1031,0.04558680892337536,122,0.3019244291673241,0.013763771261749982,0.011245001120849734
Royal Botanical Gardens,Guided tours,4,0,4,8,positive,0.82,My tour guide took me here @l was not disappointed very large area so we took shuttle tour the quide explained all the trees plants very informative l loved the orchid house ask grow orchids back in Australia highly recommend you won't want to miss this one while in kandy,1031,0.007759456838021339,36,1.5224265354444706,0.011813202990839733,0.00968682645248858
Royal Botanical Gardens,Service quality,10,3,5,18,positive,0.783,What a massive oasis in the middle of such a busy world outside the perimeter.What beautifully kept gardens which are a credit to the staff who look after it.Off-putting is the significant price difference for entry between tourists and locals.,1031,0.01745877788554801,88,0.6286086594223741,0.010974738961787326,0.008593220607079477
Royal Botanical Gardens,Temple,8,1,5,14,positive,0.787,"Royal Botanical GardensPeradeniyaWhy go to a crowded tooth temple when you can see thousands of specimen trees in an open space?Not wanting to see yet more temples and relics, nor wanting to see unfortunate chained elephants in an 'orphanage' with attendant commercialism, we went to the Royal Botannical Gardens.",1031,0.013579049466537343,76,0.7752121336142496,0.010526643909407852,0.008284468756703979
Royal Botanical Gardens,Souvenir stalls,4,1,3,8,positive,0.792,The souvenir shop at the gate is also nice with a lot of Made In SL stuff rather than the usual Chinese nonsense.,1031,0.007759456838021339,49,1.214125175789954,0.00942095189749722,0.007461393902817798
Royal Botanical Gardens,Scenic view,26,0,6,32,positive,0.827,Non-commercial photography is free of charge.Don't forget to see the view of Hanthana mountain range from the garden.,1031,0.031037827352085354,128,0.25391520998096345,0.007880976449457644,0.006517567523701471
Royal Botanical Gardens,Heritage site,2,0,3,5,neutral,0.772,"Singapore's Botanic Gardens is bigger, prettier, UNESCO-listed, and free to enter.Just sayin'.",1031,0.004849660523763337,30,1.7047480922384253,0.00826744952588955,0.006382471033986733
Royal Botanical Gardens,Museum,2,0,3,5,neutral,0.772,"It was like walking through an art gallery admiring the breathtaking works of art created by ""Nature"".",1031,0.004849660523763337,36,1.5224265354444706,0.007383251869274834,0.005699870443080172
Royal Botanical Gardens,Forest,4,0,1,5,positive,0.804,"Palms, bamboo and rainforest trees are spectacular.",1031,0.004849660523763337,51,1.1741198411762548,0.005694082643919762,0.004578042445711489
Royal Botanical Gardens,Safety,2,2,1,5,positive,0.852,"There is also a lake, a suspension bridge (which actually felt a little dangerous to walk over!) and watch out for the area with 100s of bats on the trees!",1031,0.004849660523763337,86,0.651598177647073,0.0031600299594911397,0.002692345525486451
Ruwanweli Maha Seya,Stupa,122,15,145,282,neutral,0.78,Beautiful and peace full place.It is one of the inportant temples os Sri Lanka.The Dagoba is located in a park.,899,0.3136818687430478,29,1.7386496439141066,0.5453828693924117,0.4253986381260811
Ruwanweli Maha Seya,Buddha statue,18,4,50,72,neutral,0.766,"as it is supposed to have the most amount of Lord Buddhas relics.This stupa is also one of the tallest monuments of the world.Very well maintained.A must see for all,",899,0.08008898776418243,47,1.255797872190522,0.10057558042015305,0.07704089460183723
Ruwanweli Maha Seya,Temple,33,4,47,84,neutral,0.777,Beautiful and peace full place.It is one of the inportant temples os Sri Lanka.The Dagoba is located in a park.,899,0.09343715239154617,76,0.7752121336142496,0.07243361426429029,0.056280918283353555
Ruwanweli Maha Seya,Ancient ruins,9,1,23,33,neutral,0.759,"This is calling as Stupa and Dagoba in sinhalees "" Chaithya "" around this shrine can see many kind of old ruins with interesting stories.",899,0.03670745272525028,23,1.9704512579714308,0.07233024639939624,0.05489865701714174
Ruwanweli Maha Seya,Elephants,8,1,17,26,neutral,0.765,"Impressive and enormous white Dagoba, approached along a long, straight path that leads you first to a protective wall with a huge array of elephants plaster heads.",899,0.028921023359288096,33,1.6094379124341003,0.04654659146083048,0.03560814246753532
Ruwanweli Maha Seya,Sunset view,14,1,6,21,positive,0.842,"Second: It's the best stupa and third: after sunset it's full of locals praying, lighting candles, etc.",899,0.02335928809788654,44,1.3217558399823195,0.030875275461211025,0.025996981938339683
Ruwanweli Maha Seya,Local guide,15,2,16,33,neutral,0.756,I would strongly recommend a little homework or using a guide who can explain the history of Anaradhapura and Polonnaruwa before seeing the actual archeology sites.,899,0.03670745272525028,66,0.9162907318741551,0.03363469872285553,0.02542783223447878
Ruwanweli Maha Seya,Heritage site,3,0,14,17,neutral,0.776,If animist want to now worship it they are free to do so but why inconvenience those who want to see this world heritage site?,899,0.018909899888765295,30,1.7047480922384253,0.032236615759792246,0.025015613829598785
Ruwanweli Maha Seya,Sculptures,10,2,12,24,neutral,0.777,A limestone statue south of the great dagoba is popularly thought to be of Dutugemunu.,899,0.026696329254727477,55,1.0986122886681098,0.029328915381573565,0.02278856725148266
Ruwanweli Maha Seya,Ticket price,14,10,15,39,neutral,0.801,"You need to buy a ticket worth 25$ which includes 6-7 attractions, for SAARC country citizens the price is half.",899,0.04338153503893215,94,0.5626506916305767,0.02440865069365127,0.019551329205614667
Ruwanweli Maha Seya,Hindu shrine,4,0,11,15,neutral,0.756,"This is calling as Stupa and Dagoba in sinhalees "" Chaithya "" around this shrine can see many kind of old ruins with interesting stories.",899,0.01668520578420467,39,1.4423838277709342,0.024066470986166866,0.018194252065542153
Ruwanweli Maha Seya,Paintings,3,0,8,11,neutral,0.756,Recommend to carry a pair of socks which might help abit.Went around the place as it was just before vesak everything was painted and beautifully decorated.,899,0.012235817575083427,29,1.7386496439141066,0.021273799869916767,0.016082992701657077
Ruwanweli Maha Seya,Peacefulness,72,0,0,72,positive,0.801,Most serene of places to visit.,899,0.08008898776418243,129,0.24613306953890854,0.01971254839466231,0.01578975126412451
Ruwanweli Maha Seya,Crowdedness,6,47,2,55,negative,0.843,Its atmosphere is mystic and intense.Of course the place is hot and crowded but it gives you a taste of real Sri Lankan life.,899,0.06117908787541713,122,0.3019244291673241,0.018471461183762874,0.015571441777912103
Ruwanweli Maha Seya,Parking,1,1,10,12,neutral,0.773,"during the poya days, * Men are required to wear long pants and women must cover their shoulders and were lose pants or skirts.* Parking available in walking distance.* Area quite hot during day time* Please protect the site.",899,0.013348164627363738,54,1.1169614273363062,0.014909385014500195,0.01152495461620865
Ruwanweli Maha Seya,Value for money,15,13,0,28,positive,0.836,"Also, don't wear expensive sandals because of the rain/mud.",899,0.03114571746384872,112,0.38744660260548613,0.012067302417078544,0.010088264820677663
Ruwanweli Maha Seya,Sunrise view,4,0,1,5,positive,0.844,You can get some lovely photos of this place from the lakeshore at sunrise too.,899,0.0055617352614015575,21,2.0614230361771577,0.011465089188971957,0.009676535275492332
Ruwanweli Maha Seya,Public transport access,5,1,11,17,neutral,0.771,"The explanation in English was on the backside of the explanation in Singhalese.After I visited this stupa for free, I was disappointed with the ones you had to pay 3750 rupees ($25) to see.If you need a tuk tuk driver, Prasad is excellent.",899,0.018909899888765295,90,0.6061358035703155,0.011461967364510972,0.008837176838037959
Ruwanweli Maha Seya,Strong current,0,1,4,5,neutral,0.752,"The current remains of this ancient kingdom are spread out, making it hard to appreciate the whole of the kingdom.",899,0.0055617352614015575,21,2.0614230361771577,0.011465089188971957,0.008621747070106912
Ruwanweli Maha Seya,Entrance fee,3,5,3,11,negative,0.849,Go on a Sunday morning and you will see the locals carrying out their rituals such as dressing the stupa in an orange sash hundreds of metres long.There is a real energy here that is different from the other equally beautiful sights in the ancient city.You will have to leave your shoes at the gate for a nominal fee.,899,0.012235817575083427,87,0.6400373552459969,0.007831380320028884,0.006648841891704523
Ruwanweli Maha Seya,Cleanliness,13,3,0,16,positive,0.88,This Stupa is well maintained.,899,0.017797552836484983,117,0.34377153910282454,0.006118292130862283,0.005384097075158809
Ruwanweli Maha Seya,Scenic view,9,0,6,15,positive,0.764,"The stupa is very nice, clam and a beautiful view in the mornings and evenings.",899,0.01668520578420467,128,0.25391520998096345,0.0042366275302719155,0.0032367834331277433
Ruwanweli Maha Seya,Family friendliness,3,0,3,6,positive,0.777,"A lovely local man overheard us pondering various facts to ourselves and generously explained the history and answered all of our questions, then returned to his family.There are plenty of guides outside the gates that will offer to bring you in.",899,0.006674082313681869,89,0.6173091041684409,0.00411997177420539,0.003201218068557588
Samadhi Statue,Sculptures,42,1,37,80,positive,0.785,A Beautiful Sculpture.,190,0.42105263157894735,55,1.0986122886681098,0.4625735952286778,0.3631202722545121
Samadhi Statue,Buddha statue,28,2,30,60,neutral,0.797,"A beautiful, unusual & serene sculpture depicting the bliss of ""Nirvana"" by Lord Buddha.",190,0.3157894736842105,47,1.255797872190522,0.3965677491127964,0.31606449604289877
Samadhi Statue,Stupa,5,0,5,10,positive,0.778,"After visiting the buzzing sites of the big dagobas and stupas all day, you may appreciate the peaceful setting of this sacred site.",190,0.05263157894736842,29,1.7386496439141066,0.09150787599547928,0.07119312752448288
Samadhi Statue,Ancient ruins,3,0,3,6,positive,0.777,7 stupa's and a convent ruin where 3500 monks lived is incredible to imagine!,190,0.031578947368421054,23,1.9704512579714308,0.06222477656751887,0.04834865139296216
Samadhi Statue,Peacefulness,28,0,0,28,positive,0.807,"A beautiful, unusual & serene sculpture depicting the bliss of ""Nirvana"" by Lord Buddha.",190,0.14736842105263157,129,0.24613306953890854,0.03627224182678652,0.02927169915421672
Samadhi Statue,Temple,4,0,2,6,positive,0.8,Maybe it's good to see this one before visiting the huge granite statues in Polonnaruwu (Gal Vihara) which are more impressive.,190,0.031578947368421054,76,0.7752121336142496,0.024480383166765776,0.019584306533412622
Samudra Parakrama,Sunset view,7,0,0,7,positive,0.869,Sitting and watching infront of the lake at sunset is really wonderful.Do not use liquor since the police are always watching nearby.,25,0.28,44,1.3217558399823195,0.3700916351950495,0.321609630984498
Samudra Parakrama,Scenic view,8,0,2,10,positive,0.822,"Although we didn't come across any tourist facilities on the quiet Lake Road, in our opinion, it's still worth taking a few minutes to relax and admire the views.",25,0.4,128,0.25391520998096345,0.10156608399238538,0.08348732104174078
Samudra Parakrama,Peacefulness,8,0,0,8,positive,0.835,"Although we didn't come across any tourist facilities on the quiet Lake Road, in our opinion, it's still worth taking a few minutes to relax and admire the views.",25,0.32,129,0.24613306953890854,0.07876258225245074,0.06576675618079636
Sea Turtle Conservation Project (Koggala),Turtles,90,21,63,174,positive,0.793,I loved this place.beautiful turtles and baby turtles ready to be put in the sea.,465,0.3741935483870968,16,2.3333567516607996,0.8731270425569444,0.6923897447476569
Sea Turtle Conservation Project (Koggala),Local guide,26,3,33,62,neutral,0.752,I got to hold a baby turtle and big turtle - need I say more!Very good guide who told us a lot about the turtles and how they help them.,465,0.13333333333333333,66,0.9162907318741551,0.12217209758322067,0.09187341738258195
Sea Turtle Conservation Project (Koggala),Wildlife,20,2,26,48,neutral,0.779,"Turtle conservation a must, in this world with more place for us humans and less for the animals, projects like this are so important and need our support, worth a visit, good explanation and guided visit !",465,0.1032258064516129,54,1.1169614273363062,0.11529924411213484,0.08981811116335305
Sea Turtle Conservation Project (Koggala),Ticket price,14,3,26,43,neutral,0.762,It cost very little for such an amazing experience.,465,0.09247311827956989,94,0.5626506916305767,0.05203006395723612,0.039646908735413926
Sea Turtle Conservation Project (Koggala),Entrance fee,11,1,22,34,neutral,0.836,Entrance fee was reasonable.,465,0.07311827956989247,87,0.6400373552459969,0.04679843027605139,0.03912348771077896
Sea Turtle Conservation Project (Koggala),Beach,10,1,12,23,neutral,0.777,"There will always be downsides of any operation and the 500LKR entrance fee was reasonable.Unlike others who had to rush off, we asked to exit to the beach and had a delightful walk into Koggala.",465,0.04946236559139785,64,0.9470623905409088,0.046843946198797635,0.03639774619646576
Sea Turtle Conservation Project (Koggala),Service quality,13,2,9,24,positive,0.789,"staff quite knowledgable and interesting to talk to, quite a few turtles to see and you can let one of the babies of into the sea, for a fee of course, a pleasant hour passed by",465,0.05161290322580645,88,0.6286086594223741,0.03244431790567092,0.025598566827574356
Sea Turtle Conservation Project (Koggala),Accessibility,2,0,5,7,neutral,0.803,"I do believe these people are doing some good work, however I am not sure if these disabled turtles are being kept as a display rather than entirely helped.",465,0.015053763440860216,36,1.5224265354444706,0.022918248920669453,0.01840335388329757
Sea Turtle Conservation Project (Koggala),Guided tours,2,0,3,5,neutral,0.812,"Really enjoyed our time there, good tour guide who was very informative.",465,0.010752688172043012,36,1.5224265354444706,0.01637017780047818,0.013292584373988283
Sea Turtle Conservation Project (Koggala),Value for money,6,9,0,15,negative,0.845,all for free!!!,465,0.03225806451612903,112,0.38744660260548613,0.012498277503402778,0.010561044490375347
Sea Turtle Conservation Project (Koggala),Cleanliness,0,16,0,16,negative,0.848,Here you can see different types of see turtles which are suffering from plastic poisoning or have lost a limb from fishing net.,465,0.034408602150537634,117,0.34377153910282454,0.01182869811966708,0.010030736005477684
Sea Turtle Conservation Project (Koggala),Safety,7,2,0,9,positive,0.782,"It is nice to see this initiative: the people from the hatchery work together with locals in order to safe injured turtles and ""lost"" eggs.",465,0.01935483870967742,86,0.651598177647073,0.012611577631878831,0.009862253708129246
Sea Turtle Conservation Project (Koggala),Public transport access,2,2,1,5,positive,0.804,We visited this place after a recommendation of a tuktuk driver without knowing much about the place.,465,0.010752688172043012,90,0.6061358035703155,0.0065175892857023176,0.005240141785704664
Sea Turtle Farm Galle Mahamodara,Turtles,295,13,120,428,positive,0.801,Actually so good place.But when we went there one guy who is doing a shop said there is no turtle farm here.But we found the place.I need to said something for you .Don't asked anyone about the turtle farm.Call them before going for this number.,1029,0.4159378036929057,16,2.3333567516607996,0.9705312825178058,0.7773955572967626
Sea Turtle Farm Galle Mahamodara,Wildlife,74,2,37,113,positive,0.8,Amazing Creatures,1029,0.1098153547133139,54,1.1169614273363062,0.12265951534402586,0.0981276122752207
Sea Turtle Farm Galle Mahamodara,Service quality,83,5,23,111,positive,0.801,They do a great social service.,1029,0.10787172011661808,88,0.6286086594223741,0.06780909737209284,0.05431508699504637
Sea Turtle Farm Galle Mahamodara,Beach,26,2,23,51,positive,0.788,The beach also so beautiful.,1029,0.04956268221574344,64,0.9470623905409088,0.04693895230086137,0.03698789441307876
Sea Turtle Farm Galle Mahamodara,Family friendliness,42,2,25,69,positive,0.777,Its a very good place near gall fort and better place to visit with the children's.....touching sea turtles its a amazing experience.,1029,0.06705539358600583,89,0.6173091041684409,0.041393904944239474,0.03216306414167407
Sea Turtle Farm Galle Mahamodara,Local guide,19,1,11,31,positive,0.774,We visited this place before a week ago and had really amazing experience of the explanation of the life of turtles from the very beginning our guide was a very imformative and I enjoyed his explanation.,1029,0.03012633624878523,66,0.9162907318741551,0.027604482690086307,0.021365869602126802
Sea Turtle Farm Galle Mahamodara,Ticket price,19,6,23,48,neutral,0.781,"Terrible lady, she is so greedy and asked us for 50,000 lkr for entry.",1029,0.04664723032069971,94,0.5626506916305767,0.026246096402592498,0.02049820129042474
Sea Turtle Farm Galle Mahamodara,Entrance fee,9,1,25,35,neutral,0.809,For some extra fees we were allowed to free some of the small turtles 🐢 on that beach.,1029,0.034013605442176874,87,0.6400373552459969,0.021769978069591734,0.017611912258299715
Sea Turtle Farm Galle Mahamodara,Cleanliness,45,10,0,55,positive,0.887,Well maintained sea hatchery with so many lovely sea turtles!,1029,0.05344995140913508,117,0.34377153910282454,0.018374572060889553,0.016298245418009033
Sea Turtle Farm Galle Mahamodara,Safety,13,3,1,17,positive,0.796,"The work this team does is amazing they even collect eggs , so the babies can hatch and start their lives in ,safety Wonderful experience ,very knowl",1029,0.01652089407191448,86,0.651598177647073,0.010764984470359805,0.008568927638406405
Sea Turtle Farm Galle Mahamodara,Sunset view,4,0,2,6,positive,0.847,We visit the place is very good near restaurant Mahama tunagate restaurant and beautiful beach and evening sunset 🏝️🌊,1029,0.0058309037900874635,44,1.3217558399823195,0.007707031136923145,0.0065278553729739034
Sea Turtle Farm Galle Mahamodara,Value for money,11,7,0,18,positive,0.822,farm owner name is nilanga.If you have free time you must visit this center,1029,0.01749271137026239,112,0.38744660260548613,0.006777491590766522,0.005571098087610081
Sea Turtle Farm Galle Mahamodara,Stairs,3,0,2,5,positive,0.768,"The owner is very good and he explained us many details about turtles, hatching process, rescue steps, etc.",1029,0.004859086491739553,47,1.255797872190522,0.006102030477116239,0.004686359406425272
Sea Turtle Farm Galle Mahamodara,Public transport access,2,0,8,10,neutral,0.764,Highly recommend this place to visit...But I want to say something guys .When I asked from a tuk tuk driver to go there he told me that it was closed ..But when I called to the hatchery they said they r open..So don't ask from tuk tuk drivers ..If u go there tell the drivers to go coz,1029,0.009718172983479106,90,0.6061358035703155,0.005890532590576438,0.004500366899200399
Sea Turtle Farm Galle Mahamodara,Weather condition,2,4,0,6,negative,0.8,"They also release turtles into the ocean almost every day, unfortunately we went in the rain and we were not able to see and participate in this process, but still this place left a wonderful impression!Entrance is 2,000 ruppies and we still left 1,000 (this is not necessary) we",1029,0.0058309037900874635,82,0.6992262266363275,0.004077120855022318,0.003261696684017854
Sea Turtle Farm Galle Mahamodara,Scenic view,8,0,8,16,positive,0.773,"Although galle is very small in size,there many picturesque places.sea turtle hatchery is one of them.There are so many beautiful turtles and injured turtles.They curing injured turtles and released them back to the ocean.",1029,0.015549076773566569,128,0.25391520998096345,0.003948147093970277,0.003051917703639024
Sea Turtle Farm Galle Mahamodara,Peacefulness,10,0,0,10,positive,0.804,The owner is very friendly and explains everything to you in a calm manner.,1029,0.009718172983479106,129,0.24613306953890854,0.002391963746733805,0.0019231388523739794
Seema Malakaya Temple,Temple,153,7,107,267,positive,0.789,"This is a very small but beautiful temple built on platforms over a lake - great photo opportunities here, with a gold-and-white reclining Buddha, three separate sections with statues and a stupa.",785,0.3401273885350318,76,0.7752121336142496,0.26367087856688487,0.20803632318927218
Seema Malakaya Temple,Buddha statue,33,0,37,70,neutral,0.8,"This is a very small but beautiful temple built on platforms over a lake - great photo opportunities here, with a gold-and-white reclining Buddha, three separate sections with statues and a stupa.",785,0.08917197452229299,47,1.255797872190522,0.11198197586412298,0.08958558069129839
Seema Malakaya Temple,Sculptures,28,0,22,50,positive,0.786,"This is a very small but beautiful temple built on platforms over a lake - great photo opportunities here, with a gold-and-white reclining Buddha, three separate sections with statues and a stupa.",785,0.06369426751592357,55,1.0986122886681098,0.06997530501070763,0.0550005897384162
Seema Malakaya Temple,Bridge,8,1,15,24,neutral,0.769,"But all the usual temple elements are there: image room, stupa, statuary etcThe lake also has a pleasant island reached by a suspension bridge and the top end (North) of the lake has a nice, inexpensive outdoor cafe.",785,0.030573248407643312,20,2.1102132003465894,0.06451607236728427,0.0496128596504416
Seema Malakaya Temple,Entrance fee,11,3,39,53,neutral,0.825,"My first impression was good, no entrance fee no donation..We were lucky to bump into a local wedding held in the Seema Malaka Temple, We could see how the traditional Sri lankan wedding looks like.",785,0.06751592356687898,87,0.6400373552459969,0.043212713156736096,0.03565048835430728
Seema Malakaya Temple,Peacefulness,122,2,0,124,positive,0.811,Located on the Beira Lake in the heart of Colombo - a place for a peaceful respite or just a peek at our Buddhist heritage,785,0.15796178343949044,129,0.24613306953890854,0.038879618627802114,0.03153137070714752
Seema Malakaya Temple,Hindu shrine,4,0,8,12,neutral,0.767,beautiful shrine on water,785,0.015286624203821656,39,1.4423838277709342,0.02204917953280409,0.016911720701660738
Seema Malakaya Temple,Scenic view,44,1,18,63,positive,0.788,"Lovely location over the lake, picturesque, peaceful.",785,0.08025477707006369,128,0.25391520998096345,0.020377908571720633,0.01605779195451586
Seema Malakaya Temple,Stupa,3,0,5,8,neutral,0.768,"This is a very small but beautiful temple built on platforms over a lake - great photo opportunities here, with a gold-and-white reclining Buddha, three separate sections with statues and a stupa.",785,0.01019108280254777,29,1.7386496439141066,0.017718722485748857,0.013607978869055123
Seema Malakaya Temple,Weather condition,3,16,1,20,negative,0.763,It was sunny and nice day.,785,0.025477707006369428,82,0.6992262266363275,0.01781468093340962,0.01359260155219154
Seema Malakaya Temple,Sunset view,6,0,3,9,positive,0.838,"It was really beautiful at sunset, with high rise buildings in the background.",785,0.011464968152866241,44,1.3217558399823195,0.01515388861126226,0.012698958656237774
Seema Malakaya Temple,Noise level,0,6,0,6,negative,0.8,The neighbourhood is noisy and chaotic.,785,0.007643312101910828,32,1.640209571100854,0.012536633664465125,0.0100293069315721
Seema Malakaya Temple,Museum,2,0,4,6,neutral,0.767,"But it is worth a visit and it is only 2 blocks from the large Gangaramaya Buddhist Temple and museum, which is also worth visiting.",785,0.007643312101910828,36,1.5224265354444706,0.011636381162632896,0.008925104351739432
Seema Malakaya Temple,Value for money,16,4,0,20,positive,0.82,Don't miss it - its only a cheap tuk-tuk ride away from wherever you are staying in Colombo.......,785,0.025477707006369428,112,0.38744660260548613,0.009871251021795825,0.008094425837872576
Seema Malakaya Temple,Elephants,2,0,3,5,neutral,0.772,"there are two ""pretty long"" elephant tusks on the sides of the ""main Buddha"" inside the pavilion and a fairly big Buddha statue under the tree in the open area on one side (where the chedi structure is) where there's also some pink statue made interesting by its multiple faces & multiple hands.Nearby,",785,0.006369426751592357,33,1.6094379124341003,0.010251196894484716,0.007913924002542202
Seema Malakaya Temple,Cleanliness,15,1,0,16,positive,0.89,"The temple is calm and peaceful, and fairly clean.",785,0.02038216560509554,117,0.34377153910282454,0.007006808440312347,0.006236059511877989
Seema Malakaya Temple,Crowdedness,9,11,0,20,negative,0.806,very clam peaceful surroundings in the modest of Busy noycy Colombo,785,0.025477707006369428,122,0.3019244291673241,0.007692342144390423,0.006200027768378681
Seema Malakaya Temple,Family friendliness,3,0,3,6,positive,0.783,"Entry cost 300 rupees for adult, children go for free.",785,0.007643312101910828,89,0.6173091041684409,0.004718286146510376,0.0036944180527176246
Seema Malakaya Temple,Public transport access,3,0,3,6,positive,0.783,Don't miss it - its only a cheap tuk-tuk ride away from wherever you are staying in Colombo.......,785,0.007643312101910828,90,0.6061358035703155,0.004632885122830437,0.003627549051176232
Seenigama Muhudu Viharaya,Temple,15,2,20,37,neutral,0.776,"very nice temple, Beautiful people had a overall lovey time.",76,0.4868421052631579,76,0.7752121336142496,0.3774059071543057,0.29286698395174127
Seenigama Muhudu Viharaya,Beach,6,1,9,16,neutral,0.776,about it and its importance whilst the other crew members waited for us (there was no rushing from their side) and took us back to shore.,76,0.21052631578947367,64,0.9470623905409088,0.19938155590334922,0.154720087380999
Seenigama Muhudu Viharaya,Hindu shrine,2,0,3,5,neutral,0.764,Lovely visit to the Kovil at the island,76,0.06578947368421052,39,1.4423838277709342,0.09489367287966671,0.07249876608006536
Seenigama Muhudu Viharaya,Scenic view,6,0,3,9,positive,0.781,"Well worth a visit, even if you dont make the trip to the island, you can still take some scenic photos from the shoreline.",76,0.11842105263157894,128,0.25391520998096345,0.03006890644511409,0.023483815933634106
Seenigama Muhudu Viharaya,Peacefulness,9,0,0,9,positive,0.804,I was frightened but when I got there it was so peaceful and all the were very friendly and helpful.,76,0.11842105263157894,129,0.24613306953890854,0.029147337182239167,0.023434459094520292
Seruwila Mangala Raja Maha Vihara,Road access,4,2,3,9,positive,0.75,A place with a long history.Roads are good.Car park ticket was Rs 50.,65,0.13846153846153847,1,5.10594547390058,0.7069770656170035,0.5302327992127526
Seruwila Mangala Raja Maha Vihara,Stupa,2,1,12,15,neutral,0.755,The Dagoba is beautiful seen early in the morning across the paddy fields with the misty in December,65,0.23076923076923078,29,1.7386496439141066,0.4012268409032554,0.30292626488195784
Seruwila Mangala Raja Maha Vihara,Temple,4,0,20,24,neutral,0.753,"Peaceful, historic temple",65,0.36923076923076925,76,0.7752121336142496,0.28623217241141524,0.21553282582579567
Seruwila Mangala Raja Maha Vihara,Hindu shrine,1,0,5,6,neutral,0.757,"carved stone door& Bootree shrine.It is an serine place and looks beautiful.In 1922 ,",65,0.09230769230769231,39,1.4423838277709342,0.13314312256347086,0.10078934378054744
Seruwila Mangala Raja Maha Vihara,Forest,1,0,4,5,neutral,0.752,Nice temple surrounding the jungle.,65,0.07692307692307693,51,1.1741198411762548,0.09031691085971191,0.06791831696650336
Seruwila Mangala Raja Maha Vihara,Peacefulness,6,0,0,6,positive,0.84,Peaceful Place,65,0.09230769230769231,129,0.24613306953890854,0.022719975649745403,0.019084779545786138
Sigiriya Lion Rock,Fortress,52,5,37,94,positive,0.787,"Once again, this fortress is an incredible place",1785,0.05266106442577031,9,2.908720896564361,0.1531763385305602,0.12054977842355089
Sigiriya Lion Rock,Stairs,79,43,87,209,neutral,0.777,From here its tight metal steps and no places to stop but not as bad as it looks from the bottom.,1785,0.11708683473389356,47,1.255797872190522,0.14703739792034684,0.1142480581841095
Sigiriya Lion Rock,Murals,46,4,26,76,positive,0.798,Early start and started climbing at 5.30 making it to the top for sunrise.Although dark to climb was not as tough as I thought it would be and avoided the crowds and bottlenecks on the stairs that can happen later in the day.Stunning sunrise and amazing frescoes.,1785,0.04257703081232493,11,2.70805020110221,0.11530073685365153,0.09200998800921392
Sigiriya Lion Rock,Ancient ruins,40,4,30,74,positive,0.788,"The place is very beautiful, a huge area with spectacular ruins and ponds with water, and at the end a small rock mountain with archaeological remains on the top,, A short walk along the side of the rock by some stairs, it is reached in just 5 minutes, to contemplate some beautiful ruins and beautiful views....E",1785,0.04145658263305322,23,1.9704512579714308,0.08168817540049629,0.06437028221559107
Sigiriya Lion Rock,Sunrise view,23,6,23,52,positive,0.83,Early start and started climbing at 5.30 making it to the top for sunrise.Although dark to climb was not as tough as I thought it would be and avoided the crowds and bottlenecks on the stairs that can happen later in the day.Stunning sunrise and amazing frescoes.,1785,0.029131652661064426,21,2.0614230361771577,0.060052659877429804,0.04984370769826674
Sigiriya Lion Rock,Local guide,54,16,57,127,neutral,0.764,"The guide, Bandara, was very helpful and knowledgeable about the area and surrounds.",1785,0.0711484593837535,66,0.9162907318741551,0.06519267392045809,0.04980720287522998
Sigiriya Lion Rock,Heritage site,21,2,37,60,neutral,0.8,I think sigiriya is the best world heritage site in Sri Lanka.,1785,0.03361344537815126,30,1.7047480922384253,0.05730245688196387,0.0458419655055711
Sigiriya Lion Rock,Paintings,26,5,23,54,positive,0.786,Definitely go here if you are staying in the area The paintings are incredible.,1785,0.030252100840336135,29,1.7386496439141066,0.052597804353704064,0.041341874222011396
Sigiriya Lion Rock,Scenic view,237,10,59,306,positive,0.803,Amazing view,1785,0.17142857142857143,128,0.25391520998096345,0.043528321711022305,0.03495324233395091
Sigiriya Lion Rock,Ticket price,28,24,58,110,neutral,0.785,The cost as I saw some complaining is NOT expensive of what you get to see.,1785,0.06162464985994398,94,0.5626506916305767,0.0346731518651896,0.027218424214173836
Sigiriya Lion Rock,Mountain,11,8,11,30,positive,0.761,"I wasn't expecting much before I went, but it ended up as one of the highlights in our trip.The rock is on top of a hill, so there are two parts in climbing up.Tips: - Try yout best to go earlier in the afternoon, as at the top it could be rather windy.",1785,0.01680672268907563,24,1.927891643552635,0.032401540227775374,0.02465757211333706
Sigiriya Lion Rock,Museum,13,3,20,36,neutral,0.776,Worth a quick look around the museum beforehand - only 10-20 mins worth but gives you good context.,1785,0.020168067226890758,36,1.5224265354444706,0.030704400714846466,0.023826614954720857
Sigiriya Lion Rock,Weather condition,7,68,4,79,negative,0.757,"Amazing view and one if the must visit places in Sri Lanka, but it's so hot during the day time, avoid weekend crowded and difficult to climb.",1785,0.044257703081232495,82,0.6992262266363275,0.030946146725081163,0.02342623307088644
Sigiriya Lion Rock,Crowdedness,7,83,2,92,negative,0.843,"Amazing view and one if the must visit places in Sri Lanka, but it's so hot during the day time, avoid weekend crowded and difficult to climb.",1785,0.0515406162464986,122,0.3019244291673241,0.0155613711391562,0.013118235870308676
Sigiriya Lion Rock,Guided tours,6,2,10,18,neutral,0.82,"A tour guide met us at the start which we assumed was included in the ticket price - very knowledgeable, friendly snd worth having a guide to learn about the history of the rock - however at the",1785,0.010084033613445379,36,1.5224265354444706,0.015352200357423233,0.01258880429308705
Sigiriya Lion Rock,Forest,10,1,11,22,neutral,0.781,Beautiful view over the jungle.,1785,0.012324929971988795,51,1.1741198411762548,0.014470944821219946,0.011301807905372777
Sigiriya Lion Rock,Sunset view,12,2,4,18,positive,0.838,"My advice is to go up for sunset and see the sunrise from Pidirangula rock, this is because the latter is more difficult to do after sunset.",1785,0.010084033613445379,44,1.3217558399823195,0.01332863031914944,0.011169392207447231
Sigiriya Lion Rock,Signage,4,1,6,11,neutral,0.771,Despite the warning signs about being quiet so as not to disturb the hornets there was many people making lots of noise.,1785,0.0061624649859943975,16,2.3333567516607996,0.014379229281943302,0.011086385776378287
Sigiriya Lion Rock,Value for money,8,47,0,55,negative,0.869,The cost as I saw some complaining is NOT expensive of what you get to see.,1785,0.03081232492997199,112,0.38744660260548613,0.01193813061249397,0.01037423550225726
Sigiriya Lion Rock,Entrance fee,7,11,16,34,neutral,0.84,"Fairly simple but impressive climbEnough at the park for $25/personLast admission at 5:00 p.m., great for seeing the sunset",1785,0.01904761904761905,87,0.6400373552459969,0.012191187718971371,0.010240597683935952
Sigiriya Lion Rock,Family friendliness,11,5,21,37,neutral,0.756,"There are lots of steps ,even before you get to the Lions feet- so take it easy and you will reach the top, lots of families of monkeys along your way and I have no idea how there was a dog at the top.The views are amazing, the ancient city was much smaller than It looks on the photos.I took around 15 minutes",1785,0.02072829131652661,89,0.6173091041684409,0.012795762943547513,0.00967359678532192
Sigiriya Lion Rock,Cave temple,2,0,5,7,neutral,0.803,"An absolutely stunning area.The lakes and small rivers around the bottom of the Rock Temple are just beautiful.The climb up to the roco is not to difficult,there are places to rest.At the top the view is just amazing.This is one of the better places to visit and well worth the trip out to Sigiriya.",1785,0.00392156862745098,8,3.0265039322207445,0.0118686428714539,0.009530520225777482
Sigiriya Lion Rock,Safety,13,11,7,31,positive,0.826,I can say it's safe but I would recommend being fit.,1785,0.017366946778711485,86,0.651598177647073,0.011316270872302107,0.00934723974052154
Sigiriya Lion Rock,Toilets,4,1,7,12,neutral,0.778,"Two intermediate platforms where you can rest.At the top, 360° view and very beautiful ruins.Be careful, at the top, no toilets or water",1785,0.0067226890756302525,37,1.4950275612563562,0.010050605453824244,0.007819371043075262
Sigiriya Lion Rock,Souvenir stalls,2,1,9,12,neutral,0.762,I understand the hawkers are poor and struggle to survive but it was painful.,1785,0.0067226890756302525,49,1.214125175789954,0.008162186055730785,0.006219585774466858
Sigiriya Lion Rock,Parking,4,1,7,12,neutral,0.798,"As you arrive, parking is conveniently available, ensuring a hassle-free start to your visit.",1785,0.0067226890756302525,54,1.1169614273363062,0.00750898438545416,0.00599216953959242
Sigiriya Lion Rock,Viewpoint,4,0,3,7,positive,0.814,"Else, you can go to a viewpoint to get a nice photos with the rock .",1785,0.00392156862745098,29,1.7386496439141066,0.0068182338977023785,0.005550042392729736
Sigiriya Lion Rock,Service quality,12,4,3,19,positive,0.807,"The guide, Bandara, was very helpful and knowledgeable about the area and surrounds.",1785,0.010644257703081233,88,0.6286086594223741,0.006691072565280173,0.0053996955601811
Sigiriya Lion Rock,Elephants,2,1,4,7,neutral,0.771,"-Anything amazing will loose its luster if you are sweating buckets ;) so early morning or evening would be a better idea, subject to opening and closing hours.-There are wild elephants on the access roads to Sigiriya specially at night and in the early mornings.",1785,0.00392156862745098,33,1.6094379124341003,0.006311521225231766,0.004866182864653692
Sigiriya Lion Rock,Accommodation,4,1,10,15,neutral,0.763,"He is not only a very good and safe driver but also a skilled and flexible guide, sometimes a guard and, fortunately, a good pal.He also gave veritable insider hints, trained my bargaining skills and found the hotels and restaurants most suitable for me.",1785,0.008403361344537815,90,0.6061358035703155,0.005093578181263155,0.0038864001523037876
Sigiriya Lion Rock,Temple,6,0,5,11,positive,0.787,"An absolutely stunning area.The lakes and small rivers around the bottom of the Rock Temple are just beautiful.The climb up to the roco is not to difficult,there are places to rest.At the top the view is just amazing.This is one of the better places to visit and well worth the trip out to Sigiriya.",1785,0.0061624649859943975,76,0.7752121336142496,0.0047772176301158235,0.003759670274901153
Sigiriya Lion Rock,Accessibility,5,0,0,5,positive,0.848,Departure during the night to enjoy the sunrise on the rock.Very beautiful site with beautiful ruins.1000 steps but easily accessible,1785,0.0028011204481792717,36,1.5224265354444706,0.004264500099284231,0.0036162960841930277
Sigiriya Lion Rock,Sculptures,3,2,1,6,positive,0.797,"I was just inquiring, I had no interest to buy but he wasn’t pushy, he was so humble and explained to me on the meanings of the masked devils, the Buddha statues and other arts.",1785,0.0033613445378151263,55,1.0986122886681098,0.0036928144156911256,0.0029431730893058274
Sigiriya Lion Rock,Peacefulness,23,1,0,24,positive,0.798,There are some dogs/ monkeys about so be careful of having food and drink out here but they were very calm and I never saw them trying to get anything from people.,1785,0.013445378151260505,129,0.24613306953890854,0.0033093521954811233,0.0026408630519939363
Sigiriya Lion Rock,Cleanliness,11,3,0,14,positive,0.88,The museum part at the start is a bit rubbish of the old photos but it was nice to see the jewellery and things uncovered from the site.,1785,0.00784313725490196,117,0.34377153910282454,0.0026962473655123493,0.0023726976816508673
Sigiriya Lion Rock,Public transport access,1,1,7,9,neutral,0.767,"Yes, it is expensive, yes you will sweat, and yes it is scary- but still worth it!The ticket office now opens at 5, for those who want the sunrise, but we started our climb just after 6, so daylight, tuk tuk available, nice light and still not too hot or crowded.",1785,0.005042016806722689,90,0.6061358035703155,0.0030561469087578936,0.0023440646790173045
Single Tree Hill,Tea plantation,13,0,11,24,positive,0.824,"It's a nice path but with hindsight I would rather start in the tea plantation and then go downwards via the road, which is easier.",138,0.17391304347826086,16,2.3333567516607996,0.40580117420187817,0.3343801675423476
Single Tree Hill,Temple,15,1,16,32,neutral,0.784,Beautiful Buddhist temple not far from the top which is worth a visit.,138,0.2318840579710145,76,0.7752121336142496,0.1797593353308405,0.14093131889937896
Single Tree Hill,Scenic view,42,1,8,51,positive,0.805,Nice trekking and a view,138,0.3695652173913043,128,0.25391520998096345,0.09383822977557345,0.07553977496933663
Single Tree Hill,Viewpoint,1,0,6,7,neutral,0.76,Nice viewpoint,138,0.050724637681159424,29,1.7386496439141066,0.08819237324201991,0.06702620366393514
Single Tree Hill,Public transport access,3,0,4,7,neutral,0.771,"We decided to stay in but when it's clear we went out and finding a free places to visit, a tuk tuk driver told us about this place, we love it.",138,0.050724637681159424,90,0.6061358035703155,0.030746019021682672,0.02370518066571734
Single Tree Hill,Weather condition,2,4,0,6,negative,0.767,"When we arrived there, it's raining and cold.",138,0.043478260869565216,82,0.6992262266363275,0.030401140288535976,0.023317674601307094
Single Tree Hill,Accommodation,0,1,4,5,neutral,0.752,"It was a bit hard to find the path though (yes, there is one!).Go along the Queen Elisabeth road, then turn right to the Haddon Hill road all the way to Teabush hotel, where the road end.",138,0.036231884057971016,90,0.6061358035703155,0.021961442158344766,0.016515004503075265
Single Tree Hill,Peacefulness,6,0,0,6,positive,0.813,"The road almost has no traffic, it's quiet.",138,0.043478260869565216,129,0.24613306953890854,0.010701437806039502,0.008700268936310115
Sinharaja Forest Reserve,Leeches,13,107,16,136,negative,0.801,"From the moment we went in to the forest, every ten minutes we would be wiping off Leeches from our legs and cleaning the blood, you have to know that when leeches start sucking your blood you dont feel a thing, when they stop thats when the blood starts to flow and you realize that you have been bitten.",1907,0.0713162034609334,8,3.0265039322207445,0.2158387702055696,0.17288685493466127
Sinharaja Forest Reserve,Forest,197,20,126,343,positive,0.793,"The entrance fee to the forest is around 600Rupees per person and we had our video camera with us so we had to pay an extra fee for it, but trust me, its totally worth it.",1907,0.17986366019926586,51,1.1741198411762548,0.2111814921465419,0.16746692327220772
Sinharaja Forest Reserve,Birds,83,10,98,191,neutral,0.766,We saw so many beautiful butterflies that were so huge that at first we thought they were birds.,1907,0.10015731515469324,40,1.4170660197866443,0.1419295279387777,0.10871801840110372
Sinharaja Forest Reserve,Waterfall,67,10,50,127,positive,0.791,"Nice waterfall, snakes, huge trees etc.",1907,0.06659674882013635,24,1.927891643552635,0.12839131553811467,0.1015575305906487
Sinharaja Forest Reserve,Local guide,136,22,101,259,positive,0.776,The guides that accompany you are really great.,1907,0.13581541688515994,66,0.9162907318741551,0.12444640773749668,0.09657041240429742
Sinharaja Forest Reserve,Wildlife,75,8,86,169,neutral,0.781,"and many different species of Lizards, some very rare Animals as well, like the Frog Mouth Owl which was so amazing to see.",1907,0.0886208704771893,54,1.1169614273363062,0.09898609397998728,0.07730813939837007
Sinharaja Forest Reserve,Trail,49,19,45,113,positive,0.77,"This time we went it was dry season so there werent so many leeches, but we went prepared anyways, rubber boots and track pants so there were a couple of desperate leeches who were looking for a way to get in the boots.",1907,0.05925537493445202,39,1.4423838277709342,0.08546899451395677,0.06581112577574671
Sinharaja Forest Reserve,Heritage site,13,3,28,44,neutral,0.802,Hard to considerate it a world heritage site with that kind of activities going on.,1907,0.023072889355007866,30,1.7047480922384253,0.03933346411037793,0.0315454382165231
Sinharaja Forest Reserve,River,11,6,12,29,neutral,0.779,There's a nice river with a beach right beside the station.,1907,0.015207131620346093,33,1.6094379124341003,0.02447493416916041,0.01906597371777596
Sinharaja Forest Reserve,Guided tours,17,1,8,26,positive,0.843,The tour guides here are mostly volunteers so giving them tip is a good idea.,1907,0.013633980073413739,36,1.5224265354444706,0.020756733047486226,0.017497925959030887
Sinharaja Forest Reserve,Ticket price,20,12,27,59,neutral,0.79,"The guide is one for a group and it is not as expensive as it may seem - we paid less than two thousand rupees for the entrance for two persons, everything included.The quality of your visit is highly influenced by the quality of your guide - be sure to check that he AT LEAST speaks in your language well.",1907,0.03093864708966964,94,0.5626506916305767,0.017407651183116952,0.013752044434662393
Sinharaja Forest Reserve,Accommodation,26,5,24,55,positive,0.784,"We booked the trip in our hotel, so they took care of the transport by tuktuk (otherwise we never find the entrance to the forest I suppose) and a guide (without a guide, you can't get in).",1907,0.028841111693759833,90,0.6061358035703155,0.01748163041235834,0.013705598243288939
Sinharaja Forest Reserve,Rock formation,3,4,7,14,neutral,0.761,The forest has a lovely damp hunid atmosphere and is very lush with lots of small rock pools.etc.,1907,0.007341373885684321,20,2.1102132003465894,0.015491864082250787,0.011789308566592849
Sinharaja Forest Reserve,Leopards,2,0,8,10,neutral,0.756,"Don't expect any of the ""more interesting""animals like monkeys, leopards and tarantulas because they are hidden in the middle of the park and even the guides see them rarely.Last tip: come prepared.",1907,0.005243838489774515,13,2.540996116439044,0.013324573237750624,0.010073377367739472
Sinharaja Forest Reserve,Accessibility,13,1,0,14,positive,0.857,Difficult access from maybe Pitadeniya,1907,0.007341373885684321,36,1.5224265354444706,0.011176702410184891,0.009578433965528451
Sinharaja Forest Reserve,Public transport access,10,4,21,35,neutral,0.775,"We booked the trip in our hotel, so they took care of the transport by tuktuk (otherwise we never find the entrance to the forest I suppose) and a guide (without a guide, you can't get in).",1907,0.018353434714210803,90,0.6061358035703155,0.01112467389877349,0.008621622271549455
Sinharaja Forest Reserve,Bridge,3,2,5,10,neutral,0.778,"Poor Sarath practically had his hand & arm ripped off as I clung to him for dear life, moaning & whinging ever step across the swinging bridge.",1907,0.005243838489774515,20,2.1102132003465894,0.011065617201607706,0.008609050182850795
Sinharaja Forest Reserve,Entrance fee,10,2,16,28,neutral,0.837,"The entrance fee to the forest is around 600Rupees per person and we had our video camera with us so we had to pay an extra fee for it, but trust me, its totally worth it.",1907,0.014682747771368642,87,0.6400373552459969,0.009397507051330842,0.007865713401963913
Sinharaja Forest Reserve,Family friendliness,10,5,14,29,neutral,0.757,The tour to the latter can be recommended for families since it includes a cool swim.,1907,0.015207131620346093,89,0.6173091041684409,0.009387500797527417,0.007106338103728255
Sinharaja Forest Reserve,Service quality,21,0,4,25,positive,0.803,"Palitha, the ranger, is incredibly knowledgeable and helpful.",1907,0.013109596224436287,88,0.6286086594223741,0.00824080570821151,0.006617366983693844
Sinharaja Forest Reserve,Elephants,2,0,8,10,neutral,0.756,"But beware, there are 2 elephants who roam the area, who are not all that friendly!",1907,0.005243838489774515,33,1.6094379124341003,0.008439632472124281,0.006380362148925957
Sinharaja Forest Reserve,Toilets,1,2,6,9,neutral,0.773,"I think we overpaid it but the guide was really worth itWhat to bring with you - plasters, if the leech bite you (you will bleed a lot), repelent, camera, swimsuit if you wanna swim at the waterfall, towel (if you are swimming :-)Toilet - there is a very very poor toilet at the beginning, many leeches outside.",1907,0.0047194546407970635,37,1.4950275612563562,0.0070557147620908265,0.005454067511096209
Sinharaja Forest Reserve,Noise level,0,8,0,8,negative,0.78,The forest is free from urban noise and you only hear the sound of the forest which is entertaining.,1907,0.004195070791819612,32,1.640209571100854,0.006880795264188166,0.005367020306066769
Sinharaja Forest Reserve,Safety,5,11,1,17,negative,0.829,"They are not dangerous in any way though, so do not be paranoid :)",1907,0.008914525432616675,86,0.651598177647073,0.00580868852648151,0.0048154027884531716
Sinharaja Forest Reserve,Signage,1,2,2,5,negative,0.776,"No signposts, and rubbish road.",1907,0.0026219192448872575,16,2.3333567516607996,0.006117872972367068,0.004747469426556844
Sinharaja Forest Reserve,Scenic view,25,2,18,45,positive,0.778,It is a bit away from the usual tourist haunts but is very important as suggested by its world heritage status.Didn't see much wildlife other than a few butterflies and there certainly are no stunning views.,1907,0.023597273203985317,128,0.25391520998096345,0.005991706580568094,0.0046615477196819775
Sinharaja Forest Reserve,Value for money,11,12,0,23,negative,0.84,"The guide is one for a group and it is not as expensive as it may seem - we paid less than two thousand rupees for the entrance for two persons, everything included.The quality of your visit is highly influenced by the quality of your guide - be sure to check that he AT LEAST speaks in your language well.",1907,0.012060828526481384,112,0.38744660260548613,0.004672927037192544,0.0039252587112417366
Sinharaja Forest Reserve,Restaurants,5,0,2,7,positive,0.8,"Then we turned back & a lovely meal awaited us at Sinharaja View Villas Restaurant, oh how I love that Devilled Chicken!",1907,0.0036706869428421605,49,1.214125175789954,0.004456673429748127,0.003565338743798502
Sinharaja Forest Reserve,Beach,3,0,5,8,neutral,0.768,There's a nice river with a beach right beside the station.,1907,0.004195070791819612,64,0.9470623905409088,0.003972993772589025,0.0030512592173483712
Sinharaja Forest Reserve,Parking,5,1,0,6,positive,0.84,"You have to take leech replicate also,I was there last week for 3 day trip and I enjoyed a lot, if you travelling from deniyaya side you have to walk 1.5Km to the bungalow ,parking the vehicle at a nearby place, a car cannot travel on this road ,so it’s better if u can hire VAN with good clearance.",1907,0.003146303093864709,54,1.1169614273363062,0.0035142991945557615,0.0029520113234268396
Sinharaja Forest Reserve,Cleanliness,12,5,0,17,positive,0.875,"lots of pitcher plants, butterflies, incredible birds (including a frogmouth), reptiles (including green vine snake, which was beautiful), wild orchids, well-maintained trail.HOWEVER: USER BEWARE.",1907,0.008914525432616675,117,0.34377153910282454,0.003064560128341907,0.0026814901122991686
Sinharaja Forest Reserve,Peacefulness,21,0,0,21,positive,0.813,"A 3-hour escape into a different, green, peaceful world, the only sounds the sounds of nature.",1907,0.01101206082852648,129,0.24613306953890854,0.002710432333674399,0.0022035814872772863
Sinharaja Forest Reserve,Crowdedness,2,13,0,15,negative,0.845,Most of the local tourists come late thus you have some peaceful time with birds and enjoy as the crowd increases its tough to watch birds.,1907,0.007865757734661772,122,0.3019244291673241,0.00237486441400622,0.0020067604298352557
Sithulpawwa Rock Temple,Temple,38,2,31,71,positive,0.79,"If you are in the yala area its a good place to visit and if you are retuning from a morning safari in the national park there is a short cut , turning right soon after the park entrance that will bring you half way to the temple.",274,0.2591240875912409,76,0.7752121336142496,0.20087613681245153,0.1586921480818367
Sithulpawwa Rock Temple,Cave temple,6,0,8,14,neutral,0.811,Sithulpawwa rock temple has a stunning setting.,274,0.051094890510948905,8,3.0265039322207445,0.15463888704777526,0.12541213739574575
Sithulpawwa Rock Temple,Wildlife,11,5,14,30,neutral,0.785,The road to Sithulpawwa from town was not good few years back and now the roads are good and you will see some animals in their natural habitat on your way to the temple.,274,0.10948905109489052,54,1.1169614273363062,0.12229504678864667,0.09600161172908764
Sithulpawwa Rock Temple,Elephants,4,0,17,21,neutral,0.755,"The water/pond in-between the two hills, the wandering elephant, the odd dear and just the space around felt really nice.",274,0.07664233576642336,33,1.6094379124341003,0.1233510808799858,0.09313006606438927
Sithulpawwa Rock Temple,Forest,5,0,16,21,neutral,0.762,"Drive thru the thick jungle ( Yala NP ) adds a bit of a thrill & scariness to the journey, though road ends with one of the most peaceful & calm ancient Buddhist temple .Best time to visit is during dawn or dusk.",274,0.07664233576642336,51,1.1741198411762548,0.08998728709745019,0.06857031276825705
Sithulpawwa Rock Temple,Stupa,3,1,8,12,neutral,0.767,"‘Dasamaha Yodhayan’ Pussadeva is also said to be from this area.According to the great chroricle Mahawansa, King Vasaba has built 10 stupas in the Sithulpqwwa (then Chiththal Pabbatha) According to stone inscriptions King Mahallaka Naga (134-146) has built stupas and donated land to the temple and the regional King Dappula",274,0.043795620437956206,29,1.7386496439141066,0.07614523987944993,0.0584033989875381
Sithulpawwa Rock Temple,Leopards,2,0,4,6,neutral,0.767,"Very calm place, awesome landscape, interesting animals around (samba deer, monkeys, bores...) + we saw leopards on the opposite hill !",274,0.021897810218978103,13,2.540996116439044,0.05564225072494257,0.04267760630603095
Sithulpawwa Rock Temple,Stairs,3,2,4,9,neutral,0.773,"Again, this was an unexpected highlight of our Yala adventure trip.You do have to climb some stairs and part of the way up is without shoes (religious obligation requirement)",274,0.032846715328467155,47,1.255797872190522,0.04124883521793686,0.031885349623465196
Sithulpawwa Rock Temple,Paintings,1,0,5,6,neutral,0.757,There is a specific cave temple that consists of beautiful ancient paintings that are believed to belong to the 3rd century BC.,274,0.021897810218978103,29,1.7386496439141066,0.038072619939724966,0.0288209732943718
Sithulpawwa Rock Temple,Buddha statue,1,0,7,8,neutral,0.783,this is a amazing calm place with full of nature very peaceful the cave with beautiful paints with buddha images we want there late afternoon way back we saw a lots of wild animals snacks and most beautiful leopard crossed the road so so lucky we wear to see all the animals unfortunately,274,0.029197080291970802,47,1.255797872190522,0.03666563130483276,0.028709189311684053
Sithulpawwa Rock Temple,Scenic view,27,1,10,38,positive,0.788,The view of the surrounding area was breathtaking since the temple is located at inside the Yala reserve.,274,0.1386861313868613,128,0.25391520998096345,0.035214518172542376,0.027749040319963395
Sithulpawwa Rock Temple,Parking,1,1,4,6,neutral,0.773,"As we approached Situlpawwa car park area, there hundreds of wild-boars including many cubs – probably used to easy food from pilgrims and visitors.",274,0.021897810218978103,54,1.1169614273363062,0.024459009357729333,0.018906814233524773
Sithulpawwa Rock Temple,Local guide,4,0,3,7,positive,0.764,Enjoyed our visit but as we weren't appropriately advised and we visited with out a guide which was a mistake as the place has a very little signage and it is all in Sinhalese.,274,0.025547445255474453,66,0.9162907318741551,0.023408887310653596,0.01788438990533935
Sithulpawwa Rock Temple,Peacefulness,19,0,0,19,positive,0.785,"At the top of the rock is the Temple & you can see lots of monkeys in the area which is a very serene sight, but keep your distance from them since not all of them are very nice.",274,0.06934306569343066,129,0.24613306953890854,0.01706762161036227,0.013398082964134382
Sithulpawwa Rock Temple,Cleanliness,4,2,0,6,positive,0.873,Don't harm to any animal or don't leave garbage there.,274,0.021897810218978103,117,0.34377153910282454,0.007527843921959662,0.006571807743870784
Somawathiya Chaitya,Stupa,8,1,23,32,neutral,0.762,Somawathi holds one of the only two tooth relics of Lord Buddha existing in the world.Incredible unnatural phenomena which has been accruing around the stupa .These have been witnessed by thousands of pilgrims.The remoteness of the location.,180,0.17777777777777778,29,1.7386496439141066,0.3090932700291745,0.23552907176223098
Somawathiya Chaitya,Buddha statue,9,1,25,35,neutral,0.763,Somawathi holds one of the only two tooth relics of Lord Buddha existing in the world.Incredible unnatural phenomena which has been accruing around the stupa .These have been witnessed by thousands of pilgrims.The remoteness of the location.,180,0.19444444444444445,47,1.255797872190522,0.24418291959260152,0.18631156764915496
Somawathiya Chaitya,Elephants,5,2,19,26,neutral,0.764,And had a most beautiful day there with lots of puja around the Chaithya till midnight.Saw regular elephant who visits temple premises almost every day.,180,0.14444444444444443,33,1.6094379124341003,0.23247436512937003,0.1776104149588387
Somawathiya Chaitya,Temple,11,3,21,35,neutral,0.774,"One of the best ""lost temples"" of the world where miracles are said to happen in front of your eyes.",180,0.19444444444444445,76,0.7752121336142496,0.1507356926472152,0.11666942610894457
Somawathiya Chaitya,Forest,6,0,13,19,neutral,0.769,Beautiful Buddhist temple in the Jungle,180,0.10555555555555556,51,1.1741198411762548,0.12393487212416023,0.09530591666347922
Somawathiya Chaitya,Weather condition,0,12,1,13,negative,0.771,"Yet, due to all those other obligations--war issues;wild elephant attacks;rain--it always seem to be impossible and after over 10yrs, we finally got to visit this place and it's on Poson poya!",180,0.07222222222222222,82,0.6992262266363275,0.05049967192373476,0.0389352470531995
Somawathiya Chaitya,Wildlife,1,0,5,6,neutral,0.75,Travelling on the road during evenings and early mornings are not recommended as the temple is surrounded by a jungle and wild animals.,180,0.03333333333333333,54,1.1169614273363062,0.037232047577876876,0.027924035683407657
Somawathiya Chaitya,Peacefulness,9,0,0,9,positive,0.787,Very pretty-with a relaxing atmosphere that makes you calm instantly & renovations haven't destroyed it at all.,180,0.05,129,0.24613306953890854,0.012306653476945428,0.009685336286356053
Somawathiya Chaitya,Scenic view,3,0,2,5,positive,0.78,Very nice landscape and rich in wild life.Go there if you wish to worship this ancient Pagoda in which the remains of Lord Buddha are deposited.,180,0.027777777777777776,128,0.25391520998096345,0.007053200277248984,0.005501496216254208
Sri Pada / Adam's Peak,Sunrise view,145,55,120,320,positive,0.834,"We found the summit amazing, and more then just the sunrise, there are multiple religions that have affiliations with this peak, and that was the most inspiring part.",1732,0.18475750577367206,21,2.0614230361771577,0.3808633785084818,0.3176400576760738
Sri Pada / Adam's Peak,Stairs,54,64,122,240,neutral,0.772,We left at 2:30am and easily made it up the top by 5:30am.I'm quite fit but I still found the last 1000 or so steps of the trek pretty hard!!!,1732,0.13856812933025403,47,1.255797872190522,0.1740135619663541,0.13433846983802536
Sri Pada / Adam's Peak,Weather condition,18,103,15,136,negative,0.769,"6-7 hours and get lots of rest whenever you feel tired.think of carrying a little back bag with you where to put a bottle of water, hot drinks and little snacks although you can find hot drinks and food in the several coffee shops all the way to the mountain`s summit.",1732,0.07852193995381063,82,0.6992262266363275,0.05490459978206729,0.04222163723240975
Sri Pada / Adam's Peak,Temple,21,22,50,93,neutral,0.778,"I did walk right to the top and walk around the temple no one stopped me or said anything to me, people where really nice, but didn't enter the temple with the footprint.",1732,0.05369515011547344,76,0.7752121336142496,0.041625131885753584,0.03238435260711629
Sri Pada / Adam's Peak,Toilets,10,8,27,45,neutral,0.778,- Toilet roll- Phone / camera (obvs!)- A portable phone charger (you don't want your battery running out when you get to the top!)- Hand Sanitiser- Sun glasses & suncream (for the way down)- A,1732,0.025981524249422634,37,1.4950275612563562,0.0388430948363372,0.030219927782670346
Sri Pada / Adam's Peak,Scenic view,186,12,48,246,positive,0.808,"The Police was kind enough to find us a Tuk Tuk.All in all, it was a good experience for the challenge, not for the view.",1732,0.1420323325635104,128,0.25391520998096345,0.03606416954694977,0.029139848993935416
Sri Pada / Adam's Peak,Buddha statue,11,8,33,52,neutral,0.764,He did so as the Gid Sumana Saman has invited Lord Buddha to do so.Best place on earth to view the magnificent sunriae which is very rare.Its a must visit place for every person on earth.,1732,0.03002309468822171,47,1.255797872190522,0.037702938426043386,0.02880504495749715
Sri Pada / Adam's Peak,Souvenir stalls,11,7,30,48,neutral,0.767,"We found a stall at the bottom of the peak free massage on legs, and they advertising a vapour rub, cost about 2usd for the rub they didn't force us to buy we felt bad after a free good massage (that we really needed) we brought out of courtesy and tipped the staff, they didn't want to take it.",1732,0.02771362586605081,49,1.214125175789954,0.033647810876395956,0.0258078709421957
Sri Pada / Adam's Peak,Waterfall,17,1,11,29,positive,0.79,It's a forest area so you can experience the nature and nice waterfalls and rivers on your way to the top.,1732,0.01674364896073903,24,1.927891643552635,0.03227994091398754,0.025501153322050156
Sri Pada / Adam's Peak,Crowdedness,13,132,4,149,negative,0.848,Avoid the crowds and climb in the morning,1732,0.08602771362586605,122,0.3019244291673241,0.025973868329059634,0.022025840343042568
Sri Pada / Adam's Peak,Accommodation,16,4,54,74,neutral,0.762,"We stayed in a hotel called 'White Elephant'prior to starting climbing at 2 am.""White Elephant' is not a place that I would recommend.",1732,0.042725173210161664,90,0.6061358035703155,0.025897257196422257,0.01973370998367376
Sri Pada / Adam's Peak,Sunset view,12,3,9,24,positive,0.831,"It is worth doing: if you like a challenge it ticks boxes; for the sunset if you are lucky enough to have a clear day, but for me the highlight was walking back down and taking in the scenery and views which were superb.2.",1732,0.013856812933025405,44,1.3217558399823195,0.018315323417768863,0.015220033760165924
Sri Pada / Adam's Peak,Leeches,1,7,1,9,negative,0.802,"There were no leeches as mentioned by another reviewer, you would need to go off the track into bush for this to be considered an issue.",1732,0.005196304849884526,8,3.0265039322207445,0.015726637061193243,0.012612762923076982
Sri Pada / Adam's Peak,River,3,0,14,17,neutral,0.758,There are plenty of natural beauty and sceneries to watch all the way we had a good river bath in Seetha Gagula on the way as well.,1732,0.009815242494226328,33,1.6094379124341003,0.015797023389942093,0.011974143729576106
Sri Pada / Adam's Peak,Ticket price,13,5,21,39,neutral,0.76,"We found a stall at the bottom of the peak free massage on legs, and they advertising a vapour rub, cost about 2usd for the rub they didn't force us to buy we felt bad after a free good massage (that we really needed) we brought out of courtesy and tipped the staff, they didn't want to take it.",1732,0.022517321016166283,94,0.5626506916305767,0.01266938624341368,0.009628733544994397
Sri Pada / Adam's Peak,Cafes,2,1,6,9,neutral,0.76,"bag with you where to put a bottle of water, hot drinks and little snacks although you can find hot drinks and food in the several coffee shops all the way to the mountain`s summit.",1732,0.005196304849884526,15,2.3978952727983707,0.012460194835557352,0.009469748075023588
Sri Pada / Adam's Peak,Forest,4,6,7,17,neutral,0.794,"Torches to the ready we left the path and plunged into the jungle, scrambling up embankments and through trees and shrubs in the pitch black eventually coming out of a rough stone strewn path which after some time eventually led out onto one of the other longer but less well used paths to the top.",1732,0.009815242494226328,51,1.1741198411762548,0.011524270958427443,0.00915027114099139
Sri Pada / Adam's Peak,Cleanliness,12,41,0,53,negative,0.859,"The only thing is, hundreds of people- locals and tourists alike, begin their journey at night and by sunrise which is the climax of the adventure there's hardly room on the summit, which stinks of rubbish.",1732,0.030600461893764433,117,0.34377153910282454,0.010519567882476733,0.009036308811047514
Sri Pada / Adam's Peak,Safety,8,14,1,23,negative,0.827,"The path is paved, well-lit and safe - being a solo female, I made my way up on my own okay.",1732,0.013279445727482679,86,0.651598177647073,0.008652862636190922,0.007155917400129892
Sri Pada / Adam's Peak,Value for money,21,11,0,32,positive,0.823,"It's free, it's a beautiful area and the peak is majestic dominating the skyline.",1732,0.018475750577367205,112,0.38744660260548613,0.007158366791787272,0.0058913358696409245
Sri Pada / Adam's Peak,Wildlife,2,2,7,11,neutral,0.765,"I've read quite a lot of reviews saying that it's raining season, mating season for animals and off season where the temple of footprint is closed.",1732,0.006351039260969977,54,1.1169614273363062,0.007093865878001944,0.005426807396671487
Sri Pada / Adam's Peak,Market,2,0,3,5,neutral,0.772,"gloves and luminous teddy bears from numerous market stalls in Dalhousie for next to nothing.- Best view of the sunrise is from the steps immediately in front of the temple - you’ll need to get there early to get a spot but it’s absolutely worth it :DIf you’re even half considering doing this,",1732,0.002886836027713626,16,2.3333567516607996,0.006736018336203232,0.005200206155548895
Sri Pada / Adam's Peak,Strong current,0,5,0,5,negative,0.8,"The main attraction are the sunrise, and Buddha's footprint at the Temple (currently closed since the pandemic).This place normally has thousands of climbers each day but given the current situation and that peak season begins mid-Dec, we were only about 10-15 climbers.",1732,0.002886836027713626,21,2.0614230361771577,0.005950990289195028,0.004760792231356023
Sri Pada / Adam's Peak,Service quality,11,2,1,14,positive,0.807,"We found a stall at the bottom of the peak free massage on legs, and they advertising a vapour rub, cost about 2usd for the rub they didn't force us to buy we felt bad after a free good massage (that we really needed) we brought out of courtesy and tipped the staff, they didn't want to take it.",1732,0.008083140877598153,88,0.6286086594223741,0.005081132350989168,0.004100473807248259
Sri Pada / Adam's Peak,Restaurants,2,1,4,7,neutral,0.783,"The train from Kandy to Hatton was packed, the hike busy and when you reach Ella later that day all the restaurants are not serving alcohol due to the religious day which trust me is needed after that hike!",1732,0.0040415704387990765,49,1.214125175789954,0.004906972419474411,0.003842159404448464
Sri Pada / Adam's Peak,Heritage site,0,1,4,5,neutral,0.76,"The entire route is strewn with litter and this UNESCO Nature Reserve is badly polluted by the number of pilgrims who, despite this being a holy place, can't be bothered to carry the bottle of coke they bought at one of the 1000's of stalls that line route back down with them.",1732,0.002886836027713626,30,1.7047480922384253,0.004921328210849957,0.0037402094402459677
Sri Pada / Adam's Peak,Peacefulness,23,0,0,23,positive,0.809,"We stayed in Maskeliya (a quiet, pretty town), and arranged for a van to pick us up at 2am on the day of the climb, to take us to Dalhousie.What to TAKE with you: Travel as light as possible because you'll regret any excess weight.",1732,0.013279445727482679,129,0.24613306953890854,0.0032685107386806562,0.002644225187592651
Sri Pada / Adam's Peak,Entrance fee,3,0,4,7,neutral,0.794,(You might need to climb down a few steps for the best view.)There are absolutely no entry fees.,1732,0.0040415704387990765,87,0.6400373552459969,0.002586756054689364,0.002053884307423355
St Benedict's Monastery - Adisham,Church,3,1,11,15,neutral,0.761,"(+) good homemade jams, cordials and tasty fresh milk(+) scenic view(+) cheap entrance fee : 100 rupees(+ -) cute flower garden though not very big(- -) only 3 rooms can be visited in the house, doesn't include the monastery itself, doesn't include the church either...(-) no monks visible in public areas",325,0.046153846153846156,9,2.908720896564361,0.13424865676450898,0.10216322779779133
St Benedict's Monastery - Adisham,Food quality,12,0,2,14,positive,0.783,"There is a small coffee stand, in the grounds, that serves delicious take away coffee and local snacks.",325,0.043076923076923075,16,2.3333567516607996,0.10051382930231137,0.0787023283437098
St Benedict's Monastery - Adisham,Colonial architecture,5,0,10,15,neutral,0.771,Hidden in lush green and most of the time covered with mist it is a great place to visit.old colonial bungalow stands for decades with such glamour.presently handled by st.Benedict monastery.beautifully laid garden add glamour.,325,0.046153846153846156,24,1.927891643552635,0.08897961431781393,0.06860328263903454
St Benedict's Monastery - Adisham,Scenic view,50,2,17,69,positive,0.794,The place is so nice and quiet with great view.,325,0.2123076923076923,128,0.25391520998096345,0.05390815227288147,0.04280307290466789
St Benedict's Monastery - Adisham,Forest,6,1,6,13,positive,0.791,The best part was the walk up to the monastery through the forest reserve - lots of birds and beautiful old trees.,325,0.04,51,1.1741198411762548,0.046964793647050196,0.03714915177481671
St Benedict's Monastery - Adisham,Museum,5,0,5,10,positive,0.778,"The monastery itself is impressive from the outside with a lovely garden and gorgeous views, but inside it was a bit like a dusty old museum with most of it roped off from the public.",325,0.03076923076923077,36,1.5224265354444706,0.046843893398291404,0.036444549063870714
St Benedict's Monastery - Adisham,Tea plantation,3,1,2,6,positive,0.827,"The gardens are beautiful and there are spectacular views of the mountains, valleys and tea plantations.",325,0.018461538461538463,16,2.3333567516607996,0.043077355415276304,0.0356249729284335
St Benedict's Monastery - Adisham,Entrance fee,5,1,15,21,neutral,0.818,"(+) good homemade jams, cordials and tasty fresh milk(+) scenic view(+) cheap entrance fee : 100 rupees(+ -) cute flower garden though not very big(- -) only 3 rooms can be visited in the house, doesn't include the monastery itself, doesn't include the church either...(-) no monks visible in public areas",325,0.06461538461538462,87,0.6400373552459969,0.041356259877433646,0.03382942057974072
St Benedict's Monastery - Adisham,Weather condition,10,6,3,19,positive,0.788,it was a great feeling to have the winds and intermittent rain falling on us....,325,0.05846153846153846,82,0.6992262266363275,0.04087784094181607,0.03221173866215106
St Benedict's Monastery - Adisham,Cleanliness,30,1,0,31,positive,0.893,The gardens around it were well maintained.,325,0.09538461538461539,117,0.34377153910282454,0.03279051603750019,0.02928193082148767
St Benedict's Monastery - Adisham,Public transport access,7,2,10,19,neutral,0.771,We took tuk tuk from Dias rest to there and it was well-worth it.,325,0.05846153846153846,90,0.6061358035703155,0.03543563159334152,0.02732087195846631
St Benedict's Monastery - Adisham,Toilets,2,1,4,7,neutral,0.777,The Welimada Haputale road by passing Adisham Monastery is rehabilitated making it easier to access.As always the well maintained gardens are a feast for the eyes.A clean washroom and the shop where one can purchase delicious jams and jellies are additional attractions for a traveler.,325,0.021538461538461538,37,1.4950275612563562,0.03220059362705998,0.025019861248225604
St Benedict's Monastery - Adisham,Paintings,2,0,4,6,neutral,0.767,"Even though this is not a great place, in comparison to other similar places, I like few things especially the paintings, lovely garden and atmosphere.",325,0.018461538461538463,29,1.7386496439141066,0.03209814727226043,0.02461927895782375
St Benedict's Monastery - Adisham,Souvenir stalls,3,0,4,7,neutral,0.771,Also there is a stall inside the monetary where you can purchase fresh fruit Jam's made at the Monastery.,325,0.021538461538461538,49,1.214125175789954,0.026150388401629778,0.02016194945765656
St Benedict's Monastery - Adisham,Family friendliness,6,1,7,14,neutral,0.753,My family enjoyed our stays at Adisham & the assistance from the Benedictine monks.,325,0.043076923076923075,89,0.6173091041684409,0.02659177679494822,0.02002360792659601
St Benedict's Monastery - Adisham,Local guide,3,0,3,6,positive,0.765,"Helpful guide put the video on in English for us, but then we got a bit self-conscious when we realised that we were the only non-Sri Lankans there.",325,0.018461538461538463,66,0.9162907318741551,0.016916136588445943,0.012940844490161146
St Benedict's Monastery - Adisham,Peacefulness,20,0,0,20,positive,0.802,The place is so nice and quiet with great view.,325,0.06153846153846154,129,0.24613306953890854,0.015146650433163603,0.01214761364739721
St Benedict's Monastery - Adisham,Accommodation,2,0,6,8,neutral,0.755,"Pretty basic accommodation, but well worth the experience.Was told the museum was nice to visit and the shop sold outstanding produce.",325,0.024615384615384615,90,0.6061358035703155,0.014920265934038534,0.011264800780199093
St Benedict's Monastery - Adisham,Service quality,4,2,1,7,positive,0.774,The food is great & the service gives me a feeling of living in a British country cottage.,325,0.021538461538461538,88,0.6286086594223741,0.013539263433712673,0.010479389897693609
St Benedict's Monastery - Adisham,Crowdedness,1,12,0,13,negative,0.865,Could cause some trouble on crowded days.,325,0.04,122,0.3019244291673241,0.012076977166692964,0.010446585249189413
St Benedict's Monastery - Adisham,Value for money,5,0,0,5,positive,0.84,And it is cheap!,325,0.015384615384615385,112,0.38744660260548613,0.0059607169631613255,0.005007002249055513
St Clair's Falls,Waterfall,115,2,75,192,positive,0.794,One of the most beautiful falls in Sri Lanka,527,0.36432637571157495,24,1.927891643552635,0.702381775260163,0.5576911295565694
St Clair's Falls,Tea plantation,19,0,7,26,positive,0.841,"The busy road, from where the fall could be enjoyed, is quite narrow and visitors who stop by are advised to exercise caution when enjoying the lovely scenery surrounded by the green tea estates.",527,0.04933586337760911,16,2.3333567516607996,0.115118169911159,0.09681438089528471
St Clair's Falls,Viewpoint,14,0,22,36,neutral,0.802,"You can have a good view from the viewpoint but if you go down a little you will see the real beauty surrounded by tea plantation,",527,0.0683111954459203,29,1.7386496439141066,0.11876923563739628,0.09525292698119182
St Clair's Falls,Mountain,12,0,7,19,positive,0.778,Claire falls was stunning amid the green hills.,527,0.036053130929791274,24,1.927891643552635,0.06950652984345364,0.05407608021820693
St Clair's Falls,Scenic view,98,0,33,131,positive,0.785,Subsequent to the upper Kothmale project the nice scenery from the main road to Nuwaraeliya is no more.,527,0.24857685009487665,128,0.25391520998096345,0.06311744308824709,0.049547192824273965
St Clair's Falls,Weather condition,4,33,2,39,negative,0.787,It would be advisable to take a rain jacket or a spring jacket as it gets chillier in the evenings or could be raining often.,527,0.07400379506641366,82,0.6992262266363275,0.05174539438105649,0.04072362537789146
St Clair's Falls,Museum,7,1,6,14,positive,0.78,"viewing gallery gives you a good option for photography if you have pasion of photography, otherwise also it's worth visiting as it's on the way you don't need to go specially to visit this.",527,0.026565464895635674,36,1.5224265354444706,0.04044396868353432,0.031546295573156774
St Clair's Falls,Stairs,4,0,11,15,neutral,0.756,"Has a great view, with is accessible on a timely basis, going down the stairs across the restaurant has a great experience of the water fall.",527,0.028462998102466792,47,1.255797872190522,0.03574377245324067,0.027022291974649944
St Clair's Falls,Restaurants,6,1,8,15,neutral,0.779,Claire's castle was a great experience plus their restaurant serves superb food :),527,0.028462998102466792,49,1.214125175789954,0.03455764257466662,0.0269204035656653
St Clair's Falls,River,4,0,7,11,neutral,0.773,Definitely this is one of beautiful place to stop when you travel Hatton_Thalawakele_Nuwaraeliya road.It's very beautiful when it's raining.And also some time s you weren't be able to see the beauty of it as the river was block at Thalawakele by dam and release water time to time.Good place for photographers.,527,0.020872865275142316,33,1.6094379124341003,0.03359358071494327,0.025967837892651148
St Clair's Falls,Parking,6,0,2,8,positive,0.795,"amount of water is not enough to bring the former glory, but still the sight you can get is exceptional.There are enough space for parking and some local guys are selling fruits/vegetables for reasonable price.",527,0.015180265654648957,54,1.1169614273363062,0.016955771192961006,0.013479838098404001
St Clair's Falls,Accessibility,4,0,1,5,positive,0.852,"Very beautiful waterfall that easily accessible, but not that healthy nowadays due to construction of a dam above it.",527,0.009487666034155597,36,1.5224265354444706,0.014444274529833686,0.0123065218994183
St Clair's Falls,Souvenir stalls,2,0,3,5,neutral,0.772,you can enjoy the view take some pics and just soak in the atmosphere.We visited the place on a sunny day & there were many small vendors selling food items and tea for refreshments.,527,0.009487666034155597,49,1.214125175789954,0.01151921419155554,0.008892833355880878
St Clair's Falls,Public transport access,3,0,2,5,positive,0.808,"Clair Falls it beautiful falls, worth the time, the Tuk Tuk takes about 6m ride and I pay 300LKR and also you can easily drive to Devon Fallsit take 3 m on Tuk Tuk and you don't have to pay more even.",527,0.009487666034155597,90,0.6061358035703155,0.005750814075619691,0.00464665777310071
St Clair's Falls,Value for money,3,3,0,6,positive,0.84,"The train offers a higher vantage point than the road, another reason why travelling by Sri Lankan railways and not expensive hired car is the way to go.",527,0.011385199240986717,112,0.38744660260548613,0.0044111567659068625,0.0037053716833617646
St Lucia's Cathedral,Church,19,2,17,38,positive,0.785,"Stayed around 40 min's and so glad I visited this beautiful Cathedral, worth visiting for all ages.",72,0.5277777777777778,9,2.908720896564361,1.535158250964524,1.2050992270071514
St Lucia's Cathedral,Parking,4,0,2,6,positive,0.8,Situated in Kotahena and Easily accessible with ample parking.,72,0.08333333333333333,54,1.1169614273363062,0.09308011894469218,0.07446409515575374
St Lucia's Cathedral,Sculptures,4,0,2,6,positive,0.8,Very peaceful inside with a lot of statues of different saints.,72,0.08333333333333333,55,1.0986122886681098,0.0915510240556758,0.07324081924454065
St Lucia's Cathedral,Service quality,4,1,1,6,positive,0.817,Church Service is considered High Mass but the local choir is not good as the service.,72,0.08333333333333333,88,0.6286086594223741,0.0523840549518645,0.0427977728956733
St Lucia's Cathedral,Peacefulness,10,0,0,10,positive,0.808,"Arrived around 4pm at the Cathedral and very quite with only a handful of local people, the atmosphere was quiet and relaxed, my Tuk Tuk driver was happy to take some pics of me looking around.",72,0.1388888888888889,129,0.24613306953890854,0.03418514854707063,0.02762160002603307
St Lucia's Cathedral,Cleanliness,6,0,0,6,positive,0.907,Well maintained and peaceful place to pray.,72,0.08333333333333333,117,0.34377153910282454,0.02864762825856871,0.02598339883052182
St. Mary's Church,Church,155,3,76,234,positive,0.796,A large church which has beautiful religious statues.The ceiling of this church has fresco's and is one of the largest churches in Negombo.,480,0.4875,9,2.908720896564361,1.418001437075126,1.1287291439118003
St. Mary's Church,Paintings,45,0,14,59,positive,0.801,"One of the intarasting Church arround in Negombo,Here you will see very good ceiling painted by a local artist.",480,0.12291666666666666,29,1.7386496439141066,0.21370901873110892,0.17118092400361826
St. Mary's Church,Sculptures,19,0,6,25,positive,0.808,A large church which has beautiful religious statues.The ceiling of this church has fresco's and is one of the largest churches in Negombo.,480,0.052083333333333336,55,1.0986122886681098,0.05721939003479739,0.04623326714811629
St. Mary's Church,Murals,7,0,2,9,positive,0.818,A large church which has beautiful religious statues.The ceiling of this church has fresco's and is one of the largest churches in Negombo.,480,0.01875,11,2.70805020110221,0.05077594127066644,0.04153471995940514
St. Mary's Church,Market,5,0,2,7,positive,0.789,"A very pleasant little church down by the fishing docks & fish market, well worth a quiet 10mins away from the hustle & bustle that is outside the lovely grounds.",480,0.014583333333333334,16,2.3333567516607996,0.034028119295053325,0.026848186123797073
St. Mary's Church,Peacefulness,49,0,0,49,positive,0.811,"A very pleasant little church down by the fishing docks & fish market, well worth a quiet 10mins away from the hustle & bustle that is outside the lovely grounds.",480,0.10208333333333333,129,0.24613306953890854,0.025126084182096914,0.0203772542716806
St. Mary's Church,Hindu shrine,4,0,2,6,positive,0.8,I found Fr Clements very helpful in explaining some of my questions about religious harmony and roadside shrines.,480,0.0125,39,1.4423838277709342,0.018029797847136677,0.014423838277709343
St. Mary's Church,Heritage site,1,0,4,5,neutral,0.752,"Old architecture and heritage preserved, quite and serene, old paintings and artifacts intact, only thing I found disturbing was a primary school in it premises.",480,0.010416666666666666,30,1.7047480922384253,0.017757792627483594,0.013353860055867663
St. Mary's Church,Parking,1,0,6,7,neutral,0.777,Nice building and has a car park.,480,0.014583333333333334,54,1.1169614273363062,0.01628902081532113,0.01265656917350452
St. Mary's Church,Beach,1,0,6,7,neutral,0.754,"good ppl, near the beach.",480,0.014583333333333334,64,0.9470623905409088,0.013811326528721586,0.010413740202656075
St. Mary's Church,Public transport access,4,0,6,10,neutral,0.8,Easy to combine with a city tour by tuktuk.,480,0.020833333333333332,90,0.6061358035703155,0.012627829241048239,0.010102263392838592
St. Mary's Church,Cleanliness,11,4,0,15,positive,0.88,Magnificent wonderfully clean church in a setting of absolute poverty.,480,0.03125,117,0.34377153910282454,0.010742860596963267,0.009453717325327675
St. Mary's Church,Service quality,6,0,3,9,positive,0.789,"It was a great service, different from home, beautiful church, a real must do.",480,0.01875,88,0.6286086594223741,0.011786412364169514,0.009299479355329746
St. Mary's Church,Family friendliness,5,0,3,8,positive,0.777,Good chance to educate my 4 year old about how well resourced his child care is back in Australia.,480,0.016666666666666666,89,0.6173091041684409,0.010288485069474015,0.00799415289898131
St. Mary's Church,Crowdedness,3,10,0,13,negative,0.822,"Just for a short stop.it's a nice place next to a busy harbour.it is a pitty that they want to have mony for everything .( look in the church ,look in the school ,in the Bell tower)",480,0.027083333333333334,122,0.3019244291673241,0.008177119956615029,0.006721592604337553
St. Mary's Church,Accommodation,3,0,3,6,positive,0.777,"You should visit this hotel, which is on the outskirts of Negombo it is a very pretty and interesting place to visit.",480,0.0125,90,0.6061358035703155,0.007576697544628944,0.005887093992176689
St. Mary's Church,Entrance fee,1,0,4,5,neutral,0.784,It's open and no entry fee so that's good.,480,0.010416666666666666,87,0.6400373552459969,0.006667055783812468,0.005226971734508975
St. Mary's Church,Value for money,5,1,0,6,positive,0.82,"Negombo is very dirty , expensive city compare to other parts of Sri Lanka .",480,0.0125,112,0.38744660260548613,0.004843082532568577,0.003971327676706233
Statue of Parakramabahu I,Sculptures,40,2,34,76,positive,0.786,"Actually this not the statue of king Parakramabahu, It is the statue of a powerful sage Pulastya rishi (son of Brahma), one of the beautiful statue you should see.",103,0.7378640776699029,55,1.0986122886681098,0.810626543094916,0.637152462872604
Statue of Parakramabahu I,Ancient ruins,7,1,6,14,positive,0.783,"Glad to have seen this statue and the ruins nearby, but wouldn't recommend going out of your way to see it.",103,0.13592233009708737,23,1.9704512579714308,0.2678283263262139,0.20970957951342548
Statue of Parakramabahu I,Buddha statue,4,0,4,8,positive,0.795,These are interesting carvings of Buddha in various poses.,103,0.07766990291262135,47,1.255797872190522,0.09753769881091433,0.07754247055467689
Statue of Parakramabahu I,Museum,2,1,2,5,positive,0.784,"It's amongst lots of ancient sites in this magnificent ancient city and thanks UNESCO for keeping them safe.Get a guide to explain the history or visit the museum first, adding to the enjoyment.",103,0.04854368932038835,36,1.5224265354444706,0.07390420074973159,0.057940893387789565
Temple of the Sacred Tooth Relic,Temple,230,26,181,437,positive,0.788,arranging all our Tour in Sri Lanka!We are really thankful for them because we will miss these wonderful if we are aloneVisited this temple and our guide was awesome explaining the history and all the things The main thing was the Cultural Dance!we really enjoyed it and the dance with the fire walking made us wow,1611,0.271260086902545,76,0.7752121336142496,0.21028411073210865,0.1657038792569016
Temple of the Sacred Tooth Relic,Buddha statue,48,4,92,144,neutral,0.773,"Very quiet and clam place,you will get mental relief inside the temple,must visit.Tooth of Lord Buddha was kept in the gold casket.We were lucky to see the gold casket,because we have reached in time and visited Srilanka in off season we didn't get any rush.",1611,0.0893854748603352,47,1.255797872190522,0.11225008913434835,0.08676931890085128
Temple of the Sacred Tooth Relic,Museum,49,5,36,90,positive,0.783,There is plenty to see including the museum sections which are worth the time.,1611,0.055865921787709494,36,1.5224265354444706,0.08505176175667432,0.066595529455476
Temple of the Sacred Tooth Relic,Local guide,56,13,48,117,positive,0.768,Tour in Sri Lanka!We are really thankful for them because we will miss these wonderful if we are aloneVisited this temple and our guide was awesome explaining the history and all the things The main thing was the Cultural Dance!we really enjoyed it and the dance with the fire walking made us wow,1611,0.07262569832402235,66,0.9162907318741551,0.06654625427019004,0.05110752327950595
Temple of the Sacred Tooth Relic,Elephants,14,3,27,44,neutral,0.772,"If you want the atmosphere of a puja, drum beating will announce its start and continue throughout, the actual ceremony performed by the monks behind the closed temple doors with massive elephant tusks in front of it.",1611,0.027312228429546864,33,1.6094379124341003,0.04395733590757319,0.033935063320646504
Temple of the Sacred Tooth Relic,Ticket price,25,10,73,108,neutral,0.758,Overall the temple is as gorgeous as any of the Buddhist temples in the world.But the Buddhist museum behind the temple which is easily accessible with the same entry tickets was beautiful & educative for the kids too.,1611,0.0670391061452514,94,0.5626506916305767,0.03771959943892134,0.028591456374702378
Temple of the Sacred Tooth Relic,Heritage site,13,0,21,34,neutral,0.788,The altar housing the relic is so beautifully decorated.They even have a museum included in the cost which has rich culture and heritage explained thru the artifacts well preserved where photography is not permitted.,1611,0.02110490378646803,30,1.7047480922384253,0.035978544466856895,0.028351093039883233
Temple of the Sacred Tooth Relic,Crowdedness,11,155,5,171,negative,0.83,We visited the temple early in the day when it wasn’t too busy but be prepared for a reasonable sized crowd.,1611,0.10614525139664804,122,0.3019244291673241,0.03204784443675507,0.026599710882506705
Temple of the Sacred Tooth Relic,Paintings,17,2,8,27,positive,0.799,"I recommend getting there for 5:30pm and start with the museum situated on top floors showing artefacts and historical information, paintings and jewellery given to the temple over the past few hundred years and dignitaries and devotees.",1611,0.01675977653631285,29,1.7386496439141066,0.029139379506940333,0.023282364226045328
Temple of the Sacred Tooth Relic,Sculptures,20,3,16,39,positive,0.791,"See the beautiful seated statue of a golden Buddha flanked by two white marble statues, other images and the ivory tusks, and then look to the ornamentation of the ceiling above.",1611,0.024208566108007448,55,1.0986122886681098,0.026595828217291298,0.02103730011987742
Temple of the Sacred Tooth Relic,Hindu shrine,8,1,19,28,neutral,0.766,"This is Sri Lanka Buddhism's most sacred shrine which is said to hold Buddha's tooth.On our visit it was extremely busy with locals and tourists, would recommend that you visit early to miss the crowds and by doing so feel the peaceful atmosphere of the temple",1611,0.01738050900062073,39,1.4423838277709342,0.025069365100922506,0.01920313366730664
Temple of the Sacred Tooth Relic,Entrance fee,8,12,25,45,neutral,0.834,We walked into the temple and were shown around by a guide for a small fee (recommended as you then understand all the different items and rooms and their context) and it was a hugely informative and insightful experience.,1611,0.027932960893854747,87,0.6400373552459969,0.01787813841469265,0.014910367437853669
Temple of the Sacred Tooth Relic,Service quality,16,10,12,38,positive,0.777,All te staff were very friendly and there will be a guide once you have put your shoes into the shoe bar.,1611,0.023587833643699565,88,0.6286086594223741,0.014827516485443957,0.011520980309189955
Temple of the Sacred Tooth Relic,Guided tours,5,1,8,14,neutral,0.814,"Although it was busy with people worshiping, as it was a special holy day,it was not Iver crowded and we were able to see and hear everything the tour guide showed us.",1611,0.008690254500310366,36,1.5224265354444706,0.01323027405103823,0.010769443077545118
Temple of the Sacred Tooth Relic,Noise level,0,12,0,12,negative,0.753,"After dropping your shoes you enter the temple and don’t really know what a logical way is to start, especially since it’s super crowded.We went for the ‘ceremony’ but all it really was, was some guys banging a drum really loud for more then an hour.",1611,0.0074487895716946,32,1.640209571100854,0.012217575948609713,0.009199834689303113
Temple of the Sacred Tooth Relic,Peacefulness,65,1,0,66,positive,0.801,A must visit place to understand the Buddhist inroads into Sri Lanka from India...A serene place with beautiful surrounding ambiance.,1611,0.040968342644320296,129,0.24613306953890854,0.01008366392896832,0.008077014807103626
Temple of the Sacred Tooth Relic,Stupa,2,4,3,9,negative,0.793,the darshan of the relic which is housed in a golden pagoda can e had easily most times though it is always crowded.,1611,0.00558659217877095,29,1.7386496439141066,0.009713126502313445,0.0077025093163345625
Temple of the Sacred Tooth Relic,Family friendliness,14,0,11,25,positive,0.766,Overall the temple is as gorgeous as any of the Buddhist temples in the world.But the Buddhist museum behind the temple which is easily accessible with the same entry tickets was beautiful & educative for the kids too.,1611,0.015518311607697082,89,0.6173091041684409,0.009579595036754204,0.00733796979815372
Temple of the Sacred Tooth Relic,Value for money,10,25,0,35,negative,0.853,Thought little expensive but worth.,1611,0.021725636250775917,112,0.38744660260548613,0.00841752395480572,0.007180147933449279
Temple of the Sacred Tooth Relic,Safety,10,4,3,17,positive,0.811,By the way there is a replica in the museum upstairs ;-) ask one of the guards of the museum...,1611,0.010552451893234015,86,0.651598177647073,0.006875958423339689,0.0055764022813284886
Temple of the Sacred Tooth Relic,Parking,2,4,4,10,negative,0.78,Very impressive but situated 1.5km from nearest parking so if you cannot walk this distance there is a problem.,1611,0.006207324643078833,54,1.1169614273363062,0.006933342193273162,0.005408006910753067
Temple of the Sacred Tooth Relic,Cleanliness,21,5,0,26,positive,0.882,The floor was wet and with dirty water ponds.,1611,0.016139044072004966,117,0.34377153910282454,0.005548144020281464,0.0048934630258882506
Temple of the Sacred Tooth Relic,Accessibility,6,0,0,6,positive,0.86,Overall the temple is as gorgeous as any of the Buddhist temples in the world.But the Buddhist museum behind the temple which is easily accessible with the same entry tickets was beautiful & educative for the kids too.,1611,0.0037243947858473,36,1.5224265354444706,0.005670117450444955,0.004876301007382662
Temple of the Sacred Tooth Relic,Scenic view,23,1,17,41,positive,0.75,They have gorgeous carvings and statues which look amazing and extremely picturesque,1611,0.025450031036623216,128,0.25391520998096345,0.006462149974686221,0.004846612481014666
Temple of the Sacred Tooth Relic,Wildlife,2,0,7,9,neutral,0.767,"It was such a gentle, beautiful creature and truly added something special to the experience.If you’re in Kandy, this is a must-visit location, whether you’re spiritual or simply curious about local culture and tradition.",1611,0.00558659217877095,54,1.1169614273363062,0.006240007973945845,0.004786086116016463
Temple of the Sacred Tooth Relic,River,4,0,2,6,positive,0.787,there are nice places to eat near the temple and walk side of the river is just awesome.SAARC visitors pay LKR 1000 and under 15 yrs are free.,1611,0.0037243947858473,33,1.6094379124341003,0.005994182169214526,0.004717421367171832
Temple of the Sacred Tooth Relic,Souvenir stalls,3,0,3,6,positive,0.79,"You won't be able to see the actual tooth of Buddha, which is kept in ornamental boxes inside boxes.I found it rather interesting to learn more about people's customs and traditions and enjoyed the beautiful grounds surrounding the temples.People bring offerings like lotus flowers, which vendors will try to sell you.",1611,0.0037243947858473,49,1.214125175789954,0.004521881474078041,0.0035722863645216525
Temple of the Sacred Tooth Relic,Accommodation,1,0,6,7,neutral,0.754,"Visit in afternoon around 5pm,i was walking from my hotel to temple.So relaxing and great for meditation and to see history of Last king of Kandy.",1611,0.004345127250155183,90,0.6061358035703155,0.002633737197388087,0.0019858378468306176
Trincomalee Beach,Beach,46,6,7,59,positive,0.818,The beach is especially clean in the Nilaveli area and Marble Beach area.,196,0.3010204081632653,64,0.9470623905409088,0.2850851073567021,0.2331996178177823
Trincomalee Beach,Sandy beach,6,0,5,11,positive,0.773,Beaches in this area are the best in the world with soft-sand and different beaches very clean and shallow.,196,0.05612244897959184,15,2.3978952727983707,0.134575755106031,0.10402705869696197
Trincomalee Beach,Cleanliness,20,10,2,32,positive,0.865,The beach is especially clean in the Nilaveli area and Marble Beach area.,196,0.16326530612244897,117,0.34377153910282454,0.056125965567808085,0.04854896021615399
Trincomalee Beach,Hindu shrine,3,1,3,7,positive,0.791,nice beach and corneshwaram hindu temple,196,0.03571428571428571,39,1.4423838277709342,0.05151370813467622,0.04074734313452889
Trincomalee Beach,Accommodation,5,0,11,16,neutral,0.764,Would recommend this beach resort but best to book accommodation before you arrive as there is a shortage of hotels/ guest houses in the high season,196,0.08163265306122448,90,0.6061358035703155,0.049480473760842074,0.03780308195328334
Trincomalee Beach,Restaurants,4,0,2,6,positive,0.78,"nice restaurant, see food , dont forget to walk to Koneshwaram temple , fabulous scenic beauty .",196,0.030612244897959183,49,1.214125175789954,0.037167097218059816,0.028990335830086658
Trincomalee Beach,Weather condition,3,7,0,10,negative,0.776,Sunny Beaches..,196,0.05102040816326531,82,0.6992262266363275,0.03567480748144528,0.02768365060560154
Trincomalee Beach,Safety,4,4,2,10,positive,0.824,"Although the sea was not too rough at the time we visited, we were advised neither to swim in the sea nor to go to Pigeon Island as it might be dangerous.",196,0.05102040816326531,86,0.651598177647073,0.03324480498199352,0.027393719305162656
Trincomalee Beach,Temple,3,1,3,7,positive,0.786,nice beach and corneshwaram hindu temple,196,0.03571428571428571,76,0.7752121336142496,0.02768614762908034,0.021761312036457148
Trincomalee Beach,Family friendliness,4,1,2,7,positive,0.789,"Dear , nice beach in nilaweli uppuweli , marble beach also very nice and exiting , take your family to the beaches and enjoy .",196,0.03571428571428571,89,0.6173091041684409,0.02204675372030146,0.017394888685317852
Trincomalee Beach,Peacefulness,14,0,0,14,positive,0.783,Among them trincomale has most beautiful cool and calm beaches.,196,0.07142857142857142,129,0.24613306953890854,0.017580933538493465,0.013765870960640384
Trincomalee Beach,Crowdedness,1,8,1,10,negative,0.838,It is quite a busy town just good to stay one night.,196,0.05102040816326531,122,0.3019244291673241,0.015404307610577761,0.012908809777664162
Trincomalee Beach,Scenic view,7,0,0,7,positive,0.829,"nice restaurant, see food , dont forget to walk to Koneshwaram temple , fabulous scenic beauty .",196,0.03571428571428571,128,0.25391520998096345,0.00906840035646298,0.00751770389550781
Trincomalee War Cemetery,Cleanliness,77,0,0,77,positive,0.885,well maintained like British standards not sls,209,0.3684210526315789,117,0.34377153910282454,0.1266526723010406,0.11208761498642093
Trincomalee War Cemetery,Peacefulness,61,0,0,61,positive,0.818,"Peaceful, respectful place.",209,0.291866028708134,129,0.24613306953890854,0.07183788154006422,0.05876338709977253
Trincomalee War Cemetery,Service quality,16,0,4,20,positive,0.792,The guardian is extremely helpful and treats the place as though it was his own.,209,0.09569377990430622,88,0.6286086594223741,0.06015393870070566,0.047641919450958886
Trincomalee War Cemetery,Family friendliness,7,2,11,20,neutral,0.765,"And fully worth a visit it is, especially if you are a war historian or someone who's family or country has been touched by the second world war.",209,0.09569377990430622,89,0.6173091041684409,0.05907264154721922,0.04519057078362271
Trincomalee War Cemetery,Accommodation,5,0,8,13,neutral,0.766,"Right on the main road heading north out of Trincomalee, easy walking distance from the main cluster of tourist resorts.",209,0.06220095693779904,90,0.6061358035703155,0.03770222701633541,0.028879905894512923
Trincomalee War Cemetery,Beach,4,0,4,8,positive,0.78,This is a small war cemetery on the road to Nilaveli Beach it is immaculately maintained the green lawns kept trim by the small team of gardeners and all the headstones are in very good condition a War cemetery kept respectfully by the locals; worth a visit on your way to the nearby temple or beach.,209,0.03827751196172249,64,0.9470623905409088,0.03625119198242713,0.02827592974629316
Trincomalee War Cemetery,Hindu shrine,1,0,4,5,neutral,0.752,"lost their lives during the Japanese air raid on 9th April 1942.It was heart warming to see that many different faiths (Christian, Hindu, Muslim) laid side by side and were equally honoured for their sacrifice.",209,0.023923444976076555,39,1.4423838277709342,0.03450679013806063,0.025949106183821593
Trincomalee War Cemetery,Scenic view,3,0,2,5,positive,0.764,Nice historical location to view WW II grave sites of soldiers.,209,0.023923444976076555,128,0.25391520998096345,0.006074526554568503,0.004640938287690337
Turtle Conservation Project Turtle Watch,Turtles,158,58,142,358,positive,0.789,"A pleasant night waiting under the stars while the locals patrolled the beach, then when a turtle appeared we were able to go and watch while it laid about 100 eggs!",1230,0.2910569105691057,16,2.3333567516607996,0.6791396073939563,0.5358411502338315
Turtle Conservation Project Turtle Watch,Beach,74,20,123,217,neutral,0.775,"A pleasant night waiting under the stars while the locals patrolled the beach, then when a turtle appeared we were able to go and watch while it laid about 100 eggs!",1230,0.17642276422764228,64,0.9470623905409088,0.16708336483526603,0.12948960774733118
Turtle Conservation Project Turtle Watch,Local guide,51,25,82,158,neutral,0.754,It's a shame that the gentleman guiding us had very poor english and his research talk was somewhat lost in translation,1230,0.12845528455284552,66,0.9162907318741551,0.11770238669602967,0.08874759956880637
Turtle Conservation Project Turtle Watch,Wildlife,39,19,43,101,neutral,0.786,"old Englishman, Richard, who started the project years ago, had ""gone"" a few months ago, the thing had totally degenerated into a wildlife disaster and money grabbing rip off.Sad.",1230,0.08211382113821138,54,1.1169614273363062,0.09171797086257473,0.07209032509798374
Turtle Conservation Project Turtle Watch,Waves,8,6,9,23,neutral,0.757,"An incredible animal who after 2 hours of preparing her nest, laying and covering the eggs returned to the surf.",1230,0.01869918699186992,20,2.1102132003465894,0.03945927122599314,0.029870668318076804
Turtle Conservation Project Turtle Watch,Ticket price,15,12,47,74,neutral,0.758,"This is really expensive for what it is (1000 Rs) and you don't even know were the money goes.Explanations about turtles are limited.You have to wait to know if you will see a turtle and after you have to wait to see the turtle, at least 2hours.",1230,0.06016260162601626,94,0.5626506916305767,0.03385052941517291,0.025658701296701066
Turtle Conservation Project Turtle Watch,Service quality,26,11,17,54,positive,0.783,"The staff were very knowledgeable, kept us well back until it was safe to approach and we were really very impressed with their attitude.",1230,0.04390243902439024,88,0.6286086594223741,0.02759745334049447,0.021608805965607172
Turtle Conservation Project Turtle Watch,Noise level,0,16,0,16,negative,0.77,"The locals who are supposed to be policing it stood around chatting loudly (we were all told to be quiet!) After about 2 hours, we did eventually see a turtle which was heading back to the sea - we suspect put off laying by all the noise from the wardens.",1230,0.013008130081300813,32,1.640209571100854,0.021336059461474523,0.01642876578533538
Turtle Conservation Project Turtle Watch,Crowdedness,7,32,21,60,negative,0.822,great place to see turtles but they can't manage the crowd yet,1230,0.04878048780487805,122,0.3019244291673241,0.014728020934991419,0.012106433208562946
Turtle Conservation Project Turtle Watch,Public transport access,5,2,24,31,neutral,0.775,There is a long tuk tuk journey from Tangalle ending in a very rough and uncomfortable ride on local tracks.,1230,0.025203252032520326,90,0.6061358035703155,0.015276593423316895,0.011839359903070595
Turtle Conservation Project Turtle Watch,Accommodation,6,4,17,27,neutral,0.77,"The last night we did see a poor hounded turtle rushing (at 0.5mph) back to safety in the sea.The boys from our hotel, who had been turtle watching for 15 years on this beach, said that since the old Englishman, Richard, who started the project years ago, had ""gone"" a few months ago, the thing had totally",1230,0.02195121951219512,90,0.6061358035703155,0.013305420078372779,0.01024517346034704
Turtle Conservation Project Turtle Watch,Value for money,18,20,0,38,negative,0.842,Rip off.,1230,0.030894308943089432,112,0.38744660260548613,0.011969895039844287,0.010078651623548889
Turtle Conservation Project Turtle Watch,Safety,9,5,5,19,positive,0.807,"The last night we did see a poor hounded turtle rushing (at 0.5mph) back to safety in the sea.The boys from our hotel, who had been turtle watching for 15 years on this beach, said that since the old Englishman, Richard, who started the project years ago, had ""gone""",1230,0.015447154471544716,86,0.651598177647073,0.010065337703491372,0.008122727526717537
Turtle Conservation Project Turtle Watch,Entrance fee,4,0,11,15,neutral,0.761,"which is a legitimate fee that pays for the salaries of the people manning the beach against predators poaching the turtle eggs.David and his team of volunteers (which included a marine biologist from the UK) were extremely friendly and they explained a lot of things to us about turtles,",1230,0.012195121951219513,87,0.6400373552459969,0.007805333600560938,0.005939858870026874
Turtle Conservation Project Turtle Watch,Guided tours,1,1,3,5,neutral,0.804,We understand that the tour guides are volunteers but their initial explanation of what was going to happen was very poor and they just seemed to be rattling off information as quick as they could before taking us,1230,0.0040650406504065045,36,1.5224265354444706,0.006188725753839312,0.004975735506086807
Turtle Conservation Project Turtle Watch,Peacefulness,23,2,0,25,positive,0.797,"The locals who are supposed to be policing it stood around chatting loudly (we were all told to be quiet!) After about 2 hours, we did eventually see a turtle which was heading back to the sea - we suspect put off laying by all the noise from the wardens.",1230,0.02032520325203252,129,0.24613306953890854,0.0050027046654249705,0.003987155618343702
Turtle Conservation Project Turtle Watch,Cleanliness,3,6,0,9,negative,0.862,"• It is quite okay to talk quietly on the beach, but minimise the amount of vibrations through the ground as this may disturb the turtles.• No smoking on the beach and take all rubbish with you.",1230,0.007317073170731708,117,0.34377153910282454,0.002515401505630424,0.0021682760978534252
Twin Baths (Kuttam Pokuna),Sculptures,12,1,9,22,positive,0.792,It is made out of Granite with intricate carvings which will tells us how good was the technical know how of Sri Lankan craftmen.,204,0.10784313725490197,55,1.0986122886681098,0.11847779583675694,0.0938344143027115
Twin Baths (Kuttam Pokuna),Ancient ruins,9,0,2,11,positive,0.8,"The ruins at Polonuwara and Sigiriya are more impressive.The baths themselves are worth about 5-10 minutes of your time, hardly worth the amount of time taken just to get there, especially if you are using a bicycle or public transport.",204,0.05392156862745098,23,1.9704512579714308,0.10624982273375363,0.08499985818700291
Twin Baths (Kuttam Pokuna),Turtles,2,1,6,9,neutral,0.764,We also enjoyed spotting fist and turtles - this might be a good spot for kids.,204,0.04411764705882353,16,2.3333567516607996,0.1029422096320941,0.0786478481589199
Twin Baths (Kuttam Pokuna),Stairs,6,1,9,16,neutral,0.774,I recommended climbing down the stairs and sitting right near the surface of the water.,204,0.0784313725490196,47,1.255797872190522,0.09849395076004094,0.07623431788827169
Twin Baths (Kuttam Pokuna),Souvenir stalls,3,2,11,16,neutral,0.759,The curio vendors near it are too pushy.,204,0.0784313725490196,49,1.214125175789954,0.0952255039835258,0.07227615752349609
Twin Baths (Kuttam Pokuna),Heritage site,5,0,4,9,positive,0.813,this is nice witness of ancient hydraulic irrigation system .then from the ancient time this all historical sites used as a monasteries .then lot of buddhist monk practiced buddhas reality path from here according to the evidence 5000 monk has lived here at that time so bathing purpose,204,0.04411764705882353,30,1.7047480922384253,0.07520947465757759,0.061145302896610576
Twin Baths (Kuttam Pokuna),Temple,6,2,8,16,neutral,0.778,"If you are visiting the Abhayagiri Vihara monastery complex, it is worth stopping to look at these ponds.",204,0.0784313725490196,76,0.7752121336142496,0.06080095165601957,0.04730314038838323
Twin Baths (Kuttam Pokuna),Weather condition,1,16,0,17,negative,0.758,Very atmospheric even in heavy rain which is when we were there.Stop to look and walk around the pools.,204,0.08333333333333333,82,0.6992262266363275,0.05826885221969395,0.044167789982528016
Twin Baths (Kuttam Pokuna),Cleanliness,16,11,0,27,positive,0.868,But it was putty to see a few plastic bottles and many plastic bags floating on the water.,204,0.1323529411764706,117,0.34377153910282454,0.045499174293020896,0.039493283286342135
Twin Baths (Kuttam Pokuna),Ticket price,4,3,8,15,neutral,0.771,Anaradhapura is let down by lack of sign posts and seeming lack of reinvestment of the tourist dollar.,204,0.07352941176470588,94,0.5626506916305767,0.04137137438460123,0.03189732965052755
Twin Baths (Kuttam Pokuna),Buddha statue,1,0,5,6,neutral,0.757,irrigation system .then from the ancient time this all historical sites used as a monasteries .then lot of buddhist monk practiced buddhas reality path from here according to the evidence 5000 monk has lived here at that time so bathing purpose of the monk has been built this 2 ponds according to the kings order believe,204,0.029411764705882353,47,1.255797872190522,0.03693523153501536,0.027959970272006626
Twin Baths (Kuttam Pokuna),Entrance fee,1,1,7,9,neutral,0.811,Included in the general entrance fee for Anuradhapura city complex this is an interesting short attraction visit.,204,0.04411764705882353,87,0.6400373552459969,0.028236942143205747,0.022900160078139862
Twin Baths (Kuttam Pokuna),Peacefulness,19,0,0,19,positive,0.821,Very tranquil setting.,204,0.09313725490196079,129,0.24613306953890854,0.022924158437447363,0.018820734077144283
Twin Baths (Kuttam Pokuna),Value for money,4,2,0,6,positive,0.833,"temples, edifices and dwellings that made the mega cities.The building of tanks was so meticulously scientific, in that there was free flowing water supply over thousands of hectares for bathing and even for washing feet before entering a temple with craftily designed very shallow canals which you had to cross before entry",204,0.029411764705882353,112,0.38744660260548613,0.011395488311926062,0.00949244176383441
Twin Baths (Kuttam Pokuna),Crowdedness,0,6,0,6,negative,0.8,"Though the site was crowded, it was able to accommodate the numbers and still seem serene.",204,0.029411764705882353,122,0.3019244291673241,0.00888013026962718,0.007104104215701745
Udawalawe National Park,Elephants,204,18,226,448,neutral,0.782,Definitely worth booking in advance and perhaps cost is a bit extra but it’s definitely worth it as he shows you everything that other guides miss and manages to find the best spots for the elephants!,2125,0.21082352941176472,33,1.6094379124341003,0.33930738106845976,0.26533837199553556
Udawalawe National Park,Wildlife,253,15,159,427,positive,0.793,Lahiru was very knowledgeable about the different animals around the park and took some amazing photos on my phone which I would not of been able to capture myself.,2125,0.20094117647058823,54,1.1169614273363062,0.22444354328122482,0.1779837298220113
Udawalawe National Park,Birds,133,6,168,307,neutral,0.772,"The main attraction here are the Elephants in the wild, we saw monkeys, lizards, deer and various birds.Don’t come with high expectations this ain’t Africa, but still everyone had a great time and cruising along on Safari jeep was fun for everyone.",2125,0.14447058823529413,40,1.4170660197866443,0.20472436144682343,0.1580472070369477
Udawalawe National Park,Local guide,252,6,76,334,positive,0.797,Really good tour of the safari park with the best guide.,2125,0.1571764705882353,66,0.9162907318741551,0.14401934326869073,0.11478341658514651
Udawalawe National Park,Leopards,6,1,24,31,neutral,0.757,"and lots of birds (pelicans, toucans, bee-eaters, peacocks, ...) and even the fresh trace of a leopard.",2125,0.014588235294117647,13,2.540996116439044,0.037068649228051934,0.028060967465635314
Udawalawe National Park,Guided tours,19,3,12,34,positive,0.829,And our tour guide Janidth was the best (from Lakpura Solutions).,2125,0.016,36,1.5224265354444706,0.02435882456711153,0.020193465566135455
Udawalawe National Park,Accommodation,40,2,42,84,neutral,0.78,He picked us up early from our accommodation in a van to avoid the bugs in the Jeep on the way to the national park.,2125,0.03952941176470588,90,0.6061358035703155,0.023960191764661885,0.01868894957643627
Udawalawe National Park,Trail,10,7,13,30,neutral,0.769,"Pay the bit extra for the more expensive jeep which is more substantially equipped than the cheaper model...believe me, you'll be glad of it on the parks trails, which are very very unstable!",2125,0.01411764705882353,39,1.4423838277709342,0.020363065803824954,0.01565919760314139
Udawalawe National Park,Ticket price,40,3,23,66,positive,0.804,Definitely worth booking in advance and perhaps cost is a bit extra but it’s definitely worth it as he shows you everything that other guides miss and manages to find the best spots for the elephants!,2125,0.031058823529411764,94,0.5626506916305767,0.017475268540055558,0.014050115906204669
Udawalawe National Park,Family friendliness,26,0,30,56,neutral,0.771,"At the same time, they were surrounded by buffalo complete with storks standing on their backs (I kid you not!!)All in all, an amazing 3 hrs and some of it quite emotional.",2125,0.02635294117647059,89,0.6173091041684409,0.01626791050985068,0.012542559003094873
Udawalawe National Park,Service quality,43,0,4,47,positive,0.808,Our guide was informative and helpful and we saw so many elephants very close up.,2125,0.02211764705882353,88,0.6286086594223741,0.013903344467224275,0.011233902329517214
Udawalawe National Park,Sunrise view,6,0,6,12,positive,0.827,We spent a beautiful sunrise at the park guided by thw best guy in town.,2125,0.005647058823529412,21,2.0614230361771577,0.011640977145471009,0.009627088099304524
Udawalawe National Park,Forest,8,3,10,21,neutral,0.781,"Elephants hide in the forest at noon sunny time, some times it's too hot.",2125,0.00988235294117647,51,1.1741198411762548,0.011603066665741813,0.009061995065944356
Udawalawe National Park,Turtles,2,0,6,8,neutral,0.76,"There were several species of amazing birds - pelicans, herons, a stork, kingfishers, eagles, hornbills - a turtle, crocodiles, water buffalo, deer, even the notoriously shy jackal made an appearance!",2125,0.0037647058823529413,16,2.3333567516607996,0.008784401888605364,0.006676145435340076
Udawalawe National Park,Weather condition,2,19,2,23,negative,0.763,"The afternoons are best for elephants as it’s too hot for birds until late afternoon, when visitors have to exit the park.",2125,0.010823529411764706,82,0.6992262266363275,0.007568095629475545,0.005774456965289841
Udawalawe National Park,Safety,20,1,1,22,positive,0.786,On the contrary: we felt that the elephants got even more curious and came closer to our jeep because they felt safe.,2125,0.010352941176470589,86,0.651598177647073,0.006745957603875579,0.005302322676646205
Udawalawe National Park,Crowdedness,10,29,3,42,negative,0.845,Would recommend doing it early in the morning as it wasn't crowded (about 12 jeeps or so in total).,2125,0.01976470588235294,122,0.3019244291673241,0.005967447541189465,0.005042493172305098
Udawalawe National Park,Scenic view,24,2,19,45,positive,0.783,"The National Park itself has amazing scenery, lagoons, bush & jungle along with lots of wildlife.",2125,0.021176470588235293,128,0.25391520998096345,0.005377027976067461,0.004210212905260822
Udawalawe National Park,Value for money,13,10,0,23,positive,0.833,"directly on his mobile +94 (077) 337 9470Chaminda charged me the standard rate for each half day game drive (currently 5,000 rupees) and freely gave me extra time on the morning drive in order to arrive early and beat the long queues, and then added more free extra time at the end too, as he was trying to find a brown fish owl.",2125,0.010823529411764706,112,0.38744660260548613,0.004193539698788791,0.003493218569091063
Udawalawe National Park,Peacefulness,35,0,0,35,positive,0.811,It was so beautiful and peaceful.,2125,0.01647058823529412,129,0.24613306953890854,0.004053956439464376,0.0032877586724056095
Udawalawe National Park,Entrance fee,2,2,8,12,neutral,0.823,"This is well worth the fee and advisable early start, if just to be that close to these magnificent creatures.",2125,0.005647058823529412,87,0.6400373552459969,0.003614328594330336,0.0029745924331338663
Udawalawe National Park,Beach,4,0,3,7,positive,0.786,But Lahiru was so skilled at taking photos with your own phone/camera that you could just focus of looking at the wildlife rather than trying to take a good photo.Lahiru arranged pick up from Ella and then we were dropped off at a beach in the south after the tour.,2125,0.0032941176470588237,64,0.9470623905409088,0.0031197349335465234,0.0024521116577675673
Udawalawe National Park,Cleanliness,8,3,0,11,positive,0.88,the park seems to be well maintained and drivers seem to be following rules and there seems to be a general respect for animals so all in all we had a good time.,2125,0.0051764705882352945,117,0.34377153910282454,0.0017795232612381508,0.0015659804698895726
Unawatuna Beach,Beach,97,15,14,126,positive,0.818,"Wide, white sand beach with clear waters.",510,0.24705882352941178,64,0.9470623905409088,0.23398012001598925,0.1913957381730792
Unawatuna Beach,Sandy beach,19,3,11,33,positive,0.75,"Wide, white sand beach with clear waters.",510,0.06470588235294118,15,2.3978952727983707,0.15515792941636516,0.11636844706227387
Unawatuna Beach,Restaurants,35,1,22,58,positive,0.793,"and good restaurants such as the Happy Spice,",510,0.11372549019607843,49,1.214125175789954,0.1380769807761124,0.10949504575545715
Unawatuna Beach,Waves,17,4,7,28,positive,0.775,Good to swim with light waves.,510,0.054901960784313725,20,2.1102132003465894,0.11585484237196962,0.08978750283827645
Unawatuna Beach,Cafes,9,2,4,15,positive,0.805,so you can really set yourself up here to enjoy the whole day Beach front.Nice relaxed & chilled out cafes and beach restaurants couple of footsteps back from the beach.The whole area filled with back packers and a great mix of very interesting people from all walks of life!!We only came here,510,0.029411764705882353,15,2.3978952727983707,0.07052633155289326,0.05677369690007907
Unawatuna Beach,Shops,5,2,4,11,positive,0.753,"Lengthy, clean beach with lots of restaurants, sun-loungers, water-sport offerings and shops; but space for everyone.",510,0.021568627450980392,10,2.803360380906535,0.06046463566661153,0.04552987065695848
Unawatuna Beach,Cleanliness,27,14,0,41,positive,0.87,"Unawatuna beach is beautiful, clean sandy beach, clear water with prefect temperature (in January).",510,0.0803921568627451,117,0.34377153910282454,0.027636535496501583,0.024043785881956378
Unawatuna Beach,Water clarity,4,1,0,5,positive,0.912,"Unawatuna beach is beautiful, clean sandy beach, clear water with prefect temperature (in January).",510,0.00980392156862745,13,2.540996116439044,0.024911726631755334,0.022719494688160865
Unawatuna Beach,Family friendliness,10,3,9,22,positive,0.772,We arrived on a Sunday afternoon which was busy with families.,510,0.043137254901960784,89,0.6173091041684409,0.026629020179815097,0.020557603578817255
Unawatuna Beach,Accommodation,11,3,6,20,positive,0.796,"and the Shifting Sands.We stayed at Calamander Beach Resort and although our rooms were pretty good,",510,0.0392156862745098,90,0.6061358035703155,0.023770031512561393,0.01892094508399887
Unawatuna Beach,Turtles,3,0,2,5,positive,0.792,"They wear grumpy faces, they grab onto wild giant sea turtles to ride them around.We would not return for this reason.In contrast, the locals all around SriLanka are very friendly, smiling people.",510,0.00980392156862745,16,2.3333567516607996,0.022876046584909798,0.018117828895248562
Unawatuna Beach,Safety,12,4,0,16,positive,0.8,Warning!,510,0.03137254901960784,86,0.651598177647073,0.020442295769319937,0.01635383661545595
Unawatuna Beach,Sunset view,5,0,2,7,positive,0.846,The sunset here is amazing.,510,0.013725490196078431,44,1.3217558399823195,0.018141746823286738,0.01534791781250058
Unawatuna Beach,Noise level,0,6,0,6,negative,0.767,"monstrosity being built at the right hand side; unregulated and therefore extremely dangerous jetski and boat use in the swimming area; noise from beach parties into the early hours, and lack of regular cleaning up of litter and plastic washed up on the shore.",510,0.011764705882352941,32,1.640209571100854,0.01929658318942181,0.01480047930628653
Unawatuna Beach,Ticket price,8,2,6,16,positive,0.791,so it's a safe place for the entire family to bathe (even toddlers) Also the area is safe as there are many tourists and locals.There were some boats offering short sea tours for LKR 1500 (10 min) and LKR 2500 (20 min) we paid LKR 200 for parking the car for about 2 hr and LKR to shower after bathing in the sea,510,0.03137254901960784,94,0.5626506916305767,0.017651786404096523,0.01396256304564035
Unawatuna Beach,Crowdedness,1,23,1,25,negative,0.817,"meals took far too long so the restaurants were not busy,",510,0.049019607843137254,122,0.3019244291673241,0.0148002171160453,0.012091777383809009
Unawatuna Beach,Public transport access,2,1,7,10,neutral,0.794,However we did find lovely powdery white beaches a short tuk tuk ride away at jungle beach and dalawella.Also i was horrified to see a dreadful monolith of a hotel being built at the end of unawatuna beach at least 12 stories high and easily visible from Galle and dalawella.,510,0.0196078431372549,90,0.6061358035703155,0.011885015756280697,0.009436702510486873
Unawatuna Beach,Value for money,12,3,0,15,positive,0.827,We stayed in 6 different hotels in Sri Lanka and we rated Calamander as the lowest in terms of value for money and service.,510,0.029411764705882353,112,0.38744660260548613,0.011395488311926062,0.009424068833962853
Unawatuna Beach,Forest,3,0,2,5,positive,0.784,However we did find lovely powdery white beaches a short tuk tuk ride away at jungle beach and dalawella.Also i was horrified to see a dreadful monolith of a hotel being built at the end of unawatuna beach at least 12 stories high and easily visible from Galle and dalawella.,510,0.00980392156862745,51,1.1741198411762548,0.011510978835061322,0.009024607406688076
Unawatuna Beach,Service quality,4,0,5,9,neutral,0.776,"There are lots of lounge areas with prices ranging hugely in price, from a very basic 100slr through to 2500slr but this comes with cool water spritzing, extremely comfortable lounge areas and attentive service.",510,0.01764705882352941,88,0.6286086594223741,0.011093093989806601,0.008608240936089922
Unawatuna Beach,Peacefulness,16,1,0,17,positive,0.786,And it is peaceful to just sit and be part of the beach life.,510,0.03333333333333333,129,0.24613306953890854,0.008204435651296952,0.006448686421919404
Unawatuna Beach,Temple,2,0,3,5,neutral,0.772,Unwatuna beach is a nice bay to walk round at one end is a buddest temple .The beach is lined with bars and restaurants and dive centres.Plenty of boats offering sea excursions and there is jet skis.It is an ideal beach for families and the sea is ideal for snorkelling.,510,0.00980392156862745,76,0.7752121336142496,0.007600118957002446,0.005867291834805889
Unawatuna Beach,Weather condition,0,4,1,5,negative,0.764,"But the locals said that it was due to much rain the past days, normally much clearer water.",510,0.00980392156862745,82,0.6992262266363275,0.0068551590846698774,0.005237341540687787
Unawatuna Beach,Scenic view,7,0,3,10,positive,0.791,It is nice enough with a lovely expansive view.,510,0.0196078431372549,128,0.25391520998096345,0.004978729607469872,0.003938175119508669
Uppuveli Beach,Beach,70,12,13,95,positive,0.815,Beach is clean.,294,0.3231292517006803,64,0.9470623905409088,0.3060235615693413,0.24940920267901315
Uppuveli Beach,Sandy beach,12,3,8,23,positive,0.769,A lovely beach made of soft white sand.,294,0.0782312925170068,15,2.3978952727983707,0.18759044651143716,0.1442570533672952
Uppuveli Beach,Restaurants,18,3,9,30,positive,0.806,"Such as other places in Sri Lanka, it smells sometimes the benzine, and some restaurants/places such as Fernando's bar are transformed to loud and noisy disco bar as from 7PM, with a boring beat sound and flashing multicolour lights polluting the whole beach and any",294,0.10204081632653061,49,1.214125175789954,0.1238903240601994,0.09985560119252072
Uppuveli Beach,Boat service,2,1,7,10,neutral,0.754,"Please be aware of the aggressive stray dogs between Uppuveli beach and Trincomalee beach.Me and my fiancé went for a walk near the fishing boats when 2 dogs started chasing us, barking and growling.",294,0.034013605442176874,9,2.908720896564361,0.09893608491715515,0.07459780802753499
Uppuveli Beach,Waves,5,1,4,10,positive,0.784,Came here in August and the sea was clear and calm enough for swimming (but be prepared to do a bit of wave jumping!) Currently this place is very under developed.,294,0.034013605442176874,20,2.1102132003465894,0.07177595919546223,0.05627235200924239
Uppuveli Beach,Accommodation,10,3,12,25,neutral,0.787,pulling their nets on to the beach in the afternoon.The beach is vast and deep with a lot of space and around the restaurants and resorts they clean the beach every day (you can still find patches in between with some garbage that floated ashore).The beach meet some swell in the middle but are more calm in the north and,294,0.08503401360544217,90,0.6061358035703155,0.05154216016754383,0.040563680051856996
Uppuveli Beach,Cleanliness,18,21,0,39,negative,0.868,Beach is clean.,294,0.1326530612244898,117,0.34377153910282454,0.045602347023844074,0.039582837216696656
Uppuveli Beach,Safety,5,5,0,10,positive,0.82,The beach is gently sloping so you can walk out into the sea a long way before it gets deep and i detected no strong currents so it appears about as safe as you can get .,294,0.034013605442176874,86,0.651598177647073,0.022163203321329015,0.01817382672348979
Uppuveli Beach,Ticket price,7,1,0,8,positive,0.845,Nice beach in east cost for relaxing.,294,0.027210884353741496,94,0.5626506916305767,0.01531022290151229,0.012937138351777885
Uppuveli Beach,Temple,5,0,1,6,positive,0.817,"At nights, fresh fish is cooked on grills.We had a lovely three day break from seeing temple after temple.I expect that in a couple of years, it won't be as authentic as it is now, so enjoy it while it lasts!Fishermen can be seen bringing their nets in full of fish.",294,0.02040816326530612,76,0.7752121336142496,0.01582065578804591,0.012925475778833507
Uppuveli Beach,Peacefulness,18,0,0,18,positive,0.784,Quiet.,294,0.061224489795918366,129,0.24613306953890854,0.015069371604422972,0.01181438733786761
Uppuveli Beach,Crowdedness,3,8,2,13,negative,0.837,Most of the famous beaches in trinco are over crowded and you won't feel comfortable if u are visiting with family.But Uppuveli is still offering that privacy and comfort.,294,0.04421768707482993,122,0.3019244291673241,0.013350399929167391,0.011174284740713107
Uppuveli Beach,Scenic view,5,1,1,7,positive,0.807,the JKAB resort and a few moe are located here and excellent view,294,0.023809523809523808,128,0.25391520998096345,0.006045600237641987,0.0048787993917770835
Victoria Park of Nuwara Eliya,Family friendliness,72,7,61,140,positive,0.758,"Visited March 15th, located nearer to town, nice one, there is a children's play area inside, my daughter enjoyed lot, we took some family photos, A good one for evening relaxing,",798,0.17543859649122806,89,0.6173091041684409,0.10829984283656857,0.08209128087011898
Victoria Park of Nuwara Eliya,Birds,23,3,23,49,positive,0.751,Some good sightings of migratory birds during the October - March season.,798,0.06140350877192982,40,1.4170660197866443,0.08701282577637288,0.06534663215805604
Victoria Park of Nuwara Eliya,Entrance fee,30,15,40,85,neutral,0.847,The entrance fee for foreign adults is 300 Sri Lankan Rupees per person and children got in for free.,798,0.10651629072681704,87,0.6400373552459969,0.06817440500740568,0.05774372104127261
Victoria Park of Nuwara Eliya,Ticket price,27,8,52,87,neutral,0.766,The entrance fee for foreign adults is 300 Sri Lankan Rupees per person and children got in for free.,798,0.10902255639097744,94,0.5626506916305767,0.061341616756717,0.046987678435645226
Victoria Park of Nuwara Eliya,Cleanliness,89,32,0,121,positive,0.882,"it is not very big park but very beautiful and clean place, very nice for children to play around.",798,0.15162907268170425,117,0.34377153910282454,0.05212575968852352,0.04597492004527774
Victoria Park of Nuwara Eliya,Museum,8,0,14,22,neutral,0.764,Queen Elizabeth also visited the park during her honeymoon and the small museum in the park is small but has some nice old pictures of the town with all the history.,798,0.02756892230576441,36,1.5224265354444706,0.0419716588719027,0.03206634737813366
Victoria Park of Nuwara Eliya,River,0,12,6,18,negative,0.791,"The stream running through the park (the Nanu Oya) was full of rotting food wrappers and plastic bottles, needless to say we didn't see anything living in these waterways.And the saddest thing is",798,0.022556390977443608,33,1.6094379124341003,0.036303110806784215,0.028715760648166316
Victoria Park of Nuwara Eliya,Toilets,3,2,10,15,neutral,0.768,Near entrance have small restaurant and toilet.Sri Lankan people is very friendly.,798,0.018796992481203006,37,1.4950275612563562,0.028102021828126995,0.02158235276400153
Victoria Park of Nuwara Eliya,Mountain,6,1,4,11,positive,0.764,Well worth the time to visit and relax in the crisp clean air of the mountains.,798,0.013784461152882205,24,1.927891643552635,0.026574947467517523,0.020303259865183387
Victoria Park of Nuwara Eliya,Trail,8,0,5,13,positive,0.774,I spent a pleasant morning there meandering along the paths and enjoying the flowers and landscape.,798,0.016290726817042606,39,1.4423838277709342,0.02349748090353652,0.018187050219337267
Victoria Park of Nuwara Eliya,Value for money,27,17,0,44,positive,0.837,"Though it is very expensive ( comapared to locals ) for foreigners, its worth every penny..",798,0.05513784461152882,112,0.38744660260548613,0.021362970569726053,0.017880806366860704
Victoria Park of Nuwara Eliya,Signage,3,2,3,8,positive,0.752,"A sign board inside reads ""Please behave decently"".Interpretation is not difficult to fathom with young couples around.",798,0.010025062656641603,16,2.3333567516607996,0.023392047635697237,0.017590819822044322
Victoria Park of Nuwara Eliya,Weather condition,11,13,0,24,negative,0.8,"Even though it was drizzling with rain it was still very pleasant to stroll around these well maintained gardens, met some locals and had a chat with them and enjoyed their company and information.",798,0.03007518796992481,82,0.6992262266363275,0.021029360199588797,0.016823488159671038
Victoria Park of Nuwara Eliya,Colonial architecture,5,0,3,8,positive,0.792,I guess during the english colonial time the park was amazing - but this is a long time ago,798,0.010025062656641603,24,1.927891643552635,0.019327234521830924,0.015307169741290092
Victoria Park of Nuwara Eliya,Peacefulness,47,0,0,47,positive,0.802,nice and calm place.great to staying in relax.,798,0.05889724310776942,129,0.24613306953890854,0.014496559233494612,0.011626240505262678
Victoria Park of Nuwara Eliya,Noise level,0,7,0,7,negative,0.8,Ok for 300RsLike any other park and if you have a book to keep you company it would be greatKids running around so expect noise from kids and parents running behind them,798,0.008771929824561403,32,1.640209571100854,0.014387803255270648,0.01151024260421652
Victoria Park of Nuwara Eliya,Market,2,0,3,5,neutral,0.78,"After days of travel in and out of the van, stopping for the afternoon in Victoria park was a god send travelling with two small children, as it was also new years period there were also a great deal of stalls and markets around.",798,0.006265664160401002,16,2.3333567516607996,0.014620029772310774,0.011403623222402404
Victoria Park of Nuwara Eliya,Accommodation,6,0,8,14,neutral,0.774,"dont go on weekends,it was very near to our hotel.enjoyed a quiet long walk here on a mid week day.it was comparetively cheaper than other tourist attracrions for foriegners",798,0.017543859649122806,90,0.6061358035703155,0.010633961466145885,0.008230686174796916
Victoria Park of Nuwara Eliya,Restaurants,3,0,3,6,positive,0.77,Near entrance have small restaurant and toilet.Sri Lankan people is very friendly.,798,0.007518796992481203,49,1.214125175789954,0.009128760720225218,0.007029145754573418
Victoria Park of Nuwara Eliya,Scenic view,18,2,7,27,positive,0.8,I spent a pleasant morning there meandering along the paths and enjoying the flowers and landscape.,798,0.03383458646616541,128,0.25391520998096345,0.008591116127175455,0.006872892901740365
Victoria Park of Nuwara Eliya,Parking,2,0,4,6,neutral,0.787,A good place to have a extra time to spend in the town so have fun with the flowers and the bird watching inside the parking,798,0.007518796992481203,54,1.1169614273363062,0.008398206220573731,0.006609388295591527
Victoria Park of Nuwara Eliya,Crowdedness,2,16,2,20,negative,0.81,"It has a children's park tucked away in one corner and a pond with an island, fishes, birds - it is packed.",798,0.02506265664160401,122,0.3019244291673241,0.007567028299932934,0.006129292922945677
Victoria Park of Nuwara Eliya,Souvenir stalls,4,0,1,5,positive,0.804,Out side the park and along the pavement you will find many stalls it is interesting to take a look but of course not to buy.,798,0.006265664160401002,49,1.214125175789954,0.007607300600187682,0.006116269682550897
Victoria Park of Nuwara Eliya,Safety,6,1,2,9,positive,0.804,Also has security guards.,798,0.011278195488721804,86,0.651598177647073,0.007348851627598567,0.005908476708589248
Victoria Park of Nuwara Eliya,Service quality,4,0,3,7,positive,0.774,Charming English style park well maintained by an army of local staff.,798,0.008771929824561403,88,0.6286086594223741,0.005514111047564684,0.004267921950815066
Viharamahadevi Park,Family friendliness,114,7,97,218,positive,0.757,Kids have a little play zone too.There are some water features as well for the adventurous who want to play in the water (if allowed).A good location for photoshoots AND for some great tree shots when the light is good.During Cherry Blossom season even better.,1014,0.21499013806706113,89,0.6173091041684409,0.13271536953522692,0.10046553473816677
Viharamahadevi Park,Buddha statue,40,1,31,72,positive,0.813,"There you will find stunning trees, a pleasant view to a small lake, a statue of Buddha, and some options for snacks and drinks (a snack bar and the locals, who sell steamed corn, manioc, spicy treats etc).After a heavy week at work, tht is a good place to relax and blow your mind.",1014,0.07100591715976332,47,1.255797872190522,0.08916907968216725,0.07249446178160197
Viharamahadevi Park,Trail,26,0,39,65,neutral,0.763,Very beautiful park; well maintained; big enough for lengthy walks; big statue of Lord Buddha at one end makes for a peaceful sight; separate walking and cycling tracks,1014,0.0641025641025641,39,1.4423838277709342,0.09246050178018808,0.0705473628582835
Viharamahadevi Park,Sculptures,36,1,31,68,positive,0.787,"There you will find stunning trees, a pleasant view to a small lake, a statue of Buddha, and some options for snacks and drinks (a snack bar and the locals, who sell steamed corn, manioc, spicy treats etc).After a heavy week at work, tht is a good place to relax and blow your mind.",1014,0.0670611439842209,55,1.0986122886681098,0.07367419687320657,0.05798159293921357
Viharamahadevi Park,Museum,11,0,33,44,neutral,0.76,The park is across from the National Museum and is worth walking to.,1014,0.04339250493096647,36,1.5224265354444706,0.06606190094630839,0.05020704471919438
Viharamahadevi Park,Cleanliness,98,7,1,106,positive,0.886,Well maintained as of writing this review.,1014,0.10453648915187377,117,0.34377153910282454,0.03593666976814537,0.0318398894145768
Viharamahadevi Park,Colonial architecture,7,0,9,16,neutral,0.776,The park is just opposite the town hall (Colombo Municipal Council) building which itself is a beautiful colonial structure.,1014,0.015779092702169626,24,1.927891643552635,0.030420380963355188,0.023606215627563626
Viharamahadevi Park,Souvenir stalls,5,0,20,25,neutral,0.757,"There's a beautiful lake,food stalls and you can lie down on the beautiful green grass to read a book,have lunch or have a conversation with your friends.",1014,0.02465483234714004,49,1.214125175789954,0.029934052657543248,0.02266007786176024
Viharamahadevi Park,Birds,7,3,11,21,neutral,0.77,"Evening stroll, smell the grass, breathe the fresh air and take in the chirping birds - all rolled into one in the midst of the hustle bustle n traffic.....",1014,0.020710059171597635,40,1.4170660197866443,0.02934752111984175,0.022597591262278147
Viharamahadevi Park,Bridge,3,0,11,14,neutral,0.761,"sleek and pleasant, mostly made of wood and concrete.The most popular attraction at the park is the lake and the woody suspension bridge above it.",1014,0.013806706114398421,20,2.1102132003465894,0.02913509349590952,0.022171806150387146
Viharamahadevi Park,Toilets,6,0,11,17,neutral,0.773,There are few public toilets and the condition of those are good.,1014,0.016765285996055226,37,1.4950275612563562,0.025064564636447784,0.019374908463974137
Viharamahadevi Park,Crowdedness,10,63,5,78,negative,0.809,The park is an oasis in the middle of a busy Colombo .,1014,0.07692307692307693,122,0.3019244291673241,0.023224956089794163,0.01878898947664348
Viharamahadevi Park,Weather condition,6,26,2,34,negative,0.774,In the afternoons obviously the sun takes over and it can get quite hot.,1014,0.03353057199211045,82,0.6992262266363275,0.02344545533100112,0.018146782426194868
Viharamahadevi Park,Temple,9,1,14,24,neutral,0.77,A nice temple is around which also increase the beauty of this park,1014,0.023668639053254437,76,0.7752121336142496,0.018348216180218924,0.014128126458768571
Viharamahadevi Park,Peacefulness,67,0,0,67,positive,0.793,Had a lovely few hours testing in this green oasis - very well kept and tranquil .,1014,0.06607495069033531,129,0.24613306953890854,0.016263230433044253,0.012896741733404094
Viharamahadevi Park,Parking,4,1,9,14,neutral,0.767,"Nice landscaping, parking space, less crowd in the morning makes it more attractive.",1014,0.013806706114398421,54,1.1169614273363062,0.015421558168351368,0.0118283351151255
Viharamahadevi Park,Safety,17,2,1,20,positive,0.791,At no time did we feel unsafe as there were many people around but I would watch for this fellow Ice creams from the mobile vendor were wonderful at 30 rupee,1014,0.01972386587771203,86,0.651598177647073,0.012852035062072446,0.010165959734099304
Viharamahadevi Park,Paintings,3,0,4,7,neutral,0.771,Worth a quick walk through to check it out but wouldn't spend too long here.Close to the Town Hall and Green Path (a shady road where artists sell their paintings) and the Laksala cafe.,1014,0.006903353057199211,29,1.7386496439141066,0.012002512334712766,0.009253937010063542
Viharamahadevi Park,Value for money,29,1,0,30,positive,0.807,Free of charge,1014,0.029585798816568046,112,0.38744660260548613,0.011462917236848702,0.009250574210136904
Viharamahadevi Park,Restaurants,3,1,6,10,neutral,0.772,end could be combined with the visit to Lotus pond.Colombo museum.Natural histry museum.Independence square.Archade shopping mall .Restaurants.If you are a person who likes soft walking in the cities you will like it on foot.Happy travelling !!!Sujan Weerakoon,1014,0.009861932938856016,49,1.214125175789954,0.011973621063017298,0.009243635460649354
Viharamahadevi Park,Accessibility,5,0,0,5,positive,0.88,"There are whole lot activities kids can do here: swings, rides, toy train, boating, etc...This is the only place I've seen which has swing for kids in wheelchair.",1014,0.004930966469428008,36,1.5224265354444706,0.007507034198444135,0.006606190094630839
Viharamahadevi Park,Public transport access,7,0,5,12,positive,0.788,Well maintained with a picturesque lake.Not that big but worth a visit.Get a tuk tuk to White House and enter there.,1014,0.011834319526627219,90,0.6061358035703155,0.007173204775980065,0.005652485363472291
Viharamahadevi Park,Scenic view,21,0,4,25,positive,0.81,"There you will find stunning trees, a pleasant view to a small lake, a statue of Buddha, and some options for snacks and drinks (a snack bar and the locals, who sell steamed corn, manioc, spicy treats etc).After a heavy week at work, tht is a good place to relax and blow your mind.",1014,0.02465483234714004,128,0.25391520998096345,0.006260236932469514,0.005070791915300307
Viharamahadevi Park,Accommodation,4,0,5,9,neutral,0.771,"Our tuc tuc driver Ravi took us here on our tour around the city (Ravi is based outside the galle face hotel, has been for 15 years, lovely and friendly and won't rip you off) watch out for the head Gardner, he will collar you and show you all the interesting trees and flowers which are good",1014,0.008875739644970414,90,0.6061358035703155,0.005379903581985049,0.004147905661710472
Viharamahadevi Park,Entrance fee,1,0,7,8,neutral,0.788,"Good for small children as they can run around, sit in a paddle boat, sit on a horse or a horse carriage, eat ice cream and other snacks.There is no entry fee.It is a big park with multiple entry/exits.",1014,0.007889546351084813,87,0.6400373552459969,0.005049604380639029,0.003979088251943555
Viharamahadevi Park,Service quality,3,1,1,5,positive,0.796,"Visited the park in conjunction with the nearby museum,despite being a Sunday afternoon it was very peaceful lots of places to have a sit in the shade,very pleasant to have a gentle stroll and meet the friendly helpful locals.Very disappointed with the state of the nearby toilets in nearby museum grounds",1014,0.004930966469428008,88,0.6286086594223741,0.0030996482220038172,0.0024673199847150386
Visit Kanneliya Rain Forest,Waterfall,17,3,17,37,positive,0.791,Steep walks down to waterfalls,253,0.14624505928853754,24,1.927891643552635,0.2819446277132312,0.2230182005211659
Visit Kanneliya Rain Forest,Forest,30,3,21,54,positive,0.794,"But it does show a rain forest habitat, and our guide was pretty good at spotting assorted creatures and flora that were unique and unusual.",253,0.2134387351778656,51,1.1741198411762548,0.25060265384789626,0.19897850715522963
Visit Kanneliya Rain Forest,Leeches,0,18,2,20,negative,0.798,Only thing to be watchful is the leeches...they can be annoying and lots in the rainy season.,253,0.07905138339920949,8,3.0265039322207445,0.2392493227051972,0.19092095951874738
Visit Kanneliya Rain Forest,Local guide,14,2,18,34,neutral,0.757,"But it does show a rain forest habitat, and our guide was pretty good at spotting assorted creatures and flora that were unique and unusual.",253,0.13438735177865613,66,0.9162907318741551,0.12313788491589436,0.09321537888133204
Visit Kanneliya Rain Forest,Birds,11,2,7,20,positive,0.781,"Its also a good bird watching spot, for that you need to visit this place early in the morning, locals here arrange it on your demand.",253,0.07905138339920949,40,1.4170660197866443,0.1120210292321458,0.08748842383030588
Visit Kanneliya Rain Forest,Trail,2,6,7,15,neutral,0.767,"After a 5-10 minutes dipping our feet, it was back up the rough path to the main, well-maintained path and downhill to the entrance, about a 15-20 minute easy walk.",253,0.05928853754940711,39,1.4423838277709342,0.08551682773345459,0.06559140687155968
Visit Kanneliya Rain Forest,Wildlife,8,1,4,13,positive,0.803,"But it does show a rain forest habitat, and our guide was pretty good at spotting assorted creatures and flora that were unique and unusual.",253,0.05138339920948617,54,1.1169614273363062,0.0573932749224189,0.04608679976270238
Visit Kanneliya Rain Forest,River,2,0,5,7,neutral,0.763,the buses are less crowded so travelling through us would be great option if you are a budget traveler.Also take the clothes for a river bath as you could enjoy Chrystal water river bath in /Kanneliya rain forest and would be a lovely experience.From the us stop to Kanneliya reserve entrance you have 1.5km to walk or else,253,0.02766798418972332,33,1.6094379124341003,0.04452990271556799,0.03397631577197838
Visit Kanneliya Rain Forest,Mountain,2,1,2,5,positive,0.776,"3 hours* Narangas Ella Trail – distance : 5.4 km, time 6 hours* Giant Nawada Tree Trail – distance : 3.8km, time 3 hours* Kabbale Mountain Trail – 5.5 km, time 6 hours – considered the most difficult trek from all.You want to take a entrance ticket and hire a Kanneliya Guidethen you can enter this natural forest.",253,0.019762845849802372,24,1.927891643552635,0.03810062536665287,0.029566085284522627
Visit Kanneliya Rain Forest,Guided tours,1,0,4,5,neutral,0.8,Visitors can go for guided tours through waterfalls and beautiful landscapes inside the forest.,253,0.019762845849802372,36,1.5224265354444706,0.03008748093763776,0.02406998475011021
Visit Kanneliya Rain Forest,Ticket price,2,3,7,12,neutral,0.766,"Pretty awesome if your're going with a group.You'll need your own vehicle to access.Entry tickets are pretty cheap compared to the other places.Any one who loves nature wouldn't regret taking a visit to here ;)Fyi, it is the last large remaining rainforest in Sri Lanka other than Sinharaja.",253,0.04743083003952569,94,0.5626506916305767,0.02668698932635146,0.02044223382398522
Visit Kanneliya Rain Forest,Entrance fee,1,2,2,5,negative,0.784,".8km, time 3 hours* Kabbale Mountain Trail – 5.5 km, time 6 hours – considered the most difficult trek from all.You want to take a entrance ticket and hire a Kanneliya Guidethen you can enter this natural forest.",253,0.019762845849802372,87,0.6400373552459969,0.012648959589841836,0.009916784318436
Visit Kanneliya Rain Forest,Accommodation,2,1,2,5,positive,0.776,The best way to stay at night is 4 roomed mount resort just near the entrance.,253,0.019762845849802372,90,0.6061358035703155,0.011978968450006235,0.009295679517204839
Visit Kanneliya Rain Forest,Crowdedness,1,5,0,6,negative,0.86,and then when you get off take the thawalama bus and the whole journey will take around 2 hours from galle and the buses are less crowded so travelling through us would be great option if you are a budget traveler.Also take the clothes for a river bath as you could enjoy Chrystal water river bath in /Kanneliya rain forest,253,0.023715415019762844,122,0.3019244291673241,0.007160263142308081,0.0061578263023849495
Visit Kanneliya Rain Forest,Cleanliness,3,2,0,5,positive,0.872,"After a 5-10 minutes dipping our feet, it was back up the rough path to the main, well-maintained path and downhill to the entrance, about a 15-20 minute easy walk.",253,0.019762845849802372,117,0.34377153910282454,0.00679390393483843,0.005924284231179111
Visit Kanneliya Rain Forest,Scenic view,5,0,0,5,positive,0.856,"Probably it is more appropriate for a natural fresh water bath, Hiking, waterfalls and beautiful landscapes.",253,0.019762845849802372,128,0.25391520998096345,0.0050180871537739815,0.004295482603630528
Visit Kanneliya Rain Forest,Peacefulness,5,0,0,5,positive,0.8,this rain forest always wet climate and lot of biodiversity of plants and animals.very calm quit forest.,253,0.019762845849802372,129,0.24613306953890854,0.004864289911836137,0.0038914319294689097
Wasgamuwa National Park,Elephants,29,1,27,57,positive,0.786,It was great to see many numbers of elephants roaming around and checking you and your vehicle out to see whether you are a friend or an enemy!!,186,0.3064516129032258,33,1.6094379124341003,0.49321484413303074,0.38766686748856216
Wasgamuwa National Park,Birds,13,0,22,35,neutral,0.765,"The trip was very interesting saw many herds of wild elephants, spotted deer and,jackals many peacocks and peafowls ,storks, serpent eagles, bee eaters",186,0.1881720430107527,40,1.4170660197866443,0.26665220802436856,0.20398893913864197
Wasgamuwa National Park,Wildlife,10,3,21,34,neutral,0.774,You could see animals closer to the nature than some of the other Parks as Wasgamuwa is not that crowded by visitors probably due to the distance from Colombo.,186,0.1827956989247312,54,1.1169614273363062,0.20417574478190545,0.15803202646119482
Wasgamuwa National Park,River,8,0,6,14,positive,0.789,"On a good day...you will see many elephants, on a bad day....nothing.....take your food....if the river is calm....have a bath....protect your food from monkeys.....",186,0.07526881720430108,33,1.6094379124341003,0.12114048803267422,0.09557984505777996
Wasgamuwa National Park,Leopards,3,0,5,8,neutral,0.773,"Sep to March， beacuse it's rainy season.You can see Sri Lankan elephant，Samber deer，spotted deer， barking deer，jackal ,Sri lankan leopard ， sloth bear and some mammals also lots of birds too.Basically leopard & sloth bear sightings are rare but if you have luck you can see them.Wasgamuwa is popular for elephants and you",186,0.043010752688172046,13,2.540996116439044,0.10929015554576534,0.0844812902368766
Wasgamuwa National Park,Forest,3,0,6,9,neutral,0.773,You should book the bungalows through Wild Life (-----) to stay in the Park as that is the best way as you could get out early to the forest to see animals.,186,0.04838709677419355,51,1.1741198411762548,0.0568122503794962,0.04391586954335056
Wasgamuwa National Park,Crowdedness,2,10,0,12,negative,0.877,You could see animals closer to the nature than some of the other Parks as Wasgamuwa is not that crowded by visitors probably due to the distance from Colombo.,186,0.06451612903225806,122,0.3019244291673241,0.019478995430149942,0.0170830789922415
Wasgamuwa National Park,Scenic view,6,0,4,10,positive,0.792,"Dambulla，Bakamuna， Hettipola & Handungamuwa or Kandy ，Mathale，Raththota,Laggala ,Hettipola & Hsndungamuwa.Kandy Mathale road is more scenic because you have to travel via reverston.It's nearly 250km from Colombo and takes 5-6 hrs.Best season for visit is Sep to March， beacuse it's rainy season.You can see Sri Lankan elephant，Samber",186,0.053763440860215055,128,0.25391520998096345,0.013651355375320615,0.010811873457253927
Wasgamuwa National Park,Peacefulness,7,0,0,7,positive,0.806,"On a three-hour safari we saw somewhere between 50 and 100 wild elephants in family groups, roaming free - yet the safari jeep drivers managed to get us up close to some of them, as long as we were quite quiet.",186,0.03763440860215054,129,0.24613306953890854,0.009263072509528816,0.0074660364426802255
Weherahena Buddhist Temple,Buddha statue,24,0,23,47,positive,0.805,This is a nice place with a huge Buddha statue in it....,228,0.20614035087719298,47,1.255797872190522,0.2588706140041866,0.20839084427337023
Weherahena Buddhist Temple,Paintings,18,0,12,30,positive,0.791,truly amazing place especially if you like to photograph ancient buddhist sculptures and incredibly old paintings of the,228,0.13157894736842105,29,1.7386496439141066,0.22876968998869823,0.18095682478106032
Weherahena Buddhist Temple,Temple,29,3,29,61,positive,0.781,locals were a bit aggressive in terms of soliciting money and donations; it seems a bit like a canival and not like a legitimate temple.,228,0.2675438596491228,76,0.7752121336142496,0.20740324627398782,0.16198193533998448
Weherahena Buddhist Temple,Sculptures,17,0,21,38,neutral,0.781,truly amazing place especially if you like to photograph ancient buddhist sculptures and incredibly old paintings of the,228,0.16666666666666666,55,1.0986122886681098,0.1831020481113516,0.1430026995749656
Weherahena Buddhist Temple,Murals,7,0,3,10,positive,0.818,They tell you the life of Buddha with beautiful murals.,228,0.043859649122807015,11,2.70805020110221,0.1187741316272899,0.09715723967112314
Weherahena Buddhist Temple,Stairs,3,0,2,5,positive,0.792,There are reasonable views from the top one you climb a few flights of stairs beside the Buddha.,228,0.021929824561403508,47,1.255797872190522,0.027539427021721973,0.021811226201203803
Weherahena Buddhist Temple,Public transport access,4,0,5,9,neutral,0.789,"We had a tuk tuk driver recommend the destination, and we drove in all the way from Galle, with a few touristy stops on the way.",228,0.039473684210526314,90,0.6061358035703155,0.02392641329882824,0.01887794009277548
Weherahena Buddhist Temple,Entrance fee,1,0,4,5,neutral,0.816,"Buddha statue is the primary attraction- probably the biggest I have seen.There is an underground temple with lots of paintings- Entry fee is LKR 250 per person- worth only if you have time and patience to view, understand and appreciate stories depicted via series of paintingsTHis temple is 5 kms from Matara city centre.",228,0.021929824561403508,87,0.6400373552459969,0.014035906913289405,0.011453300041244154
Weherahena Buddhist Temple,Peacefulness,12,0,0,12,positive,0.797,Nice pand peaceful,228,0.05263157894736842,129,0.24613306953890854,0.012954372080995185,0.010324634548553162
Weherahena Buddhist Temple,Scenic view,9,0,2,11,positive,0.798,There are reasonable views from the top one you climb a few flights of stairs beside the Buddha.,228,0.04824561403508772,128,0.25391520998096345,0.012250295218379816,0.009775735584267094
Weligama Beach,Beach,120,19,27,166,positive,0.815,Good beach area with plenty of space.,553,0.30018083182640143,64,0.9470623905409088,0.28428997618407026,0.23169633059001724
Weligama Beach,Sandy beach,19,5,14,38,positive,0.757,Beautiful sandy beach with plenty of activity,553,0.06871609403254973,15,2.3978952727983707,0.16477399704581933,0.12473391576368523
Weligama Beach,Food quality,14,2,4,20,positive,0.756,"A small amount of cafes operate in the evening on the beach for meals and drinks, which is a nice experience.",553,0.03616636528028933,16,2.3333567516607996,0.08438903260979384,0.06379810865300414
Weligama Beach,Restaurants,19,2,10,31,positive,0.8,"Took a day trip over from Mirissa, much calmer seas here, lots of surfers, had a great lunch at the catermaran truck restaurant parked on the seafront.",553,0.05605786618444846,49,1.214125175789954,0.0680612666356032,0.05444901330848256
Weligama Beach,Boat service,1,4,5,10,neutral,0.766,One end of the beach has pretty boats and emerald water - great photos.,553,0.018083182640144666,9,2.908720896564361,0.05259893122177869,0.04029078131588248
Weligama Beach,Water depth,5,1,4,10,positive,0.768,"Even if the beach was packed with surfers, it was shallow enough, so that we could let our eight-year-old jump around in the waves.",553,0.018083182640144666,13,2.540996116439044,0.04594929686146554,0.035289059989605534
Weligama Beach,Cafes,7,1,2,10,positive,0.772,Amazing beach great if you love to surf and plenty of people to teach you if you can’t but also great to just relax or swim lots or cafes to eat in aw well,553,0.018083182640144666,15,2.3978952727983707,0.04336157816995245,0.033475138347203295
Weligama Beach,Cleanliness,35,22,0,57,positive,0.876,Fairly clean.,553,0.10307414104882459,117,0.34377153910282454,0.03543395611005606,0.031040145552409106
Weligama Beach,Accommodation,15,5,16,36,neutral,0.783,Hotels are multiplying rapidly in this area and accommodation will not be difficult to find.,553,0.0650994575045208,90,0.6061358035703155,0.03945911198649432,0.030896484685425055
Weligama Beach,Sunset view,11,1,1,13,positive,0.854,And the sunsets were spectacular.,553,0.023508137432188065,44,1.3217558399823195,0.031072017938101545,0.026535503319138717
Weligama Beach,Safety,16,3,1,20,positive,0.787,"Beautiful, Clean and Safe.",553,0.03616636528028933,86,0.651598177647073,0.0235659377087549,0.01854639297679011
Weligama Beach,Strong current,5,0,1,6,positive,0.79,"This beach is a lively place and is good for sunbathing, surfing, walking and bathing - though we advise anyone to be careful of tides and currents.",553,0.0108499095840868,21,2.0614230361771577,0.022366253557075853,0.017669340310089925
Weligama Beach,Family friendliness,15,0,5,20,positive,0.787,Great beach for kids,553,0.03616636528028933,89,0.6173091041684409,0.02232582655220401,0.01757042549658456
Weligama Beach,Ticket price,7,3,9,19,neutral,0.777,Lots of restaurants and affordable price.,553,0.034358047016274866,94,0.5626506916305767,0.019331578916782926,0.015020636818340333
Weligama Beach,Crowdedness,4,24,1,29,negative,0.831,"Even if the beach was packed with surfers, it was shallow enough, so that we could let our eight-year-old jump around in the waves.",553,0.05244122965641953,122,0.3019244291673241,0.015833288328847013,0.013157462601271867
Weligama Beach,Noise level,0,5,0,5,negative,0.784,There is simply no escape from the noise as you can even hear the bass from multiple loudspeakers while you’re surfing.,553,0.009041591320072333,32,1.640209571100854,0.014830104621165045,0.011626802022993396
Weligama Beach,Weather condition,2,5,1,8,negative,0.762,"I spent here 10 days recently and now Im only thinking how to get back:) Im givin only 4/5 because sometimes the beach can be dirty after the rain or at ""non touristic"" areas.",553,0.014466546112115732,82,0.6992262266363275,0.010115388450435117,0.0077079259992315595
Weligama Beach,Peacefulness,20,0,0,20,positive,0.786,Less crowded peaceful beach.,553,0.03616636528028933,129,0.24613306953890854,0.008901738500503022,0.006996766461395376
Weligama Beach,Public transport access,4,2,2,8,positive,0.79,Pretty easy to get there by bus or tuk.,553,0.014466546112115732,90,0.6061358035703155,0.008768691552554293,0.006927266326517891
Weligama Beach,Scenic view,11,0,3,14,positive,0.811,Nice sunset ocean views,553,0.02531645569620253,128,0.25391520998096345,0.006428233164075024,0.005213297096064845
Weligama Beach,Value for money,4,4,0,8,positive,0.83,"While not a clear beach, the white water waves are nice and debris free.",553,0.014466546112115732,112,0.38744660260548613,0.0056050141425748445,0.004652161738337121
Weligama Beach,Service quality,3,0,2,5,positive,0.792,What’s amazing is that they are not paid for this service but genuinely do it out of pure love for the beach.,553,0.009041591320072333,88,0.6286086594223741,0.005683622598755643,0.00450142909821447
Wewurukannala Vihara,Buddha statue,31,2,33,66,neutral,0.799,"And of course a great view from top of Buddha statue, u can see so far.",409,0.16136919315403422,47,1.255797872190522,0.20264708939993753,0.1619150244305501
Wewurukannala Vihara,Elephants,15,8,30,53,neutral,0.774,Free the elephant,409,0.1295843520782396,33,1.6094379124341003,0.2085579690929274,0.1614238680779258
Wewurukannala Vihara,Temple,52,4,47,103,positive,0.783,"Also, since it's a working temple, try to be quiet and respectful of the locals who come here to pray.",409,0.25183374083129584,76,0.7752121336142496,0.1952245715458868,0.15286083952042936
Wewurukannala Vihara,Sculptures,25,1,27,53,neutral,0.779,"And of course a great view from top of Buddha statue, u can see so far.",409,0.1295843520782396,55,1.0986122886681098,0.14236296161224893,0.11090074709594192
Wewurukannala Vihara,Murals,9,0,9,18,positive,0.794,Great statue of sitting Lord Buddha and plenty of skillfully made statues and frescoes inside the temple building.,409,0.044009779951100246,11,2.70805020110221,0.11918069344704103,0.09462947059695058
Wewurukannala Vihara,Paintings,12,0,14,26,neutral,0.777,Surprisingly there's also a really old section of the monastery to the back with beautiful statues and paintings which are really well preserved and probably the best draw for the site.,409,0.06356968215158924,29,1.7386496439141066,0.11052540523659357,0.08587823986883321
Wewurukannala Vihara,Wildlife,4,3,20,27,neutral,0.76,I feel very sorry for the poor creature as it is always chained with just a small possibility of movement.,409,0.06601466992665037,54,1.1169614273363062,0.07373583994640652,0.05603923835926895
Wewurukannala Vihara,Entrance fee,2,0,12,14,neutral,0.794,"Although the temple is beautiful, and has a reasonably priced enterance fee, there is an elephant chained up standing on a concrete platform in its own feces being shouted out and whipped for something as little as trying to cool itself with mud.",409,0.034229828850855744,87,0.6400373552459969,0.02190836912822483,0.017395245087810516
Wewurukannala Vihara,Stairs,1,1,4,6,neutral,0.753,"The graphic depictions of the hell realms may be somewhat confronting but the saddest part of the visit is seeing the beautiful, sensitive temple elephant cruelly chained so that it cannot move, cannot even take one step!",409,0.014669926650366748,47,1.255797872190522,0.018422462672721594,0.013872114392559361
Wewurukannala Vihara,Family friendliness,4,0,5,9,neutral,0.758,"Its purpose if to create fear so I do not recommend to small children to visit with their parents.All in all, its a very interesting place to be and many things you can learn about Buddhism (specially in the ""Budhu Ge"").",409,0.022004889975550123,89,0.6173091041684409,0.013583818918131952,0.010296534739944019
Wewurukannala Vihara,Public transport access,2,1,4,7,neutral,0.789,This place is easy to get to by tuk-tuk either from Dickwella or Matara.,409,0.017114914425427872,90,0.6061358035703155,0.010373962408293908,0.008185056340143894
Wewurukannala Vihara,Service quality,3,2,0,5,positive,0.784,There are interpreters that are really helpful as nothing was in English.,409,0.012224938875305624,88,0.6286086594223741,0.007684702437926334,0.0060248067113342465
Wewurukannala Vihara,Value for money,7,0,0,7,positive,0.8,Some free time during my stay at Dikwella resort brought me to this ancient temple which had been built back in 1780's.,409,0.017114914425427872,112,0.38744660260548613,0.006631115448015655,0.005304892358412524
Wewurukannala Vihara,Scenic view,6,0,2,8,positive,0.772,"And of course a great view from top of Buddha statue, u can see so far.",409,0.019559902200488997,128,0.25391520998096345,0.004966556674444273,0.0038341817526709784
Wewurukannala Vihara,Peacefulness,7,0,0,7,positive,0.8,"Also, since it's a working temple, try to be quiet and respectful of the locals who come here to pray.",409,0.017114914425427872,129,0.24613306953890854,0.004212546422426308,0.0033700371379410464
Whale Watching in Mirissa,Whales,71,4,28,103,positive,0.799,"friendly crew, the captain knows a lot about whales (former fisherman).",274,0.3759124087591241,2,4.412798293340635,1.65882563581783,1.3254016830184463
Whale Watching in Mirissa,Dolphins,17,0,27,44,neutral,0.77,we saw the dolphin & whale.We highly recommend this company for your whale watching experience in Mirissa.cheers..,274,0.16058394160583941,2,4.412798293340635,0.7086245434561603,0.5456408984612434
Whale Watching in Mirissa,Food quality,12,0,1,13,positive,0.758,The facilities were great and the food was lovely - we didn't eat much as we fell foul of sea sickness but it looked yummy and plentiful!!,274,0.04744525547445255,16,2.3333567516607996,0.11070670719558538,0.08391568405425372
Whale Watching in Mirissa,Turtles,3,0,7,10,neutral,0.762,We were also lucky enough to see 2 large turtles frolicking in the sea which was incredible.,274,0.0364963503649635,16,2.3333567516607996,0.08515900553506567,0.06489116221772004
Whale Watching in Mirissa,Service quality,32,0,2,34,positive,0.824,I really love your service and it was amazing experience we ever had.,274,0.12408759124087591,88,0.6286086594223741,0.07800253438087854,0.06427408832984391
Whale Watching in Mirissa,Wildlife,11,0,7,18,positive,0.792,"The crew was dedicated to ensure we get to see whales and were just as excited as we were whenever there are sightings, also very happy to share their experiences and knowledge about the beautiful creatures.",274,0.06569343065693431,54,1.1169614273363062,0.07337702807318801,0.0581146062339649
Whale Watching in Mirissa,Ticket price,7,1,6,14,positive,0.796,"We did get a cup of tea straight away when we boarded which was very welcome, and the price included tuk tuk transfers to and from our accommodation.Other boats we passed did not look as comfy or as safe as ours hence why we would recommend Whale Warriors.",274,0.051094890510948905,94,0.5626506916305767,0.02874857548477399,0.022883866085880097
Whale Watching in Mirissa,Accommodation,6,0,4,10,positive,0.788,"We did get a cup of tea straight away when we boarded which was very welcome, and the price included tuk tuk transfers to and from our accommodation.Other boats we passed did not look as comfy or as safe as ours hence why we would recommend Whale Warriors.",274,0.0364963503649635,90,0.6061358035703155,0.022121744655850928,0.01743193478881053
Whale Watching in Mirissa,Beach,1,1,3,5,neutral,0.772,"An excellent tour operator, the owner of the business is an ex fisherman and has an in depth an intricate knowledge of the ocean surrounding Mirissa.Great value for money, they gave us plenty of time at sea and wouldn’t let us go back to shore without having seen both whales and dolphins!",274,0.01824817518248175,64,0.9470623905409088,0.01728216041133045,0.013341827837547109
Whale Watching in Mirissa,Family friendliness,3,0,3,6,positive,0.777,Crew of five one the boat meant free hands to help family with children (4 & 7) when moving around the rocking boat to see the whales.,274,0.021897810218978103,89,0.6173091041684409,0.013517717609527902,0.01050326658260318
Whale Watching in Mirissa,Public transport access,2,0,3,5,neutral,0.788,"We did get a cup of tea straight away when we boarded which was very welcome, and the price included tuk tuk transfers to and from our accommodation.Other boats we passed did not look as comfy or as safe as ours hence why we would recommend Whale Warriors.",274,0.01824817518248175,90,0.6061358035703155,0.011060872327925464,0.008715967394405265
Whale Watching in Mirissa,Cleanliness,6,1,0,7,positive,0.88,boat was comfortable with clean rest rooms and we were served excellent tea and fruits during the cruise.,274,0.025547445255474453,117,0.34377153910282454,0.008782484575619606,0.007728586426545253
Whale Watching in Mirissa,Crowdedness,1,3,1,5,negative,0.86,And not a crowded boat like I saw some others.,274,0.01824817518248175,122,0.3019244291673241,0.005509569875316133,0.004738230092771874
Wilpattu National Park,Leopards,107,18,229,354,neutral,0.77,"Famous for leopards, elephants, many bird species.......bungalows inside the park are in great demand.",1936,0.1828512396694215,13,2.540996116439044,0.46462428988606486,0.35776070321226994
Wilpattu National Park,Birds,101,17,178,296,neutral,0.763,"Famous for leopards, elephants, many bird species.......bungalows inside the park are in great demand.",1936,0.15289256198347106,40,1.4170660197866443,0.21665885426490014,0.1653107058041188
Wilpattu National Park,Wildlife,155,25,159,339,neutral,0.785,I think both the size of the park and the decline in animals over the years makes it very difficult to really spot any abundance.,1936,0.17510330578512398,54,1.1169614273363062,0.19558363836105777,0.15353315611343035
Wilpattu National Park,Elephants,52,12,176,240,neutral,0.762,"Famous for leopards, elephants, many bird species.......bungalows inside the park are in great demand.",1936,0.12396694214876033,33,1.6094379124341003,0.19951709658273972,0.15203202759604767
Wilpattu National Park,Forest,26,6,58,90,neutral,0.77,No dustbins in the jungle so please keep all the rubbish on board the jeep and throw it at the end of the tour.,1936,0.04648760330578512,51,1.1741198411762548,0.05458201741005316,0.04202815340574093
Wilpattu National Park,Local guide,42,8,48,98,neutral,0.76,Our guide - Dhanu - was extremely knowledgeable and the range of wildlife from the tiniest birds to huge elephants was amazing.,1936,0.0506198347107438,66,0.9162907318741551,0.0463824853944562,0.03525068889978671
Wilpattu National Park,Trail,15,7,28,50,neutral,0.762,Absolutely loved it and the views are stunning and our indebted thanks to Leopard Trails and Indika and his team who made it absolutely memorable.,1936,0.025826446280991736,39,1.4423838277709342,0.03725164844449727,0.02838575611470692
Wilpattu National Park,Toilets,4,6,16,26,neutral,0.771,Finally the toilets were filthy and could not be usedIts very expensive to get in.,1936,0.013429752066115703,37,1.4950275612563562,0.02007784947968247,0.015480021948835184
Wilpattu National Park,Ticket price,26,11,31,68,neutral,0.76,"Hopefully we bought some breakfast before, since there was no possibility to get some (the hotel, hievet, offered to prepare us breakfast for some phantasy price extra, which we did not do).The six hour half day trip was unfortunately very very boring.",1936,0.03512396694214876,94,0.5626506916305767,0.019762524292809513,0.01501951846253523
Wilpattu National Park,Weather condition,6,32,3,41,negative,0.771,"Visited the park in March which is the end of the rainy season, therefore the lakes were very full (we were actually driving through the edges of them).",1936,0.021177685950413222,82,0.6992262266363275,0.014807993435996604,0.011416962939153381
Wilpattu National Park,Crowdedness,29,35,1,65,negative,0.849,Great safari experience and not as crowded as e.g.,1936,0.033574380165289255,122,0.3019244291673241,0.010136925566051686,0.008606249805577882
Wilpattu National Park,Turtles,3,0,6,9,neutral,0.769,"Had an amazing safari around the park and saw lots of wildlife including - a bull elephant, baby leopard, sloth bear, turtle, monkeys, peacock and pea hens, spotted deer and samba deer, kingfishers, bee eaters, hawk eagles, serpent hawks and many other birds.",1936,0.0046487603305785125,16,2.3333567516607996,0.010847216304208263,0.008341509337936153
Wilpattu National Park,Scenic view,46,3,22,71,positive,0.812,Great Lakes and Landscapes,1936,0.03667355371900827,128,0.25391520998096345,0.009311973093310128,0.0075613221517678245
Wilpattu National Park,Noise level,0,11,0,11,negative,0.796,"but then it let out a loud roar which the kids thought was amazing.Although it was a long journey from/to our hotel (because of young kids),",1936,0.005681818181818182,32,1.640209571100854,0.009319372563073034,0.0074182205602061355
Wilpattu National Park,Beach,6,0,12,18,neutral,0.771,Nice area.beach is good but aloneness.,1936,0.009297520661157025,64,0.9470623905409088,0.008805332143458864,0.006788911082606784
Wilpattu National Park,Accommodation,7,3,17,27,neutral,0.773,"Hopefully we bought some breakfast before, since there was no possibility to get some (the hotel, hievet, offered to prepare us breakfast for some phantasy price extra, which we did not do).The six hour half day trip was unfortunately very very boring.",1936,0.013946280991735538,90,0.6061358035703155,0.008453340235743036,0.0065344320022293675
Wilpattu National Park,Entrance fee,5,8,8,21,negative,0.825,"Nothing will soften the blow for the entrance fees which are as steep as everywhere else in Sri Lanka.- Make sure you book a GUIDE, not just a DRIVER.",1936,0.01084710743801653,87,0.6400373552459969,0.006942553956697281,0.005727607014275256
Wilpattu National Park,Paintings,3,0,4,7,neutral,0.783,"crested serpent eagle, brahmy kite, wild ducks, beautiful lesser adjutant and the painted storks, forest wood owl, yellow wattled lapwing , sea eagle, Indian darters and many more spotted.",1936,0.003615702479338843,29,1.7386496439141066,0.006286439828201832,0.004922282385482035
Wilpattu National Park,Guided tours,6,0,1,7,positive,0.854,We occasionally passed or stopped near other tour groups but much of the time we were alone.The tour guides seemed to cooperate and notified each other if there was something worth viewing in a specific area.,1936,0.003615702479338843,36,1.5224265354444706,0.0055046413988178175,0.004700963754590416
Wilpattu National Park,Service quality,11,1,4,16,positive,0.798,"Lankan geography, and also various animals in their natural habitat (rather than zoos or such like).After taking the advice of a very helpful lady at our hotel (Menuka at Jetwing Blue), I booked this trip which included transfer from/to the hotel, a naturist guide (also provided by the hotel) and the jeep safari at the park.",1936,0.008264462809917356,88,0.6286086594223741,0.005195112887788216,0.004145700084454996
Wilpattu National Park,Safety,6,8,0,14,negative,0.826,Not for a minute was I under the impression that it would've been risky to leave the Jeep and have a stroll around.,1936,0.007231404958677686,86,0.651598177647073,0.0047119702929023875,0.003892087461937372
Wilpattu National Park,Value for money,7,14,0,21,negative,0.851,"Carry some water bottles ,caps and shades coz the climate is hot.Do not carry any plastic/ polythene coz its plastic free /restricted zone and pls carry everything back what you carry in.",1936,0.01084710743801653,112,0.38744660260548613,0.004202674924956203,0.0035764763611377285
Wilpattu National Park,Sunset view,4,1,0,5,positive,0.856,Various kind of birds a a common sight and ponds are full of lotus and other water flowers.Very nice scenarios with the sunset and within 2 hours I reach to the other end of the Park.( Start from Puttlam end and reach to Elluwankulam end.) Due to the darkness came out early and advised to reach the park much as early.,1936,0.0025826446280991736,44,1.3217558399823195,0.003413625619789048,0.0029220635305394252
Wilpattu National Park,Peacefulness,27,0,0,27,positive,0.824,Peaceful place to watching Wild animals and amazing trip to Thambapani.,1936,0.013946280991735538,129,0.24613306953890854,0.0034326409491480013,0.002828496142097953
Wilpattu National Park,Cleanliness,7,8,0,15,negative,0.867,"However, the park itself looks like it is well maintained and the Sri Lankans are trying to promote awareness of the need for animal habitat.",1936,0.007747933884297521,117,0.34377153910282454,0.0026635191562718844,0.002309271108487724
Wolvendaal Church,Church,57,4,38,99,positive,0.787,Great curator takes you through the history of this church and the flagstones detailing the deaths of its early churchgoers.,185,0.5351351351351351,9,2.908720896564361,1.5565587500533609,1.225011736291995
Wolvendaal Church,Colonial architecture,11,2,15,28,neutral,0.776,A peaceful piece of Colonial history,185,0.15135135135135136,24,1.927891643552635,0.2917890055106691,0.22642826827627924
Wolvendaal Church,Heritage site,1,0,8,9,neutral,0.751,You can see on the graves if they died of infectious desease (so the graves should not be opened).A great experience and connection to the dutch heritage.,185,0.04864864864864865,30,1.7047480922384253,0.08293369097376123,0.06228320192129468
Wolvendaal Church,Market,3,1,2,6,positive,0.78,We went with Colombo City Walks and it just seemed like the perfect place to relax and take in some history after the Pettah Market.It reminds you that this island has had no shortage of landlords per se and it is nice to find something so well preserved from so long ago.,185,0.032432432432432434,16,2.3333567516607996,0.07567643518899891,0.059027619447419154
Wolvendaal Church,Local guide,6,1,6,13,positive,0.762,Nice explanation of the graveyard stones by the local guide.,185,0.07027027027027027,66,0.9162907318741551,0.06438799737494064,0.04906365399970477
Wolvendaal Church,Service quality,8,0,6,14,positive,0.777,I took many pictures and the brother present at the time was very helpful with the lighting.,185,0.07567567567567568,88,0.6286086594223741,0.04757038503736885,0.0369621891740356
Wolvendaal Church,Public transport access,3,1,3,7,positive,0.797,It's not that easy to find unless your Tuk Tuk driver drives you (or you've got a really good map of the area).,185,0.03783783783783784,90,0.6061358035703155,0.022934868243201127,0.0182790899898313
Wolvendaal Church,Crowdedness,0,9,0,9,negative,0.773,We took lots of pictures inside and out as it is a true oasis of calm and historical importance in this overly busy city.,185,0.04864864864864865,122,0.3019244291673241,0.014688215473004957,0.011353990560632833
Yala National Park,Leopards,15,5,32,52,neutral,0.77,"yala national park was good .we saw the leopard ,,elephants,crocodiles,many kind of birdsand ect..",300,0.17333333333333334,13,2.540996116439044,0.4404393268494343,0.33913828167406446
Yala National Park,Elephants,15,3,26,44,neutral,0.774,"Yala National Park is a great place to visit, although familiar with a few of the more common animals there which we saw such as the elephants, peafowl, water buffalo, spotted deer, crocodiles, it was the first time seeing some of these creatures in life and not on a documentary.",300,0.14666666666666667,33,1.6094379124341003,0.23605089382366803,0.18270339181951906
Yala National Park,Wildlife,25,6,27,58,neutral,0.782,"Long day ,rough roads and far to many vehicles,some animals are scared of vehicles so unless your at front you miss quite a lotFull day you stop for dinner and toilet its absoluetly appalling,make sure you take toilet roll and preferably a bush",300,0.19333333333333333,54,1.1169614273363062,0.21594587595168585,0.16886967499421834
Yala National Park,Birds,13,2,29,44,neutral,0.761,An early start and a full day gives you the best chance to see everything and our guide from Kingfisher Beach Resort took us off the well trodden roads and we managed to see 2 leopards.,300,0.14666666666666667,40,1.4170660197866443,0.20783634956870783,0.15816346202178666
Yala National Park,Trail,3,1,5,9,neutral,0.78,"opening gate at 6, to avoid a long queue of jeeps from 300 to 400 arriving like a flooded river, to be tossed for three hours in the paths of the park, breathing exhaust gas and dust, as all these jeeps cross each other several times, to see what....",300,0.03,39,1.4423838277709342,0.04327151483312802,0.03375178156983986
Yala National Park,Noise level,0,6,0,6,negative,0.787,"But again, very noisy R*****n tourists actually shouted at them and scared them off.Perhaps some rules should be spoken through, advising folk how to behave.",300,0.02,32,1.640209571100854,0.03280419142201708,0.02581689864912744
Yala National Park,Forest,3,0,5,8,neutral,0.777,"The park is beautiful, it is not a jungle, and the beach surprises; if you are in the area it is worth it, but take a trip to this destination, in my opinion, no.",300,0.02666666666666667,51,1.1741198411762548,0.0313098624313668,0.024327763109172004
Yala National Park,Toilets,0,1,5,6,neutral,0.75,"to many vehicles,some animals are scared of vehicles so unless your at front you miss quite a lotFull day you stop for dinner and toilet its absoluetly appalling,make sure you take toilet roll and preferably a bush or tree.....there is lots of money being made from tourists there and some should be put back into that area",300,0.02,37,1.4950275612563562,0.029900551225127123,0.022425413418845342
Yala National Park,Beach,4,0,5,9,neutral,0.776,"With a lot of nature, we were able to see some animals, understanding that not many, since it does not depend on us and in the end we arrived at the beach, very beautiful",300,0.03,64,0.9470623905409088,0.028411871716227263,0.022047612451792358
Yala National Park,Accommodation,2,2,7,11,neutral,0.765,It was very easy to arrange and the driver even picked us up from our hotel which was further out (slightly more but it would have cost.mpre to catch an uber to the park).,300,0.03666666666666667,90,0.6061358035703155,0.022224979464244902,0.01700210929014735
Yala National Park,Ticket price,2,2,7,11,neutral,0.755,It was very easy to arrange and the driver even picked us up from our hotel which was further out (slightly more but it would have cost.mpre to catch an uber to the park).,300,0.03666666666666667,94,0.5626506916305767,0.02063052535978781,0.015576046646639797
Yala National Park,Crowdedness,3,12,3,18,negative,0.834,You feel like you're on safari in a crowded theme park instead of in a wild nature reserve.,300,0.06,122,0.3019244291673241,0.018115465750039444,0.015108298435532895
Yala National Park,Safety,2,4,0,6,negative,0.827,The water is very dangerous at that time of day.,300,0.02,86,0.651598177647073,0.013031963552941459,0.010777433858282585
Yala National Park,Family friendliness,4,0,2,6,positive,0.793,"even pretend to get our hopes up, just promised to do his best to find us some animals...Within 1 hour 30 minutes we saw multiple families of elephants, got a few feet from a massive bull elephant, had two separate leopard sightings (one 18 yards from the jeep), and saw the most rare creatures in the park - a sloth bear",300,0.02,89,0.6173091041684409,0.012346182083368818,0.009790522392111473
Yala National Park,Value for money,1,4,0,5,negative,0.856,"the value for money is not equivalent,",300,0.016666666666666666,112,0.38744660260548613,0.006457443376758102,0.005527571530504935
Yala National Park,Scenic view,5,0,2,7,positive,0.82,"beautiful scenery and lots of birds.Where it spoils is at the level of the visit itself.You get in a 4x4 equipped for safaris but you only follow a single track,",300,0.023333333333333334,128,0.25391520998096345,0.005924688232889147,0.0048582443509691
Yapahuwa Rock Fortress,Fortress,20,1,17,38,positive,0.785,Being one of the ancient capitals of Sri Lanka there is so much history and interesting influences from many part of the world when building this fortress.,248,0.1532258064516129,9,2.908720896564361,0.4456911051187328,0.3498675175182052
Yapahuwa Rock Fortress,Stairs,16,11,19,46,neutral,0.789,"At least one person dies from falling down the stairs each year, so take great care when descending.",248,0.18548387096774194,47,1.255797872190522,0.23293025048695168,0.18378196763420487
Yapahuwa Rock Fortress,Ancient ruins,10,1,15,26,neutral,0.784,Amazing ancient fortess with beautiful staircase leading to the palace in ruins.,248,0.10483870967741936,23,1.9704512579714308,0.2065795673679726,0.16195838081649053
Yapahuwa Rock Fortress,Sculptures,11,0,8,19,positive,0.787,"governance and the shrine of the sacred tooth relic of Buddha in the 13th century.The place is best known for its number of rock carvings, the most notable being a chinese styled lion carved out of solid rock.",248,0.07661290322580645,55,1.0986122886681098,0.08416787695441164,0.06624011916312196
Yapahuwa Rock Fortress,Museum,2,0,8,10,neutral,0.752,The stone staircase is impressive and visiting the museum is worthwhile.,248,0.04032258064516129,36,1.5224265354444706,0.06138816675179317,0.04616390139734847
Yapahuwa Rock Fortress,Stupa,3,0,5,8,neutral,0.768,Make sure to check out the amazing view and the stupa at the top.,248,0.03225806451612903,29,1.7386496439141066,0.05608547238432602,0.04307364279116238
Yapahuwa Rock Fortress,Temple,8,0,9,17,neutral,0.773,I found the rock paintings in the temple at the foot of the rock to be impressive as well.,248,0.06854838709677419,76,0.7752121336142496,0.053139541417105814,0.04107686551542279
Yapahuwa Rock Fortress,Scenic view,39,0,11,50,positive,0.793,"Excellent for bird watching especially in the morning, there is a pair of resident Shaheen Falcons that give great views.",248,0.20161290322580644,128,0.25391520998096345,0.05119258265745231,0.04059571804735968
Yapahuwa Rock Fortress,Weather condition,3,11,0,14,negative,0.754,Notice the techniques used by them to prevent water coming in during the rainy season,248,0.056451612903225805,82,0.6992262266363275,0.039472448277857196,0.029762226001504327
Yapahuwa Rock Fortress,Ticket price,1,1,3,5,neutral,0.79,Great venue - shame about the price.,248,0.020161290322580645,94,0.5626506916305767,0.011343763944164852,0.008961573515890234
Yapahuwa Rock Fortress,Crowdedness,2,6,0,8,negative,0.875,Not as crowded as some of the other religious sites we visited.,248,0.03225806451612903,122,0.3019244291673241,0.009739497715074971,0.0085220605006906
Yapahuwa Rock Fortress,Peacefulness,7,0,0,7,positive,0.829,Such a tranquil area.,248,0.028225806451612902,129,0.24613306953890854,0.006947304382146612,0.005759315332799541
