place_name,feature,positive_count,negative_count,neutral_count,total_mentions,dominant_sentiment,average_confidence,sample_evidence,place_total_mentions,TF,doc_freq,IDF,TF_IDF,defining_score
Aberdeen Falls,Waterfall,18,2,6,26,positive,0.803,It is well worth the trip to this awesome waterfall.,54,0.48148148148148145,24,1.927891643552635,0.9282441246734908,0.7453800321128132
Aberdeen Falls,Leeches,0,5,0,5,negative,0.8,"jungle on a uneven path that became smaller and smaller.We saw butterflies and reptiles, but als discovered the path was full of leeches, and we were dresses in shorts with slippers...Two of us returned halfway to the car, the rest made it to the falls: what a majestic waterfall, what a noise!",54,0.09259259259259259,8,3.0265039322207445,0.28023184557599484,0.2241854764607959
Aberdeen Falls,Rock formation,1,2,4,7,neutral,0.766,"We changed into swimminggear just on the rocks besides the fall, because nobody was there and carefully we stepped into the water...There are warnings not to swim because of the heavy currents: that is no understatement, but proved no to be a problem for us as good swimmers.",54,0.12962962962962962,20,2.1102132003465894,0.2735461556004838,0.20953635518997057
Aberdeen Falls,River,2,0,3,5,neutral,0.78,It's an impressive 98m fall that joins Kehelgamuwa river and Maskeli river and also known as the most beautiful location of the Kehelgamuwa river.,54,0.09259259259259259,33,1.6094379124341003,0.14902202892908334,0.116237182564685
Aberdeen Falls,Stairs,1,1,3,5,neutral,0.764,There are steps and few leeches.,54,0.09259259259259259,47,1.255797872190522,0.11627758075838167,0.0888360716994036
Abhayagiri Dagaba,Stupa,33,5,54,92,neutral,0.772,The Abhayagiri Dagoba will be spectacular once its sheds its bamboo skirt.,264,0.3484848484848485,29,1.7386496439141066,0.6058930577276432,0.4677494405657406
Abhayagiri Dagaba,Ancient ruins,8,1,10,19,neutral,0.777,Moonstones and extensive monastery ruins are the best,264,0.07196969696969698,23,1.9704512579714308,0.14181277992976207,0.11018853000542514
Abhayagiri Dagaba,Buddha statue,10,2,7,19,positive,0.809,"sculpture, world famous ""Isurumuni lovers"" in Isurumuniya viharaya, the sacred bo tree , the world famous""samadhi pilimaya"" of lord Buddha which depicts the great talents of ancient sculpture etc.",264,0.07196969696969698,47,1.255797872190522,0.09037939231674212,0.07311692838424438
Abhayagiri Dagaba,Temple,8,2,17,27,neutral,0.768,"and monuments of ancient ruins such as great dagabas, temples with great sculpture, world famous ""Isurumuni lovers"" in Isurumuniya viharaya, the sacred bo tree , the world famous""samadhi pilimaya"" of lord Buddha which depicts the great talents of ancient sculpture etc.",264,0.10227272727272728,76,0.7752121336142496,0.07928305911963916,0.06088938940388288
Abhayagiri Dagaba,Heritage site,4,0,7,11,neutral,0.784,"At the Dagoba a big Buddha footprint is on the north side, this site has a feeling of strength and bas reliefs and inside the inside section many beautiful Buddhas to look at we always have small compass attached to our day pack and you find this a handy item when touring all historical sites.",264,0.041666666666666664,30,1.7047480922384253,0.07103117050993438,0.05568843767978855
Ambewela Farms,Wildlife,31,10,32,73,neutral,0.786,"Recommend to any one who loves the nature and animals!,",561,0.13012477718360071,54,1.1169614273363062,0.14534435685481348,0.11424066448788339
Ambewela Farms,Mountain,21,1,12,34,positive,0.778,They drive is very beautiful and picturesque - with hills covered in mist and dotted with cattle grazing around.,561,0.06060606060606061,24,1.927891643552635,0.11684191779106878,0.09090301204145151
Ambewela Farms,Family friendliness,51,5,26,82,positive,0.752,"Cool climes, Pastures more than green, Great place for kids and people who love to see the dairy industry indights to give it a go, dont miss to enjoy a hot glass of milk or munch a cube of fresh chesse",561,0.14616755793226383,89,0.6173091041684409,0.09023056424565447,0.06785338431273216
Ambewela Farms,Food quality,16,0,3,19,positive,0.78,"Have good food, but the star attraction on food department is the Fresh Milk.",561,0.0338680926916221,16,2.3333567516607996,0.07902634274787021,0.061640547343338764
Ambewela Farms,Restaurants,11,3,14,28,neutral,0.774,The cheese factory was closed when we went and the restaurant's idea of milk shake was a scoop of ice cream in a glass of milk.,561,0.049910873440285206,49,1.214125175789954,0.06059804798951642,0.04690288914388571
Ambuluwawa Tower,Mountain,17,2,7,26,positive,0.787,"ongoing mist.It has several viewing platforms for to enjoy the stunning views.When we climb to the top of this tower,we can see Adam's peak,Knuckles range,Bagathale rock,Piduruthalagala mountain.This is an awesome experience I had ever experienced.",256,0.1015625,24,1.927891643552635,0.19580149504831448,0.1540957766030235
Ambuluwawa Tower,Stairs,6,4,23,33,neutral,0.761,"diversity complex as well as the first multi religious shrine in sri lanka.We can see a temple,kovil,mosque and a church.As we ascend the stairs,the width of the stairs decreases and it takes on a spiral shape.Reaching the top of Ambuluwawa we can experience the most amazing views which could sometimes be covered by the ongoing",256,0.12890625,47,1.255797872190522,0.16188019446205948,0.12319082798562726
Ambuluwawa Tower,Mosque,2,0,4,6,neutral,0.767,"Gampola Town Sri Lanka.It is a bio diversity complex as well as the first multi religious shrine in sri lanka.We can see a temple,kovil,mosque and a church.As we ascend the stairs,the width of the stairs decreases and it takes on a spiral shape.Reaching the top of Ambuluwawa we can experience the most amazing views which could",256,0.0234375,5,3.4965075614664802,0.08194939597187063,0.06285518671042478
Ambuluwawa Tower,Scenic view,59,8,8,75,positive,0.821,"the view from up there is stunning.accessing the tower itself is free, getting there we had to hire this tiny care that resembled a golf car.",256,0.29296875,128,0.25391520998096345,0.07438922167411038,0.06107355099444462
Ambuluwawa Tower,Church,2,0,5,7,neutral,0.763,"Lanka.It is a bio diversity complex as well as the first multi religious shrine in sri lanka.We can see a temple,kovil,mosque and a church.As we ascend the stairs,the width of the stairs decreases and it takes on a spiral shape.Reaching the top of Ambuluwawa we can experience the most amazing views which could sometimes",256,0.02734375,9,2.908720896564361,0.07953533701543175,0.06068546214277443
Ancient City of Polonnaruwa,Ancient ruins,153,6,110,269,positive,0.789,well maintained ruins,1577,0.17057704502219403,23,1.9704512579714308,0.33611375294503165,0.26519375107362997
Ancient City of Polonnaruwa,Museum,53,14,74,141,neutral,0.778,I highly recommend visiting the museum to gain a little knowledge before browsing the ruins.,1577,0.08941027266962587,36,1.5224265354444706,0.13612057165356395,0.10590180474647276
Ancient City of Polonnaruwa,Local guide,90,10,81,181,positive,0.762,a guide would be nice to unstandardised intricacies.,1577,0.11477488902980343,66,0.9162907318741551,0.10516716706989351,0.08013738130725886
Ancient City of Polonnaruwa,Heritage site,30,1,49,80,neutral,0.802,History and Heritage at its Best!,1577,0.05072923272035511,30,1.7047480922384253,0.08648056270074447,0.06935741128599707
Ancient City of Polonnaruwa,Temple,57,11,73,141,neutral,0.778,"Additionally, as you will be in and out of Buddhist temples, I'd suggest wearing socks, as the stones get very, very hot.",1577,0.08941027266962587,76,0.7752121336142496,0.0693119282432525,0.053924680173250444
Angurukaramulla Temple,Temple,101,4,45,150,positive,0.8,Nice temple!,490,0.30612244897959184,76,0.7752121336142496,0.23730983682068865,0.18984786945655094
Angurukaramulla Temple,Paintings,21,0,19,40,positive,0.782,Had an interesting 'tour' explaining Buddhism and the Buddhist paintings and statues.,490,0.08163265306122448,29,1.7386496439141066,0.14193058317666174,0.11098971604414948
Angurukaramulla Temple,Sculptures,40,0,20,60,positive,0.793,"We were told that this was the oldest temple in Negombo, and it was under restoration at the time we visited - there were loads of impressive statues and artworks in there , but many in a state of disrepair.",490,0.12244897959183673,55,1.0986122886681098,0.1345239537144624,0.10667749529556869
Angurukaramulla Temple,Buddha statue,26,0,23,49,positive,0.796,"Really loved this temple, the giant Buddha statue outside is lovely in itself but inside the other Buddhas and statues are really fabulous, as are the paintings and the ceilings, all really impressive.",490,0.1,47,1.255797872190522,0.12557978721905222,0.09996151062636557
Angurukaramulla Temple,Murals,8,0,7,15,positive,0.796,"They are renovating them all and there are statues and wall paintings.The main temple is also interesting with a lot of the many stories of Buddha's lives, it also has a very large reclining Buddha.There is also a building from 1941 that is fascinating",490,0.030612244897959183,11,2.70805020110221,0.08289949595210847,0.06598799877787834
Arugam Bay,Beach,152,19,63,234,positive,0.804,"It is a working fishing beach which sounds quite cool but the reality is working beaches are not clean and fishermen are not wealthy so there is never any sensation of being in a desert island paradise,",1030,0.22718446601941747,64,0.9470623905409088,0.21515786348210936,0.17298692223961593
Arugam Bay,Restaurants,43,12,33,88,positive,0.796,"It is a bit more expensive than other hotels ($42 night for my room) but it is spotlessly clean, has AC, and the staff is very helpful.The Thai restaurant in town is great and so was the Green Room for Sri Lankan curries.Take a tuk-tuk out of town to surf some less crowded waves or get up very early.",1030,0.0854368932038835,49,1.214125175789954,0.10373108298011258,0.08256994205216961
Arugam Bay,Sandy beach,18,2,10,30,positive,0.759,"Great beach for surfing with a giant sand bar separating the surfing beach and mainland, giving a great swimming area for children inbetween.",1030,0.02912621359223301,15,2.3978952727983707,0.0698416098873312,0.053009781904484375
Arugam Bay,Accommodation,42,9,36,87,positive,0.789,nice.Beautiful drive from colombo and many road work is going on.Still the town is very slow in the night and not many people around.Hotel Tri Start was a bad experiance and the food was so bad we couldnt even eat.Prices also high they charge 5000 half board for rice & curry.Pool was green in colour.Place must see but choose,1030,0.08446601941747572,90,0.6061358035703155,0.05119787855399752,0.04039512617910404
Arugam Bay,Boat service,9,0,9,18,positive,0.77,"The bay itself is beautiful, especially at sunset (and doubly so at the onset of a warm storm) and sunrise when all the fishing boats come in.",1030,0.017475728155339806,9,2.908720896564361,0.05083201566811505,0.03914065206444859
Bahiravokanda Vihara Buddha Statue,Buddha statue,132,10,112,254,positive,0.803,Couldn't get spare time to visit the place actually but had a nice view of Buddha watching the city from Kandy view point,1630,0.1558282208588957,47,1.255797872190522,0.19568874818183593,0.15713806479001427
Bahiravokanda Vihara Buddha Statue,Sculptures,154,12,86,252,positive,0.796,"Incredible view of Kandy during sunset, very neat statue",1630,0.15460122699386503,55,1.0986122886681098,0.16984680781862802,0.13519805902362791
Bahiravokanda Vihara Buddha Statue,Temple,88,7,66,161,positive,0.791,But we walked all the way up so went in (at night) and to be fair the view of Kandy where good but the temple itself wasn't that impressive!,1630,0.09877300613496932,76,0.7752121336142496,0.07657003282938293,0.060566895968041906
Bahiravokanda Vihara Buddha Statue,Stairs,29,16,43,88,neutral,0.779,Unfortunately the stairs all the way to the top weren't open but got some great views of Kandy all the same.,1630,0.053987730061349694,47,1.255797872190522,0.06779767653543924,0.05281439002110717
Bahiravokanda Vihara Buddha Statue,Scenic view,316,5,51,372,positive,0.802,Couldn't get spare time to visit the place actually but had a nice view of Buddha watching the city from Kandy view point,1630,0.2282208588957055,128,0.25391520998096345,0.0579487473085389,0.0464748953414482
Baker's Falls,Waterfall,69,2,32,103,positive,0.798,Keep your hands free to help you grip the branches as you climb up and down to get to the falls.,205,0.5024390243902439,24,1.927891643552635,0.9686479965166898,0.7729811012203185
Baker's Falls,Trail,13,3,17,33,neutral,0.755,The waterfalls are very nice...the climb down to see them requires a somewhat challenging climb up to return to the trail!,205,0.16097560975609757,39,1.4423838277709342,0.23218861617776015,0.17530240521420892
Baker's Falls,Stairs,7,4,6,17,positive,0.786,The falls are worth visiting along the Trek in the Horton National Park But they clerly need to make a better access as the stairs leading down to the falls are so big even for a tall person like me specially when they charge you so much for the entrace fees,205,0.08292682926829269,47,1.255797872190522,0.10413933574262867,0.08185351789370614
Baker's Falls,Mountain,2,0,3,5,neutral,0.756,"Located in Horton's Plains National Park as part of the 9.5km trek that also takes in World's End, Baker's falls offers a contrast in scenery after walking across the drier plains section, where we spotted some sambal deer and lovely mountain scenery.",205,0.024390243902439025,24,1.927891643552635,0.04702174740372281,0.03554844103721444
Baker's Falls,Weather condition,3,10,0,13,negative,0.785,"The road leading to the fall is of a damp road specially if your’ going on a rainy day(which we went), and it best advice to go thier in the morning or afternoon and not in the evening , cause when you return from their if it’s dark you’ll have a difficult time getting",205,0.06341463414634146,82,0.6992262266363275,0.04434117534766955,0.034807822647920594
Bambarakanda Falls,Waterfall,47,3,38,88,positive,0.786,"i visited this place last year you can get a great view once you go near to the waterfall ,also if you go prepared you can have a cool bath in the base pool.",245,0.35918367346938773,24,1.927891643552635,0.6924672025821709,0.5442792212295863
Bambarakanda Falls,Forest,8,1,9,18,neutral,0.777,Easy one through a lovely Pine forest.,245,0.07346938775510205,51,1.1741198411762548,0.0862618658823371,0.06702546979057593
Bambarakanda Falls,Stairs,3,1,10,14,neutral,0.76,Because of the steps put in place it's not difficult terrain.,245,0.05714285714285714,47,1.255797872190522,0.07175987841088698,0.054537507592274104
Bambarakanda Falls,Toilets,3,0,6,9,neutral,0.773,On the way 2 clean public toilets are available.,245,0.036734693877551024,37,1.4950275612563562,0.05491937980125391,0.04245268058636927
Bambarakanda Falls,Ticket price,8,2,12,22,neutral,0.782,There is a ticket issuing counter at the entrance of the waterfall and nice foot pathway has been made to the base pool of the waterfall.,245,0.08979591836734693,94,0.5626506916305767,0.050523735574990555,0.039509561219642615
Batticaloa Fort,Lagoon,13,0,6,19,positive,0.792,there are apparently to convert it to tourism given that Sri Lanka has enjoyed peace since 2009.The outer wall has a lovely section fronting the lagoon that would look great if incorporated into an exclusive hotel.The soldiers gave our Australian group permission to enter.,154,0.12337662337662338,11,2.70805020110221,0.33411008974637657,0.26461519107913023
Batticaloa Fort,Local guide,14,0,16,30,neutral,0.753,Ignatius really good tour guide.,154,0.19480519480519481,66,0.9162907318741551,0.17849819452093932,0.1344091404742673
Batticaloa Fort,Guided tours,6,0,5,11,positive,0.824,Ignatius really good tour guide.,154,0.07142857142857142,36,1.5224265354444706,0.1087447525317479,0.08960567608616025
Batticaloa Fort,Colonial architecture,2,0,6,8,neutral,0.755,We visited Batticaloa fort during our tour.It was a very colonial semi-mega structure which attracted our minds.Tour guide Mr Ghanaseelan was very enthusiastic and helpful.It is one of hallmark in Batticaloa and your time is not wasted if you are interested about how the history evolves.Ranga - From Australia,154,0.05194805194805195,24,1.927891643552635,0.10015021524948754,0.07561341251336309
Batticaloa Fort,Bridge,3,0,4,7,neutral,0.766,"Once you climbed, you can go all around and there are few places with nice view or lagoon and kalladhy bridge.",154,0.045454545454545456,20,2.1102132003465894,0.09591878183393589,0.07347378688479489
Beddegana Wetland Park,Trail,6,0,5,11,positive,0.765,"see.You have to park your vehicle bit far and have to walk 150m to enter the park.Local entrance is Rs 100 per one.There are wooden trails to walk on.One goes through inside the bit forest and can reach to Diyawanna lake.You can enjoy sunset,lake,huge building tops and also take photographs of bats flying.When you finished",43,0.2558139534883721,39,1.4423838277709342,0.3689819094297739,0.282271160713777
Beddegana Wetland Park,Peacefulness,17,0,0,17,positive,0.786,Unbelievably Peaceful and Beautiful.,43,0.3953488372093023,129,0.24613306953890854,0.09730842284096383,0.07648442035299757
Beddegana Wetland Park,Service quality,4,0,1,5,positive,0.788,There are helpful boards at intervals with pictures and names of the fauna you might spot.,43,0.11627906976744186,88,0.6286086594223741,0.07309403016539233,0.05759809577032916
Beddegana Wetland Park,Cleanliness,4,1,0,5,positive,0.864,It's very well maintained and there were ample places to keep you interested (if you're really into nature).,43,0.11627906976744186,117,0.34377153910282454,0.0399734347793982,0.03453704764940004
Beddegana Wetland Park,Scenic view,3,0,2,5,positive,0.764,This park is absolutely peaceful and has amazing trails with magnificent views.,43,0.11627906976744186,128,0.25391520998096345,0.0295250244163911,0.0225571186541228
Bentota Beach,Beach,455,21,83,559,positive,0.819,"Lovely long beach, nice sand, not crowded just be careful of the undertow in the water.",2373,0.23556679308891698,64,0.9470623905409088,0.22309645019484534,0.1827159927095783
Bentota Beach,Sea,99,21,56,176,positive,0.752,"Soft sand almost like powder with the waves creating lots of fun in the sea , bentota beach is a hidden gem and only a short walk from where we stayed (aayu’s guest house and very quiet not your usual crowds , early December for a bit of quiet paradise , jan : feb for a busier time :::::perfect :::::",2373,0.0741677201854193,7,3.1600353248452673,0.23437261574916435,0.1762482070433716
Bentota Beach,Sandy beach,134,7,48,189,positive,0.771,"Lovely long beach, nice sand, not crowded just be careful of the undertow in the water.",2373,0.07964601769911504,15,2.3978952727983707,0.19098280933792333,0.14724774599953888
Bentota Beach,Waves,69,14,60,143,positive,0.769,"Soft sand almost like powder with the waves creating lots of fun in the sea , bentota beach is a hidden gem and only a short walk from where we stayed (aayu’s guest house and very quiet not your usual crowds , early December for a bit of quiet paradise , jan : feb for a busier time :::::perfect :::::",2373,0.06026127265065318,20,2.1102132003465894,0.12716413301709326,0.09778921829014471
Bentota Beach,Sunset view,54,0,24,78,positive,0.848,We really enjoyed the sunset on the beach.,2373,0.03286978508217446,44,1.3217558399823195,0.043445830391327815,0.03684206417184599
Bogoda Wooden Bridge,Bridge,12,2,23,37,neutral,0.771,The bridge looks great when the stream beneath it is brim with water flowing fast and furious!,88,0.42045454545454547,20,2.1102132003465894,0.887248731963907,0.6840687723441723
Bogoda Wooden Bridge,Cave temple,1,0,6,7,neutral,0.794,"Amazing wooden bridge and cave temple, which were well worth the long scooter ride to get there.",88,0.07954545454545454,8,3.0265039322207445,0.24074463097210466,0.1911512369918511
Bogoda Wooden Bridge,Temple,11,1,14,26,neutral,0.772,Well worth exploring the Bogod temple just beside the bridge and it is older than the bridge dating back to 1 st century BC.,88,0.29545454545454547,76,0.7752121336142496,0.22903994856784649,0.1768188402943775
Bogoda Wooden Bridge,River,4,0,3,7,positive,0.786,Had some very nice scenary along on both sides of the river.,88,0.07954545454545454,33,1.6094379124341003,0.12802347030725797,0.10062644766150476
Bogoda Wooden Bridge,Stairs,1,0,4,5,neutral,0.752,We should walk about 50 steps to reach the bogoda temple.you can even spend the night in the vishrama hall (a place you can rest with all the needed facilities)the bogoda temple is a very ancient temple build by king,88,0.056818181818181816,47,1.255797872190522,0.07135215182900694,0.053656818175413214
Bopath Ella (Bopath Falls),Waterfall,15,3,9,27,positive,0.796,great falls,86,0.313953488372093,24,1.927891643552635,0.6052683066967575,0.48179357213061896
Bopath Ella (Bopath Falls),Rock formation,2,5,2,9,negative,0.8,There are nice rocks that you can get attractive photographs Recommend for everyone,86,0.10465116279069768,20,2.1102132003465894,0.22083626515255006,0.17666901212204006
Bopath Ella (Bopath Falls),River,3,1,4,8,neutral,0.78,"lovely cascade of water starting from a small stream and ending up in large cascades, easy access to the falls",86,0.09302325581395349,33,1.6094379124341003,0.14971515464503257,0.11677782062312542
Bopath Ella (Bopath Falls),Weather condition,0,9,0,9,negative,0.773,Even when no rain in the area suddenly water levels of the falls gets higher due to rains in over lands.,86,0.10465116279069768,82,0.6992262266363275,0.07317483767124358,0.05656414951987129
Bopath Ella (Bopath Falls),Safety,3,5,0,8,negative,0.84,Some one told us that it is dangerous some places in Bopath ella.,86,0.09302325581395349,86,0.651598177647073,0.06061378396716958,0.05091557853242244
Brief Garden - Bevis Bawa,Sculptures,29,1,25,55,positive,0.784,"lovely trees,flowers,well kept lawns,walled gardens.The house is full of old fashoned,colonial charme,nice drawings,statues by Geoffrey and a beautiful murale by Donald Friend,an Australian artist,nice collection of old photographs as well.The manager is gentle and invites you for tea when you visit the house.",792,0.06944444444444445,55,1.0986122886681098,0.07629252004639651,0.05981333571637487
Brief Garden - Bevis Bawa,Local guide,36,5,26,67,positive,0.767,"Interesting visit, excellent English speaking guide",792,0.0845959595959596,66,0.9162907318741551,0.07751449373177828,0.05945361669227394
Brief Garden - Bevis Bawa,Paintings,16,1,15,32,positive,0.777,"Sansoni and Donald Friend,the Australian artist during his five-year stay there in the 1950s are absorbing to explore,The sculptures , paintings, courtyards, open air showers and fountains all made their own quiet statements.One could have lingered more but closing hour beckoned and a cuppatea - which sadly never came - would",792,0.04040404040404041,29,1.7386496439141066,0.07024847046117604,0.05458306154833378
Brief Garden - Bevis Bawa,Trail,18,2,19,39,neutral,0.764,The drive itself is interesting as it takes you off the beaten track.,792,0.04924242424242424,39,1.4423838277709342,0.07102647636750813,0.05426422794477621
Brief Garden - Bevis Bawa,Ticket price,25,16,45,86,neutral,0.766,.One could have lingered more but closing hour beckoned and a cuppatea - which sadly never came - would have befitted the admission ticket and the host.,792,0.10858585858585859,94,0.5626506916305767,0.06109590843463333,0.04679946586092913
Buduruwagala Temple,Sculptures,46,2,32,80,positive,0.79,Nice Buddha statues carved into a giant rock,320,0.25,55,1.0986122886681098,0.27465307216702745,0.2169759270119517
Buduruwagala Temple,Buddha statue,16,1,25,42,neutral,0.792,Nice Buddha statues carved into a giant rock,320,0.13125,47,1.255797872190522,0.16482347072500603,0.1305401888142048
Buduruwagala Temple,Temple,29,1,16,46,positive,0.79,The temple assistants are very helpful & accept donations.,320,0.14375,76,0.7752121336142496,0.11143674420704837,0.08803502792356821
Buduruwagala Temple,Trail,7,1,5,13,positive,0.768,"Amazing little spot off the obvious track (thankfully our driver took us, most local tuktuk drivers also know where it is).",320,0.040625,39,1.4423838277709342,0.058596843003194204,0.04500237542645315
Buduruwagala Temple,Birds,5,1,4,10,positive,0.752,"Access to the site is by a long unmade road - the journey is well worth it as the scenery, flora, birds and the wildlife in the ponds around the area are as much an attraction as the temple itselfI thought the rock carvings have survived in remarkable condition bearing in mind their ageDefinitely",320,0.03125,40,1.4170660197866443,0.04428331311833263,0.03330105146498614
Casuarina Beach,Beach,125,21,29,175,positive,0.812,Best public beach in Jaffna lined with Casa trees..clean beach but lot of local crowds..worth making a short stop,576,0.3038194444444444,64,0.9470623905409088,0.28773596934836637,0.2336416071108735
Casuarina Beach,Water depth,18,4,13,35,positive,0.77,"We really enjoyed Casurina Beach as the water was lovely and warm and shallow and there were no big strong waves, making it perfect for swimming and ball games.",576,0.06076388888888889,13,2.540996116439044,0.15440080568640024,0.1188886203785282
Casuarina Beach,Changing rooms,2,1,7,10,neutral,0.806,"The casurina beach was recommended by an old friend , so decided to make a trek , felt it was well worth the trip , awesome beach , need to have more option for showers and changing rooms",576,0.017361111111111112,3,4.007333185232471,0.06957175668806374,0.05607483589057938
Casuarina Beach,Toilets,7,5,13,25,neutral,0.782,wash rooms and toilet facilities are excellent.,576,0.043402777777777776,37,1.4950275612563562,0.06488834901286268,0.05074268892805862
Casuarina Beach,Waves,12,0,4,16,positive,0.79,It was a very clear stretch of beach with hardly any waves.,576,0.027777777777777776,20,2.1102132003465894,0.05861703334296081,0.046307456340939045
Ceylon Tea Museum,Museum,135,19,97,251,positive,0.787,"I recommend better to visit the Tea Museum, a real museum with all the Victorian machinery, in an original building.",1120,0.22410714285714287,36,1.5224265354444706,0.34118666106835904,0.2685139022607986
Ceylon Tea Museum,Local guide,81,9,56,146,positive,0.771,"Our guide was fantastic though, very friendly and knowledgeable, wish we could have paid her instead of the museum",1120,0.13035714285714287,66,0.9162907318741551,0.11944504183359522,0.09209212725370192
Ceylon Tea Museum,Tea plantation,21,2,31,54,neutral,0.817,Not for the faint hearted but well worth it to see the tea plantations and workers picking leaves!,1120,0.048214285714285716,16,2.3333567516607996,0.11250112909793142,0.09191342247300996
Ceylon Tea Museum,Mountain,25,3,23,51,positive,0.756,The tea museum was very interesting - it was a lovely view looking at the tea pickers and the fields - however the journey was quite hairy and long (hairpin bends up and down the mountain for a number of hours),1120,0.045535714285714284,24,1.927891643552635,0.08778792305462892,0.06636766982929947
Ceylon Tea Museum,Guided tours,34,1,19,54,positive,0.833,"Very quiet when we visited, but the tour guide was excellent guiding us round the various exhibits.",1120,0.048214285714285716,36,1.5224265354444706,0.07340270795892984,0.06114445572978855
Coconut Tree Hill,Sea,26,1,8,35,positive,0.784,You can hear the soothing sound of the waves hitting the shore all the time and gaze at the beautiful sight of the trees perched over Indian ocean for as long as you like.,296,0.11824324324324324,7,3.1600353248452673,0.3736528255729201,0.2929438152491694
Coconut Tree Hill,Sunset view,27,3,13,43,positive,0.84,Amazing viewpoint with beautiful sunrise and sunset views.,296,0.14527027027027026,44,1.3217558399823195,0.19201182810553963,0.1612899356086533
Coconut Tree Hill,Beach,18,1,16,35,positive,0.785,Coconut Tree Hill was the best view point to get beautiful view of the sunset and the beach from under the coconut tress,296,0.11824324324324324,64,0.9470623905409088,0.1119837286112561,0.08790722695983605
Coconut Tree Hill,Viewpoint,10,1,4,15,positive,0.824,Amazing viewpoint with beautiful sunrise and sunset views.,296,0.05067567567567568,29,1.7386496439141066,0.08810724546862027,0.07260037026614309
Coconut Tree Hill,Sunrise view,9,0,3,12,positive,0.848,Amazing viewpoint with beautiful sunrise and sunset views.,296,0.04054054054054054,21,2.0614230361771577,0.08357120416934424,0.07086838113560391
Colombo Lotus Tower,Viewpoint,9,1,9,19,positive,0.828,"Below the observation deck, the tower also has a beautiful revolving restaurant, however one has to pre-book the same.",165,0.11515151515151516,29,1.7386496439141066,0.20020814081435168,0.16577234059428317
Colombo Lotus Tower,Restaurants,6,0,8,14,neutral,0.78,"Below the observation deck, the tower also has a beautiful revolving restaurant, however one has to pre-book the same.",165,0.08484848484848485,49,1.214125175789954,0.10301668158217793,0.08035301163409879
Colombo Lotus Tower,Ticket price,8,7,11,26,neutral,0.787,"This place is not worth it, they are charging 6000 rupees for foreigners to see literally nothing in the tower why would you pay 6000 rupees for a view per person.",165,0.15757575757575756,94,0.5626506916305767,0.08866010898421207,0.06977550577057491
Colombo Lotus Tower,Scenic view,41,2,9,52,positive,0.809,It also provides good views of port city currently under construction.,165,0.3151515151515151,128,0.25391520998096345,0.08002176314551575,0.06473760638472224
Colombo Lotus Tower,Sunset view,4,0,1,5,positive,0.844,"Nothing overly special to be frank, although sunset was spectacular!",165,0.030303030303030304,44,1.3217558399823195,0.0400532072721915,0.033804906937729626
Colombo National Museum,Museum,190,16,140,346,positive,0.789,The museum has a pretty good storytelling going on which make the collections enjoyable.,965,0.35854922279792745,36,1.5224265354444706,0.5458648510505563,0.4306873674788889
Colombo National Museum,Colonial architecture,35,1,24,60,positive,0.792,Beautiful colonial style building with interesting collection,965,0.06217616580310881,24,1.927891643552635,0.11986891047995658,0.09493617710012561
Colombo National Museum,Cafes,21,0,16,37,positive,0.755,"Not very interactive for kids, more old school but coffee shop and souvenir shop are both good.",965,0.0383419689119171,15,2.3978952727983707,0.0919400260036681,0.06941471963276942
Colombo National Museum,Paintings,13,1,19,33,neutral,0.773,"You can find different displays in this musea, statues from all over the country and from different centuries, but also paintings, coins, battle equipment, agriculture equipment, masks.Done with child who also enjoyed the different rooms",965,0.03419689119170984,29,1.7386496439141066,0.05945641269343577,0.04595980701202585
Colombo National Museum,Heritage site,17,0,16,33,positive,0.787,Great place to understand the heritage.,965,0.03419689119170984,30,1.7047480922384253,0.058297085019552365,0.04587980591038771
Dagoba of Thuparama,Stupa,39,2,51,92,neutral,0.776,A nice Dagoba from Ancient times,223,0.4125560538116592,29,1.7386496439141066,0.7172904360542502,0.5566173783780982
Dagoba of Thuparama,Ancient ruins,8,0,12,20,neutral,0.762,Next to this dagoba ther are the ruins of ancient temple which is worth seeng as well.,223,0.08968609865470852,23,1.9704512579714308,0.17672208591672026,0.13466222946854084
Dagoba of Thuparama,Buddha statue,2,1,24,27,neutral,0.751,"This is a compact(small)stupa, said to be containing the collar bone of Buddha,in that respect it is an important shrine.A walk around the stupa is recommended.",223,0.1210762331838565,47,1.255797872190522,0.1520472760051305,0.114187504279853
Dagoba of Thuparama,Temple,14,1,16,31,neutral,0.777,Amazing little temple,223,0.13901345291479822,76,0.7752121336142496,0.10776491543516475,0.08373333929312302
Dagoba of Thuparama,Hindu shrine,3,0,9,12,neutral,0.758,"This is a compact(small)stupa, said to be containing the collar bone of Buddha,in that respect it is an important shrine.A walk around the stupa is recommended.",223,0.053811659192825115,39,1.4423838277709342,0.07761706696525207,0.05883373675966107
Dambulla Cave Temple,Cave,193,28,131,352,positive,0.76,"There are 5 caves: start at the one furthest from the entrance and work back - that way you get the best last.,Caves 3-5 are underwhelming but Caves 1&2 are worthwhile.",2212,0.15913200723327306,2,4.412798293340635,0.7022174499348569,0.5336852619504913
Dambulla Cave Temple,Cave temple,81,7,63,151,positive,0.825,Fascinating rock temple with origin in 1st c.,2212,0.06826401446654612,8,3.0265039322207445,0.20660130821217562,0.17044607927504488
Dambulla Cave Temple,Temple,194,26,120,340,positive,0.793,"Good walk, unusual temple.",2212,0.15370705244122965,76,0.7752121336142496,0.11915557207452299,0.09449036865509673
Dambulla Cave Temple,Paintings,77,2,66,145,positive,0.786,"Temple that is inbuilt into rock masif is part of world heritage and despite it´s honourable age, statues and cave paintings are well preserved.",2212,0.06555153707052441,29,1.7386496439141066,0.11397115658568963,0.08958132907635205
Dambulla Cave Temple,Stairs,70,32,93,195,neutral,0.775,This complex is well worth seeing even though there are quite a few steps to climb to reach it not all of which are even.,2212,0.08815551537070525,47,1.255797872190522,0.11070550862439052,0.08579676918390265
Dehiwala Zoo - Sri Lanka,Wildlife,19,5,16,40,positive,0.788,The animals are beautiful.,114,0.3508771929824561,54,1.1169614273363062,0.39191629029344077,0.30883003675123133
Dehiwala Zoo - Sri Lanka,Elephants,5,1,7,13,neutral,0.78,"But they have fully refurbished the attractions with many improvements such as night safari, glass walls in some enclosures, new open elephant enclosure where elephants are free to walk, new animals such as hippos, helpful route maps, feeding animals etc.",114,0.11403508771929824,33,1.6094379124341003,0.18353239352318687,0.14315526694808575
Dehiwala Zoo - Sri Lanka,Birds,5,0,9,14,neutral,0.756,"A great range of birds, animals, reptiles.",114,0.12280701754385964,40,1.4170660197866443,0.17402565155274577,0.1315633925738758
Dehiwala Zoo - Sri Lanka,Family friendliness,10,0,7,17,positive,0.766,As a family we visited the National Zoological Gardens of Sri Lanka and enjoyed the new setting very much as it gives much freedom to the animals and better experience to the visitors.,114,0.14912280701754385,89,0.6173091041684409,0.09205486641108328,0.0705140276708898
Dehiwala Zoo - Sri Lanka,Souvenir stalls,3,1,1,5,positive,0.804,watch out for hawkers Do not take tuktuks (expensive) from the entrance better to install pickme app and order cabs online,114,0.043859649122807015,49,1.214125175789954,0.05325110420131377,0.042813887777856274
Demodara Loop,Bridge,9,0,24,33,neutral,0.762,"the technique used to construct the rail road in right angle with a considerable slope, If you visit Demodara be sure to visit the bridge near the tunnel which is very much like as the 9 arch bridge, if you have an opportunity travel to ella by foot and that will be a fantastic experience .",155,0.2129032258064516,20,2.1102132003465894,0.4492711974931448,0.34234465248977636
Demodara Loop,Trail,10,0,14,24,neutral,0.768,Rail track along the tea plantations was breathtaking.,155,0.15483870967741936,39,1.4423838277709342,0.22333685075162854,0.17152270137725073
Demodara Loop,Tea plantation,6,0,1,7,positive,0.854,You can get a very good view from the nearby tea estate.,155,0.04516129032258064,16,2.3333567516607996,0.10537740168790707,0.08999230104147264
Demodara Loop,Public transport access,6,0,15,21,neutral,0.797,"We then tuk tuk to Demodara Loop which we did not undertake as it would have taken a good part of two hours and we were tired, but it sounded a good experience.",155,0.13548387096774195,90,0.6061358035703155,0.08212162499984921,0.06545093512487982
Demodara Loop,Colonial architecture,4,0,2,6,positive,0.787,"Popularly known as ‘Demodara loop’, the spiral railway is recognized as one of the most fascinating colonial railway civil engineering marvels in Sri Lanka.",155,0.03870967741935484,24,1.927891643552635,0.07462806362139232,0.05873228607003576
Devon Falls,Waterfall,90,2,54,146,positive,0.795,"stretching some 20km and parts of the road no more than a muddy, rutted track.Somewhat disconcertingly, behind you as you look out at the waterfall there is a Victorian tea room - this is actually the Devon Tea Centre, which we didn't visit.",362,0.40331491712707185,24,1.927891643552635,0.7775474584494053,0.6181502294672773
Devon Falls,Viewpoint,15,0,20,35,neutral,0.802,Specially the view points are nice to get down and spend some time.,362,0.09668508287292818,29,1.7386496439141066,0.16810148490882246,0.1348173908968756
Devon Falls,Mountain,13,0,3,16,positive,0.801,"It's nice to stop to watch this amazing view on the way to Nuwara Ella, we walked down the hill to be as close to the water fall and the view was amazing.To go down its very steep so make sure you are wearing a good shoes.",362,0.04419889502762431,24,1.927891643552635,0.08521068037801702,0.06825375498279164
Devon Falls,Tea plantation,6,0,6,12,positive,0.817,"lovely waterfall in verdant green highland scenery surrounded by tea plantations, winding roads and vertiginous canyons",362,0.03314917127071823,16,2.3333567516607996,0.0773488425964906,0.06319400440133281
Devon Falls,Scenic view,72,0,31,103,positive,0.77,The best place to view the waterfall is the clearly marked area by the side of the main road.A closer look can be had from the nearby Melsna tea Castle while sipping a cup of delicious Ceylon Tea.,362,0.2845303867403315,128,0.25391520998096345,0.072246592895136,0.055629876529254725
Diyaluma Falls,Waterfall,107,3,40,150,positive,0.804,Beautiful waterfall,472,0.3177966101694915,24,1.927891643552635,0.612677429095117,0.4925926529924741
Diyaluma Falls,Rock formation,10,4,12,26,neutral,0.751,The local environment is very beautiful and it is wonderful to watch the water crashing down on to the rocks with a backcloth of trees and mountains.,472,0.05508474576271186,20,2.1102132003465894,0.11624055764621043,0.08729665879230403
Diyaluma Falls,Local guide,21,2,23,46,neutral,0.762,"After a while, we decided to pay a guide, which was a very good decision as it was fast and cheap.",472,0.09745762711864407,66,0.9162907318741551,0.08929952047926089,0.06804623460519679
Diyaluma Falls,Public transport access,12,1,20,33,neutral,0.787,"It is situated 6-10 km away from Koslanda in Badulla District on Colombo-Badulla highway.The foot of the Diyaluma falls is quite easy to reach within an hour by tuk-tuk, car or motorbike.",472,0.06991525423728813,90,0.6061358035703155,0.04237813880894155,0.033351595242637
Diyaluma Falls,Weather condition,2,22,1,25,negative,0.786,Very beautiful waterfall that will make you go wow specially during the rainy season.,472,0.05296610169491525,82,0.6992262266363275,0.03703528742777158,0.029109735918228463
Diyatha Uyana,Market,19,1,6,26,positive,0.814,"recreational attraction consists of beautiful reservoir banks with interlock paved boardwalk surrounded by ever green grass, flea market style marketplace, an open air food court, plenty of paved parking, a fountain that keeps the kids intrigued with its colorful display of water jets at night, a floating restaurant and",342,0.07602339181286549,16,2.3333567516607996,0.17738969457070405,0.14439521138055308
Diyatha Uyana,Shops,10,0,7,17,positive,0.771,"Not only this, food court with many selections, small aquarium, flower shops....many more.And more over you can buy fresh fruits and vegetables too.Its a place which gives time for you and your family.",342,0.049707602339181284,10,2.803360380906535,0.13934832302751782,0.10743755705421625
Diyatha Uyana,Family friendliness,42,1,24,67,positive,0.77,This is a fascinating green garden among the concrete jungle in clombo and ideal place to fun-filled family outing.,342,0.195906432748538,89,0.6173091041684409,0.1209348245008349,0.09311981486564287
Diyatha Uyana,Souvenir stalls,5,2,17,24,neutral,0.769,"how ever there are a lot of food vendors who sells food for a reasonable price and for pre schoolers there's ample space for ride a bike, small car, skate.",342,0.07017543859649122,49,1.214125175789954,0.08520176672210203,0.06552015860929646
Diyatha Uyana,Restaurants,13,1,9,23,positive,0.797,"court, plenty of paved parking, a fountain that keeps the kids intrigued with its colorful display of water jets at night, a floating restaurant and an aquarium under the tent.",342,0.06725146198830409,49,1.214125175789954,0.08165169310868112,0.06507639940761885
Dondra Head Lighthouse,Lighthouse,52,2,30,84,positive,0.793,"When I get on the top of the lighthouse I saw an amazing views - u see the Indian Ocean so far, a very high waves, people like a little ants ) U must visit this lighthouse, u ll never feel sorry for that!",295,0.2847457627118644,5,3.4965075614664802,0.9956157124175741,0.7895232599471362
Dondra Head Lighthouse,Sea,18,0,11,29,positive,0.773,"When I get on the top of the lighthouse I saw an amazing views - u see the Indian Ocean so far, a very high waves, people like a little ants ) U must visit this lighthouse, u ll never feel sorry for that!",295,0.09830508474576272,7,3.1600353248452673,0.31064754040851783,0.2401305487357843
Dondra Head Lighthouse,Beach,17,2,13,32,positive,0.791,Dondra Lighthouse is a pleasant hour's drive S of Galle along the coast road.,295,0.10847457627118644,64,0.9470623905409088,0.10273219151630197,0.08126116348939487
Dondra Head Lighthouse,Scenic view,50,2,7,59,positive,0.811,"When I get on the top of the lighthouse I saw an amazing views - u see the Indian Ocean so far, a very high waves, people like a little ants ) U must visit this lighthouse, u ll never feel sorry for that!",295,0.2,128,0.25391520998096345,0.05078304199619269,0.04118504705891227
Dondra Head Lighthouse,Stairs,5,0,7,12,neutral,0.775,"I loved the sight itself, small, nice park around the light house, you can rest in the heat.Beautiful view from up there, only walk if you manage steep stairs.",295,0.04067796610169491,47,1.255797872190522,0.05108330327554666,0.03958956003854866
Dunhinda Falls,Waterfall,65,6,13,84,positive,0.814,"This beautiful waterfall is located about 5km from Badulla town.To reach the waterfall, we had to walk about more than 1km .",241,0.34854771784232363,24,1.927891643552635,0.6719622326075574,0.5469772573425516
Dunhinda Falls,Shops,4,2,6,12,neutral,0.752,While your way back you can enjoy hot belimal from small shops near by.,241,0.04979253112033195,10,2.803360380906535,0.13958640900779426,0.10496897957386128
Dunhinda Falls,Stairs,4,2,8,14,neutral,0.771,Helpful old man.It was about a 45 minute walk with steps and some hiking.,241,0.058091286307053944,47,1.255797872190522,0.07295091373720876,0.05624515449138796
Dunhinda Falls,Weather condition,2,20,1,23,negative,0.78,"This route was a foot path and little bit muddy (due to the rain the day before) and slippery , took us about 1 hour to reach the waterfall.Local ticket - Rs.",241,0.0954356846473029,82,0.6992262266363275,0.0667311336623881,0.05205028425666272
Dunhinda Falls,River,2,2,5,9,neutral,0.776,Nice fall though but not so high stream.,241,0.03734439834024896,33,1.6094379124341003,0.06010349050583777,0.04664030863253011
Dutch Hospital Shopping Precinct,Shops,211,36,191,438,positive,0.754,"There are shops to browse and restaurants to eat/drink in with views over Galle Harbour, worth a visit.",1759,0.2490051165434906,10,2.803360380906535,0.698051078361036,0.5263305130842211
Dutch Hospital Shopping Precinct,Restaurants,225,25,174,424,positive,0.791,"There are shops to browse and restaurants to eat/drink in with views over Galle Harbour, worth a visit.",1759,0.24104604889141557,49,1.214125175789954,0.2926600764837638,0.23149412049865717
Dutch Hospital Shopping Precinct,Cafes,57,6,52,115,positive,0.775,Nice cafes and restaurants.,1759,0.06537805571347356,15,2.3978952727983707,0.15676973074008677,0.12149654132356724
Dutch Hospital Shopping Precinct,Colonial architecture,24,0,34,58,neutral,0.78,"beautiful trees and fort with colonial Dutch style buildings, if you are a history lover or an architecture, or shopping lover a place you can visit in Galle.",1759,0.03297328027288232,24,1.927891643552635,0.06356891149860877,0.04958375096891484
Dutch Hospital Shopping Precinct,Souvenir stalls,35,3,36,74,neutral,0.784,This is a nice area for souvenir shopping and having a drink or meal.,1759,0.04206935758953951,49,1.214125175789954,0.05107746617877009,0.040044733484155756
Elephant Pass,Elephants,8,4,33,45,neutral,0.76,The Elephant pass is a nice stop on the way to Jaffna.,118,0.3813559322033898,33,1.6094379124341003,0.613768695419784,0.4664642085190358
Elephant Pass,Lagoon,3,0,8,11,neutral,0.767,Great expanse of sandy areas and then the lagoon on one side and the Bay of Bengal on the other.,118,0.09322033898305085,11,2.70805020110221,0.25244535772986704,0.19362558937880803
Elephant Pass,Sunrise view,1,0,5,6,neutral,0.817,The morning sunrise is stunning.,118,0.05084745762711865,21,2.0614230361771577,0.1048181204835843,0.08563640443508837
Elephant Pass,Bridge,2,0,4,6,neutral,0.76,You can see sea on both sides which make you feel that you are travelling on a very long bridge.One can see the railway track being laid which is going to be the rail route for the Yaal Devi train connecting Jaffna with Colombo.A historic landmark of Sri Lanka worth seeing.,118,0.05084745762711865,20,2.1102132003465894,0.10729897628880963,0.08154722197949532
Elephant Pass,Sculptures,4,1,6,11,neutral,0.782,It contains beautiful carvings that tell the war-and-peace story in a perfect balanced way.,118,0.09322033898305085,55,1.0986122886681098,0.10241300996058651,0.08008697378917866
Elephant Transit Home (ETH),Elephants,262,19,181,462,positive,0.79,"ETH feedings times are 06 AM , 09 AM, 12 AM , 03 PM & 06 PM.Best thing is tourists cant touch or feed the elephants.When Elephants are getting matured they will release to the National parks.Highly recommend to visit if you have children...",996,0.463855421686747,33,1.6094379124341003,0.7465465015507573,0.5897717362250983
Elephant Transit Home (ETH),Wildlife,58,7,58,123,positive,0.784,"However, when we visited it was feeding time and it was incredibly busy with tourists meaning most people could not see any of the animals.",996,0.12349397590361445,54,1.1169614273363062,0.1379380075927366,0.10814339795270551
Elephant Transit Home (ETH),Museum,23,1,9,33,positive,0.795,"We targeted the mid day feed, happen every 3 hours- and had a lovely hour or so watching the variety of young elephants being fed and then relaxing by the pool!This place does wonderful work - well managed and with a helpful 'museum'/ info centre.",996,0.03313253012048193,36,1.5224265354444706,0.050441843041834876,0.04010126521825873
Elephant Transit Home (ETH),Ticket price,20,4,36,60,neutral,0.778,The transit home is not expensive and well worth the price.,996,0.060240963855421686,94,0.5626506916305767,0.03389461997774558,0.02637001434268606
Elephant Transit Home (ETH),Family friendliness,25,3,26,54,neutral,0.762,"ETH feedings times are 06 AM , 09 AM, 12 AM , 03 PM & 06 PM.Best thing is tourists cant touch or feed the elephants.When Elephants are getting matured they will release to the National parks.Highly recommend to visit if you have children...",996,0.05421686746987952,89,0.6173091041684409,0.03346856588865041,0.025503047207151613
Ella Rock,Trail,84,28,118,230,neutral,0.759,"forest though you're on your own, we took the wrong path maybe twice but soon found some other tourists coming down who put us back on track.We got the rock viewpoint to ourselves for a good 10 minutes and probably spent 30 mins at the top admiring the views, loved it.",1661,0.13847080072245635,39,1.4423838277709342,0.19972804358056284,0.1515935850776472
Ella Rock,Local guide,71,31,95,197,neutral,0.759,"I know that you can do it on your own but a good local guide can make you be hosted by local families and try their food, as I did.",1661,0.11860325105358217,66,0.9162907318741551,0.10867505971054096,0.08248437032030059
Ella Rock,Tea plantation,26,5,41,72,neutral,0.812,"Absolutely beautiful view from the top, a nice trek through tea plantations and jungle to get there as well!",1661,0.04334738109572547,16,2.3333567516607996,0.10114490434652472,0.08212966232937807
Ella Rock,Bridge,10,3,50,63,neutral,0.756,Immediately after this rock is a sharp left turn down to a small bridge and then a little steep climb into the tea plantation.,1661,0.037928958458759786,20,2.1102132003465894,0.08003818881507233,0.06050887074419468
Ella Rock,Viewpoint,25,10,34,69,neutral,0.799,"your own, we took the wrong path maybe twice but soon found some other tourists coming down who put us back on track.We got the rock viewpoint to ourselves for a good 10 minutes and probably spent 30 mins at the top admiring the views, loved it.",1661,0.041541240216736906,29,1.7386496439141066,0.07222566251057999,0.057708304345953414
Embekka Devalaya,Sculptures,23,0,13,36,positive,0.793,Good place to visit for wood carving and history studies.,75,0.48,55,1.0986122886681098,0.5273338985606927,0.41817578155862933
Embekka Devalaya,Temple,19,1,6,26,positive,0.802,This temple has a good number of different carvings.,75,0.3466666666666667,76,0.7752121336142496,0.26874020631960654,0.21552964546832445
Embekka Devalaya,Hindu shrine,3,0,5,8,neutral,0.773,This shrine has richly carved wooden pillars which are beautiful.,75,0.10666666666666667,39,1.4423838277709342,0.153854274962233,0.11892935454580611
Embekka Devalaya,Peacefulness,5,0,0,5,positive,0.84,Lovely peaceful old temple in a very small village.with brass and wood artisans working.,75,0.06666666666666667,129,0.24613306953890854,0.016408871302593903,0.013783451894178879
Fort Frederick,Temple,70,5,73,148,neutral,0.78,It's worth a stop if you are visiting the must see Koneswaram Temple.,456,0.32456140350877194,76,0.7752121336142496,0.25160393810287046,0.19625107172023898
Fort Frederick,Hindu shrine,28,1,26,55,positive,0.784,"The tame deer that roam the site are everywhere and when you get to the top of the hill, it's worth it to remove your shoes, to have a look at the Hindu Kovil and the view down to the sea below from there.",456,0.1206140350877193,39,1.4423838277709342,0.17397173361272233,0.13639383915237432
Fort Frederick,Colonial architecture,7,0,13,20,neutral,0.779,A well preserved colonial land mark on your way to Famous Konneshwaran temple.,456,0.043859649122807015,24,1.927891643552635,0.0845566510330103,0.06586963115471503
Fort Frederick,Fortress,4,0,6,10,neutral,0.768,"this is one of the best kept fortresses in Sri Lanka, the area is well kept and the security is guaranteed with Army camp .",456,0.021929824561403508,9,2.908720896564361,0.06378773895974475,0.04898898352108397
Fort Frederick,Souvenir stalls,8,0,10,18,neutral,0.778,"Beautiful, 1675 Fort Fredrick is well preserved and a shady walk leading upto the kovil with loads of street vendors selling almost everything from candy floss to handbags !",456,0.039473684210526314,49,1.214125175789954,0.0479259937811824,0.0372864231617599
Gal Oya National Park,Elephants,26,0,23,49,positive,0.787,Elephants have made these islands their own as they are the best swimmers of all the mammals in the park.,188,0.26063829787234044,33,1.6094379124341003,0.4194811580280368,0.330131671368065
Gal Oya National Park,Birds,21,0,18,39,positive,0.786,"Whilst not an ornithologists, I could not help be awed by the displays of abandoned free flying by the hosts of birds as they swooped and wheeled in telepathic unison above us.",188,0.2074468085106383,40,1.4170660197866443,0.29396582325361237,0.23105713707733933
Gal Oya National Park,Wildlife,13,1,16,30,neutral,0.783,"this is a very beautiful place to visit if you are interested in wildlife, especially elephants.",188,0.1595744680851064,54,1.1169614273363062,0.17823852563877227,0.1395607655751587
Gal Oya National Park,Forest,5,2,6,13,neutral,0.785,Pity.There seems to be a lot of elephants which can be viewed from the boat as well as from the vehicles.the jungle inside the park it self is very beautiful.,188,0.06914893617021277,51,1.1741198411762548,0.0811891379536772,0.0637334732936366
Gal Oya National Park,Leopards,2,0,4,6,neutral,0.773,Dont expect to see leopards as at Yala or the great herds of elephants as at Kaudulla but you will find a beautiful savannah and a serene lake with masses of water birds and elephants coming down to drink.,188,0.031914893617021274,13,2.540996116439044,0.08109562073741629,0.0626869148300228
Gal Vihara,Buddha statue,136,4,140,280,neutral,0.802,Stand in awe and appreciate the great craftsmanship as each figure captured the solemn expressions of Buddha.,1124,0.2491103202846975,47,1.255797872190522,0.3128322101542226,0.2508914325436865
Gal Vihara,Sculptures,192,2,116,310,positive,0.792,"This is my second visit,the last time the statues were not covered but the covering have been done so well that it doesn't spoil them,and in fact helps keep the sun off the visitors .The statues are so impressive ,especially considering when they were built !!The skill of the workmen make you stand in wonder",1124,0.27580071174377224,55,1.0986122886681098,0.30299805114511924,0.23997445650693444
Gal Vihara,Ancient ruins,20,4,48,72,neutral,0.769,"without any info, As there are a lot of ruins in the site, it just seemed to me to be just another 3 buddha's, 1 of which was either sleeping or dead, dependent on who you asked.",1124,0.06405693950177936,23,1.9704512579714308,0.126221077023081,0.09706400823074929
Gal Vihara,Temple,61,3,84,148,neutral,0.775,the 4 statues that constitute the Gal Vihara have been well-preserved.,1124,0.13167259786476868,76,0.7752121336142496,0.1020741955292784,0.07910750153519076
Gal Vihara,Cave temple,10,0,14,24,neutral,0.812,GREAT ROCK TEMPLE IN SRI LANKA..!!!,1124,0.021352313167259787,8,3.0265039322207445,0.06462285976272053,0.05247376212732907
Galle Dutch Fort,Shops,101,16,89,206,positive,0.76,Modern stores located within beautiful restored and maintained buildings.,1754,0.11744583808437856,10,2.803360380906535,0.3292430093881107,0.2502246871349641
Galle Dutch Fort,Sea,85,5,34,124,positive,0.766,It requires two or three hours and the west side is perfect for watching amazing sunset in the sea,1754,0.07069555302166476,7,3.1600353248452673,0.22340044485793223,0.1711247407611761
Galle Dutch Fort,Restaurants,90,10,87,187,positive,0.783,"While expensive for Sri Lanka, these high end restaurants are half the price of any western.",1754,0.10661345496009123,49,1.214125175789954,0.1294420797449951,0.10135314844033118
Galle Dutch Fort,Cafes,47,4,33,84,positive,0.783,"There's a great choice of restaurants and cafes, little shops, boutiques and houses.It's nice to really walk all the streets and explore the fort on foot.",1754,0.04789053591790194,15,2.3978952727983707,0.11483648968931764,0.08991697142673571
Galle Dutch Fort,Lighthouse,20,3,25,48,neutral,0.777,"If you go to the end of lighthouse rd and climb up to the Fort you will find a wooden staircase down to a small sandy area, the water was lovely and clean and a welcome relief from the heat.",1754,0.027366020524515394,5,3.4965075614664802,0.09568549769121497,0.07434763170607403
Galle Face Green,Sunset view,77,3,36,116,positive,0.846,take a walk down Galle Face Green to watch the beautiful sunset on the Indian ocean and have these street food it is sure to be a different experience,1076,0.10780669144981413,44,1.3217558399823195,0.14249412401296382,0.1205500289149674
Galle Face Green,Souvenir stalls,38,13,83,134,neutral,0.772,"There are many food stalls along the cost and you will find spicy Sri Lankan ,Indian, Malaysian and Chinese food stalls whew you can have a good meal at a price around 5$.",1076,0.12453531598513011,49,1.214125175789954,0.15120146241250357,0.11672752898245276
Galle Face Green,Beach,51,12,52,115,neutral,0.785,"Beautiful beach, go at sunset time to get a good view.",1076,0.10687732342007435,64,0.9470623905409088,0.10121949341282947,0.07945730232907114
Galle Face Green,Family friendliness,55,4,68,127,neutral,0.759,Nice place to spend quality time with family and friends.,1076,0.11802973977695168,89,0.6173091041684409,0.07286083292694423,0.05530137219155067
Galle Face Green,Accommodation,42,8,63,113,neutral,0.779,"Across the road from some large hotels, but rather a rough grass area.Should be a smart park but is not.",1076,0.1050185873605948,90,0.6061358035703155,0.0636555258396335,0.0495876546290745
Galle Face Hotel,Food quality,10,0,1,11,positive,0.787,The following d was delicious and beds very comfortable.,36,0.3055555555555556,16,2.3333567516607996,0.7129701185630222,0.5611074833090984
Galle Face Hotel,Service quality,14,0,1,15,positive,0.817,The staff were helpful and very friendly.,36,0.4166666666666667,88,0.6286086594223741,0.26192027475932256,0.21398886447836651
Galle Face Hotel,Accommodation,8,0,2,10,positive,0.804,Had an absolutely amazing time at Galle Face Hotel!,36,0.2777777777777778,90,0.6061358035703155,0.16837105654730986,0.13537032946403713
Galle Fort Lighthouse,Lighthouse,148,5,162,315,neutral,0.778,"i've seen lighthouses so it looks ordinary to me :D but if you're in this area, there's a near home made ice cream store that offered a really delicious ice cream :D",960,0.328125,5,3.4965075614664802,1.1472915436061888,0.8925928209256149
Galle Fort Lighthouse,Shops,19,0,13,32,positive,0.759,"i've seen lighthouses so it looks ordinary to me :D but if you're in this area, there's a near home made ice cream store that offered a really delicious ice cream :D",960,0.03333333333333333,10,2.803360380906535,0.09344534603021783,0.07092501763693533
Galle Fort Lighthouse,Beach,48,2,34,84,positive,0.789,it stands tall near the galle fort...good for clicking pics...near galle beach...looks beautiful...nothing much to do really apart from watching it n clicking pics...,960,0.0875,64,0.9470623905409088,0.08286795917232952,0.06538281978696799
Galle Fort Lighthouse,Sunset view,35,1,18,54,positive,0.839,A beautiful place to take photos sunrise or sunset.,960,0.05625,44,1.3217558399823195,0.07434876599900547,0.06237861467316559
Galle Fort Lighthouse,Heritage site,13,0,12,25,positive,0.798,"Heritage mounument, stands out tall, well maintained.",960,0.026041666666666668,30,1.7047480922384253,0.044394481568708996,0.03542679629182978
Galway's Land National Park,Forest,16,3,17,36,neutral,0.783,"A nice walk in the forest, ideal for bird watching",157,0.22929936305732485,51,1.1741198411762548,0.26922493173468265,0.21080312154825653
Galway's Land National Park,Trail,10,0,12,22,neutral,0.762,There is a nice walking path going in a circle through a small forest.,157,0.14012738853503184,39,1.4423838277709342,0.20211747905070415,0.15401351903663657
Galway's Land National Park,Wildlife,4,1,16,21,neutral,0.76,The ticketing counter warned us we wouldn't see much so we were prepared and were on the lookout more for interesting trees and plants than animals.,157,0.1337579617834395,54,1.1169614273363062,0.14940248391122568,0.11354588777253152
Galway's Land National Park,Ticket price,5,5,14,24,neutral,0.774,"I don't mind contributing to supporting nature, but for western style entrance prices I expect an attempt an western style information.So basically, if you can find it you get a peaceful stroll through the woods with no idea what trees there are or where the deer normally live.",157,0.15286624203821655,94,0.5626506916305767,0.08601029680976968,0.06657196973076174
Galway's Land National Park,Value for money,4,12,0,16,negative,0.86,For locals are very cheap.,157,0.10191082802547771,112,0.38744660260548613,0.0394850040871833,0.03395710351497764
Gangaramaya Temple,Temple,251,18,138,407,positive,0.795,The Gangaramaya Buddhist Temple is very impressive.,1413,0.28803963198867655,76,0.7752121336142496,0.2232918176794052,0.17751699505512714
Gangaramaya Temple,Museum,56,3,75,134,neutral,0.775,"Worth a visit, certainly some interesting artifacts around the temple and museum area",1413,0.09483368719037509,36,1.5224265354444706,0.1443773218326674,0.11189242442031724
Gangaramaya Temple,Buddha statue,71,3,81,155,neutral,0.795,A lovely Bodhi tree and many many poses of Buddha - calm and serene as ever!,1413,0.10969568294409059,47,1.255797872190522,0.13775560522967512,0.10951570615759172
Gangaramaya Temple,Sculptures,62,6,73,141,neutral,0.781,The temple also has a number of jade and ruby Buddha statues which is very nice.,1413,0.09978768577494693,55,1.0986122886681098,0.10962797785010862,0.08561945070093484
Gangaramaya Temple,Elephants,13,2,31,46,neutral,0.765,"It is clear this elephant had some significance, but I never found out what it was.",1413,0.03255484784147204,33,1.6094379124341003,0.05239500634958854,0.040082179857435236
Gartmore Falls,Waterfall,6,0,0,6,positive,0.827,"Very beautiful waterfalls near the Reservoir, best place to swim upper side of the waterfall and scenery walk destination DO NOT MISS THE PLACE",12,0.5,24,1.927891643552635,0.9639458217763175,0.7971831946090145
Gartmore Falls,Scenic view,6,0,0,6,positive,0.847,"Very beautiful waterfalls near the Reservoir, best place to swim upper side of the waterfall and scenery walk destination DO NOT MISS THE PLACE",12,0.5,128,0.25391520998096345,0.12695760499048173,0.10753309142693802
Goyambokka Beach,Waves,71,16,45,132,positive,0.791,An amazing beach with waves to jump.,1174,0.11243611584327087,20,2.1102132003465894,0.2372641758481685,0.1876759630959013
Goyambokka Beach,Beach,226,24,32,282,positive,0.819,The beach is large and clean.,1174,0.2402044293015332,64,0.9470623905409088,0.22748858103282477,0.18631314786588346
Goyambokka Beach,Food quality,60,8,20,88,positive,0.752,"would make up for this.The beach has limited facilities, no toilets and 2-3 bar areas which serve drinks and a limited selection of food.",1174,0.07495741056218058,16,2.3333567516607996,0.1749023800222746,0.1315265897767505
Goyambokka Beach,Restaurants,65,8,36,109,positive,0.796,"Not recommended for those unfamiliar with surf conditions.Great beach umbrellas provided by the Paradise Cabanas, and the beach cafe / restaurant provides great food and drinks.",1174,0.09284497444633731,49,1.214125175789954,0.11272542092087308,0.08972943505301498
Goyambokka Beach,Sandy beach,29,2,16,47,positive,0.755,"Since the Tsunami carved out a lot of the beach sand, waves tended to dump closed to the shore.",1174,0.04003407155025554,15,2.3978952727983707,0.0959975109212295,0.07247812074552827
Gregory Lake,Mountain,31,1,23,55,positive,0.776,Nice lake surrounded by mountains and British period architecture.,920,0.059782608695652176,24,1.927891643552635,0.11525439173412493,0.08943740798568095
Gregory Lake,Family friendliness,68,4,42,114,positive,0.768,A bit steeply priced but good for kids or larger groups to see the lake.,920,0.12391304347826088,89,0.6173091041684409,0.07649264986435028,0.05874635509582102
Gregory Lake,Ticket price,29,13,74,116,neutral,0.755,you have to get used to is foreign nationals are charged an entry fee for almost every place you visit (which are either free of cost for locals or significantly lower) and gregory lake is no exception to that.,920,0.12608695652173912,94,0.5626506916305767,0.07094291329255097,0.05356189953587598
Gregory Lake,Trail,21,3,15,39,positive,0.755,"This lake has a nice path that you can walk along but people will ask if you want to go on a boat, jet ski, or a horse.",920,0.042391304347826085,39,1.4423838277709342,0.061144531829420035,0.046164121531212125
Gregory Lake,Cleanliness,71,32,2,105,positive,0.877,"Took a £1 tut tut to get there from the town had a nice walk round in clean air, sadly did find a bit of rubbish down one end it which highlights the help Sri Lanka needs in cleaning up and becoming a green destination which is what most tourists want theses days.Knocked it a star for the rubbish at one end.",920,0.11413043478260869,117,0.34377153910282454,0.03923479522369193,0.03440891541117782
Hakgala Botanic Gardens,Mountain,22,2,25,49,neutral,0.756,"Don't forget to visit the ""Fernary"" and feel free to climb up the hill.",722,0.06786703601108034,24,1.927891643552635,0.13084029159844754,0.09891526044842634
Hakgala Botanic Gardens,Ticket price,32,22,54,108,neutral,0.773,"Inside the gardens, there are no shops nor restaurants.The Rose Garden was closed but it was not informed at the time of purchase of entry tickets.We were rather disappointed but this type of exploitation should be avoided..",722,0.14958448753462603,94,0.5626506916305767,0.08416381536856271,0.06505862927989897
Hakgala Botanic Gardens,Trail,13,3,16,32,neutral,0.764,there has been lot of improvement mostly involving paving foot paths and walkways and some of it still going on.as we visited in December there was not much flowers but the wonderful weather and the quietness due to less crowds made up to it.The season for flowers is from March to August.,722,0.0443213296398892,39,1.4423838277709342,0.06392836909788074,0.04884127399078089
Hakgala Botanic Gardens,Entrance fee,11,13,30,54,neutral,0.845,"Its not worth to visit due to high entrance fee you have to pay for this garden, not much to see & dirty bathrooms .",722,0.07479224376731301,87,0.6400373552459969,0.04786982989374492,0.04045000626021446
Hakgala Botanic Gardens,Birds,12,1,9,22,positive,0.77,"Managed to see following rare and attractive birds: Scimitar Babbler, Sri Lanka White-eye, Grey Wagtail, Canary Flycatcher, Velvet-fronted Nuthatch, Tickell's Blue Flycatcher, Great tit, Purple-rumped Sunbirds, Rock Pigeon, etc.",722,0.030470914127423823,40,1.4170660197866443,0.04317929700180911,0.033248058691393016
Handunugoda Tea Estate,Tea plantation,126,3,87,216,positive,0.826,The Best Tea Plantation Experience,1134,0.19047619047619047,16,2.3333567516607996,0.4444489050782475,0.36711479559463245
Handunugoda Tea Estate,Local guide,141,2,74,217,positive,0.778,"The guides give a great explanation on the tea process, as well as other interesting plants and their uses.",1134,0.19135802469135801,66,0.9162907318741551,0.17533958449443707,0.13641419673667204
Handunugoda Tea Estate,Food quality,38,0,0,38,positive,0.811,"After the tour we went to the museum shop,tasted some great teas and came away with a few packets including the delicious white tea,no charge for the tour but there is a large jar for donations at the pay counter which is well worth giving to for the time and effort they put into showing you around this amazing place.",1134,0.03350970017636684,16,2.3333567516607996,0.07819008515265466,0.06341215905880293
Handunugoda Tea Estate,Guided tours,39,0,15,54,positive,0.84,It was in a beautifully scenic location and we started with a free guided tour.,1134,0.047619047619047616,36,1.5224265354444706,0.07249650168783194,0.06089706141777882
Handunugoda Tea Estate,Value for money,129,53,0,182,positive,0.823,"You get to see the whole process, up close and personal and taste some amazing types of tea, the virgin white tea in particular, which is world famous and very expensive.",1134,0.16049382716049382,112,0.38744660260548613,0.06218278807248542,0.0511764345836555
Henerathgoda Botanical Garden,Family friendliness,4,2,2,8,positive,0.775,"Walking distance from the Gampha city.could see lot of plant varieties.Have a big play ground,Boat service,children play ground,foods & snacks available.I can recommended for Staff day outing,families,Couples for spend few ours.",24,0.3333333333333333,89,0.6173091041684409,0.20576970138948028,0.15947151857684722
Henerathgoda Botanical Garden,Peacefulness,11,0,0,11,positive,0.778,Calm place for spend few hours,24,0.4583333333333333,129,0.24613306953890854,0.11281099020533307,0.08776695037974913
Henerathgoda Botanical Garden,Cleanliness,3,2,0,5,positive,0.864,"Main thing you get from here is quiet, clean and green environment.",24,0.20833333333333334,117,0.34377153910282454,0.07161907064642178,0.06187887703850842
Hikkaduwa Beach,Beach,386,56,99,541,positive,0.812,The restaurants on the beach have amazing food at cheap prices.,2238,0.241733690795353,64,0.9470623905409088,0.2289368870789239,0.18589675230808622
Hikkaduwa Beach,Turtles,86,20,96,202,neutral,0.784,At the top end of the beach there was a corner which was visited every day by sea turtles which was an amazing experience for children and adults alike.,2238,0.0902591599642538,16,2.3333567516607996,0.21060682030182373,0.16511574711662982
Hikkaduwa Beach,Waves,82,22,64,168,positive,0.764,This was by far the best beach I have been to in srilanka .wonderful waves and the best thing is sea is not deep more that 5ft.highly recommended for friends and families,2238,0.07506702412868632,20,2.1102132003465894,0.1584074252270898,0.12102327287349662
Hikkaduwa Beach,Coral reef,49,12,49,110,positive,0.771,"long walks along the beach with lots of restaurants and bars.Closer to the city center,the beach is more narrow,with an almost dead coral reef,ending up with the city lagoon,where the waves are more pleasant for people who don`t like high waves,and also a place where you can see some very big sea turtles.The best place for",2238,0.049151027703306524,9,2.908720896564361,0.1429666213682215,0.11022726507489877
Hikkaduwa Beach,Sandy beach,69,4,35,108,positive,0.759,Fantastic beach with fine golden sand and great snorkelling.,2238,0.04825737265415549,15,2.3978952727983707,0.11571612576506882,0.08782853945568724
Hiriketiya Beach,Beach,83,10,29,122,positive,0.81,Wonderful quite beach which would be great for kids or if you are on a honeymoon.,355,0.3436619718309859,64,0.9470623905409088,0.32546932858025596,0.26363015615000734
Hiriketiya Beach,Restaurants,16,1,21,38,neutral,0.781,By far the best restaurant for diner on this small strip (we tried all).,355,0.10704225352112676,49,1.214125175789954,0.12996269487329085,0.10150086469604015
Hiriketiya Beach,Cafes,5,0,2,7,positive,0.771,"Small beach with some lovely cafes with hammocks and shade, very relaxing and scenic.",355,0.01971830985915493,15,2.3978952727983707,0.047282441998841115,0.0364547627811065
Hiriketiya Beach,Water depth,3,0,3,6,positive,0.77,The calm shallow waters invite you with its appealing and turquois blue.,355,0.016901408450704224,13,2.540996116439044,0.042946413235589474,0.03306873819140389
Hiriketiya Beach,Family friendliness,13,2,8,23,positive,0.779,Wonderful quite beach which would be great for kids or if you are on a honeymoon.,355,0.0647887323943662,89,0.6173091041684409,0.039994674354575044,0.03115585132221396
Horton Plains National Park,Waterfall,104,13,84,201,positive,0.786,So much to see from the incredible trees to the bright pink rocks but most importantly the incredible sights of the waterfall and world’s end!,2036,0.0987229862475442,24,1.927891643552635,0.19032722021320217,0.1495971950875769
Horton Plains National Park,Trail,66,29,64,159,positive,0.767,The hike takes you on a circular path through the plains and the view of the countryside is beautiful.,2036,0.07809430255402751,39,1.4423838277709342,0.11264195904497964,0.08639638258749939
Horton Plains National Park,Mountain,35,3,40,78,neutral,0.753,"Even the drive up to the park, in the early morning, with the hills and trees tops poking through the clouds, is beautiful.",2036,0.03831041257367387,24,1.927891643552635,0.07385832426183965,0.055615318169165255
Horton Plains National Park,Wildlife,41,5,68,114,neutral,0.773,Beautiful scenery and with luck you might see some wildlife too.,2036,0.055992141453831044,54,1.1169614273363062,0.06254106223788748,0.048344241109887026
Horton Plains National Park,Rock formation,18,12,18,48,positive,0.776,So much to see from the incredible trees to the bright pink rocks but most importantly the incredible sights of the waterfall and world’s end!,2036,0.023575638506876228,20,2.1102132003465894,0.04974962358380958,0.038605707901036235
Hummanaya Blow Hole,Waves,16,0,13,29,positive,0.765,"""hoooo"" sound and you can see water like a geyser !I advise you to go there when there is wind, you will have more luck to see the wave.The price is very low, and you can see the wave every nearly 10 minutes (or maybe it was a good day for us...)I recommand this place and you have a beautiful view.Be careful for people",330,0.08787878787878788,20,2.1102132003465894,0.18544297821227604,0.14186387833239117
Hummanaya Blow Hole,Beach,18,4,8,30,positive,0.797,Before the climb starts from the visitor centre there was a lovely patch of beach that was filled with soft sand and isolated.,330,0.09090909090909091,64,0.9470623905409088,0.08609658095826443,0.06861897502373676
Hummanaya Blow Hole,Stairs,9,2,12,23,neutral,0.779,"have a beautiful view.Be careful for people who has leg problems, because you have to climb, it's not a big cliff but you have some stairs.Think to take good shoes or not to wear shoes on the rocks.",330,0.0696969696969697,47,1.255797872190522,0.08752530624358185,0.06818221356375026
Hummanaya Blow Hole,Ticket price,11,6,30,47,neutral,0.755,"sound and you can see water like a geyser !I advise you to go there when there is wind, you will have more luck to see the wave.The price is very low, and you can see the wave every nearly 10 minutes (or maybe it was a good day for us...)I recommand this place and you have a beautiful view.Be careful for people who has leg",330,0.14242424242424243,94,0.5626506916305767,0.08013509850496092,0.06050199937124549
Hummanaya Blow Hole,Weather condition,5,23,4,32,negative,0.761,the day was not very windy so we did not see anything unfortunatelly.,330,0.09696969696969697,82,0.6992262266363275,0.06780375531018934,0.05159865779105409
Hurulu Eco Park,Elephants,145,25,155,325,neutral,0.785,The Forest Department does a very good job of maintaining the park well (of course the tracks are rugged but usable) and advising the guides of the areas within the park where the elephants are likely to be.,993,0.32729103726082576,33,1.6094379124341003,0.5267546037674548,0.413502363957452
Hurulu Eco Park,Wildlife,44,17,58,119,neutral,0.782,"It is very easy to fit climibing Sigiriya in the morning and an evening/sunset safari of the Hurulu Ecopark in the same day.Elelphants are the main attraction here, though we saw other wildlife such as, wild water buffolo, eagles and other bird life.",993,0.11983887210473314,54,1.1169614273363062,0.13385539763647578,0.10467492095172407
Hurulu Eco Park,Birds,25,1,53,79,neutral,0.758,Great Park to see wild elephants and birds,993,0.07955689828801611,40,1.4170660197866443,0.11273737720356988,0.08545493192030597
Hurulu Eco Park,Local guide,35,4,31,70,positive,0.767,The Forest Department does a very good job of maintaining the park well (of course the tracks are rugged but usable) and advising the guides of the areas within the park where the elephants are likely to be.,993,0.07049345417925479,66,0.9162907318741551,0.0645924987222466,0.04954244651996314
Hurulu Eco Park,Trail,9,6,23,38,neutral,0.758,The Forest Department does a very good job of maintaining the park well (of course the tracks are rugged but usable) and advising the guides of the areas within the park where the elephants are likely to be.,993,0.038267875125881166,39,1.4423838277709342,0.055196964204728596,0.04183929886718428
Independence Memorial Hall,Sculptures,27,1,33,61,neutral,0.779,"After a hectic journey from Bentota to Colombo & to temples around the city, we took rest here in lush green garden in this memorial hall of Bandarnaike.Well built statue and well maintained gardens....",373,0.16353887399463807,55,1.0986122886681098,0.17966581664545495,0.1399596711668094
Independence Memorial Hall,Museum,14,3,16,33,neutral,0.779,"Opening Time: Always openEntrance: FreeType: Historical / Monument / ParkBest time to visit: Morning and evenings (Outdoor) Near by: National Museum, Shopping Malls, Restaurants, Walking tracksOne of the best places to see in Colombo.",373,0.08847184986595175,36,1.5224265354444706,0.13469189187578426,0.10492498377123594
Independence Memorial Hall,Trail,9,2,4,15,positive,0.795,"Nice relaxing place, surrounded by shopping malls, restaurants and walking tracks",373,0.040214477211796246,39,1.4423838277709342,0.058004711572557675,0.04611374570018335
Independence Memorial Hall,Colonial architecture,4,0,4,8,positive,0.775,"Nice Hall to commemorate the Feb 4, 1948 independence from colonial rule",373,0.021447721179624665,24,1.927891643552635,0.04134888243544525,0.03204538388747007
Independence Memorial Hall,Cleanliness,34,2,2,38,positive,0.882,"After a hectic journey from Bentota to Colombo & to temples around the city, we took rest here in lush green garden in this memorial hall of Bandarnaike.Well built statue and well maintained gardens....",373,0.10187667560321716,117,0.34377153910282454,0.03502230157079714,0.030889669985443076
Isurumuniya Temple,Temple,102,6,70,178,positive,0.789,A lovely temple.,819,0.21733821733821734,76,0.7752121336142496,0.16848322317867695,0.13293326308797612
Isurumuniya Temple,Sculptures,54,3,55,112,neutral,0.783,"makara torana.Beside the pond itself and carved into the rockface is a sculpture known as 'the man and his horse', and two sets of carvings of elephants.Many people will miss this site, but I throughly enjoyed it and would recommend others go.",819,0.13675213675213677,55,1.0986122886681098,0.1502375779375193,0.11763602352507761
Isurumuniya Temple,Cave temple,15,0,17,32,neutral,0.818,Isurumuniya rock temple is a beautiful peice of artifact as well as a relegious temple located in the secred city of Anuradhapura.,819,0.03907203907203907,8,3.0265039322207445,0.11825167989140882,0.09672987415117242
Isurumuniya Temple,Museum,22,4,31,57,neutral,0.777,The little museum has interesting carvings and the view from the top is worth the climb.,819,0.0695970695970696,36,1.5224265354444706,0.10595642554375437,0.08232814264749715
Isurumuniya Temple,Stupa,18,0,16,34,positive,0.778,"It is a beautiful complex and it is one of a few places in Anurathapura, where we can see beautiful stone carving (the lovers and horse man, king and consort) rather than the remaining cement, bricks and gigantic stupa.",819,0.04151404151404151,29,1.7386496439141066,0.07217837349582372,0.056154774579750856
Jaffna Fort,Ancient ruins,22,6,29,57,neutral,0.772,It is interesting if you like ruins as it is very large..,568,0.10035211267605634,23,1.9704512579714308,0.19773894666262598,0.15265446682354727
Jaffna Fort,Church,7,0,21,28,neutral,0.758,The Dutch church was reduced to a MASSIVE pile of rubble from bombing during the conflict and lies as a stark reminder of those times - one can only be in awe of the incredible size the walls must have been.,568,0.04929577464788732,9,2.908720896564361,0.1433876498306375,0.10868783857162323
Jaffna Fort,Coral reef,12,0,13,25,neutral,0.78,"there are great views of the lagoon, the Old Library and the Clock tower.The only draw back - the original fort was constructed with Coral, and with the restoration work you can see that they are using coral again - I understand that to restore an object you must stay as true to the original work as possible, but with current",568,0.04401408450704225,9,2.908720896564361,0.1280246873487835,0.09985925613205113
Jaffna Fort,Colonial architecture,11,2,15,28,neutral,0.782,This is one beautiful piece of Dutch architecture.,568,0.04929577464788732,24,1.927891643552635,0.0950369120061158,0.07431886518878256
Jaffna Fort,Sunset view,29,0,8,37,positive,0.848,Sunset above the dutch port is a one of great experience that can get if you ever visit Jaffna port,568,0.06514084507042253,44,1.3217558399823195,0.08610029239321447,0.07301304794944587
Jaffna Public Library,Colonial architecture,4,0,1,5,positive,0.804,Peaceful restored colonial era building,43,0.11627906976744186,24,1.927891643552635,0.224173446924725,0.1802354513274789
Jaffna Public Library,Service quality,4,2,3,9,positive,0.784,"The indexing, classification of books and arrangement according to genre, author, was in wanting.Some help from visitors who can assist the Library Management in this area can be helpful.",43,0.20930232558139536,88,0.6286086594223741,0.13156925429770622,0.10315029536940168
Jaffna Public Library,Family friendliness,5,0,4,9,positive,0.778,"Their health could certainly use it to stave off the mites.The children's park is just across the road, and the courts building a further block away.It is also easy to visit the library, and then walk a short distance, past the pillar, stadium, and around to the old fort.",43,0.20930232558139536,89,0.6173091041684409,0.12920423110502252,0.10052089179970752
Jaffna Public Library,Sculptures,2,0,3,5,neutral,0.78,"Think during the day visitors are kept out as school kids are given access.The exterior was gorgeous, with a statue of Saraswathy, the goddess of knowledge outside, set in a beautiful garden full of flowers.",43,0.11627906976744186,55,1.0986122886681098,0.1277456149614081,0.09964157966989833
Jaffna Public Library,Value for money,6,0,0,6,positive,0.8,"But, since it's free I can't complain too much!",43,0.13953488372093023,112,0.38744660260548613,0.05406231664262597,0.04324985331410078
Jami Ul-Alfar Mosque,Mosque,153,15,112,280,positive,0.795,"This is not the pace for things-to-do in Colombo, located between Bankshall Street and Second Cross Street which is full packed area, there are plenty of shops nearby this mosque, somewhat attractive painting but nothing more about this, this mosque used by local business peoples.",573,0.4886561954624782,5,3.4965075614664802,1.7085900823919973,1.358329115501638
Jami Ul-Alfar Mosque,Market,18,12,23,53,neutral,0.786,Easy to find off Second Cross street near the Aslam market.,573,0.0924956369982548,16,2.3333567516607996,0.21582531908904432,0.16963870080398885
Jami Ul-Alfar Mosque,Crowdedness,1,87,2,90,negative,0.812,"This is not the pace for things-to-do in Colombo, located between Bankshall Street and Second Cross Street which is full packed area, there are plenty of shops nearby this mosque, somewhat attractive painting but nothing more about this, this mosque used by local business peoples.",573,0.15706806282722513,122,0.3019244291673241,0.047422685209527346,0.03850722039013621
Jami Ul-Alfar Mosque,Paintings,4,1,7,12,neutral,0.768,"This is not the pace for things-to-do in Colombo, located between Bankshall Street and Second Cross Street which is full packed area, there are plenty of shops nearby this mosque, somewhat attractive painting but nothing more about this, this mosque used by local business peoples.",573,0.020942408376963352,29,1.7386496439141066,0.036411510867311134,0.02796404034609495
Jami Ul-Alfar Mosque,Parking,1,8,9,18,neutral,0.777,"It has no parking spaces , extremely crowded",573,0.031413612565445025,54,1.1169614273363062,0.035087793528889195,0.027263215571946907
Japanese Peace Pagoda - Rumassala,Stupa,133,8,77,218,positive,0.795,"Also, the paintings around the pagoda are beautiful and gives you information on Buddha life event",1731,0.12593876372039284,29,1.7386496439141066,0.2189633866974438,0.17407589242446783
Japanese Peace Pagoda - Rumassala,Sea,59,1,21,81,positive,0.771,Great views of the ocean and Galle Harbor,1731,0.04679376083188908,7,3.1600353248452673,0.14786993721113037,0.11400772158978152
Japanese Peace Pagoda - Rumassala,Forest,72,3,80,155,neutral,0.779,"Al;so very close to the two ""Jungle Beaches"" so its a good stop off after a day at the beach.",1731,0.08954361640670133,51,1.1741198411762548,0.10513493667378365,0.08190011566887746
Japanese Peace Pagoda - Rumassala,Beach,99,4,80,183,positive,0.787,As this is situated near the beach but away from the city area visiting this place will help you to relax your mind and enjoy the beauty of the sun setting and the wonderful coastal area.,1731,0.10571923743500866,64,0.9470623905409088,0.10012271373136124,0.0787965757065813
Japanese Peace Pagoda - Rumassala,Sunset view,67,2,18,87,positive,0.855,Sunset visit at a beautiful peaceful place.,1731,0.05025996533795494,44,1.3217558399823195,0.06643140270275089,0.05679884931085201
Jaya Sri Maha Bodhi,Buddha statue,15,6,97,118,neutral,0.754,This said to be the branch of the tree that gave shade to lord Buddha when he was meditating .the place very crowded during poya days and on month of may.,536,0.22014925373134328,47,1.255797872190522,0.2764629644001522,0.20845307515771477
Jaya Sri Maha Bodhi,Temple,31,8,43,82,neutral,0.778,Unfortunately we were in the Temple with Bo tree 5 minutes before the doors were closed for preach..,536,0.15298507462686567,76,0.7752121336142496,0.11859588611262772,0.09226759939562437
Jaya Sri Maha Bodhi,Stupa,7,2,17,26,neutral,0.768,"Anyway, is really near to Ruwanwelisseya Dagoba, that is definitely worth a visit.",536,0.048507462686567165,29,1.7386496439141066,0.08433748272717681,0.0647711867344718
Jaya Sri Maha Bodhi,Ancient ruins,4,1,11,16,neutral,0.754,Touts ruin what should be a solemn and peaceful site,536,0.029850746268656716,23,1.9704512579714308,0.05881944053646062,0.04434985816449131
Jaya Sri Maha Bodhi,Local guide,10,3,11,24,neutral,0.756,"As is endemic throughout Sri Lanka, you find yourself having to stave off wannabe tour guides, and overly aggressive ""park attendants"".",536,0.04477611940298507,66,0.9162907318741551,0.04102794321824575,0.031017125072993788
Jungle Beach,Beach,328,97,125,550,positive,0.806,"Very beautiful place, a lot of monkeys on the way to the beach.",1975,0.27848101265822783,64,0.9470623905409088,0.26373889356835434,0.21257354821609362
Jungle Beach,Forest,90,33,119,242,neutral,0.782,It's about a big beach erea divided between sands and rocks with calm ( low waves) waters surrounded by jungle trees and a nearby Buddhist temple.,1975,0.12253164556962025,51,1.1741198411762548,0.14386683623526766,0.11250386593597932
Jungle Beach,Rock formation,23,11,29,63,neutral,0.77,"We walked to the beach, scrambling over rocks, having been told it was worth visiting.",1975,0.03189873417721519,20,2.1102132003465894,0.06731312993510641,0.05183111005003194
Jungle Beach,Coral reef,11,6,23,40,neutral,0.77,"Spent here half a day and whilst it is a nice beach in terms of landscape and an area with clear water / rocks / corals to snorkel, the shore is truly dirty and full of rubbish (bottles, food packages etc.) There is not much shade either and to get there, you have to go up a hill - not too bad, just bear",1975,0.020253164556962026,9,2.908720896564361,0.05891080296839213,0.04536131828566194
Jungle Beach,Waves,22,9,16,47,positive,0.79,Waves aren't rough so had no problems to swim.,1975,0.02379746835443038,20,2.1102132003465894,0.050217731856349215,0.03967200816651588
Kabalana Beach,Beach,23,0,4,27,positive,0.813,I would recommend going here if you want a bit more solitude rather than the beach party scene.,59,0.4576271186440678,64,0.9470623905409088,0.4334014329593989,0.3523553649959913
Kabalana Beach,Sandy beach,8,0,2,10,positive,0.792,"Sugar sand, Beautiful long beach, I love it.",59,0.1694915254237288,15,2.3978952727983707,0.4064229275929442,0.32188695865361183
Kabalana Beach,Restaurants,5,0,2,7,positive,0.806,Lots of great restaurants along the beach and many lounge chairs to relax with on,59,0.11864406779661017,49,1.214125175789954,0.14404874966999456,0.11610329223401562
Kabalana Beach,Accommodation,2,1,4,7,neutral,0.777,"It’s just on the beach and we had a good time.You can enjoy the kabalanaa beach from this hotel, and easy access to main cities.",59,0.11864406779661017,90,0.6061358035703155,0.0719144173727493,0.05587750229862621
Kabalana Beach,Cleanliness,7,1,0,8,positive,0.88,This stretch of beach is not polluted and still remains quite clean by beach standards.,59,0.13559322033898305,117,0.34377153910282454,0.046613090047840616,0.04101951924209974
Kalametiya Eco Bird Watching,Birds,164,8,74,246,positive,0.779,"The boat ride was really peaceful, and the guide was very sharp at pointing out various birds and some monkeys.",806,0.3052109181141439,40,1.4170660197866443,0.43250402092743734,0.3369206323024737
Kalametiya Eco Bird Watching,Lagoon,45,2,17,64,positive,0.807,Superb tranquil lagoon teeming with burdlife,806,0.0794044665012407,11,2.70805020110221,0.21503128147709857,0.17353024415201856
Kalametiya Eco Bird Watching,Local guide,113,2,44,159,positive,0.789,"The boat ride was really peaceful, and the guide was very sharp at pointing out various birds and some monkeys.",806,0.19727047146401985,66,0.9162907318741551,0.1807571046749264,0.14261735558851693
Kalametiya Eco Bird Watching,Sunrise view,18,0,4,22,positive,0.862,You are there in the middle of nature <3 Recommended for the sunrise.,806,0.02729528535980149,21,2.0614230361771577,0.05626713001972391,0.04850226607700201
Kalametiya Eco Bird Watching,Sunset view,19,0,9,28,positive,0.845,Even without the natural interest this is a lovely thing to do just before sunset - a stunning experience.,806,0.034739454094292806,44,1.3217558399823195,0.045917076326929214,0.03879992949625519
Kalutara Bodhiya,Temple,80,7,58,145,positive,0.79,This Buddhist temple is on your way out of Colombo to the south of Srilanka.You will never miss as all Srilankan drivers will stop and pray for a safe journey.You must get down have look.Its one of the famous Buddhist temple in Srilanka.,592,0.24493243243243243,76,0.7752121336142496,0.18987459353727396,0.15000092889444644
Kalutara Bodhiya,Stupa,20,1,27,48,neutral,0.778,"This Buddhist temple is a world reknown place, it has a lovely Bo tree(sacred tree) & a beautiful Stupa where Buddhists love to worship .",592,0.08108108108108109,29,1.7386496439141066,0.14097159274979243,0.10967589915933851
Kalutara Bodhiya,River,21,0,22,43,neutral,0.784,The temple is located in a very beautiful location which opposite of the Kaluthara river.,592,0.07263513513513513,33,1.6094379124341003,0.11690174026126066,0.09165096436482836
Kalutara Bodhiya,Buddha statue,15,0,19,34,neutral,0.777,There also a lot of pictures depicting the life of Buddha and also of his different incarnations.Nice place to visit as it looks really beautiful during the night time.,592,0.057432432432432436,47,1.255797872190522,0.07212352644337458,0.05603998004650205
Kalutara Bodhiya,Paintings,11,0,11,22,positive,0.783,It is beautiful to see the colours of Buddha and the paintings are brilliant.,592,0.037162162162162164,29,1.7386496439141066,0.06461198001032153,0.050591180348081764
Kande Viharaya Temple,Buddha statue,32,2,35,69,neutral,0.804,nice temple and big buddha statue,404,0.1707920792079208,47,1.255797872190522,0.21448032965630207,0.17244218504366687
Kande Viharaya Temple,Temple,55,6,41,102,positive,0.793,Looking around the temple is great with its decorated tree.,404,0.2524752475247525,76,0.7752121336142496,0.19572187531844915,0.15520744712753018
Kande Viharaya Temple,Sculptures,23,0,32,55,neutral,0.775,nice temple and big buddha statue,404,0.13613861386138615,55,1.0986122886681098,0.1495635541503615,0.11591175446653015
Kande Viharaya Temple,Elephants,6,5,16,27,neutral,0.769,You can take as many pictures as you like inside the temple and outside next to the amazing elephant.,404,0.06683168316831684,33,1.6094379124341003,0.10756144464287304,0.08271475093036937
Kande Viharaya Temple,Paintings,8,0,9,17,neutral,0.773,"It was decorated with beautiful pictures, stories and paintings of Gods and Goddesses etc.",404,0.04207920792079208,29,1.7386496439141066,0.07316099986767281,0.05655345289771108
Kandy Lake,Birds,49,1,63,113,neutral,0.765,It was beautiful.The trees are full of birds and wildlife.,1086,0.10405156537753223,40,1.4170660197866443,0.1474479376021094,0.11279767226561369
Kandy Lake,Temple,80,11,89,180,neutral,0.781,It's just next to temple of tooth and has great view of the city.,1086,0.16574585635359115,76,0.7752121336142496,0.12848819894158833,0.10034928337338049
Kandy Lake,Mountain,19,2,17,38,positive,0.753,There are lovely views of the hills around.,1086,0.034990791896869246,24,1.927891643552635,0.06745845529926348,0.050796216840345396
Kandy Lake,Noise level,0,36,0,36,negative,0.798,Loud and polluted by fires,1086,0.03314917127071823,32,1.640209571100854,0.054371587992293496,0.04338852721785021
Kandy Lake,Wildlife,27,2,23,52,positive,0.782,"It is a nice walk around the lake, where you will see a lot of the town and some wildlife.",1086,0.04788213627992634,54,1.1169614273363062,0.05348249928313805,0.04182331443941396
Kandy View Point,Viewpoint,93,6,82,181,positive,0.813,"After visiting Sacred Kandy Temple, I went to view point that supposed offer good view of Kandy city, Temple and nearby mountains.The main place where we have to watch is dug up for some repairs and full of debris.",1251,0.14468425259792167,29,1.7386496439141066,0.25155522425935517,0.20451439732285573
Kandy View Point,Mountain,46,4,30,80,positive,0.756,"Either get a tuk tuk or if you are energetic walk up the hill on the opposite side to the train station and have a great view of bustling Kandy,when we went it was not so good as there is lots of building work going on and there was quite a lot of",1251,0.0639488409272582,24,1.927891643552635,0.12328643603853781,0.09320454564513458
Kandy View Point,Scenic view,332,4,95,431,positive,0.775,Breathtaking View,1251,0.3445243804956035,128,0.25391520998096345,0.08747998041710252,0.06779698482325446
Kandy View Point,Temple,51,2,55,108,neutral,0.782,"Friendly smiling people and such a clean respectful place good photo opportunities, Temple of the tooth is so busy but a must went early evening for great photos after sunset too.",1251,0.08633093525179857,76,0.7752121336142496,0.0669247885134604,0.05233518461752603
Kandy View Point,Buddha statue,21,1,36,58,neutral,0.796,"This was a really great view over Kandy and Kandy lake, you can also spot the buddha!",1251,0.04636290967226219,47,1.255797872190522,0.058222443314988236,0.046345064878730635
Kanniya Hot Springs,Changing rooms,2,2,11,15,neutral,0.801,There are changing rooms by the sides but toilets are a bit farther away and not at all clean.This place could be developed further to make it tourist friendly.,342,0.043859649122807015,3,4.007333185232471,0.1757602274224768,0.1407839421654039
Kanniya Hot Springs,Shops,6,2,5,13,positive,0.755,"There are plenty of shops on the way to the hot springs that sell interesting souvenir goodies, real cheap.",342,0.038011695906432746,10,2.803360380906535,0.10656048231516067,0.08045316414794632
Kanniya Hot Springs,Souvenir stalls,7,4,16,27,neutral,0.767,The walk in its lined with cheap and junky souvenir stalls.,342,0.07894736842105263,49,1.214125175789954,0.0958519875623648,0.0735184744603338
Kanniya Hot Springs,Ticket price,7,12,26,45,neutral,0.755,Its only 10 rupees or locals and 50 for tourists and you can bathe from the 7 hot springs.,342,0.13157894736842105,94,0.5626506916305767,0.07403298574086535,0.05589490423435334
Kanniya Hot Springs,Toilets,3,7,6,16,negative,0.785,"Slippery floors, lack of dress changing areas and toilet facilities, information about the wells, nothing there.",342,0.04678362573099415,37,1.4950275612563562,0.0699428098833383,0.054905105758420565
Kataragama Temple,Temple,65,16,118,199,neutral,0.772,"People generally take a bath before hand, wear white clothing and visit the temple grounds without headwear and footwear.",618,0.3220064724919094,76,0.7752121336142496,0.24962332457805123,0.19270920657425555
Kataragama Temple,Hindu shrine,18,6,65,89,neutral,0.763,The visit to the Buddhist and Hindu temple on a full moon day was great as the kids experienced the crowds and prayers in full swing.,618,0.14401294498381878,39,1.4423838277709342,0.2077219428343255,0.15849184238259034
Kataragama Temple,Mosque,4,1,19,24,neutral,0.754,"There are still other sights worth a look - the Kiri Vehara, the Bodhi tree, and a mosque.",618,0.038834951456310676,5,3.4965075614664802,0.13578670141617397,0.10238317286779518
Kataragama Temple,River,2,3,20,25,neutral,0.755,"We used to bathe in Menik Ganga (the holy river) when we were little, but sadly it's now polluted due to less water flow.",618,0.040453074433656956,33,1.6094379124341003,0.06510671166804613,0.04915556730937483
Kataragama Temple,Elephants,8,2,12,22,neutral,0.775,"two sacred Bo trees taken from the famous Bo tree at Anpuradhapura.An interesting sight was the tourists going under the two temple elephants seven times for good luck.the walk up to Maha Deaval and Kira Viham had people selling flowers to the devotees ,the children all asking got bonbons!!!At 10.30 the daily Poya takes",618,0.03559870550161812,33,1.6094379124341003,0.05729390626788059,0.04440277735760746
Kaudulla National Park,Elephants,254,18,209,481,positive,0.789,"We saw mostly elephants, but we had the most amazing driver and he got us very close even to the smallest ones.",1347,0.3570898292501856,33,1.6094379124341003,0.5747139093398681,0.45344927446915595
Kaudulla National Park,Birds,63,2,105,170,neutral,0.764,"Our guide, Pradeep, and driver were excellent spotters so we saw birds, a sloth bear, 2 different mongoose breeds and assorted other wild things.",1347,0.12620638455827765,40,1.4170660197866443,0.1788427790376611,0.1366358831847731
Kaudulla National Park,Wildlife,74,6,95,175,neutral,0.78,"The elephants here are wild and leave free in the jungle, you don't get very close to the animals as other places with domesticated elephants but the experience is much better here!",1347,0.12991833704528583,54,1.1169614273363062,0.14511377118326177,0.11318874152294418
Kaudulla National Park,Local guide,38,3,37,78,positive,0.76,The tour guide was knowledgeable and kept calm when one rather large elephant looked like he was going to charge at our jeep!,1347,0.05790645879732739,66,0.9162907318741551,0.053059151511643726,0.040324955148849234
Kaudulla National Park,Trail,16,6,23,45,neutral,0.763,The tour follows a large lake inside the park and the path is a bit rough.,1347,0.0334075723830735,39,1.4423838277709342,0.04818654213043211,0.0367663316455197
Keerimalai Hot springs,Hindu shrine,6,2,10,18,neutral,0.773,The road leading from maviddapuram kantha swamy kovil to keerimalai is now tarred and makes travel more comfortable.The temple itself has historical importance for Hindus which is also called Nahuleswaram.,137,0.13138686131386862,39,1.4423838277709342,0.18951028394070668,0.14649144948616627
Keerimalai Hot springs,Changing rooms,1,3,2,6,negative,0.833,Wash room for fresh water baths available on site with excellent toilets and changing rooms.,137,0.043795620437956206,3,4.007333185232471,0.17550364314886735,0.1461945347430065
Keerimalai Hot springs,Beach,8,2,9,19,neutral,0.784,"The young men and women had their own part of the building , easy access to the beach area.",137,0.1386861313868613,64,0.9470623905409088,0.13134441912611144,0.10297402459487137
Keerimalai Hot springs,Temple,11,3,5,19,positive,0.799,The near by temple also worth a look too.,137,0.1386861313868613,76,0.7752121336142496,0.1075111718151149,0.0859014262802768
Keerimalai Hot springs,Cleanliness,19,18,0,37,positive,0.879,"We visited during a hot day, so the cool water was appreciated.I always find these temple baths, green, slimy and floating with plastic bottles.Although it was a little bit slimy and green, it was clean and full of locals up for a chat or swimming race.",137,0.27007299270072993,117,0.34377153910282454,0.09284340837083582,0.08160935595796469
Kelaniya Raja Maha Vihara,Temple,186,23,190,399,neutral,0.785,close to colombo one of the best and well recognized temples in Sri Lanka.,1355,0.2944649446494465,76,0.7752121336142496,0.22827279801629932,0.17919414644279497
Kelaniya Raja Maha Vihara,Buddha statue,55,0,170,225,neutral,0.767,The Sleeping Buddha statue is impressive - The surrounding area is Peaceful- Had the good luck to watch the Temple elephant being fed by the chief monk - it was impressive !,1355,0.16605166051660517,47,1.255797872190522,0.2085273219504557,0.15994045593599954
Kelaniya Raja Maha Vihara,Paintings,63,0,53,116,positive,0.785,The beautiful paintings inside the wall and ceiling of the template explains the history related to this temple.,1355,0.08560885608856089,29,1.7386496439141066,0.1488438071542704,0.11684238861610227
Kelaniya Raja Maha Vihara,Murals,26,1,19,46,positive,0.81,The well preserved wall paintings and statues will take your breath away!,1355,0.03394833948339483,11,2.70805020110221,0.09193380756509348,0.07446638412772572
Kelaniya Raja Maha Vihara,River,11,1,42,54,neutral,0.759,Kelani river is visible to this temple and also you feel really free and relaxed in this place due to its religious value.,1355,0.03985239852398524,33,1.6094379124341003,0.06413996108593463,0.04868223046422438
Kiri Vehera,Stupa,5,0,6,11,neutral,0.778,This amazing pagoda and surrounding will surely relax your mind and body and bring you to a place of peace and spirituality irrespective of what ever religion you practice.,32,0.34375,29,1.7386496439141066,0.5976608150954741,0.46498011414427887
Kiri Vehera,Temple,2,2,7,11,neutral,0.773,"Very crowded in weekends, can park near the temple if you can get a pass from the police or you have to walk a bit.",32,0.34375,76,0.7752121336142496,0.2664791709298983,0.2059883991288114
Kiri Vehera,Crowdedness,1,4,0,5,negative,0.872,"Very crowded in weekends, can park near the temple if you can get a pass from the police or you have to walk a bit.",32,0.15625,122,0.3019244291673241,0.047175692057394386,0.0411372034740479
Kiri Vehera,Peacefulness,5,0,0,5,positive,0.792,"Walking around the Stupa made me feel calm, tranquil and peaceful.",32,0.15625,129,0.24613306953890854,0.03845829211545446,0.03045896735543993
Kirinda Viharaya,Temple,24,1,23,48,positive,0.788,"Rather than just be 'another temple' , there are spectacular views of the coast from the site which can extend to the Basses reef, one of Sri Lanka's premier dive sites.",166,0.2891566265060241,76,0.7752121336142496,0.2241577253824336,0.17663628760135766
Kirinda Viharaya,Beach,14,0,11,25,positive,0.783,"Rather than just be 'another temple' , there are spectacular views of the coast from the site which can extend to the Basses reef, one of Sri Lanka's premier dive sites.",166,0.15060240963855423,64,0.9470623905409088,0.14262987809351038,0.11167919454721863
Kirinda Viharaya,Buddha statue,2,0,9,11,neutral,0.78,"A Devalaya, a statue of Vihara Maha Deviya, a statue of Lord Buddha and some beautiful scenes of the sea also.",166,0.06626506024096386,47,1.255797872190522,0.08321552165117918,0.06490810688791976
Kirinda Viharaya,Sculptures,5,0,6,11,neutral,0.782,Beautiful newly build statue.,166,0.06626506024096386,55,1.0986122886681098,0.07279960949005547,0.05692929462122338
Kirinda Viharaya,Scenic view,21,0,13,34,positive,0.769,Culturally significant site with spectacular sea views,166,0.20481927710843373,128,0.25391520998096345,0.05200672975513709,0.039993175181700424
Knuckles Mountain Range,Mountain,80,7,60,147,positive,0.784,We didnt climb the mountain but still thought it was amazing on the plateau.,909,0.1617161716171617,24,1.927891643552635,0.3117712558880499,0.2444286646162311
Knuckles Mountain Range,Waterfall,43,6,27,76,positive,0.793,the one negative was that the climb up by the waterfalls was extremely difficult.,909,0.08360836083608361,24,1.927891643552635,0.161187860187019,0.12782197312830607
Knuckles Mountain Range,Leeches,0,40,7,47,negative,0.795,They brought along spray for the many leeches (beware of these and wear boot if possible) and even provided tooth picks at the end of our lunch.,909,0.0517051705170517,8,3.0265039322207445,0.1564859018860011,0.12440629199937087
Knuckles Mountain Range,Tea plantation,19,2,13,34,positive,0.835,"Definitely need to go with a local guide, who can be expensive at SLR10000/day.Take a spare pair of socks and ensure you have the leech protection spray.Drive up from Kandy through the tea plantations is amazing",909,0.0374037403740374,16,2.3333567516607996,0.08727627013912781,0.07287568556617172
Knuckles Mountain Range,Local guide,31,9,32,72,neutral,0.769,The guide very helpful and friendly.,909,0.07920792079207921,66,0.9162907318741551,0.07257748371280437,0.05581208497514656
Koggala Lake,Temple,18,0,15,33,positive,0.784,Its a pleasant and enjoyable ride through the lake visiting a temple and the cinnamon island it was fun and relaxing,213,0.15492957746478872,76,0.7752121336142496,0.12010328830643302,0.09416097803224349
Koggala Lake,Wildlife,10,1,9,20,positive,0.785,Good wildlife very large lake good 3hour trip very safe good boats mainly birds ask and you can get a better price,213,0.09389671361502347,54,1.1169614273363062,0.104879007261625,0.08233002070037562
Koggala Lake,Ticket price,10,7,23,40,neutral,0.769,Good wildlife very large lake good 3hour trip very safe good boats mainly birds ask and you can get a better price,213,0.18779342723004694,94,0.5626506916305767,0.10566210171466228,0.08125415621857529
Koggala Lake,Local guide,7,3,8,18,neutral,0.758,It was really well organised with friendly boatmen and Sri Lankan guides making it so enjoyable.,213,0.08450704225352113,66,0.9162907318741551,0.07743301959499903,0.05869422885300926
Koggala Lake,Value for money,3,24,0,27,negative,0.856,"Saw a large water monitor lizard on the way back to the boat.It was a pleasant outing, but way overpriced for tourists.",213,0.1267605633802817,112,0.38744660260548613,0.049112949626047536,0.04204068487989669
Kosgoda Sea Turtle Conservation Project,Turtles,280,26,171,477,positive,0.794,An amazing project saving sea turtles!,1271,0.3752950432730134,16,2.3333567516607996,0.8756972230859177,0.6953035951302187
Kosgoda Sea Turtle Conservation Project,Wildlife,53,4,29,86,positive,0.799,This volunteer project protects rare sea turtles and gives an opportunity for the travelers to experience these nice sea creatures.,1271,0.06766325727773406,54,1.1169614273363062,0.07557724842716154,0.06038622149330208
Kosgoda Sea Turtle Conservation Project,Beach,39,2,43,84,neutral,0.78,"The project also helps maintain and keep the local beaches clear, ensuring they provide ideal turtle-laying conditions and protecting vital nesting-grounds..",1271,0.06608969315499606,64,0.9470623905409088,0.0625910627894857,0.04882102897579885
Kosgoda Sea Turtle Conservation Project,Local guide,42,1,43,86,neutral,0.758,"The guide simply avoided answering the question and kept repeating that what we saw was a rare event and that we were very luck (cliched, but avoidable).The good side about this hatchery is that they take care of blind and deformed turtles instead of releasing them in the wild which could end up as shark meal.",1271,0.06766325727773406,66,0.9162907318741551,0.061999215532004194,0.04699540537325918
Kosgoda Sea Turtle Conservation Project,Family friendliness,61,1,36,98,positive,0.765,A place must to be visited for showing the kids these beautiful creatures.,1271,0.07710464201416208,89,0.6173091041684409,0.047597397488990716,0.0364120090790779
Kumana National Park,Leopards,16,4,42,62,neutral,0.766,"In May, I saw 4 leopards at once, so it's well worth the trip.Make sure to ask for a good guide from the Park office if you are travelling with your family, it's always better to talk to him and ask few basic",388,0.15979381443298968,13,2.540996116439044,0.406035461905208,0.3110231638193893
Kumana National Park,Birds,35,3,41,79,neutral,0.763,The park had many animals and birds as it was just after the rains the tracks were really muddy and our safari vehicle since it had no four wheel drive got bogged down twice but a great experience,388,0.2036082474226804,40,1.4170660197866443,0.288526328770992,0.2201455888522669
Kumana National Park,Elephants,13,3,41,57,neutral,0.761,"Since this park was opened recently, not much animals are comfortable seeing humans :) we were chased by an elephant & it made our visit even more exciting.",388,0.14690721649484537,33,1.6094379124341003,0.23643804383696834,0.1799293513599329
Kumana National Park,Wildlife,34,4,26,64,positive,0.789,The park had many animals and birds as it was just after the rains the tracks were really muddy and our safari vehicle since it had no four wheel drive got bogged down twice but a great experience,388,0.16494845360824742,54,1.1169614273363062,0.1842410601791845,0.14536619648137658
Kumana National Park,Forest,6,0,9,15,neutral,0.777,"4 varieties of eagles, 2 varieties of owls, shama, painted stork, barber, green bee eaters, peacocks, jungle fowls, doves, parrots, pelicans, wild quail, kingfishers, woodpeckers, weevers, darts, & plenty of common birds were all seen.The best part of the trip was the camping by the river handled",388,0.03865979381443299,51,1.1741198411762548,0.04539123097330882,0.035268986466260956
Laxapana Falls,Waterfall,14,1,3,18,positive,0.803,It's disappointing that difficult to take bath from this Waterfalls add it's risky,42,0.42857142857142855,24,1.927891643552635,0.8262392758082721,0.6634701384740425
Laxapana Falls,Stairs,6,1,2,9,positive,0.804,There are well maintained steps to go to the foot of the falls; it's an adventurous but a safe journey.,42,0.21428571428571427,47,1.255797872190522,0.26909954404082614,0.21635603340882423
Laxapana Falls,Safety,3,2,0,5,positive,0.8,It's disappointing that difficult to take bath from this Waterfalls add it's risky,42,0.11904761904761904,86,0.651598177647073,0.07757121162465154,0.06205696929972124
Laxapana Falls,Scenic view,6,0,4,10,positive,0.764,"The Laxapana Falls are beautiful, but the overlook to view them is sadly far away.",42,0.23809523809523808,128,0.25391520998096345,0.06045600237641987,0.04618838581558478
Lipton’s Seat,Tea plantation,117,4,72,193,positive,0.834,"I wish i could have done at least few km walking, because the area is pinturesque, full of nice tea plantations.",1353,0.1426459719142646,16,2.3333567516607996,0.33284394166336606,0.2775918473472473
Lipton’s Seat,Public transport access,83,11,152,246,neutral,0.789,"One of my favourite trips in Sri Lanka!Due to my leg injury I was forced to take the tuk tuk here, but it was still nice experience.",1353,0.18181818181818182,90,0.6061358035703155,0.11020650974005737,0.08695293618490527
Lipton’s Seat,Sunrise view,36,1,24,61,positive,0.835,"It was still dark by the time we started, but the sunrise on our way to the summit was very nice.",1353,0.0450849963045085,21,2.0614230361771577,0.09293924996807584,0.07760427372334333
Lipton’s Seat,Viewpoint,42,1,19,62,positive,0.824,Amazing Viewing Point,1353,0.04582409460458241,29,1.7386496439141066,0.07967204576694353,0.06564976571196147
Lipton’s Seat,Scenic view,336,7,72,415,positive,0.805,"Spectacular views, very quiet",1353,0.30672579453067256,128,0.25391520998096345,0.07788234452483357,0.06269528734249102
Little Adam's Peak View Point,Stairs,70,34,86,190,neutral,0.779,A lot of steep steps and some rough patches to negotiate.,1760,0.10795454545454546,47,1.255797872190522,0.13556908847511318,0.10560831992211317
Little Adam's Peak View Point,Trail,78,14,49,141,positive,0.752,Short hiking trail with great view,1760,0.08011363636363636,39,1.4423838277709342,0.11555461347483052,0.08689706933307255
Little Adam's Peak View Point,Tea plantation,43,7,28,78,positive,0.832,The trail itself is quite easy walking between tea fields.,1760,0.04431818181818182,16,2.3333567516607996,0.10341012876678544,0.08603722713396549
Little Adam's Peak View Point,Sunrise view,56,3,28,87,positive,0.835,The views at sunrise were beautiful and was pleased to be joined by a pack of friendly dogs.,1760,0.04943181818181818,21,2.0614230361771577,0.10189988872012086,0.08508640708130091
Little Adam's Peak View Point,Scenic view,522,10,59,591,positive,0.825,Views from the top well worth the effort.,1760,0.33579545454545456,128,0.25391520998096345,0.08526357335156216,0.07034244801503878
Lover's Leap Falls,Waterfall,174,20,73,267,positive,0.8,"The views through the plantations are beautiful, and the falls are beautiful.",906,0.2947019867549669,24,1.927891643552635,0.56815349760326,0.454522798082608
Lover's Leap Falls,Tea plantation,67,8,40,115,positive,0.83,nice walk along the tea plantation.,906,0.12693156732891833,16,2.3333567516607996,0.296176629625819,0.24582660258942973
Lover's Leap Falls,Rock formation,13,4,15,32,neutral,0.753,We opted for the more difficult route of climbing up the rocks to get to the base of the fall- but you can walk another way which is a gravelly path.,906,0.03532008830022075,20,2.1102132003465894,0.07453291656853296,0.05612328617610532
Lover's Leap Falls,Public transport access,29,11,57,97,neutral,0.796,it's just 30 rupees by bus from down town Nuwera Eliya so it was good.,906,0.10706401766004416,90,0.6061358035703155,0.06489533437783732,0.051656686164758506
Lover's Leap Falls,Scenic view,138,4,38,180,positive,0.8,Stop for photos; enjoy the views; water falling sound is great.,906,0.1986754966887417,128,0.25391520998096345,0.05044673045979406,0.04035738436783525
Lunugamvehera National Park,Leopards,8,2,19,29,neutral,0.768,Afternoon visits are recommended since there is a chance of seeing a leopard.,158,0.18354430379746836,13,2.540996116439044,0.4663853631438752,0.35818395889449617
Lunugamvehera National Park,Birds,10,0,19,29,neutral,0.758,"We could see, Elephants,Lepored , Shamber, Spoted Deer, crocodile, and more birds.this is beautiful park, no more jeeps, We used yala eco safari jeep.",158,0.18354430379746836,40,1.4170660197866443,0.26009439603678913,0.19715155219588618
Lunugamvehera National Park,Elephants,2,1,20,23,neutral,0.751,"We could see, Elephants,Lepored , Shamber, Spoted Deer, crocodile, and more birds.this is beautiful park, no more jeeps, We used yala eco safari jeep.",158,0.14556962025316456,33,1.6094379124341003,0.23428526573407787,0.1759482345662925
Lunugamvehera National Park,Lake,3,0,5,8,neutral,0.763,"We saw lots of elephants, deer, rabbits, crocodiles, beautiful birds and reservoir has a beautiful scenery.We entered through the newly opened gate from lunugamvehera reservoir side so animals are not very familiar with vehicles so fan away as we reach .Very friendly staff .",158,0.05063291139240506,2,4.412798293340635,0.22343282497927264,0.17047924545918502
Lunugamvehera National Park,Wildlife,11,2,9,22,positive,0.788,"We saw lots of elephants, deer, rabbits, crocodiles, beautiful birds and reservoir has a beautiful scenery.We entered through the newly opened gate from lunugamvehera reservoir side so animals are not very familiar with vehicles so fan away as we reach .Very friendly staff .",158,0.13924050632911392,54,1.1169614273363062,0.15552627469239705,0.12255470445760888
Madu River Safari by Buddhi,River,154,9,138,301,positive,0.784,Best part of being in Bentota is Modu River Safari.,1424,0.21137640449438203,33,1.6094379124341003,0.34019719918726415,0.2667146041628151
Madu River Safari by Buddhi,Birds,49,5,86,140,neutral,0.762,"Tour was great, we saw a lot of birds (heron, cormorant, kingfisher...), lizard and the lagoon itself is very very nice.",1424,0.09831460674157304,40,1.4170660197866443,0.1393182884621701,0.10616053580817361
Madu River Safari by Buddhi,Temple,61,7,94,162,neutral,0.772,Another island we visited was having an ancient Buddhist temple which was tranquil and peaceful.,1424,0.11376404494382023,76,0.7752121336142496,0.08819126800948626,0.0680836589033234
Madu River Safari by Buddhi,Wildlife,35,6,53,94,neutral,0.774,"Look out for the special plants and animals that live in these peaceful backwaters, from diving Little Cormorants to jumping Mud Skippers, and enjoy the beauty of these rare forests and waterways.",1424,0.06601123595505617,54,1.1169614273363062,0.07373200433259323,0.05706857135342717
Madu River Safari by Buddhi,Ticket price,52,14,63,129,neutral,0.764,Great trip for only 2000 rupees per person...be prepared to spend another 1000 on tips throughout ride..I recall there being about 5 stops where a tip is required :),1424,0.09058988764044944,94,0.5626506916305767,0.050970462935635105,0.038941433682825224
Maduru Oya National Park,Elephants,6,2,16,24,neutral,0.767,The park is very famous for aggressive wild elephants and thousands of spotted deer.,59,0.4067796610169492,33,1.6094379124341003,0.6546866084477696,0.5021446286794393
Maduru Oya National Park,Wildlife,3,1,9,13,neutral,0.765,"So I would recommend it for families with small children to get a ""soft start"" into wildlife watching.",59,0.22033898305084745,54,1.1169614273363062,0.24611014500630476,0.18827426092982316
Maduru Oya National Park,Birds,2,0,6,8,neutral,0.75,Beautiful scenery and good for birds,59,0.13559322033898305,40,1.4170660197866443,0.19214454505581616,0.14410840879186212
Maduru Oya National Park,Scenic view,6,0,2,8,positive,0.822,But the landscapes are beautiful.,59,0.13559322033898305,128,0.25391520998096345,0.03442918101436793,0.028300786793810435
Maduru Oya National Park,Crowdedness,2,2,2,6,positive,0.827,The mueseum in the village is very informative and go on a weekday to enjoy with a lesser crowd.,59,0.1016949152542373,122,0.3019244291673241,0.030704179237354995,0.02539235622929258
Maha Saman Dewalaya,Temple,8,0,4,12,positive,0.79,The temple is in a huge land beautiful buildings and most important this which I saw was the 500 year old live growing rock tree inside the shrine which you must see.,33,0.36363636363636365,76,0.7752121336142496,0.2818953213142726,0.22269730383827535
Maha Saman Dewalaya,Hindu shrine,1,0,5,6,neutral,0.757,The temple is in a huge land beautiful buildings and most important this which I saw was the 500 year old live growing rock tree inside the shrine which you must see.,33,0.18181818181818182,39,1.4423838277709342,0.26225160504926076,0.1985244650222904
Maha Saman Dewalaya,Buddha statue,2,0,3,5,neutral,0.78,The ancient chronicals reveals that he was the leader of the Deva tribe in ancient Lanka and one of the great follower of Lord Buddha.,33,0.15151515151515152,47,1.255797872190522,0.19027240487735184,0.14841247580433445
Maha Saman Dewalaya,Peacefulness,10,0,0,10,positive,0.792,Very calm.,33,0.30303030303030304,129,0.24613306953890854,0.0745857786481541,0.05907193668933806
Maligawila Buddha Statue,Buddha statue,16,0,6,22,positive,0.842,"The free-standing limestone buddha statue is 11 meters (36ft) tall and is supposed to be the tallest free-standing statue of Buddha in the world, although some say that the Avukana Buddha Statue is also the tallest.",61,0.36065573770491804,47,1.255797872190522,0.45291070800313915,0.38135081613864313
Maligawila Buddha Statue,Sculptures,16,0,5,21,positive,0.812,"The free-standing limestone buddha statue is 11 meters (36ft) tall and is supposed to be the tallest free-standing statue of Buddha in the world, although some say that the Avukana Buddha Statue is also the tallest.",61,0.3442622950819672,55,1.0986122886681098,0.37821078790213614,0.3071071597765346
Maligawila Buddha Statue,Ancient ruins,5,0,2,7,positive,0.8,"About 100 meters away there is a statue of Avalokitesvara which is 10 meters tall, the stone pillar inscription and the ruins of the old buildings.Maligawila is a well worth visit.",61,0.11475409836065574,23,1.9704512579714308,0.2261173574721314,0.18089388597770514
Maligawila Buddha Statue,Value for money,11,0,0,11,positive,0.8,"The free-standing limestone buddha statue is 11 meters (36ft) tall and is supposed to be the tallest free-standing statue of Buddha in the world, although some say that the Avukana Buddha Statue is also the tallest.",61,0.18032786885245902,112,0.38744660260548613,0.0698674201419729,0.055893936113578326
Marble Beach,Beach,233,24,49,306,positive,0.815,Great little flat beach with beautifully clear water.,1164,0.26288659793814434,64,0.9470623905409088,0.24897000988446572,0.20291055805583955
Marble Beach,Sandy beach,26,1,13,40,positive,0.775,The shallow and crystal clear water gives a sense of confidence to the non-swimmer as he gazes down into the pure clean sand below.,1164,0.03436426116838488,15,2.3978952727983707,0.08240189940887872,0.06386147204188102
Marble Beach,Water clarity,21,0,0,21,positive,0.92,Great little flat beach with beautifully clear water.,1164,0.01804123711340206,13,2.540996116439044,0.045842713440910586,0.04217529636563774
Marble Beach,Water depth,11,2,10,23,positive,0.765,The shallow and crystal clear water gives a sense of confidence to the non-swimmer as he gazes down into the pure clean sand below.,1164,0.019759450171821305,13,2.540996116439044,0.050208686149568735,0.03840964490442008
Marble Beach,Waves,16,0,10,26,positive,0.778,"A nice hideaway, with sound of waves breaking....",1164,0.022336769759450172,20,2.1102132003465894,0.047135346399494266,0.03667129949880654
Matara Paravi Duwa Temple,Sea,13,0,8,21,positive,0.754,It is quite empty.Nice view of the sea though.,186,0.11290322580645161,7,3.1600353248452673,0.35677818183736887,0.26901074910537615
Matara Paravi Duwa Temple,Bridge,14,2,14,30,positive,0.781,It is accessible via a bridge and it is well worth taking time to explore this unique attraction which has a very special atmosphere surrounded by the waves near to southern most tipoff the islands.,186,0.16129032258064516,20,2.1102132003465894,0.340356967797837,0.2658187918501107
Matara Paravi Duwa Temple,Temple,30,2,18,50,positive,0.797,A fairly elaborate covered area opposite the temple entrance is home to a seated Buddha with a case housing an ornate gold coloured metal plaque.Unless you have a specific interest or purpose in visiting the temple there isn't a great,186,0.26881720430107525,76,0.7752121336142496,0.20839035849845416,0.16608711572326798
Matara Paravi Duwa Temple,Beach,8,1,8,17,positive,0.781,Good for a short walk and good views along the coast at Matara,186,0.0913978494623656,64,0.9470623905409088,0.08655946580212608,0.06760294279146047
Matara Paravi Duwa Temple,Scenic view,33,0,2,35,positive,0.822,Good for a short walk and good views along the coast at Matara,186,0.1881720430107527,128,0.25391520998096345,0.047779743813622155,0.03927494941479741
Mihintale,Stairs,78,31,81,190,neutral,0.781,Nice view over the country at sunset but watch the monkeys as they can be sneaky.Many stairs to climb!,1549,0.12265978050355068,47,1.255797872190522,0.15403589135971543,0.12030203115193776
Mihintale,Stupa,67,5,61,133,positive,0.78,We watched the sun set over the breath taking landscape from the dagoba whilst traditional drums played creating a serene atmosphere.,1549,0.08586184635248548,29,1.7386496439141066,0.14928366858655662,0.11644126149751416
Mihintale,Buddha statue,54,4,51,109,positive,0.8,"The site offers a range of attractions - beautiful Buddha in white, a large and small stupa and a very slipper rock to climb from which you may take breathtaking district views.",1549,0.07036797934151065,47,1.255797872190522,0.0883679587274157,0.07069436698193256
Mihintale,Sunset view,68,4,23,95,positive,0.845,We watched the sun set over the breath taking landscape from the dagoba whilst traditional drums played creating a serene atmosphere.,1549,0.06132989025177534,44,1.3217558399823195,0.08106314060575878,0.06849835381186617
Mihintale,Ancient ruins,27,3,28,58,neutral,0.778,On the way up some interesting ruins of what would've have been a monastery and some stone tablets explaining the roles and duties of monks - if you can read Sinhalese in the original script.,1549,0.03744351194318916,23,1.9704512579714308,0.07378061521132537,0.057401318634411135
Minneriya National Park,Elephants,293,27,249,569,positive,0.789,"Nature there is beautiful, and it was so nice to see elephants in a wild habitat!",1740,0.32701149425287357,33,1.6094379124341003,0.5263046966523006,0.4152544056586652
Minneriya National Park,Birds,70,3,136,209,neutral,0.759,"Park was good overall with lots of elephants to see, some water buffalo and other small birds.",1740,0.12011494252873563,40,1.4170660197866443,0.1702108035260969,0.12918999987630755
Minneriya National Park,Wildlife,98,15,109,222,neutral,0.783,Good afternoon animal spotting,1740,0.12758620689655173,54,1.1169614273363062,0.1425088717635977,0.111584446590897
Minneriya National Park,Local guide,63,4,51,118,positive,0.766,"I would strongly recommend you go in the jeep with the driver and a guide, as the guide can not only take you to the best areas to see wildlife but also keep the monkeys away from you!",1740,0.067816091954023,66,0.9162907318741551,0.06213925652939673,0.0475986705015179
Minneriya National Park,Trail,13,4,23,40,neutral,0.761,The track in was a bit rough and there was little other widlife apart from a few water buffalo.,1740,0.022988505747126436,39,1.4423838277709342,0.03315824891427435,0.02523342742376278
Mirissa Beach,Beach,437,34,81,552,positive,0.817,Beach restaurant NishanSri Lanka looks Nice but completely uninterested staff !,2307,0.23927178153446033,64,0.9470623905409088,0.22660530540900808,0.1851365345191596
Mirissa Beach,Waves,128,16,67,211,positive,0.78,"Very nice beach: yellow sand, some shadow places for relax, nice waves, many good restaurants.",2307,0.09146077156480277,20,2.1102132003465894,0.1930017274699308,0.15054134742654604
Mirissa Beach,Restaurants,143,15,79,237,positive,0.799,Beach restaurant NishanSri Lanka looks Nice but completely uninterested staff !,2307,0.10273081924577374,49,1.214125175789954,0.12472807397582103,0.09965773110668101
Mirissa Beach,Sandy beach,87,5,19,111,positive,0.766,"Very nice beach: yellow sand, some shadow places for relax, nice waves, many good restaurants.",2307,0.04811443433029909,15,2.3978952727983707,0.11537337463399183,0.08837600496963774
Mirissa Beach,Food quality,86,5,24,115,positive,0.752,A nice chilled beer and good food with beach view would be a good evening,2307,0.04984828781967924,16,2.3333567516607996,0.11631383894277936,0.08746800688497007
Moon Plains,Mountain,40,2,37,79,positive,0.773,"You are able to see the Highest Peak (Pidurutalagala), 2nd Highest peak (Kirigalpoththa), third highest peak (Thotupola Kanda), 6th Highest peak (Great Western Mountain), 7th highest peak (Hakgala).Need to park the vehicle at entrance and go in a safari jeep...",392,0.20153061224489796,24,1.927891643552635,0.3885291832669851,0.3003330586653795
Moon Plains,Viewpoint,15,3,21,39,neutral,0.81,and you will be taken by jeep to the view point where there are quite stunning views across to Ella and back to Nuwara Eliya and Hakgalla.,392,0.09948979591836735,29,1.7386496439141066,0.17297789824655652,0.1401120975797108
Moon Plains,Scenic view,84,3,36,123,positive,0.772,This place open at 7:00 am but if you like to see scenic view better try to select clear time with no rain/mist.,392,0.3137755102040816,128,0.25391520998096345,0.07967237456035332,0.06150707316059277
Moon Plains,Wildlife,7,2,18,27,neutral,0.767,good place to visit but not much greenish view nothing to say i we colud see some animals deers more,392,0.06887755102040816,54,1.1169614273363062,0.07693356769918434,0.059008046425274394
Moon Plains,Weather condition,7,18,2,27,negative,0.79,This place open at 7:00 am but if you like to see scenic view better try to select clear time with no rain/mist.,392,0.06887755102040816,82,0.6992262266363275,0.048160990099951125,0.03804718217896139
Moonstone or Sandakada pahana,Sculptures,16,0,13,29,positive,0.786,A beautiful stone carving,56,0.5178571428571429,55,1.0986122886681098,0.568924220917414,0.44717443764108744
Moonstone or Sandakada pahana,Wildlife,5,0,10,15,neutral,0.763,"A beautiful ancient piece of architecture, with carvings of animals & flowers on a stone.Many legends surround these carving.",56,0.26785714285714285,54,1.1169614273363062,0.29918609660793916,0.2282789917118576
Moonstone or Sandakada pahana,Ancient ruins,2,1,4,7,neutral,0.76,The ruins in this area are worth seeing.,56,0.125,23,1.9704512579714308,0.24630640724642885,0.18719286950728592
Moonstone or Sandakada pahana,Stairs,3,0,2,5,positive,0.76,"The steps also have interesting carvings of little creatures.To know more, you probably have to read up (or get a guide).",56,0.08928571428571429,47,1.255797872190522,0.1121248100170109,0.08521485561292828
Mount Lavinia Beach,Beach,323,40,65,428,positive,0.814,Had a lovely evening under the stars enjoying fresh sea food cooked various ways on the beach.,1721,0.24869262056943636,64,0.9470623905409088,0.23552742774637359,0.19171932618554807
Mount Lavinia Beach,Restaurants,97,9,65,171,positive,0.793,Recommended times to visit are the morning and the evening with plenty of restaurants offering mouth watering cuisine to fit anyone's budget!,1721,0.09936083672283556,49,1.214125175789954,0.12063649335274965,0.09566473922873048
Mount Lavinia Beach,Sandy beach,37,11,26,74,positive,0.75,A small strip of beach with rough sand.,1721,0.04299825682742592,15,2.3978952727983707,0.10310531678505487,0.07732898758879116
Mount Lavinia Beach,Sunset view,56,1,20,77,positive,0.847,Mount Lavinia beach used to be the place to be a few years back and you can still see a good stretch of beach where families enjoy a leisurely stroll or couples watch the sunset.,1721,0.04474142940151075,44,1.3217558399823195,0.05913724560060348,0.05008924702371115
Mount Lavinia Beach,Accommodation,103,9,53,165,positive,0.799,Excellent Sea side resort,1721,0.09587449157466589,90,0.6061358035703155,0.058112961992505555,0.04643225663201194
Mulgirigala Raja Maha Vihara,Cave,77,7,30,114,positive,0.771,Beautiful paintings in the cave.,1635,0.06972477064220184,2,4.412798293340635,0.3076813488934755,0.2372223199968696
Mulgirigala Raja Maha Vihara,Cave temple,50,4,32,86,positive,0.831,We honestly enjoyed the drive through the country side better than the rock temple itself.,1635,0.052599388379204894,8,3.0265039322207445,0.15919225576206975,0.13228876453827995
Mulgirigala Raja Maha Vihara,Stairs,65,32,62,159,positive,0.782,550 steps not as bad as you might think,1635,0.09724770642201835,47,1.255797872190522,0.12212346280017922,0.09550054790974015
Mulgirigala Raja Maha Vihara,Paintings,79,1,31,111,positive,0.8,Beautiful paintings in the cave.,1635,0.06788990825688074,29,1.7386496439141066,0.11803676481618706,0.09442941185294966
Mulgirigala Raja Maha Vihara,Temple,149,10,72,231,positive,0.797,"A bit similar to Dambulla's caves, although on a smaller scale, but without the tourists and the kitsch temple.",1635,0.14128440366972478,76,0.7752121336142496,0.10952538401522426,0.08729173106013374
Muthurajawela Marsh,Birds,89,4,88,181,positive,0.768,"But the guide was very nice and there were many bird, some alligators to see!",726,0.2493112947658402,40,1.4170660197866443,0.35329056416168403,0.27132715327617335
Muthurajawela Marsh,Lagoon,38,2,46,86,neutral,0.777,Large water monitor lizards patrol the canal and crocodiles inhabit the lagoon although they are quite shy due to persecution and are best seen in the evening.,726,0.1184573002754821,11,2.70805020110221,0.3207883158330442,0.24925252140227533
Muthurajawela Marsh,Local guide,64,5,43,112,positive,0.773,"The guide was pleasant and knowledgeable.We visited during the afternoon and obviously would have seen much more if we had come early in the morning or in the evening but even so, it was a lovely experience.I think it is probably a good thing for tourists to visit and support the preservation of this lovely wetland.",726,0.15426997245179064,66,0.9162907318741551,0.141356145964057,0.10926830083021606
Muthurajawela Marsh,Wildlife,38,4,30,72,positive,0.788,Peaceful wildlife opportunity close to Negombo.,726,0.09917355371900827,54,1.1169614273363062,0.11077303411599732,0.08728915088340589
Muthurajawela Marsh,River,6,0,7,13,neutral,0.768,"Sounds include fisherman paddling their wooden boats, children laughing as they play in the river, water monitors rustling in the leaves (in the water they are quiet), and the wind blowing through the dense foliage.",726,0.01790633608815427,33,1.6094379124341003,0.028819136173062403,0.022133096580911928
Nagadipa Purana Vihara,Temple,52,8,64,124,neutral,0.779,This temple is truly beautiful and definitely a place to visit if you go to Jaffna.,374,0.3315508021390374,76,0.7752121336142496,0.2570222047277191,0.20022029748289316
Nagadipa Purana Vihara,Hindu shrine,14,2,38,54,neutral,0.763,was a good experience travaling in a navy boat and from nagadeepa temple to nagadeepa kovil we took a dimo batta was a facinating ride,374,0.1443850267379679,39,1.4423838277709342,0.20825862753911883,0.15890133281234767
Nagadipa Purana Vihara,Buddha statue,9,1,38,48,neutral,0.761,Nagadeepa Purana Rajamaha vihara is a peaceful and religious place where you can pay homage to lord Buddha and learn about the ancient visit of Lord Buddha to this location.,374,0.12834224598930483,47,1.255797872190522,0.16117191942552156,0.12265183068282191
Nagadipa Purana Vihara,Museum,4,0,7,11,neutral,0.773,"there is a museum in side the temple must see it, boat ride is amazing boats looks bad but there are safe and its only 15 mins ride navy is all over the place so dont worry",374,0.029411764705882353,36,1.5224265354444706,0.04477725104248443,0.03461281505584046
Nagadipa Purana Vihara,Public transport access,5,3,15,23,neutral,0.756,"I went there back in 2010 although I write this review now :)I had the chance to speak with residents during my trip by public bus, boat & during my walk around the island and it was a wonderful experience for me.",374,0.06149732620320856,90,0.6061358035703155,0.03727573123560764,0.028180452814119374
Nalanda Gedige,Temple,48,5,48,101,positive,0.783,Wonderful lonely little temple on the A9 between Dambulla and Kandy.,398,0.2537688442211055,76,0.7752121336142496,0.19672468717346533,0.15403543005682335
Nalanda Gedige,Hindu shrine,14,2,30,46,neutral,0.766,"A small Hindu temple sitting by a Buddhist tomb in a lovely setting, next to a lake and with views of the mountains in the distance.",398,0.11557788944723618,39,1.4423838277709342,0.16670767858659039,0.12769808179732825
Nalanda Gedige,Sculptures,17,0,14,31,positive,0.782,this is called as the 'center point ' of ancient Srilanka..nice ancient building with amazing carvings on the stone walls of the temple.sorounded by the beautiful lake.,398,0.07788944723618091,55,1.0986122886681098,0.08557030389123468,0.06691597764294553
Nalanda Gedige,Ancient ruins,5,0,10,15,neutral,0.763,An archaeological site on your way to Dambulla well worth a visit,398,0.03768844221105527,23,1.9704512579714308,0.07426323836575743,0.05666285087307292
Nalanda Gedige,Strong current,5,0,5,10,positive,0.79,A great example of South Indian style architecture in Sri Lanka The building was moved to its current location to save its loss in the waters of the nearby reservoir,398,0.02512562814070352,21,2.0614230361771577,0.051794548647667284,0.04091769343165715
Nallur Kandaswamy Kovil Festival,Hindu shrine,5,0,4,9,positive,0.787,well time managed poojas & typical tamil culture devotees a really pleasant to see such a nice hindu temple in Sri Lanka,22,0.4090909090909091,39,1.4423838277709342,0.5900661113608368,0.4643820296409785
Nallur Kandaswamy Kovil Festival,Temple,7,0,6,13,positive,0.791,The temple itself is impressive.,22,0.5909090909090909,76,0.7752121336142496,0.45807989713569297,0.3623411986343332
Negombo Beach,Beach,294,135,114,543,positive,0.809,Beach is really wide and clean sand.,1808,0.30033185840707965,64,0.9470623905409088,0.2844330077786026,0.2301063032928895
Negombo Beach,Boat service,24,5,33,62,neutral,0.758,Amazing boats up and down.,1808,0.034292035398230086,9,2.908720896564361,0.09974595994855663,0.07560743764100593
Negombo Beach,Waves,24,13,30,67,neutral,0.773,"Beach is beautiful and sandy; however, you cannot swim in the sea as the waves are very powerful and can easily knock you off your feet.",1808,0.03705752212389381,20,2.1102132003465894,0.0781992723579765,0.06044803753271583
Negombo Beach,Sunset view,56,3,33,92,positive,0.843,"In July it is cloudy, so it isn't worth it to get a tan, also a lot of people to sell something so you can not find your rest haha but it is nice to sit and watch the sunset with a glass of wine or beer!",1808,0.05088495575221239,44,1.3217558399823195,0.06725748743272865,0.05669806190579025
Negombo Beach,Cleanliness,107,216,2,325,negative,0.871,Beach is really wide and clean sand.,1808,0.17975663716814158,117,0.34377153910282454,0.061795215823240025,0.05382363298204206
Negombo Fish Market,Market,125,35,122,282,positive,0.78,"We mentioned to our friend Ushan we'd like to visit the normal market in Negombo, what a busy place that is selling just about everything you can think of and it seems to go on for miles.",869,0.3245109321058688,16,2.3333567516607996,0.7571997744169683,0.5906158240452353
Negombo Fish Market,Boat service,27,2,30,59,neutral,0.765,"brutal and loud, but it is a part of real life in Sri Lanka.However you will find some more peaceful views around nearby with all the boats and catamarans lying at berth.",869,0.06789413118527042,9,2.908720896564361,0.19748507813267813,0.15107608477149878
Negombo Fish Market,Food quality,33,3,24,60,positive,0.755,"After seeing it you can appreciate why it's so important to cook food properly and maintain a high standard of personal hygiene.All in all the market itself is well worth a visit, take some water with you it gets very hot and very busy.",869,0.06904487917146145,16,2.3333567516607996,0.16110633498233368,0.12163528291166192
Negombo Fish Market,Beach,41,6,46,93,neutral,0.777,"The nearby beach is full of drying fish being turned by hand.It was a very interesting experience, one where we got a lot of wonderful memories and photos.The only downside is that like other parts of Negombo, the fish market is very dirty.",869,0.10701956271576525,64,0.9470623905409088,0.10135420290023535,0.07875221565348287
Negombo Fish Market,Souvenir stalls,9,3,20,32,neutral,0.766,"A bustling busy hive of vendors selling their fish, it's not clean, there is no refrigeration and it is packed with locals.",869,0.03682393555811277,49,1.214125175789954,0.044708867232771614,0.03424699230030306
Nilavarai Bottomless Well,Cleanliness,4,13,0,17,negative,0.866,"Its flanked by a little shop and a hindu temple, the waters are dirty and the surrounding area is poorly kept, but the mystery surrounding this is quite interesting.",41,0.4146341463414634,117,0.34377153910282454,0.14253941865239067,0.12343913655297031
Nilavarai Bottomless Well,Entrance fee,2,3,4,9,neutral,0.818,And have to pay a certain amount of fee.what a rip off.,41,0.21951219512195122,87,0.6400373552459969,0.1404960048100969,0.11492573193465924
Nilavarai Bottomless Well,Temple,0,1,4,5,neutral,0.768,at present some works are being done to preserve and protect it by connecting it to the nearby temple given its significance to the Ramayan.Hopefully people stop throwing rubbish in it.,41,0.12195121951219512,76,0.7752121336142496,0.09453806507490849,0.07260523397752972
Nilavarai Bottomless Well,Public transport access,1,0,4,5,neutral,0.792,It can be informative for the history behind this great bottomless well to be displayed for tourist and also the surrounding which is now full of vegetable stalls and a bus stop to be cleared for easy and comfortable access to tourist.,41,0.12195121951219512,90,0.6061358035703155,0.07391900043540432,0.05854384834484023
Nilavarai Bottomless Well,Ticket price,3,0,2,5,positive,0.804,Save yourself a few rupees and buy yourself a fresh vadai from the veg hotel opposite instead!,41,0.12195121951219512,94,0.5626506916305767,0.06861593800372887,0.055167214154998014
Nilaveli Beach,Beach,207,12,41,260,positive,0.817,Great beach,905,0.287292817679558,64,0.9470623905409088,0.2720842226968357,0.22229280994331474
Nilaveli Beach,Sandy beach,47,3,24,74,positive,0.779,"Don't get me wrong -- it is beautiful; the color of the sand, the shades of water, the feel between heat of sand (at 9:45am) and coolness of sea water is like heaven!",905,0.08176795580110498,15,2.3978952727983707,0.19607099468185574,0.15273930485716564
Nilaveli Beach,Waves,25,2,19,46,positive,0.777,"The waves were great to ride, the atmosphere is perfect for lone travellers, couples or family.",905,0.05082872928176796,20,2.1102132003465894,0.10725945548722997,0.08334059691357769
Nilaveli Beach,Water depth,11,0,11,22,positive,0.759,Mostly the beach is calm you could enjoy deep blue sea around the day during most part of the year.,905,0.02430939226519337,13,2.540996116439044,0.06177007133884969,0.04688348414618691
Nilaveli Beach,Cleanliness,81,36,1,118,positive,0.875,Clean it please,905,0.13038674033149172,117,0.34377153910282454,0.04482325040235724,0.039220344102062585
Nine Arches Bridge,Bridge,240,30,170,440,positive,0.792,"Once we got to the bridge, the view was simply breathtaking!",1552,0.28350515463917525,20,2.1102132003465894,0.5982563196858888,0.47381900519122394
Nine Arches Bridge,Trail,75,17,82,174,neutral,0.77,I took both the forest path and the railroad track and thought they were both easy to follow.,1552,0.11211340206185567,39,1.4423838277709342,0.16171055801040113,0.12451712966800887
Nine Arches Bridge,Tea plantation,24,1,13,38,positive,0.836,We walked easily right along the train tracks from Ella station for about an hour enjoying great views (and surprising peace and quiet!) before going through a tinnier and coming out onto Nice Arches bridge where we hung out for a few minutes admiring the views and tea plantations before the train came along.,1552,0.024484536082474227,16,2.3333567516607996,0.0571311575793237,0.04776164773631461
Nine Arches Bridge,Public transport access,38,10,68,116,neutral,0.804,"We came down to view the 09:30 train, coming by Tuk Tuk we arrived form the opposite end of the bridge to Ella we had a nice walk morning walk along the tracks and arrived early.",1552,0.07474226804123711,90,0.6061358035703155,0.045303964699843165,0.036424387618673906
Nine Arches Bridge,Colonial architecture,22,2,12,36,positive,0.794,Nine Arch Bridge is one of the best Srilankan landmarks and a great example of colonial-era railway construction in the country.It is located between the railway stations of Ella and Demodara.,1552,0.023195876288659795,24,1.927891643552635,0.04471913606178793,0.03550699403305962
Old Parliament Building,Colonial architecture,25,1,43,69,neutral,0.775,Beautiful colonial building with high pillars and ceiling.,242,0.28512396694214875,24,1.927891643552635,0.5496881132443463,0.4260082877643684
Old Parliament Building,Sculptures,9,2,18,29,neutral,0.766,Some very interesting carvings.,242,0.11983471074380166,55,1.0986122886681098,0.13165188583212886,0.1008453445474107
Old Parliament Building,Beach,11,0,22,33,neutral,0.768,In front of a nice Galleface beach.,242,0.13636363636363635,64,0.9470623905409088,0.12914487143739664,0.09918326126392062
Old Parliament Building,Accommodation,16,1,24,41,neutral,0.772,Good place and very close to Galadari Hotel.,242,0.16942148760330578,90,0.6061358035703155,0.10269242953050799,0.07927855559755216
Old Parliament Building,Heritage site,7,0,1,8,positive,0.797,Nice heritage building,242,0.03305785123966942,30,1.7047480922384253,0.056355308834328106,0.044915181140959506
Pasikudah Beach,Beach,76,6,11,93,positive,0.82,very safe beach for seabathing,404,0.2301980198019802,64,0.9470623905409088,0.21801188693144682,0.1787697472837864
Pasikudah Beach,Sandy beach,17,2,9,28,positive,0.784,"visited Pasikuda beach recently, it was a Sunday and the beach was quite busy, there are no facilities for sitting other than on the sand, if you try to go onto hotel grounds which are NOT MARKED you are approached by security men and then by staff from the hotels who want to charge 500rupees for a beach bed with mattress",404,0.06930693069306931,15,2.3978952727983707,0.1661907614810752,0.13029355700116296
Pasikudah Beach,Water depth,16,1,8,25,positive,0.771,The ocean is not deep for few meters and is safe for an enjoyable family trip.,404,0.06188118811881188,13,2.540996116439044,0.1572398586905349,0.1212319310504024
Pasikudah Beach,Coral reef,12,3,4,19,positive,0.794,There are glass bottom boats and you can go and see a small reef by paying about 3000 rupees .We enjoyed the boat ride although the reef was very small.Boat operator was a well mannered person,404,0.04702970297029703,9,2.908720896564361,0.13679627978891798,0.10861624615240088
Pasikudah Beach,Waves,12,1,8,21,positive,0.785,The waves are not rough letting you relax and enjoy your time.,404,0.05198019801980198,20,2.1102132003465894,0.10968930001801579,0.0861061005141424
Passikudah Beach,Beach,297,24,44,365,positive,0.818,A nice public beach to stay and enjoy water sports :),1443,0.25294525294525294,64,0.9470623905409088,0.2395549359303061,0.1959559375909904
Passikudah Beach,Sandy beach,61,8,35,104,positive,0.774,"Passikuda beach lies on the east coast of Srilanka serving up gorgeous pristine coastline with golden, sunbaked sand.",1443,0.07207207207207207,15,2.3978952727983707,0.1728212809224051,0.13376367143394155
Passikudah Beach,Coral reef,28,9,23,60,positive,0.772,Just a stretch of beach with lots and lots of locals ( if your female I would cover up as much as possible too as the young men arnt used to flesh on show and you'll be stared )water was not clear lots of coral washed up on beach so a bit painfull without flip flops.,1443,0.04158004158004158,9,2.908720896564361,0.12094473582388197,0.09336933605603688
Passikudah Beach,Water depth,35,3,19,57,positive,0.769,"The water is clear shallow for miles,and offshore you will find some island's best diving-shipwrecked HMS Hermes is of particular note.",1443,0.0395010395010395,13,2.540996116439044,0.10037198796744665,0.07718605874696648
Passikudah Beach,Accommodation,83,13,59,155,positive,0.794,furthermore there are no bars and hotels butthe seen is great.,1443,0.10741510741510742,90,0.6061358035703155,0.06510814244864789,0.05169586510422643
Pedro Tea Factory,Tea plantation,79,4,44,127,positive,0.836,After a free cup of tea we were able to wander through the tea plantation which was so enjoyable.,916,0.13864628820960698,16,2.3333567516607996,0.32351125268659553,0.2704554072459939
Pedro Tea Factory,Local guide,87,14,51,152,positive,0.775,Our driver arranged a private guide to show us the production area which was fascinating and wonderful to be able to view the processes really up close.,916,0.16593886462882096,66,0.9162907318741551,0.1520482437171087,0.11783738888075924
Pedro Tea Factory,Guided tours,28,2,27,57,positive,0.819,"I found the tour of this tea factory very interesting and informative but the tour guide was quite rude and she fed us a sob story before the tour of how the workers are underpaid etc (clearly looking for tips).Afterwards you get a cup of tea and can buy tea from the shop at a pretty reasonable price,",916,0.06222707423580786,36,1.5224265354444706,0.09473614903966683,0.07758890606348713
Pedro Tea Factory,Ticket price,42,8,72,122,neutral,0.762,"I found the tour of this tea factory very interesting and informative but the tour guide was quite rude and she fed us a sob story before the tour of how the workers are underpaid etc (clearly looking for tips).Afterwards you get a cup of tea and can buy tea from the shop at a pretty reasonable price,",916,0.1331877729257642,94,0.5626506916305767,0.07493819255341742,0.05710290272570408
Pedro Tea Factory,Waterfall,16,1,8,25,positive,0.797,We stopped here as this tea plantation is located across the road going up to the Lover's Leap falls.It can be easily and cheaply reached by taking the bus to Borlander.The grounds are not as nice as the ones at Mackwoods Labookelie.We did not do the tour as we have already done the one at Mackwoods Labookelie.,916,0.027292576419213975,24,1.927891643552635,0.05261713000962432,0.041935852617670584
Pettah Floating Market,Market,27,11,30,68,neutral,0.784,"Although this place is called the Floating market it does not float like in other countries, but it is situated surrounded by The Beira lake.This place has many restaurants & shops with a variety of stuff for sale.The place has not been",162,0.41975308641975306,16,2.3333567516607996,0.9794336982279899,0.7678760194107441
Pettah Floating Market,Souvenir stalls,4,2,12,18,neutral,0.764,There are some nice shops selling clothing and souvenirs at fairly reasonable prices but I'd recommend that you buy these from Pettah market.,162,0.1111111111111111,49,1.214125175789954,0.13490279730999488,0.10306573714483609
Pettah Floating Market,Restaurants,5,1,8,14,neutral,0.774,"the Floating market it does not float like in other countries, but it is situated surrounded by The Beira lake.This place has many restaurants & shops with a variety of stuff for sale.The place has not been maintained well due to lack of customers.People enjoyed visiting this place at first due to its novel idea.Good for",162,0.08641975308641975,49,1.214125175789954,0.1049243979077738,0.08121148398061692
Pettah Floating Market,Ticket price,6,2,4,12,positive,0.807,"enjoyed visiting this place at first due to its novel idea.Good for relaxation, as the place is comparatively cheap, compared to city prices.Good for Budget travelers.",162,0.07407407407407407,94,0.5626506916305767,0.041677829009672346,0.033634008010805586
Pettah Floating Market,Value for money,9,5,0,14,positive,0.857,"of customers.People enjoyed visiting this place at first due to its novel idea.Good for relaxation, as the place is comparatively cheap, compared to city prices.Good for Budget travelers.",162,0.08641975308641975,112,0.38744660260548613,0.03348303973133831,0.02869496504975693
Pidurangala Rock,Sunrise view,89,7,48,144,positive,0.838,Highly recommended to set off early morning so you can be at the top for sunrise.,1589,0.09062303335431089,21,2.0614230361771577,0.1868124085648274,0.15654879837732535
Pidurangala Rock,Stairs,37,39,66,142,neutral,0.772,"No water to buy anywhere nearby, take yours with you, after climb that is not that comfy as Sigiriya you might need it (at some points you have to climb steep parts that are missing proper stairs and so on).",1589,0.0893643801132788,47,1.255797872190522,0.11222359839588052,0.08663661796161976
Pidurangala Rock,Sunset view,71,11,41,123,positive,0.837,As we were there at sunset the surroundings looked even better.Well worth visiting,1589,0.07740717432347388,44,1.3217558399823195,0.10231338471858105,0.08563630300945234
Pidurangala Rock,Scenic view,318,9,82,409,positive,0.792,It is a short hike and it is well worth it as the views are spectacular.,1589,0.25739458779106356,128,0.25391520998096345,0.06535640080693143,0.051762269439089695
Pidurangala Rock,Temple,24,9,74,107,neutral,0.764,"Luckily, the temple offers drapes free of charge for women at the entrance.",1589,0.06733794839521712,76,0.7752121336142496,0.05220119464866249,0.03988171271157814
Pidurutalagala,Mountain,26,3,28,57,neutral,0.755,"(Entry is subject to clearance procedure) however a must visit place whilst In Nuwara Eliya as it needs only 1hr maximum to visit the site and return enjoying some breath-taking views on the surrounding mountains, town area and the ever so graceful green tea gardens at a distance which is so beautiful.",159,0.3584905660377358,24,1.927891643552635,0.691130966556605,0.5218038797502368
Pidurutalagala,Scenic view,37,2,10,49,positive,0.784,"be heat)If the weather is clear,you can see adamspeak from here(we sow it)So don't miss it if you go to nuwareliya You can't get a view like this in the world I guess For more information and for more pictures you can contact me",159,0.3081761006289308,128,0.25391520998096345,0.07825059930230949,0.06134846985301064
Pidurutalagala,Weather condition,4,9,2,15,negative,0.765,"something feets from the sea level It's a high security zone,make sure your car is ready for the climb(otherwise it can be heat)If the weather is clear,you can see adamspeak from here(we sow it)So don't miss it if you go to nuwareliya You can't get a view like this in the world I guess For more information and for more pictures",159,0.09433962264150944,82,0.6992262266363275,0.0659647383619177,0.050463024846867044
Pidurutalagala,Temple,0,2,6,8,neutral,0.755,"There is a small temple on the top, some towers and a small shop to have a hot tea and hot rotty while shivering on top of Sri Lanka.",159,0.050314465408805034,76,0.7752121336142496,0.0390043840812201,0.02944830998132118
Pidurutalagala,Parking,0,0,5,5,neutral,0.764,"Once you go up, there is quite a large car park.",159,0.031446540880503145,54,1.1169614273363062,0.0351245731866763,0.026835173914620692
Pinnawala Elephant Orphanage,Elephants,271,52,258,581,positive,0.786,The best part was the bathing of the elephants which we already had access to anyway as our hotel was down on the waterfront.,1596,0.36403508771929827,33,1.6094379124341003,0.585891871631712,0.4605110111025256
Pinnawala Elephant Orphanage,River,85,8,159,252,neutral,0.77,orphan elephants and I think it is good to do this initiative.It is quite amazing to see the elephants bathe and then return from the river but also quite sad and meaningless to see some inside strapped and used for tourist attraction - Milk feeding is a joke,1596,0.15789473684210525,33,1.6094379124341003,0.2541217756474895,0.19567376724856692
Pinnawala Elephant Orphanage,Wildlife,81,20,103,204,neutral,0.783,"This place was good to visit- cost 2,500 rupees (25AUD) per person which is similar to animal park prices in Australia.",1596,0.12781954887218044,54,1.1169614273363062,0.14276950574975342,0.11178852300205692
Pinnawala Elephant Orphanage,Ticket price,15,26,89,130,neutral,0.757,"This place was good to visit- cost 2,500 rupees (25AUD) per person which is similar to animal park prices in Australia.",1596,0.08145363408521303,94,0.5626506916305767,0.045829943553869025,0.034693267270278855
Pinnawala Elephant Orphanage,Value for money,56,36,0,92,positive,0.827,I wish I'd chosen a national park with free roaming Eles rather than this sanctuary where they have hugely commercialised every aspect of caring for them.,1596,0.05764411027568922,112,0.38744660260548613,0.022334014686531782,0.018470230145761782
Pitawala Pathana,Mountain,9,1,8,18,positive,0.782,"Visit during late afternoon and walk up the slight slope and look back at the most spectacular views towards the mountains, including Manigala.",115,0.1565217391304348,24,1.927891643552635,0.3017569529038907,0.23597393717084253
Pitawala Pathana,Rock formation,3,0,6,9,neutral,0.764,"we were traveling from wasgamuwa to mathale via pitiwala pathana, this place is awesome, vast plain ends at a sheer cliff from north side which has the view as far as you can see, and other side shows most rural villages in sri lanka, Manigala, and pitawala, there is a water fall before pitawala (towards",115,0.0782608695652174,20,2.1102132003465894,0.1651471200271244,0.12617239970072303
Pitawala Pathana,Viewpoint,4,0,4,8,positive,0.805,"It's unusual in Sri Lanka to see such an open stretch of countryside, and you get amazing views of the main ridge of the Knuckles mountains to the South and also to the North where the ground drops away sharply at the mini World's End viewpoint.",115,0.06956521739130435,29,1.7386496439141066,0.12094954044619873,0.09736438005918997
Pitawala Pathana,Weather condition,2,9,4,15,negative,0.76,Good weather.,115,0.13043478260869565,82,0.6992262266363275,0.09120342086560793,0.06931459985786202
Pitawala Pathana,Trail,4,0,3,7,positive,0.757,The Chariot Path and surrounds are simply stunning and offer a wide range of hikes for various skill and fitness levels.The natural wonder however is the highlight.,115,0.06086956521739131,39,1.4423838277709342,0.08779727647301339,0.06646253829007114
Polhena Beach,Beach,119,21,41,181,positive,0.805,"The beach is messy,untidy and the sea looks dirty.The whole village is unappealing,some hotels still closed after the tsunami",771,0.23476005188067445,64,0.9470623905409088,0.22233241593761932,0.17897759482978357
Polhena Beach,Turtles,36,4,31,71,positive,0.788,The waters are safe to swim as the waves crash against the reefs turning this into something like a lagoon.On a good day you should be able to see quite a good number of colorful and fish and some turtles as well.,771,0.09208819714656291,16,2.3333567516607996,0.21487461656020335,0.16932119784944025
Polhena Beach,Coral reef,26,4,18,48,positive,0.761,The waters are safe to swim as the waves crash against the reefs turning this into something like a lagoon.On a good day you should be able to see quite a good number of colorful and fish and some turtles as well.,771,0.0622568093385214,9,2.908720896564361,0.18108768227638047,0.13780772621232554
Polhena Beach,Water depth,17,2,17,36,positive,0.756,The shallow water is so calm during the mornings and there won't be any waves.,771,0.04669260700389105,13,2.540996116439044,0.11864573306330167,0.08969617419585607
Polhena Beach,Waves,19,4,7,30,positive,0.785,"You can barely see waves within 200M and It's pretty safe to swim close to the beach (But do no go too far, as there are some underwater swirls time to time) .",771,0.038910505836575876,20,2.1102132003465894,0.08210946304850543,0.06445592849307677
Polonnaruwa Vatadage,Ancient ruins,38,1,23,62,positive,0.785,This amazingly well preserved ruin will make you feel that you are part of another world..,356,0.17415730337078653,23,1.9704512579714308,0.3431684775118784,0.2693872548468246
Polonnaruwa Vatadage,Buddha statue,19,1,40,60,neutral,0.787,"Definitely worth a stop to see these, you can never get bored of the Buddha statues.",356,0.16853932584269662,47,1.255797872190522,0.21165132677368348,0.1665695941708889
Polonnaruwa Vatadage,Sculptures,32,1,24,57,positive,0.786,One of the best sites in the ancient city -- the statue is magnificent.,356,0.1601123595505618,55,1.0986122886681098,0.175901405769894,0.1382585049351367
Polonnaruwa Vatadage,Heritage site,10,0,12,22,neutral,0.796,Like all the structures in this impressive and extensive historical site it was very impressive.,356,0.06179775280898876,30,1.7047480922384253,0.10534960120574538,0.08385828255977333
Polonnaruwa Vatadage,Museum,8,3,11,22,neutral,0.779,The museum worth a quick tour to better understand the ruins and temples but once you're visiting you don't necessarily need a guide.,356,0.06179775280898876,36,1.5224265354444706,0.09408253870724256,0.07329029765294195
Popham's Arboretum,Wildlife,37,4,23,64,positive,0.791,"This special place is a bubble of peace and quiet for the trees and animals, ourselves included.",380,0.16842105263157894,54,1.1169614273363062,0.18811981934085156,0.1488027770986136
Popham's Arboretum,Birds,23,2,19,44,positive,0.768,The best time to go for birds is in the early morning and late afternoon.,380,0.11578947368421053,40,1.4170660197866443,0.1640813286068746,0.1260144603700797
Popham's Arboretum,Local guide,31,5,28,64,positive,0.763,"I would have missed them all, but our wonderful guide pointed them out to us patiently, lending his binoculars and showing us exactly what we were looking at in his guide books.",380,0.16842105263157894,66,0.9162907318741551,0.15432264957880507,0.11774818162862827
Popham's Arboretum,Forest,24,0,20,44,positive,0.784,"a variety of interesting birds including: Black-headed Cuckooshrike, Jerdon'sand Golden-Fronted Leafbirds, Black-hooded orioles, Forest Wagtails, White-Browed Bulbul, several Asian Paradise Flycatchers, White-rumped Shama,Lotten's and Purple Rumped Sunbirds, and of course yellow-biked Babblers, Common Myna, and Spotted",380,0.11578947368421053,51,1.1741198411762548,0.1359507184519874,0.10658536326635812
Popham's Arboretum,Trail,16,1,14,31,positive,0.772,We were well guided and the path is a very easy walk.,380,0.08157894736842106,39,1.4423838277709342,0.11766815437078675,0.09083981517424737
Rankoth Vehera,Stupa,14,1,27,42,neutral,0.768,It is beautiful on it's own and the largest stupa in polonnaruwa,63,0.6666666666666666,29,1.7386496439141066,1.1590997626094044,0.8901886176840226
Rankoth Vehera,Temple,3,0,6,9,neutral,0.769,"If you have the time, its well worth a look in at the Rankoth Vihara.",63,0.14285714285714285,76,0.7752121336142496,0.11074459051632136,0.08516259010705113
Rankoth Vehera,Buddha statue,2,0,3,5,neutral,0.788,"It is easy to see back in the day (around 1100) that worshippers of Buddha, would have been in awe of structures like these, as they are pretty impressive nowadays.",63,0.07936507936507936,47,1.255797872190522,0.09966649779289857,0.07853720026080407
Rankoth Vehera,Weather condition,3,3,1,7,positive,0.769,"Unfortunately, it was raining on the day of our visit, so we could not walk about.",63,0.1111111111111111,82,0.6992262266363275,0.07769180295959194,0.0597449964759262
Ravana Ella Falls,Waterfall,244,28,117,389,positive,0.797,A wonderful waterfall with a relaxed atmosphere.,1096,0.35492700729927007,24,1.927891643552635,0.6842608114434079,0.5453558667203962
Ravana Ella Falls,Rock formation,21,17,33,71,neutral,0.759,"If on a scooter, beware of the parking dude trying to charge you 200 for a 20 rupees parking fee ticket (the price is printed on the receipt) and the pushy dude trying to sell you some piece of rock by forcing it into your hands.",1096,0.06478102189781022,20,2.1102132003465894,0.1367017675407006,0.10375664156339176
Ravana Ella Falls,Souvenir stalls,17,4,31,52,neutral,0.771,Evan good souvenir shopping at the stalls nearby.,1096,0.04744525547445255,49,1.214125175789954,0.05760447914331898,0.04441305341949894
Ravana Ella Falls,Mountain,19,4,7,30,positive,0.767,"The best of this waterfall is its location on the way down from Ella towards the plains, also passing little Adam's peak.",1096,0.02737226277372263,24,1.927891643552635,0.052770756666586725,0.04047517036327202
Ravana Ella Falls,Public transport access,20,11,44,75,neutral,0.774,I intended to walk to the falls but the road was very busy so i opted to catch the bus for the 6 km trip.,1096,0.06843065693430657,90,0.6061358035703155,0.0414782712297205,0.032104181931803664
Richmond Castle,Local guide,36,2,19,57,positive,0.776,I really enjoyed the story around the castle and the guide was very informative.,302,0.18874172185430463,66,0.9162907318741551,0.172942290453069,0.13420321739158156
Richmond Castle,Colonial architecture,9,0,12,21,neutral,0.777,A nice place to have an experience of the lifestyle of a wealthy man in colonial times.,302,0.0695364238410596,24,1.927891643552635,0.13405869044571303,0.10416360247631903
Richmond Castle,Family friendliness,18,1,23,42,neutral,0.775,"Definitely try and find the time to visit the castle if you are in the area, the story of the development and family is fascinating and the views from the balcony is excellent across the hills.",302,0.1390728476821192,89,0.6173091041684409,0.08585093501680303,0.06653447463802235
Richmond Castle,Guided tours,10,0,5,15,positive,0.839,"it's a very interesting place to visit, though it is not renovated at all.the tour guide from the castle gives excellent overview of the place making the visit a great experience.",302,0.04966887417218543,36,1.5224265354444706,0.07561721202538761,0.0634428408893002
Richmond Castle,Ticket price,14,2,19,35,neutral,0.773,It is worth as the entry price helps supporting the boy orphanage that is there.,302,0.11589403973509933,94,0.5626506916305767,0.06520786161281518,0.05040567702670613
Ridee Viharaya (silver Temple),Temple,38,1,21,60,positive,0.798,The temple is well kept and the cave temple is tiny but interesting.,207,0.2898550724637681,76,0.7752121336142496,0.2246991691635506,0.17930993699251338
Ridee Viharaya (silver Temple),Food quality,10,0,2,12,positive,0.773,On the way back we stopped at Ridigama and had a hearty breakfast of local cuisine at a very clean little cooperative restaurant run by a group of ladies.,207,0.057971014492753624,16,2.3333567516607996,0.13526705806729272,0.10456143588601728
Ridee Viharaya (silver Temple),Mountain,8,0,1,9,positive,0.767,And one of the drawings in the caves is the only drawing that shows Adam's peak with Budha's footprint; I went with bunch of old people and was excited to hear the history from them..The little Chaithya on the rocks was so serene..!,207,0.043478260869565216,24,1.927891643552635,0.0838213758066363,0.06429099524369004
Ridee Viharaya (silver Temple),Murals,3,0,3,6,positive,0.79,Beautiful cave temple with fantastic wall murals,207,0.028985507246376812,11,2.70805020110221,0.0784942087276003,0.06201042489480424
Ridee Viharaya (silver Temple),Sculptures,5,0,9,14,neutral,0.77,"This gem of a temple is an absolute must - beautiful, cut into the rock face, great statues, gold buddha, reclining buddha (a smaller version of the Dambulla cases).",207,0.06763285024154589,55,1.0986122886681098,0.07430228039301225,0.05721275590261943
Ritigala Forest Monastery,Ancient ruins,60,1,45,106,positive,0.786,"But we enjoyed of forest cooler then outside environment,and our guide may explain us about ruins, we went on paved road to ruins, of what was before some 1500 years ,monastery facilities, bath,""cleared"" circles( monks have to go 30 times around these circles to be cleared),double platform.",703,0.1507823613086771,23,1.9704512579714308,0.29710929352058557,0.23352790470718027
Ritigala Forest Monastery,Forest,75,4,51,130,positive,0.79,Nice forest though,703,0.18492176386913228,51,1.1741198411762548,0.2171203120240585,0.1715250464990062
Ritigala Forest Monastery,Mountain,10,0,28,38,neutral,0.756,Amazing to see these paths and structures in the middle of nowhere halfway up a mountain.,703,0.05405405405405406,24,1.927891643552635,0.10421035911095325,0.07878303148788066
Ritigala Forest Monastery,Local guide,41,6,29,76,positive,0.776,Needed an English Speaking guide and could do with some means of access to allow the less fit and able to see this amazing site.,703,0.10810810810810811,66,0.9162907318741551,0.09905845749990867,0.07686936301992914
Ritigala Forest Monastery,Stairs,6,2,15,23,neutral,0.763,Presently we have difficulty in shaping up a single granite stone to turn out a stepping stone but just imagine how our ancestors have shaped up them and placed hundreds of such stone steps to make a an excellent pathway at a period where such advanced technologies were not available.,703,0.032716927453769556,47,1.255797872190522,0.04108584788105549,0.031348501933245336
Royal Botanical Gardens,Bridge,38,5,35,78,positive,0.784,"There is also a lake, a suspension bridge (which actually felt a little dangerous to walk over!) and watch out for the area with 100s of bats on the trees!",1031,0.07565470417070805,20,2.1102132003465894,0.1596475554093443,0.12516368344092593
Royal Botanical Gardens,River,20,1,28,49,neutral,0.775,"Beautifully kept lawns, in fact the whole garden is beautifully kept in every way with some nice benches scattered here and about for you to relax on and enjoy the scenery.The suspension bridge over the River gives great views and was another highlight.",1031,0.0475266731328807,33,1.6094379124341003,0.07649122959192135,0.05928070293373905
Royal Botanical Gardens,Ticket price,42,8,46,96,neutral,0.782,Significant price difference!However that being said it was wonderful as always to see monkeys at play.It was wonderful to see such a different variety of grass.The ancient bamboo was a sight to behold,1031,0.09311348205625607,94,0.5626506916305767,0.05239036507908377,0.04096926549184351
Royal Botanical Gardens,Birds,15,0,22,37,neutral,0.768,The different types of trees and plant's are just amazing.loads of birds flying round and saw the only snake on the whole trip a rat snake just before the wonderful orchid house.with tortoises in the ponds .a great place to visit,1031,0.03588748787584869,40,1.4170660197866443,0.050854939604370354,0.03905659361615643
Royal Botanical Gardens,Weather condition,13,59,0,72,negative,0.755,It was pouring with rain at first and fortunately we had hired a buggy which came with a very knowledgeable driver who gave us a great tour.,1031,0.06983511154219205,82,0.6992262266363275,0.048830541530373986,0.03686705885543236
Ruwanweli Maha Seya,Stupa,122,15,145,282,neutral,0.78,Beautiful and peace full place.It is one of the inportant temples os Sri Lanka.The Dagoba is located in a park.,899,0.3136818687430478,29,1.7386496439141066,0.5453828693924117,0.4253986381260811
Ruwanweli Maha Seya,Buddha statue,18,4,50,72,neutral,0.766,"as it is supposed to have the most amount of Lord Buddhas relics.This stupa is also one of the tallest monuments of the world.Very well maintained.A must see for all,",899,0.08008898776418243,47,1.255797872190522,0.10057558042015305,0.07704089460183723
Ruwanweli Maha Seya,Temple,33,4,47,84,neutral,0.777,Beautiful and peace full place.It is one of the inportant temples os Sri Lanka.The Dagoba is located in a park.,899,0.09343715239154617,76,0.7752121336142496,0.07243361426429029,0.056280918283353555
Ruwanweli Maha Seya,Ancient ruins,9,1,23,33,neutral,0.759,"This is calling as Stupa and Dagoba in sinhalees "" Chaithya "" around this shrine can see many kind of old ruins with interesting stories.",899,0.03670745272525028,23,1.9704512579714308,0.07233024639939624,0.05489865701714174
Ruwanweli Maha Seya,Elephants,8,1,17,26,neutral,0.765,"Impressive and enormous white Dagoba, approached along a long, straight path that leads you first to a protective wall with a huge array of elephants plaster heads.",899,0.028921023359288096,33,1.6094379124341003,0.04654659146083048,0.03560814246753532
Samadhi Statue,Sculptures,42,1,37,80,positive,0.785,A Beautiful Sculpture.,190,0.42105263157894735,55,1.0986122886681098,0.4625735952286778,0.3631202722545121
Samadhi Statue,Buddha statue,28,2,30,60,neutral,0.797,"A beautiful, unusual & serene sculpture depicting the bliss of ""Nirvana"" by Lord Buddha.",190,0.3157894736842105,47,1.255797872190522,0.3965677491127964,0.31606449604289877
Samadhi Statue,Stupa,5,0,5,10,positive,0.778,"After visiting the buzzing sites of the big dagobas and stupas all day, you may appreciate the peaceful setting of this sacred site.",190,0.05263157894736842,29,1.7386496439141066,0.09150787599547928,0.07119312752448288
Samadhi Statue,Ancient ruins,3,0,3,6,positive,0.777,7 stupa's and a convent ruin where 3500 monks lived is incredible to imagine!,190,0.031578947368421054,23,1.9704512579714308,0.06222477656751887,0.04834865139296216
Samadhi Statue,Peacefulness,28,0,0,28,positive,0.807,"A beautiful, unusual & serene sculpture depicting the bliss of ""Nirvana"" by Lord Buddha.",190,0.14736842105263157,129,0.24613306953890854,0.03627224182678652,0.02927169915421672
Samudra Parakrama,Sunset view,7,0,0,7,positive,0.869,Sitting and watching infront of the lake at sunset is really wonderful.Do not use liquor since the police are always watching nearby.,25,0.28,44,1.3217558399823195,0.3700916351950495,0.321609630984498
Samudra Parakrama,Scenic view,8,0,2,10,positive,0.822,"Although we didn't come across any tourist facilities on the quiet Lake Road, in our opinion, it's still worth taking a few minutes to relax and admire the views.",25,0.4,128,0.25391520998096345,0.10156608399238538,0.08348732104174078
Samudra Parakrama,Peacefulness,8,0,0,8,positive,0.835,"Although we didn't come across any tourist facilities on the quiet Lake Road, in our opinion, it's still worth taking a few minutes to relax and admire the views.",25,0.32,129,0.24613306953890854,0.07876258225245074,0.06576675618079636
Sea Turtle Conservation Project (Koggala),Turtles,90,21,63,174,positive,0.793,I loved this place.beautiful turtles and baby turtles ready to be put in the sea.,465,0.3741935483870968,16,2.3333567516607996,0.8731270425569444,0.6923897447476569
Sea Turtle Conservation Project (Koggala),Local guide,26,3,33,62,neutral,0.752,I got to hold a baby turtle and big turtle - need I say more!Very good guide who told us a lot about the turtles and how they help them.,465,0.13333333333333333,66,0.9162907318741551,0.12217209758322067,0.09187341738258195
Sea Turtle Conservation Project (Koggala),Wildlife,20,2,26,48,neutral,0.779,"Turtle conservation a must, in this world with more place for us humans and less for the animals, projects like this are so important and need our support, worth a visit, good explanation and guided visit !",465,0.1032258064516129,54,1.1169614273363062,0.11529924411213484,0.08981811116335305
Sea Turtle Conservation Project (Koggala),Ticket price,14,3,26,43,neutral,0.762,It cost very little for such an amazing experience.,465,0.09247311827956989,94,0.5626506916305767,0.05203006395723612,0.039646908735413926
Sea Turtle Conservation Project (Koggala),Entrance fee,11,1,22,34,neutral,0.836,Entrance fee was reasonable.,465,0.07311827956989247,87,0.6400373552459969,0.04679843027605139,0.03912348771077896
Sea Turtle Farm Galle Mahamodara,Turtles,295,13,120,428,positive,0.801,Actually so good place.But when we went there one guy who is doing a shop said there is no turtle farm here.But we found the place.I need to said something for you .Don't asked anyone about the turtle farm.Call them before going for this number.,1029,0.4159378036929057,16,2.3333567516607996,0.9705312825178058,0.7773955572967626
Sea Turtle Farm Galle Mahamodara,Wildlife,74,2,37,113,positive,0.8,Amazing Creatures,1029,0.1098153547133139,54,1.1169614273363062,0.12265951534402586,0.0981276122752207
Sea Turtle Farm Galle Mahamodara,Service quality,83,5,23,111,positive,0.801,They do a great social service.,1029,0.10787172011661808,88,0.6286086594223741,0.06780909737209284,0.05431508699504637
Sea Turtle Farm Galle Mahamodara,Beach,26,2,23,51,positive,0.788,The beach also so beautiful.,1029,0.04956268221574344,64,0.9470623905409088,0.04693895230086137,0.03698789441307876
Sea Turtle Farm Galle Mahamodara,Family friendliness,42,2,25,69,positive,0.777,Its a very good place near gall fort and better place to visit with the children's.....touching sea turtles its a amazing experience.,1029,0.06705539358600583,89,0.6173091041684409,0.041393904944239474,0.03216306414167407
Seema Malakaya Temple,Temple,153,7,107,267,positive,0.789,"This is a very small but beautiful temple built on platforms over a lake - great photo opportunities here, with a gold-and-white reclining Buddha, three separate sections with statues and a stupa.",785,0.3401273885350318,76,0.7752121336142496,0.26367087856688487,0.20803632318927218
Seema Malakaya Temple,Buddha statue,33,0,37,70,neutral,0.8,"This is a very small but beautiful temple built on platforms over a lake - great photo opportunities here, with a gold-and-white reclining Buddha, three separate sections with statues and a stupa.",785,0.08917197452229299,47,1.255797872190522,0.11198197586412298,0.08958558069129839
Seema Malakaya Temple,Sculptures,28,0,22,50,positive,0.786,"This is a very small but beautiful temple built on platforms over a lake - great photo opportunities here, with a gold-and-white reclining Buddha, three separate sections with statues and a stupa.",785,0.06369426751592357,55,1.0986122886681098,0.06997530501070763,0.0550005897384162
Seema Malakaya Temple,Bridge,8,1,15,24,neutral,0.769,"But all the usual temple elements are there: image room, stupa, statuary etcThe lake also has a pleasant island reached by a suspension bridge and the top end (North) of the lake has a nice, inexpensive outdoor cafe.",785,0.030573248407643312,20,2.1102132003465894,0.06451607236728427,0.0496128596504416
Seema Malakaya Temple,Entrance fee,11,3,39,53,neutral,0.825,"My first impression was good, no entrance fee no donation..We were lucky to bump into a local wedding held in the Seema Malaka Temple, We could see how the traditional Sri lankan wedding looks like.",785,0.06751592356687898,87,0.6400373552459969,0.043212713156736096,0.03565048835430728
Seenigama Muhudu Viharaya,Temple,15,2,20,37,neutral,0.776,"very nice temple, Beautiful people had a overall lovey time.",76,0.4868421052631579,76,0.7752121336142496,0.3774059071543057,0.29286698395174127
Seenigama Muhudu Viharaya,Beach,6,1,9,16,neutral,0.776,about it and its importance whilst the other crew members waited for us (there was no rushing from their side) and took us back to shore.,76,0.21052631578947367,64,0.9470623905409088,0.19938155590334922,0.154720087380999
Seenigama Muhudu Viharaya,Hindu shrine,2,0,3,5,neutral,0.764,Lovely visit to the Kovil at the island,76,0.06578947368421052,39,1.4423838277709342,0.09489367287966671,0.07249876608006536
Seenigama Muhudu Viharaya,Scenic view,6,0,3,9,positive,0.781,"Well worth a visit, even if you dont make the trip to the island, you can still take some scenic photos from the shoreline.",76,0.11842105263157894,128,0.25391520998096345,0.03006890644511409,0.023483815933634106
Seenigama Muhudu Viharaya,Peacefulness,9,0,0,9,positive,0.804,I was frightened but when I got there it was so peaceful and all the were very friendly and helpful.,76,0.11842105263157894,129,0.24613306953890854,0.029147337182239167,0.023434459094520292
Seruwila Mangala Raja Maha Vihara,Road access,4,2,3,9,positive,0.75,A place with a long history.Roads are good.Car park ticket was Rs 50.,65,0.13846153846153847,1,5.10594547390058,0.7069770656170035,0.5302327992127526
Seruwila Mangala Raja Maha Vihara,Stupa,2,1,12,15,neutral,0.755,The Dagoba is beautiful seen early in the morning across the paddy fields with the misty in December,65,0.23076923076923078,29,1.7386496439141066,0.4012268409032554,0.30292626488195784
Seruwila Mangala Raja Maha Vihara,Temple,4,0,20,24,neutral,0.753,"Peaceful, historic temple",65,0.36923076923076925,76,0.7752121336142496,0.28623217241141524,0.21553282582579567
Seruwila Mangala Raja Maha Vihara,Hindu shrine,1,0,5,6,neutral,0.757,"carved stone door& Bootree shrine.It is an serine place and looks beautiful.In 1922 ,",65,0.09230769230769231,39,1.4423838277709342,0.13314312256347086,0.10078934378054744
Seruwila Mangala Raja Maha Vihara,Forest,1,0,4,5,neutral,0.752,Nice temple surrounding the jungle.,65,0.07692307692307693,51,1.1741198411762548,0.09031691085971191,0.06791831696650336
Sigiriya Lion Rock,Fortress,52,5,37,94,positive,0.787,"Once again, this fortress is an incredible place",1785,0.05266106442577031,9,2.908720896564361,0.1531763385305602,0.12054977842355089
Sigiriya Lion Rock,Stairs,79,43,87,209,neutral,0.777,From here its tight metal steps and no places to stop but not as bad as it looks from the bottom.,1785,0.11708683473389356,47,1.255797872190522,0.14703739792034684,0.1142480581841095
Sigiriya Lion Rock,Murals,46,4,26,76,positive,0.798,Early start and started climbing at 5.30 making it to the top for sunrise.Although dark to climb was not as tough as I thought it would be and avoided the crowds and bottlenecks on the stairs that can happen later in the day.Stunning sunrise and amazing frescoes.,1785,0.04257703081232493,11,2.70805020110221,0.11530073685365153,0.09200998800921392
Sigiriya Lion Rock,Ancient ruins,40,4,30,74,positive,0.788,"The place is very beautiful, a huge area with spectacular ruins and ponds with water, and at the end a small rock mountain with archaeological remains on the top,, A short walk along the side of the rock by some stairs, it is reached in just 5 minutes, to contemplate some beautiful ruins and beautiful views....E",1785,0.04145658263305322,23,1.9704512579714308,0.08168817540049629,0.06437028221559107
Sigiriya Lion Rock,Sunrise view,23,6,23,52,positive,0.83,Early start and started climbing at 5.30 making it to the top for sunrise.Although dark to climb was not as tough as I thought it would be and avoided the crowds and bottlenecks on the stairs that can happen later in the day.Stunning sunrise and amazing frescoes.,1785,0.029131652661064426,21,2.0614230361771577,0.060052659877429804,0.04984370769826674
Single Tree Hill,Tea plantation,13,0,11,24,positive,0.824,"It's a nice path but with hindsight I would rather start in the tea plantation and then go downwards via the road, which is easier.",138,0.17391304347826086,16,2.3333567516607996,0.40580117420187817,0.3343801675423476
Single Tree Hill,Temple,15,1,16,32,neutral,0.784,Beautiful Buddhist temple not far from the top which is worth a visit.,138,0.2318840579710145,76,0.7752121336142496,0.1797593353308405,0.14093131889937896
Single Tree Hill,Scenic view,42,1,8,51,positive,0.805,Nice trekking and a view,138,0.3695652173913043,128,0.25391520998096345,0.09383822977557345,0.07553977496933663
Single Tree Hill,Viewpoint,1,0,6,7,neutral,0.76,Nice viewpoint,138,0.050724637681159424,29,1.7386496439141066,0.08819237324201991,0.06702620366393514
Single Tree Hill,Public transport access,3,0,4,7,neutral,0.771,"We decided to stay in but when it's clear we went out and finding a free places to visit, a tuk tuk driver told us about this place, we love it.",138,0.050724637681159424,90,0.6061358035703155,0.030746019021682672,0.02370518066571734
Sinharaja Forest Reserve,Leeches,13,107,16,136,negative,0.801,"From the moment we went in to the forest, every ten minutes we would be wiping off Leeches from our legs and cleaning the blood, you have to know that when leeches start sucking your blood you dont feel a thing, when they stop thats when the blood starts to flow and you realize that you have been bitten.",1907,0.0713162034609334,8,3.0265039322207445,0.2158387702055696,0.17288685493466127
Sinharaja Forest Reserve,Forest,197,20,126,343,positive,0.793,"The entrance fee to the forest is around 600Rupees per person and we had our video camera with us so we had to pay an extra fee for it, but trust me, its totally worth it.",1907,0.17986366019926586,51,1.1741198411762548,0.2111814921465419,0.16746692327220772
Sinharaja Forest Reserve,Birds,83,10,98,191,neutral,0.766,We saw so many beautiful butterflies that were so huge that at first we thought they were birds.,1907,0.10015731515469324,40,1.4170660197866443,0.1419295279387777,0.10871801840110372
Sinharaja Forest Reserve,Waterfall,67,10,50,127,positive,0.791,"Nice waterfall, snakes, huge trees etc.",1907,0.06659674882013635,24,1.927891643552635,0.12839131553811467,0.1015575305906487
Sinharaja Forest Reserve,Local guide,136,22,101,259,positive,0.776,The guides that accompany you are really great.,1907,0.13581541688515994,66,0.9162907318741551,0.12444640773749668,0.09657041240429742
Sithulpawwa Rock Temple,Temple,38,2,31,71,positive,0.79,"If you are in the yala area its a good place to visit and if you are retuning from a morning safari in the national park there is a short cut , turning right soon after the park entrance that will bring you half way to the temple.",274,0.2591240875912409,76,0.7752121336142496,0.20087613681245153,0.1586921480818367
Sithulpawwa Rock Temple,Cave temple,6,0,8,14,neutral,0.811,Sithulpawwa rock temple has a stunning setting.,274,0.051094890510948905,8,3.0265039322207445,0.15463888704777526,0.12541213739574575
Sithulpawwa Rock Temple,Wildlife,11,5,14,30,neutral,0.785,The road to Sithulpawwa from town was not good few years back and now the roads are good and you will see some animals in their natural habitat on your way to the temple.,274,0.10948905109489052,54,1.1169614273363062,0.12229504678864667,0.09600161172908764
Sithulpawwa Rock Temple,Elephants,4,0,17,21,neutral,0.755,"The water/pond in-between the two hills, the wandering elephant, the odd dear and just the space around felt really nice.",274,0.07664233576642336,33,1.6094379124341003,0.1233510808799858,0.09313006606438927
Sithulpawwa Rock Temple,Forest,5,0,16,21,neutral,0.762,"Drive thru the thick jungle ( Yala NP ) adds a bit of a thrill & scariness to the journey, though road ends with one of the most peaceful & calm ancient Buddhist temple .Best time to visit is during dawn or dusk.",274,0.07664233576642336,51,1.1741198411762548,0.08998728709745019,0.06857031276825705
Somawathiya Chaitya,Stupa,8,1,23,32,neutral,0.762,Somawathi holds one of the only two tooth relics of Lord Buddha existing in the world.Incredible unnatural phenomena which has been accruing around the stupa .These have been witnessed by thousands of pilgrims.The remoteness of the location.,180,0.17777777777777778,29,1.7386496439141066,0.3090932700291745,0.23552907176223098
Somawathiya Chaitya,Buddha statue,9,1,25,35,neutral,0.763,Somawathi holds one of the only two tooth relics of Lord Buddha existing in the world.Incredible unnatural phenomena which has been accruing around the stupa .These have been witnessed by thousands of pilgrims.The remoteness of the location.,180,0.19444444444444445,47,1.255797872190522,0.24418291959260152,0.18631156764915496
Somawathiya Chaitya,Elephants,5,2,19,26,neutral,0.764,And had a most beautiful day there with lots of puja around the Chaithya till midnight.Saw regular elephant who visits temple premises almost every day.,180,0.14444444444444443,33,1.6094379124341003,0.23247436512937003,0.1776104149588387
Somawathiya Chaitya,Temple,11,3,21,35,neutral,0.774,"One of the best ""lost temples"" of the world where miracles are said to happen in front of your eyes.",180,0.19444444444444445,76,0.7752121336142496,0.1507356926472152,0.11666942610894457
Somawathiya Chaitya,Forest,6,0,13,19,neutral,0.769,Beautiful Buddhist temple in the Jungle,180,0.10555555555555556,51,1.1741198411762548,0.12393487212416023,0.09530591666347922
Sri Pada / Adam's Peak,Sunrise view,145,55,120,320,positive,0.834,"We found the summit amazing, and more then just the sunrise, there are multiple religions that have affiliations with this peak, and that was the most inspiring part.",1732,0.18475750577367206,21,2.0614230361771577,0.3808633785084818,0.3176400576760738
Sri Pada / Adam's Peak,Stairs,54,64,122,240,neutral,0.772,We left at 2:30am and easily made it up the top by 5:30am.I'm quite fit but I still found the last 1000 or so steps of the trek pretty hard!!!,1732,0.13856812933025403,47,1.255797872190522,0.1740135619663541,0.13433846983802536
Sri Pada / Adam's Peak,Weather condition,18,103,15,136,negative,0.769,"6-7 hours and get lots of rest whenever you feel tired.think of carrying a little back bag with you where to put a bottle of water, hot drinks and little snacks although you can find hot drinks and food in the several coffee shops all the way to the mountain`s summit.",1732,0.07852193995381063,82,0.6992262266363275,0.05490459978206729,0.04222163723240975
Sri Pada / Adam's Peak,Temple,21,22,50,93,neutral,0.778,"I did walk right to the top and walk around the temple no one stopped me or said anything to me, people where really nice, but didn't enter the temple with the footprint.",1732,0.05369515011547344,76,0.7752121336142496,0.041625131885753584,0.03238435260711629
Sri Pada / Adam's Peak,Toilets,10,8,27,45,neutral,0.778,- Toilet roll- Phone / camera (obvs!)- A portable phone charger (you don't want your battery running out when you get to the top!)- Hand Sanitiser- Sun glasses & suncream (for the way down)- A,1732,0.025981524249422634,37,1.4950275612563562,0.0388430948363372,0.030219927782670346
St Benedict's Monastery - Adisham,Church,3,1,11,15,neutral,0.761,"(+) good homemade jams, cordials and tasty fresh milk(+) scenic view(+) cheap entrance fee : 100 rupees(+ -) cute flower garden though not very big(- -) only 3 rooms can be visited in the house, doesn't include the monastery itself, doesn't include the church either...(-) no monks visible in public areas",325,0.046153846153846156,9,2.908720896564361,0.13424865676450898,0.10216322779779133
St Benedict's Monastery - Adisham,Food quality,12,0,2,14,positive,0.783,"There is a small coffee stand, in the grounds, that serves delicious take away coffee and local snacks.",325,0.043076923076923075,16,2.3333567516607996,0.10051382930231137,0.0787023283437098
St Benedict's Monastery - Adisham,Colonial architecture,5,0,10,15,neutral,0.771,Hidden in lush green and most of the time covered with mist it is a great place to visit.old colonial bungalow stands for decades with such glamour.presently handled by st.Benedict monastery.beautifully laid garden add glamour.,325,0.046153846153846156,24,1.927891643552635,0.08897961431781393,0.06860328263903454
St Benedict's Monastery - Adisham,Scenic view,50,2,17,69,positive,0.794,The place is so nice and quiet with great view.,325,0.2123076923076923,128,0.25391520998096345,0.05390815227288147,0.04280307290466789
St Benedict's Monastery - Adisham,Forest,6,1,6,13,positive,0.791,The best part was the walk up to the monastery through the forest reserve - lots of birds and beautiful old trees.,325,0.04,51,1.1741198411762548,0.046964793647050196,0.03714915177481671
St Clair's Falls,Waterfall,115,2,75,192,positive,0.794,One of the most beautiful falls in Sri Lanka,527,0.36432637571157495,24,1.927891643552635,0.702381775260163,0.5576911295565694
St Clair's Falls,Tea plantation,19,0,7,26,positive,0.841,"The busy road, from where the fall could be enjoyed, is quite narrow and visitors who stop by are advised to exercise caution when enjoying the lovely scenery surrounded by the green tea estates.",527,0.04933586337760911,16,2.3333567516607996,0.115118169911159,0.09681438089528471
St Clair's Falls,Viewpoint,14,0,22,36,neutral,0.802,"You can have a good view from the viewpoint but if you go down a little you will see the real beauty surrounded by tea plantation,",527,0.0683111954459203,29,1.7386496439141066,0.11876923563739628,0.09525292698119182
St Clair's Falls,Mountain,12,0,7,19,positive,0.778,Claire falls was stunning amid the green hills.,527,0.036053130929791274,24,1.927891643552635,0.06950652984345364,0.05407608021820693
St Clair's Falls,Scenic view,98,0,33,131,positive,0.785,Subsequent to the upper Kothmale project the nice scenery from the main road to Nuwaraeliya is no more.,527,0.24857685009487665,128,0.25391520998096345,0.06311744308824709,0.049547192824273965
St Lucia's Cathedral,Church,19,2,17,38,positive,0.785,"Stayed around 40 min's and so glad I visited this beautiful Cathedral, worth visiting for all ages.",72,0.5277777777777778,9,2.908720896564361,1.535158250964524,1.2050992270071514
St Lucia's Cathedral,Parking,4,0,2,6,positive,0.8,Situated in Kotahena and Easily accessible with ample parking.,72,0.08333333333333333,54,1.1169614273363062,0.09308011894469218,0.07446409515575374
St Lucia's Cathedral,Sculptures,4,0,2,6,positive,0.8,Very peaceful inside with a lot of statues of different saints.,72,0.08333333333333333,55,1.0986122886681098,0.0915510240556758,0.07324081924454065
St Lucia's Cathedral,Service quality,4,1,1,6,positive,0.817,Church Service is considered High Mass but the local choir is not good as the service.,72,0.08333333333333333,88,0.6286086594223741,0.0523840549518645,0.0427977728956733
St Lucia's Cathedral,Peacefulness,10,0,0,10,positive,0.808,"Arrived around 4pm at the Cathedral and very quite with only a handful of local people, the atmosphere was quiet and relaxed, my Tuk Tuk driver was happy to take some pics of me looking around.",72,0.1388888888888889,129,0.24613306953890854,0.03418514854707063,0.02762160002603307
St. Mary's Church,Church,155,3,76,234,positive,0.796,A large church which has beautiful religious statues.The ceiling of this church has fresco's and is one of the largest churches in Negombo.,480,0.4875,9,2.908720896564361,1.418001437075126,1.1287291439118003
St. Mary's Church,Paintings,45,0,14,59,positive,0.801,"One of the intarasting Church arround in Negombo,Here you will see very good ceiling painted by a local artist.",480,0.12291666666666666,29,1.7386496439141066,0.21370901873110892,0.17118092400361826
St. Mary's Church,Sculptures,19,0,6,25,positive,0.808,A large church which has beautiful religious statues.The ceiling of this church has fresco's and is one of the largest churches in Negombo.,480,0.052083333333333336,55,1.0986122886681098,0.05721939003479739,0.04623326714811629
St. Mary's Church,Murals,7,0,2,9,positive,0.818,A large church which has beautiful religious statues.The ceiling of this church has fresco's and is one of the largest churches in Negombo.,480,0.01875,11,2.70805020110221,0.05077594127066644,0.04153471995940514
St. Mary's Church,Market,5,0,2,7,positive,0.789,"A very pleasant little church down by the fishing docks & fish market, well worth a quiet 10mins away from the hustle & bustle that is outside the lovely grounds.",480,0.014583333333333334,16,2.3333567516607996,0.034028119295053325,0.026848186123797073
Statue of Parakramabahu I,Sculptures,40,2,34,76,positive,0.786,"Actually this not the statue of king Parakramabahu, It is the statue of a powerful sage Pulastya rishi (son of Brahma), one of the beautiful statue you should see.",103,0.7378640776699029,55,1.0986122886681098,0.810626543094916,0.637152462872604
Statue of Parakramabahu I,Ancient ruins,7,1,6,14,positive,0.783,"Glad to have seen this statue and the ruins nearby, but wouldn't recommend going out of your way to see it.",103,0.13592233009708737,23,1.9704512579714308,0.2678283263262139,0.20970957951342548
Statue of Parakramabahu I,Buddha statue,4,0,4,8,positive,0.795,These are interesting carvings of Buddha in various poses.,103,0.07766990291262135,47,1.255797872190522,0.09753769881091433,0.07754247055467689
Statue of Parakramabahu I,Museum,2,1,2,5,positive,0.784,"It's amongst lots of ancient sites in this magnificent ancient city and thanks UNESCO for keeping them safe.Get a guide to explain the history or visit the museum first, adding to the enjoyment.",103,0.04854368932038835,36,1.5224265354444706,0.07390420074973159,0.057940893387789565
Temple of the Sacred Tooth Relic,Temple,230,26,181,437,positive,0.788,arranging all our Tour in Sri Lanka!We are really thankful for them because we will miss these wonderful if we are aloneVisited this temple and our guide was awesome explaining the history and all the things The main thing was the Cultural Dance!we really enjoyed it and the dance with the fire walking made us wow,1611,0.271260086902545,76,0.7752121336142496,0.21028411073210865,0.1657038792569016
Temple of the Sacred Tooth Relic,Buddha statue,48,4,92,144,neutral,0.773,"Very quiet and clam place,you will get mental relief inside the temple,must visit.Tooth of Lord Buddha was kept in the gold casket.We were lucky to see the gold casket,because we have reached in time and visited Srilanka in off season we didn't get any rush.",1611,0.0893854748603352,47,1.255797872190522,0.11225008913434835,0.08676931890085128
Temple of the Sacred Tooth Relic,Museum,49,5,36,90,positive,0.783,There is plenty to see including the museum sections which are worth the time.,1611,0.055865921787709494,36,1.5224265354444706,0.08505176175667432,0.066595529455476
Temple of the Sacred Tooth Relic,Local guide,56,13,48,117,positive,0.768,Tour in Sri Lanka!We are really thankful for them because we will miss these wonderful if we are aloneVisited this temple and our guide was awesome explaining the history and all the things The main thing was the Cultural Dance!we really enjoyed it and the dance with the fire walking made us wow,1611,0.07262569832402235,66,0.9162907318741551,0.06654625427019004,0.05110752327950595
Temple of the Sacred Tooth Relic,Elephants,14,3,27,44,neutral,0.772,"If you want the atmosphere of a puja, drum beating will announce its start and continue throughout, the actual ceremony performed by the monks behind the closed temple doors with massive elephant tusks in front of it.",1611,0.027312228429546864,33,1.6094379124341003,0.04395733590757319,0.033935063320646504
Trincomalee Beach,Beach,46,6,7,59,positive,0.818,The beach is especially clean in the Nilaveli area and Marble Beach area.,196,0.3010204081632653,64,0.9470623905409088,0.2850851073567021,0.2331996178177823
Trincomalee Beach,Sandy beach,6,0,5,11,positive,0.773,Beaches in this area are the best in the world with soft-sand and different beaches very clean and shallow.,196,0.05612244897959184,15,2.3978952727983707,0.134575755106031,0.10402705869696197
Trincomalee Beach,Cleanliness,20,10,2,32,positive,0.865,The beach is especially clean in the Nilaveli area and Marble Beach area.,196,0.16326530612244897,117,0.34377153910282454,0.056125965567808085,0.04854896021615399
Trincomalee Beach,Hindu shrine,3,1,3,7,positive,0.791,nice beach and corneshwaram hindu temple,196,0.03571428571428571,39,1.4423838277709342,0.05151370813467622,0.04074734313452889
Trincomalee Beach,Accommodation,5,0,11,16,neutral,0.764,Would recommend this beach resort but best to book accommodation before you arrive as there is a shortage of hotels/ guest houses in the high season,196,0.08163265306122448,90,0.6061358035703155,0.049480473760842074,0.03780308195328334
Trincomalee War Cemetery,Cleanliness,77,0,0,77,positive,0.885,well maintained like British standards not sls,209,0.3684210526315789,117,0.34377153910282454,0.1266526723010406,0.11208761498642093
Trincomalee War Cemetery,Peacefulness,61,0,0,61,positive,0.818,"Peaceful, respectful place.",209,0.291866028708134,129,0.24613306953890854,0.07183788154006422,0.05876338709977253
Trincomalee War Cemetery,Service quality,16,0,4,20,positive,0.792,The guardian is extremely helpful and treats the place as though it was his own.,209,0.09569377990430622,88,0.6286086594223741,0.06015393870070566,0.047641919450958886
Trincomalee War Cemetery,Family friendliness,7,2,11,20,neutral,0.765,"And fully worth a visit it is, especially if you are a war historian or someone who's family or country has been touched by the second world war.",209,0.09569377990430622,89,0.6173091041684409,0.05907264154721922,0.04519057078362271
Trincomalee War Cemetery,Accommodation,5,0,8,13,neutral,0.766,"Right on the main road heading north out of Trincomalee, easy walking distance from the main cluster of tourist resorts.",209,0.06220095693779904,90,0.6061358035703155,0.03770222701633541,0.028879905894512923
Turtle Conservation Project Turtle Watch,Turtles,158,58,142,358,positive,0.789,"A pleasant night waiting under the stars while the locals patrolled the beach, then when a turtle appeared we were able to go and watch while it laid about 100 eggs!",1230,0.2910569105691057,16,2.3333567516607996,0.6791396073939563,0.5358411502338315
Turtle Conservation Project Turtle Watch,Beach,74,20,123,217,neutral,0.775,"A pleasant night waiting under the stars while the locals patrolled the beach, then when a turtle appeared we were able to go and watch while it laid about 100 eggs!",1230,0.17642276422764228,64,0.9470623905409088,0.16708336483526603,0.12948960774733118
Turtle Conservation Project Turtle Watch,Local guide,51,25,82,158,neutral,0.754,It's a shame that the gentleman guiding us had very poor english and his research talk was somewhat lost in translation,1230,0.12845528455284552,66,0.9162907318741551,0.11770238669602967,0.08874759956880637
Turtle Conservation Project Turtle Watch,Wildlife,39,19,43,101,neutral,0.786,"old Englishman, Richard, who started the project years ago, had ""gone"" a few months ago, the thing had totally degenerated into a wildlife disaster and money grabbing rip off.Sad.",1230,0.08211382113821138,54,1.1169614273363062,0.09171797086257473,0.07209032509798374
Turtle Conservation Project Turtle Watch,Waves,8,6,9,23,neutral,0.757,"An incredible animal who after 2 hours of preparing her nest, laying and covering the eggs returned to the surf.",1230,0.01869918699186992,20,2.1102132003465894,0.03945927122599314,0.029870668318076804
Twin Baths (Kuttam Pokuna),Sculptures,12,1,9,22,positive,0.792,It is made out of Granite with intricate carvings which will tells us how good was the technical know how of Sri Lankan craftmen.,204,0.10784313725490197,55,1.0986122886681098,0.11847779583675694,0.0938344143027115
Twin Baths (Kuttam Pokuna),Ancient ruins,9,0,2,11,positive,0.8,"The ruins at Polonuwara and Sigiriya are more impressive.The baths themselves are worth about 5-10 minutes of your time, hardly worth the amount of time taken just to get there, especially if you are using a bicycle or public transport.",204,0.05392156862745098,23,1.9704512579714308,0.10624982273375363,0.08499985818700291
Twin Baths (Kuttam Pokuna),Turtles,2,1,6,9,neutral,0.764,We also enjoyed spotting fist and turtles - this might be a good spot for kids.,204,0.04411764705882353,16,2.3333567516607996,0.1029422096320941,0.0786478481589199
Twin Baths (Kuttam Pokuna),Stairs,6,1,9,16,neutral,0.774,I recommended climbing down the stairs and sitting right near the surface of the water.,204,0.0784313725490196,47,1.255797872190522,0.09849395076004094,0.07623431788827169
Twin Baths (Kuttam Pokuna),Souvenir stalls,3,2,11,16,neutral,0.759,The curio vendors near it are too pushy.,204,0.0784313725490196,49,1.214125175789954,0.0952255039835258,0.07227615752349609
Udawalawe National Park,Elephants,204,18,226,448,neutral,0.782,Definitely worth booking in advance and perhaps cost is a bit extra but it’s definitely worth it as he shows you everything that other guides miss and manages to find the best spots for the elephants!,2125,0.21082352941176472,33,1.6094379124341003,0.33930738106845976,0.26533837199553556
Udawalawe National Park,Wildlife,253,15,159,427,positive,0.793,Lahiru was very knowledgeable about the different animals around the park and took some amazing photos on my phone which I would not of been able to capture myself.,2125,0.20094117647058823,54,1.1169614273363062,0.22444354328122482,0.1779837298220113
Udawalawe National Park,Birds,133,6,168,307,neutral,0.772,"The main attraction here are the Elephants in the wild, we saw monkeys, lizards, deer and various birds.Don’t come with high expectations this ain’t Africa, but still everyone had a great time and cruising along on Safari jeep was fun for everyone.",2125,0.14447058823529413,40,1.4170660197866443,0.20472436144682343,0.1580472070369477
Udawalawe National Park,Local guide,252,6,76,334,positive,0.797,Really good tour of the safari park with the best guide.,2125,0.1571764705882353,66,0.9162907318741551,0.14401934326869073,0.11478341658514651
Udawalawe National Park,Leopards,6,1,24,31,neutral,0.757,"and lots of birds (pelicans, toucans, bee-eaters, peacocks, ...) and even the fresh trace of a leopard.",2125,0.014588235294117647,13,2.540996116439044,0.037068649228051934,0.028060967465635314
Unawatuna Beach,Beach,97,15,14,126,positive,0.818,"Wide, white sand beach with clear waters.",510,0.24705882352941178,64,0.9470623905409088,0.23398012001598925,0.1913957381730792
Unawatuna Beach,Sandy beach,19,3,11,33,positive,0.75,"Wide, white sand beach with clear waters.",510,0.06470588235294118,15,2.3978952727983707,0.15515792941636516,0.11636844706227387
Unawatuna Beach,Restaurants,35,1,22,58,positive,0.793,"and good restaurants such as the Happy Spice,",510,0.11372549019607843,49,1.214125175789954,0.1380769807761124,0.10949504575545715
Unawatuna Beach,Waves,17,4,7,28,positive,0.775,Good to swim with light waves.,510,0.054901960784313725,20,2.1102132003465894,0.11585484237196962,0.08978750283827645
Unawatuna Beach,Cafes,9,2,4,15,positive,0.805,so you can really set yourself up here to enjoy the whole day Beach front.Nice relaxed & chilled out cafes and beach restaurants couple of footsteps back from the beach.The whole area filled with back packers and a great mix of very interesting people from all walks of life!!We only came here,510,0.029411764705882353,15,2.3978952727983707,0.07052633155289326,0.05677369690007907
Uppuveli Beach,Beach,70,12,13,95,positive,0.815,Beach is clean.,294,0.3231292517006803,64,0.9470623905409088,0.3060235615693413,0.24940920267901315
Uppuveli Beach,Sandy beach,12,3,8,23,positive,0.769,A lovely beach made of soft white sand.,294,0.0782312925170068,15,2.3978952727983707,0.18759044651143716,0.1442570533672952
Uppuveli Beach,Restaurants,18,3,9,30,positive,0.806,"Such as other places in Sri Lanka, it smells sometimes the benzine, and some restaurants/places such as Fernando's bar are transformed to loud and noisy disco bar as from 7PM, with a boring beat sound and flashing multicolour lights polluting the whole beach and any",294,0.10204081632653061,49,1.214125175789954,0.1238903240601994,0.09985560119252072
Uppuveli Beach,Boat service,2,1,7,10,neutral,0.754,"Please be aware of the aggressive stray dogs between Uppuveli beach and Trincomalee beach.Me and my fiancé went for a walk near the fishing boats when 2 dogs started chasing us, barking and growling.",294,0.034013605442176874,9,2.908720896564361,0.09893608491715515,0.07459780802753499
Uppuveli Beach,Waves,5,1,4,10,positive,0.784,Came here in August and the sea was clear and calm enough for swimming (but be prepared to do a bit of wave jumping!) Currently this place is very under developed.,294,0.034013605442176874,20,2.1102132003465894,0.07177595919546223,0.05627235200924239
Victoria Park of Nuwara Eliya,Family friendliness,72,7,61,140,positive,0.758,"Visited March 15th, located nearer to town, nice one, there is a children's play area inside, my daughter enjoyed lot, we took some family photos, A good one for evening relaxing,",798,0.17543859649122806,89,0.6173091041684409,0.10829984283656857,0.08209128087011898
Victoria Park of Nuwara Eliya,Birds,23,3,23,49,positive,0.751,Some good sightings of migratory birds during the October - March season.,798,0.06140350877192982,40,1.4170660197866443,0.08701282577637288,0.06534663215805604
Victoria Park of Nuwara Eliya,Entrance fee,30,15,40,85,neutral,0.847,The entrance fee for foreign adults is 300 Sri Lankan Rupees per person and children got in for free.,798,0.10651629072681704,87,0.6400373552459969,0.06817440500740568,0.05774372104127261
Victoria Park of Nuwara Eliya,Ticket price,27,8,52,87,neutral,0.766,The entrance fee for foreign adults is 300 Sri Lankan Rupees per person and children got in for free.,798,0.10902255639097744,94,0.5626506916305767,0.061341616756717,0.046987678435645226
Victoria Park of Nuwara Eliya,Cleanliness,89,32,0,121,positive,0.882,"it is not very big park but very beautiful and clean place, very nice for children to play around.",798,0.15162907268170425,117,0.34377153910282454,0.05212575968852352,0.04597492004527774
Viharamahadevi Park,Family friendliness,114,7,97,218,positive,0.757,Kids have a little play zone too.There are some water features as well for the adventurous who want to play in the water (if allowed).A good location for photoshoots AND for some great tree shots when the light is good.During Cherry Blossom season even better.,1014,0.21499013806706113,89,0.6173091041684409,0.13271536953522692,0.10046553473816677
Viharamahadevi Park,Buddha statue,40,1,31,72,positive,0.813,"There you will find stunning trees, a pleasant view to a small lake, a statue of Buddha, and some options for snacks and drinks (a snack bar and the locals, who sell steamed corn, manioc, spicy treats etc).After a heavy week at work, tht is a good place to relax and blow your mind.",1014,0.07100591715976332,47,1.255797872190522,0.08916907968216725,0.07249446178160197
Viharamahadevi Park,Trail,26,0,39,65,neutral,0.763,Very beautiful park; well maintained; big enough for lengthy walks; big statue of Lord Buddha at one end makes for a peaceful sight; separate walking and cycling tracks,1014,0.0641025641025641,39,1.4423838277709342,0.09246050178018808,0.0705473628582835
Viharamahadevi Park,Sculptures,36,1,31,68,positive,0.787,"There you will find stunning trees, a pleasant view to a small lake, a statue of Buddha, and some options for snacks and drinks (a snack bar and the locals, who sell steamed corn, manioc, spicy treats etc).After a heavy week at work, tht is a good place to relax and blow your mind.",1014,0.0670611439842209,55,1.0986122886681098,0.07367419687320657,0.05798159293921357
Viharamahadevi Park,Museum,11,0,33,44,neutral,0.76,The park is across from the National Museum and is worth walking to.,1014,0.04339250493096647,36,1.5224265354444706,0.06606190094630839,0.05020704471919438
Visit Kanneliya Rain Forest,Waterfall,17,3,17,37,positive,0.791,Steep walks down to waterfalls,253,0.14624505928853754,24,1.927891643552635,0.2819446277132312,0.2230182005211659
Visit Kanneliya Rain Forest,Forest,30,3,21,54,positive,0.794,"But it does show a rain forest habitat, and our guide was pretty good at spotting assorted creatures and flora that were unique and unusual.",253,0.2134387351778656,51,1.1741198411762548,0.25060265384789626,0.19897850715522963
Visit Kanneliya Rain Forest,Leeches,0,18,2,20,negative,0.798,Only thing to be watchful is the leeches...they can be annoying and lots in the rainy season.,253,0.07905138339920949,8,3.0265039322207445,0.2392493227051972,0.19092095951874738
Visit Kanneliya Rain Forest,Local guide,14,2,18,34,neutral,0.757,"But it does show a rain forest habitat, and our guide was pretty good at spotting assorted creatures and flora that were unique and unusual.",253,0.13438735177865613,66,0.9162907318741551,0.12313788491589436,0.09321537888133204
Visit Kanneliya Rain Forest,Birds,11,2,7,20,positive,0.781,"Its also a good bird watching spot, for that you need to visit this place early in the morning, locals here arrange it on your demand.",253,0.07905138339920949,40,1.4170660197866443,0.1120210292321458,0.08748842383030588
Wasgamuwa National Park,Elephants,29,1,27,57,positive,0.786,It was great to see many numbers of elephants roaming around and checking you and your vehicle out to see whether you are a friend or an enemy!!,186,0.3064516129032258,33,1.6094379124341003,0.49321484413303074,0.38766686748856216
Wasgamuwa National Park,Birds,13,0,22,35,neutral,0.765,"The trip was very interesting saw many herds of wild elephants, spotted deer and,jackals many peacocks and peafowls ,storks, serpent eagles, bee eaters",186,0.1881720430107527,40,1.4170660197866443,0.26665220802436856,0.20398893913864197
Wasgamuwa National Park,Wildlife,10,3,21,34,neutral,0.774,You could see animals closer to the nature than some of the other Parks as Wasgamuwa is not that crowded by visitors probably due to the distance from Colombo.,186,0.1827956989247312,54,1.1169614273363062,0.20417574478190545,0.15803202646119482
Wasgamuwa National Park,River,8,0,6,14,positive,0.789,"On a good day...you will see many elephants, on a bad day....nothing.....take your food....if the river is calm....have a bath....protect your food from monkeys.....",186,0.07526881720430108,33,1.6094379124341003,0.12114048803267422,0.09557984505777996
Wasgamuwa National Park,Leopards,3,0,5,8,neutral,0.773,"Sep to March， beacuse it's rainy season.You can see Sri Lankan elephant，Samber deer，spotted deer， barking deer，jackal ,Sri lankan leopard ， sloth bear and some mammals also lots of birds too.Basically leopard & sloth bear sightings are rare but if you have luck you can see them.Wasgamuwa is popular for elephants and you",186,0.043010752688172046,13,2.540996116439044,0.10929015554576534,0.0844812902368766
Weherahena Buddhist Temple,Buddha statue,24,0,23,47,positive,0.805,This is a nice place with a huge Buddha statue in it....,228,0.20614035087719298,47,1.255797872190522,0.2588706140041866,0.20839084427337023
Weherahena Buddhist Temple,Paintings,18,0,12,30,positive,0.791,truly amazing place especially if you like to photograph ancient buddhist sculptures and incredibly old paintings of the,228,0.13157894736842105,29,1.7386496439141066,0.22876968998869823,0.18095682478106032
Weherahena Buddhist Temple,Temple,29,3,29,61,positive,0.781,locals were a bit aggressive in terms of soliciting money and donations; it seems a bit like a canival and not like a legitimate temple.,228,0.2675438596491228,76,0.7752121336142496,0.20740324627398782,0.16198193533998448
Weherahena Buddhist Temple,Sculptures,17,0,21,38,neutral,0.781,truly amazing place especially if you like to photograph ancient buddhist sculptures and incredibly old paintings of the,228,0.16666666666666666,55,1.0986122886681098,0.1831020481113516,0.1430026995749656
Weherahena Buddhist Temple,Murals,7,0,3,10,positive,0.818,They tell you the life of Buddha with beautiful murals.,228,0.043859649122807015,11,2.70805020110221,0.1187741316272899,0.09715723967112314
Weligama Beach,Beach,120,19,27,166,positive,0.815,Good beach area with plenty of space.,553,0.30018083182640143,64,0.9470623905409088,0.28428997618407026,0.23169633059001724
Weligama Beach,Sandy beach,19,5,14,38,positive,0.757,Beautiful sandy beach with plenty of activity,553,0.06871609403254973,15,2.3978952727983707,0.16477399704581933,0.12473391576368523
Weligama Beach,Food quality,14,2,4,20,positive,0.756,"A small amount of cafes operate in the evening on the beach for meals and drinks, which is a nice experience.",553,0.03616636528028933,16,2.3333567516607996,0.08438903260979384,0.06379810865300414
Weligama Beach,Restaurants,19,2,10,31,positive,0.8,"Took a day trip over from Mirissa, much calmer seas here, lots of surfers, had a great lunch at the catermaran truck restaurant parked on the seafront.",553,0.05605786618444846,49,1.214125175789954,0.0680612666356032,0.05444901330848256
Weligama Beach,Boat service,1,4,5,10,neutral,0.766,One end of the beach has pretty boats and emerald water - great photos.,553,0.018083182640144666,9,2.908720896564361,0.05259893122177869,0.04029078131588248
Wewurukannala Vihara,Buddha statue,31,2,33,66,neutral,0.799,"And of course a great view from top of Buddha statue, u can see so far.",409,0.16136919315403422,47,1.255797872190522,0.20264708939993753,0.1619150244305501
Wewurukannala Vihara,Elephants,15,8,30,53,neutral,0.774,Free the elephant,409,0.1295843520782396,33,1.6094379124341003,0.2085579690929274,0.1614238680779258
Wewurukannala Vihara,Temple,52,4,47,103,positive,0.783,"Also, since it's a working temple, try to be quiet and respectful of the locals who come here to pray.",409,0.25183374083129584,76,0.7752121336142496,0.1952245715458868,0.15286083952042936
Wewurukannala Vihara,Sculptures,25,1,27,53,neutral,0.779,"And of course a great view from top of Buddha statue, u can see so far.",409,0.1295843520782396,55,1.0986122886681098,0.14236296161224893,0.11090074709594192
Wewurukannala Vihara,Murals,9,0,9,18,positive,0.794,Great statue of sitting Lord Buddha and plenty of skillfully made statues and frescoes inside the temple building.,409,0.044009779951100246,11,2.70805020110221,0.11918069344704103,0.09462947059695058
Whale Watching in Mirissa,Whales,71,4,28,103,positive,0.799,"friendly crew, the captain knows a lot about whales (former fisherman).",274,0.3759124087591241,2,4.412798293340635,1.65882563581783,1.3254016830184463
Whale Watching in Mirissa,Dolphins,17,0,27,44,neutral,0.77,we saw the dolphin & whale.We highly recommend this company for your whale watching experience in Mirissa.cheers..,274,0.16058394160583941,2,4.412798293340635,0.7086245434561603,0.5456408984612434
Whale Watching in Mirissa,Food quality,12,0,1,13,positive,0.758,The facilities were great and the food was lovely - we didn't eat much as we fell foul of sea sickness but it looked yummy and plentiful!!,274,0.04744525547445255,16,2.3333567516607996,0.11070670719558538,0.08391568405425372
Whale Watching in Mirissa,Turtles,3,0,7,10,neutral,0.762,We were also lucky enough to see 2 large turtles frolicking in the sea which was incredible.,274,0.0364963503649635,16,2.3333567516607996,0.08515900553506567,0.06489116221772004
Whale Watching in Mirissa,Service quality,32,0,2,34,positive,0.824,I really love your service and it was amazing experience we ever had.,274,0.12408759124087591,88,0.6286086594223741,0.07800253438087854,0.06427408832984391
Wilpattu National Park,Leopards,107,18,229,354,neutral,0.77,"Famous for leopards, elephants, many bird species.......bungalows inside the park are in great demand.",1936,0.1828512396694215,13,2.540996116439044,0.46462428988606486,0.35776070321226994
Wilpattu National Park,Birds,101,17,178,296,neutral,0.763,"Famous for leopards, elephants, many bird species.......bungalows inside the park are in great demand.",1936,0.15289256198347106,40,1.4170660197866443,0.21665885426490014,0.1653107058041188
Wilpattu National Park,Wildlife,155,25,159,339,neutral,0.785,I think both the size of the park and the decline in animals over the years makes it very difficult to really spot any abundance.,1936,0.17510330578512398,54,1.1169614273363062,0.19558363836105777,0.15353315611343035
Wilpattu National Park,Elephants,52,12,176,240,neutral,0.762,"Famous for leopards, elephants, many bird species.......bungalows inside the park are in great demand.",1936,0.12396694214876033,33,1.6094379124341003,0.19951709658273972,0.15203202759604767
Wilpattu National Park,Forest,26,6,58,90,neutral,0.77,No dustbins in the jungle so please keep all the rubbish on board the jeep and throw it at the end of the tour.,1936,0.04648760330578512,51,1.1741198411762548,0.05458201741005316,0.04202815340574093
Wolvendaal Church,Church,57,4,38,99,positive,0.787,Great curator takes you through the history of this church and the flagstones detailing the deaths of its early churchgoers.,185,0.5351351351351351,9,2.908720896564361,1.5565587500533609,1.225011736291995
Wolvendaal Church,Colonial architecture,11,2,15,28,neutral,0.776,A peaceful piece of Colonial history,185,0.15135135135135136,24,1.927891643552635,0.2917890055106691,0.22642826827627924
Wolvendaal Church,Heritage site,1,0,8,9,neutral,0.751,You can see on the graves if they died of infectious desease (so the graves should not be opened).A great experience and connection to the dutch heritage.,185,0.04864864864864865,30,1.7047480922384253,0.08293369097376123,0.06228320192129468
Wolvendaal Church,Market,3,1,2,6,positive,0.78,We went with Colombo City Walks and it just seemed like the perfect place to relax and take in some history after the Pettah Market.It reminds you that this island has had no shortage of landlords per se and it is nice to find something so well preserved from so long ago.,185,0.032432432432432434,16,2.3333567516607996,0.07567643518899891,0.059027619447419154
Wolvendaal Church,Local guide,6,1,6,13,positive,0.762,Nice explanation of the graveyard stones by the local guide.,185,0.07027027027027027,66,0.9162907318741551,0.06438799737494064,0.04906365399970477
Yala National Park,Leopards,15,5,32,52,neutral,0.77,"yala national park was good .we saw the leopard ,,elephants,crocodiles,many kind of birdsand ect..",300,0.17333333333333334,13,2.540996116439044,0.4404393268494343,0.33913828167406446
Yala National Park,Elephants,15,3,26,44,neutral,0.774,"Yala National Park is a great place to visit, although familiar with a few of the more common animals there which we saw such as the elephants, peafowl, water buffalo, spotted deer, crocodiles, it was the first time seeing some of these creatures in life and not on a documentary.",300,0.14666666666666667,33,1.6094379124341003,0.23605089382366803,0.18270339181951906
Yala National Park,Wildlife,25,6,27,58,neutral,0.782,"Long day ,rough roads and far to many vehicles,some animals are scared of vehicles so unless your at front you miss quite a lotFull day you stop for dinner and toilet its absoluetly appalling,make sure you take toilet roll and preferably a bush",300,0.19333333333333333,54,1.1169614273363062,0.21594587595168585,0.16886967499421834
Yala National Park,Birds,13,2,29,44,neutral,0.761,An early start and a full day gives you the best chance to see everything and our guide from Kingfisher Beach Resort took us off the well trodden roads and we managed to see 2 leopards.,300,0.14666666666666667,40,1.4170660197866443,0.20783634956870783,0.15816346202178666
Yala National Park,Trail,3,1,5,9,neutral,0.78,"opening gate at 6, to avoid a long queue of jeeps from 300 to 400 arriving like a flooded river, to be tossed for three hours in the paths of the park, breathing exhaust gas and dust, as all these jeeps cross each other several times, to see what....",300,0.03,39,1.4423838277709342,0.04327151483312802,0.03375178156983986
Yapahuwa Rock Fortress,Fortress,20,1,17,38,positive,0.785,Being one of the ancient capitals of Sri Lanka there is so much history and interesting influences from many part of the world when building this fortress.,248,0.1532258064516129,9,2.908720896564361,0.4456911051187328,0.3498675175182052
Yapahuwa Rock Fortress,Stairs,16,11,19,46,neutral,0.789,"At least one person dies from falling down the stairs each year, so take great care when descending.",248,0.18548387096774194,47,1.255797872190522,0.23293025048695168,0.18378196763420487
Yapahuwa Rock Fortress,Ancient ruins,10,1,15,26,neutral,0.784,Amazing ancient fortess with beautiful staircase leading to the palace in ruins.,248,0.10483870967741936,23,1.9704512579714308,0.2065795673679726,0.16195838081649053
Yapahuwa Rock Fortress,Sculptures,11,0,8,19,positive,0.787,"governance and the shrine of the sacred tooth relic of Buddha in the 13th century.The place is best known for its number of rock carvings, the most notable being a chinese styled lion carved out of solid rock.",248,0.07661290322580645,55,1.0986122886681098,0.08416787695441164,0.06624011916312196
Yapahuwa Rock Fortress,Museum,2,0,8,10,neutral,0.752,The stone staircase is impressive and visiting the museum is worthwhile.,248,0.04032258064516129,36,1.5224265354444706,0.06138816675179317,0.04616390139734847
