id,question,expected_intent,detected_intent,intent_confidence,elapsed_seconds,faithfulness,answer_relevancy,context_precision,context_recall,user_input,retrieved_contexts,response,reference
Q_ACT_01,Where are the best places for swimming in Sri Lanka?,activity_query,activity_query,1.0,12.43,1.0,0.9936284952621632,0.9999999999,1.0,Where are the best places for swimming in Sri Lanka?,"[""Knowledge Graph Fact 1. Polhena Beach is a beach in Matara District for Swimming, featuring Safety, Peacefulness, and Family friendliness.\nKnowledge Graph Fact 2. Aberdeen Falls is a waterfall for Swimming, featuring Waterfall, Road access, and Trail.\n   Supporting Evidence:\n   [1] Place: Aberdeen Falls\nCategory: Waterfall\nLocation: Sri Lanka\nSource: Wikipedia Article\n\nThis pool is notable for its depth and size. The water is usually cool, and the pool's edges are rocky. Depths can vary throughout the pool, so swimming is not recommended. Several accidents caused by drowning have been reported, and authorities advise visitors to enjoy the falls from a safe distance.\nThe site is popular for photography and has also gained attention as a destination for recreational cycling. Visitors are advised to exercise caution near the waterfall and pool, and to help preserve the natural environment.\nKnowledge Graph Fact 3. Goyambokka Beach is a beach in Hambantota District for Swimming, featuring Peacefulness, Family friendliness, and Ticket price.\n   Supporting Evidence:\n   [1] Place: Goyambokka Beach\nRating: 4 stars\nTitle: Nice beach...\nSource: Visitor Review\n\nRustic and less touristy than other beaches in Sri Lanka. Great for couples! Hire a couple of sun beds with shade to keep you out of the tropical sun well worth it!\nKnowledge Graph Fact 4. Unawatuna Beach is a beach in Galle District for Swimming, featuring Safety, Peacefulness, and Family friendliness.\nKnowledge Graph Fact 5. Diyaluma Falls is a waterfall in Badulla District for Swimming, featuring Waterfall, Road access, and Trail.\n   Supporting Evidence:\n   [1] Place: Diyaluma Falls\nRating: 5 stars\nTitle: Natural pools and beautiful falls\nSource: Visitor Review\n\nThere is a small charge to enter at the Upper Falls now. After seeing the upper falls and swimming in the natural pools, you will want to see the beauty from below, this huge waterfall is incredible from below, being the 2nd largest in Sri Lanka. The upper part is a hike with stairs and we got a guide as it had been raining days prior and he was worth the payment as he added a lot to our enjoyment and assisted with photos and safe places to swim even with nibbly fish.\nKnowledge Graph Fact 6. Hiriketiya Beach is a beach in Matara District for Swimming, featuring Peacefulness, Family friendliness, and Ticket price.\nKnowledge Graph Fact 7. Nilaveli Beach is a beach in Trincomalee District for Swimming, featuring Peacefulness, Cleanliness, and Crowdedness.\nKnowledge Graph Fact 8. Casuarina Beach is a beach in Jaffna District for Swimming, featuring Safety, Peacefulness, and Family friendliness."", 'RETRIEVAL NOTES:\n- Ranked by: Swimming, Safety, Water depth\n- CONTRADICTION RULE: If Review Evidence contradicts the Knowledge Graph facts, you MUST treat the Knowledge Graph as the absolute ground truth.']","The best places for swimming in Sri Lanka are:

- **Polhena Beach** — Located in the Matara District, this beach is well-regarded for its safety, peacefulness, and family friendliness.

- **Goyambokka Beach** — Situated in the Hambantota District, this beach offers a peaceful and family-friendly atmosphere, and visitors should be aware of the ticket price.

- **Unawatuna Beach** — Found in the Galle District, this beach is characterized by its safety, peacefulness, and family friendliness.

- **Diyaluma Falls** — A waterfall in the Badulla District featuring natural pools for swimming. Visitors can access the upper falls via a trail and road access; guides are available to assist in finding safe places to swim.

- **Hiriketiya Beach** — Located in the Matara District, this beach is noted for its peacefulness, family friendliness, and ticket price.

- **Nilaveli Beach** — A beach in the Trincomalee District recognized for its peacefulness, cleanliness, and level of crowdedness.

- **Casuarina Beach** — A beach in the Jaffna District that provides a safe, peaceful, and family-friendly environment.

Regarding **Aberdeen Falls**, while it is a waterfall site with road access and a trail, authorities advise visitors to enjoy the falls from a safe distance rather than swimming, as the pool's depth and size have led to reported accidents and drownings.","The best places for swimming in Sri Lanka include Polhena Beach, Goyambokka Beach, Unawatuna Beach, Diyaluma Falls, Hiriketiya Beach, Nilaveli Beach, and Casuarina Beach."
Q_ACT_02,Which destinations are good for bird watching in Sri Lanka?,activity_query,activity_query,1.0,10.19,1.0,0.9352453611221432,0.9999999999,1.0,Which destinations are good for bird watching in Sri Lanka?,"[""Knowledge Graph Fact 1. Kalametiya Eco Bird Watching is a location for Bird watching, featuring Rock formation, Scenic view, and Peacefulness.\n   Supporting Evidence:\n   [1] Place: Kalametiya Eco Bird Watching\nCategory: Wildlife / Bird Watching\nLocation: Sri Lanka\nSource: Wikipedia Article\n\nDESTINATION: Kalametiya Eco Bird Watching\nTYPE: Wildlife / Bird Watching\nLOCATION: Sri Lanka\nCOORDINATES: 6.0895, 80.9369\nSOURCE: https://en.wikipedia.org/w/index.php?search=Kalametiya%20Eco%20Bird%20Watching%20Sri%20Lanka\n\nKalametiya Eco Bird Watching is a wildlife / bird watching located in Sri Lanka. It is a travel destination in Sri Lanka.\n   [2] Place: Kalametiya Eco Bird Watching\nRating: 5 stars\nTitle: What a great place for bird watching\nSource: Visitor Review\n\nhis book to illustrate/document what he shares. Please just keep it like this, simple & beautiful, do not change anything, do not turn it into a mass tourism spot.For furthermore info, please contact Buddhi on mobile +94 71 355 79 25Thanks\nKnowledge Graph Fact 2. Beddegana Wetland Park is located in Colombo District for Bird watching, featuring Trail, Scenic view, and Peacefulness.\n   Supporting Evidence:\n   [1] Place: Beddegana Wetland Park\nRating: 4 stars\nTitle: Wetland Ecosystem in the Heart of the City\nSource: Visitor Review\n\nIt is a must visit place in Colombo for a nature lover. Artistic landscaping and natural surroundings blend perfectly to provide an unforgettable experience to the visitor. Identification of butterflies, dragonflies and damselflies is facilitated by information boards along the trail. Observation decks are perfect for bird watching and to enjoy the view of the wetland through bird's eye view. Sitting area in the front provide an outdoor class room experience, specially for the kids. Long walking\nKnowledge Graph Fact 3. Kumana National Park is located in Ampara District for Bird watching, featuring Road access, Scenic view, and Peacefulness.\n   Supporting Evidence:\n   [1] Place: Kumana National Park\nRating: 5 stars\nTitle: Amazing place to watch birds\nSource: Visitor Review\n\nOne of the best place to watch endemic birds in Sri Lanka. Must visit early in the morning to have a better experience"", 'Place: Minneriya National Park\nRating: 5 stars\nTitle: Elephant plus few other animals\nSource: Visitor Review\n\nIn Sri Lanka, there are few national parks where you can go on safari to watch for wild animals like Udawalawa, Yala, Wilpaththu & so on. Minneriya is special because of the wide range of areas and the number of elephants I was able to see than in other parks that I have visited. I personally prefer to start the safari after 2.30 PM and you can go around until 6.30 PM depending on the weather and the environmental condition. Even without prior booking, you can find a safari vehicle if you can go', 'Place: Yala National Park\nCategory: National Park / Wildlife Reserve\nLocation: Uva Province, Sri Lanka\nSource: Wikipedia Article\n\nOn 1 March 1938, Yala became a national park when the Flora and Fauna Protection Ordinance was passed into law by D. S. Senanayake, the minister of agriculture. The park consists of five blocks. Subsequently, four other blocks were incorporated to the park. There are six national parks and three wildlife sanctuaries in the vicinity of Yala. Kumana National Park, Yala Strict Nature Reserve and Kataragama, Katagamuwa, and Nimalawa sanctuaries are continuous with the park.', 'Place: Mirissa Beach\nRating: 4 stars\nTitle: Beautiful Sunset!!!\nSource: Visitor Review\n\nattractions where is worth to check out are the Parrot Rock Bridge with lots of crow flying around and the Coconut Tree Hill for the breathtaking sunset view!!!', 'RETRIEVAL NOTES:\n- Ranked by: Bird watching\n- CONTRADICTION RULE: If Review Evidence contradicts the Knowledge Graph facts, you MUST treat the Knowledge Graph as the absolute ground truth.']","Here are the top bird watching destinations in Sri Lanka:

- **Kalametiya Eco Bird Watching** — A wildlife and bird watching destination that features rock formations, scenic views, and peacefulness.

- **Beddegana Wetland Park** — Located in the Colombo District, this park offers observation decks that are perfect for bird watching and enjoying a bird's eye view of the wetland, along with trails, scenic views, and peacefulness.

- **Kumana National Park** — Situated in the Ampara District, this park is considered one of the best places to watch endemic birds, offering road access, scenic views, and peacefulness; it is recommended to visit early in the morning for a better experience.","Good destinations for bird watching in Sri Lanka include Kalametiya Eco Bird Watching, Beddegana Wetland Park, and Kumana National Park."
Q_ACT_03,What are the best spots for hiking in Sri Lanka?,activity_query,activity_query,1.0,13.73,1.0,0.954978237896432,0.99999999995,1.0,What are the best spots for hiking in Sri Lanka?,"[""Knowledge Graph Fact 1. Ella Rock is located in Badulla District for Hiking, featuring Waterfall, Trail, and Rock formation.\n   Supporting Evidence:\n   [1] Place: Ella Rock\nRating: 5 stars\nTitle: Awesome views and best place in Ella\nSource: Visitor Review\n\nGreat hike and lovely place to be in Sri lanka. The experience during the hike was amazing. Specially the view from rock was awesome. Awesome views\nKnowledge Graph Fact 2. Little Adam's Peak View Point is located in Badulla District for Hiking, featuring Trail, Rock formation, and Scenic view.\n   Supporting Evidence:\n   [1] Place: Little Adam's Peak View Point\nRating: 5 stars\nTitle: Super trip\nSource: Visitor Review\n\nAmazing view from the top.The hike is quite steep but not very long, so it can be done by People of All ages and shapes. The view from the top is stunning. The zip line is quite fun as well\nKnowledge Graph Fact 3. Horton Plains National Park is located in Nuwara Eliya District for Hiking, featuring Waterfall, Trail, and Scenic view.\n   Supporting Evidence:\n   [1] Place: Horton Plains National Park\nRating: 5 stars\nTitle: Nice Walk to the end of the world!\nSource: Visitor Review\n\nlanka, and this was one of our favorite trips. The quitness and peace up there is something you dont find in sri lanka at every corner.However, here a tip:Pack your food in boxes or paper and Your drinks in bottles (not those tetra packs). Otherwise you'll get to throw it away at the entrance.\n   [2] Place: Horton Plains National Park\nRating: 5 stars\nTitle: Amazing hike with incredible views\nSource: Visitor Review\n\nThough this is such a main touristy attraction, it's well worth it. When you first arrive around 6 am, it's full of cars and people running to the ticket booth right when it opens, which makes you nervous about the crowds. But as soon as you get on the trail, of which there are two choices, the crowds really thin and most of the time you are hiking on your own. The hike is not strenuous, with few steep uphill points, and the scenery alternates between forest and open plain which is really cool.\nKnowledge Graph Fact 4. Knuckles Mountain Range is a location for Hiking, featuring Waterfall, Road access, and Trail.\n   Supporting Evidence:\n   [1] Place: Knuckles Mountain Range\nRating: 5 stars\nTitle: Knuckles - A heaven on Earth\nSource: Visitor Review\n\nKnuckles provides one of the most beautiful mountain sceneries in Sri Lanka. There is Mini Words End, Reverston Peak, Pitiwala Patana and Manigala providing variety of experience. This is a must visit place in Sri Lanka. There are two sides to enter the range. Reverston Side and Deanston Side.\nKnowledge Graph Fact 5. Single Tree Hill is located in Nuwara Eliya District for Hiking, featuring Road access, Trail, and Scenic view.\n   Supporting Evidence:\n   [1] Place: Single Tree Hill\nCategory: Viewpoint / Hiking\nLocation: Nuwara Eliya, Nuwara Eliya District, Central Province, Sri Lanka\nSource: Wikipedia Article\n\nSingle Tree Hill is a viewpoint / hiking located in Nuwara Eliya District. It is a travel destination in Sri Lanka.\nAddress: Single Tree Hill, Single Tree Road, Haddon Hill, Nuwara Eliya, Nuwara Eliya District, Central Province, 22200, Sri Lanka\nKnowledge Graph Fact 6. Knuckles Mountain Range is a location for Trekking, featuring Waterfall, Road access, and Trail.\n   Supporting Evidence:\n   [1] Place: Knuckles Mountain Range\nRating: 5 stars\nTitle: Knuckles - A heaven on Earth\nSource: Visitor Review\n\nKnuckles provides one of the most beautiful mountain sceneries in Sri Lanka. There is Mini Words End, Reverston Peak, Pitiwala Patana and Manigala providing variety of experience. This is a must visit place in Sri Lanka. There are two sides to enter the range. Reverston Side and Deanston Side.\nKnowledge Graph Fact 7. Pidurangala Rock is located in Matale District for Hiking, featuring Trail, Rock formation, and Scenic view.\nKnowledge Graph Fact 8. Aberdeen Falls is a location for Hiking, featuring Waterfall, Road access, and Trail.\n   Supporting Evidence:\n   [1] Place: Aberdeen Falls\nCategory: Waterfall\nLocation: Sri Lanka\nSource: Wikipedia Article\n\nTourism\nAberdeen Falls is generally less frequented than major sites like Laxapana Falls. Its proximity to Laxapana makes it a common secondary destination for visitors to the area.\nThere is no entry fee for the falls. While on-site guided tours are not typically offered, transportation and informational services can be arranged through local tour operators in the region."", 'Place: Sinharaja Forest Reserve\nRating: 5 stars\nTitle: Great place for hiking\nSource: Visitor Review\n\nBeautiful trails and nature walks. Swimming in the river after a hike is the best. You will need a guide as it is not permitted to go by yourself.', 'Place: Devon Falls\nRating: 4 stars\nTitle: Beautiful...\nSource: Visitor Review\n\nAnother beautiful water fall which could be seen when traveling around the area...quite a walk to the place if you like a good hike..', 'Place: Nine Arches BridgeSomeone from this business manages the listing.\nRating: 5 stars\nTitle: Definitely worth a visit but beware!\nSource: Visitor Review\n\ntimes. I also had help from my partner and a few kind tourists. I would feel a lot safer with trekking shoes and a hiking stick, and I would not recommend visiting this place if it is raining. 3) Try to ask your hotel for the train schedule. The experience was so much more fun with the train passing by with passengers waving and cheering. A few brave tourists sat on the bridge when the train passed by. It took me about 50 minutes to walk from 98 Acres resort to the bridge. On the day I went,', 'RETRIEVAL NOTES:\n- Ranked by: Hiking, positive sentiment\n- CONTRADICTION RULE: If Review Evidence contradicts the Knowledge Graph facts, you MUST treat the Knowledge Graph as the absolute ground truth.']","The best places for hiking in Sri Lanka are:

- **Ella Rock** — A location in the Badulla District featuring a trail, rock formation, and waterfall, offering an amazing hiking experience with awesome views from the rock.

- **Little Adam's Peak View Point** — Located in the Badulla District, this site features a trail, rock formation, and scenic views; the hike is steep but short enough for people of all ages and shapes to enjoy.

- **Horton Plains National Park** — Situated in the Nuwara Eliya District, this park offers trails, waterfalls, and scenic views, with two hiking choices that alternate between forest and open plain scenery.

- **Knuckles Mountain Range** — A destination for hiking and trekking that features waterfalls, road access, and trails, including sites like Mini World's End, Reverston Peak, Pitiwala Patana, and Manigala.

- **Single Tree Hill** — A hiking and viewpoint destination located in the Nuwara Eliya District that features road access, a trail, and scenic views.

- **Pidurangala Rock** — Located in the Matale District, this site features a trail, rock formation, and scenic views.

- **Aberdeen Falls** — A location featuring a waterfall, road access, and a trail, which is generally less frequented than major sites.

- **Sinharaja Forest Reserve** — Offers beautiful trails and nature walks, though visitors are required to have a guide as hiking alone is not permitted.

- **Devon Falls** — A waterfall site that involves a walk for those who enjoy a good hike while traveling in the area.

- **Nine Arches Bridge** — A location that can be reached by a walk, such as the 50-minute trek from the 98 Acres resort; it is recommended to use trekking shoes and a hiking stick, and to avoid visiting during rainy weather.","The best hiking spots in Sri Lanka include Ella Rock, Little Adam's Peak View Point, Horton Plains National Park, Knuckles Mountain Range, Single Tree Hill, Pidurangala Rock, Aberdeen Falls, Sinharaja Forest Reserve, Devon Falls, and Nine Arches Bridge."
Q_ACT_04,Which places are popular for exploring ancient ruins in Sri Lanka?,activity_query,activity_query,1.0,9.93,1.0,0.9797794873065212,0.9999999999,0.75,Which places are popular for exploring ancient ruins in Sri Lanka?,"['Knowledge Graph Fact 1. Ancient City of Polonnaruwa is a Heritage Site for Ruins exploration, featuring Temple, Weather condition, and Ancient ruins.\n   Supporting Evidence:\n   [1] Place: Ancient City of Polonnaruwa\nRating: 5 stars\nTitle: Amazing old civilization ruins\nSource: Visitor Review\n\nPolonnaruwa is a must visit place in Sri Lanka. It has so many ruins to visit and some of them are really huge and amazing. I suggest you have a car or tuk tuk as there is a lot to see\n   [2] Place: Ancient City of Polonnaruwa\nRating: 3 stars\nTitle: Second-class site, plus how to get there from Dambulla\nSource: Visitor Review\n\n‘island’ group), the royal palace cluster and the quadrangle cluster, each about 500m from each other. But there are plenty more sites scattered a few kilometres around. Some ruins are in bad shape; the ones in the sacred quadrangle are perhaps in the best condition.It wasn’t possible to cover much more than the three main clusters in the time (a daytrip) that I had. Based on my experience, I’d say that if you want to examine most of the ruins, I think you will need a much earlier start, which\nKnowledge Graph Fact 2. Ritigala Forest Monastery is a Religious Site in Anuradhapura District for Ruins exploration, featuring Road access, Trail, and Ancient ruins.\n   Supporting Evidence:\n   [1] Place: Ritigala Forest Monastery\nCategory: Religious Site\nLocation: Alagollewa, Anuradhapura District, North Central Province, Sri Lanka\nSource: Wikipedia Article\n\nRuins of the ancient monastery of Ritigala\n   [2] Place: Ritigala Forest Monastery\nRating: 5 stars\nTitle: Stroll through the magnificent ancient ruins like Indiana Jones.\nSource: Visitor Review\n\ncan hire a guide at the entrance. Beware of the monkeys, they might look cute - but they will steal your food!\nKnowledge Graph Fact 3. Polonnaruwa Vatadage is a Heritage Site in Polonnaruwa District for Ruins exploration, featuring Temple, Weather condition, and Ancient ruins.', 'RETRIEVAL NOTES:\n- Ranked by: Ruins exploration, popularity\n- CONTRADICTION RULE: If Review Evidence contradicts the Knowledge Graph facts, you MUST treat the Knowledge Graph as the absolute ground truth.']","The popular places for exploring ancient ruins in Sri Lanka are:

- **Ancient City of Polonnaruwa** — This site features many ruins, including the royal palace cluster and the sacred quadrangle cluster, which contains ruins in the best condition. Visitors can explore numerous sites scattered across the area, though covering them requires significant time or transportation such as a car or tuk-tuk. When planning your visit, keep in mind the weather conditions, as they can impact your exploration of the temple and other ancient ruins.

- **Ritigala Forest Monastery** — Located in the Anuradhapura District, this religious site offers the opportunity to stroll through magnificent ancient ruins. The site features a trail and specific road access. Visitors have the option to hire a guide at the entrance to assist with their exploration.

- **Polonnaruwa Vatadage** — This heritage site is a temple featuring ancient ruins. When visiting, be mindful of the weather conditions, as they are a notable feature of this location.","Popular places for exploring ancient ruins in Sri Lanka include the Ancient City of Polonnaruwa, Ritigala Forest Monastery, Polonnaruwa Vatadage, and Yapahuwa Rock Fortress."
Q_ACT_05,Where can I visit famous Buddhist temples in Sri Lanka?,activity_query,activity_query,0.95,12.16,1.0,0.9547485322550224,0.999999999975,1.0,Where can I visit famous Buddhist temples in Sri Lanka?,"['Knowledge Graph Fact 1. Nagadipa Purana Vihara is a Religious Site for Temple visits, featuring Road access, Safety, and Temple.\n   Supporting Evidence:\n   [1] Place: Nagadipa Purana Vihara\nRating: 5 stars\nTitle: Wonderful place to visit\nSource: Visitor Review\n\nLooking at history this is wonderful., better to read history before you visit. it is small island but fantastic view around and Buddhist culture over 2500\nKnowledge Graph Fact 2. Temple of the Sacred Tooth Relic is located in Kandy District for Temple visits, featuring Temple, Buddha statue, and Peacefulness.\n   Supporting Evidence:\n   [1] Place: Temple of the Sacred Tooth Relic\nRating: 5 stars\nTitle: Pride of Kandy\nSource: Visitor Review\n\nTemple of Tooth is the pinnacle of the Buddhist culture of Sri Lanka, which houses the tooth relic from Lord Buddha. This site has a number of historical and cultural interests, including temples, museums and all. Parking can be found in nearby roads or at Kandy City Center. Travellers are advised to wear decent clothes before entering the premises.\n   [2] Place: Temple of the Sacred Tooth Relic\nRating: 4 stars\nTitle: Good place to visit - the Vatican of Buddhism\nSource: Visitor Review\n\nIt is a must to go to place if you are a Buddhist . If you are a tourist - just observe and respect the religion . This is a good place to be culturally immersed into the religiousity of Buddhism. If you are here to observe and look at how people prayer , this is a place to go . There are many temples and places of worship to go . It is free entrance fees for locals but visitors need to pay the equivalent of US$7 to enter . I know many Europeans and Westerners complain about how this place is\n   [3] Place: Temple of the Sacred Tooth Relic\nRating: 2 stars\nTitle: Expensive waste of time\nSource: Visitor Review\n\nThere are plenty of other Buddhist temples in the world that are more interesting than this one. Not only is it expensive to get in but you then have to pay to have your shoes stored (you have no choice). At every opportunity there are donation boxes, we counted well over 50. I don’t know what they do with their wealth but it’s certainly not spent on the poor of Sri Lanka and have you ever seen a hungry monk???I recommend not going here.There are plenty of pictures on Google if you want a\nKnowledge Graph Fact 3. Sithulpawwa Rock Temple is a Religious Site for Temple visits, featuring Road access, Rock formation, and Scenic view.\n   Supporting Evidence:\n   [1] Place: Sithulpawwa Rock Temple\nCategory: Religious Site\nLocation: Sri Lanka\nSource: Wikipedia Article\n\nDESTINATION: Sithulpawwa Rock Temple\nTYPE: Religious Site\nLOCATION: Sri Lanka\nCOORDINATES: 6.3869, 81.4497\n\nSithulpawwa Rock Temple is a religious site located in Sri Lanka. It is a travel destination in Sri Lanka.\nKnowledge Graph Fact 4. Kelaniya Raja Maha Vihara is located in Gampaha District for Temple visits, featuring River, Temple, and Buddha statue.\n   Supporting Evidence:\n   [1] Place: Kelaniya Raja Maha Vihara\nCategory: Religious Site\nLocation: Kelaniya, Gampaha District, Western Province, Sri Lanka\nSource: Wikipedia Article\n\nThe Kelaniya Raja Maha Vihara or Kelaniya Temple is a Buddhist temple in Kelaniya, Sri Lanka. It is located 11 km (6.8 mi) north-east of Colombo. The current chief incumbent (chief priest) is Venerable Professor Kollupitiye Mahinda Sangharakkhitha Thera.\nKnowledge Graph Fact 5. Weherahena Buddhist Temple is a Religious Site for Temple visits, featuring Scenic view, Temple, and Buddha statue.\n   Supporting Evidence:\n   [1] Place: Weherahena Buddhist Temple\nCategory: Religious Site\nLocation: Sri Lanka\nSource: Wikipedia Article\n\nDESTINATION: Weherahena Buddhist Temple\nTYPE: Religious Site\nLOCATION: Sri Lanka\nCOORDINATES: 5.9529, 80.5755\n\nWeherahena Buddhist Temple is a religious site located in Sri Lanka. It is a travel destination in Sri Lanka.', 'Place: Gangaramaya Temple\nRating: 5 stars\nTitle: Unique and Peaceful\nSource: Visitor Review\n\nLot of buddhist artefacts are kept. Very interesting. Huge statues of the great Buddha along with wall paintings of related stories is the highlight. Very calm and peaceful. Unique and awesome. I had never seen a Buddhist temple like this. Must visit.', 'Place: Gangaramaya Temple\nRating: 5 stars\nTitle: Buddhist temple with Hindu architecture.\nSource: Visitor Review\n\nBuddhist temple with Hindu architecture. i think one of most important thing you should know about the temples is that your arms and legs need to be covered and you are not allowed to enter with hat and shoes.', ""Place: Rankoth Vehera\nRating: 5 stars\nTitle: Great place\nSource: Visitor Review\n\nMost sacred place in the ancient city. It got Lord Buddha's and arahanthaka relics. Now this Pagoda is reconstructed and offers most of basic facilities for the pilgrims. Need a modest dress code to enter into this place. May not be interesting to non Buddhist visitors. But for Buddhist a must see at polonnaruwa."", 'RETRIEVAL NOTES:\n- Ranked by: popularity, cultural significance\n- CONTRADICTION RULE: If Review Evidence contradicts the Knowledge Graph facts, you MUST treat the Knowledge Graph as the absolute ground truth.']","The best places to visit famous Buddhist temples in Sri Lanka are:

- **Temple of the Sacred Tooth Relic** — Located in the Kandy District, this site is considered the pinnacle of Buddhist culture in Sri Lanka and houses the tooth relic of Lord Buddha. It features museums and various places of worship, offering an opportunity to observe religious practices. Visitors are advised to wear decent clothing, and there is an entrance fee for tourists. The temple is known for its peacefulness and houses a Buddha statue.

- **Gangaramaya Temple** — This temple is noted for its unique blend of Buddhist and Hindu architecture. It houses a collection of Buddhist artifacts, large Buddha statues, and wall paintings depicting related stories. Visitors must keep their arms and legs covered and remove hats and shoes before entering.

- **Kelaniya Raja Maha Vihara** — Situated in the Gampaha District, this Buddhist temple is located 11 km north-east of Colombo. It features a river and a Buddha statue.

- **Nagadipa Purana Vihara** — Located on a small island, this religious site offers a view of the surrounding area and represents over 2500 years of Buddhist culture. It provides road access and is noted for its safety.

- **Sithulpawwa Rock Temple** — This religious site is characterized by its rock formations and scenic views. It also provides road access for visitors.

- **Weherahena Buddhist Temple** — This site features a temple, a Buddha statue, and scenic views.

- **Rankoth Vehera** — Located in the ancient city of Polonnaruwa, this reconstructed pagoda is considered a sacred place that houses relics of Lord Buddha and arahanthakas. It offers basic facilities for pilgrims, and a modest dress code is required for entry.","Famous Buddhist temples and religious sites in Sri Lanka include Nagadipa Purana Vihara, the Temple of the Sacred Tooth Relic, Kelaniya Raja Maha Vihara, Gangaramaya Temple, Rankoth Vehera, Sithulpawwa Rock Temple, and Weherahena Buddhist Temple."
Q_ACT_06,Where can I experience a wildlife safari in Sri Lanka?,activity_query,activity_query,1.0,18.83,0.95,0.9403851793110042,0.9999999999,1.0,Where can I experience a wildlife safari in Sri Lanka?,"['Knowledge Graph Fact 1. Elephant Transit Home (ETH) is located in Ratnapura District for Safari, featuring Family friendliness, Wildlife, Ticket price, and Elephants, with facilities including Entrance fee.\n   Supporting Evidence:\n   [1] Place: Elephant Transit Home (ETH)\nCategory: Wildlife Conservation\nLocation: Udawalawe, Ratnapura District, Sabaragamuwa Province, Sri Lanka\nSource: Wikipedia Article\n\nDESTINATION: Elephant Transit Home (ETH)\nTYPE: Wildlife Conservation\nLOCATION: Udawalawe, Ratnapura District, Sabaragamuwa Province, Sri Lanka\nCOORDINATES: 6.4268769, 80.8171104\nADDRESS: Elephant Transit Home, C.P De Silva Road, Udawalawe, Ratnapura District, Sabaragamuwa Province, 70190, Sri Lanka\nSOURCE: https://en.wikipedia.org/w/index.php?search=Elephant%20Transit%20Home%20%28ETH%29%20Sri%20Lanka\nKnowledge Graph Fact 2. Gal Oya National Park is located in Polonnaruwa District for Swimming, Safari, Boat safari, Boat ride, Elephant watching, Camping, and Jeep safari, featuring Road access, Scenic view, Peacefulness, Wildlife, Local guide, Birds, Lake, Elephants, Boat service, and Forest, with facilities including Boat service and Jeep service.\n   Supporting Evidence:\n   [1] Place: Gal Oya National Park\nRating: 5 stars\nTitle: Boat safari on Gal Oya\nSource: Visitor Review\n\nwe moored at the dam, where another party of Sri Lankans with enough gear for a expedition, were waiting to use the boat so they could go out and camp for a night on one of the islands.But we were sated, filled with the sights and sounds of safari, knowing we had got nearer to birds and elephants than ever we would by foot or land rover. It was an immense privilege.If you would like to go on this Boat Safari and see Gal Oya, I heartily recommend you contact my guide for the day:\nKnowledge Graph Fact 3. Hurulu Eco Park is located in Anuradhapura District for Safari and Elephant watching, featuring Road access, Trail, Scenic view, Weather condition, Family friendliness, Wildlife, Ticket price, Crowdedness, Local guide, Accommodation, Birds, and Elephants, with facilities including Accommodation and Entrance fee.\n   Supporting Evidence:\n   [1] Place: Hurulu Eco Park\nCategory: National Park / Wildlife Reserve\nLocation: Habarana, Anuradhapura District, North Central Province, Sri Lanka\nSource: Wikipedia Article\n\nDESTINATION: Hurulu Eco Park\nTYPE: National Park / Wildlife Reserve\nLOCATION: Habarana, Anuradhapura District, North Central Province, Sri Lanka\nCOORDINATES: 8.0581698, 80.7701177\nADDRESS: Entrance Hurulu Eco Park, Kandy Road, Habarana, Anuradhapura District, North Central Province, 50150, Sri Lanka\n\nHurulu Eco Park is a national park / wildlife reserve located in Anuradhapura District. It is a travel destination in Sri Lanka.\nAddress: Entrance Hurulu Eco Park, Kandy Road, Habarana, Anuradhapura District, North Central Province, 50150, Sri Lanka\nKnowledge Graph Fact 4. Kaudulla National Park is located in Polonnaruwa District for Safari, Elephant watching, and Jeep safari, featuring Road access, Wildlife, Ticket price, Crowdedness, Local guide, Birds, Lake, and Elephants.\n   Supporting Evidence:\n   [1] Place: Kaudulla National Park\nCategory: National Park / Wildlife Reserve\nLocation: Galoya, Polonnaruwa District, North Central Province, Sri Lanka\nSource: Wikipedia Article\n\nConservation\nIt is reported that the spread of invasive, alien species such as Lantana camara is posing a threat to the wildlife of the park. The Kaudulla-Minneriya jungle corridor linking Kaudulla to Minneriya National Park was declared a Wildlife Sanctuary in 2004.\n\n\nSee also\nProtected areas of Sri Lanka\n\n\nReferences\n\n\nExternal links\nPhotos of elephants in the national park\nKnowledge Graph Fact 5. Kumana National Park is located in Ampara District for Bird watching, Safari, and Camping, featuring Road access, Scenic view, Peacefulness, Wildlife, Ticket price, Crowdedness, Local guide, Birds, Elephants, Forest, and Leopards, with facilities including Entrance fee.', 'RETRIEVAL NOTES:\n- Ranked by: Wildlife, Safari\n- CONTRADICTION RULE: If Review Evidence contradicts the Knowledge Graph facts, you MUST treat the Knowledge Graph as the absolute ground truth.']","The best places to experience a wildlife safari in Sri Lanka are:

- **Gal Oya National Park** — This park offers boat safaris and jeep safaris, providing scenic views and a peaceful environment to see birds and elephants. The lake and forest surroundings are complemented by available boat and jeep services, and local guides are available to assist your visit.
- **Hurulu Eco Park** — A national park and wildlife reserve where visitors can go on safaris for elephant watching. It is noted for its family friendliness and scenic views, and visitors often find local guides helpful. Please note that weather conditions and crowdedness can vary.
- **Kaudulla National Park** — A wildlife reserve that hosts safaris and jeep safaris, featuring elephant watching and bird sightings. The park is well-regarded for its elephant population, and local guides are available to enhance the experience, though visitors should be aware of potential crowdedness.
- **Kumana National Park** — A destination for safaris, bird watching, and camping, where visitors may see elephants, leopards, and various birds. The park is known for its peacefulness, scenic views, and diverse wildlife, though it can sometimes feel crowded.","Top places for wildlife safari experiences in Sri Lanka include Gal Oya National Park, Hurulu Eco Park, Kaudulla National Park, Kumana National Park, and the Elephant Transit Home."
Q_ACT_07,What are the best places for boating and boat rides in Sri Lanka?,activity_query,activity_query,0.98,12.42,0.8918918918918919,0.9975462664556164,0.9999999999,0.7142857142857143,What are the best places for boating and boat rides in Sri Lanka?,"[""Knowledge Graph Fact 1. Gal Oya National Park is located in Polonnaruwa District for Swimming, Safari, Boat safari, Boat ride, Elephant watching, Camping, and Jeep safari, featuring Road access, Scenic view, Peacefulness, Wildlife, Local guide, Birds, Lake, Elephants, Boat service, and Forest, with facilities including Boat service and Jeep service.\nKnowledge Graph Fact 2. Madu River Safari by Buddhi is located in Galle District for Temple visit, Safari, Boat safari, Boat ride, and Spa treatment, featuring River, Scenic view, Temple, Family friendliness, Wildlife, Ticket price, Local guide, Value for money, Birds, and Boat service, with facilities including Entrance fee and Boat service.\n   Supporting Evidence:\n   [1] Place: Madu River Safari by Buddhi\nRating: 5 stars\nTitle: Amazing Nature!!!\nSource: Visitor Review\n\nBoat ride on Madu river is a must in Sri Lanka. The beautiful Mangrove plantations take your breath away\n   [2] Place: Madu River Safari by Buddhi\nRating: 5 stars\nTitle: Great Boat Ride\nSource: Visitor Review\n\nThe boat ride was very great as you see many islands including a visit to a temple in an island.fish spa was good and reasonably priced. also they have a restaurant which they serve the best seafood in the area. you can choose your live seafood and ask them to make it the way you want.\nKnowledge Graph Fact 3. Gregory Lake is located in Nuwara Eliya District for Relaxing and Boat ride, featuring Scenic view, Family friendliness, Ticket price, Cleanliness, Mountain, Food quality, Lake, and Boat service, with facilities including Entrance fee and Boat service.\n   Supporting Evidence:\n   [1] Place: Gregory Lake\nRating: 5 stars\nTitle: Soothing\nSource: Visitor Review\n\nMidsize, serene, blue and inviting. Boat rides can be lovely experience..Scenic view of mountains around from middle of lake, especially highest peak in Sri Lanka, Pidurutalagala is fascinating.\n   [2] Place: Gregory Lake\nRating: 5 stars\nTitle: Great place to spend Nuwara Eliya evenings! Beware of boat operators!\nSource: Visitor Review\n\nWe have visited here twice earlier but this time with our little kid. There are plenty of water activities like waterscootering, boating and pedal boating. Beware of boat operators who will stop you even from the car park. Before selecting one, ask a few about prices. No swimming of course. There are plenty of street food stalls. There is a floating restaurant which operates for groups more than in certain number which I've forgotten. (Vaguely remember as 15).Close to the car park there is a\n   [3] Place: Gregory Lake\nRating: 5 stars\nTitle: Cool\nSource: Visitor Review\n\nBoat safary will amaze you. When you'll look to the mountains on the other side of lake you'll feel heavenly. Very nice environment.\n   [4] Place: Gregory Lake\nRating: 5 stars\nTitle: Family vacation\nSource: Visitor Review\n\nThe lake is absolutely awesome Cleanly maintained lawn and gardenCan spend hours by boating at just walking The setting is sooo scenic that you hate to leave\nKnowledge Graph Fact 4. Kalametiya Eco Bird Watching is a location for Photography, Bird watching, Sunset watching, and Boat ride, featuring Rock formation, Scenic view, Peacefulness, Wildlife, Local guide, Lagoon, Birds, Sunset view, and Boat service, with facilities including Guide service and Boat service.\n   Supporting Evidence:\n   [1] Place: Kalametiya Eco Bird Watching\nCategory: Wildlife / Bird Watching\nLocation: Sri Lanka\nSource: Wikipedia Article\n\nDESTINATION: Kalametiya Eco Bird Watching\nTYPE: Wildlife / Bird Watching\nLOCATION: Sri Lanka\nCOORDINATES: 6.0895, 80.9369\nSOURCE: https://en.wikipedia.org/w/index.php?search=Kalametiya%20Eco%20Bird%20Watching%20Sri%20Lanka\n\nKalametiya Eco Bird Watching is a wildlife / bird watching located in Sri Lanka. It is a travel destination in Sri Lanka.\nKnowledge Graph Fact 5. Koggala Lake is located in Galle District for Temple visit, Relaxing, Boat ride, and Spa treatment, featuring Temple, Peacefulness, Wildlife, Ticket price, Public transport access, Local guide, Value for money, Birds, Lake, and Boat service, with facilities including Tuk tuk service, Entrance fee, and Boat service.\n   Supporting Evidence:\n   [1] Place: Koggala Lake\nCategory: Lake / River\nLocation: Habaraduwa, Galle District, Southern Province, Sri Lanka\nSource: Wikipedia Article\n\nDESTINATION: Koggala Lake\nTYPE: Lake / River\nLOCATION: Habaraduwa, Galle District, Southern Province, Sri Lanka\nCOORDINATES: 6.0023673, 80.3319389\nADDRESS: Koggala Lake, Habaraduwa, Galle District, Southern Province, Sri Lanka\n\nKoggala Lake is a lake / river located in Galle District. It is a travel destination in Sri Lanka.\nAddress: Koggala Lake, Habaraduwa, Galle District, Southern Province, Sri Lanka\nKnowledge Graph Fact 6. Muthurajawela Marsh is a location for Photography and Boat ride, featuring Peacefulness, Wildlife, Ticket price, Public transport access, Local guide, Accommodation, Lagoon, Birds, and Boat service, with facilities including Accommodation, Entrance fee, Guide service, Boat service, and Visitor centre.\n   Supporting Evidence:\n   [1] Place: Muthurajawela Marsh\nCategory: Wetland / Nature Park\nLocation: Sri Lanka\nSource: Wikipedia Article\n\nDESTINATION: Muthurajawela Marsh\nTYPE: Wetland / Nature Park\nLOCATION: Sri Lanka\nCOORDINATES: 7.12, 79.88\n\nMuthurajawela Marsh is a wetland / nature park located in Sri Lanka. It is a travel destination in Sri Lanka."", 'Place: Nine Arches BridgeSomeone from this business manages the listing.\nRating: 5 stars\nTitle: Lovely\nSource: Visitor Review\n\nWas very happy to sea. We wer very Luckey to sea also the train while we were there. That was a good experience to walk true mountain. Really had a good time with kid’s.', 'RETRIEVAL NOTES:\n- Ranked by: Boat ride, Boat safari\n- CONTRADICTION RULE: If Review Evidence contradicts the Knowledge Graph facts, you MUST treat the Knowledge Graph as the absolute ground truth.']","The best places for boating and boat rides in Sri Lanka are:

### Boat Safari
- **Gal Oya National Park** — Located in the Polonnaruwa District, this park offers boat safaris and boat rides on a lake. It is a peaceful environment where you can enjoy scenic views, observe wildlife, and specifically watch elephants and birds.
- **Madu River Safari by Buddhi** — Situated in the Galle District, this destination features boat safaris and boat rides. You can explore the river, visit a temple, and observe birds and wildlife with the help of a local guide.

### Boat Ride
- **Gregory Lake** — Situated in the Nuwara Eliya District, this lake offers boat rides in a setting known for its cleanliness, family friendliness, and scenic views of the mountains.
- **Kalametiya Eco Bird Watching** — This location features boat rides through a lagoon, which is ideal for bird watching, photography, and sunset watching. It offers a peaceful environment with rock formations, wildlife, and the assistance of a local guide.
- **Koggala Lake** — Located in the Galle District, this destination provides boat rides on the lake. It is noted for its peaceful environment, wildlife, and opportunities for temple visits. You can reach the area using a tuk tuk service.
- **Muthurajawela Marsh** — This wetland offers boat rides through a lagoon, providing opportunities for photography and wildlife viewing. It is a peaceful setting where you can see many birds, often with the assistance of a local guide.","The best places for boating and boat rides in Sri Lanka include Madu River Safari by Buddhi, Muthurajawela Marsh, Koggala Lake, Gal Oya National Park, Gregory Lake, Nagadipa Purana Vihara, and Seenigama Muhudu Viharaya."
Q_ACT_08,What are the best locations for bird watching in Sri Lanka?,activity_query,activity_query,1.0,9.86,0.9166666666666666,0.9071731986303292,0.9999999999,1.0,What are the best locations for bird watching in Sri Lanka?,"['Knowledge Graph Fact 1. Kalametiya Eco Bird Watching is a location for Bird watching, featuring Rock formation, Scenic view, and Peacefulness.\n   Supporting Evidence:\n   [1] Place: Kalametiya Eco Bird Watching\nCategory: Wildlife / Bird Watching\nLocation: Sri Lanka\nSource: Wikipedia Article\n\nDESTINATION: Kalametiya Eco Bird Watching\nTYPE: Wildlife / Bird Watching\nLOCATION: Sri Lanka\nCOORDINATES: 6.0895, 80.9369\nSOURCE: https://en.wikipedia.org/w/index.php?search=Kalametiya%20Eco%20Bird%20Watching%20Sri%20Lanka\n\nKalametiya Eco Bird Watching is a wildlife / bird watching located in Sri Lanka. It is a travel destination in Sri Lanka.\n   [2] Place: Kalametiya Eco Bird Watching\nRating: 5 stars\nTitle: What a great place for bird watching\nSource: Visitor Review\n\nhis book to illustrate/document what he shares. Please just keep it like this, simple & beautiful, do not change anything, do not turn it into a mass tourism spot.For furthermore info, please contact Buddhi on mobile +94 71 355 79 25Thanks\n   [3] Place: Kalametiya Eco Bird Watching\nRating: 5 stars\nTitle: Peaceful Bird Watching on a boat - with well informed guides\nSource: Visitor Review\n\nThis was an amazing experience and we saw lots of birds. The guide knows a lot about them and we learned a lot. We also got watermelons and water. Will definitly recommend this activity.\nKnowledge Graph Fact 2. Beddegana Wetland Park is located in Colombo District for Bird watching, featuring Trail, Scenic view, and Peacefulness.\n   Supporting Evidence:\n   [1] Place: Beddegana Wetland Park\nCategory: Wetland / Nature Park\nLocation: Sri Jayewardenepura Kotte, Colombo District, Western Province, Sri Lanka\nSource: Wikipedia Article\n\nBeddegana Wetland Park is a wetland / nature park located in Colombo District. It is a travel destination in Sri Lanka.\nAddress: Beddagana Wetland park, Pitakotte, Sri Jayewardenepura Kotte, Colombo District, Western Province, Sri Lanka\nKnowledge Graph Fact 3. Kumana National Park is located in Ampara District for Bird watching, featuring Road access, Scenic view, and Peacefulness.\n   Supporting Evidence:\n   [1] Place: Kumana National Park\nRating: 5 stars\nTitle: Amazing place to watch birds\nSource: Visitor Review\n\nOne of the best place to watch endemic birds in Sri Lanka. Must visit early in the morning to have a better experience', ""Place: Baker's Falls\nCategory: Waterfall\nLocation: Nuwara Eliya District, Central Province, Sri Lanka\nSource: Wikipedia Article\n\nEcology\nThe trail to the waterfall is renowned for its natural beauty, with lush vegetation and frequent wildlife sightings, including sambar deer and rare bird species. Many Rhododendron, and other montane flora and fern bushes can be seen around the waterfall. The water from the falls is also considered exceptionally fresh and pure."", 'RETRIEVAL NOTES:\n- Ranked by: Bird watching\n- CONTRADICTION RULE: If Review Evidence contradicts the Knowledge Graph facts, you MUST treat the Knowledge Graph as the absolute ground truth.']","Here are the top bird watching destinations in Sri Lanka:

- **Kalametiya Eco Bird Watching** — A wildlife and bird watching destination that offers a peaceful experience where visitors can observe birds from a boat with well-informed guides. This location features a rock formation and a scenic view.
- **Beddegana Wetland Park** — A wetland and nature park located in the Colombo District that features a trail, scenic views, and peacefulness.
- **Kumana National Park** — Located in the Ampara District, this park is considered one of the best places to watch endemic birds, with visitors recommended to arrive early in the morning for a better experience. The park offers road access, scenic views, and peacefulness.
- **Baker's Falls** — A waterfall located in the Nuwara Eliya District where the trail is known for frequent sightings of rare bird species amidst lush vegetation.","The best bird watching locations in Sri Lanka include Kalametiya Eco Bird Watching, Beddegana Wetland Park, and Kumana National Park."
Q_ACT_09,Where can I go for scenic photography and viewpoint visits in Sri Lanka?,activity_query,activity_query,0.98,14.3,1.0,0.9661666752762113,0.999999999975,1.0,Where can I go for scenic photography and viewpoint visits in Sri Lanka?,"[""Knowledge Graph Fact 1. Baker's Falls is located in Nuwara Eliya District for Waterfall visit, Hiking, Photography, and Trekking, featuring Waterfall, Trail, Scenic view, Stairs, and Weather condition, with facilities including Steps or stairs.\nKnowledge Graph Fact 2. Beddegana Wetland Park is located in Colombo District for Relaxing, Photography, and Bird watching, featuring Trail, Scenic view, Peacefulness, Family friendliness, Ticket price, Cleanliness, Service quality, Birds, and Lake, with facilities including Ticket or receipt and Pathway.\n   Supporting Evidence:\n   [1] Place: Beddegana Wetland Park\nRating: 4 stars\nTitle: Wetland Ecosystem in the Heart of the City\nSource: Visitor Review\n\nIt is a must visit place in Colombo for a nature lover. Artistic landscaping and natural surroundings blend perfectly to provide an unforgettable experience to the visitor. Identification of butterflies, dragonflies and damselflies is facilitated by information boards along the trail. Observation decks are perfect for bird watching and to enjoy the view of the wetland through bird's eye view. Sitting area in the front provide an outdoor class room experience, specially for the kids. Long walking\nKnowledge Graph Fact 3. Brief Garden - Bevis Bawa is located in Beruwala DS Division for Photography, featuring Road access, Scenic view, Peacefulness, Ticket price, Public transport access, Local guide, Sculptures, and Entrance fee, with facilities including Tuk tuk service, Entrance fee, and Guide service.\nKnowledge Graph Fact 4. Coconut Tree Hill is located in Matara District for Photography, Sunset watching, and Viewpoint visit, featuring Road access, Scenic view, Mountain, Crowdedness, Beach, Sea, Sunset view, and Viewpoint.\n   Supporting Evidence:\n   [1] Place: Coconut Tree Hill\nRating: 5 stars\nTitle: Coconut tree Hill Mirissa\nSource: Visitor Review\n\nCoconut Hill in Mirissa is a breathtakingly scenic spot that perfectly captures Sri Lanka’s tropical beauty. Perched on a small hill overlooking the Indian Ocean, it’s lined with tall, swaying coconut trees, making it a dream location for photographers and nature lovers.The best time to visit is early morning or sunset when the golden light enhances the picturesque views. The ocean breeze and the sound of waves crashing below create a peaceful atmosphere. However, it can get quite crowded,\n   [2] Place: Coconut Tree Hill\nRating: 5 stars\nTitle: An experience that cannot be described in words.\nSource: Visitor Review\n\nThis is simple but very attractive place. The view here is one of the most beautiful you will ever see in your life. That's why so many peoples come to this place for photoshoots. Here you can experience the sunset view more beautifully. This is a great place to take beautiful photos. The view of the sunset and the see will give you a beautiful memory .\nKnowledge Graph Fact 5. Devon Falls is located in Nuwara Eliya District for Waterfall visit, Photography, and Viewpoint visit, featuring Waterfall, Road access, Scenic view, and Viewpoint.\n   Supporting Evidence:\n   [1] Place: Devon Falls\nRating: 4 stars\nTitle: Beautiful...\nSource: Visitor Review\n\nAnother beautiful water fall which could be seen when traveling around the area...quite a walk to the place if you like a good hike..\nKnowledge Graph Fact 6. Diyaluma Falls is located in Badulla District for Waterfall visit, Swimming, Hiking, and Photography, featuring Waterfall, Road access, Trail, Rock formation, Safety, Scenic view, Weather condition, Public transport access, and Local guide, with facilities including Tuk tuk service.\n   Supporting Evidence:\n   [1] Place: Diyaluma Falls\nRating: 5 stars\nTitle: I was surprised\nSource: Visitor Review\n\nI have heard about this waterfalls, but was under the impression that this was even smaller than Dunhinda. So I was not interested in visiting this before. Last week I went there with my wife, and was surprised seeing the beauty of it. It is reasonable that people saying that this is the most beautiful waterfalls in Sri Lanka; but unfortunately there are no Cameras that could capture the real beauty of it with the wind and the mist with the real feeling when you be there for real. If you do not\nKnowledge Graph Fact 7. Dondra Head Lighthouse is located in Unknown for Photography, featuring Scenic view, Stairs, Peacefulness, Ticket price, Beach, Sea, and Lighthouse, with facilities including Steps or stairs and Entrance fee.\n   Supporting Evidence:\n   [1] Place: Dondra Head Lighthouse\nRating: 5 stars\nTitle: Beatiful view from the top of Lighthouse\nSource: Visitor Review\n\nIf you are on South Coast of Sri Lanka, I recommend you to visit Dondra Lighthouse. You can get from Matara to Dondra by bus №32. You should get off on bus station near Buddha Temple, and walk 15 minutes to Lighthouse. The entrance fee is 500 Rs, we deal on 400 Rs per person. Easily get up on top and watch beautiful view. We were lucky to see the rainbow.\nKnowledge Graph Fact 8. Galle Fort Lighthouse is located in Galle District for Photography and Fort visit, featuring Scenic view, Beach, Sea, Fort, Sunset view, and Lighthouse.\n   Supporting Evidence:\n   [1] Place: Galle Fort Lighthouse\nRating: 3 stars\nTitle: Take a picture and move along\nSource: Visitor Review\n\nIt's supposed to be have been built by the Dutch. You can take a couple of pictures overlooking the ocean. The area with the fort boundary, you can walk about. There are some food vendors and also one person who is willing to jump from the walls into the ocean for you to take photographs, if you pay him. The good bit about the place is that it doesn't feel as if you are in Sri Lanka."", 'Place: Kandy View Point\nRating: 4 stars\nTitle: Its good in eveings\nSource: Visitor Review\n\nThe road is nice and steep with lots of curves uphill. We can have a birds view of the city and lake. They are building a gallery to view the place in better way. Hope it was done already. Never the less,, good to see all in one glance.', ""Place: Victoria Park of Nuwara Eliya\nRating: 3 stars\nTitle: Nuwara eliya\nSource: Visitor Review\n\nThe city is a base for visits to Horton Plains National Park. This is a key wildlife area of open grassy woodland. Species found here include the leopard, sambar, and the endemic purple-faced langur. Endemic highland birds include the dull-blue flycatcher, Sri Lanka white-eye, and yellow-eared bulbul. The plains have a well-visited tourist attraction at World's End — a sheer precipice with a 1050 m drop. The return walk passes the scenic Baker's Falls. Early morning visits are best, both to see"", ""Place: Horton Plains National Park\nRating: 5 stars\nTitle: Amazing hike with incredible views\nSource: Visitor Review\n\nforest and open plain which is really cool. The viewpoint at the top is amazing. Get there early- otherwise, cloud cover rolls in and the view won't be the same."", 'RETRIEVAL NOTES:\n- Ranked by: Scenic view, Photography\n- CONTRADICTION RULE: If Review Evidence contradicts the Knowledge Graph facts, you MUST treat the Knowledge Graph as the absolute ground truth.']","The best places for scenic photography and viewpoint visits in Sri Lanka are:

- **Baker's Falls** — Located in the Nuwara Eliya District, this site features a waterfall, a trail, and a scenic view, making it suitable for photography, waterfall visits, hiking, and trekking. Visitors should be aware that the site includes stairs, and weather conditions can sometimes be a factor.
- **Beddegana Wetland Park** — Situated in the Colombo District, this park offers a scenic view, a trail, and a pathway, providing an ideal setting for photography, bird watching, and relaxing. It is known for its peacefulness, cleanliness, and service quality, and is a great spot to see birds and the lake.
- **Brief Garden - Bevis Bawa** — Located in the Beruwala DS Division, this garden is a destination for photography that features a scenic view, sculptures, and a peaceful atmosphere. You can reach the garden using a tuk tuk service, and local guides are available to provide information during your visit.
- **Coconut Tree Hill** — Found in the Matara District, this location is a viewpoint that offers a scenic view of the sea, beach, and mountains, serving as a popular spot for photography and sunset watching. While it is a well-known sunset view location, be prepared for it to be crowded.
- **Devon Falls** — Located in the Nuwara Eliya District, this site provides a scenic view and a viewpoint, allowing for photography and waterfall visits. The area is easily accessible by road.
- **Diyaluma Falls** — Situated in the Badulla District, this waterfall features a scenic view, a trail, and rock formations, supporting activities such as photography, swimming, hiking, and waterfall visits. The site is accessible by road and offers a tuk tuk service for visitors. Local guides are available, and the area is noted for its safety, though weather conditions can vary.
- **Dondra Head Lighthouse** — This location offers a scenic view of the sea and beach, providing a setting for photography and climbing the lighthouse stairs. It is a peaceful spot where you can visit the lighthouse itself.
- **Galle Fort Lighthouse** — Located in the Galle District, this site features a scenic view of the fort, beach, and sea, and is suitable for photography and fort visits. It is also a great place to catch a sunset view.
- **Horton Plains National Park** — This park features open plains and a viewpoint at the top that offers amazing views, making it a destination for hiking and photography.
- **Kandy View Point** — This location provides a bird's-eye view of the city and lake, offering a scenic vantage point for photography.","Top destinations for scenic photography and viewpoint visits in Sri Lanka include Baker's Falls, Beddegana Wetland Park, Brief Garden - Bevis Bawa, Coconut Tree Hill, Devon Falls, Diyaluma Falls, Dondra Head Lighthouse, Galle Fort Lighthouse, Kandy View Point, and Horton Plains National Park."
Q_ACT_10,Where can I go surfing and whale watching in Sri Lanka?,activity_query,activity_query,1.0,10.95,0.8333333333333334,0.9508529347433966,0.8333333332916666,1.0,Where can I go surfing and whale watching in Sri Lanka?,"[""Knowledge Graph Fact 1. Weligama Beach is a beach in Matara District for Surfing, featuring Safety, Peacefulness, and Family friendliness.\nKnowledge Graph Fact 2. Hiriketiya Beach is a beach in Matara District for Surfing, featuring Peacefulness, Family friendliness, and Ticket price.\nKnowledge Graph Fact 3. Arugam Bay is a beach in Ampara District for Surfing, featuring Peacefulness, Ticket price, and Cleanliness.\n   Supporting Evidence:\n   [1] Place: Arugam Bay\nCategory: Beach\nLocation: Arugam Bay, Ampara District, Eastern Province, Sri Lanka\nSource: Wikipedia Article\n\nSurfing\n   [2] Place: Arugam Bay\nRating: 5 stars\nTitle: Best location for surfing\nSource: Visitor Review\n\nThis is the most suitable place for surfing in sri lanka. The beach is not much suitable for swimming. The sunrise in morning give a nice view.\n   [3] Place: Arugam Bay\nRating: 3 stars\nTitle: Visit out of season\nSource: Visitor Review\n\nMy partner and I have come to A. Bay for a week of surfing. We're about a week early before the season officially starts but we're getting good waves already.The benefit of being outside of season is it is much quiter than it will be in a few weeks. We wish we were here a month ago!There is a good vibe about the place as restaurants and guest houses are just opening up. This also gives visitors greater bargaining power for cheaper room rates, tuk rides and food.Be aware that this place gets\n   [4] Place: Arugam Bay\nRating: 5 stars\nTitle: The best place we visited in Sri Lanka\nSource: Visitor Review\n\nrotti! the hideaway had great western food and the BEST enourmous portion of Sri lankan curries (I tried alot of it)If your a surfer, you found heaven. Try main point, or grab a tuk tuk to wisky point and by the lighthouse for less people. There is also another cool surf spot in okanda which is in the national park and if you get some people together, you can get a jeep to take u there (watch out for elephants on the beach) I would highly recommend this place, i absolutely loved it.\nKnowledge Graph Fact 4. Whale Watching in Mirissa is an activity in Matara District for Whale watching, featuring Wildlife, Ticket price, and Food quality.\n   Supporting Evidence:\n   [1] Place: Whale Watching in Mirissa\nCategory: Activity / Experience\nLocation: Matara District, Southern Province, Sri Lanka\nSource: Wikipedia Article\n\nDESTINATION: Whale Watching in Mirissa\nTYPE: Activity / Experience\nLOCATION: Matara District, Southern Province, Sri Lanka\nCOORDINATES: 5.9033478, 80.4949752\nADDRESS: Whale Watching Area, Matara District, Southern Province, 81750, Sri Lanka\n\nWhale Watching in Mirissa is a activity / experience located in Matara District. It is a travel destination in Sri Lanka.\nAddress: Whale Watching Area, Matara District, Southern Province, 81750, Sri Lanka\nKnowledge Graph Fact 5. Kabalana Beach is a beach in Galle District for Surfing, featuring Ticket price, Cleanliness, and Beach.\n   Supporting Evidence:\n   [1] Place: Kabalana Beach\nCategory: Beach\nLocation: Kathaluwa, Galle District, Southern Province, Sri Lanka\nSource: Wikipedia Article\n\nDESTINATION: Kabalana Beach\nTYPE: Beach\nLOCATION: Kathaluwa, Galle District, Southern Province, Sri Lanka\nCOORDINATES: 5.9770597, 80.3526132\nADDRESS: Bojangles Beach House, Matara Road, Kathaluwa, Galle District, Southern Province, 80650, Sri Lanka\nSOURCE: https://en.wikipedia.org/w/index.php?search=Kabalana%20Beach%20Sri%20Lanka\n\nKabalana Beach is a beach located in Galle District. It is a travel destination in Sri Lanka.\nAddress: Bojangles Beach House, Matara Road, Kathaluwa, Galle District, Southern Province, 80650, Sri Lanka"", ""Place: Trincomalee Beach\nRating: 5 stars\nTitle: The beach is excellent and exotic.\nSource: Visitor Review\n\nlucky to see black rock sharks (not dangerous, they say they eat only fish) and/or a turtle, but my experience of looking at all those exotic fish and filming them under water was incredible, unbelievable, so a MUST. We were a family group of 4 without children or teens, but I tick friends in the next paragraph, since I don't have the choice I need. The entrance to the beach is free, the activities a bit expensive. Photos are from our dolphin watching and Pigeon Island snorkeling."", 'Place: Mirissa Beach\nRating: 5 stars\nTitle: Nice beach\nSource: Visitor Review\n\nVery nice beach in Mirissa. very eye catching beach in world this beach most suitable for surfing and sun bath and relaxation', ""Place: Mount Lavinia Beach\nRating: 5 stars\nTitle: Nice for a family outing\nSource: Visitor Review\n\nBest place for a stress release after a busy week . Location has an awesome view of the Indian ocean, Colombo harbour and iconic Mount Lavinia hotel. Evening is the best time since it might be hot during the day. It's hard to keep kids away from toy sellers and ice cream carts. Of course, adults have some mouthwatering savoury snacks as well. There are plenty of beach restaurants for a nice meal but mostly active at night. Location is popular with locals and tourists. Overall, nice weekend spot."", 'Place: Hikkaduwa Beach\nCategory: Beach\nLocation: Hikkaduwa, Galle District, Southern Province, Sri Lanka\nSource: Wikipedia Article\n\nSurf: Hikkaduwa is a popular surfing location on the Sri Lankan south-west coast.and has many different surf spots. It attracts thousands of surfers between October/November and March/April.  There are:  shallow sand-bottomed waves, A-frame sections, harbourside waves, mellow whitewash to practice the pop, and fast left-hander waves.', 'RETRIEVAL NOTES:\n- Ranked by: Surfing, Whale watching\n- CONTRADICTION RULE: If Review Evidence contradicts the Knowledge Graph facts, you MUST treat the Knowledge Graph as the absolute ground truth.']","The best places for surfing and whale watching in Sri Lanka are listed below.

### Surfing
- **Arugam Bay** — A location in the Ampara District described as heaven for surfers, featuring spots like Main Point, Whisky Point, and Okanda. It is known for its peacefulness, cleanliness, and ticket price.
- **Hikkaduwa Beach** — A popular location on the south-west coast in the Galle District that attracts thousands of surfers, offering various waves ranging from shallow sand-bottomed sections to fast left-handers.
- **Weligama Beach** — A beach in the Matara District known for surfing, characterized by its safety, peacefulness, and family friendliness.
- **Hiriketiya Beach** — A beach in the Matara District suitable for surfing, noted for its peacefulness, family friendliness, and ticket price.
- **Kabalana Beach** — A beach located in the Galle District in Kathaluwa, recognized for its cleanliness and ticket price.
- **Mirissa Beach** — A beach described as most suitable for surfing, sunbathing, and relaxation.

### Whale Watching
- **Whale Watching in Mirissa** — An activity located in the Matara District that features wildlife viewing, with notable aspects including food quality and ticket price.","The top surfing destinations in Sri Lanka include Weligama Beach, Hiriketiya Beach, Arugam Bay, and Kabalana Beach. For whale watching, Mirissa is the top destination."
Q_FEA_01,Which heritage sites feature ancient ruins?,feature_query,feature_query,0.95,6.74,0.7894736842105263,0.9589936749571856,0.99999999998,1.0,Which heritage sites feature ancient ruins?,"['Place: Ancient City of Polonnaruwa\nRating: 5 stars\nTitle: Amazing ruins\nSource: Visitor Review\n\nWas in awe of how well preserved many of the ruins are, although it seems not everyone can read the signs telling you not to walk on the walls. Definitely start early as it will take 3-4 hours and you cannot leave for a break and come back. I didn’t get a guide and found that between starting at the museum, reading the signs at each location, and doing a bit of online research before hand, I got a comprehensive understanding of what everything was. I also did use a bike and think if you’re used', 'Place: Sigiriya Lion Rock\nCategory: Heritage Site\nLocation: Ehalagala, Matale District, Central Province, Sri Lanka\nSource: Wikipedia Article\n\nSigiriya or Sinhagiri is an ancient rock fortress located in the northern Matale District near the town of Dambulla in the Central Province, Sri Lanka. It is a site of historical and archaeological significance that is dominated by a massive column of granite approximately 180\xa0m (590\xa0ft) high.', 'Place: Ancient City of Polonnaruwa\nCategory: Heritage Site\nLocation: Sri Lanka\nSource: Wikipedia Article\n\nToday, the ancient city of Polonnaruwa stands as one of the best-planned archaeological relic cities in the country, bearing testimony to the discipline and grandeur of the Kingdom’s early rulers. Its beauty was also used as a backdrop to film scenes for the Duran Duran music video Save a Prayer in 1982. The ancient city of Polonnaruwa has been declared a World Heritage Site by UNESCO.', 'Place: Yapahuwa Rock Fortress\nRating: 4 stars\nTitle: Well worth a visit\nSource: Visitor Review\n\nOnce the capital of ancient Sri Lanka, albeit briefly, Yapahuwa is definitely worth a visit.The ruins are not as well preserved as other sites in Sri Lanka, but what is left is now protected.The climb to the top is steep and strenuous, but the views from the top are well worth the climb.', 'Place: Ritigala Forest Monastery\nRating: 5 stars\nTitle: Stroll through the magnificent ancient ruins like Indiana Jones.\nSource: Visitor Review\n\ncan hire a guide at the entrance. Beware of the monkeys, they might look cute - but they will steal your food!\n\nGRAPH FACTS (Neo4j Knowledge Graph):\nNo graph results returned.', 'RETRIEVAL NOTES:\n- Ranked by: Ruins exploration, Ancient city visit\n- CONTRADICTION RULE: If Review Evidence contradicts the Knowledge Graph facts, you MUST treat the Knowledge Graph as the absolute ground truth.']","The heritage sites that feature ancient ruins are as follows:

- **Ancient City of Polonnaruwa** — This site is one of the best-planned archaeological relic cities in the country and is a UNESCO World Heritage Site. Visitors can explore well-preserved ruins, which can take 3-4 hours to view.

- **Sigiriya Lion Rock** — This ancient rock fortress is a site of historical and archaeological significance, dominated by a massive column of granite approximately 180 meters high.

- **Yapahuwa Rock Fortress** — Once the capital of ancient Sri Lanka, this site features ruins that are now protected. Visitors can undertake a steep and strenuous climb to the top to see the remaining structures and take in the views.

- **Ritigala Forest Monastery** — This location offers the opportunity to stroll through magnificent ancient ruins. Visitors can hire a guide at the entrance, though they should be cautious of monkeys in the area.","Heritage sites that feature ancient ruins include the Ancient City of Polonnaruwa, Sigiriya Lion Rock, Yapahuwa Rock Fortress, and Ritigala Forest Monastery."
Q_FEA_02,Which places have tea plantations and a scenic view?,feature_query,feature_query,0.95,10.45,1.0,0.958252349630916,0.8055555555287036,1.0,Which places have tea plantations and a scenic view?,"[""Knowledge Graph Fact 1. Lipton’s Seat is located in Badulla District for Photography, Viewpoint visit, Tea factory visit, and Sunrise watching, featuring Road access, Scenic view, Weather condition, Ticket price, Mountain, Public transport access, Tea plantation, Viewpoint, and Sunrise view.\n   Supporting Evidence:\n   [1] Place: Lipton’s Seat\nRating: 4 stars\nTitle: Scenic drive through tea plantation and villages\nSource: Visitor Review\n\nIt is less touristy which we like most. Slow scenic drive through narrow streets, waving to villagers, activities on the tea plantation. When we reached Lipton seat, we enjoyed a cup of tea in a very local cafe.\n   [2] Place: Lipton’s Seat\nRating: 5 stars\nTitle: A Must-Visit for Nature and Tea Lovers!\nSource: Visitor Review\n\nAs a tour guide, I’ve had the pleasure of visiting Lipton’s Seat countless times, and it never fails to impress. Perched high in the lush tea country of Sri Lanka, this iconic viewpoint offers breathtaking panoramas of rolling hills and verdant tea estates. On a clear day, you can see all the way to the southern coast!The journey to the top is just as magical, winding through scenic tea plantations and charming villages. I always recommend arriving early in the morning to catch the sunrise—it’s\nKnowledge Graph Fact 2. Pedro Tea Factory is located in Nuwara Eliya District for Shopping, Photography, and Tea factory visit, featuring Scenic view, Ticket price, Local guide, Value for money, Service quality, Shops, Guided tours, and Tea plantation, with facilities including Entrance fee and Guide service.\n   Supporting Evidence:\n   [1] Place: Pedro Tea Factory\nRating: 4 stars\nTitle: The best place to buy Tea in Nuwara Eliya\nSource: Visitor Review\n\nWhile in NE for a workshop, we went over to Pedro Tea Factory to buy some tea. Wow....the place itself was amazing...clean, neatly laid out garden....wonderful tea centre and the best part - 2 amazing sales women ....most probably from the surrounding plantations. They were so knowledgeable on the tea they were selling ..... As part of the Ethical Tea partnership i think the Pedro Tea Factory is doing a great job ...its just 2 kms from the city centre on the Kandapola Road....A must visit\n   [2] Place: Pedro Tea Factory\nRating: 3 stars\nTitle: Cool guide though..\nSource: Visitor Review\n\nQuick run through the production plant followed by two samples of tea to taste. Then you must buy.I was hoping to visit the tea plantation, but that was not part of the tour -perhaps due to the inclement weather.Not bad, fairly educational, wouldn't have felt too bad about missing this one."", 'Place: Handunugoda Tea Estate\nRating: 5 stars\nTitle: Specila tea plantation\nSource: Visitor Review\n\nVirgin Tea Plantation - interesting story,good guidance, original machinery, super degustation for free', ""Place: Lover's Leap Falls\nRating: 5 stars\nTitle: Beautiful peaceful walk up to these falls\nSource: Visitor Review\n\nThe road to these beautiful falls is located across the street from the entrance to Pedro Tea Estate just east of the city. It can be reached easily and very cheaply by taking the bus to Borlander.The falls are about a 2 km walk of an easy grade gradual climb. There are TukTuk for hire at the entrance to the road. However the walk up was easy and wonderful. We were able to get great views of the mountains, the plantations and some of the houses where the pickers live.The falls themselves are"", ""Place: Ceylon Tea Museum\nRating: 5 stars\nTitle: Holiday\nSource: Visitor Review\n\nBeautiful scenery, interesting museum,followed by a great cup of tea . Would recommend a visit. Lots of tea plantations to visit in the area'all WIth breathtaking scenery."", 'RETRIEVAL NOTES:\n- Ranked by: Scenic view, Tea plantation visit\n- CONTRADICTION RULE: If Review Evidence contradicts the Knowledge Graph facts, you MUST treat the Knowledge Graph as the absolute ground truth.']","The places that feature tea plantations and scenic views are as follows:

- **Lipton’s Seat** — This location offers a scenic drive through tea plantations and villages, leading to a viewpoint that provides panoramas of rolling hills and verdant tea estates. Visitors can engage in photography, visit the viewpoint, or watch the sunrise over the mountain. While the tea plantation is a highlight, be mindful of weather conditions and road access when planning your trip.

- **Pedro Tea Factory** — Situated in the tea country, this site features a neatly laid out garden and is surrounded by tea plantations. It offers guided tours of the production plant and a tea centre, where you can enjoy a tea factory visit, photography, and shopping. Visitors often appreciate the local guide service and the overall service quality, making it a good value for money.

- **Lover's Leap Falls** — The road to these falls passes through tea plantations, providing views of the mountains and the houses where tea pickers live.

- **Ceylon Tea Museum** — This area is surrounded by tea plantations and is noted for its beautiful scenery and breathtaking views.","Places with tea plantations and scenic views include Lipton's Seat, Pedro Tea Factory, Lover's Leap Falls, and Ceylon Tea Museum."
Q_FEA_03,Which temples are located in caves?,feature_query,feature_query,0.95,11.06,0.7368421052631579,0.7737679085073387,0.9999999999,0.75,Which temples are located in caves?,"['Knowledge Graph Fact 1. Buduruwagala Temple is located in Monaragala District for Temple visit, featuring Road access, Trail, Rock formation, Scenic view, Temple, Buddha statue, Peacefulness, Ticket price, Sculptures, and Lake, with facilities including Entrance fee.\n   Supporting Evidence:\n   [1] Place: Buduruwagala Temple\nRating: 5 stars\nTitle: Impressive ancient carved rocks\nSource: Visitor Review\n\nOf the many temples we visited during our tour, this was probably the one I like better. The ruins are located in a relatively quiet area and the entrance to the site is 2 U$ (or the equivalent in local currency, of which we had none left).After a short car ride from the entrance, you approach the ruins located close to very picturesque marshes. Walking up a sort of corridor, you reach impressively carved rocks: the central Buddha statue is 16 m., the largest in Sri Lanka. Two groups of thee\nKnowledge Graph Fact 2. Dambulla Cave Temple is located in Matale District for Temple visit, featuring Rock formation, Scenic view, Stairs, Temple, Weather condition, Buddha statue, Ticket price, Mountain, Local guide, Sculptures, Paintings, Cave, Cave temple, and Murals, with facilities including Steps or stairs, Entrance fee, and Ticket or receipt.\n   Supporting Evidence:\n   [1] Place: Dambulla Cave Temple\nRating: 4 stars\nTitle: Complete original of temples\nSource: Visitor Review\n\nIt is a complete temple within the mountain itself. Each cave has its figures that are quite similar. I recommend going first thing in the morning to avoid the hours of strong sunshine because you have to go barefoot throughout the compound and the ground burns. As we entered, there was a group of Buddhists praying and signaling to the tourists to come to them. We were fitted with a white cloth bracelet ""blessed"" and then FORCED to give a donation, which I do not see fit.\n   [2] Place: Dambulla Cave Temple\nRating: 5 stars\nTitle: Place you should not miss\nSource: Visitor Review\n\nFascinating rock temple with origin in 1st c. BC is definitely place worth the visit. After taking lots of stairs up the rock, well-deserved view over jungle and distant hills presents itself. Temple that is inbuilt into rock masif is part of world heritage and despite it´s honourable age, statues and cave paintings are well preserved. We arrived late afternoon and we stayed to watch sunset from the top which was wonderful. I really recommend to not skip this place if you visit Sri Lanka. Be\n   [3] Place: Dambulla Cave Temple\nRating: 5 stars\nTitle: Well worth the climb; a must-do visit\nSource: Visitor Review\n\nThe climb up the steps to the temple offers some wonderful views including a panorama of Lion Rock and Pidurangala Rock. It is steep in places, so take some water with you; there\'s nowhere to buy any at the top!You need to leave your shoes (100 Rps per person) and entry to the temple complex is 1500 Rps each. Remember to dress appropriately for visiting a temple.There are 5 caves; the newest being the furthest away. Perhaps worth starting here and working back as the older caves have the better\n   [4] Place: Dambulla Cave Temple\nRating: 3 stars\nTitle: Even if it means being there...\nSource: Visitor Review\n\nof the caves form real tapestries, the monumental reclining Buddhas incite to serenity. A little more confidentiality would make this temple a highly interesting visit but the reputation of the place proclaimed in the public square brings the impression closer to that of a tourist factory.Cellar temple, temple of the tooth in Kandi, Sirigiya... Can you love Paris without going to see the Eiffel Tower, or London without Big Ben or Rome without the Colosseum? You sure are!\nKnowledge Graph Fact 3. Fort Frederick is located in Trincomalee District for Temple visit and Fort visit, featuring Road access, Rock formation, Scenic view, Temple, Mountain, Beach, Sea, Fort, and Hindu shrine.\n   Supporting Evidence:\n   [1] Place: Fort Frederick\nRating: 4 stars\nTitle: A bit of British History\nSource: Visitor Review\n\nOf special interest to me as my father was born here in 1898. Area is well maintained and you have to go through the Fort entrance to access the Hindu temple. Spotted deer roam freely throughout the complex.\nKnowledge Graph Fact 4. Gal Vihara is located in Gampaha District for Religious visit, Ancient city visit, and Temple visit, featuring Rock formation, Temple, Ancient ruins, Buddha statue, and Sculptures.\n   Supporting Evidence:\n   [1] Place: Gal Vihara\nRating: 5 stars\nTitle: Gal Vihara; The rock monastery in Polonnaruwa\nSource: Visitor Review\n\nThe Gal Vihara built by King Parakramabahu in curved rock with Mahayana influence, by image; The seated image, influenced by the Amaravati school of art, artificial cave named Vidyhadhara Guha with smallest image with Brahma and Vishnu, the standing image depicts an unusual mudra, the reclining image, which depicts the Buddha\'s parinirvana, is the largest in Gal Vihara.\nKnowledge Graph Fact 5. Isurumuniya Temple is located in Unknown for Ancient city visit and Temple visit, featuring Rock formation, Scenic view, Stupa, Temple, Weather condition, Buddha statue, Peacefulness, Ticket price, Museum, Sculptures, Entrance fee, Lake, Cave temple, and Elephants, with facilities including Entrance fee.\n   Supporting Evidence:\n   [1] Place: Isurumuniya Temple\nRating: 5 stars\nTitle: Isurumuniya rock temple is a fine peice of an artifact\nSource: Visitor Review\n\nIsurumuniya rock temple is a beautiful peice of artifact as well as a relegious temple located in the secred city of Anuradhapura. The twin ponds , the cool breeze flowing from one side over the Thissa wawa , water tank and the temple itself which had been built on a rocky surface are fine constructional achievements made by the ancient kings. The world famous stone carving of ""lovers"" called the lovers of Isurumuniya has been preserved and a historic story backs it. It is a unique construction', 'Place: Aberdeen Falls\nCategory: Waterfall\nLocation: Sri Lanka\nSource: Wikipedia Article\n\nThe naturally formed rock formations at the base of the waterfall allow visitors to walk behind the curtain of water. This makes it one of the few waterfalls in Sri Lanka that can be viewed from the inside. The waterfall is characterized by its two-tiered cascade. The water descends over two distinct and closely spaced vertical drops. The upper tier is more gradual, while the lower tier has a more pronounced drop where the water plunges into a pool at the base of the waterfall. A large plunge pool is located at the base of the waterfall.', 'Place: Kelaniya Raja Maha Vihara\nRating: 4 stars\nTitle: Huge Buddha Statue inside\nSource: Visitor Review\n\nOne of the many temples we visited - this one a particular sacred site as is one of the places visited by Buddha when he came to Sri Lanka-there is a huge reclining sleeping Buddha inside-probably of all the temples this is one of the temples you should visit amongst the many that are in this country.', 'RETRIEVAL NOTES:\n- Ranked by: Rock formation, Temple visit\n- CONTRADICTION RULE: If Review Evidence contradicts the Knowledge Graph facts, you MUST treat the Knowledge Graph as the absolute ground truth.']","The temples in Sri Lanka that are located in caves or built into rock formations are as follows:

- **Dambulla Cave Temple** — This site is a complete temple built into the mountain itself, featuring five caves that house Buddha statues, sculptures, and murals. It is a world heritage site where visitors can explore the rock formation and enjoy scenic views of the surrounding jungle and hills. Be prepared for stairs during your visit.

- **Gal Vihara** — Located in Polonnaruwa, this rock monastery was built into curved rock. It includes an artificial cave named Vidyhadhara Guha, which houses a small Buddha statue alongside sculptures of Brahma and Vishnu.

- **Isurumuniya Temple** — Situated in the sacred city of Anuradhapura, this temple is built on a rocky surface and is recognized as a cave temple. It is known for its sculptures, including the famous ""lovers of Isurumuniya,"" and its proximity to the Thissa wawa lake. Visitors can enjoy the peacefulness of the site and scenic views, as well as the stupa and carvings of elephants.","Temples located in caves or associated with cave structures include Dambulla Cave Temple, Isurumuniya Temple, and Gal Vihara."
Q_FEA_04,Which places have both sculptures and paintings?,feature_query,feature_query,0.85,9.72,0.8333333333333334,0.9385928096330032,0.9999999999666668,0.4,Which places have both sculptures and paintings?,"[""Knowledge Graph Fact 1. Sri Pada / Adam's Peak is a Viewpoint / Hiking location in Nuwara Eliya District featuring a Rock formation and offering Sunrise watching.\n   Supporting Evidence:\n   [1] Place: Sri Pada / Adam's Peak\nCategory: Viewpoint / Hiking\nLocation: Nallathanniya, Nuwara Eliya District, Central Province, Sri Lanka\nSource: Wikipedia Article\n\nAdam's Peak is a 2,243-metre-tall (7,359-foot) conical sacred mountain located in central Sri Lanka. It is well known for the Sri Pada, a 1.8\xa0m rock formation resembling a footprint near the summit whose name is also used for the mountain itself. In Buddhist tradition the print is held to be the footprint of the Buddha, later in Sri Lankan Hindu tradition that of Hanuman or Shiva, and in some Islamic and Christian traditions that of Adam or St. Thomas the Apostle.\nKnowledge Graph Fact 2. Pidurangala Rock is a Viewpoint / Hiking location in Matale District featuring a Rock formation and offering Hiking, Sunset watching, and Sunrise watching.\n   Supporting Evidence:\n   [1] Place: Pidurangala Rock\nRating: 5 stars\nTitle: Breathtaking panoramic beauty\nSource: Visitor Review\n\nplace too. Wear decent clothing as you have to walk through the temple at the beginning. Take a bottle of water and the best camera you have because you will be sorry if you don't have a good camera to capture that beauty.\nKnowledge Graph Fact 3. Yapahuwa Rock Fortress is a Heritage Site featuring a Rock formation.\n   Supporting Evidence:\n   [1] Place: Yapahuwa Rock Fortress\nRating: 4 stars\nTitle: A glimpse into the glory of the past\nSource: Visitor Review\n\ncontains many valuable artifacts, which are on permanent display. This is one of the few places admire the fine, artistic skills of the ancient stone craftsmen.\n   [2] Place: Yapahuwa Rock Fortress\nCategory: Heritage Site\nLocation: Sri Lanka\nSource: Wikipedia Article\n\nMurals: In some parts of Yapahuwa, there are murals and Buddhist statues which exist to honor the Buddha. Murals date back to the Kandyan kingdom and the location of these statues exist near the base of the Yapahuwa fortress. These murals reside in cave structures. For reference, check the image gallery.\nKnowledge Graph Fact 4. Buduruwagala Temple is a Religious Site in Monaragala District featuring a Rock formation and offering a Temple visit.\n   Supporting Evidence:\n   [1] Place: Buduruwagala Temple\nRating: 5 stars\nTitle: Impressive ancient carved rocks\nSource: Visitor Review\n\nm., the largest in Sri Lanka. Two groups of thee people are carved at each side of the central Buddha. One painted in white with an orange halo is particularly eye-catching. There isn't much apart from the huge sculptures and the stairs leading to them, but it is very impressive.This is supposed to be the second oldest temple in Sri Lanka, dating back to the 10th century, but it is still used by worshippers, therefore one must wear appropriate clothes and remove shoes to approach the statues,\nKnowledge Graph Fact 5. Sigiriya Lion Rock is a Heritage Site in Matale District featuring a Rock formation.\n   Supporting Evidence:\n   [1] Place: Sigiriya Lion Rock\nRating: 5 stars\nTitle: The Rock\nSource: Visitor Review\n\nIt's a very interesting and absolutely feasible visit. The climb is not difficult at all so do not be discouraged because you will have the opportunity to do the various steps slowly and little by little. Do not miss this place and above all do not miss the painted caves: they are magnificent."", ""Place: Dambulla Cave Temple\nCategory: Religious Site\nLocation: Moragollewa, Matale District, Central Province, Sri Lanka\nSource: Wikipedia Article\n\nstatue hewn out of the rock on the left side of the room is escorted by wooden figures of the Bodhisattvas Maitreya and Avalokiteshvara or Natha. There is also a dagoba and a spring which drips its water said to have healing powers, out of a crack in the ceiling. Distinctive tempera paintings on the cave ceiling dating from the 18th century depict scenes from Buddha's life, from the dream of Mahamaya to temptation by the demon Mara. Further pictures relate important events from the country's history."", 'Place: Weherahena Buddhist Temple\nRating: 4 stars\nTitle: A large seated Buddha statue\nSource: Visitor Review\n\nIt is a temple close to Matara city with a large seated Buddha statue and a large cave like place with lot of beautiful murals and paintings . Easy access.', ""Place: Gal Vihara\nRating: 5 stars\nTitle: Historical place\nSource: Visitor Review\n\nHistorical place that you shouldn't miss visit. You can see magnificent group of statues of Buddha carved in a rock. I have seen the greater skills and expertise in the art of stone sculpture in Sri Lanka"", 'Place: Ritigala Forest Monastery\nRating: 5 stars\nTitle: Stroll through the magnificent ancient ruins like Indiana Jones.\nSource: Visitor Review\n\ncan hire a guide at the entrance. Beware of the monkeys, they might look cute - but they will steal your food!', 'RETRIEVAL NOTES:\n- Ranked by: sculptures, paintings\n- CONTRADICTION RULE: If Review Evidence contradicts the Knowledge Graph facts, you MUST treat the Knowledge Graph as the absolute ground truth.']","The places that feature both sculptures and paintings are:

- **Yapahuwa Rock Fortress** — This site is a rock formation that contains Buddhist statues near the base of the fortress and murals that date back to the Kandyan kingdom, which reside in cave structures.

- **Buduruwagala Temple** — This location is a rock formation that features huge sculptures, including a central Buddha statue and two groups of three people carved into the rock, as well as a figure painted in white with an orange halo.

- **Dambulla Cave Temple** — This site contains statues hewn out of the rock, wooden figures of Bodhisattvas, and distinctive tempera paintings on the cave ceiling that depict scenes from the life of the Buddha and important events from the country's history.

- **Weherahena Buddhist Temple** — This temple features a large seated Buddha statue and a large cave-like area containing many beautiful murals and paintings.","Places featuring both sculptures and paintings include Dambulla Cave Temple, Yapahuwa Rock Fortress, Buduruwagala Temple, and Weherahena Buddhist Temple."
Q_FEA_05,Which beaches are known for their sunset views?,feature_query,feature_query,0.98,10.03,0.8571428571428571,0.91211455848178,0.9166666666361112,1.0,Which beaches are known for their sunset views?,"[""Knowledge Graph Fact 1. Negombo Beach is a beach in Gampaha District known for its Sunset view.\n   Supporting Evidence:\n   [1] Place: Negombo BeachUnclaimedIf you own this business, claim it for free now to update business info, respond to reviews, and more.Claim this listing\nRating: 5 stars\nTitle: Nice and quiet beach\nSource: Visitor Review\n\nfood and we even found a bar so had some beer and cocktails. I imagine it’s far from the beaches down South (we visit there next week) but if you’re in this area it’s well worth a visit. Unfortunately we were unable to see the sunset as it was cloudy but it looks like it would be spectacular on a clear evening!\nKnowledge Graph Fact 2. Sri Pada / Adam's Peak is a viewpoint and hiking location in Nuwara Eliya District known for its Sunset view, offering Sunrise watching.\n   Supporting Evidence:\n   [1] Place: Sri Pada / Adam's Peak\nCategory: Viewpoint / Hiking\nLocation: Nallathanniya, Nuwara Eliya District, Central Province, Sri Lanka\nSource: Wikipedia Article\n\nAdam's Peak is a 2,243-metre-tall (7,359-foot) conical sacred mountain located in central Sri Lanka. It is well known for the Sri Pada, a 1.8\xa0m rock formation resembling a footprint near the summit whose name is also used for the mountain itself. In Buddhist tradition the print is held to be the footprint of the Buddha, later in Sri Lankan Hindu tradition that of Hanuman or Shiva, and in some Islamic and Christian traditions that of Adam or St. Thomas the Apostle.\nKnowledge Graph Fact 3. Coconut Tree Hill is a viewpoint and hiking location in Matara District known for its Sunset view, offering Photography, Sunset watching, and Viewpoint visit.\n   Supporting Evidence:\n   [1] Place: Coconut Tree Hill\nRating: 5 stars\nTitle: Unique views\nSource: Visitor Review\n\nA unique experience , where you can be a witness of either a wonderful sunset or sunrise!!! It's a 10 min walking far from mirissa beach\nKnowledge Graph Fact 4. Pidurangala Rock is a viewpoint and hiking location in Matale District known for its Sunset view, offering Hiking, Sunset watching, and Sunrise watching.\n   Supporting Evidence:\n   [1] Place: Pidurangala Rock\nRating: 5 stars\nTitle: Amazing\nSource: Visitor Review\n\nWe'll worth a trip up Pidurangala to see sunset. Easy walk except where it gets a little dodgy on the final ascent where you have to pull yourself up some boulders. This is slightly more daunting on way back down but didn't see anyone struggle too much with it. Views at the top are amazing.of the jungle and Lions rock. Tip - leave just as sun touches horizon to make sure you have enough light and beat the queues getting down that first tricky bit. We left at this point and still had about 40\nKnowledge Graph Fact 5. Galle Face Green is an urban park and promenade in Colombo District known for its Sunset view, offering Relaxing, Sunset watching, and Street food tasting.\n   Supporting Evidence:\n   [1] Place: Galle Face Green\nRating: 5 stars\nTitle: Great Park amidst city life\nSource: Visitor Review\n\nGalle Face Green in Colombo is a must-visit spot! This sprawling oceanfront park offers stunning sunset views, a vibrant atmosphere, and a glimpse into local life. Enjoy street food, kite-flying, and picnics on the lush green lawns. A perfect spot to relax ....I've heard there's a night market spread also over the weekend..\n   [2] Place: Galle Face Green\nRating: 5 stars\nTitle: Evening stroll and watch sunset\nSource: Visitor Review\n\nWe enjoyed the evening stroll and watched the sun set beautiful. Small boutique shops selling local evening bites."", 'Place: Mirissa Beach\nRating: 4 stars\nTitle: Beautiful Sunset!!!\nSource: Visitor Review\n\nWe came here in the late afternoon stroll along the beach when it’s not too hot under scorching sun. This is a busy beach with a stretch of hotels and restaurants. Hence, it’s very crowded, but still a lovely place to hangout for late afternoon stroll; to enjoy the sea breeze; to play with the strong wave; to relax on the beach, etc. The sunset at the beach was lovely and we had an unforgettable time spent at the beach. There are other nearby attractions where is worth to check out are the', 'Place: Jaffna Fort\nRating: 4 stars\nTitle: Great view of the sunset\nSource: Visitor Review\n\nLovely place to just walk around in the evening and catch a beautiful sunset in jaffna. They do have a small exhibition area with the details on the historical background of the site.', ""Place: Arugam Bay\nRating: 4 stars\nTitle: Beautiful beach, great surf break but too crowded\nSource: Visitor Review\n\nThe beach is wonderful, and the sunset here is incredible overloking the palm trees. There is a decent nightlife in the summer season. Good wave for surfing but way too crowded and have been in multiple collisions here for people not looking where they're going."", 'RETRIEVAL NOTES:\n- Ranked by: Sunset view\n- CONTRADICTION RULE: If Review Evidence contradicts the Knowledge Graph facts, you MUST treat the Knowledge Graph as the absolute ground truth.']","The beaches and viewpoints known for their sunset views are:

- **Negombo Beach** — A beach in the Gampaha District that offers a spectacular sunset view on a clear evening.

- **Mirissa Beach** — A busy beach where visitors can enjoy a lovely sunset while relaxing, strolling, or playing in the waves.

- **Arugam Bay** — A beach featuring an incredible sunset view overlooking the palm trees.

- **Coconut Tree Hill** — Located in the Matara District, this viewpoint is ideal for photography, sunset watching, and a general viewpoint visit.

- **Pidurangala Rock** — Situated in the Matale District, this location is popular for hiking, sunset watching, and sunrise watching.

- **Galle Face Green** — An urban park and promenade in the Colombo District perfect for relaxing, sunset watching, and street food tasting.

- **Sri Pada / Adam's Peak** — Found in the Nuwara Eliya District, this hiking destination and viewpoint is well-known for sunrise watching and sunset views.","Beaches known for sunset views include Negombo Beach, Mirissa Beach, and Arugam Bay."
Q_FEA_06,Which places have a museum?,feature_query,facility_query,0.85,8.92,0.8571428571428571,0.8522765753273945,0.5833333333041666,1.0,Which places have a museum?,"['Knowledge Graph Fact 1. Muthurajawela Marsh is a Wetland / Nature Park featuring a Visitor centre, offering Photography and Boat rides, with features including Peacefulness and Wildlife.\n   Supporting Evidence:\n   [1] Place: Muthurajawela Marsh\nCategory: Wetland / Nature Park\nLocation: Sri Lanka\nSource: Wikipedia Article\n\nDESTINATION: Muthurajawela Marsh\nTYPE: Wetland / Nature Park\nLOCATION: Sri Lanka\nCOORDINATES: 7.12, 79.88\n\nMuthurajawela Marsh is a wetland / nature park located in Sri Lanka. It is a travel destination in Sri Lanka.', 'Place: Colombo National Museum\nRating: 3 stars\nTitle: A mediocre place to visit!\nSource: Visitor Review\n\nThe museum is rather dark and damp to really enjoy the exhibits. Its not the most interesting for young kids. It would be great if some of the museum curators took an effort to explain exhibits to keep things a bit interesting. I dont think they have changed the exhibits since I was a kid!', 'Place: Temple of the Sacred Tooth Relic\nRating: 5 stars\nTitle: Pride of Kandy\nSource: Visitor Review\n\nTemple of Tooth is the pinnacle of the Buddhist culture of Sri Lanka, which houses the tooth relic from Lord Buddha. This site has a number of historical and cultural interests, including temples, museums and all. Parking can be found in nearby roads or at Kandy City Center. Travellers are advised to wear decent clothes before entering the premises.', 'Place: Independence Memorial Hall\nRating: 5 stars\nTitle: Good sightseeing spot\nSource: Visitor Review\n\nPlace to relax and learn about the culture a bit. Tourist thing you must try, get a guide who can be helpful in narrating the story', 'Place: Weligama Beach\nRating: 4 stars\nTitle: Great for wind surfing or swimming / snorkeling\nSource: Visitor Review\n\nBeautiful calm and clean beach stretch with lots of restaurants and accommodation providing places close by. I saw some outlets were offering surfing and snorkeling lessons there.', 'Place: Henerathgoda Botanical Garden\nCategory: Garden / Park\nLocation: Sri Lanka\nSource: Wikipedia Article\n\nVisitor attraction', 'RETRIEVAL NOTES:\n- Ranked by: Visitor centre\n- CONTRADICTION RULE: If Review Evidence contradicts the Knowledge Graph facts, you MUST treat the Knowledge Graph as the absolute ground truth.']","The places that feature a museum are the Temple of the Sacred Tooth Relic and the Colombo National Museum. Additionally, if you are interested in nature, you can visit the Muthurajawela Marsh, a wetland and nature park that features a visitor centre, peacefulness, and wildlife, with photography and boat rides as top activities.

- **Temple of the Sacred Tooth Relic** — This site houses the tooth relic from Lord Buddha and includes museums among its various historical and cultural interests.
- **Colombo National Museum** — This location serves as a museum, though visitors have noted that the exhibits are dark and damp.",Places that have or feature a museum include the Colombo National Museum and the Temple of the Sacred Tooth Relic.
Q_FEA_07,Which places have a fort?,feature_query,feature_query,0.9,9.14,0.8666666666666667,0.6935550600631283,0.99999999995,1.0,Which places have a fort?,"[""Knowledge Graph Fact 1. Sri Pada / Adam's Peak is a Rock formation in Nuwara Eliya District for Viewpoint / Hiking, featuring Sunrise watching.\n   Supporting Evidence:\n   [1] Place: Sri Pada / Adam's Peak\nCategory: Viewpoint / Hiking\nLocation: Nallathanniya, Nuwara Eliya District, Central Province, Sri Lanka\nSource: Wikipedia Article\n\nAdam's Peak is a 2,243-metre-tall (7,359-foot) conical sacred mountain located in central Sri Lanka. It is well known for the Sri Pada, a 1.8\xa0m rock formation resembling a footprint near the summit whose name is also used for the mountain itself. In Buddhist tradition the print is held to be the footprint of the Buddha, later in Sri Lankan Hindu tradition that of Hanuman or Shiva, and in some Islamic and Christian traditions that of Adam or St. Thomas the Apostle.\nKnowledge Graph Fact 2. Pidurangala Rock is a Rock formation in Matale District for Viewpoint / Hiking, featuring Hiking, Sunset watching, and Sunrise watching.\n   Supporting Evidence:\n   [1] Place: Pidurangala Rock\nRating: 5 stars\nTitle: One of the most beautiful and exiting places\nSource: Visitor Review\n\nOne of the most beautiful and exiting places I've visited so far. You can enjoy full 360 view with an epic view of the Sigiriya rock fortress We climes in the morning, wanted to get there to see the sunrise,\nKnowledge Graph Fact 3. Yapahuwa Rock Fortress is a Rock formation and Heritage Site.\n   Supporting Evidence:\n   [1] Place: Yapahuwa Rock Fortress\nRating: 4 stars\nTitle: A glimpse into the glory of the past\nSource: Visitor Review\n\ncontains many valuable artifacts, which are on permanent display. This is one of the few places admire the fine, artistic skills of the ancient stone craftsmen.\nKnowledge Graph Fact 4. Buduruwagala Temple is a Rock formation in Monaragala District for Religious Site, featuring Temple visit.\n   Supporting Evidence:\n   [1] Place: Buduruwagala Temple\nCategory: Religious Site\nLocation: Nikapitiya, Monaragala District, Uva Province, Sri Lanka\nSource: Wikipedia Article\n\nDESTINATION: Buduruwagala Temple\nTYPE: Religious Site\nLOCATION: Nikapitiya, Monaragala District, Uva Province, Sri Lanka\nCOORDINATES: 6.6848766, 81.0793976\nADDRESS: Buduruwagala Rajamaha Viharaya, Buduruwagala Road, Nikapitiya, Monaragala District, Uva Province, Sri Lanka\nDESCRIPTION: Ancient Buddhist temple in Monaragala, Sri Lanka\nSOURCE: https://en.wikipedia.org/wiki/Buduruvagala\nKnowledge Graph Fact 5. Sigiriya Lion Rock is a Rock formation and Heritage Site in Matale District.\n   Supporting Evidence:\n   [1] Place: Sigiriya Lion Rock\nCategory: Heritage Site\nLocation: Ehalagala, Matale District, Central Province, Sri Lanka\nSource: Wikipedia Article\n\nDESTINATION: Sigiriya Lion Rock\nTYPE: Heritage Site\nLOCATION: Ehalagala, Matale District, Central Province, Sri Lanka\nCOORDINATES: 7.9566634, 80.7599301\nADDRESS: Sigiriya, Ehalagala, Matale District, Central Province, 21121, Sri Lanka\nDESCRIPTION: Ancient rock fortress near Dambulla, Sri Lanka\nSOURCE: https://en.wikipedia.org/wiki/Sigiriya"", 'Place: Jaffna Fort\nRating: 3 stars\nTitle: Historical site maintained very poorly.\nSource: Visitor Review\n\nA colonial masterpiece in a very poor state. pollution around and in the moat is a very disappointing site. Having withstood few wars. its structure tells a story of how strong these fortresses were. I did notice a board stating a restoration project being in place with the help of the Dutch Government. A lot more has to be done to preserve and restore these assets of Sri Lanka and its history. One observation was that some rocks on the walls were made out of corals', 'Place: Colombo National Museum\nRating: 4 stars\nTitle: a beautiful colonial building with a wonderfully collated exhibition\nSource: Visitor Review\n\nWith a spare afternoon we visited the museum and spent an interesting and worthwhile time. The building itself is worth the visit but the exhibits cover everything from early history, religious artifacts and art, Royal regalia costumes, jewelry , China glassware and all manner of fascinating items from the country’s historical and colonial past. A great museum shop and cafe for a midway refreshment.', 'Place: Jaffna Fort\nRating: 5 stars\nTitle: Awesome historical sight\nSource: Visitor Review\n\nSo worth visiting this historical site. Beautiful design extensive in size. Free to visit and wander around. You can climb the steps and walk around most sections of the Forte walls. Western section off the wall still being repaired due to bombing in the civil war. Must visit.', ""Place: Nine Arches BridgeSomeone from this business manages the listing.\nRating: 5 stars\nTitle: Best Place to visit\nSource: Visitor Review\n\na historical relic. The surrounding area, rich in biodiversity and serene beauty, has made it a prime destination for nature lovers, adventurers, and photographers. The bridge is often seen as a peaceful contrast to the hustle and bustle of urban life, offering a glimpse into Sri Lanka's colonial heritage.Tourists flock to this bridge to marvel at its intricate design and its ability to blend harmoniously with the surrounding natural environment. Whether visited during the misty mornings or the"", 'Place: Batticaloa Fort\nRating: 5 stars\nTitle: Ancient Dutch Fort\nSource: Visitor Review\n\nBatticaloa fort also known as Dutch fort was built by the Portuguese in 1628 and was captured by the Dutch on 18 May 1638 later from 1745, the fort was used by the British regiment. This place is controlled by the SL government and currently this being used for DS office and other administrative department. The building is in very good condition yet tourists can see the side walls only. Great place to visit if your around Batticaloa town.', 'RETRIEVAL NOTES:\n- Ranked by: historical significance, fort presence\n- CONTRADICTION RULE: If Review Evidence contradicts the Knowledge Graph facts, you MUST treat the Knowledge Graph as the absolute ground truth.']","The places in Sri Lanka that feature a fort are:

- **Jaffna Fort** — A colonial masterpiece where visitors can climb the steps and walk around most sections of the fort walls.
- **Batticaloa Fort** — Also known as the Dutch fort, this site is currently used for administrative purposes, and tourists can view the side walls.
- **Sigiriya Lion Rock** — An ancient rock fortress located in the Matale District that features a rock formation.
- **Yapahuwa Rock Fortress** — A heritage site that features a rock formation, contains many valuable artifacts on permanent display, and showcases the artistic skills of ancient stone craftsmen.","Places with a fort include Jaffna Fort, Batticaloa Fort, and Sigiriya Lion Rock, an ancient rock fortress."
Q_FEA_08,Which locations have a bridge?,feature_query,facility_query,1.0,14.07,1.0,0.697835224289289,0.9999999999,1.0,Which locations have a bridge?,"['Knowledge Graph Fact 1. Bogoda Wooden Bridge is a Heritage Site in Badulla District featuring a Bridge, Temple visit, Road access, and River.\n   Supporting Evidence:\n   [1] Place: Bogoda Wooden Bridge\nCategory: Heritage Site\nLocation: Jangulla, Badulla District, Uva Province, Sri Lanka\nSource: Wikipedia Article\n\nReferences\n\n\nExternal links\nBogoda Roofed Bridge\nKnowledge Graph Fact 2. Matara Paravi Duwa Temple is a Religious Site featuring a Bridge, Temple visit, Scenic view, and Temple.\n   Supporting Evidence:\n   [1] Place: Matara Paravi Duwa Temple\nRating: 3 stars\nTitle: Temple in the Sea.\nSource: Visitor Review\n\nIt is a temple built on the old Paravi duva & with the bridge leading to it, the sea breeze & the high waves on the far side of it its a novel experience for a temple.\nKnowledge Graph Fact 3. Negombo Fish Market is a Shopping / Market in Gampaha District featuring a Bridge, Road access, and Scenic view.\n   Supporting Evidence:\n   [1] Place: Negombo Fish Market\nCategory: Shopping / Market\nLocation: Negombo, Gampaha District, Western Province, Sri Lanka\nSource: Wikipedia Article\n\nDESTINATION: Negombo Fish Market\nTYPE: Shopping / Market\nLOCATION: Negombo, Gampaha District, Western Province, Sri Lanka\nCOORDINATES: 7.2110593, 79.8318074\nADDRESS: Negombo Fish Market, Sea Street, Periyamulla, Negombo, Gampaha District, Western Province, 11500, Sri Lanka\nSOURCE: https://en.wikipedia.org/w/index.php?search=Negombo%20Fish%20Market%20Sri%20Lanka\n\nNegombo Fish Market is a shopping / market located in Gampaha District. It is a travel destination in Sri Lanka.\nAddress: Negombo Fish Market, Sea Street, Periyamulla, Negombo, Gampaha District, Western Province, 11500, Sri Lanka\nKnowledge Graph Fact 4. Demodara Loop is an Engineering Landmark in Badulla District featuring a Bridge, Train ride, Road access, and Trail.\nKnowledge Graph Fact 5. Royal Botanical Gardens is a Garden / Park in Kandy District featuring a Bridge, Relaxing, Weather condition, and Peacefulness.\n   Supporting Evidence:\n   [1] Place: Royal Botanical Gardens\nRating: 4 stars\nTitle: Must Visit in Kandy...Largest Botanical park in Sri Lanka!!!\nSource: Visitor Review\n\nMust visit place do take Electric car as lot of walk is involved as Shuttle is also available at good price but you have to wait for a long for availability ...and then we found wow... suspension bridge..orchid houses..flower garden.. etc\nKnowledge Graph Fact 6. Ella Rock is a Viewpoint / Hiking location in Badulla District featuring a Bridge, Hiking, Waterfall, and Trail.', 'RETRIEVAL NOTES:\n- Ranked by: Bridge\n- CONTRADICTION RULE: If Review Evidence contradicts the Knowledge Graph facts, you MUST treat the Knowledge Graph as the absolute ground truth.']","The locations in Sri Lanka that feature a bridge are:

- **Bogoda Wooden Bridge** — This heritage site in the Badulla District features a bridge, a temple, road access, and a river. You can enjoy a temple visit here.

- **Matara Paravi Duwa Temple** — This religious site features a bridge that leads to the temple, offering a novel experience with sea breezes and high waves. It is a great spot for a temple visit and provides a scenic view.

- **Negombo Fish Market** — Located in the Gampaha District, this shopping and market destination features a bridge, road access, and scenic views.

- **Demodara Loop** — This engineering landmark in the Badulla District features a bridge, a train ride, road access, and a trail.

- **Royal Botanical Gardens** — This garden and park in the Kandy District features a suspension bridge, orchid houses, and a flower garden. It is a perfect place for relaxing, and visitors often note the peacefulness and pleasant weather conditions.

- **Ella Rock** — This viewpoint and hiking location in the Badulla District features a bridge, hiking, a waterfall, and a trail.","Locations featuring a bridge include Bogoda Wooden Bridge, Matara Paravi Duwa Temple, Negombo Fish Market, Demodara Loop, Royal Botanical Gardens, and Ella Rock."
Q_FEA_09,Which places are associated with a lagoon?,feature_query,feature_query,0.95,9.64,0.875,0.8083587445750143,0.49999999995,1.0,Which places are associated with a lagoon?,"[""Knowledge Graph Fact 1. Sri Pada / Adam's Peak is a Viewpoint / Hiking location in Nuwara Eliya District featuring a Scenic view and Sunrise watching.\n   Supporting Evidence:\n   [1] Place: Sri Pada / Adam's Peak\nCategory: Viewpoint / Hiking\nLocation: Nallathanniya, Nuwara Eliya District, Central Province, Sri Lanka\nSource: Wikipedia Article\n\nAdam's Peak is a 2,243-metre-tall (7,359-foot) conical sacred mountain located in central Sri Lanka. It is well known for the Sri Pada, a 1.8\xa0m rock formation resembling a footprint near the summit whose name is also used for the mountain itself. In Buddhist tradition the print is held to be the footprint of the Buddha, later in Sri Lankan Hindu tradition that of Hanuman or Shiva, and in some Islamic and Christian traditions that of Adam or St. Thomas the Apostle.\nKnowledge Graph Fact 2. Negombo Beach is a Beach location in Gampaha District featuring a Scenic view.\n   Supporting Evidence:\n   [1] Place: Negombo BeachUnclaimedIf you own this business, claim it for free now to update business info, respond to reviews, and more.Claim this listing\nRating: 5 stars\nTitle: Nice and quiet beach\nSource: Visitor Review\n\nfood and we even found a bar so had some beer and cocktails. I imagine it’s far from the beaches down South (we visit there next week) but if you’re in this area it’s well worth a visit. Unfortunately we were unable to see the sunset as it was cloudy but it looks like it would be spectacular on a clear evening!\nKnowledge Graph Fact 3. Gartmore Falls is a Waterfall location in Nuwara Eliya District featuring a Scenic view.\n   Supporting Evidence:\n   [1] Place: Gartmore Falls\nCategory: Waterfall\nLocation: Nuwara Eliya District, Central Province, Sri Lanka\nSource: Wikipedia Article\n\nDESTINATION: Gartmore Falls\nTYPE: Waterfall\nLOCATION: Nuwara Eliya District, Central Province, Sri Lanka\nCOORDINATES: 6.7786554, 80.5592226\nADDRESS: Upper Gartmore Falls, Nuwara Eliya District, Central Province, Sri Lanka\nSOURCE: https://en.wikipedia.org/w/index.php?search=Gartmore%20Falls%20Sri%20Lanka\n\nGartmore Falls is a waterfall located in Nuwara Eliya District. It is a travel destination in Sri Lanka.\nAddress: Upper Gartmore Falls, Nuwara Eliya District, Central Province, Sri Lanka\nKnowledge Graph Fact 4. Kandy View Point is a Viewpoint / Hiking location in Kandy District featuring a Scenic view, Photography, and Viewpoint visit.\n   Supporting Evidence:\n   [1] Place: Kandy View Point\nRating: 4 stars\nTitle: Serene\nSource: Visitor Review\n\nKandy view point is a place on a high altitude near the lake which offer a panoramic view of the town\nKnowledge Graph Fact 5. Little Adam's Peak View Point is a Viewpoint / Hiking location in Badulla District featuring a Scenic view, Hiking, Photography, and Sunrise watching.\n   Supporting Evidence:\n   [1] Place: Little Adam's Peak View Point\nRating: 4 stars\nTitle: Dramatic LITTLE Adam's Peak\nSource: Visitor Review\n\nburnt giving it a rather surreal look. It was like a tiny ridge line black on one side and green on the other."", ""Place: Kalametiya Eco Bird Watching\nRating: 5 stars\nTitle: DO THIS TOUR!\nSource: Visitor Review\n\nshould do this tour. I highly suggest going very early in the morning when you're likely to see a lot of different types of birds and there are very few people out on the lagoon. Do it, do it, do it!"", 'Place: Viharamahadevi Park\nRating: 3 stars\nTitle: A family-friendly park brimming with activities for everyone to enjoy.\nSource: Visitor Review\n\nyour photography, Viharamahadevi Park presents a delightful mix of natural charm and cultural significance right in the centre of Colombo. The park presents an array of activities, featuring horse riding, an enjoyable mini train ride, and a well-appointed play area for the little ones. The walking paths invite you to enjoy a leisurely stroll, and the exercise area provides an excellent opportunity for adults to maintain their fitness. The park boasts lush greenery and a serene atmosphere,', 'Place: Bopath Ella (Bopath Falls)\nRating: 4 stars\nTitle: Great local out of the way swimming spot\nSource: Visitor Review\n\nA great little spot for a dip. Get yourself a Tuk Tuk or two and whizz down here for some R&R! Not at all touristy or commercial and well lived by locals who may stare a bit but are very welcoming. Beautiful waterfall and swimming venue', ""Place: Mirissa Beach\nRating: 4 stars\nTitle: The beach was lovely and the water warm.\nSource: Visitor Review\n\nThis is a lovely beach which is kept clean. There are many tourist activities available here but I don't recommend the whale watching as it is not very kind to the whales and dolphins. The beach is great for swimming and the water wonderfully warm. The surfers at one end provided us with hours of entertainment."", ""Place: Pasikudah Beach\nCategory: Beach\nLocation: Pasikudah, Batticaloa District, Eastern Province, Sri Lanka\nSource: Wikipedia Article\n\nSince the end of the civil war in 2009 and the completion of tsunami rehabilitation projects, Pasikudah has become a popular tourist destination amongst locals and foreigners alike. Pasikudah is fast becoming an investors hub as foreign and local investors have shown interest in developing tourism along the beach. The Sri Lankan government's strict environmental policies have prevented certain plans for mass development, although economic policies have promoted development to a certain extent. Pasikudah is known to have one of the longest stretches of shallow reef coastline in the world."", 'RETRIEVAL NOTES:\n- Ranked by: category match\n- CONTRADICTION RULE: If Review Evidence contradicts the Knowledge Graph facts, you MUST treat the Knowledge Graph as the absolute ground truth.']","The only place associated with a lagoon is:

- **Kalametiya Eco Bird Watching** — This location features a lagoon where visitors can take tours to see different types of birds.

If you are looking for locations known for their scenic views, consider these options:

- **Sri Pada / Adam's Peak** — Located in the Nuwara Eliya District, this hiking destination is popular for sunrise watching and offers a scenic view.
- **Negombo Beach** — Situated in the Gampaha District, this beach is recognized for its scenic view.
- **Gartmore Falls** — This waterfall in the Nuwara Eliya District provides a scenic view.
- **Kandy View Point** — Found in the Kandy District, this spot is ideal for photography and viewpoint visits, offering a scenic view.
- **Little Adam's Peak View Point** — Located in the Badulla District, this site is well-suited for hiking, photography, and sunrise watching, all while enjoying a scenic view.",Kalametiya Eco Bird Watching is associated with a lagoon.
Q_FEA_10,Which beaches are noted for their shallow water depth?,feature_query,feature_query,0.98,9.39,0.9333333333333332,0.7626991403204134,0.8333333332916666,1.0,Which beaches are noted for their shallow water depth?,"[""Knowledge Graph Fact 1. Negombo Beach in Gampaha District is a beach noted for its water depth.\n   Supporting Evidence:\n   [1] Place: Negombo BeachUnclaimedIf you own this business, claim it for free now to update business info, respond to reviews, and more.Claim this listing\nRating: 4 stars\nTitle: Nice beach, nice people\nSource: Visitor Review\n\nMy fiancée and I went to the beach together in Negombo three days in a row. The beach is huge and has multiple sections. We took some photographs on the rocks and the beach itself. I dropped my phone out of my pocket and a local found it and when we went back to look for it, he gave it to me. He does catamaran trips, so we went out for a 40 minute trip. I also went swimming there. The water is brown and full of sand, but the sand didn’t stick to me like Mirissa beach sand did and care off easily\nKnowledge Graph Fact 2. Sri Pada / Adam's Peak in Nuwara Eliya District is a viewpoint and hiking location noted for its water depth, offering Sunrise watching.\n   Supporting Evidence:\n   [1] Place: Sri Pada / Adam's Peak\nCategory: Viewpoint / Hiking\nLocation: Nallathanniya, Nuwara Eliya District, Central Province, Sri Lanka\nSource: Wikipedia Article\n\nAdam's Peak is a 2,243-metre-tall (7,359-foot) conical sacred mountain located in central Sri Lanka. It is well known for the Sri Pada, a 1.8\xa0m rock formation resembling a footprint near the summit whose name is also used for the mountain itself. In Buddhist tradition the print is held to be the footprint of the Buddha, later in Sri Lankan Hindu tradition that of Hanuman or Shiva, and in some Islamic and Christian traditions that of Adam or St. Thomas the Apostle.\nKnowledge Graph Fact 3. Pasikudah Beach in Batticaloa District is a beach noted for its shallow water depth, offering Swimming and Relaxing.\n   Supporting Evidence:\n   [1] Place: Pasikudah Beach\nRating: 5 stars\nTitle: Most Beautiful Beach\nSource: Visitor Review\n\none of the most beautiful beaches I've ever seen. Clean & Lovely... Lot of hotels nearby. Access is easy. Will visit again\nKnowledge Graph Fact 4. Casuarina Beach in Jaffna District is a beach noted for its shallow water depth, offering Swimming.\n   Supporting Evidence:\n   [1] Place: Casuarina Beach\nCategory: Beach\nLocation: Karainagar, Jaffna District, Northern Province, Sri Lanka\nSource: Wikipedia Article\n\nDESTINATION: Casuarina Beach\nTYPE: Beach\nLOCATION: Karainagar, Jaffna District, Northern Province, Sri Lanka\nCOORDINATES: 9.7631004, 79.8876687\nADDRESS: Casuarina Beach, Karainagar, Jaffna District, Northern Province, Sri Lanka\nDESCRIPTION: Beach in Sri Lanka\nSOURCE: https://en.wikipedia.org/wiki/Casuarina_Beach\n\nCasuarina Beach is in Karainagar, Jaffna District, Sri Lanka, about 20 kilometres (12\xa0mi) from Jaffna. The 1.5 km long white sand beach is considered to be the best beach in the Jaffna Peninsula. The beach is named after the Casuarina trees that grow on the shore.\nKnowledge Graph Fact 5. Polhena Beach in Matara District is a beach noted for its shallow water depth, offering Swimming, Relaxing, and Snorkelling.\n   Supporting Evidence:\n   [1] Place: Polhena Beach\nRating: 5 stars\nTitle: Beautiful beach\nSource: Visitor Review\n\nbeautiful beach, not too many street shops etc... beautiful coral reef, no boats passing or damaging for the moment"", 'Place: Bentota Beach\nRating: 5 stars\nTitle: Beautiful Beach\nSource: Visitor Review\n\nOne of the best beaches with soft fine sand,clean and not crowded except on weekends has all water sports facilities.', 'Place: Passikudah Beach\nRating: 4 stars\nTitle: Beautiful sunset and calm beach\nSource: Visitor Review\n\nBecause the waves are calm and shallow water depth is suitable for children playing.Long sandy beach is good for a stroll.Accommodation varies from luxury resorts to cheap place , but the restaurant is not much.', 'Place: Hikkaduwa Beach\nRating: 4 stars\nTitle: Nice beach\nSource: Visitor Review\n\nWe visited Hikkaduwa beach which is the smaller of the two if you look on the map. We snorkelled with equipment from one of the huts on the beach. The guys are friendly enough and will give you advice where to swim. We saw giant turtles and quite a few different type of fish. Obvious advice but where plenty of sunscreen or cover up your shoulders if you’re snorkelling!', ""Place: Baker's Falls\nCategory: Waterfall\nLocation: Nuwara Eliya District, Central Province, Sri Lanka\nSource: Wikipedia Article\n\nBaker’s Falls is accessible all year round, although visitors should be prepared for frequent rainfall. While swimming in the plunge pool is discouraged due to its depth and strong currents, the site remains a popular destination for families and adventure seekers alike. The trail offers a moderately challenging trek which may be difficult for younger visitors or those with limited mobility. Guided tours are available, offering valuable insights into the unique flora, fauna and geology of Horton Plains. The best time to visit is between January and April, when the round-trip hike typically"", ""Place: Mount Lavinia Beach\nRating: 4 stars\nTitle: Blag your way onto hotel beach.\nSource: Visitor Review\n\nbeautiful. The s a as deliciously warm but not for faint hearted - huge, powerful, surf and a noticeable rip. There was a lifeguard but we had no idea of his swimming ability and he had no equipment to assist anyone in difficulties. I wouldn't let children swim in sea here. Around the other side of the hotel (and we think accessible by walking around from public beach) was a more sheltered place for swimming, protected by large rocks breaking the waves.There was a pool bar and restaurant on the"", 'RETRIEVAL NOTES:\n- Ranked by: Water depth\n- CONTRADICTION RULE: If Review Evidence contradicts the Knowledge Graph facts, you MUST treat the Knowledge Graph as the absolute ground truth.']","The beaches in Sri Lanka noted for their shallow water depth are:

- **Pasikudah Beach** — Located in the Batticaloa District, this beach is noted for its shallow water depth, which makes it suitable for children playing, and it offers opportunities for swimming and relaxing.
- **Casuarina Beach** — Located in the Jaffna District, this white sand beach is noted for its shallow water depth and is suitable for swimming.
- **Polhena Beach** — Located in the Matara District, this beach is noted for its shallow water depth and offers activities including swimming, relaxing, and snorkelling near a coral reef.","Beaches noted for shallow water depth include Pasikudah Beach, Casuarina Beach, and Polhena Beach."
Q_LOC_01,What are the top attractions in the Kandy District?,location_query,location_query,1.0,11.98,0.9230769230769232,0.9999999999999996,0.9999999999,1.0,What are the top attractions in the Kandy District?,"[""Knowledge Graph Fact 1. Ambuluwawa Tower is a landmark in Kandy District, featuring Safety, Scenic view, Stairs, Temple, Ticket price, Mountain, Public transport access, and Crowdedness.\n   Supporting Evidence:\n   [1] Place: Ambuluwawa Tower\nCategory: Landmark / Tower\nLocation: Rathmalkaduwa, Kandy District, Central Province, Sri Lanka\nSource: Wikipedia Article\n\nDESTINATION: Ambuluwawa Tower\nTYPE: Landmark / Tower\nLOCATION: Rathmalkaduwa, Kandy District, Central Province, Sri Lanka\nCOORDINATES: 7.1615272, 80.5473577\nADDRESS: Ambuluwawa Tower, Ambuluwaawa Road, Rathmalkaduwa, Kandy District, Central Province, 20500, Sri Lanka\nSOURCE: https://en.wikipedia.org/w/index.php?search=Ambuluwawa%20Tower%20Sri%20Lanka\n\nAmbuluwawa Tower is a landmark / tower located in Kandy District. It is a travel destination in Sri Lanka.\nAddress: Ambuluwawa Tower, Ambuluwaawa Road, Rathmalkaduwa, Kandy District, Central Province, 20500, Sri Lanka\nKnowledge Graph Fact 2. Ceylon Tea Museum is a museum in Kandy District for Museum visit and Shopping, featuring Scenic view, Ticket price, Mountain, Public transport access, Local guide, Museum, Value for money, Service quality, Shops, Guided tours, and Tea plantation.\n   Supporting Evidence:\n   [1] Place: Ceylon Tea Museum\nRating: 5 stars\nTitle: Excellent visit to Ceylon Tea Museum\nSource: Visitor Review\n\nsorts of tea-related paraphernalia throughout the ages on display. The building and exhibits are maintained extremely well (nice to see the displays and building being taken care of compared to some other museums in the country). The tea shops and tasting on the top two floors are worth visiting. We spent over an hour here. It was very quiet when we went at 1pm, only a handful of visitors, but beware, the museum closes earlier than other Kandian site (3pm that day I think). Great views of Kandy\nKnowledge Graph Fact 3. Kandy Lake is a lake in Kandy District for Temple visit and Relaxing, featuring Scenic view, Temple, Peacefulness, Cleanliness, Crowdedness, Birds, and Lake.\n   Supporting Evidence:\n   [1] Place: Kandy Lake\nRating: 3 stars\nTitle: Just lake\nSource: Visitor Review\n\nwhy not to see it if it's so close ;) Otherwise don't expect any special excitement - view over Kandy is ok\n   [2] Place: Kandy Lake\nRating: 2 stars\nTitle: To crowded\nSource: Visitor Review\n\nNothing special, having seen other lakes. Too much traffic, noisy and polluted. Was not worth to spend a day here.\nKnowledge Graph Fact 4. Kandy View Point is a viewpoint in Kandy District for Photography and Viewpoint visit, featuring Scenic view, Temple, Buddha statue, Mountain, Public transport access, Lake, and Viewpoint.\n   Supporting Evidence:\n   [1] Place: Kandy View Point\nRating: 5 stars\nTitle: The best view of Kandy city\nSource: Visitor Review\n\nIf you wanna see the true beauty of Kandy city . This is the best place you need to go . It gives a whole view of the entire city . At night it's truly awesome. In a night of a Kandy perahera you can have a great view from this place. It's not very far from the city . You can reach this place with in 10 mins from the middle of the city . So if you visit Kandy , don't miss this awesome view point . Cheers . Enjoy your visit\n   [2] Place: Kandy View Point\nRating: 5 stars\nTitle: Breathtaking Views\nSource: Visitor Review\n\nWonderful view of the city of Kandy from this wonderful place and its beauty is seen mostly in the night\n   [3] Place: Kandy View Point\nRating: 5 stars\nTitle: Great view\nSource: Visitor Review\n\nOur guide Namal took us there, this place has very good view. If you want to have full experience in Kandy you should hire him. He showed us so many beautiful places in just one day. He has a big comfortable van for a group and a Tuk tuk for twoNamal +94 77 661 8292 WhatsApp\nKnowledge Graph Fact 5. Royal Botanical Gardens is a garden in Kandy District for Relaxing, featuring Weather condition, Peacefulness, Ticket price, Cleanliness, and Bridge.\nKnowledge Graph Fact 6. Temple of the Sacred Tooth Relic is a religious site in Kandy District for Religious visit and Temple visit, featuring Temple, Buddha statue, Peacefulness, Ticket price, Crowdedness, Local guide, and Museum.\n   Supporting Evidence:\n   [1] Place: Temple of the Sacred Tooth Relic\nRating: 4 stars\nTitle: What else are you going to do in Kandy? :)\nSource: Visitor Review\n\nIt's a nice temple and one of the main attractions in Kandy. The walk around the nearby lake is pretty nice too."", 'Place: Dunhinda Falls\nCategory: Waterfall\nLocation: Badulla, Badulla District, Uva Province, Sri Lanka\nSource: Wikipedia Article\n\nTourist attraction\nToday, Dunhinda Falls remains one of the most popular tourist attractions in Sri Lanka. Both local and foreign tourists flock here throughout the year. The best time to see the waterfall at its most beautiful is from November to March, when the water level is at its highest. The surrounding area, filled with birdsong and lush greenery, offers a truly enchanting experience.', 'Place: Bahiravokanda Vihara Buddha Statue\nRating: 3 stars\nTitle: Peaceful\nSource: Visitor Review\n\nBeautiful Buddha and amazing views of Kandy from viewing point. Top part was closed view would have been better from the top. Looks beautiful from below in all different spots in Kandy. Entrance fee and also asked to make a donation from a man in the office.', 'RETRIEVAL NOTES:\n- Ranked by: popularity, positive sentiment\n- CONTRADICTION RULE: If Review Evidence contradicts the Knowledge Graph facts, you MUST treat the Knowledge Graph as the absolute ground truth.']","The top attractions in the Kandy District are as follows:

- **Ambuluwawa Tower** — A landmark and tower located in the Kandy District that features a temple, mountain, stairs, and scenic views. Visitors should be aware of the ticket price, public transport access, and potential crowdedness, as well as safety considerations.

- **Ceylon Tea Museum** — A museum located in the Kandy District that offers guided tours, museum visits, and shopping. This tea plantation site features a mountain, scenic views, and tea shops, and is noted for its service quality and value for money regarding the ticket price.

- **Kandy Lake** — A lake destination in the Kandy District suitable for relaxing and visiting nearby temples. It is known for its scenic views, cleanliness, peacefulness, and bird sightings, though visitors may encounter crowdedness.

- **Kandy View Point** — A viewpoint and hiking destination in the Kandy District that provides a full view of Kandy city, the lake, and a Buddha statue. It is particularly noted for its appearance at night and during the Kandy Perahera, and it offers public transport access.

- **Royal Botanical Gardens** — A garden and park destination in the Kandy District known for its peaceful atmosphere, cleanliness, and bridge. Visitors should consider the ticket price and weather conditions when planning their visit.

- **Temple of the Sacred Tooth Relic** — A prominent religious site in the Kandy District that includes a museum and is a primary destination for religious and temple visits. The site features a Buddha statue and is known for its peacefulness, though it can experience crowdedness and requires a ticket price for entry.

- **Bahiravokanda Vihara Buddha Statue** — A site in the Kandy District featuring a Buddha statue and a viewing point that offers views of Kandy.","Top attractions in the Kandy District include Ambuluwawa Tower, Ceylon Tea Museum, Kandy Lake, Kandy View Point, and Royal Botanical Gardens."
Q_LOC_02,What places can I visit in the Nuwara Eliya District?,location_query,location_query,1.0,13.71,0.813953488372093,0.9383873824609194,0.9999999999,1.0,What places can I visit in the Nuwara Eliya District?,"[""Knowledge Graph Fact 1. Ambewela Farms is located in Nuwara Eliya District, featuring Scenic view, Weather condition, Family friendliness, Wildlife, Ticket price, Cleanliness, and Mountain.\n   Supporting Evidence:\n   [1] Place: Ambewela Farms\nRating: 3 stars\nTitle: Good Place for Enroute Tour\nSource: Visitor Review\n\nAmbewela farm is a private dairy producing different dairy products. This is situated in an beautiful location in the hills of Nuwara Eliya. The location is a 30 minutes drive from the Nuwara Eliya centre and for me it would be an ideal spot for en-route tours and for bunch of . Good for children where they could see the big cows closely and to see the cows are fed and milked. There is a restaurant and another dairy product selling spot. Overall it’s a good place to visit during your visit to\nKnowledge Graph Fact 2. Baker's Falls is located in Nuwara Eliya District for Waterfall visit, Hiking, Photography, and Trekking, featuring Waterfall, Trail, Scenic view, Stairs, and Weather condition.\n   Supporting Evidence:\n   [1] Place: Baker's Falls\nCategory: Waterfall\nLocation: Nuwara Eliya District, Central Province, Sri Lanka\nSource: Wikipedia Article\n\nVisitors are advised to reach the falls before 15:00, as mist and fading light can obstruct visibility and the park will be closed. The trail and the surrounding rocks are popular resting spots for trekkers.\n   [2] Place: Baker's Falls\nCategory: Waterfall\nLocation: Nuwara Eliya District, Central Province, Sri Lanka\nSource: Wikipedia Article\n\nTourism\nBaker’s Falls is one of the main attractions in Horton Plains National Park, alongside World’s End, Mini World’s End, Kirigalpoththa and Thotupola Kanda mountains.\nThe hike to the falls is moderately challenging, especially in wet weather when the paths become slippery and tree roots cover much of the ground. Nevertheless, hikers are rewarded with panoramic views, biodiversity and scenic landscapes.\nKnowledge Graph Fact 3. Devon Falls is located in Nuwara Eliya District for Waterfall visit, Photography, and Viewpoint visit, featuring Waterfall, Road access, Scenic view, and Viewpoint.\nKnowledge Graph Fact 4. Galway's Land National Park is located in Nuwara Eliya District, featuring Road access, Trail, Peacefulness, Wildlife, Ticket price, Value for money, Entrance fee, Birds, Signage, and Forest.\nKnowledge Graph Fact 5. Gartmore Falls is located in Nuwara Eliya District, featuring Waterfall and Scenic view.\n   Supporting Evidence:\n   [1] Place: Gartmore Falls\nCategory: Waterfall\nLocation: Nuwara Eliya District, Central Province, Sri Lanka\nSource: Wikipedia Article\n\nDESTINATION: Gartmore Falls\nTYPE: Waterfall\nLOCATION: Nuwara Eliya District, Central Province, Sri Lanka\nCOORDINATES: 6.7786554, 80.5592226\nADDRESS: Upper Gartmore Falls, Nuwara Eliya District, Central Province, Sri Lanka\nSOURCE: https://en.wikipedia.org/w/index.php?search=Gartmore%20Falls%20Sri%20Lanka\n\nGartmore Falls is a waterfall located in Nuwara Eliya District. It is a travel destination in Sri Lanka.\nAddress: Upper Gartmore Falls, Nuwara Eliya District, Central Province, Sri Lanka\nKnowledge Graph Fact 6. Gregory Lake is located in Nuwara Eliya District for Relaxing and Boat ride, featuring Scenic view, Family friendliness, Ticket price, Cleanliness, Mountain, Food quality, Lake, and Boat service.\n   Supporting Evidence:\n   [1] Place: Gregory Lake\nRating: 5 stars\nTitle: A must visit while in Nuwara Eliya\nSource: Visitor Review\n\nBeautiful lake with backdrop of mountains and well maintained gardens. Beautiful flowers everywhere. Ideal to relax and spend the day.\n   [2] Place: Gregory Lake\nRating: 5 stars\nTitle: Great place to spend Nuwara Eliya evenings! Beware of boat operators!\nSource: Visitor Review\n\nremember as 15).Close to the car park there is a large Merry-go-round that would be suitable for those with kids. There are horses also for riding. Beware of operators and you ask many of them regarding price and select one.We went on a rainy day, but enjoyed as much as possible. Previously we had a great time on non-rainy evenings.Don't miss this place when you are in Nuwara Eliya. You can just walk along the pavement enjoying the fresh air from the mountains!\nKnowledge Graph Fact 7. Horton Plains National Park is located in Nuwara Eliya District for Waterfall visit, Hiking, and Trekking, featuring Waterfall, Trail, Scenic view, Weather condition, Wildlife, Ticket price, Cleanliness, Mountain, Crowdedness, Value for money, Entrance fee, and Birds.\nKnowledge Graph Fact 8. Laxapana Falls is located in Nuwara Eliya District for Waterfall visit, featuring Waterfall, Road access, Safety, Scenic view, and Stairs.\nKnowledge Graph Fact 9. Lover's Leap Falls is located in Nuwara Eliya District for Waterfall visit and Hiking, featuring Waterfall, Road access, Trail, Scenic view, Weather condition, Mountain, Public transport access, and Tea plantation.\n   Supporting Evidence:\n   [1] Place: Lover's Leap Falls\nRating: 5 stars\nTitle: A hidden gem in NuwaraEliya\nSource: Visitor Review\n\nLover's Leap Waterfall is a hidden gem in Nuwara Eliya that offers a rewarding experience for nature lovers. I recently visited with a friend and enjoyed a refreshing 30-minute walk through the village, guided by Google Maps. The hike to the waterfall can be a bit challenging, with slippery paths, so it's essential to wear appropriate clothing and trekking shoes. There's no entry fee, making it an affordable adventure. Once you reach the waterfall, you'll be rewarded with breathtaking views of\nKnowledge Graph Fact 10. Moon Plains is located in Nuwara Eliya District for Viewpoint visit, Safari, and Jeep safari, featuring Road access, Scenic view, Weather condition, Family friendliness, Wildlife, Ticket price, Mountain, Local guide, Entrance fee, and Viewpoint.\n   Supporting Evidence:\n   [1] Place: Moon Plains\nRating: 5 stars\nTitle: Breathtaking Views at Moon Plains – A Must-Visit in Nuwara Eliya!\nSource: Visitor Review\n\nI visited The Moon Plains in Nuwara Eliya and it was an unforgettable experience. The view from the top is absolutely stunning—you can see mountains all around, and the fresh air feels amazing. It’s a peaceful and quiet place, perfect for nature lovers. The drive up was beautiful too. I took many photos and enjoyed every moment. If you visit Nuwara Eliya, don’t miss this hidden gem!\n   [2] Place: Moon Plains\nRating: 5 stars\nTitle: Latest attraction\nSource: Visitor Review\n\nlatest attraction open to public in Nuwara Eliya, place for agricuntural and environmental tourism.New attarction. Very good place"", 'Place: Victoria Park of Nuwara Eliya\nRating: 5 stars\nTitle: Beautiful Place .Must visit\nSource: Visitor Review\n\nVictoria Park is must visit place in Nuwara Eliya nice big garden with beautiful flowers and view take photo as much as possible:)', 'RETRIEVAL NOTES:\n- Ranked by: popularity, positive sentiment\n- CONTRADICTION RULE: If Review Evidence contradicts the Knowledge Graph facts, you MUST treat the Knowledge Graph as the absolute ground truth.']","The following places are located within the Nuwara Eliya District:

- **Ambewela Farms** — A farm/factory situated in the hills, offering a scenic view and family friendliness, where you can see cows being fed and milked, along with a restaurant and dairy product sales. Please note that there is a ticket price for entry, and the site is known for its cleanliness, mountain setting, and variable weather conditions.

- **Baker's Falls** — A waterfall located within Horton Plains National Park, accessible via a trail that is popular for hiking, trekking, and photography. The site features stairs and offers a scenic view, though it is subject to changing weather conditions.

- **Devon Falls** — A waterfall destination known for its scenic views and viewpoint access, with convenient road access for visitors.

- **Galway's Land National Park** — A national park/wildlife reserve featuring a forest area with trails, signage, and opportunities for bird watching and wildlife observation. It is noted for its peacefulness and is considered good value for money regarding the entrance fee and ticket price, with easy road access.

- **Gartmore Falls** — A waterfall destination recognized for its scenic views.

- **Gregory Lake** — A lake featuring well-maintained gardens, mountain backdrops, and activities such as boat rides, horse riding, and walking along the pavement. It is known for its family friendliness, cleanliness, food quality, and scenic view, and requires a ticket price for entry and boat service.

- **Horton Plains National Park** — A national park/wildlife reserve for hiking, trekking, and waterfall visits that features mountains, birds, and opportunities for wildlife viewing. The area offers a scenic view and is subject to specific weather conditions, though it can experience crowdedness. There is an entrance fee and ticket price, and the park is noted for its cleanliness.

- **Laxapana Falls** — A waterfall accessible by road, featuring stairs and scenic views, with attention given to safety.

- **Lover's Leap Falls** — A waterfall reached by a walk through a village and a hike through a tea plantation, offering scenic views of the surrounding mountains. It is accessible via public transport and road access, though the experience is influenced by weather conditions.

- **Moon Plains** — A viewpoint/hiking site offering jeep safaris and viewpoints with mountain scenery. It is a family-friendly location that features wildlife, a local guide, and road access. There is an entrance fee and ticket price, and the experience is subject to weather conditions.

- **Victoria Park of Nuwara Eliya** — A large garden featuring flowers and scenic views.","Places you can visit in the Nuwara Eliya District include Ambewela Farms, Baker's Falls, Devon Falls, Galway's Land National Park, and Gartmore Falls."
Q_LOC_03,Which tourist attractions are located in the Galle District?,location_query,location_query,1.0,13.71,0.8846153846153846,0.9721046453994004,0.9999999999,1.0,Which tourist attractions are located in the Galle District?,"['Knowledge Graph Fact 1. Bentota Beach is located in Galle District for Swimming, Surfing, Relaxing, and Sunset watching, featuring Scenic view, Peacefulness, Family friendliness, Cleanliness, Crowdedness, Beach, Waves, Accommodation, Sea, Sandy beach, and Sunset view.\n   Supporting Evidence:\n   [1] Place: Bentota Beach\nCategory: Beach\nLocation: Bentota, Galle District, Southern Province, Sri Lanka\nSource: Wikipedia Article\n\nBentota is a coastal town in Sri Lanka, located in the Galle District of the Southern Province. It is approximately 65 kilometres (40 mi) south of Colombo and 56 kilometres (35 mi) north of Galle. Bentota is situated on the southern bank of the Bentota River mouth, at an elevation of 3 metres (9.8 ft) above the sea level.\n\n\nHistory\nKnowledge Graph Fact 2. Dutch Hospital Shopping Precinct is located in Galle District for Relaxing and Shopping, featuring Value for money, Food quality, Restaurants, Shops, Fort, and Cafes.\nKnowledge Graph Fact 3. Galle Dutch Fort is located in Galle District for Shopping, Fort visit, and Sunset watching, featuring Scenic view, Weather condition, Heritage site, Beach, Restaurants, Accommodation, Sea, Shops, Fort, Sunset view, and Cafes.\n   Supporting Evidence:\n   [1] Place: Galle Dutch Fort\nRating: 5 stars\nTitle: Walking Tour Experience\nSource: Visitor Review\n\nWalking Tour ExperienceA guided walking tour within Galle Fort is highly recommended. The guides, often locals, will share stories about the fort’s history, including the eras of Portuguese, Dutch, and British control, as well as insight into Sri Lanka’s colonial past and maritime heritage.The tour often includes stops at lesser-known sites like the All Saints’ Church, Amangalla Hotel (a historic colonial-era building), and the old Dutch government house.\nKnowledge Graph Fact 4. Galle Fort Lighthouse is located in Galle District for Photography and Fort visit, featuring Scenic view, Beach, Sea, Fort, Sunset view, and Lighthouse.\n   Supporting Evidence:\n   [1] Place: Galle Fort Lighthouse\nCategory: Lighthouse\nLocation: Galle, Galle District, Southern Province, Sri Lanka\nSource: Wikipedia Article\n\nThe light station is within the walls of the ancient Galle Fort, a UNESCO World Heritage Site and well known tourist attraction. The lighthouse is strategically located at the southern end of the promontory, built approximately 6 m (20 ft) above the road level on the ramparts, at what is known as the Point Utrecht Bastion, giving it full view of any ships entering Galle Harbour.\nKnowledge Graph Fact 5. Handunugoda Tea Estate is located in Galle District for Shopping, Tea plantation visit, and Tea tasting, featuring Ticket price, Public transport access, Local guide, Value for money, Service quality, Shops, Guided tours, and Tea plantation.\nKnowledge Graph Fact 6. Hikkaduwa Beach is located in Galle District for Swimming, Surfing, Relaxing, and Snorkelling, featuring Cleanliness, Crowdedness, Beach, Waves, Food quality, Restaurants, Accommodation, Sea, Sandy beach, Turtles, and Coral reef.\n   Supporting Evidence:\n   [1] Place: Hikkaduwa Beach\nRating: 4 stars\nTitle: Head further South\nSource: Visitor Review\n\nFantastic beach but the further South you go then the bigger and better it gets - the main part in the town is very small and crowded - 3 minutes in a Tuk Tuk towards Galle and you can be in a paradise.Great sand though.\nKnowledge Graph Fact 7. Japanese Peace Pagoda - Rumassala is located in Galle District for Sunset watching, featuring Scenic view, Stupa, Temple, Peacefulness, Mountain, Public transport access, Beach, Sea, Fort, Sunset view, and Forest.\n   Supporting Evidence:\n   [1] Place: Japanese Peace Pagoda - Rumassala\nCategory: Religious Site\nLocation: Rumassala, Galle District, Southern Province, Sri Lanka\nSource: Wikipedia Article\n\nDESTINATION: Japanese Peace Pagoda - Rumassala\nTYPE: Religious Site\nLOCATION: Rumassala, Galle District, Southern Province, Sri Lanka\nCOORDINATES: 6.0158561, 80.2379092\nADDRESS: Japanese Peace Pagoda, Unawatuna, Rumassala, Galle District, Southern Province, Sri Lanka\nSOURCE: https://en.wikipedia.org/w/index.php?search=Japanese%20Peace%20Pagoda%20-%20Rumassala%20Sri%20Lanka\n\nJapanese Peace Pagoda - Rumassala is a religious site located in Galle District. It is a travel destination in Sri Lanka.\nAddress: Japanese Peace Pagoda, Unawatuna, Rumassala, Galle District, Southern Province, Sri Lanka\n   [2] Place: Japanese Peace Pagoda - Rumassala\nRating: 5 stars\nTitle: Must visit\nSource: Visitor Review\n\nRomasalla is a visitors attraction place in the Galle. If you visit their you can see the nice view of Galle town.\nKnowledge Graph Fact 8. Kabalana Beach is located in Galle District for Surfing, featuring Ticket price, Cleanliness, Beach, Waves, Restaurants, Accommodation, Sandy beach, and Cafes.\nKnowledge Graph Fact 9. Koggala Lake is located in Galle District for Temple visit, Relaxing, Boat ride, and Spa treatment, featuring Temple, Peacefulness, Wildlife, Ticket price, Public transport access, Local guide, Value for money, Birds, Lake, and Boat service.\nKnowledge Graph Fact 10. Kosgoda Sea Turtle Conservation Project is located in Galle District, featuring Family friendliness, Wildlife, Ticket price, Local guide, Beach, Service quality, Sea, and Turtles.\n   Supporting Evidence:\n   [1] Place: Kosgoda Sea Turtle Conservation Project\nCategory: Wildlife Conservation\nLocation: Induruwa, Galle District, Southern Province, Sri Lanka\nSource: Wikipedia Article\n\nKosgoda Sea Turtle Conservation Project is a wildlife conservation located in Galle District. It is a travel destination in Sri Lanka.\nAddress: Kosgoda Sea Turtle Conservation Project, Galle Road, Induruwa, Galle District, Southern Province, 80510, Sri Lanka', 'Place: Galle Face Green\nRating: 4 stars\nTitle: Open beach front area!\nSource: Visitor Review\n\nIt is a place where people come in the evening for walk and kite flying. A favourite amongst locals for a stroll along the beach side. some construction work is going around may be some land reclamation and newer hotels coming up nearby.', 'Place: Dunhinda Falls\nCategory: Waterfall\nLocation: Badulla, Badulla District, Uva Province, Sri Lanka\nSource: Wikipedia Article\n\nTourist attraction\nToday, Dunhinda Falls remains one of the most popular tourist attractions in Sri Lanka. Both local and foreign tourists flock here throughout the year. The best time to see the waterfall at its most beautiful is from November to March, when the water level is at its highest. The surrounding area, filled with birdsong and lush greenery, offers a truly enchanting experience.', 'Place: Galle Face Green\nRating: 5 stars\nTitle: nice\nSource: Visitor Review\n\nGalle Face Green is one of the most popular picnic attractions in Colombo The place received considerable footfall, especially on weekends', 'RETRIEVAL NOTES:\n- Ranked by: popularity, positive sentiment\n- CONTRADICTION RULE: If Review Evidence contradicts the Knowledge Graph facts, you MUST treat the Knowledge Graph as the absolute ground truth.']","The following tourist attractions are located in the Galle District:

- **Bentota Beach** — A beach destination suitable for swimming, surfing, relaxing, and sunset watching, known for its sandy beach, scenic view, and peacefulness.
- **Dutch Hospital Shopping Precinct** — A shopping and market location for relaxing and shopping, featuring various restaurants, shops, and cafes within a fort setting that offer value for money and food quality.
- **Galle Dutch Fort** — A heritage site ideal for shopping, fort visits, and sunset watching, offering scenic views of the sea and access to restaurants, cafes, and accommodation.
- **Galle Fort Lighthouse** — A lighthouse situated within the fort walls, used for photography and fort visits while providing scenic views of the sea, beach, and sunset.
- **Handunugoda Tea Estate** — A tea plantation offering guided tours, tea tasting, and shopping opportunities, with local guides and public transport access available.
- **Hikkaduwa Beach** — A beach area for swimming, surfing, relaxing, and snorkelling, known for its coral reef, turtles, food quality, and nearby restaurants and accommodation.
- **Japanese Peace Pagoda - Rumassala** — A religious site featuring a stupa and temple, providing scenic views of the surrounding forest, sea, and fort, as well as sunset watching opportunities.
- **Kabalana Beach** — A sandy beach destination primarily used for surfing, with local cafes, restaurants, and accommodation available.
- **Koggala Lake** — A lake destination for relaxing, boat rides, spa treatments, and temple visits, known for its wildlife, birds, and boat service.
- **Kosgoda Sea Turtle Conservation Project** — A wildlife conservation site focused on turtles, noted for its family-friendly environment and local guides.","Tourist attractions located in the Galle District include Bentota Beach, Dutch Hospital Shopping Precinct, Galle Dutch Fort, Galle Fort Lighthouse, and Handunugoda Tea Estate."
Q_LOC_04,What are the main destinations in the Matara District?,location_query,location_query,1.0,11.87,0.7878787878787878,1.0,0.9999999999,1.0,What are the main destinations in the Matara District?,"[""Knowledge Graph Fact 1. Coconut Tree Hill is located in Matara District for Photography, Sunset watching, and Viewpoint visit, featuring Road access, Scenic view, Mountain, Crowdedness, Beach, Sea, Sunset view, and Viewpoint.\n   Supporting Evidence:\n   [1] Place: Coconut Tree Hill\nCategory: Viewpoint / Hiking\nLocation: Thalaramba, Matara District, Southern Province, Sri Lanka\nSource: Wikipedia Article\n\nDESTINATION: Coconut Tree Hill\nTYPE: Viewpoint / Hiking\nLOCATION: Thalaramba, Matara District, Southern Province, Sri Lanka\nCOORDINATES: 5.9392522, 80.4682756\nADDRESS: Coconut Tree Hill, Matara Road, Thalaramba, Matara District, Southern Province, 71380, Sri Lanka\nSOURCE: https://en.wikipedia.org/w/index.php?search=Coconut%20Tree%20Hill%20Sri%20Lanka\n\nCoconut Tree Hill is a viewpoint / hiking located in Matara District. It is a travel destination in Sri Lanka.\nAddress: Coconut Tree Hill, Matara Road, Thalaramba, Matara District, Southern Province, 71380, Sri Lanka\nKnowledge Graph Fact 2. Hiriketiya Beach is located in Matara District for Swimming, Surfing, and Relaxing, featuring Peacefulness, Family friendliness, Ticket price, Cleanliness, Crowdedness, Value for money, Beach, Waves, Food quality, Restaurants, Accommodation, Sea, and Sandy beach.\n   Supporting Evidence:\n   [1] Place: Hiriketiya Beach\nCategory: Beach\nLocation: Dikwella, Matara District, Southern Province, Sri Lanka\nSource: Wikipedia Article\n\nDESTINATION: Hiriketiya Beach\nTYPE: Beach\nLOCATION: Dikwella, Matara District, Southern Province, Sri Lanka\nCOORDINATES: 5.9627833, 80.707008\nADDRESS: Beach House, Hiriketiya, Dikwella, Matara District, Southern Province, 81200, Sri Lanka\nSOURCE: https://en.wikipedia.org/w/index.php?search=Hiriketiya%20Beach%20Sri%20Lanka\n\nHiriketiya Beach is a beach located in Matara District. It is a travel destination in Sri Lanka.\nAddress: Beach House, Hiriketiya, Dikwella, Matara District, Southern Province, 81200, Sri Lanka\nKnowledge Graph Fact 3. Jungle Beach is located in Matara District for Swimming and Snorkelling, featuring Trail, Rock formation, Scenic view, Peacefulness, Cleanliness, Public transport access, Crowdedness, Beach, Sea, and Forest.\n   Supporting Evidence:\n   [1] Place: Jungle Beach\nCategory: Beach\nLocation: Kumbalgama, Matara District, Southern Province, Sri Lanka\nSource: Wikipedia Article\n\nDESTINATION: Jungle Beach\nTYPE: Beach\nLOCATION: Kumbalgama, Matara District, Southern Province, Sri Lanka\nCOORDINATES: 5.958594, 80.4130866\nADDRESS: Jungle Beach, Kumbalgama, Matara District, Southern Province, Sri Lanka\nSOURCE: https://en.wikipedia.org/w/index.php?search=Jungle%20Beach%20Sri%20Lanka\n\nJungle Beach is a beach located in Matara District. It is a travel destination in Sri Lanka.\nAddress: Jungle Beach, Kumbalgama, Matara District, Southern Province, Sri Lanka\nKnowledge Graph Fact 4. Mirissa Beach is located in Matara District for Swimming, Surfing, Relaxing, and Sunset watching, featuring Scenic view, Family friendliness, Cleanliness, Crowdedness, Beach, Waves, Food quality, Restaurants, Accommodation, Sea, Sandy beach, and Sunset view.\n   Supporting Evidence:\n   [1] Place: Mirissa Beach\nCategory: Beach\nLocation: Mirissa, Matara District, Southern Province, Sri Lanka\nSource: Wikipedia Article\n\nMirissa (Sinhala: මිරිස්ස, romanized: Mirissa; Tamil: மிரிஸ்ஸ, romanized: Miris'sa) is a small town on the south coast of Sri Lanka, located in the Matara District of the Southern Province. It is approximately 150 kilometres (93 mi) south of Colombo and is situated at an elevation of 4 metres (13 ft) above sea level. Mirissa's beach and nightlife make it a popular tourist destination. It is also a fishing port and one of the island's main whale and dolphin watching locations.\nKnowledge Graph Fact 5. Polhena Beach is located in Matara District for Swimming, Relaxing, and Snorkelling, featuring Safety, Peacefulness, Family friendliness, Cleanliness, Crowdedness, Beach, Waves, Accommodation, Sea, Sandy beach, Water depth, Turtles, and Coral reef.\nKnowledge Graph Fact 6. Weligama Beach is located in Matara District for Swimming, Surfing, and Relaxing, featuring Safety, Peacefulness, Family friendliness, Cleanliness, Crowdedness, Beach, Waves, Food quality, Restaurants, Accommodation, Sea, and Sandy beach.\n   Supporting Evidence:\n   [1] Place: Weligama Beach\nCategory: Beach\nLocation: Weligama, Matara District, Southern Province, Sri Lanka\nSource: Wikipedia Article\n\nGallery\n\n\nTransport\nWeligama is located on the Coastal or Southern Rail Line (connecting Colombo through to Matara), and the A2 highway, connecting Colombo to Weligama.\n\n\nDemographics\nThe Weligama Urban Council area is Sinhalese Majority with a large Sri Lankan Muslim population, and a small number of Sri Lankan Tamils. Others including  Indian Tamils, Burgher, Malay.\nKnowledge Graph Fact 7. Whale Watching in Mirissa is located in Matara District for Whale watching, featuring Wildlife, Ticket price, Food quality, Service quality, Sea, Boat service, Whales, and Dolphins.\n   Supporting Evidence:\n   [1] Place: Whale Watching in Mirissa\nCategory: Activity / Experience\nLocation: Matara District, Southern Province, Sri Lanka\nSource: Wikipedia Article\n\nDESTINATION: Whale Watching in Mirissa\nTYPE: Activity / Experience\nLOCATION: Matara District, Southern Province, Sri Lanka\nCOORDINATES: 5.9033478, 80.4949752\nADDRESS: Whale Watching Area, Matara District, Southern Province, 81750, Sri Lanka\n\nWhale Watching in Mirissa is a activity / experience located in Matara District. It is a travel destination in Sri Lanka.\nAddress: Whale Watching Area, Matara District, Southern Province, 81750, Sri Lanka"", 'Place: Pitawala Pathana\nCategory: Viewpoint / Hiking\nLocation: Matale, Matale District, Central Province, Sri Lanka\nSource: Wikipedia Article\n\nDESTINATION: Pitawala Pathana\nTYPE: Viewpoint / Hiking\nLOCATION: Matale, Matale District, Central Province, Sri Lanka\nCOORDINATES: 7.5490862, 80.7541155\nADDRESS: Pitawala Pathana, Matale, Matale District, Central Province, Sri Lanka\n\nPitawala Pathana is a viewpoint / hiking located in Matale District. It is a travel destination in Sri Lanka.\nAddress: Pitawala Pathana, Matale, Matale District, Central Province, Sri Lanka', 'Place: Dunhinda Falls\nCategory: Waterfall\nLocation: Badulla, Badulla District, Uva Province, Sri Lanka\nSource: Wikipedia Article\n\nTourist attraction\nToday, Dunhinda Falls remains one of the most popular tourist attractions in Sri Lanka. Both local and foreign tourists flock here throughout the year. The best time to see the waterfall at its most beautiful is from November to March, when the water level is at its highest. The surrounding area, filled with birdsong and lush greenery, offers a truly enchanting experience.', ""Place: Ancient City of Polonnaruwa\nCategory: Heritage Site\nLocation: Sri Lanka\nSource: Wikipedia Article\n\nPolonnaruwa, the second-largest city in the North Central Province, is renowned as one of the cleanest and most picturesque cities in the country. Its lush environment, remarkable ancient monuments, the Parakrama Samudra - a vast reservoir constructed in the 13th century - and a combination of attractive tourist accommodations and hospitable locals make it a popular destination for visitors.\nAnother draw for tourists is the city's population of toque macaques. These monkeys have inhabited the ruins since human occupation and have continued to thrive long after the humans departed."", 'RETRIEVAL NOTES:\n- Ranked by: popularity, positive sentiment\n- CONTRADICTION RULE: If Review Evidence contradicts the Knowledge Graph facts, you MUST treat the Knowledge Graph as the absolute ground truth.']","The main destinations in the Matara District are:

- **Coconut Tree Hill** — A viewpoint and hiking destination in the Matara District featuring a scenic view, beach, sea, mountain, and sunset view. It is suitable for photography, sunset watching, and viewpoint visits, and offers road access.
- **Hiriketiya Beach** — A beach destination in the Matara District suitable for swimming, surfing, and relaxing. It features a sandy beach, waves, restaurants, accommodation, and is noted for its peacefulness, cleanliness, and family friendliness.
- **Jungle Beach** — A beach destination in the Matara District suitable for swimming and snorkelling. It features a trail, rock formation, forest, and sea, and is noted for its peacefulness, cleanliness, and public transport access.
- **Mirissa Beach** — A beach destination in the Matara District suitable for swimming, surfing, relaxing, and sunset watching. It features a sandy beach, waves, restaurants, accommodation, and a scenic view.
- **Polhena Beach** — A beach destination in the Matara District suitable for swimming, relaxing, and snorkelling. It features a sandy beach, coral reef, turtles, accommodation, and sea, and is noted for its safety, peacefulness, cleanliness, and family friendliness.
- **Weligama Beach** — A beach destination in the Matara District suitable for swimming, surfing, and relaxing. It features a sandy beach, waves, restaurants, accommodation, and sea, and is noted for its safety, peacefulness, cleanliness, and family friendliness.
- **Whale Watching in Mirissa** — An activity and experience destination in the Matara District suitable for whale and dolphin watching. It features boat services, wildlife, and sea.","Main destinations in the Matara District include Coconut Tree Hill, Hiriketiya Beach, Jungle Beach, Mirissa Beach, and Polhena Beach."
Q_LOC_05,What are some notable places in the Anuradhapura District?,location_query,location_query,1.0,17.51,1.0,0.933194878134972,0.9999999999,1.0,What are some notable places in the Anuradhapura District?,"['Knowledge Graph Fact 1. Hurulu Eco Park is a National Park / Wildlife Reserve in Anuradhapura District for Safari and Elephant watching, featuring Road access, Trail, Scenic view, Weather condition, Family friendliness, Wildlife, Ticket price, Crowdedness, Local guide, Accommodation, Birds, and Elephants.\n   Supporting Evidence:\n   [1] Place: Hurulu Eco Park\nCategory: National Park / Wildlife Reserve\nLocation: Habarana, Anuradhapura District, North Central Province, Sri Lanka\nSource: Wikipedia Article\n\nDESTINATION: Hurulu Eco Park\nTYPE: National Park / Wildlife Reserve\nLOCATION: Habarana, Anuradhapura District, North Central Province, Sri Lanka\nCOORDINATES: 8.0581698, 80.7701177\nADDRESS: Entrance Hurulu Eco Park, Kandy Road, Habarana, Anuradhapura District, North Central Province, 50150, Sri Lanka\n\nHurulu Eco Park is a national park / wildlife reserve located in Anuradhapura District. It is a travel destination in Sri Lanka.\nAddress: Entrance Hurulu Eco Park, Kandy Road, Habarana, Anuradhapura District, North Central Province, 50150, Sri Lanka\nKnowledge Graph Fact 2. Jaya Sri Maha Bodhi is a Religious Site in Anuradhapura District for Ancient city visit and Pilgrimage, featuring Temple, Buddha statue, Peacefulness, and Crowdedness.\n   Supporting Evidence:\n   [1] Place: Jaya Sri Maha Bodhi\nRating: 5 stars\nTitle: Jaya Sri Maha Bodhiya Anuradhapa Anuradhapura is the best and noblest place. If you look at it, it is very beautiful\nSource: Visitor Review\n\nJaya Sri Maha Bodhiya Anuradhapa Anuradhapura is the best and noblest place. If you look at it, it is very beautiful.....\n   [2] Place: Jaya Sri Maha Bodhi\nCategory: Religious Site\nLocation: Anuradhapura, Anuradhapura District, North Central Province, Sri Lanka\nSource: Wikipedia Article\n\nHistory\nKnowledge Graph Fact 3. Mihintale is a Religious Site in Anuradhapura District for Religious visit, Ancient city visit, and Sunset watching, featuring Rock formation, Scenic view, Stairs, Stupa, Temple, Weather condition, Ancient ruins, Buddha statue, Ticket price, Mountain, Local guide, Sculptures, and Sunset view.\n   Supporting Evidence:\n   [1] Place: Mihintale\nCategory: Religious Site\nLocation: Mihintale, Anuradhapura District, North Central Province, Sri Lanka\nSource: Wikipedia Article\n\nThe Mihintale Inscriptions are a collection of inscriptions found in Mihinthale, Sri Lanka, that date back to the third century BCE to the 10th century CE. During this time, the kingdom of Anuradhapura was flourishing. After the 10th century, no inscriptions have been found in Mihinthale, possibly due to the migration of the kingdom from Anuradhapura to Polonnaruwa.\nKnowledge Graph Fact 4. Ritigala Forest Monastery is a Religious Site in Anuradhapura District for Hiking and Ruins exploration, featuring Road access, Trail, Ancient ruins, Peacefulness, Ticket price, Mountain, Public transport access, Local guide, Value for money, Entrance fee, and Forest.\n   Supporting Evidence:\n   [1] Place: Ritigala Forest Monastery\nRating: 5 stars\nTitle: Hidden city\nSource: Visitor Review\n\nRitigala is a Strict nature reserve. In this area having 366 buildings foundations. All these buildings had water supply. The tower and well where pump the the water to the tower now also you can see. There are granite pipes goes to the different ways. This is a monastery but really this mountain range belongs to the Yakka tribe. This could be a there war base. There are having a very big swimming pool. Water surface 1.2 Hectares and the depth is nearly 18 meters. Now it is under renovation.\n   [2] Place: Ritigala Forest Monastery\nCategory: Religious Site\nLocation: Alagollewa, Anuradhapura District, North Central Province, Sri Lanka\nSource: Wikipedia Article\n\nIts elevation is higher than the other main tourist attractions of the north central plains, namely Sigiriya, Dambulla, and Mihintale. The significance of this topographical feature lies in the abrupt sheerness of the massif, its wooded slopes, and the wet microclimate at the summit.\nKnowledge Graph Fact 5. Ruwanweli Maha Seya is a Religious Site in Anuradhapura District for Religious visit and Ancient city visit, featuring Stupa, Temple, Weather condition, Buddha statue, Peacefulness, and Crowdedness.\n   Supporting Evidence:\n   [1] Place: Ruwanweli Maha Seya\nCategory: Religious Site\nLocation: Anuradhapura, Anuradhapura District, North Central Province, Sri Lanka\nSource: Wikipedia Article\n\nDESTINATION: Ruwanweli Maha Seya\nTYPE: Religious Site\nLOCATION: Anuradhapura, Anuradhapura District, North Central Province, Sri Lanka\nCOORDINATES: 8.350051, 80.3963636\nADDRESS: Ruwanweli Maha Seya, 992W+2G9,, Abhayawewa Road, S A C R E T   C I T Y, Anuradhapura, Anuradhapura District, North Central Province, 50000, Sri Lanka\nDESCRIPTION: Buddhist stupa in Anuradhapura, Sri Lanka\nSOURCE: https://en.wikipedia.org/wiki/Ruwanwelisaya', 'Place: Twin Baths (Kuttam Pokuna)\nRating: 4 stars\nTitle: interesting ancient engineering\nSource: Visitor Review\n\nIncluded in the general entrance fee for Anuradhapura city complex this is an interesting short attraction visit. You will only take a few minutes to view this pair of bathing pools and marvel at the sophistication in engineering achieved over 2000 years ago. A number of market stalls adjacent and one or two beggars in the area. Public toilets (rare occurrence in Anuradhapura) 50 metres away and whilst not luxurious are usable for 20 rupees. Not a must do but worth stopping if passing.', 'Place: Abhayagiri Dagaba\nRating: 5 stars\nTitle: Awesome Place\nSource: Visitor Review\n\nActually I visited this place after 15 year. After seeing this gigantic pagoda I feel it is proud to be a Srilankan. So I invite those who visiting Anuradhapura to be here.', 'Place: Nine Arches BridgeSomeone from this business manages the listing.\nRating: 5 stars\nTitle: Amazing\nSource: Visitor Review\n\nThe Nine Arches Bridge also known as Bridge in the sky is located between Ella and Demodara railway station. Train ride on this bridge is one of the breathtaking experience. This viaduct Bridge is constructed during British colonial era and still stand strongly. In Sinhala, its popularly known as ආරුක්කු නමයේ පාලම / දෙමෝදර පාලම. The surrounded greeneries and historical value has made it one of the top tourist attractions in Ella. There is small trek about 30 minutes to reach the Bridge. A must', 'RETRIEVAL NOTES:\n- Ranked by: popularity, historical significance\n- CONTRADICTION RULE: If Review Evidence contradicts the Knowledge Graph facts, you MUST treat the Knowledge Graph as the absolute ground truth.']","The Anuradhapura District is home to several significant historical, religious, and natural sites. Here are the notable places located within the district:

- **Hurulu Eco Park** — A national park and wildlife reserve in the Anuradhapura District suitable for safari and elephant watching, featuring wildlife, birds, and scenic views, with road access and local guides available.

- **Jaya Sri Maha Bodhi** — A religious site in the Anuradhapura District used for pilgrimages and visiting the ancient city, characterized by its temple and Buddha statue, known for its peacefulness.

- **Mihintale** — A religious site in the Anuradhapura District featuring ancient ruins, rock formations, a mountain setting, a stupa, temple, and sculptures, ideal for religious visits, exploring the ancient city, and sunset watching, with stairs and local guides available.

- **Ritigala Forest Monastery** — A religious site in the Anuradhapura District set on a mountain, offering opportunities for hiking and exploring ancient ruins within a forest environment, accessible via road and public transport with local guides available.

- **Ruwanweli Maha Seya** — A religious site in the Anuradhapura District featuring a stupa and temple, commonly visited for religious purposes and to explore the ancient city, known for its peacefulness.

- **Twin Baths (Kuttam Pokuna)** — An ancient site consisting of a pair of bathing pools, offering a brief visit to observe historical engineering.

- **Abhayagiri Dagaba** — A religious site in Anuradhapura featuring a gigantic pagoda, visited as part of the ancient city complex.","Notable places in the Anuradhapura District include Hurulu Eco Park, Jaya Sri Maha Bodhi, Mihintale, Ritigala Forest Monastery, and Ruwanweli Maha Seya."
Q_LOC_06,What are the main attractions in the Colombo District?,location_query,location_query,1.0,12.53,0.90625,0.999999566667698,0.9999999999,1.0,What are the main attractions in the Colombo District?,"['Knowledge Graph Fact 1. Beddegana Wetland Park is a Wetland / Nature Park in Colombo District for Relaxing, Photography, and Bird watching, featuring Trail, Scenic view, Peacefulness, Family friendliness, Ticket price, Cleanliness, Service quality, Birds, and Lake.\nKnowledge Graph Fact 2. Colombo Lotus Tower is a Landmark / Tower in Colombo District for Viewpoint visit, featuring Scenic view, Family friendliness, Ticket price, Value for money, Food quality, Restaurants, Service quality, Entrance fee, and Viewpoint.\n   Supporting Evidence:\n   [1] Place: Colombo Lotus Tower\nRating: 5 stars\nTitle: . Colombo Lotus Tower: Spiritual Revelation, Wisdom and Nirvana in the Image of a TV Tower\nSource: Visitor Review\n\nLikewise, beings born in one world of sansars but sincerely practicing the teachings of the Buddha are able to rid themselves of the shadows over time. And so I was not at all surprised to learn that one of the main must-sees of Sri Lanka\'s capitals is called the Colombo Lotus Tower. All because the design of this majestic structure was inspired by the lotus flower. You can easily find it in almost the centre of Colombo, on the promenade of Lake Beira. It is there that the 356-meter-long\n   [2] Place: Colombo Lotus Tower\nRating: 4 stars\nTitle: Fun\nSource: Visitor Review\n\nAppreciate foreign tourists extra cost but that\'s ok for us, not so for those with low wages or low income countries. Observation Deck has a good view over the city. Place cards on important sites but would be helpful if showed on a wider map to help spotting. Did the digital experience after which was fun and nice quick history too from Portuguese invasion onwards then more about colombo before doing interactive part. Worth it even though yiu can do something similar in most capitals and big\nKnowledge Graph Fact 3. Colombo National Museum is a Museum in Colombo District for Museum visit, featuring Weather condition, Family friendliness, Ticket price, Museum, and Colonial architecture.\n   Supporting Evidence:\n   [1] Place: Colombo National Museum\nCategory: Museum\nLocation: Colombo, Colombo District, Western Province, Sri Lanka\nSource: Wikipedia Article\n\nThe Colombo National Museum, also known as the Sri Lanka National Museum, is a museum in Colombo and the largest in Sri Lanka. Founded in 1877 and maintained by the Department of National Museums, it holds collections of significant importance to Sri Lanka, such as the regalia of the Kandyan monarchs, as well as many other exhibits relating the country\'s cultural and natural heritage.\n   [2] Place: Colombo National Museum\nRating: 5 stars\nTitle: must visit\nSource: Visitor Review\n\nThe Colombo National Museum offers an enriching experience with its vast collection of Sri Lankan art, history, and culture. Highlights include ancient sculptures, royal artifacts, and traditional costumes. The museum’s informative displays provide a deep insight into the island’s heritage. A must-visit for history enthusiasts and traveler alike.\nKnowledge Graph Fact 4. Dehiwala Zoo - Sri Lanka is a Zoo / Wildlife Attraction in Colombo District for Relaxing, featuring Family friendliness, Wildlife, Ticket price, Cleanliness, Crowdedness, Food quality, Entrance fee, Birds, Elephants, and Souvenir stalls.\nKnowledge Graph Fact 5. Diyatha Uyana is a Garden / Park in Colombo District for Relaxing and Shopping, featuring Trail, Scenic view, Family friendliness, Cleanliness, Crowdedness, Food quality, Restaurants, Shops, Lake, Souvenir stalls, Market, and Parking.\nKnowledge Graph Fact 6. Galle Face Green is an Urban Park / Promenade in Colombo District for Relaxing, Sunset watching, and Street food tasting, featuring Scenic view, Family friendliness, Cleanliness, Crowdedness, Beach, Food quality, Accommodation, Sea, Sunset view, and Souvenir stalls.\n   Supporting Evidence:\n   [1] Place: Galle Face Green\nRating: 5 stars\nTitle: nice\nSource: Visitor Review\n\nGalle Face Green is one of the most popular picnic attractions in Colombo The place received considerable footfall, especially on weekends\nKnowledge Graph Fact 7. Galle Face Hotel is a Hotel in Colombo District.\nKnowledge Graph Fact 8. Gangaramaya Temple is a Religious Site in Colombo District for Temple visit, featuring Temple, Buddha statue, Peacefulness, Ticket price, Museum, Sculptures, Entrance fee, and Lake.\n   Supporting Evidence:\n   [1] Place: Gangaramaya Temple\nRating: 5 stars\nTitle: Good attraction in Colombo\nSource: Visitor Review\n\nGangaramaya Temple is one of the oldest Buddhist temples in Colombo. It features several chambers, statues, a vihara temple, Bodhi tree and assembly hall for monks. As you wander through the Gangaramaya you’ll see massive collections of Buddha statues and gold vintage stuff, furniture etc so marvel at the craftmanshipYou need to leave shoes,hats in the free counter before entry.Avoid sleevless and knees need to be coveredAvoid showing Back to Buddha as it is not liked by priests.Timings: 05:30\nKnowledge Graph Fact 9. Independence Memorial Hall is a Memorial / Landmark in Colombo District for Shopping and Photography, featuring Peacefulness, Cleanliness, and Sculptures.\nKnowledge Graph Fact 10. Jami Ul-Alfar Mosque is a Religious Site in Colombo District for Religious visit and Photography, featuring Crowdedness, Market, and Mosque.\n   Supporting Evidence:\n   [1] Place: Jami Ul-Alfar Mosque\nRating: 5 stars\nTitle: Jami Ul-Alfar Mosque: the fairytale sacred “palace” of the Colombo shopping district\nSource: Visitor Review\n\nmakes you forget everything in the world... I\'m talking about the Jami ul Alfar mosque. In non-Russian-speaking sources you will find the name of this cult building under other ""nicknames"" as well: Jami Ul-Alfar Mosque, Sammankodu Pallivasal, Samman Kottu Palli, Rathu Palliya, Red Masjid, Red Mosque etc. And it is all the same temple, located in the very ""heart"" of Pettah. The contrast is surprising and difficult to convey in words: the characteristic sounds of the Oriental bazaar, the', ""Place: Mirissa Beach\nCategory: Beach\nLocation: Mirissa, Matara District, Southern Province, Sri Lanka\nSource: Wikipedia Article\n\nMirissa (Sinhala: මිරිස්ස, romanized: Mirissa; Tamil: மிரிஸ்ஸ, romanized: Miris'sa) is a small town on the south coast of Sri Lanka, located in the Matara District of the Southern Province. It is approximately 150 kilometres (93 mi) south of Colombo and is situated at an elevation of 4 metres (13 ft) above sea level. Mirissa's beach and nightlife make it a popular tourist destination. It is also a fishing port and one of the island's main whale and dolphin watching locations."", 'Place: Old Parliament Building\nRating: 4 stars\nTitle: Great monument in Colombo\nSource: Visitor Review\n\nColombo fort area and it is built in Neo-Boroque style', 'RETRIEVAL NOTES:\n- Ranked by: popularity, positive sentiment\n- CONTRADICTION RULE: If Review Evidence contradicts the Knowledge Graph facts, you MUST treat the Knowledge Graph as the absolute ground truth.']","The main attractions in the Colombo District include a variety of cultural, historical, and recreational sites:

- **Beddegana Wetland Park** — A wetland and nature park in the Colombo District suitable for relaxing, photography, and bird watching, featuring a trail, scenic view, peacefulness, family friendliness, cleanliness, service quality, birds, and a lake.
- **Colombo Lotus Tower** — A landmark and tower in the Colombo District offering viewpoint visits with a scenic view, family friendliness, ticket price, value for money, food quality, restaurants, service quality, and an entrance fee.
- **Colombo National Museum** — A museum in the Colombo District known for its colonial architecture, offering a museum visit that is suitable for all weather conditions and family friendliness, with a ticket price for entry.
- **Dehiwala Zoo** — A zoo and wildlife attraction in the Colombo District ideal for relaxing, featuring family friendliness, wildlife, ticket price, cleanliness, crowdedness, food quality, an entrance fee, birds, elephants, and souvenir stalls.
- **Diyatha Uyana** — A garden and park in the Colombo District ideal for relaxing and shopping, featuring a trail, scenic view, family friendliness, cleanliness, crowdedness, food quality, restaurants, shops, a lake, souvenir stalls, a market, and parking.
- **Galle Face Green** — An urban park and promenade in the Colombo District popular for relaxing, sunset watching, and street food tasting, featuring a scenic view, family friendliness, cleanliness, crowdedness, a beach, food quality, accommodation, the sea, a sunset view, and souvenir stalls.
- **Galle Face Hotel** — A hotel located within the Colombo District.
- **Gangaramaya Temple** — A religious site in the Colombo District featuring a temple, Buddha statue, peacefulness, ticket price, a museum, sculptures, an entrance fee, and a lake.
- **Independence Memorial Hall** — A memorial and landmark in the Colombo District known for its sculptures, offering a peaceful environment, cleanliness, and space for photography and shopping.
- **Jami Ul-Alfar Mosque** — A religious site in the Colombo District located in the heart of the Pettah market district, popular for religious visits and photography, featuring a mosque, crowdedness, and a market.
- **Old Parliament Building** — A monument located in the Colombo Fort area, constructed in the Neo-Baroque style.","Main attractions in the Colombo District include Beddegana Wetland Park, Colombo Lotus Tower, Colombo National Museum, Dehiwala Zoo - Sri Lanka, and Diyatha Uyana."
Q_LOC_07,What are the best spots to visit in the Trincomalee District?,location_query,location_query,1.0,11.91,0.84,0.9754414620136644,0.9999999999,1.0,What are the best spots to visit in the Trincomalee District?,"['Knowledge Graph Fact 1. Fort Frederick is a Fort / Historic Site in Trincomalee District for Temple visit and Fort visit, featuring Road access, Rock formation, Scenic view, Temple, Mountain, Beach, Sea, Fort, and Hindu shrine.\n   Supporting Evidence:\n   [1] Place: Fort Frederick\nRating: 5 stars\nTitle: A real good visit to the Deutsche fort.\nSource: Visitor Review\n\nA very refreshing and pleasant trip up to the fort until the very colored temple. The visitors are also very nice.\nKnowledge Graph Fact 2. Kanniya Hot Springs is a Hot Springs location in Trincomalee District, featuring Weather condition, Ticket price, Cleanliness, Crowdedness, and Entrance fee.\n   Supporting Evidence:\n   [1] Place: Kanniya Hot Springs\nCategory: Hot Springs\nLocation: Kanniya, Trincomalee District, Eastern Province, Sri Lanka\nSource: Wikipedia Article\n\nDESTINATION: Kanniya Hot Springs\nTYPE: Hot Springs\nLOCATION: Kanniya, Trincomalee District, Eastern Province, Sri Lanka\nCOORDINATES: 8.6184026, 81.1671242\nADDRESS: Kanniya, Trincomalee District, Eastern Province, 31000, Sri Lanka\nDESCRIPTION: Thermal Springs in Sri Lanka\nSOURCE: https://en.wikipedia.org/wiki/Kanniya_Hot_Springs\nKnowledge Graph Fact 3. Marble Beach is a Beach in Trincomalee District for Swimming, featuring Safety, Scenic view, Peacefulness, Family friendliness, Ticket price, Cleanliness, Crowdedness, Beach, Food quality, Restaurants, Accommodation, Service quality, Sea, and Sandy beach.\nKnowledge Graph Fact 4. Nilaveli Beach is a Beach in Trincomalee District for Swimming and Relaxing, featuring Peacefulness, Cleanliness, Crowdedness, Beach, Waves, Restaurants, Accommodation, Sea, and Sandy beach.\n   Supporting Evidence:\n   [1] Place: Nilaveli Beach\nCategory: Beach\nLocation: Irakkandi, Trincomalee District, Eastern Province, Sri Lanka\nSource: Wikipedia Article\n\nSee also\nKoneswaram temple\nUppuveli - Trincomalee District\nKankesanthurai - Jaffna District\nPasikudah - Batticaloa District\nKalkudah - Batticaloa District\nArugam Bay - Ampara District\n\n\nReferences\n\n\nFurther reading\nGunasingham, S. (1975). ""A Tamil slab inscription at Nilaveli"". 1 (1). Colombo: The Ceylon Journal of the Humanities: 61–71. {{cite journal}}: Cite journal requires |journal= (help)\nKnowledge Graph Fact 5. Trincomalee Beach is a Beach in Trincomalee District for Swimming and Relaxing, featuring Safety, Scenic view, Temple, Weather condition, Peacefulness, Family friendliness, Cleanliness, Crowdedness, Beach, Accommodation, Sea, Sandy beach, and Hindu shrine.\n   Supporting Evidence:\n   [1] Place: Trincomalee Beach\nRating: 5 stars\nTitle: Beach\nSource: Visitor Review\n\nA nice place to spend the day on the beach.enjoyed the sunrise and also it\'s very close from Tobiko Trincomalee.just 5 Minutes walk\n   [2] Place: Trincomalee Beach\nRating: 5 stars\nTitle: The beach is excellent and exotic.\nSource: Visitor Review\n\nThe Trincomalee beach is one of the most beautiful and exotic I have ever seen. And I have traveled a lot in my life (35 countries, including Peru, India, Majorka and Ibiza...). Hotels need a lot to answer to this standard and, as everywhere in Sri Lanka tourist industry workers need a lot of work and education. Activities are quite good, e.g. dolphin watching (not a must) and exceptional, e.g. Pigeon Island snorkeling ( a must). We were not very lucky to see black rock sharks (not dangerous,\nKnowledge Graph Fact 6. Trincomalee War Cemetery is a Memorial / Cemetery in Trincomalee District, featuring Road access, Peacefulness, and Cleanliness.\n   Supporting Evidence:\n   [1] Place: Trincomalee War Cemetery\nCategory: Memorial / Cemetery\nLocation: Alles Garden, Trincomalee District, Eastern Province, Sri Lanka\nSource: Wikipedia Article\n\nHere is the list of some headstones:\n   [2] Place: Trincomalee War Cemetery\nRating: 5 stars\nTitle: Beautifully maintained as always\nSource: Visitor Review\n\nThere are some very interesting headstones and some unusual histories. Well worth the trip. Reasonably easy to find\nKnowledge Graph Fact 7. Uppuveli Beach is a Beach in Trincomalee District for Swimming, Relaxing, and Fishing, featuring Safety, Peacefulness, Cleanliness, Crowdedness, Beach, Waves, Food quality, Restaurants, Accommodation, Sea, Sandy beach, and Boat service.', 'RETRIEVAL NOTES:\n- Ranked by: positive sentiment, popularity\n- CONTRADICTION RULE: If Review Evidence contradicts the Knowledge Graph facts, you MUST treat the Knowledge Graph as the absolute ground truth.']","The best places to visit in the Trincomalee District are:

- **Fort Frederick** — This historic site in the Trincomalee District features a fort, a temple, and a Hindu shrine. Visitors can enjoy road access while taking in the scenic view, mountain, beach, sea, and rock formation.
- **Kanniya Hot Springs** — Located in the Trincomalee District, this hot springs site is influenced by weather conditions and requires an entrance fee. Visitors often note the cleanliness and crowdedness of the area.
- **Marble Beach** — A sandy beach in the Trincomalee District perfect for swimming. It is known for its peacefulness, family friendliness, and scenic view, with restaurants, accommodation, and food quality available on-site. The area is also noted for its cleanliness, sea, and ticket price.
- **Nilaveli Beach** — This sandy beach in the Trincomalee District is ideal for swimming and relaxing. It features waves, restaurants, and accommodation, and is often noted for its peacefulness, cleanliness, and sea.
- **Trincomalee Beach** — A sandy beach in the Trincomalee District used for swimming and relaxing. It features a temple, a Hindu shrine, and nearby accommodation. Visitors can enjoy the scenic view, sea, and peacefulness, though conditions can vary based on weather, cleanliness, and crowdedness.
- **Trincomalee War Cemetery** — A memorial and cemetery in the Trincomalee District known for its peacefulness and cleanliness. It offers easy road access for visitors.
- **Uppuveli Beach** — A sandy beach in the Trincomalee District used for swimming, relaxing, and fishing. It features waves, boat services, restaurants, and accommodation. The area is noted for its cleanliness, sea, and peacefulness, with varying levels of crowdedness.","The best spots to visit in the Trincomalee District include Fort Frederick, Kanniya Hot Springs, Marble Beach, Nilaveli Beach, and Trincomalee Beach."
Q_LOC_08,What is there to explore in the Badulla District?,location_query,location_query,1.0,14.73,0.7333333333333333,0.88076348221948,0.9999999999,1.0,What is there to explore in the Badulla District?,"[""Knowledge Graph Fact 1. Bambarakanda Falls is a waterfall located in Badulla District.\nKnowledge Graph Fact 2. Bogoda Wooden Bridge is a heritage site in Badulla District for Temple visit, featuring Road access, River, Stairs, Temple, Public transport access, Bridge, Cave, and Cave temple.\n   Supporting Evidence:\n   [1] Place: Bogoda Wooden Bridge\nRating: 5 stars\nTitle: Amazing Wooden Bridge\nSource: Visitor Review\n\nRoad was some what in poor condition. Bridge and the temple is wonderful. Wooden work is amazing and the surrounding environment increase the beauty of it.\nKnowledge Graph Fact 3. Demodara Loop is an engineering landmark in Badulla District for Train ride, featuring Road access, Trail, Scenic view, Ticket price, Mountain, Public transport access, and Bridge.\nKnowledge Graph Fact 4. Diyaluma Falls is a waterfall in Badulla District for Waterfall visit, Swimming, Hiking, and Photography, featuring Waterfall, Road access, Trail, Rock formation, Safety, Scenic view, Weather condition, Public transport access, and Local guide.\n   Supporting Evidence:\n   [1] Place: Diyaluma Falls\nRating: 4 stars\nTitle: Beautiful waterfall!\nSource: Visitor Review\n\nWe made a detour from Wellawaya in our rental car and were not disappointed. The waterfall is beautiful! It's a quiet place, so you can enjoy a picknick without being bothered by local people or crowds of touristst. On this topic we read other comments of other people who made a walk to the top of the falls. When you have time, try it. The waterfalles are on the edge of the escparment and the views into the lowlands must be great.\n   [2] Place: Diyaluma Falls\nCategory: Waterfall\nLocation: Diyaluma, Badulla District, Uva Province, Sri Lanka\nSource: Wikipedia Article\n\nDiyaluma Falls is 220 m (720 ft) high and the second highest waterfall in Sri Lanka and 619th highest waterfall in the world. It is situated 6 km (3.7 mi) away from Koslanda in Badulla District on Colombo-Badulla highway. The falls are formed by Punagala Oya, a tributary of Kuda Oya which in turn, is a tributary of Kirindi Oya.\nKnowledge Graph Fact 5. Dunhinda Falls is a waterfall located in Badulla District.\n   Supporting Evidence:\n   [1] Place: Dunhinda FallsUnclaimedIf you own this business, claim it for free now to update business info, respond to reviews, and more.Claim this listing\nRating: 5 stars\nTitle: waterfall\nSource: Visitor Review\n\nit is a really nice walk through small pathway and reach to Dunhida fall. it is breath taking and iconic waterfall in Badulla. about 3 miles away from Badulla city. about 30 min walk to reach there\n   [2] Place: Dunhinda Falls\nCategory: Waterfall\nLocation: Badulla, Badulla District, Uva Province, Sri Lanka\nSource: Wikipedia Article\n\nTourist attraction\nToday, Dunhinda Falls remains one of the most popular tourist attractions in Sri Lanka. Both local and foreign tourists flock here throughout the year. The best time to see the waterfall at its most beautiful is from November to March, when the water level is at its highest. The surrounding area, filled with birdsong and lush greenery, offers a truly enchanting experience.\nKnowledge Graph Fact 6. Ella Rock is a viewpoint and hiking location in Badulla District for Hiking, featuring Waterfall, Trail, Rock formation, Scenic view, Weather condition, Ticket price, Mountain, Local guide, Bridge, Tea plantation, Viewpoint, and Signage.\n   Supporting Evidence:\n   [1] Place: Ella Rock\nCategory: Viewpoint / Hiking\nLocation: Ella, Badulla District, Uva Province, Sri Lanka\nSource: Wikipedia Article\n\nDESTINATION: Ella Rock\nTYPE: Viewpoint / Hiking\nLOCATION: Ella, Badulla District, Uva Province, Sri Lanka\nCOORDINATES: 6.8550355, 81.0523841\nADDRESS: Ella Rock, Ella, Badulla District, Uva Province, 90900, Sri Lanka\nSOURCE: https://en.wikipedia.org/w/index.php?search=Ella%20Rock%20Sri%20Lanka\n\nElla Rock is a viewpoint / hiking located in Badulla District. It is a travel destination in Sri Lanka.\nAddress: Ella Rock, Ella, Badulla District, Uva Province, 90900, Sri Lanka\nKnowledge Graph Fact 7. Lipton’s Seat is a viewpoint and hiking location in Badulla District for Photography, Viewpoint visit, Tea factory visit, and Sunrise watching, featuring Road access, Scenic view, Weather condition, Ticket price, Mountain, Public transport access, Tea plantation, Viewpoint, and Sunrise view.\nKnowledge Graph Fact 8. Little Adam's Peak View Point is a viewpoint and hiking location in Badulla District for Hiking, Photography, Sunrise watching, and Ziplining, featuring Trail, Rock formation, Scenic view, Stairs, Weather condition, Mountain, Tea plantation, and Sunrise view.\nKnowledge Graph Fact 9. Maduru Oya National Park is a national park and wildlife reserve in Badulla District for Safari and Elephant watching, featuring Road access, Scenic view, Wildlife, Crowdedness, Birds, Lake, and Elephants.\n   Supporting Evidence:\n   [1] Place: Maduru Oya National Park\nCategory: National Park / Wildlife Reserve\nLocation: Badulla District, Uva Province, Sri Lanka\nSource: Wikipedia Article\n\nMaduru Oya National Park is one of the four national parks designated under the Mahaweli Development Project. The other three are Wasgamuwa, Flood Plains, and Somawathiya. An ancient sluice on the old ruptured earthen bund of the Maduru Oya was discovered in the 1980s. The sluice made up of stone slabs and bricks, is about 30 feet (9.1 m) high, 30 feet (9.1 m) wide and 219 feet (67 m) long. The upper sluice was built in two phases, the first of which dates to before the 6th century BC. The lower sluice is believed to be older than that. Buddhist ruins of shrines, temples, dagobas, statues,\nKnowledge Graph Fact 10. Nine Arches Bridge is an engineering landmark located in Badulla District.\n   Supporting Evidence:\n   [1] Place: Nine Arches BridgeSomeone from this business manages the listing.\nRating: 5 stars\nTitle: Definitely worth a visit but beware!\nSource: Visitor Review\n\nfork with no sign in the middle of the hill, take the left fork that will bring you through a muddy path and keeps walking for another five min or so before you can see the bridge below you on the far left. I was told there are other ways to get there but this path brings you to the classic instagram shot of the bridge when the train hits.2) If you choose to take this path, then beware of a very slippery muddy slope. It was drizzling when we were in the middle of walking toward the nine arch"", 'Place: Bentota Beach\nRating: 4 stars\nTitle: great beach walking\nSource: Visitor Review\n\nthe sand was so fine that it was firm to walk on. It was very quite and to walk. Along the beach there are scattered places for you to stop and have a refreshment and at the end you can explore the jungle river in a local boat for an hour or 2.', 'Place: Kaudulla National Park\nRating: 5 stars\nTitle: Wow\nSource: Visitor Review\n\nrestricted. This was a very enjoyable visit and certainly gave us a taste of what we could expct when visiting Yala later on during our tour.', 'RETRIEVAL NOTES:\n- Ranked by: popularity, positive sentiment\n- CONTRADICTION RULE: If Review Evidence contradicts the Knowledge Graph facts, you MUST treat the Knowledge Graph as the absolute ground truth.']","The Badulla District offers a variety of natural landmarks, engineering marvels, and cultural heritage sites to explore.

- **Bambarakanda Falls** — A waterfall located within the Badulla District.

- **Bogoda Wooden Bridge** — A heritage site in the Badulla District featuring a bridge, a temple, and a cave temple, accessible by road and public transport, with a river and stairs nearby.

- **Demodara Loop** — An engineering landmark in the Badulla District that offers a train ride and scenic mountain views, with access via road, trail, and public transport, including a bridge.

- **Diyaluma Falls** — A waterfall in the Badulla District that is a destination for waterfall visits, swimming, hiking, and photography, featuring trails, rock formations, and scenic views, with road and public transport access. Local guides are available, though visitors should be mindful of weather conditions and safety.

- **Dunhinda Falls** — An iconic waterfall located in the Badulla District about 3 miles from Badulla city, reachable via a 30-minute walk along a small pathway. It is most beautiful from November to March when water levels are at their highest.

- **Ella Rock** — A viewpoint and hiking destination in the Badulla District featuring tea plantations, mountain scenery, waterfalls, trails, rock formations, and a bridge. The area includes signage and viewpoints, and local guides are available, though visitors should consider weather conditions and ticket prices.

- **Lipton’s Seat** — A location in the Badulla District for photography, viewpoint visits, tea factory tours, and sunrise watching, situated in a mountain setting with tea plantations and scenic views. It is accessible by road and public transport, and visitors should be aware of weather conditions and ticket prices.

- **Little Adam's Peak View Point** — A site in the Badulla District for hiking, photography, sunrise watching, and ziplining, featuring trails, stairs, tea plantations, rock formations, and scenic views. Visitors should be mindful of weather conditions and the mountain terrain.

- **Maduru Oya National Park** — A national park and wildlife reserve in the Badulla District known for safari activities, elephant watching, and bird sightings, featuring a lake, scenic views, and road access.

- **Nine Arches Bridge** — An engineering landmark in the Badulla District that can be reached via a path through the hills.","In the Badulla District, you can explore Bambarakanda Falls, Bogoda Wooden Bridge, Demodara Loop, Diyaluma Falls, and Dunhinda Falls."
Q_LOC_09,Which places should I visit in the Monaragala District?,location_query,location_query,1.0,12.38,0.9,0.8617383148382028,0.9999999999,1.0,Which places should I visit in the Monaragala District?,"[""Knowledge Graph Fact 1. Buduruwagala Temple is a Religious Site in Monaragala District for Temple visit, featuring Road access, Trail, Rock formation, Scenic view, Temple, Buddha statue, Peacefulness, Ticket price, Sculptures, and Lake.\n   Supporting Evidence:\n   [1] Place: Buduruwagala Temple\nCategory: Religious Site\nLocation: Nikapitiya, Monaragala District, Uva Province, Sri Lanka\nSource: Wikipedia Article\n\nDESTINATION: Buduruwagala Temple\nTYPE: Religious Site\nLOCATION: Nikapitiya, Monaragala District, Uva Province, Sri Lanka\nCOORDINATES: 6.6848766, 81.0793976\nADDRESS: Buduruwagala Rajamaha Viharaya, Buduruwagala Road, Nikapitiya, Monaragala District, Uva Province, Sri Lanka\nDESCRIPTION: Ancient Buddhist temple in Monaragala, Sri Lanka\nSOURCE: https://en.wikipedia.org/wiki/Buduruvagala\nKnowledge Graph Fact 2. Kataragama Temple is a Religious Site in Monaragala District for Temple visit and Pilgrimage, featuring Temple, Peacefulness, Crowdedness, and Hindu shrine.\n   Supporting Evidence:\n   [1] Place: Kataragama Temple\nCategory: Religious Site\nLocation: Kataragama, Monaragala District, Uva Province, Sri Lanka\nSource: Wikipedia Article\n\nDESTINATION: Kataragama Temple\nTYPE: Religious Site\nLOCATION: Kataragama, Monaragala District, Uva Province, Sri Lanka\nCOORDINATES: 6.3872525, 81.3359797\nADDRESS: Thakshina Kailaya Sivan Temple, Old Wedihitikanda Road, Kataragama, Monaragala District, Uva Province, 91400, Sri Lanka\nDESCRIPTION: Temple complex in Kataragama, Sri Lanka\nSOURCE: https://en.wikipedia.org/wiki/Kataragama_Temple\n   [2] Place: Kataragama Temple\nRating: 1 stars\nTitle: Visit only if you are a foreigner\nSource: Visitor Review\n\nI recommend this place only for foreigners. Since it will give them a different experience and but keep in mind this place is money oriental and don't know how you will handle if you go there alone. (for foreigners). 10-15 years back this place was nice and quite. very peaceful to be around but now you can't even park your vehicle in the car park if you are not buying from their shop. Now the place is ruined. Don't go on peak times it get supper crowded. (Peak month are probably the school\nKnowledge Graph Fact 3. Lunugamvehera National Park is a National Park / Wildlife Reserve in Monaragala District for Safari and Jeep safari, featuring Scenic view, Peacefulness, Wildlife, Ticket price, Crowdedness, Local guide, Birds, Lake, Elephants, Forest, and Leopards.\n   Supporting Evidence:\n   [1] Place: Lunugamvehera National Park\nCategory: National Park / Wildlife Reserve\nLocation: Monaragala District, Uva Province, Sri Lanka\nSource: Wikipedia Article\n\nDESTINATION: Lunugamvehera National Park\nTYPE: National Park / Wildlife Reserve\nLOCATION: Monaragala District, Uva Province, Sri Lanka\nCOORDINATES: 6.4807205, 81.2030468\nADDRESS: Lunugamwehera National Park, Monaragala District, Uva Province, Sri Lanka\nDESCRIPTION: National park in Sri Lanka\nSOURCE: https://en.wikipedia.org/wiki/Lunugamvehera_National_Park\nKnowledge Graph Fact 4. Maligawila Buddha Statue is a Religious Site in Monaragala District for Religious visit, featuring Rock formation, Ancient ruins, Buddha statue, Sculptures, and Value for money.\n   Supporting Evidence:\n   [1] Place: Maligawila Buddha Statue\nCategory: Religious Site\nLocation: Maligawila, Monaragala District, Uva Province, Sri Lanka\nSource: Wikipedia Article\n\nDESTINATION: Maligawila Buddha Statue\nTYPE: Religious Site\nLOCATION: Maligawila, Monaragala District, Uva Province, Sri Lanka\nCOORDINATES: 6.7283447, 81.3524319\nADDRESS: Maligawila Buddha Statue, Kumbukkana - Okkampitiya - Maligawila Road, Maligawila, Monaragala District, Uva Province, Sri Lanka\nSOURCE: https://en.wikipedia.org/wiki/Maligawila_Buddha_statue\nKnowledge Graph Fact 5. Udawalawe National Park is a National Park / Wildlife Reserve in Monaragala District for Safari, featuring Wildlife, Ticket price, Local guide, Accommodation, Birds, and Elephants.\n   Supporting Evidence:\n   [1] Place: Udawalawe National Park\nCategory: National Park / Wildlife Reserve\nLocation: Monaragala District, Uva Province, Sri Lanka\nSource: Wikipedia Article\n\nBefore the designation of the national park, the area was used for shifting cultivation (chena farming). The farmers were gradually removed once the national park was declared. The park is 165 kilometres (103 mi) from Colombo. Udawalawe is an important habitat for water birds and Sri Lankan elephants. It is a popular tourist destination and the third-most visited park in the country."", 'Place: Dunhinda Falls\nCategory: Waterfall\nLocation: Badulla, Badulla District, Uva Province, Sri Lanka\nSource: Wikipedia Article\n\nTourist attraction\nToday, Dunhinda Falls remains one of the most popular tourist attractions in Sri Lanka. Both local and foreign tourists flock here throughout the year. The best time to see the waterfall at its most beautiful is from November to March, when the water level is at its highest. The surrounding area, filled with birdsong and lush greenery, offers a truly enchanting experience.', 'Place: Mulgirigala Raja Maha Vihara\nRating: 4 stars\nTitle: Fantastic\nSource: Visitor Review\n\nLots of steps, monkeys, no hassle, take your time, not surrounded by tourists so you don´t need to rush !', 'Place: Bopath Ella (Bopath Falls)\nCategory: Waterfall\nLocation: Keeragala, Ratnapura District, Sabaragamuwa Province, Sri Lanka\nSource: Wikipedia Article\n\nBopath Ella (Sinhala: බෝපත් ඇල්ල) is a waterfall situated in the Ratnapura District of Sri Lanka. It has a shape very similar to the leaf of the Sacred fig or ""Bo"" (බෝ) tree, which has earned it this name. The waterfall is a major tourist attraction in the country. Local myths say that it is haunted and that it hides a treasure trove.\n\n\nLocation\nBopath Ella is located in a village named Agalwatte in Kuruwita in the Ratnapura District of Sri Lanka.', 'Place: Ritigala Forest Monastery\nRating: 4 stars\nTitle: A very unusual and enigmatic place.\nSource: Visitor Review\n\na disabled-friendly place.The monastary itself consists of a series of clearings connected by granite tracks. The clearings contain ruins but no one really seems to know what most of them were for. Ritigala does not seem to be on the usual tourist itinery, there were several groups of Sri Lankans visiting while we were there, but we were the only westerners. Make a point of going if you can.', 'RETRIEVAL NOTES:\n- Ranked by: popularity, positive sentiment\n- CONTRADICTION RULE: If Review Evidence contradicts the Knowledge Graph facts, you MUST treat the Knowledge Graph as the absolute ground truth.']","The following tourist attractions are located within the Monaragala District:

- **Buduruwagala Temple** — This religious site features a temple, a Buddha statue, and sculptures. Visitors can enjoy the peacefulness of the area, which includes a lake, rock formations, and scenic views, and the site is accessible via road and a trail. Be sure to check the ticket price before your temple visit.
- **Kataragama Temple** — A religious site and pilgrimage destination that includes a temple and a Hindu shrine. While it is a place of peacefulness, visitors should be aware that it can experience crowdedness.
- **Lunugamvehera National Park** — This national park and wildlife reserve offers safari and jeep safari experiences to view elephants, leopards, birds, and forest landscapes. The park features a lake and scenic views, and visitors can hire a local guide. It is known for its peacefulness and low crowdedness, though you should account for the ticket price.
- **Maligawila Buddha Statue** — A religious site known for its ancient ruins, Buddha statue, sculptures, and rock formations. It is often noted for being good value for money during a religious visit.
- **Udawalawe National Park** — A national park and wildlife reserve popular for safari activities, serving as an important habitat for elephants and birds. The park provides access to local guides and nearby accommodation, and visitors should plan for the ticket price.","Places you should visit in the Monaragala District include Buduruwagala Temple, Kataragama Temple, Lunugamvehera National Park, Maligawila Buddha Statue, and Udawalawe National Park."
Q_LOC_10,What to see around the Hambantota District?,location_query,location_query,0.98,11.33,0.7142857142857143,0.8497522170426416,0.9999999999,0.6666666666666666,What to see around the Hambantota District?,"[""Knowledge Graph Fact 1. Goyambokka Beach is a beach in Hambantota District for Swimming and Relaxing, featuring Peacefulness, Family friendliness, Ticket price, Cleanliness, Crowdedness, Value for money, Beach, Waves, Food quality, Restaurants, Accommodation, Sea, and Sandy beach.\n   Supporting Evidence:\n   [1] Place: Goyambokka Beach\nCategory: Beach\nLocation: Tangalle, Hambantota District, Southern Province, Sri Lanka\nSource: Wikipedia Article\n\nDESTINATION: Goyambokka Beach\nTYPE: Beach\nLOCATION: Tangalle, Hambantota District, Southern Province, Sri Lanka\nCOORDINATES: 6.0091444, 80.7805432\nADDRESS: Goyambokka, Tangalle, Hambantota District, Southern Province, Sri Lanka\nSOURCE: https://en.wikipedia.org/w/index.php?search=Goyambokka%20Beach%20Sri%20Lanka\n\nGoyambokka Beach is a beach located in Hambantota District. It is a travel destination in Sri Lanka.\nAddress: Goyambokka, Tangalle, Hambantota District, Southern Province, Sri Lanka\nKnowledge Graph Fact 2. Hummanaya Blow Hole is a natural landmark in Hambantota District, featuring Rock formation, Scenic view, Stairs, Weather condition, Ticket price, Beach, Waves, Sea, and Entrance fee.\n   Supporting Evidence:\n   [1] Place: Hummanaya Blow Hole\nCategory: Natural Landmark\nLocation: Kudawella, Hambantota District, Southern Province, Sri Lanka\nSource: Wikipedia Article\n\nAttraction\nHummanaya is a natural blowhole and is caused when sea water rushes through a submerged cavern and is pushed upwards. The sea water flows underneath the shore and then comes out of this hole due to pressure. The water fountain created by the geological feature shoots up every couple of minutes, depending on the nature of the sea, with the spray often reaching as high as 25 m (82 ft) to 30 m (98 ft).\nThis site has now been developed as a tourist attraction, with a small visitors' information centre on marine life and a viewing platform.\n\n\nReferences\nKnowledge Graph Fact 3. Kirinda Viharaya is a religious site in Hambantota District for Temple visit, featuring Rock formation, Safety, Scenic view, Stairs, Temple, Weather condition, Buddha statue, Peacefulness, Sculptures, Beach, and Sea.\n   Supporting Evidence:\n   [1] Place: Kirinda Viharaya\nCategory: Religious Site\nLocation: Gamhatha, Kandy District, Central Province, Sri Lanka\nSource: Wikipedia Article\n\nDESTINATION: Kirinda Viharaya\nTYPE: Religious Site\nLOCATION: Gamhatha, Kandy District, Central Province, Sri Lanka\nCOORDINATES: 7.1851847, 80.58383\nADDRESS: Kirinda Viharaya (Old), Weligalla-Ganhata Rd, Gamhatha, Kandy District, Central Province, 20526, Sri Lanka\nSOURCE: https://en.wikipedia.org/w/index.php?search=Kirinda%20Viharaya%20Sri%20Lanka\n\nKirinda Viharaya is a religious site located in Kandy District. It is a travel destination in Sri Lanka.\nAddress: Kirinda Viharaya (Old), Weligalla-Ganhata Rd, Gamhatha, Kandy District, Central Province, 20526, Sri Lanka"", ""Place: Ancient City of Polonnaruwa\nRating: 4 stars\nTitle: A morning's pleasure\nSource: Visitor Review\n\nMany of the sites require visitors to remove hats and shoes, so don't go in the heat of the afternoon. The palace, government and walled city are a joy to visit if you like any of the following: history, religion, architecture, geology, tradition, communal activities."", 'Place: Bopath Ella (Bopath Falls)\nCategory: Waterfall\nLocation: Keeragala, Ratnapura District, Sabaragamuwa Province, Sri Lanka\nSource: Wikipedia Article\n\nBopath Ella (Sinhala: බෝපත් ඇල්ල) is a waterfall situated in the Ratnapura District of Sri Lanka. It has a shape very similar to the leaf of the Sacred fig or ""Bo"" (බෝ) tree, which has earned it this name. The waterfall is a major tourist attraction in the country. Local myths say that it is haunted and that it hides a treasure trove.\n\n\nLocation\nBopath Ella is located in a village named Agalwatte in Kuruwita in the Ratnapura District of Sri Lanka.', 'Place: Kelaniya Raja Maha Vihara\nRating: 5 stars\nTitle: Visited on Festive Day\nSource: Visitor Review\n\nMy entire experience turned out to be very pleasant as I met some wonderful I met there. They were all dressed in white and decorating the building with lamps and flowers. It was a vision. Not only is the building magnificent, but also the ancient carvings pique your interest.', ""Place: Yapahuwa Rock Fortress\nRating: 4 stars\nTitle: Little known must visit\nSource: Visitor Review\n\nYapahuwa is in the Kurunegala District and off the beaten track. However, it is well worth the visit. Such a tranquil area. Read the history about the place and be informed before you visit. A tour guide who was there said that it was one of the places where the Buddha's Tooth Relic was enshrined and the steps to the summit were made tall and narrow to prevent anyone for stealing it and running away with it. At least one person dies from falling down the stairs each year, so take great care when"", 'RETRIEVAL NOTES:\n- Ranked by: popularity, positive sentiment\n- CONTRADICTION RULE: If Review Evidence contradicts the Knowledge Graph facts, you MUST treat the Knowledge Graph as the absolute ground truth.']","The attractions located within the Hambantota District are as follows:

- **Goyambokka Beach** — A beach destination in the Hambantota District suitable for swimming and relaxing, featuring a sandy beach, waves, and nearby restaurants and accommodation. Visitors often note the peacefulness, cleanliness, and family friendliness of the area.

- **Hummanaya Blow Hole** — A natural landmark in the Hambantota District where seawater is pushed through a submerged cavern, creating a water fountain that shoots upward due to pressure. The site includes a viewing platform, a visitors' information centre focused on marine life, and features a rock formation, stairs, and a scenic view of the sea and waves.

- **Kirinda Viharaya** — A religious site in the Hambantota District perfect for a temple visit. This location features a Buddha statue, sculptures, and a temple set against a rock formation, offering a scenic view of the sea and beach. Visitors often appreciate the peacefulness of the site, though be prepared for stairs and consider the weather conditions during your visit.","Around the Hambantota District, you can see Goyambokka Beach, Hummanaya Blow Hole, and Kirinda Viharaya."
Q_COM_01,What are the main differences between Yala National Park and Udawalawe National Park?,comparison_query,comparison_query,1.0,11.44,0.8571428571428571,0.9999995822722272,0.9999999999,1.0,What are the main differences between Yala National Park and Udawalawe National Park?,"[""Knowledge Graph Fact 1. Udawalawe National Park is a National Park / Wildlife Reserve located in Monaragala District for Safari, featuring Wildlife, Ticket price, Local guide, Accommodation, Birds, and Elephants.\n   Supporting Evidence:\n   [1] Place: Udawalawe National Park\nRating: 5 stars\nTitle: Must do, with an experienced guide\nSource: Visitor Review\n\nNational park was incredible, we did Udawalawe and Yala and had a much better time in Udewalawe. There was a much better focus on animal welfare and also diversity of wildlife. So important to get an experienced guide though, as the things they're able to spot is truly mind-blowing! We connected with ours after someone posted his details in a review and we were very glad they did. I just whatsapped him after we booked our flights Lahiru helped us before arrival with everything, from travel to\n   [2] Place: Udawalawe National Park\nRating: 5 stars\nTitle: Safari in Udawalawe - I recommend it with Iahiru Prasad guide\nSource: Visitor Review\n\nWe had an excellent safari experience in Udawalawe National Park. We saw many elephants, beautiful birds, crocodiles, a monitor lizard, and plenty of other wildlife. Our guide - Iahiru Prasad- was very knowledgeable, highly engaged, and clearly passionate about the animals and the park. Thanks to him, the safari was not only exciting but also very informative. Highly recommended. His Whatsupp is +94 76 272 6799\n   [3] Place: Udawalawe National Park\nCategory: National Park / Wildlife Reserve\nLocation: Monaragala District, Uva Province, Sri Lanka\nSource: Wikipedia Article\n\nDESTINATION: Udawalawe National Park\nTYPE: National Park / Wildlife Reserve\nLOCATION: Monaragala District, Uva Province, Sri Lanka\nCOORDINATES: 6.5121582, 80.887626\nADDRESS: Udawalawe National Park, Monaragala District, Uva Province, Sri Lanka\nDESCRIPTION: National park in Sri Lanka\nSOURCE: https://en.wikipedia.org/wiki/Udawalawe_National_Park\n   [4] Place: Udawalawe National Park\nRating: 5 stars\nTitle: Nice Safari in Udawalawe :)\nSource: Visitor Review\n\nWe had a safari with Lahiru yesterday. The communication in advance went very well, I contacted him via WhatsApp. His number is +94 76 272 6799. You are welcome to contact him there. He has also arranged accommodation called Dew Safari Cottage. We can recommend them 100%. Lahiru does his job very well, we really saw a lot of animals and he was able to answer all of our questions and is a good bird expert. The safari lasted about 4.5 hours and we would recommend a tour with him to everyone!\nKnowledge Graph Fact 2. Yala National Park is a National Park / Wildlife Reserve for Safari, featuring Road access, Trail, Wildlife, Ticket price, Crowdedness, Local guide, Beach, Accommodation, Birds, Elephants, Forest, and Leopards.\n   Supporting Evidence:\n   [1] Place: Yala National Park\nRating: 5 stars\nTitle: Wild Impressions from Yala - Buthawa Bungalow, Yala National Park, Sri Lanka\nSource: Visitor Review\n\nIn January, we stayed at the Buthawa Bungalow in Yala with a couple of friends and had some wonderful sightings. During the three days we spent at the bungalow within the park we were able to have some close encounters with Leopards. That was definitely the icing on the cake but we also spotted many species of birds and mammals.Established in 1938, Yala National Park is one of the best places to spot wildlife in Sri Lanka. Located on the island’s south coast, Yala encompasses open grasslands,\n   [2] Place: Yala National Park\nCategory: National Park / Wildlife Reserve\nLocation: Uva Province, Sri Lanka\nSource: Wikipedia Article\n\nDESTINATION: Yala National Park\nTYPE: National Park / Wildlife Reserve\nLOCATION: Uva Province, Sri Lanka\nCOORDINATES: 6.5709721, 81.5072819\nADDRESS: Yala National Park, Uva Province, Sri Lanka\nDESCRIPTION: National park in Sri Lanka\nSOURCE: https://en.wikipedia.org/wiki/Yala_National_Park\n   [3] Place: Yala National Park\nRating: 5 stars\nTitle: Great with the right crew\nSource: Visitor Review\n\ncoming out of the bush right in front of our car without dozens of other vehicles around us. I would definitely book the safari directly with an accommodation, even if it is more expensive than outside. The reasons are quite simple, you not only have a driver, but also a guide with you, you don't have to buy a ticket, you can pass right in the morning at 6 o'clock directly to the gate because registered and booked online by the hotel. 90% of national park visitors can buy their ticket first and\n   [4] Place: Yala National Park\nRating: 5 stars\nTitle: Great with the right crew\nSource: Visitor Review\n\nWe booked three half-day safaris at Yala NP and they were awesome. The driver Heshan and our guide Sanka were professionals, we were traveling with them daily and booked them through our lodge (Koragaha), they work for several hotels. There were never any problems and we probably saw everything except the bears. Unbelievable also what Heshan could still see while driving. Thanks to the guys’ experience, after waiting 1.5 hours we could see a leopard coming out of the bush right in front of our"", 'Place: Lunugamvehera National Park\nCategory: National Park / Wildlife Reserve\nLocation: Monaragala District, Uva Province, Sri Lanka\nSource: Wikipedia Article\n\nLunugamvehera National Park (Sinhala: ලුණුගම්වෙහෙර ජාතික වනෝද්\u200dයානය) in Sri Lanka was declared in 1995, with the intention of protecting the catchment area of the Lunugamvehera reservoir and wildlife of the area. The national park is an important habitat for water birds and elephants. The catchment area is vital to maintain the water levels of the five tanks in the down stream of Kirindi Oya and wetland characteristics of Bundala National Park. This national park also serves as a corridor for elephants to migrate between Yala National Park and Udawalawe National Park. The national park is', 'RETRIEVAL NOTES:\n- Ranked by: Wildlife, Safari, Crowdedness\n- CONTRADICTION RULE: If Review Evidence contradicts the Knowledge Graph facts, you MUST treat the Knowledge Graph as the absolute ground truth.']","The main differences between Yala National Park and Udawalawe National Park relate to their wildlife focus, animal welfare, and the overall safari experience.

- **Yala National Park** — Located on the south coast, this park is known for its diverse landscape, including open grasslands, forests, and beach areas. It is recognized as a premier destination for spotting leopards, alongside various mammals and bird species. While it offers road access, the park experience can be impacted by crowdedness, so booking safaris through accommodations is recommended to secure guides and streamline entry.

- **Udawalawe National Park** — Situated in the Monaragala District, this park is noted for its focus on animal welfare and a high diversity of wildlife. Visitors frequently encounter elephants, crocodiles, monitor lizards, and a variety of birds. The safari experience is often described as highly informative, particularly when accompanied by a local guide who can assist in spotting wildlife.","Both Yala and Udawalawe National Parks are renowned for wildlife safaris and elephant watching. However, Yala National Park is famous for its leopard population and offers a broader range of wildlife viewing, though it can become quite crowded. In contrast, Udawalawe National Park is highly regarded for its large elephant population and features on-site accommodation, but it is not known for leopards."
Q_COM_02,How does Sigiriya Lion Rock compare to Pidurangala Rock for visitors?,comparison_query,comparison_query,1.0,12.42,0.875,0.9273222245659972,0.9999999999,1.0,How does Sigiriya Lion Rock compare to Pidurangala Rock for visitors?,"[""Knowledge Graph Fact 1. Pidurangala Rock is a Viewpoint and Hiking location in Matale District for Hiking, Sunset watching, and Sunrise watching, featuring Trail, Rock formation, Scenic view, Stairs, Temple, Weather condition, Buddha statue, Ticket price, Crowdedness, Sunset view, and Sunrise view.\n   Supporting Evidence:\n   [1] Place: Pidurangala Rock\nRating: 5 stars\nTitle: Beautiful view\nSource: Visitor Review\n\nNice ascent of the 2nd rock or mountain in Sigiriya. As mentioned earlier, this rock fits much better in the budget than the more than 10 times more expensive adjacent Lion's Rock. With the tuktuk you are quite quickly at the entrance which is via the temple. Then you walk up in half an hour. First and canniest part via the uneven stairs, monkeys and other animals. Then the reclining Buddha and a little bit of clambering to get on top. Good to do and on top of the rock the view is amazing.Entry\n   [2] Place: Pidurangala Rock\nRating: 5 stars\nTitle: One of the best climbs of my 1-week trip in Sri Lanka\nSource: Visitor Review\n\nIn my opinion, better than Sigiriya Rock. The whole thing is about 20mins, at the 2nd part I used barefoot as it was better grip than my shoes. Go there with not a too heavy backpack; and maybe leave before it gets dark! Once up there it is really a wonderful experience. Some parts you are just alone, and it is great.\n   [3] Place: Pidurangala Rock\nCategory: Viewpoint / Hiking\nLocation: Ehalagala, Matale District, Central Province, Sri Lanka\nSource: Wikipedia Article\n\nDESTINATION: Pidurangala Rock\nTYPE: Viewpoint / Hiking\nLOCATION: Ehalagala, Matale District, Central Province, Sri Lanka\nCOORDINATES: 7.966063, 80.7616591\nADDRESS: Pidurangala Rock, Ehalagala, Matale District, Central Province, Sri Lanka\nDESCRIPTION: Buddhist temple in Sri Lanka\nSOURCE: https://en.wikipedia.org/wiki/Pidurangala_Vihara\n\nPidurangala Vihara (Sinhala: පිදුරංගල විහාරය) is an ancient Buddhist temple situated on Pidurangala Rock in Matale District, Sri Lanka. The rock is located about 1 km north of the more visited Sigiriya rock.\n   [4] Place: Pidurangala Rock\nCategory: Viewpoint / Hiking\nLocation: Ehalagala, Matale District, Central Province, Sri Lanka\nSource: Wikipedia Article\n\nThe temple\nThe temple was said to be panchavasa, consisting of five main ritual buildings. Among the buildings are Ancient Stupa, Chapter House, Image House, Bodhighara, Preaching hall, Sangharama (Bikku Residence Building) and inscriptions with drip-ledged caves can be seen.\n\n\nSee also\nList of Archaeological Protected Monuments in Matale District\n\n\nReferences\n\n\nExternal links\n Media related to Pidurangala temple at Wikimedia Commons\n   [5] Place: Pidurangala Rock\nRating: 5 stars\nTitle: Best Instagram picture with the Lion Rock\nSource: Visitor Review\n\nIt is a moderate hike of 30-45 minutes. It is quite steep but there are steps till the last part. Most difficult part is the last part; it is like rock climbing. This is a must visit place when you are in Sigiriya area. Here you have the best view of Sigiriya. You can get best Instagram pictures at the sunrise & sunset.\n   [6] Place: Pidurangala Rock\nRating: 5 stars\nTitle: Iconic view of Sigiriya\nSource: Visitor Review\n\nPidurangala and Sigiriya like looks twins from far, distance between them around 2 km. Entrance to Pidurangala starts from temple, entrance ticket for foreigners coast 500 rs, free for locals. It's important to wear comfortable clothes and shoes, take water and sun protection cream, climbing up around 30 minutes. There's a statue of lying down Buddha on the way. There are not organized rocks at the last part of climbing. Iconic view of Sigiriya is really beautiful and fantastic. Our other group\n   [7] Place: Pidurangala Rock\nRating: 5 stars\nTitle: Hike Trekking\nSource: Visitor Review\n\n20 to 30 minutes walking towards top of the rock. And you will have great view of the Sigiriya Lion Rock.\nKnowledge Graph Fact 2. Sigiriya Lion Rock is a Heritage Site in Matale District, featuring Rock formation, Scenic view, Stairs, Weather condition, Ancient ruins, Ticket price, Crowdedness, Local guide, Heritage site, Value for money, Paintings, Murals, and Fortress.\n   Supporting Evidence:\n   [1] Place: Sigiriya Lion Rock\nCategory: Heritage Site\nLocation: Ehalagala, Matale District, Central Province, Sri Lanka\nSource: Wikipedia Article\n\nDESTINATION: Sigiriya Lion Rock\nTYPE: Heritage Site\nLOCATION: Ehalagala, Matale District, Central Province, Sri Lanka\nCOORDINATES: 7.9566634, 80.7599301\nADDRESS: Sigiriya, Ehalagala, Matale District, Central Province, 21121, Sri Lanka\nDESCRIPTION: Ancient rock fortress near Dambulla, Sri Lanka\nSOURCE: https://en.wikipedia.org/wiki/Sigiriya\n   [2] Place: Sigiriya Lion Rock\nRating: 4 stars\nTitle: Good climb with nice views but expense is a slightly bitter pull\nSource: Visitor Review\n\nYou pay around 100 times more then a local as a tourist. Sri Lanka is a third world country and the tourism industry has been devastated. While I found the price gouging somewhat excessive it was understandable. Try to visit during the week and either late in the afternoon or early mourning to avoid local crowds. The climb is not too bad for someone of reasonable fitness.\n   [3] Place: Sigiriya Lion Rock\nRating: 5 stars\nTitle: Breathtaking\nSource: Visitor Review\n\nIt's THE thing to do in Sri Lanka and perhaps the most impressive place. This 370m red and ocher monolith is worth the trip. You have to go there as early as possible to avoid the crowds and the hot weather. Then, take your time to climb all these steps and don't look in the 2nd part after the Lion's paws. If you are prone to vertigo, avoid this last part. The view at the top is incredible and the remains of the fortress give a small idea of the megalomania of the king who took refuge there. A\n   [4] Place: Sigiriya Lion Rock\nRating: 5 stars\nTitle: The Rock\nSource: Visitor Review\n\nIt's a very interesting and absolutely feasible visit. The climb is not difficult at all so do not be discouraged because you will have the opportunity to do the various steps slowly and little by little. Do not miss this place and above all do not miss the painted caves: they are magnificent."", 'RETRIEVAL NOTES:\n- Ranked by: Value for money, Entrance fee, Scenic view\n- CONTRADICTION RULE: If Review Evidence contradicts the Knowledge Graph facts, you MUST treat the Knowledge Graph as the absolute ground truth.']","Sigiriya Lion Rock and Pidurangala Rock offer distinct experiences for visitors in the Matale District, differing primarily in their historical significance, accessibility, and cost.

### Sigiriya Lion Rock
This site is a renowned heritage site and ancient rock fortress that provides a deep dive into history alongside its natural features.
- Explore the ancient ruins of the fortress and view the magnificent murals and paintings in the caves.
- Ascend a significant number of stairs to reach the top, noting that the final section may be challenging for those prone to vertigo.
- Visit early in the morning or late in the afternoon to manage weather conditions and avoid crowdedness.
- Expect a higher ticket price, which is noted as being significantly more expensive than local alternatives, leading to mixed reviews regarding value for money. You may also choose to hire a local guide to navigate the site.

### Pidurangala Rock
This location serves as a viewpoint and hiking destination, offering a more informal and budget-friendly experience compared to its neighbor.
- Hike for approximately 20 to 45 minutes, passing a temple and a reclining Buddha statue along the way.
- Navigate uneven stairs for the initial ascent, followed by a final section that requires some rock climbing or clambering over the rock formation.
- Enjoy a scenic view of the surrounding area, including an iconic perspective of the nearby Sigiriya Lion Rock.
- Benefit from a lower ticket price, which is significantly more affordable than the neighboring fortress.
- Consider visiting during sunrise or sunset for optimal photography opportunities, as both sunrise views and sunset views are frequently highlighted by visitors. Be mindful of weather conditions and potential crowdedness when planning your trip.","Both Sigiriya Lion Rock and Pidurangala Rock offer excellent hiking and scenic views in the same area. Sigiriya Lion Rock is an ancient rock fortress that features extensive ruins, a museum, and significant historical value, but it has a much higher entrance fee. Pidurangala Rock, while lacking the ancient ruins, is a popular alternative for hiking that offers breathtaking sunset views, a lower ticket price, and is generally less crowded."
Q_COM_03,Can you compare Arugam Bay and Weligama Beach?,comparison_query,comparison_query,1.0,12.89,0.9722222222222222,0.9002618778031707,0.9999999999,1.0,Can you compare Arugam Bay and Weligama Beach?,"['Knowledge Graph Fact 1. Arugam Bay is a beach location in Ampara District for Swimming, Surfing, Relaxing, and Shopping, featuring Peacefulness, Ticket price, Cleanliness, Public transport access, Crowdedness, Value for money, Beach, Waves, Food quality, Restaurants, Accommodation, Service quality, Sea, and Shops.\n   Supporting Evidence:\n   [1] Place: Arugam Bay\nRating: 5 stars\nTitle: Tranquility at its best……\nSource: Visitor Review\n\nWe visited Arugam Bay and stayed at Ranga’s Beach Hut for few days. I loved the stay, food and the atmosphere at Beach Hut. Arugam Bay is an amazing place, the beach to the limit our eye can find scenery. Since we went there closer to the end of the season not crowded as well.We visited Kumana Bird Sanctuary as well, again calm and quiet. Loads of different birds, enough number of crocodiles, elephants, different kind of other animals and If you are lucky you could see the leopard and bear as\n   [2] Place: Arugam Bay\nCategory: Beach\nLocation: Arugam Bay, Ampara District, Eastern Province, Sri Lanka\nSource: Wikipedia Article\n\nConflict between fishing and tourism\n   [3] Place: Arugam Bay\nCategory: Beach\nLocation: Arugam Bay, Ampara District, Eastern Province, Sri Lanka\nSource: Wikipedia Article\n\nIsraeli tourism and businesses\nArugam Bay is a popular destination for Israeli tourists. Many eateries, spas and other retail outlets in the area display signs in Hebrew. Israeli tourists have set up a Chabad house in the area. 20,515 Israeli tourists visited Sri Lanka between January and August 2024.\n   [4] Place: Arugam Bay\nRating: 5 stars\nTitle: The best place we visited in Sri Lanka\nSource: Visitor Review\n\nIf you like surfing, safari, a great chilled out vibe and a relaxed spot on the beach, go to arugam bay! The people are very friendly and it\'s a one of a kind place with a great selection of beach bars and delicious resterants. Try surf and sea for great thin crust pizza with buffalo cheese, the Hilton for banana and chocolate roti - perfect and cheap for breakfast. If your an Aussie and you\'re feeling home sick, you can even get vegimite and cheese rotti! the hideaway had great western food and\n   [5] Place: Arugam Bay\nRating: 4 stars\nTitle: Tourist Destination with Tons of Potential\nSource: Visitor Review\n\nquite reasonable and you can probably negotiate prices if you feel like you\'re given an unreasonable price (especially if you\'re a foreign tourist). There\'s plenty of surf shops and prices of the one we went to (Hang Ten or something like that, with a guy named Raji) was quite good and the customer service was great. In the coast along the main strip area, if you just want to spend time in the shade, you can just purchase a beverage (overpriced!) from the multiple huts along the beach and hang\n   [6] Place: Arugam Bay\nRating: 4 stars\nTitle: Beautiful beach, great surf break but too crowded\nSource: Visitor Review\n\nThe beach is wonderful, and the sunset here is incredible overloking the palm trees. There is a decent nightlife in the summer season. Good wave for surfing but way too crowded and have been in multiple collisions here for people not looking where they\'re going.\n   [7] Place: Arugam Bay\nCategory: Beach\nLocation: Arugam Bay, Ampara District, Eastern Province, Sri Lanka\nSource: Wikipedia Article\n\nArugam Bay (Tamil: அறுகம் குடா, romanized: Aṟukam kuṭā; Sinhala: ආරුගම් බොක්ක, romanized: ārugam bokka), known locally as ""Arugam Kudah"", is situated on the Indian Ocean in the dry zone of Sri Lanka\'s southeast coast, and a historic settlement of the ancient Batticaloa Territory (Mattakallappu Desam). Arugam Kudah\'s literal Tamil translation is ""Bay of Cynodon dactylon"".\n   [8] Place: Arugam Bay\nRating: 5 stars\nTitle: Three days at Arugambay\nSource: Visitor Review\n\nOne of the best seas for surfing during the season. Also some good restaurants when you walk along the beach road in the evenings. Best is to check in at any hotel on BB basis and then go out for the meals.\n   [9] Place: Arugam Bay\nRating: 5 stars\nTitle: Relaxing\nSource: Visitor Review\n\nDepending on your interests consider the length of stay. We didn\'t surf but relaxed very well on tbe beach for 6 days. Possibly a little to long. Place will develop fast I\'d suggest, nice to see it now. Felt like Bali in the 70s. Lots of young backpackers discovering themselves and the place really catered to them very well. A feeling of discovery.\n   [10] Place: Arugam Bay\nCategory: Beach\nLocation: Arugam Bay, Ampara District, Eastern Province, Sri Lanka\nSource: Wikipedia Article\n\n(11 mi)) and the Tamil shires at Okanda (32 kilometres (20 mi)). The local area is home to a number of elephants, often travelling between Lahugala and Kumana national parks.\nKnowledge Graph Fact 2. Weligama Beach is a beach location in Matara District for Swimming, Surfing, and Relaxing, featuring Safety, Peacefulness, Family friendliness, Cleanliness, Crowdedness, Beach, Waves, Food quality, Restaurants, Accommodation, Sea, and Sandy beach.\n   Supporting Evidence:\n   [1] Place: Weligama Beach\nCategory: Beach\nLocation: Weligama, Matara District, Southern Province, Sri Lanka\nSource: Wikipedia Article\n\nHistory\nThe main industries are tourism and fishing. Weligama is a popular tourist destination and hosts several boutique hotels including an off shore islet known as Taprobane, which houses a villa constructed by the French Count de Mauny, and is currently owned by Geoffrey Dobbs. It was the birthplace of the scholar monk Weligama Sri Sumangala.\nWeligama was significantly affected by the tsunami caused by the 2004 Indian Ocean earthquake, with 15% of the area destroyed, with over 2,200 houses damaged or washed away, and 469 reported deaths.\n   [2] Place: Weligama Beach\nCategory: Beach\nLocation: Weligama, Matara District, Southern Province, Sri Lanka\nSource: Wikipedia Article\n\nDESTINATION: Weligama Beach\nTYPE: Beach\nLOCATION: Weligama, Matara District, Southern Province, Sri Lanka\nCOORDINATES: 5.9688378, 80.4251596\nADDRESS: Weligama Beach, Weligama, Matara District, Southern Province, Sri Lanka\nDESCRIPTION: Town in Southern Province, Sri Lanka\nSOURCE: https://en.wikipedia.org/wiki/Weligama', 'Place: Hikkaduwa Beach\nRating: 5 stars\nTitle: Great 🏝️\nSource: Visitor Review\n\nPlace is amazing highly recommend for travellers. As a sri lankan im very proud to say this. Please join with us and enjoy the beauty 🏝️', 'RETRIEVAL NOTES:\n- Ranked by: positive sentiment, activity suitability\n- CONTRADICTION RULE: If Review Evidence contradicts the Knowledge Graph facts, you MUST treat the Knowledge Graph as the absolute ground truth.']","Arugam Bay and Weligama Beach are both prominent coastal destinations in Sri Lanka, each offering distinct experiences for travelers.

| Feature | Arugam Bay | Weligama Beach |
| :--- | :--- | :--- |
| **Location** | Ampara District, Eastern Province | Matara District, Southern Province |
| **Primary Activities** | Surfing, swimming, relaxing, shopping, and safari | Surfing, swimming, and relaxing |
| **Key Characteristics** | Known for a chilled-out vibe, beach bars, and a historic settlement; popular with young backpackers and Israeli tourists. | Features boutique hotels and an offshore islet known as Taprobane; main industries include tourism and fishing. |
| **Atmosphere** | Offers a feeling of discovery, with scenery extending to the limit of sight and incredible sunsets over palm trees. | Known for being a family-friendly destination with a sandy beach. |
| **Dining** | Features a variety of restaurants and beach bars offering western food, pizza, and local specialties like roti. | Offers local food options and restaurants associated with the town's tourism industry. |

- **Arugam Bay** — This destination is highly regarded for its surf breaks during the season, though it can become crowded. Visitors can explore nearby wildlife at Kumana National Park, where elephants, crocodiles, and various birds can be seen. The area has a notable presence of Israeli tourism, with many local businesses displaying signs in Hebrew. Travelers often find the atmosphere relaxed, with opportunities to negotiate prices at local surf shops. While the beach and waves are popular, visitors should note that the area can feel crowded and some find the value for money to be a concern. The destination offers quality food and restaurants, and public transport access is available.

- **Weligama Beach** — This location is a town in the Southern Province where tourism and fishing serve as the primary industries. It is recognized for its sandy beach and is considered a family-friendly environment. The area hosts several boutique hotels, including the unique Taprobane islet, which houses a villa. The beach and waves are central to the experience, and the area is noted for its cleanliness. While it is a popular spot for surfing and swimming, visitors may find it crowded at times.","Arugam Bay and Weligama Beach are both highly popular destinations for surfing. Arugam Bay is famous for its world-class waves, peaceful atmosphere, and surf shops, though it can get crowded during peak season. Weligama Beach also offers excellent waves for surfing but is distinguished by being a family-friendly, sandy beach that is highly accessible for beginners."
Q_COM_04,Compare the experiences of visiting Victoria Park of Nuwara Eliya versus Ella Rock.,comparison_query,comparison_query,1.0,11.38,0.9655172413793104,0.9571905573834943,0.9999999999,0.6666666666666666,Compare the experiences of visiting Victoria Park of Nuwara Eliya versus Ella Rock.,"[""Knowledge Graph Fact 1. Ella Rock is located in Badulla District for Hiking, featuring Waterfall, Trail, Rock formation, Scenic view, Weather condition, Ticket price, Mountain, Local guide, Bridge, Tea plantation, Viewpoint, and Signage.\n   Supporting Evidence:\n   [1] Place: Ella Rock\nRating: 4 stars\nTitle: Amazing Views\nSource: Visitor Review\n\nI climbed Ella Rock with my partner roughly a week ago while in Ella. The views from the top are amazing and make the hike worthwhile. I was unsure whether to attempt it as people we chatted with said how tough it was but honestly anyone with moderate fitness could do it. The bit I didn't like was the locals in the area who seem to deliberately try to get tourists lost so that they can approach you later and be your guide. We didn't get a guide and ignored advice offered from locals that we were\n   [2] Place: Ella Rock\nRating: 5 stars\nTitle: Awesome views and best place in Ella\nSource: Visitor Review\n\nGreat hike and lovely place to be in Sri lanka. The experience during the hike was amazing. Specially the view from rock was awesome. Awesome views\n   [3] Place: Ella Rock\nCategory: Viewpoint / Hiking\nLocation: Ella, Badulla District, Uva Province, Sri Lanka\nSource: Wikipedia Article\n\nDESTINATION: Ella Rock\nTYPE: Viewpoint / Hiking\nLOCATION: Ella, Badulla District, Uva Province, Sri Lanka\nCOORDINATES: 6.8550355, 81.0523841\nADDRESS: Ella Rock, Ella, Badulla District, Uva Province, 90900, Sri Lanka\nSOURCE: https://en.wikipedia.org/w/index.php?search=Ella%20Rock%20Sri%20Lanka\n\nElla Rock is a viewpoint / hiking located in Badulla District. It is a travel destination in Sri Lanka.\nAddress: Ella Rock, Ella, Badulla District, Uva Province, 90900, Sri Lanka\nKnowledge Graph Fact 2. Victoria Park of Nuwara Eliya is located in Colombo District for Relaxing, featuring Family friendliness, Ticket price, Cleanliness, and Entrance fee.\n   Supporting Evidence:\n   [1] Place: Victoria Park of Nuwara Eliya\nRating: 4 stars\nTitle: Lovely park\nSource: Visitor Review\n\nNice park for a family time.Good for picnic.There is kids playground as well.Very green and peaceful although can get a bit busy.It's beautiful but not worth a visit if you have a short time in Nuwara Eliya.It's just a park at the end of the day 😉\n   [2] Place: Victoria Park of Nuwara Eliya\nCategory: Garden / Park\nLocation: Colombo, Colombo District, Western Province, Sri Lanka\nSource: Wikipedia Article\n\nDESTINATION: Victoria Park of Nuwara Eliya\nTYPE: Garden / Park\nLOCATION: Colombo, Colombo District, Western Province, Sri Lanka\nCOORDINATES: 6.9138226, 79.8614842\nADDRESS: Vihara Maha Devi Park, Cinnamon Gardens, Slave Island, Colombo, Colombo District, Western Province, Sri Lanka\n\nVictoria Park of Nuwara Eliya is a garden / park located in Colombo District. It is a travel destination in Sri Lanka.\nAddress: Vihara Maha Devi Park, Cinnamon Gardens, Slave Island, Colombo, Colombo District, Western Province, Sri Lanka\n   [3] Place: Victoria Park of Nuwara Eliya\nRating: 5 stars\nTitle: Victoria part nuwaraeliya\nSource: Visitor Review\n\nVictoria park is a public park located in Nuwaraeliya. Next to the nuwaraeliya post office in srilanka 🇱🇰.originally the park was the research field of hakgala botanical garden.the park was formerly named in 1897 to commemorate the Diamond jubilee of Queen Victoria.\n   [4] Place: Victoria Park of Nuwara Eliya\nRating: 3 stars\nTitle: Worth a visit\nSource: Visitor Review\n\nJust in the city centre itself, good enough for walks and for enjoying the trees... reasonably maintained\n   [5] Place: Victoria Park of Nuwara Eliya\nRating: 5 stars\nTitle: Beautiful Place .Must visit\nSource: Visitor Review\n\nVictoria Park is must visit place in Nuwara Eliya nice big garden with beautiful flowers and view take photo as much as possible:)\n   [6] Place: Victoria Park of Nuwara Eliya\nRating: 3 stars\nTitle: Take a gentle stroll\nSource: Visitor Review\n\nIt probably wasn’t the most colourful time to visit. There was evidence of newly planted beds of plants, but it was too early to see them in all their splendour. There are established trees and grass and you can stroll or find somewhere to sit away from the bustle of the shopping streets. It’s not a huge park, but you can enjoy the peace and watch the locals on a family visit."", 'Place: Sigiriya Lion Rock\nRating: 4 stars\nTitle: Good climb with nice views but expense is a slightly bitter pull\nSource: Visitor Review\n\nYou pay around 100 times more then a local as a tourist. Sri Lanka is a third world country and the tourism industry has been devastated. While I found the price gouging somewhat excessive it was understandable. Try to visit during the week and either late in the afternoon or early mourning to avoid local crowds. The climb is not too bad for someone of reasonable fitness.', 'RETRIEVAL NOTES:\n- Ranked by: positive sentiment, activity variety\n- CONTRADICTION RULE: If Review Evidence contradicts the Knowledge Graph facts, you MUST treat the Knowledge Graph as the absolute ground truth.']","The experiences of visiting Victoria Park of Nuwara Eliya and Ella Rock differ significantly in terms of activity type, environment, and physical requirements.

| Feature | Victoria Park of Nuwara Eliya | Ella Rock |
| :--- | :--- | :--- |
| **Primary Category** | Garden / Park | Viewpoint / Hiking |
| **Activity Type** | Relaxing, picnics, and gentle strolls | Hiking and sightseeing |
| **Environment** | City center, green, and peaceful | Mountainous, tea plantations, and trails |
| **Key Features** | Kids playground, flowers, and established trees | Rock formations, waterfalls, and viewpoints |
| **Physical Effort** | Low; suitable for family time | Moderate fitness required for the hike |

### Victoria Park of Nuwara Eliya
This location is a public park situated in the city center, offering a peaceful environment away from the bustle of shopping streets. It is noted for its cleanliness and family friendliness.
- Enjoy a family-friendly atmosphere suitable for picnics.
- Utilize the kids' playground.
- Take gentle strolls among established trees and flower beds.
- Find quiet areas to sit and observe local visitors.
- Note that there is an entrance fee and ticket price for entry.

### Ella Rock
This destination is a hiking and viewpoint location in the Badulla District that provides an active outdoor experience. While the mountain and scenic views are highly regarded, be aware that weather conditions can sometimes be a factor.
- Hike through trails, tea plantations, and past waterfalls to reach the summit.
- Experience scenic views from the top of the rock formation.
- Navigate the area independently, as local guides are available, though signage can be limited.
- The hike is accessible to those with moderate fitness levels.
- Keep in mind that there is a ticket price associated with the area.","Victoria Park of Nuwara Eliya and Ella Rock offer very different experiences. Victoria Park is a clean, family-friendly destination focused on relaxing, featuring well-maintained gardens in Nuwara Eliya. Ella Rock, on the other hand, is a rugged viewpoint in Badulla District that requires hiking along a trail, rewarding visitors with scenic mountain views, waterfalls, and nearby attractions like the Nine Arches Bridge."
Q_COM_05,What are the differences between Unawatuna Beach and Mirissa Beach?,comparison_query,comparison_query,1.0,18.3,0.9130434782608696,0.9999998674545396,0.9999999999,0.3333333333333333,What are the differences between Unawatuna Beach and Mirissa Beach?,"[""Knowledge Graph Fact 1. Mirissa Beach is located in Matara District for Swimming, Surfing, Relaxing, and Sunset watching, featuring Scenic view, Family friendliness, Cleanliness, Crowdedness, Beach, Waves, Food quality, Restaurants, Accommodation, Sea, Sandy beach, and Sunset view.\n   Supporting Evidence:\n   [1] Place: Mirissa Beach\nRating: 4 stars\nTitle: surfer's paradise\nSource: Visitor Review\n\nIt is a very nice town. A lot of different beaches around Mirissa. I have been to Unawatuna, Weligama, Dalawela and Polenha.I didn't like Polenha since it was extremely crowded.but the beach was very clam. Weligama was nice and wavey.I had spent some time next to W beach resort. Unawatuna and Dalawela are the best beach so far for me in Sri Lanka. Especially the little lagoon we have found in front of Janaka house/ Dalawela was amazing.\n   [2] Place: Mirissa Beach\nCategory: Beach\nLocation: Mirissa, Matara District, Southern Province, Sri Lanka\nSource: Wikipedia Article\n\nHistory\nMirissa is the largest fishing port on the south coast and is known for its tuna, mullet, snapper, and butterfish. In 1980 the first tourist accommodation was built, and in the mid-1990s tourism to the town started to increase dramatically.\nMirissa was affected by the tsunami caused by the 2004 Indian Ocean earthquake, with numerous homes, guesthouses, shops, schools, and temples destroyed or damaged and fourteen reported deaths.\n   [3] Place: Mirissa Beach\nCategory: Beach\nLocation: Mirissa, Matara District, Southern Province, Sri Lanka\nSource: Wikipedia Article\n\nTransport\nMirissa is located on the A2 Highway, connecting Colombo to Wellawaya; the town is approximately 2 kilometres (1+1⁄4 miles) west of Mirissa railway station – on the Coastal or Southern Rail Line (connecting Colombo through to Matara) – and it is approximately 13 kilometres (8 miles)  from the Kokmaduwa Interchange of the Southern Expressway.\n\n\nFacilities\nMirissa Boat Harbour\nMirissa railway station\n\n\nAttractions\nMirissa beach and Parrot Rock\nCoconut Tree Hill\nWhale Watching\nSri Sunandarama Temple\nSecret Beach\n   [4] Place: Mirissa Beach\nRating: 5 stars\nTitle: Amazing!\nSource: Visitor Review\n\nOne of the best places to stay in Sri Lanka. Highly recommended. The beach, the sea view and the breeze, sea food and the people. All are 5/5..\nKnowledge Graph Fact 2. Unawatuna Beach is located in Galle District for Swimming and Relaxing, featuring Safety, Peacefulness, Family friendliness, Ticket price, Cleanliness, Crowdedness, Value for money, Beach, Waves, Food quality, Restaurants, Accommodation, Sea, Sandy beach, and Cafes.\n   Supporting Evidence:\n   [1] Place: Unawatuna Beach\nRating: 2 stars\nTitle: Good but not great!\nSource: Visitor Review\n\nIn comparison to other beaches in Sri Lanka, it’s not great. There’s little complexity to the beach itself although there are plenty of restaurants on the beach front And it is still a decent beach. There are water sports available but again in comparison not as many. There are also a lot more people trying to sell you things and a lot more dogs than in Mirissa or Hikkaduwa!\n   [2] Place: Unawatuna Beach\nCategory: Beach\nLocation: Rumassala, Galle District, Southern Province, Sri Lanka\nSource: Wikipedia Article\n\nDESTINATION: Unawatuna Beach\nTYPE: Beach\nLOCATION: Rumassala, Galle District, Southern Province, Sri Lanka\nCOORDINATES: 6.0081669, 80.2443683\nADDRESS: Unawatuna, Rumassala, Galle District, Southern Province, Sri Lanka\nDESCRIPTION: Town in Southern Province, Sri Lanka\nSOURCE: https://en.wikipedia.org/wiki/Unawatuna\n   [3] Place: Unawatuna Beach\nCategory: Beach\nLocation: Rumassala, Galle District, Southern Province, Sri Lanka\nSource: Wikipedia Article\n\nTourism\nUnawatuna is a popular tourist destination in Sri Lanka, known for its picturesque beach and vibrant atmosphere. The area offers a range of accommodations, from budget-friendly guesthouses to a newly built 5 star resort. The small town has grown considerably and boasts many new cafes and restaurants, tourist can enjoy water sports, nearby whale watching, snorkeling and surfing at Dewata beach, known for its perfect beach break and sand bottom for beginners. 6km away is Galle Fort, a UNESCO World Heritage Site.\n   [4] Place: Unawatuna Beach\nRating: 4 stars\nTitle: Superb beach.\nSource: Visitor Review\n\nClean. Has a lot of activities, but very popular for scuba. There are plenty of good restaurants and shacks right on the beach. And a very good night life."", 'RETRIEVAL NOTES:\n- Ranked by: features, activities, crowd levels, cost\n- CONTRADICTION RULE: If Review Evidence contradicts the Knowledge Graph facts, you MUST treat the Knowledge Graph as the absolute ground truth.']","The differences between Unawatuna Beach and Mirissa Beach are defined by their distinct atmospheres, available activities, and local characteristics.

- **Unawatuna Beach** — Located in the Galle District, this destination is known for its beach, sandy beach, and sea. It offers a variety of accommodations ranging from budget-friendly guesthouses to a 5-star resort, along with numerous cafes and restaurants. Visitors can engage in swimming and relaxing. The area is noted for its safety, peacefulness, family friendliness, and cleanliness, though some visitors have noted it can be crowded. It is also noted for its food quality and value for money. Visitors can also enjoy the waves. The area is also noted for its nightlife and proximity to the UNESCO World Heritage Site, Galle Fort. Some visitors have noted the presence of vendors and dogs on the beach.

- **Mirissa Beach** — Located in the Matara District, this area serves as the largest fishing port on the south coast. It is recognized for its beach, sandy beach, sea, and scenic view. The beach is a destination for swimming, surfing, relaxing, and sunset watching. Key attractions include Parrot Rock, Coconut Tree Hill, whale watching, and the Secret Beach. The town provides various facilities, including a boat harbour and a railway station, and has been a tourist destination since the 1980s. Visitors can enjoy the restaurants, food quality, and sunset view, as well as the waves. While it is recognized for its cleanliness, some visitors have noted that it can be crowded.","Both Unawatuna and Mirissa are popular coastal destinations in the South. Unawatuna Beach is known for its calm waters, making it an excellent family-friendly spot for safe swimming, relaxing, and enjoying nearby cafes. Mirissa Beach also offers sandy shores and swimming, but it stands out for its surfing waves, spectacular sunset watching, and scenic viewpoints."
Q_COM_06,Compare Ruwanweli Maha Seya and Polonnaruwa Vatadage.,comparison_query,comparison_query,1.0,11.86,1.0,0.8344920133839192,0.9999999999,0.0,Compare Ruwanweli Maha Seya and Polonnaruwa Vatadage.,"[""Knowledge Graph Fact 1. Polonnaruwa Vatadage is a Heritage Site in Polonnaruwa District for Ancient city visit and Ruins exploration, featuring Temple, Weather condition, Ancient ruins, Buddha statue, Local guide, Museum, Heritage site, and Sculptures.\n   Supporting Evidence:\n   [1] Place: Polonnaruwa Vatadage\nRating: 5 stars\nTitle: Heritage at its best\nSource: Visitor Review\n\nIt's an ancient structure in the history of Sri Lanka which belongs to the Polonnaruwa kingdom; the second kingdom of Sri Lanka. Its unique architectural structure is awesome.\n   [2] Place: Polonnaruwa Vatadage\nCategory: Heritage Site\nLocation: Polonnaruwa, Polonnaruwa District, North Central Province, Sri Lanka\nSource: Wikipedia Article\n\nDESTINATION: Polonnaruwa Vatadage\nTYPE: Heritage Site\nLOCATION: Polonnaruwa, Polonnaruwa District, North Central Province, Sri Lanka\nCOORDINATES: 7.9473418, 81.0014847\nADDRESS: Vatadage, Habarana-Polonnaruwa-Batticaloa Road, 26th Mile Post, Polonnaruwa, Polonnaruwa District, North Central Province, 51000, Sri Lanka\n\nPolonnaruwa Vatadage is a heritage site located in Polonnaruwa District. It is a travel destination in Sri Lanka.\nAddress: Vatadage, Habarana-Polonnaruwa-Batticaloa Road, 26th Mile Post, Polonnaruwa, Polonnaruwa District, North Central Province, 51000, Sri Lanka\nKnowledge Graph Fact 2. Ruwanweli Maha Seya is a Religious Site in Anuradhapura District for Religious visit and Ancient city visit, featuring Stupa, Temple, Weather condition, Buddha statue, Peacefulness, and Crowdedness.\n   Supporting Evidence:\n   [1] Place: Ruwanweli Maha Seya\nRating: 5 stars\nTitle: One of the world’s most spiritual and peaceful places\nSource: Visitor Review\n\nRuwanweli Maha Seya is truly one of the most spiritual places in the world. Sitting quietly on the Ruwanweli Saa Maluwa brings a deep sense of calm and mindfulness like nowhere else. It’s very peaceful, very sacred, and one of the most important places for Buddhists. A visit here touches the soul.\n   [2] Place: Ruwanweli Maha Seya\nRating: 5 stars\nTitle: for pilgrims\nSource: Visitor Review\n\nbest place for a pilgrim. bit crowded on poya days and holidays but is a great place to visit in sri lanka.\n   [3] Place: Ruwanweli Maha Seya\nCategory: Religious Site\nLocation: Anuradhapura, Anuradhapura District, North Central Province, Sri Lanka\nSource: Wikipedia Article\n\nImages\n\n\nSee also\nAncient stupas of Sri Lanka\nList of tallest structures built before the 20th century\nAncient Constructions of Sri Lanka\nArchitecture of ancient Sri Lanka\nArchitecture of Sri Lanka\nJetavanaramaya\nAtamasthana\nMahawansa\nSolosmasthana\n\n\nReferences\n   [4] Place: Ruwanweli Maha Seya\nRating: 4 stars\nTitle: Interesting\nSource: Visitor Review\n\nInteresting site to visit. A UNESCO site of historical value. Need plenty of time to take every thing in. Water a must especially on hot days, but then when isn't it.\n   [5] Place: Ruwanweli Maha Seya\nRating: 5 stars\nTitle: Wealth of Anchient History\nSource: Visitor Review\n\nThis place is filled with ancient history well before BC. A lot to learn and can read up on the internet or a tour guide. Very serene and peaceful\n   [6] Place: Ruwanweli Maha Seya\nRating: 4 stars\nTitle: This is what one comes here for\nSource: Visitor Review\n\nIt is really an impressive structure with a lot of people and things going on there. Should be seen by everybody coming into the area"", 'Place: Ancient City of Polonnaruwa\nRating: 4 stars\nTitle: So much to see in a week let alone a day!\nSource: Visitor Review\n\nMy wife and myself are currently holidaying in Sri Lanka and earlier today we visited the old Capital of Polonnaruwa.We began our visit at the Archeological Museum (see separate Review) which gave a sense of what lay in store but the scale and size of the main site has to be seen to be believed. It is also hard to believe that barely 5% of the site has so far been excavated so you can imagine what treasures will be unearthed in years to come!As such, to get the most out of one’s day visitors are', 'Place: Ancient City of Polonnaruwa\nCategory: Heritage Site\nLocation: Sri Lanka\nSource: Wikipedia Article\n\nSee also\nPolonnaruwa Vatadage\nHatadage\nRankoth Vehera\nNissanka Latha Mandapaya\nGal Vihara\nAnuradhapura\nSigiriya\nMahawamsa\nPlace names in Sri Lanka\nStatue of Parakramabahu I\nPolonnaruwa agreement\nMenik Wehera\n\n\nReferences\n\nBalasooriya, Jayasinghe (2004). The Glory of Ancient Polonnaruva. Polonnaru\n\n[Content truncated — see full article on Wikipedia]', 'RETRIEVAL NOTES:\n- Ranked by: historical importance, visitor experience\n- CONTRADICTION RULE: If Review Evidence contradicts the Knowledge Graph facts, you MUST treat the Knowledge Graph as the absolute ground truth.']","The Ruwanweli Maha Seya and the Polonnaruwa Vatadage are both significant historical sites in Sri Lanka, though they serve different purposes and offer distinct visitor experiences.

| Feature | Ruwanweli Maha Seya | Polonnaruwa Vatadage |
| :--- | :--- | :--- |
| **Category** | Religious Site | Heritage Site |
| **Location** | Anuradhapura District | Polonnaruwa District |
| **Primary Activities** | Religious visit, Ancient city visit | Ancient city visit, Ruins exploration |
| **Key Features** | Stupa, Temple, Buddha statue | Temple, Ancient ruins, Buddha statue, Sculptures |
| **Visitor Experience** | Known for being spiritual, peaceful, and sacred; can be crowded on Poya days and holidays. | Known for its unique architectural structure and historical significance as part of the second kingdom of Sri Lanka. |

### Ruwanweli Maha Seya
- Offers a deep sense of calm and mindfulness, making it a highly spiritual destination.
- Represents an impressive structure that is considered one of the most important places for Buddhists.
- Requires ample time to explore due to its wealth of ancient history dating back to before the BC era.
- Recommended to carry water, especially during hot weather, as visitors have noted that weather conditions can be a challenge.
- While it is a peaceful site, be aware that it can become a crowded destination.

### Polonnaruwa Vatadage
- Serves as a notable example of ancient Sri Lankan architecture from the Polonnaruwa kingdom.
- Provides an opportunity to explore ancient ruins and sculptures within a heritage site setting.
- Often visited as part of a broader exploration of the ancient city of Polonnaruwa, which includes access to local guides and an archaeological museum.
- Features a prominent Buddha statue and temple structures, though visitors should be prepared for the local weather conditions.","Ruwanweli Maha Seya and Polonnaruwa Vatadage are both significant historical and religious sites, but they belong to different eras and locations. Ruwanweli Maha Seya is a massive, highly revered ancient stupa located in the sacred city of Anuradhapura. The Polonnaruwa Vatadage is a prominent heritage site in Polonnaruwa, featuring a distinct circular structure with ancient ruins, stone sculptures, and a central Buddha statue."
Q_COM_07,How do Gal Oya National Park and Madu River Safari by Buddhi compare for boat tours?,comparison_query,comparison_query,0.98,11.24,0.9333333333333332,0.9096099933611096,0.9999999999,1.0,How do Gal Oya National Park and Madu River Safari by Buddhi compare for boat tours?,"[""Knowledge Graph Fact 1. Gal Oya National Park is located in Polonnaruwa District for Swimming, Safari, Boat safari, Boat ride, Elephant watching, Camping, and Jeep safari, featuring Road access, Scenic view, Peacefulness, Wildlife, Local guide, Birds, Lake, Elephants, Boat service, and Forest.\n   Supporting Evidence:\n   [1] Place: Gal Oya National Park\nRating: 5 stars\nTitle: Boat safari on Gal Oya\nSource: Visitor Review\n\nrecommend you contact my guide for the day: sidabode.hibernation@gmail.com\n   [2] Place: Gal Oya National Park\nRating: 5 stars\nTitle: Boat safari on Gal Oya\nSource: Visitor Review\n\nwe moored at the dam, where another party of Sri Lankans with enough gear for a expedition, were waiting to use the boat so they could go out and camp for a night on one of the islands.But we were sated, filled with the sights and sounds of safari, knowing we had got nearer to birds and elephants than ever we would by foot or land rover. It was an immense privilege.If you would like to go on this Boat Safari and see Gal Oya, I heartily recommend you contact my guide for the day:\n   [3] Place: Gal Oya National Park\nRating: 5 stars\nTitle: Boat safari on Gal Oya\nSource: Visitor Review\n\nin foreign parts from both our perspectives were corrected and broad daylight camp fire tales were told about our previous travels and adventures in Sri Lanka. The guides lamented the lack of tourists in the area yet appreciated the lack of intrusion - a dilemma many face in these wild parts of Sri Lanka.Once back aboard we struggled with the now intense heat radiating off the water and all went quiet while we motored across the entire width of the lake to creep up on a baby elephant testing\n   [4] Place: Gal Oya National Park\nRating: 5 stars\nTitle: Boat safari on Gal Oya\nSource: Visitor Review\n\nsound of our engine, were all a backdrop to our journey to Gal Oya and the Boat Safari.Gal Oya National Park lies in the southeast of Sri Lanka and to the west of Ampara. It was established in 1954 by the Gal Oya Development Board mainly to protect the catchment area of the 'Senanayake Samudra' Reservoir and then handed over to the department of Wildlife Conservation in 1965. It is rich in flora and fauna and about 45% of the park is covered by evergreen forest and a further 33% is taken up by\nKnowledge Graph Fact 2. Madu River Safari by Buddhi is located in Galle District for Temple visit, Safari, Boat safari, Boat ride, and Spa treatment, featuring River, Scenic view, Temple, Family friendliness, Wildlife, Ticket price, Local guide, Value for money, Birds, and Boat service.\n   Supporting Evidence:\n   [1] Place: Madu River Safari by Buddhi\nRating: 1 stars\nTitle: Overpriced boat ride falsely advertised as a safari\nSource: Visitor Review\n\naccumulation from locals who disregard their environment.Avoid\n   [2] Place: Madu River Safari by Buddhi\nRating: 5 stars\nTitle: Amazing Nature!!!\nSource: Visitor Review\n\nBoat ride on Madu river is a must in Sri Lanka. The beautiful Mangrove plantations take your breath away\n   [3] Place: Madu River Safari by Buddhi\nCategory: Lake / River\nLocation: Ahungalla, Galle District, Southern Province, Sri Lanka\nSource: Wikipedia Article\n\nDESTINATION: Madu River Safari by Buddhi\nTYPE: Lake / River\nLOCATION: Ahungalla, Galle District, Southern Province, Sri Lanka\nCOORDINATES: 6.2736394, 80.0382751\nADDRESS: Madu River Safari No 07, Galle Road, Ahungalla, Galle District, Southern Province, 80562, Sri Lanka\nDESCRIPTION: River in Southern Province, Sri Lanka\nSOURCE: https://en.wikipedia.org/wiki/Madu_Ganga"", 'RETRIEVAL NOTES:\n- Ranked by: Boat safari, positive sentiment\n- CONTRADICTION RULE: If Review Evidence contradicts the Knowledge Graph facts, you MUST treat the Knowledge Graph as the absolute ground truth.']","The boat safari experiences at Gal Oya National Park and Madu River Safari by Buddhi offer distinct environments and wildlife encounters.

- **Gal Oya National Park** — Located in the Polonnaruwa District, this park is known for its boat service and boat safaris on the lake. It offers a peaceful environment where you can observe birds and elephants. The park features wildlife and a forest setting, and visitors often choose jeep safaris or boat rides to explore. It is a great spot for those looking to experience a safari while enjoying the scenic views of the reservoir.

- **Madu River Safari by Buddhi** — Situated in the Galle District, this experience centers on a boat ride along the river. The trip includes opportunities to see birds and other wildlife, as well as a temple visit. While the boat service is a primary feature, the experience also offers spa treatments. Some visitors appreciate the scenic views, though feedback regarding the ticket price and value for money is mixed.","Both locations offer boat-based experiences but with different focuses. Gal Oya National Park offers boat safaris on a large lake where visitors can spot elephants, birds, and forest wildlife in a highly peaceful, remote setting. Madu River Safari by Buddhi provides boat rides through river mangroves, offering a family-friendly experience that includes a temple visit, fish spa treatments, and scenic river views."
Q_COM_08,Compare the Colombo National Museum and the Temple of the Sacred Tooth Relic.,comparison_query,comparison_query,1.0,11.09,0.9642857142857144,0.9288410905933184,0.9999999999,1.0,Compare the Colombo National Museum and the Temple of the Sacred Tooth Relic.,"[""Knowledge Graph Fact 1. Colombo National Museum is located in Colombo District for a Museum visit, featuring Weather condition, Family friendliness, Ticket price, Museum, and Colonial architecture.\n   Supporting Evidence:\n   [1] Place: Colombo National Museum\nCategory: Museum\nLocation: Colombo, Colombo District, Western Province, Sri Lanka\nSource: Wikipedia Article\n\nThe Colombo National Museum, also known as the Sri Lanka National Museum, is a museum in Colombo and the largest in Sri Lanka. Founded in 1877 and maintained by the Department of National Museums, it holds collections of significant importance to Sri Lanka, such as the regalia of the Kandyan monarchs, as well as many other exhibits relating the country's cultural and natural heritage.\n   [2] Place: Colombo National Museum\nRating: 5 stars\nTitle: must visit\nSource: Visitor Review\n\nThe Colombo National Museum offers an enriching experience with its vast collection of Sri Lankan art, history, and culture. Highlights include ancient sculptures, royal artifacts, and traditional costumes. The museum’s informative displays provide a deep insight into the island’s heritage. A must-visit for history enthusiasts and traveler alike.\n   [3] Place: Colombo National Museum\nCategory: Museum\nLocation: Colombo, Colombo District, Western Province, Sri Lanka\nSource: Wikipedia Article\n\nDESTINATION: Colombo National Museum\nTYPE: Museum\nLOCATION: Colombo, Colombo District, Western Province, Sri Lanka\nCOORDINATES: 6.9104168, 79.8609194\nADDRESS: National Museum of Colombo, Sir Marcus Fernando Mawatha, Town Hall, Cinnamon Gardens, Slave Island, Colombo, Colombo District, Western Province, 00300, Sri Lanka\nDESCRIPTION: Museum in Colombo, Sri Lanka\nSOURCE: https://en.wikipedia.org/wiki/Colombo_National_Museum\nKnowledge Graph Fact 2. Temple of the Sacred Tooth Relic is located in Kandy District for Religious visit and Temple visit, featuring Temple, Buddha statue, Peacefulness, Ticket price, Crowdedness, Local guide, and Museum.\n   Supporting Evidence:\n   [1] Place: Temple of the Sacred Tooth Relic\nRating: 5 stars\nTitle: Beautiful\nSource: Visitor Review\n\nBeautiful visit.To do absolutely, I advise you to do it with a guide, a lot to discover inside about the different Sri Lankan kingdoms that have followed one another and how the Buddha relic is preserved.\n   [2] Place: Temple of the Sacred Tooth Relic\nRating: 5 stars\nTitle: Very interesting\nSource: Visitor Review\n\nSpending hours in the temple observing and respecting teaches much of the beliefs and character of the people of Sri Lanka\n   [3] Place: Temple of the Sacred Tooth Relic\nRating: 5 stars\nTitle: Important Buddhist Site in Kandy.\nSource: Visitor Review\n\nThe Tooth Relic Temple,also known as the temple of the Sacred Tooth Relic, is an Important Buddhist Site in Kandy Sri Lanka. People visit this Temple to Pray Respect and Seek Blessings. The Temple Houses a Relic Believed to be a Tooth of the Buddha.\n   [4] Place: Temple of the Sacred Tooth Relic\nRating: 5 stars\nTitle: Was really interesting\nSource: Visitor Review\n\nWe was on a 3 day tour of Sri Lanka and our second day we visited the temple of the sacred tooth I was with my with who's in a wheelchair so our tour guide went and got us the tickets but we only paid for one we went up to the temple there is a accessible route for wheelchair and a lift so we was in the temple watching all praying and giving food and flowers was busy but nice Then they opened the door and you could see where the scared tooth is hidden but it went a bit mad everybody trying to\n   [5] Place: Temple of the Sacred Tooth Relic\nRating: 5 stars\nTitle: Beautiful and sacred attraction\nSource: Visitor Review\n\nWe enjoyed the temple which is heavily visited but even better we enjoy the museum which is very lightly attended"", 'RETRIEVAL NOTES:\n- Ranked by: features, activities, facilities, cost\n- CONTRADICTION RULE: If Review Evidence contradicts the Knowledge Graph facts, you MUST treat the Knowledge Graph as the absolute ground truth.']","The Colombo National Museum and the Temple of the Sacred Tooth Relic offer distinct cultural experiences, with the former serving as a repository for national heritage and the latter functioning as a significant site for religious practice.

| Feature | Colombo National Museum | Temple of the Sacred Tooth Relic |
| :--- | :--- | :--- |
| **Primary Purpose** | Museum visit | Religious and temple visit |
| **Key Highlights** | Ancient sculptures, royal artifacts, traditional costumes, and regalia of the Kandyan monarchs. | Houses a relic believed to be a tooth of the Buddha; features a museum on-site. |
| **Visitor Experience** | Provides insight into Sri Lankan art, history, and culture through informative displays. | Offers opportunities to pray, respect, seek blessings, and observe local beliefs and character. |
| **Accessibility/Facilities** | Not specified. | Includes an accessible route for wheelchairs and a lift. |
| **Atmosphere** | Not specified. | Can be busy and crowded, particularly when the door to the relic is opened. |
| **Recommendations** | A must-visit for history enthusiasts. | Recommended to visit with a local guide to learn about Sri Lankan kingdoms and the preservation of the relic. |

- **Colombo National Museum** — This institution is the largest museum in Sri Lanka, holding collections of significant importance to the country's cultural and natural heritage. It is housed in a building featuring colonial architecture. While it is a family-friendly destination, visitors should be aware that weather conditions can sometimes impact the experience.

- **Temple of the Sacred Tooth Relic** — Located in Kandy, this important Buddhist site allows visitors to observe the practice of giving food and flowers. While the temple is known for its peacefulness, it can also be crowded. Visitors may find it helpful to hire a local guide to navigate the site, and while the main temple area is heavily visited, the on-site museum is noted for being very lightly attended.","The Colombo National Museum is a cultural institution focused on Sri Lanka's history, showcasing ancient ruins, royal regalia, and historical artifacts. The Temple of the Sacred Tooth Relic in Kandy is primarily an active, highly sacred religious site that houses a relic of the Buddha; it also features its own museum and involves significant cultural and religious rituals."
Q_COM_09,What is the difference between Minneriya National Park and Kaudulla National Park?,comparison_query,comparison_query,1.0,12.24,0.875,0.9852840072957058,0.9999999999,0.25,What is the difference between Minneriya National Park and Kaudulla National Park?,"['Knowledge Graph Fact 1. Kaudulla National Park is a National Park / Wildlife Reserve in Polonnaruwa District for Safari, Elephant watching, and Jeep safari, featuring Road access, Wildlife, Ticket price, Crowdedness, Local guide, Birds, Lake, and Elephants.\n   Supporting Evidence:\n   [1] Place: Kaudulla National Park\nCategory: National Park / Wildlife Reserve\nLocation: Galoya, Polonnaruwa District, North Central Province, Sri Lanka\nSource: Wikipedia Article\n\nConservation\nIt is reported that the spread of invasive, alien species such as Lantana camara is posing a threat to the wildlife of the park. The Kaudulla-Minneriya jungle corridor linking Kaudulla to Minneriya National Park was declared a Wildlife Sanctuary in 2004.\n\n\nSee also\nProtected areas of Sri Lanka\n\n\nReferences\n\n\nExternal links\nPhotos of elephants in the national park\n   [2] Place: Kaudulla National Park\nCategory: National Park / Wildlife Reserve\nLocation: Galoya, Polonnaruwa District, North Central Province, Sri Lanka\nSource: Wikipedia Article\n\nKaudulla National Park is a national park on the island of Sri Lanka located 197 kilometres (122 mi) away from the largest city, Colombo. It was designated a national park on April 1, 2002, becoming the 15th such area on the island. In the 2004–2005 season more than 10,000 people visited the National Park, generating an income of Rs.100,000 from entrance fees. Along with Minneriya and Girithale BirdLife International have identified Kaudulla as an Important Bird Area.\n   [3] Place: Kaudulla National Park\nCategory: National Park / Wildlife Reserve\nLocation: Galoya, Polonnaruwa District, North Central Province, Sri Lanka\nSource: Wikipedia Article\n\nDESTINATION: Kaudulla National Park\nTYPE: National Park / Wildlife Reserve\nLOCATION: Galoya, Polonnaruwa District, North Central Province, Sri Lanka\nCOORDINATES: 8.1758109, 80.9145547\nADDRESS: Kaudulla National Park, Galoya, Polonnaruwa District, North Central Province, Sri Lanka\nDESCRIPTION: National park in Sri Lanka\nSOURCE: https://en.wikipedia.org/wiki/Kaudulla_National_Park\n   [4] Place: Kaudulla National Park\nRating: 5 stars\nTitle: Wow\nSource: Visitor Review\n\nrestricted. This was a very enjoyable visit and certainly gave us a taste of what we could expct when visiting Yala later on during our tour.\n   [5] Place: Kaudulla National Park\nRating: 5 stars\nTitle: Wow\nSource: Visitor Review\n\nOur tour company had originally rranged for us to visit Minneriya national park but following local intelligence our guide informed us we were better visitng here to see the elephants. Boy we were not dissappointed. Our guide had arranged a 1968 jeep to take us round. Our driver was excellent and obviously new the park vry well and pointed animals out to us as did our guide. There are lots of jeeps queing to get in as the entry and exit times are restricted. This was a very enjoyable visit and\nKnowledge Graph Fact 2. Minneriya National Park is a National Park / Wildlife Reserve in Polonnaruwa District for Safari, Elephant watching, and Jeep safari, featuring Scenic view, Family friendliness, Wildlife, Ticket price, Crowdedness, Local guide, Birds, Lake, and Elephants.\n   Supporting Evidence:\n   [1] Place: Minneriya National Park\nRating: 4 stars\nTitle: Very busy and good for elephants\nSource: Visitor Review\n\nI would definitely recommend this national park for anyone new to Sri Lankan wildlife and is hoping to see some elephants. You are likely to see lots of them, and at close quarters. Other likely encounters are buffalo and a wide variety of birds. You will be in for a rather bumpy, dusty ride and be prepared for seeing many other tourists. The natural landscape is lovely and a good experience for travelers of all ages who want to get off main roads and see something of the natural\n   [2] Place: Minneriya National Park\nCategory: National Park / Wildlife Reserve\nLocation: Katukeliyawa, Polonnaruwa District, North Central Province, Sri Lanka\nSource: Wikipedia Article\n\nDESTINATION: Minneriya National Park\nTYPE: National Park / Wildlife Reserve\nLOCATION: Katukeliyawa, Polonnaruwa District, North Central Province, Sri Lanka\nCOORDINATES: 8.0161446, 80.850139\nADDRESS: Minneriya National Park, Katukeliyawa, Polonnaruwa District, North Central Province, Sri Lanka\nDESCRIPTION: Sri Lankan national park\nSOURCE: https://en.wikipedia.org/wiki/Minneriya_National_Park\n   [3] Place: Minneriya National Park\nCategory: National Park / Wildlife Reserve\nLocation: Katukeliyawa, Polonnaruwa District, North Central Province, Sri Lanka\nSource: Wikipedia Article\n\nMinneriya National Park (Sinhala: මින්නේරිය ජාතික වනෝද්\u200dයානය, romanized: Minnēriya Jātika Vanōdyānaya; Tamil: மின்னேரியா தேசிய வனம், romanized: Miṉṉēriyā Tēciya Vaṉam) is a national park in North Central Province of Sri Lanka. The area was designated as a national park on 12 August 1997, having been originally declared as a wildlife sanctuary in 1938. The reason for declaring the area as  protected is to protect the catchment of Minneriya tank and the wildlife of the surrounding area. The tank is of historical importance, having been built by King Mahasen in third century AD. The park is a\n   [4] Place: Minneriya National Park\nRating: 2 stars\nTitle: Not animal friendly\nSource: Visitor Review\n\nwas occurring which was concerning given that he works for the park. I felt like I had engaged in an unethical experience following this tour.', 'RETRIEVAL NOTES:\n- Ranked by: wildlife, crowd levels, visitor experience\n- CONTRADICTION RULE: If Review Evidence contradicts the Knowledge Graph facts, you MUST treat the Knowledge Graph as the absolute ground truth.']","The differences between Minneriya National Park and Kaudulla National Park are defined by their history, designation, and visitor experiences:

- **Minneriya National Park** — Located in Katukeliyawa, this park was designated on August 12, 1997, though it was originally a wildlife sanctuary in 1938. It is noted for protecting the catchment of the Minneriya tank, which was built by King Mahasen in the third century AD. Visitors can expect a bumpy, dusty ride and are likely to see elephants at close quarters, along with buffalo and a wide variety of birds. It is considered a good experience for travelers of all ages, though visitors should be prepared for the presence of many other tourists. While the park is known for its scenic views, lake, and wildlife, visitors often rely on local guides for their safari, jeep safari, or elephant watching experiences.

- **Kaudulla National Park** — Located in Galoya, this park was designated on April 1, 2002, as the 15th national park on the island. It is linked to Minneriya National Park via a jungle corridor that was declared a wildlife sanctuary in 2004. Along with Minneriya and Girithale, it has been identified as an Important Bird Area by BirdLife International. The park features restricted entry and exit times, which can result in queues of jeeps waiting to enter. Invasive species such as *Lantana camara* are reported to pose a threat to the park's wildlife. Like Minneriya, this park is a popular destination for elephant watching, safari, and jeep safari activities, where local guides are frequently utilized to navigate the lake and wildlife areas.","Minneriya and Kaudulla National Parks are both top destinations for elephant watching and jeep safaris, featuring lakes and birdlife. The main difference lies in the seasonal movement of elephants between the two parks. Both can experience crowdedness, but Minneriya is famous for 'The Gathering' of elephants during the dry season, while Kaudulla is highly rated as an alternative that also boasts significant elephant herds."
Q_COM_10,Compare Galle Dutch Fort and Jaffna Fort.,comparison_query,comparison_query,1.0,11.66,1.0,0.9011242667751737,0.9999999999,0.3333333333333333,Compare Galle Dutch Fort and Jaffna Fort.,"[""Knowledge Graph Fact 1. Galle Dutch Fort is located in Galle District as a Fort / Historic Site for Shopping, Fort visit, and Sunset watching, featuring Scenic view, Weather condition, Heritage site, Beach, Restaurants, Accommodation, Sea, Shops, Fort, Sunset view, and Cafes.\n   Supporting Evidence:\n   [1] Place: Galle Dutch Fort\nRating: 4 stars\nTitle: History\nSource: Visitor Review\n\nThis area offers a little bit of something for everyone. I recommend you do a little bit of research before you come so you can better understand about the fort and it’s history, or take a guided tour. There are plenty of souvenir shops, cafes, restaurants and antique shops to while away the hours or you can do what we did and found our accommodation in the fort. A must see for anyone visiting Sri Lanka but remember it gets very hot inside the fort.\n   [2] Place: Galle Dutch Fort\nCategory: Fort / Historic Site\nLocation: Galle, Galle District, Southern Province, Sri Lanka\nSource: Wikipedia Article\n\nDESTINATION: Galle Dutch Fort\nTYPE: Fort / Historic Site\nLOCATION: Galle, Galle District, Southern Province, Sri Lanka\nCOORDINATES: 6.0268677, 80.2194762\nADDRESS: Dutch Hospital Shopping Precinct Galle, රෝහල වීදිය, Talbot Town, Galle, Galle District, Southern Province, 80000, Sri Lanka\n\nGalle Dutch Fort is a fort / historic site located in Galle District. It is a travel destination in Sri Lanka.\nAddress: Dutch Hospital Shopping Precinct Galle, රෝහල වීදිය, Talbot Town, Galle, Galle District, Southern Province, 80000, Sri Lanka\n   [3] Place: Galle Dutch Fort\nRating: 5 stars\nTitle: Walking Tour Experience\nSource: Visitor Review\n\nWalking Tour ExperienceA guided walking tour within Galle Fort is highly recommended. The guides, often locals, will share stories about the fort’s history, including the eras of Portuguese, Dutch, and British control, as well as insight into Sri Lanka’s colonial past and maritime heritage.The tour often includes stops at lesser-known sites like the All Saints’ Church, Amangalla Hotel (a historic colonial-era building), and the old Dutch government house.\n   [4] Place: Galle Dutch Fort\nRating: 5 stars\nTitle: Dutch\nSource: Visitor Review\n\nBeautiful place. Stunning sign of dutch architecture. Heard there was one similar up north in jaffna as well.\n   [5] Place: Galle Dutch Fort\nRating: 3 stars\nTitle: Tourist trap!\nSource: Visitor Review\n\nVisited here with our guide . Very touristy and expensive , but good to see the old buildings.This would have been a fair place in its heyday.Buildings have stood the test of time well .\nKnowledge Graph Fact 2. Jaffna Fort is located in Jaffna District as a Fort / Historic Site for Fort visit, featuring Scenic view, Ancient ruins, and Fort.\n   Supporting Evidence:\n   [1] Place: Jaffna Fort\nRating: 5 stars\nTitle: Fort at Jaffna\nSource: Visitor Review\n\nThe Dutch fort Is an experience but saddened by the look and appearance of the vast destruction. Walked around the whole fort and wondered how all that coral was brought from the sea and used to build the walls😳😳😳😳😳😳\n   [2] Place: Jaffna Fort\nRating: 4 stars\nTitle: Historic Attraction\nSource: Visitor Review\n\nDuring my recent visit to Jaffna North of Sri Lanka, visited Jaffna Fort which was was heavily bombarded during the recent war and now restoration has begun. Its amazing to see how well work goes on although I never got a chance to see it before the building crumbled. But I'm happy I got the opportunity to go and visit this place.\n   [3] Place: Jaffna Fort\nCategory: Fort / Historic Site\nLocation: Jaffna, Jaffna District, Northern Province, Sri Lanka\nSource: Wikipedia Article\n\nDESTINATION: Jaffna Fort\nTYPE: Fort / Historic Site\nLOCATION: Jaffna, Jaffna District, Northern Province, Sri Lanka\nCOORDINATES: 9.6623181, 80.008169\nADDRESS: Jaffna Fort, Jaffna-Ponnalai-Point Pedro Road, Jaffna, Jaffna District, Northern Province, Sri Lanka\n\nJaffna Fort is a fort / historic site located in Jaffna District. It is a travel destination in Sri Lanka.\nAddress: Jaffna Fort, Jaffna-Ponnalai-Point Pedro Road, Jaffna, Jaffna District, Northern Province, Sri Lanka\n   [4] Place: Jaffna Fort\nRating: 3 stars\nTitle: Historical site maintained very poorly.\nSource: Visitor Review\n\nA colonial masterpiece in a very poor state. pollution around and in the moat is a very disappointing site. Having withstood few wars. its structure tells a story of how strong these fortresses were. I did notice a board stating a restoration project being in place with the help of the Dutch Government. A lot more has to be done to preserve and restore these assets of Sri Lanka and its history. One observation was that some rocks on the walls were made out of corals\n   [5] Place: Jaffna Fort\nRating: 4 stars\nTitle: Dutch Fort\nSource: Visitor Review\n\nThe Fort at Jaffna was built by the Dutch to protect their interests. Great architecture still there to be seen and the ramparts are a great walk with an amazing view of the ocean.The fort has World Heritage listing and there is evidence of rehabilitation of the site. Inside the fort is a small museum showing the work being done. Well worth a visit and a donation to the museum.\n   [6] Place: Jaffna Fort\nRating: 3 stars\nTitle: One of the forts the Dutch built alongside Sri Lanka's coast line\nSource: Visitor Review\n\nIn our opinion the former Dutch fort in Jaffna gives a far better idea of a fort than the one in Galle. One needs his imagination though how things were centuries ago. Nice views from the fort."", 'RETRIEVAL NOTES:\n- Ranked by: positive sentiment, historical value\n- CONTRADICTION RULE: If Review Evidence contradicts the Knowledge Graph facts, you MUST treat the Knowledge Graph as the absolute ground truth.']","The Galle Dutch Fort and Jaffna Fort are both historic sites categorized as forts, though they offer different experiences regarding their current state of preservation and visitor amenities.

| Feature | Galle Dutch Fort | Jaffna Fort |
| :--- | :--- | :--- |
| **Location** | Galle District, Southern Province | Jaffna District, Northern Province |
| **Primary Activities** | Guided walking tours, shopping, dining, and sunset watching | Exploring ruins and walking the ramparts |
| **Key Features** | Colonial architecture, antique shops, cafes, and restaurants | Ocean views, coral wall construction, and ongoing restoration |
| **Entrance Fee** | Not specified | Donation requested for the museum |

### Galle Dutch Fort
This site is a well-developed destination that functions as a living historic area.
- Explore the fort to see Dutch architecture and historic colonial-era buildings.
- Take a guided walking tour to learn about the influence of Portuguese, Dutch, and British control.
- Visit local souvenir shops, antique shops, cafes, and restaurants located within the fort walls.
- Enjoy scenic views and sunset watching.
- Note that the area can become very hot, and some visitors consider it a tourist-heavy location.

### Jaffna Fort
This site is characterized by its history of conflict and ongoing efforts to preserve its structure.
- Walk along the ramparts to experience scenic views of the ocean.
- Observe the construction of the walls, which feature coral brought from the sea.
- Visit the small museum inside the fort to see evidence of the rehabilitation work being conducted with the assistance of the Dutch Government.
- Explore the ancient ruins of a site that was heavily impacted by war and is currently undergoing restoration.
- Note that some areas may show signs of poor maintenance or pollution in the moat, and visitors are encouraged to use their imagination to visualize the fort's original state.","Both Galle Dutch Fort and Jaffna Fort are historic colonial-era heritage sites with scenic views. Galle Dutch Fort is located in the South, featuring extensive preservation, beaches, museums, and a vibrant scene of restaurants and boutiques. Jaffna Fort is located in the North and offers significant historical value and scenic coastal views, but it lacks the extensive commercialized restaurant and boutique scene found in Galle."
Q_EXP_01,Explain about Sigiriya Lion Rock.,explanation_query,explanation_query,1.0,11.71,1.0,0.7692226534105373,0.9999999999,1.0,Explain about Sigiriya Lion Rock.,"[""Knowledge Graph Fact 1. Sigiriya Lion Rock is a Heritage Site located in Matale District, featuring Rock formation, Scenic view, Stairs, Weather condition, Ancient ruins, Ticket price, Crowdedness, Local guide, Heritage site, Value for money, Paintings, Murals, and Fortress.\n   Supporting Evidence:\n   [1] Place: Sigiriya Lion Rock\nRating: 5 stars\nTitle: Breathtaking\nSource: Visitor Review\n\nmegalomania of the king who took refuge there. A large swimming pool and remains of walls remain.\n   [2] Place: Sigiriya Lion Rock\nRating: 4 stars\nTitle: Good climb with nice views but expense is a slightly bitter pull\nSource: Visitor Review\n\nYou pay around 100 times more then a local as a tourist. Sri Lanka is a third world country and the tourism industry has been devastated. While I found the price gouging somewhat excessive it was understandable. Try to visit during the week and either late in the afternoon or early mourning to avoid local crowds. The climb is not too bad for someone of reasonable fitness.\n   [3] Place: Sigiriya Lion Rock\nCategory: Heritage Site\nLocation: Ehalagala, Matale District, Central Province, Sri Lanka\nSource: Wikipedia Article\n\nDESTINATION: Sigiriya Lion Rock\nTYPE: Heritage Site\nLOCATION: Ehalagala, Matale District, Central Province, Sri Lanka\nCOORDINATES: 7.9566634, 80.7599301\nADDRESS: Sigiriya, Ehalagala, Matale District, Central Province, 21121, Sri Lanka\nDESCRIPTION: Ancient rock fortress near Dambulla, Sri Lanka\nSOURCE: https://en.wikipedia.org/wiki/Sigiriya\n   [4] Place: Sigiriya Lion Rock\nRating: 5 stars\nTitle: Sri Lanka Car Charger Find VickyHiswaht app is +94 71 252 5533Photo by Lion RockAll my arrangements he has nothing not done, and the price is reasonable\nSource: Visitor Review\n\nIt is so cool, it is hard to believe that more than 1000 years ago you could cover the palace castle on stone\n   [5] Place: Sigiriya Lion Rock\nRating: 5 stars\nTitle: Breathtaking\nSource: Visitor Review\n\nIt's THE thing to do in Sri Lanka and perhaps the most impressive place. This 370m red and ocher monolith is worth the trip. You have to go there as early as possible to avoid the crowds and the hot weather. Then, take your time to climb all these steps and don't look in the 2nd part after the Lion's paws. If you are prone to vertigo, avoid this last part. The view at the top is incredible and the remains of the fortress give a small idea of the megalomania of the king who took refuge there. A\n   [6] Place: Sigiriya Lion Rock\nRating: 5 stars\nTitle: Enchanting experience\nSource: Visitor Review\n\nSigiriya is a one of its kind experience of a fort on a rock. To think that a ~490 AD site could have such planned architecture is a wonder in itself. Word of caution, it is quite a steep climb with lots of steps, so one needs to be prepared for that, and carry minimum baggage on them. Also, though entry is allowed till 1730 hrs (mandatory exit by 1830 hrs) , it makes sense to get there in broad daylight as it will difficult to climb all the steps in the dark. The entry was USD 30 for foreigners\n   [7] Place: Sigiriya Lion Rock\nRating: 3 stars\nTitle: Landmark and a must see\nSource: Visitor Review\n\nThe view is beautiful, the climb is quite difficult. Unfortunately, hardly any fountains work because it is the dry season. That makes sense and we knew that, but it does make the experience a lot less fun. The climb is tough, you may also be able to take beautiful photos from a nice terrace. Then you have the feeling that you are there, but not completely done yourself. This may be a much better option for people with reduced mobility or visual impairment.\n   [8] Place: Sigiriya Lion Rock\nRating: 5 stars\nTitle: Enchanting experience\nSource: Visitor Review\n\nin the dark. The entry was USD 30 for foreigners (non SAARC) and USD 15 for foreigners from a SAARC nation."", 'RETRIEVAL NOTES:\n- Ranked by: historical context, visitor experience\n- CONTRADICTION RULE: If Review Evidence contradicts the Knowledge Graph facts, you MUST treat the Knowledge Graph as the absolute ground truth.']","Here is what you can do at **Sigiriya Lion Rock**:

- Climb the stairs to reach the top of this 370m red and ocher monolith, which is a notable rock formation.
- View the remains of the ancient fortress and palace castle, which provide insight into the king who took refuge there.
- Observe the planned architecture of the site, which dates back to approximately 490 AD.
- See the large swimming pool and remains of walls, which are part of the ancient ruins found at this heritage site.
- Take photos from a terrace if you prefer not to complete the full climb, where you can enjoy the scenic view.
- Visit early in the morning or late in the afternoon to avoid crowdedness and negative weather conditions.
- Plan for a steep climb with many steps, and consider carrying minimal baggage.
- Exercise caution if you are prone to vertigo, particularly during the final section after the Lion's paws.
- Note that entry for foreigners is USD 30 for non-SAARC nations and USD 15 for SAARC nations.
- Be aware that entry is allowed until 17:30, with a mandatory exit by 18:30.
- While exploring, you can also view the paintings and murals that are preserved at this site.","Evidence shows Sigiriya Lion Rock features scenic views, ancient ruins including a fortress, and well-preserved murals, though visitors note a steep climb with stairs and a high ticket price."
Q_EXP_02,Explain about Ella Rock.,explanation_query,explanation_query,1.0,10.2,1.0,0.6981191901813769,0.9999999999,1.0,Explain about Ella Rock.,"[""Knowledge Graph Fact 1. Ella Rock is located in Badulla District for Hiking, featuring Waterfall, Trail, Rock formation, Scenic view, Weather condition, Ticket price, Mountain, Local guide, Bridge, Tea plantation, Viewpoint, and Signage.\n   Supporting Evidence:\n   [1] Place: Ella Rock\nRating: 5 stars\nTitle: Ella Rock and an excellent cooking course\nSource: Visitor Review\n\nMy wife and I enjoyed the climb of Ella Rock. It required a little searching but not too complicated. There were plenty of people coming down to guide us with a magnificent view as reward for reaching the top.When returning via the eucalyptus forrest we passed by the Farma Cafe, run by a very kind local, mr Mahijood (Jodi). The cafe is on the way up just after the bridge, taking the path on the right. Turns out that Jodi is a splendid host, who speaks 8 languages and was very entertaining. He is\n   [2] Place: Ella Rock\nRating: 5 stars\nTitle: Awesome views and best place in Ella\nSource: Visitor Review\n\nGreat hike and lovely place to be in Sri lanka. The experience during the hike was amazing. Specially the view from rock was awesome. Awesome views\n   [3] Place: Ella Rock\nCategory: Viewpoint / Hiking\nLocation: Ella, Badulla District, Uva Province, Sri Lanka\nSource: Wikipedia Article\n\nDESTINATION: Ella Rock\nTYPE: Viewpoint / Hiking\nLOCATION: Ella, Badulla District, Uva Province, Sri Lanka\nCOORDINATES: 6.8550355, 81.0523841\nADDRESS: Ella Rock, Ella, Badulla District, Uva Province, 90900, Sri Lanka\nSOURCE: https://en.wikipedia.org/w/index.php?search=Ella%20Rock%20Sri%20Lanka\n\nElla Rock is a viewpoint / hiking located in Badulla District. It is a travel destination in Sri Lanka.\nAddress: Ella Rock, Ella, Badulla District, Uva Province, 90900, Sri Lanka\n   [4] Place: Ella Rock\nRating: 5 stars\nTitle: Hard hike to Ella Rock\nSource: Visitor Review\n\nGreat adventure and hike, not for the fai hearted, this is a significant challenge as there have been death due to the difficulty. Nevertheless this is a must see. Need to have proper hiking boots, we took a local guide which was over the moon when we gave him LKS5000 (£12.50) who only wore a Sorong and flip flops (not sure how he did it) however the day albeit tiering was a great experience not to be missed. The journey started walking along the railway which was a bit unnerving, it soon became\n   [5] Place: Ella Rock\nRating: 4 stars\nTitle: Amazing Views\nSource: Visitor Review\n\nI climbed Ella Rock with my partner roughly a week ago while in Ella. The views from the top are amazing and make the hike worthwhile. I was unsure whether to attempt it as people we chatted with said how tough it was but honestly anyone with moderate fitness could do it. The bit I didn't like was the locals in the area who seem to deliberately try to get tourists lost so that they can approach you later and be your guide. We didn't get a guide and ignored advice offered from locals that we were\n   [6] Place: Ella Rock\nRating: 5 stars\nTitle: Serenity!\nSource: Visitor Review\n\nA place worth to visit. Don't forget to take a train ride to go to Ella.. Mist, drizzling, cool breeze and hiking ❤️You'll never regret it.\n   [7] Place: Ella Rock\nRating: 4 stars\nTitle: Take a guide and be prepared for an uphill hike\nSource: Visitor Review\n\nWe took the railway tracks and across the waterfall to Ella Rock.Got lost and was helped by a local to find our way through the villages and tracks that can take you round in circles.We found the simple way on the way back which was much easier than the way we Came.Not for people with mobility issues as the last 20 mins is uphill on rocky,tree rooted tracks.Hard slog for the over 50s which is us.Well Worth the stunning views at the top"", 'Place: Sigiriya Lion Rock\nRating: 4 stars\nTitle: Good climb with nice views but expense is a slightly bitter pull\nSource: Visitor Review\n\nYou pay around 100 times more then a local as a tourist. Sri Lanka is a third world country and the tourism industry has been devastated. While I found the price gouging somewhat excessive it was understandable. Try to visit during the week and either late in the afternoon or early mourning to avoid local crowds. The climb is not too bad for someone of reasonable fitness.', 'Place: Yapahuwa Rock Fortress\nCategory: Heritage Site\nLocation: Sri Lanka\nSource: Wikipedia Article\n\nThe summit ruins: the summit represents and supports evidence of Yapahuwa temporarily being used as a monastery by Buddhist monks, and this is because the summit has a ruined small Buddhist stupa/chetiya (Sinhalese language : චේතිය), a Bodhi tree shrine, and a small pond. Near the bottom has a bhikku/monk cave for pilrimage. This is substantial evidence that supports the usage of Yapahuwa as a Buddhist monastery.', ""Place: Sri Pada / Adam's PeakUnclaimedIf you own this business, claim it for free now to update business info, respond to reviews, and more.Claim this listing\nRating: 1 stars\nTitle: So overrated\nSource: Visitor Review\n\nnot the peaks fault though). All in all it was terribly underwhelming and we’re glad we mostly stay away from this kind of touristy crap. This country has sooooo much more special places to offer! So just maybe do this when you’ve already exhausted all your other options on your travels through Sri Lanka ;)"", 'RETRIEVAL NOTES:\n- Ranked by: comprehensive description, visitor experience\n- CONTRADICTION RULE: If Review Evidence contradicts the Knowledge Graph facts, you MUST treat the Knowledge Graph as the absolute ground truth.']","Here is what you can do at **Ella Rock**:

- **Ella Rock** — Located in the Badulla District, this mountain destination is popular for hiking and offers a scenic view that many visitors appreciate.
- Hike to the summit to experience a significant challenge that rewards visitors with a magnificent, amazing, and stunning view.
- Walk along the railway tracks and pass by a waterfall as part of the journey to the destination.
- Traverse through eucalyptus forests and local villages on the way to the top.
- Utilize the services of a local guide to navigate the tracks and paths, as some visitors report that the route can be difficult to find and may lead to getting lost.
- Visit the Farma Cafe, located just after the bridge on the path to the right, to meet a local host.
- Experience the local weather conditions, which can include mist, drizzling rain, and a cool breeze.
- Prepare for an uphill climb that includes rocky, tree-rooted tracks, particularly during the final 20 minutes of the ascent.
- Wear proper hiking boots for the trek, as the terrain is not suitable for those with mobility issues.","Ella Rock is recommended based on visitor evidence highlighting it as a great place for hiking that features waterfalls, trails, rock formations, and amazing views."
Q_EXP_03,Explain about Arugam Bay.,explanation_query,explanation_query,1.0,11.19,0.9523809523809524,0.7902186212907149,0.9999999999,1.0,Explain about Arugam Bay.,"['Knowledge Graph Fact 1. Arugam Bay is a beach located in Ampara District, offering Swimming, Surfing, Relaxing, and Shopping, featuring Peacefulness, Ticket price, Cleanliness, Public transport access, Crowdedness, Value for money, Beach, Waves, Food quality, Restaurants, Accommodation, Service quality, Sea, and Shops.\n   Supporting Evidence:\n   [1] Place: Arugam Bay\nRating: 5 stars\nTitle: a beautiful remote part in the world\nSource: Visitor Review\n\nArugam Bay is a very quite and beautiful location , if you want to get away from the city life, it has some good surfing places, National safari park, nature reserves, lakes, rivers and lagoon, people are super friendly, foods and tasty and plenty with prices vary, sandy beaches, innocent faces and the thick jungles around with full of nature, a place to spend some time to be perfect.\n   [2] Place: Arugam Bay\nCategory: Beach\nLocation: Arugam Bay, Ampara District, Eastern Province, Sri Lanka\nSource: Wikipedia Article\n\nIsraeli tourism and businesses\nArugam Bay is a popular destination for Israeli tourists. Many eateries, spas and other retail outlets in the area display signs in Hebrew. Israeli tourists have set up a Chabad house in the area. 20,515 Israeli tourists visited Sri Lanka between January and August 2024.\n   [3] Place: Arugam Bay\nRating: 3 stars\nTitle: Make sure you are there ON season\nSource: Visitor Review\n\nMy bad that I did not figure out that sri lanka has two very clear seasons and there was the definitively Off season when we visited Arugam. Looking forward to once try it when its on season as it seems like a very cozy and super social place when it´s full of surfers and ppl. Not a big tourist place, BIG plus. Stayed at Hideaway which I SO reccomend. writing a review of that separate :)\n   [4] Place: Arugam Bay\nCategory: Beach\nLocation: Arugam Bay, Ampara District, Eastern Province, Sri Lanka\nSource: Wikipedia Article\n\nConflict between fishing and tourism\n   [5] Place: Arugam Bay\nRating: 5 stars\nTitle: The best place we visited in Sri Lanka\nSource: Visitor Review\n\nIf you like surfing, safari, a great chilled out vibe and a relaxed spot on the beach, go to arugam bay! The people are very friendly and it\'s a one of a kind place with a great selection of beach bars and delicious resterants. Try surf and sea for great thin crust pizza with buffalo cheese, the Hilton for banana and chocolate roti - perfect and cheap for breakfast. If your an Aussie and you\'re feeling home sick, you can even get vegimite and cheese rotti! the hideaway had great western food and\n   [6] Place: Arugam Bay\nCategory: Beach\nLocation: Arugam Bay, Ampara District, Eastern Province, Sri Lanka\nSource: Wikipedia Article\n\nDuring the period of fighting between the central government and Tamil separatists tourism was fairly low key and the hotels often bought the catch of the fishermen. As a result of the peace, tourism expanded and many fishing people who had moved to areas less touched by the conflict returned. Hotel owners began to complain about the smell of drying fish and how the fishing huts blocked their view. In the aftermath of the Tsunami fishing people were forbidden to return, officially on the grounds of safety but allegedly as a result of pressure from the hotel owners.\n   [7] Place: Arugam Bay\nRating: 5 stars\nTitle: Tranquility at its best……\nSource: Visitor Review\n\nWe visited Arugam Bay and stayed at Ranga’s Beach Hut for few days. I loved the stay, food and the atmosphere at Beach Hut. Arugam Bay is an amazing place, the beach to the limit our eye can find scenery. Since we went there closer to the end of the season not crowded as well.We visited Kumana Bird Sanctuary as well, again calm and quiet. Loads of different birds, enough number of crocodiles, elephants, different kind of other animals and If you are lucky you could see the leopard and bear as\n   [8] Place: Arugam Bay\nRating: 3 stars\nTitle: Visit out of season\nSource: Visitor Review\n\nMy partner and I have come to A. Bay for a week of surfing. We\'re about a week early before the season officially starts but we\'re getting good waves already.The benefit of being outside of season is it is much quiter than it will be in a few weeks. We wish we were here a month ago!There is a good vibe about the place as restaurants and guest houses are just opening up. This also gives visitors greater bargaining power for cheaper room rates, tuk rides and food.Be aware that this place gets\n   [9] Place: Arugam Bay\nCategory: Beach\nLocation: Arugam Bay, Ampara District, Eastern Province, Sri Lanka\nSource: Wikipedia Article\n\nArugam Bay (Tamil: அறுகம் குடா, romanized: Aṟukam kuṭā; Sinhala: ආරුගම් බොක්ක, romanized: ārugam bokka), known locally as ""Arugam Kudah"", is situated on the Indian Ocean in the dry zone of Sri Lanka\'s southeast coast, and a historic settlement of the ancient Batticaloa Territory (Mattakallappu Desam). Arugam Kudah\'s literal Tamil translation is ""Bay of Cynodon dactylon"".', 'RETRIEVAL NOTES:\n- Ranked by: positive sentiment, comprehensive description\n- CONTRADICTION RULE: If Review Evidence contradicts the Knowledge Graph facts, you MUST treat the Knowledge Graph as the absolute ground truth.']","Here is what you can do at **Arugam Bay**, located in the Ampara District:

- Engage in activities such as swimming, surfing, relaxing, and shopping. Surfing is a particularly popular activity here, supported by the quality of the waves and the beach itself.
- Explore the surrounding nature, including national safari parks, nature reserves, lakes, rivers, and lagoons.
- Visit the Kumana Bird Sanctuary to see birds, crocodiles, elephants, and potentially leopards and bears.
- Experience the local atmosphere, which features sandy beaches, thick jungles, and a chilled-out vibe. While the area is known for its peacefulness, be aware that it can get crowded.
- Dine at a variety of beach bars and restaurants offering diverse food options, including western dishes, banana and chocolate roti, and pizza. The food quality at these restaurants is well-regarded.
- Interact with the local community, described as super friendly.
- Utilize local amenities such as spas and retail outlets, some of which display signs in Hebrew to cater to the area's popularity with Israeli tourists.
- Benefit from potential bargaining power for room rates, tuk-tuk rides, and food when visiting outside of the official season, as some visitors find the value for money to be a concern during peak times.
- Note that the area is a historic settlement of the ancient Batticaloa Territory located in the dry zone of the southeast coast.
- Be aware of the local context regarding the fishing industry, which has experienced historical conflicts with tourism development.
- Enjoy the convenience of local accommodation and services, though public transport access to the area remains neutral in terms of visitor experience.","Evidence indicates Arugam Bay is excellent for surfing and swimming, featuring a peaceful sandy beach with good waves and food, though it can get crowded."
Q_EXP_04,Explain about Victoria Park of Nuwara Eliya.,explanation_query,explanation_query,1.0,14.89,1.0,0.8272376012519679,0.9999999999,0.0,Explain about Victoria Park of Nuwara Eliya.,"[""Knowledge Graph Fact 1. Victoria Park of Nuwara Eliya is a Garden / Park located in Colombo District for Relaxing, featuring Family friendliness, Ticket price, Cleanliness, and Entrance fee.\n   Supporting Evidence:\n   [1] Place: Victoria Park of Nuwara Eliya\nRating: 5 stars\nTitle: Victoria part nuwaraeliya\nSource: Visitor Review\n\nVictoria park is a public park located in Nuwaraeliya. Next to the nuwaraeliya post office in srilanka 🇱🇰.originally the park was the research field of hakgala botanical garden.the park was formerly named in 1897 to commemorate the Diamond jubilee of Queen Victoria.\n   [2] Place: Victoria Park of Nuwara Eliya\nCategory: Garden / Park\nLocation: Colombo, Colombo District, Western Province, Sri Lanka\nSource: Wikipedia Article\n\nDESTINATION: Victoria Park of Nuwara Eliya\nTYPE: Garden / Park\nLOCATION: Colombo, Colombo District, Western Province, Sri Lanka\nCOORDINATES: 6.9138226, 79.8614842\nADDRESS: Vihara Maha Devi Park, Cinnamon Gardens, Slave Island, Colombo, Colombo District, Western Province, Sri Lanka\n\nVictoria Park of Nuwara Eliya is a garden / park located in Colombo District. It is a travel destination in Sri Lanka.\nAddress: Vihara Maha Devi Park, Cinnamon Gardens, Slave Island, Colombo, Colombo District, Western Province, Sri Lanka\n   [3] Place: Victoria Park of Nuwara Eliya\nRating: 5 stars\nTitle: Beautiful Place .Must visit\nSource: Visitor Review\n\nVictoria Park is must visit place in Nuwara Eliya nice big garden with beautiful flowers and view take photo as much as possible:)\n   [4] Place: Victoria Park of Nuwara Eliya\nRating: 3 stars\nTitle: Visit\nSource: Visitor Review\n\nPoor rose garden. No much flowers. last time I came there in March and it was very nice experience. Now there is a HELA BOJUNHALA nere to the entrance and you can have traditional Sri Lankan food.\n   [5] Place: Victoria Park of Nuwara Eliya\nRating: 3 stars\nTitle: Nuwara eliya\nSource: Visitor Review\n\nslow-growing tea bushes of this highland region produce some of the world's finest orange pekoe tea. Several tea factories around Nuwara Eliya offer guided tours and the opportunity to sample or purchase their products.\n   [6] Place: Victoria Park of Nuwara Eliya\nRating: 3 stars\nTitle: Worth a visit\nSource: Visitor Review\n\nJust in the city centre itself, good enough for walks and for enjoying the trees... reasonably maintained\n   [7] Place: Victoria Park of Nuwara Eliya\nRating: 1 stars\nTitle: One of the worst ever\nSource: Visitor Review\n\nAt the gate after buying entry tickets you are guided towards the museum, big sign Silence, black and white photos the latest 1940.The park no flowers at this time of year, scruffy with big signs saying No Playing in the Park, and Behave with decorum.Enjoy at your peril!"", 'RETRIEVAL NOTES:\n- Ranked by: relevance, comprehensive description\n- CONTRADICTION RULE: If Review Evidence contradicts the Knowledge Graph facts, you MUST treat the Knowledge Graph as the absolute ground truth.']","Here is what you can do at **Victoria Park of Nuwara Eliya**:

- Visit the public park located in Nuwara Eliya, situated next to the Nuwara Eliya post office.
- Explore the grounds, which were originally the research field of Hakgala Botanical Garden and were named in 1897 to commemorate the Diamond Jubilee of Queen Victoria.
- Walk through the garden to enjoy the trees and the city centre location. Visitors often find the park to be a clean space suitable for relaxing.
- View the flowers, though the presence of blooms can vary depending on the time of year.
- Visit the Hela Bojunhala located near the entrance to consume traditional Sri Lankan food.
- Note that the park features a museum and signage regarding park conduct.
- The park is noted for its family friendliness, and visitors can expect to pay an entrance fee or ticket price to gain access.
- Be aware that while visitor reviews identify the park as being in Nuwara Eliya, the provided knowledge graph data lists the location as Colombo District.","Victoria Park of Nuwara Eliya is recommended because evidence shows it is a well-maintained, clean garden that is family-friendly and good for relaxing walks."
Q_EXP_05,Explain about the Temple of the Sacred Tooth Relic.,explanation_query,explanation_query,1.0,15.21,0.8181818181818182,0.7804718971856793,0.9999999999,1.0,Explain about the Temple of the Sacred Tooth Relic.,"[""Knowledge Graph Fact 1. The Temple of the Sacred Tooth Relic is a Religious Site in Kandy District for Religious visits and Temple visits, featuring a Temple, Buddha statue, Peacefulness, Ticket price, Crowdedness, Local guide, and Museum.\n   Supporting Evidence:\n   [1] Place: Temple of the Sacred Tooth Relic\nRating: 4 stars\nTitle: Historic Relic, A Bit Dull\nSource: Visitor Review\n\nSet in a large garden with several historic statues, this holy site is well kept, with an ornate building housing the tooth, but not much else. Much of the temple was heavily damaged by a LTTE suicide bomber, so much is modern. There is also a series of paintings that tracks the tangled history of the tooth. See it for the history.\n   [2] Place: Temple of the Sacred Tooth Relic\nRating: 5 stars\nTitle: Very interesting\nSource: Visitor Review\n\nSpending hours in the temple observing and respecting teaches much of the beliefs and character of the people of Sri Lanka\n   [3] Place: Temple of the Sacred Tooth Relic\nRating: 5 stars\nTitle: Important Buddhist Site in Kandy.\nSource: Visitor Review\n\nThe Tooth Relic Temple,also known as the temple of the Sacred Tooth Relic, is an Important Buddhist Site in Kandy Sri Lanka. People visit this Temple to Pray Respect and Seek Blessings. The Temple Houses a Relic Believed to be a Tooth of the Buddha.\n   [4] Place: Temple of the Sacred Tooth Relic\nRating: 5 stars\nTitle: Was really interesting\nSource: Visitor Review\n\nWe was on a 3 day tour of Sri Lanka and our second day we visited the temple of the sacred tooth I was with my with who's in a wheelchair so our tour guide went and got us the tickets but we only paid for one we went up to the temple there is a accessible route for wheelchair and a lift so we was in the temple watching all praying and giving food and flowers was busy but nice Then they opened the door and you could see where the scared tooth is hidden but it went a bit mad everybody trying to\n   [5] Place: Temple of the Sacred Tooth Relic\nCategory: Religious Site\nLocation: Kandy, Kandy District, Central Province, Sri Lanka\nSource: Wikipedia Article\n\nDESTINATION: Temple of the Sacred Tooth Relic\nTYPE: Religious Site\nLOCATION: Kandy, Kandy District, Central Province, Sri Lanka\nCOORDINATES: 7.2936148, 80.6413453\nADDRESS: Sri Dalada Maligawa, Sri Dalada Veediya, Bogambara, Buwelikada, Kandy, Kandy District, Central Province, 20000, Sri Lanka\nDESCRIPTION: Temple complex in Kandy, Sri Lanka\nSOURCE: https://en.wikipedia.org/wiki/Temple_of_the_Tooth\n   [6] Place: Temple of the Sacred Tooth Relic\nRating: 4 stars\nTitle: Nice place to Visit with Sri Lanka Jason Private drivers\nSource: Visitor Review\n\nwe been there in this month with our Sri Lanka private driver Jason, actually Nice Place to Visit Kandy Tooth Temple, they have Really interesting Culture and History we love this place. I can recommend this Temple!good luck\n   [7] Place: Temple of the Sacred Tooth Relic\nRating: 5 stars\nTitle: Stunning\nSource: Visitor Review\n\nFor 2 westerners who have no knowledge of Buddhism, this temple is magnificent. Very informative about the history of Buddhism and the importance of the tooth relic. We were very aware that we were in a place sacred to the Buddhist people but we never felt like we were not welcome or intruding.Beautiful grounds and buildings and ornaments. Would go again.\n   [8] Place: Temple of the Sacred Tooth Relic\nRating: 4 stars\nTitle: Sri Lanka's spiritual and cultural heritage\nSource: Visitor Review\n\nThis sacred site, nestled within the heart of the Kandy city, is a testament to the rich history and religious significance of Sri Lanka. Upon entering the temple complex, the first thing that captures your attention is the magnificent architecture that seamlessly blends different traditional styles. The intricate carvings, vibrant paintings, and the imposing structure create an aura of grandeur, setting the stage for the profound experience that awaits inside. Main highlight of the temple is"", 'RETRIEVAL NOTES:\n- Ranked by: historical importance, cultural significance\n- CONTRADICTION RULE: If Review Evidence contradicts the Knowledge Graph facts, you MUST treat the Knowledge Graph as the absolute ground truth.']","The Temple of the Sacred Tooth Relic is a significant religious site located in the Kandy District of Sri Lanka that houses a relic believed to be a tooth of the Buddha. Visitors often visit for a religious experience or a temple visit. While the temple itself is well-regarded, you may encounter some crowdedness during your visit. To enhance your experience, you might consider hiring a local guide, as they are frequently noted for their helpfulness. Additionally, the site includes a museum that provides further insight into its history.

Here is what you can do at the Temple of the Sacred Tooth Relic:

- Pray, show respect, and seek blessings at this important Buddhist site.
- Observe the local customs, such as the offering of food and flowers.
- View the location where the sacred tooth is kept when the doors are opened.
- Explore the grounds, which feature an ornate building, historic statues, and a large garden.
- Examine the series of paintings that track the history of the tooth.
- Learn about the beliefs, character, and cultural history of the people of Sri Lanka.
- Utilize the accessible route and lift if visiting with a wheelchair.
- Appreciate the architecture, which includes intricate carvings and traditional styles.
- Take a moment to enjoy the peacefulness of the surroundings.
- Keep in mind that there is a ticket price for entry.","Evidence highlights the Temple of the Sacred Tooth Relic as a deeply peaceful, culturally important site containing a Buddha statue, though it charges an entrance fee and can be crowded."
Q_EXP_06,Explain about Galle Fort Lighthouse.,explanation_query,explanation_query,1.0,10.27,0.9333333333333332,0.7282033827180147,0.9999999999,1.0,Explain about Galle Fort Lighthouse.,"[""Knowledge Graph Fact 1. Galle Fort Lighthouse is a lighthouse in Galle District for Photography and Fort visits, featuring Scenic view, Beach, Sea, Fort, Sunset view, and Lighthouse.\n   Supporting Evidence:\n   [1] Place: Galle Fort Lighthouse\nRating: 3 stars\nTitle: Not unusual\nSource: Visitor Review\n\nThe lighthouse is the same as most other lighthouses and for some reason reminded me of the lighthouse near Fort Jesus in Mombassa\n   [2] Place: Galle Fort Lighthouse\nRating: 3 stars\nTitle: A Lighthouse\nSource: Visitor Review\n\nAnd there was me thinking there were no lighthouses in Sri Lanka. 18mts high this one stands and is great to have a look when you are walking around the fort. A nice place for a photo op and there is a little stall to buy some trinkets, definitely bargain though.\n   [3] Place: Galle Fort Lighthouse\nCategory: Lighthouse\nLocation: Galle, Galle District, Southern Province, Sri Lanka\nSource: Wikipedia Article\n\nDESTINATION: Galle Fort Lighthouse\nTYPE: Lighthouse\nLOCATION: Galle, Galle District, Southern Province, Sri Lanka\nCOORDINATES: 6.0245483, 80.2193733\nADDRESS: Galle Fort Lighthouse, Rampart Street, Talbot Town, Galle, Galle District, Southern Province, 80000, Sri Lanka\nDESCRIPTION: Lighthouse in Sri Lanka\nSOURCE: https://en.wikipedia.org/wiki/Galle_Lighthouse\n\nThe Galle Lighthouse (also known as Pointe de Galle Light) is an onshore lighthouse in Galle, Sri Lanka and is operated and maintained by the Sri Lanka Ports Authority. It is Sri Lanka's oldest light station.\n   [4] Place: Galle Fort Lighthouse\nRating: 3 stars\nTitle: Take a picture and move along\nSource: Visitor Review\n\nIt's supposed to be have been built by the Dutch. You can take a couple of pictures overlooking the ocean. The area with the fort boundary, you can walk about. There are some food vendors and also one person who is willing to jump from the walls into the ocean for you to take photographs, if you pay him. The good bit about the place is that it doesn't feel as if you are in Sri Lanka.\n   [5] Place: Galle Fort Lighthouse\nCategory: Lighthouse\nLocation: Galle, Galle District, Southern Province, Sri Lanka\nSource: Wikipedia Article\n\nSee also\n\nList of lighthouses in Sri Lanka\n\n\nReferences\n\n\nExternal links\nGalle Light\nBritish Library photograph of the original 1848 lighthouse Archived 8 October 2021 at the Wayback Machine\nSri Lanka Ports Authority\nLighthouses of Sri Lanka\n   [6] Place: Galle Fort Lighthouse\nCategory: Lighthouse\nLocation: Galle, Galle District, Southern Province, Sri Lanka\nSource: Wikipedia Article\n\nHistory\nPhilippus Baldaeus, a Dutch minister who served in the area in the late 1650s, detailed his observations of Galle Harbour, in his work, A True and Exact Description of the most Celebrated East-India Coasts of Malabar and Coromandel and also of the isle of Ceylon (1672), stating that there was an iron cannon placed on the ramparts and a lantern to guide the sailors on top of the 28 feet above sea level rock which jutted out into the sea.\n   [7] Place: Galle Fort Lighthouse\nRating: 5 stars\nTitle: Historical\nSource: Visitor Review\n\nNice view for picture taking. Very historical. The whole place actually. You can stop by to chill and relax.\n   [8] Place: Galle Fort Lighthouse\nRating: 4 stars\nTitle: Fort Galle\nSource: Visitor Review\n\nYou can walk and climb over the walls of the old fortress. The fortress consists some 14 bastions with coral and granite stones over an area of 52 hectares (130 acres). The big walls are mostly build in 1663 by the Dutch and still in a good condition. The panorama over the sea and harbour are very beautiful. At the end of the ramparts there is a lighthouse erected in 1939. Several streets in the city have Dutch names like : Moorse Kramerstraat, Lijnbaanstraat, Zeeburgstraat en Middelpuntstraat."", 'RETRIEVAL NOTES:\n- Ranked by: historical significance, visitor experience\n- CONTRADICTION RULE: If Review Evidence contradicts the Knowledge Graph facts, you MUST treat the Knowledge Graph as the absolute ground truth.']","Here is what you can do at **Galle Fort Lighthouse**:

- View the 18-meter-high structure, which serves as Sri Lanka's oldest light station and is operated by the Sri Lanka Ports Authority.
- Walk and climb over the walls of the old fortress, which features 14 bastions built with coral and granite stones. This fort visit is a popular activity for those exploring the area.
- Take photographs of the ocean and the surrounding fort area, as the site is well-regarded for photography.
- Enjoy the panorama over the sea and harbor, taking in the scenic view and the sunset view.
- Stop by to chill and relax in a historical setting near the beach and the sea.
- Purchase trinkets from a small stall located nearby, though bargaining is recommended.
- Observe local vendors or individuals who may offer to jump from the walls into the ocean for photographs in exchange for payment.","Galle Fort Lighthouse is recommended based on evidence showing it offers scenic sunset views of the sea and beach, making it great for photography."
Q_EXP_07,Explain about Horton Plains National Park.,explanation_query,explanation_query,1.0,11.32,1.0,0.7819949415918183,0.9999999999,1.0,Explain about Horton Plains National Park.,"[""Knowledge Graph Fact 1. Horton Plains National Park is a National Park and Wildlife Reserve in Nuwara Eliya District offering Waterfall visit, Hiking, and Trekking, featuring Waterfall, Trail, Scenic view, Weather condition, Wildlife, Ticket price, Cleanliness, Mountain, Crowdedness, Value for money, Entrance fee, and Birds.\n   Supporting Evidence:\n   [1] Place: Horton Plains National Park\nRating: 5 stars\nTitle: Amazing views\nSource: Visitor Review\n\nA really nice park with some amazing views. Try to go there by car because the road is not that great. Inside the park you will\n   [2] Place: Horton Plains National Park\nCategory: National Park / Wildlife Reserve\nLocation: Nuwara Eliya, Nuwara Eliya District, Central Province, Sri Lanka\nSource: Wikipedia Article\n\nDESTINATION: Horton Plains National Park\nTYPE: National Park / Wildlife Reserve\nLOCATION: Nuwara Eliya, Nuwara Eliya District, Central Province, Sri Lanka\nCOORDINATES: 6.8067144, 80.8021297\nADDRESS: Horton Plains National Park, Nuwara Eliya, Nuwara Eliya District, Central Province, Sri Lanka\nDESCRIPTION: National park in Sri Lanka\nSOURCE: https://en.wikipedia.org/wiki/Horton_Plains_National_Park\n   [3] Place: Horton Plains National Park\nRating: 5 stars\nTitle: Nice Walk to the end of the world!\nSource: Visitor Review\n\nof the weather, but also because of the great welcoming by a majestic dear right on our way! The countryside invites to take Photos and rest in a quiet surrounding. The worlds end was pretty impressive, even the 'little' one. The big one... well, you got to see it yourself! But take care, its a long way down there.The whole walk ended with a beautiful waterfall... wow, what a day! I tell you, it is totally worth it. We've been for five weeks in sri lanka, and this was one of our favorite trips.\n   [4] Place: Horton Plains National Park\nRating: 5 stars\nTitle: Amazing place\nSource: Visitor Review\n\nGreat one of places in sri lanka. We started our journey early morning to Horton Plains park. Great experience.\n   [5] Place: Horton Plains National Park\nCategory: National Park / Wildlife Reserve\nLocation: Nuwara Eliya, Nuwara Eliya District, Central Province, Sri Lanka\nSource: Wikipedia Article\n\nland area covered by Horton Plains is 3,160 hectares (12.2 mi2). Horton Plains contains the most extensive area of cloud forest still existing in Sri Lanka. In July 2010, the Central Highlands of Sri Lanka which incorporates Horton Plains National Park, Peak Wilderness Sanctuary and Knuckles Mountain Range was inscribed on the World Heritage List.\n   [6] Place: Horton Plains National Park\nRating: 5 stars\nTitle: A walk to remember\nSource: Visitor Review\n\nThis place is absolute genius. A place you feel scenery, temperature, landscape change throughout the trail. It's an exceptional experience being here. A place you must visit if you are in nuwara Eliya. The tickets are on the steeper side to go in. We paid about 7.8k Sri Lankan to enter the park. But once you enter it's nature at its best. It takes about 4 hours at a good pace. Recommend that you start as early as possible We started the walk at 630 am.\n   [7] Place: Horton Plains National Park\nRating: 5 stars\nTitle: Annual trip\nSource: Visitor Review\n\nExcellent place to.visit for a hike and mingle with narture , birds , virgin water thats sprouts and fills up rivers downhill.You need to wear hiking gear and be prepared for wet weather .\n   [8] Place: Horton Plains National Park\nRating: 5 stars\nTitle: Early for the view\nSource: Visitor Review\n\nlabels off bottles. We were fine and did the walk clockwise, it was nice and relatively easy. Wear good walking shoes and our accommodation had supplied us a packed breakfast which was really nice of them. We sat and ate that at worlds end and got a lovely view. It seemed a popular spot to sit and have breakfast. There was only 6 people there (3 of us) which was really peaceful. The clouds come in pretty quick. We enjoyed bakers falls and walked back. You strip off your layers as you go along"", 'RETRIEVAL NOTES:\n- Ranked by: relevance, comprehensive description\n- CONTRADICTION RULE: If Review Evidence contradicts the Knowledge Graph facts, you MUST treat the Knowledge Graph as the absolute ground truth.']","Horton Plains National Park is a national park and wildlife reserve located in the Nuwara Eliya District of the Central Province, covering 3,160 hectares and containing the most extensive area of cloud forest still existing in Sri Lanka.

Here is what you can do at **Horton Plains National Park**:

- Experience a hike or trek through the park, which takes about 4 hours at a good pace. Visitors often enjoy the hiking and trekking opportunities available along the trails.
- Visit World's End, a location that offers impressive views, and the ""little"" World's End. The park is well-regarded for its scenic views.
- See Baker's Falls, a beautiful waterfall located within the park. The waterfall is a popular feature for visitors to explore.
- Observe wildlife, including deer, and various birds.
- Take photos of the countryside and enjoy the quiet surroundings.
- Experience changing scenery, temperatures, and landscapes throughout the trail. Be mindful that some visitors have noted negative experiences regarding weather conditions.
- Start your journey early in the morning, as it is recommended to begin the walk as early as 6:30 am.
- Wear hiking gear and good walking shoes, and be prepared for wet weather conditions.
- Note that the entrance tickets are on the steeper side, with one visitor reporting a cost of 7,800 Sri Lankan rupees. While the entrance fee is a standard requirement, some visitors have expressed mixed feelings regarding the value for money and cleanliness of the area.
- Travel to the park by car, as the road conditions can be challenging. You may also encounter some crowdedness during your visit.
- Be aware that the Central Highlands of Sri Lanka, which incorporates this park, was inscribed on the World Heritage List in July 2010.","Evidence indicates Horton Plains National Park is an excellent location for hiking and trekking, featuring scenic mountain trails, waterfalls, and wildlife like birds, though visitors should be prepared for varying weather."
Q_EXP_08,Explain about Sri Pada / Adam's Peak.,explanation_query,explanation_query,1.0,11.27,1.0,0.7999420983881467,0.9999999999,1.0,Explain about Sri Pada / Adam's Peak.,"[""Knowledge Graph Fact 1. Sri Pada / Adam's Peak is located in Nuwara Eliya District as a Viewpoint / Hiking destination for Sunrise watching, featuring Waterfall, Road access, Trail, Rock formation, Safety, Leeches, River, Scenic view, Stairs, Temple, Weather condition, Buddha statue, Peacefulness, Family friendliness, Wildlife, Ticket price, Cleanliness, Mountain, Public transport access, Crowdedness, Local guide, Heritage site, Value for money, Food quality, Restaurants, Accommodation, Service quality, Shops, Entrance fee, Lake, Sunset view, Water depth, Toilets, Souvenir stalls, Market, Cafes, Signage, Hindu shrine, Forest, Sunrise view, and Strong current.\n   Supporting Evidence:\n   [1] Place: Sri Pada / Adam's Peak\nCategory: Viewpoint / Hiking\nLocation: Nallathanniya, Nuwara Eliya District, Central Province, Sri Lanka\nSource: Wikipedia Article\n\nAdam's Peak is a 2,243-metre-tall (7,359-foot) conical sacred mountain located in central Sri Lanka. It is well known for the Sri Pada, a 1.8\xa0m rock formation resembling a footprint near the summit whose name is also used for the mountain itself. In Buddhist tradition the print is held to be the footprint of the Buddha, later in Sri Lankan Hindu tradition that of Hanuman or Shiva, and in some Islamic and Christian traditions that of Adam or St. Thomas the Apostle.\n   [2] Place: Sri Pada / Adam's PeakUnclaimedIf you own this business, claim it for free now to update business info, respond to reviews, and more.Claim this listing\nRating: 1 stars\nTitle: So overrated\nSource: Visitor Review\n\nnot the peaks fault though). All in all it was terribly underwhelming and we’re glad we mostly stay away from this kind of touristy crap. This country has sooooo much more special places to offer! So just maybe do this when you’ve already exhausted all your other options on your travels through Sri Lanka ;)\n   [3] Place: Sri Pada / Adam's Peak\nCategory: Viewpoint / Hiking\nLocation: Nallathanniya, Nuwara Eliya District, Central Province, Sri Lanka\nSource: Wikipedia Article\n\nDESTINATION: Sri Pada / Adam's Peak\nTYPE: Viewpoint / Hiking\nLOCATION: Nallathanniya, Nuwara Eliya District, Central Province, Sri Lanka\nCOORDINATES: 6.8261677, 80.5232448\nADDRESS: Adam's Peak Inn, Hatton-Maskeliya-Sri Pada Road, Dalhousie, Nallathanniya, Nuwara Eliya District, Central Province, 22070, Sri Lanka\nDESCRIPTION: Mountain in Sri Lanka\nSOURCE: https://en.wikipedia.org/wiki/Adam's_Peak\n   [4] Place: Sri Pada / Adam's PeakUnclaimedIf you own this business, claim it for free now to update business info, respond to reviews, and more.Claim this listing\nRating: 5 stars\nTitle: Must do - Opportunity to witness a snapshot of Sri Lankan culture\nSource: Visitor Review\n\nPlan you trip so you have enough time. You only need one night stay at Nallathanniya which is just at the starting point of the hike. I started the hike around midnight, leaving me enough time to get to the top at sunrise. Prepare for heavy traffic along the way. hence the early start. Once you are at the Indikatupahana a traditional landmark along the way, you have a choice to continue on the same route or change it to a more adventurous but rewarding one. Changing to the Ratnapura track will\n   [5] Place: Sri Pada / Adam's PeakUnclaimedIf you own this business, claim it for free now to update business info, respond to reviews, and more.Claim this listing\nRating: 5 stars\nTitle: Take the risk and do it in the off season\nSource: Visitor Review\n\nWe climbed Sri Pada in August, normally the off season and often has hazy views. We were very lucky and got up for the sunrise walk and had absolutely spectacular views. It rained a bit but was still excellent. Definitely stretch your legs afterwards though, all those stairs on the way down were a killer"", ""Place: Little Adam's Peak View Point\nCategory: Viewpoint / Hiking\nLocation: Badulla District, Uva Province, Sri Lanka\nSource: Wikipedia Article\n\nDESTINATION: Little Adam's Peak View Point\nTYPE: Viewpoint / Hiking\nLOCATION: Badulla District, Uva Province, Sri Lanka\nCOORDINATES: 6.86505, 81.0630167\nADDRESS: Little Adam's Peak, Badulla District, Uva Province, 90900, Sri Lanka\n\nLittle Adam's Peak View Point is a viewpoint / hiking located in Badulla District. It is a travel destination in Sri Lanka.\nAddress: Little Adam's Peak, Badulla District, Uva Province, 90900, Sri Lanka"", 'RETRIEVAL NOTES:\n- Ranked by: relevance, comprehensive description\n- CONTRADICTION RULE: If Review Evidence contradicts the Knowledge Graph facts, you MUST treat the Knowledge Graph as the absolute ground truth.']","Here is what you can do at **Sri Pada / Adam's Peak**:

- Visit the 2,243-metre-tall (7,359-foot) conical sacred mountain located in the Nuwara Eliya District, which offers a scenic view and a sense of peacefulness.
- View the Sri Pada, a 1.8 m rock formation resembling a footprint near the summit, which is held in Buddhist tradition to be the footprint of the Buddha, in Sri Lankan Hindu tradition that of Hanuman or Shiva, and in some Islamic and Christian traditions that of Adam or St. Thomas the Apostle. You can also see a Buddha statue and a Hindu shrine at the site.
- Hike the mountain, which features stairs and traditional landmarks such as Indikatupahana. While the trail is well-known, be aware that there are reports regarding safety and the presence of leeches.
- Choose between the standard route or the Ratnapura track for a more adventurous experience.
- Start the hike around midnight to reach the summit in time for the sunrise view, which is a highlight for many visitors.
- Prepare for heavy traffic along the way, as the mountain can get quite crowded.
- Experience the mountain during the off-season, such as in August, though weather conditions may be poor and views may be hazy.
- Stretch your legs after the descent, as the stairs can be physically demanding.
- Stay overnight in Nallathanniya, which is located at the starting point of the hike and offers various accommodation options.
- Enjoy the value for money and service quality provided by local establishments, and take advantage of the nearby shops and souvenir stalls.","Sri Pada is recommended because evidence highlights it as a deeply peaceful heritage site with scenic mountain and sunrise views, though the trail involves many stairs and leeches."
Q_EXP_09,Explain about the Ancient City of Polonnaruwa.,explanation_query,explanation_query,1.0,10.8,1.0,0.7787029557617665,0.9999999999,0.5,Explain about the Ancient City of Polonnaruwa.,"['Knowledge Graph Fact 1. Polonnaruwa Vatadage is a Heritage Site in Polonnaruwa District for Ancient city visit and Ruins exploration, featuring Temple, Weather condition, Ancient ruins, Buddha statue, Local guide, Museum, Heritage site, and Sculptures.\n   Supporting Evidence:\n   [1] Place: Polonnaruwa Vatadage\nCategory: Heritage Site\nLocation: Polonnaruwa, Polonnaruwa District, North Central Province, Sri Lanka\nSource: Wikipedia Article\n\nDESTINATION: Polonnaruwa Vatadage\nTYPE: Heritage Site\nLOCATION: Polonnaruwa, Polonnaruwa District, North Central Province, Sri Lanka\nCOORDINATES: 7.9473418, 81.0014847\nADDRESS: Vatadage, Habarana-Polonnaruwa-Batticaloa Road, 26th Mile Post, Polonnaruwa, Polonnaruwa District, North Central Province, 51000, Sri Lanka\n\nPolonnaruwa Vatadage is a heritage site located in Polonnaruwa District. It is a travel destination in Sri Lanka.\nAddress: Vatadage, Habarana-Polonnaruwa-Batticaloa Road, 26th Mile Post, Polonnaruwa, Polonnaruwa District, North Central Province, 51000, Sri Lanka', 'Place: Ancient City of Polonnaruwa\nRating: 4 stars\nTitle: So much to see in a week let alone a day!\nSource: Visitor Review\n\nMy wife and myself are currently holidaying in Sri Lanka and earlier today we visited the old Capital of Polonnaruwa.We began our visit at the Archeological Museum (see separate Review) which gave a sense of what lay in store but the scale and size of the main site has to be seen to be believed. It is also hard to believe that barely 5% of the site has so far been excavated so you can imagine what treasures will be unearthed in years to come!As such, to get the most out of one’s day visitors are', 'Place: Ancient City of Polonnaruwa\nCategory: Heritage Site\nLocation: Sri Lanka\nSource: Wikipedia Article\n\nSee also\nPolonnaruwa Vatadage\nHatadage\nRankoth Vehera\nNissanka Latha Mandapaya\nGal Vihara\nAnuradhapura\nSigiriya\nMahawamsa\nPlace names in Sri Lanka\nStatue of Parakramabahu I\nPolonnaruwa agreement\nMenik Wehera\n\n\nReferences\n\nBalasooriya, Jayasinghe (2004). The Glory of Ancient Polonnaruva. Polonnaru\n\n[Content truncated — see full article on Wikipedia]', 'Place: Ancient City of Polonnaruwa\nCategory: Heritage Site\nLocation: Sri Lanka\nSource: Wikipedia Article\n\nHistory', ""Place: Ancient City of Polonnaruwa\nRating: 5 stars\nTitle: Ancient city ruins of the Chola dynasty\nSource: Visitor Review\n\nIt is not a large area and the ruins aren’t as intact as in Angkor Wat, if a comparison needs to be made. But it is a good introduction to the history of Sri Lanka. The second most ancient of Sri Lanka's kingdoms, Polonnaruwa was first established by the Chola dynasty after their successful invasion of the country's then capital, Anuradhapura, in the 10th century. The Ancient City of Polonnaruwa has been declared a World Heritage Site. Polonnaruwa is the second largest city in North Central"", 'Place: Ancient City of Polonnaruwa\nRating: 5 stars\nTitle: Full of beauties\nSource: Visitor Review\n\nIt has a lot of beauties about ancient but its very different from the other ancients. I visited for a 2 hour,so i had to skip some points but i think it deserves 3 hours if you want to catch to everypoint', 'Place: Ancient City of Polonnaruwa\nRating: 5 stars\nTitle: Fascinating place and great experience with our local guide, Jayalath.\nSource: Visitor Review\n\nfinding Jayalath if you can and make the most of your trip through the ancient ruins.', 'Place: Ancient City of Polonnaruwa\nRating: 3 stars\nTitle: Second-class site, plus how to get there from Dambulla\nSource: Visitor Review\n\nstandard; the sculpture works were relatively few and not particularly good aesthetically. The fundamental reason, I suppose, is that the kingdom over which Polonnaruwa controlled was probably a smallish one (by world standards) and it might never have had the resources to build a truly great capital city. As a second-class city, today we have second-class ruins. Add to that sub-par management, lack of cafes and toilets in the sites despite the heat and great distances... and my feeling at the', 'Place: Ancient City of Polonnaruwa\nRating: 5 stars\nTitle: Enlightening\nSource: Visitor Review\n\nWe had a guided tour around the multiple sites that was informative and interesting. Well worth a visit.', 'RETRIEVAL NOTES:\n- Ranked by: historical importance, visitor reviews\n- CONTRADICTION RULE: If Review Evidence contradicts the Knowledge Graph facts, you MUST treat the Knowledge Graph as the absolute ground truth.']","The Ancient City of Polonnaruwa is a World Heritage Site and the second most ancient of Sri Lanka's kingdoms, originally established by the Chola dynasty in the 10th century following their invasion of Anuradhapura.

Here is what you can do at the **Polonnaruwa Vatadage**:

- **Polonnaruwa Vatadage** — Explore this heritage site to view its ancient ruins and intricate sculptures.
- Observe the Buddha statue located within the temple grounds.
- Utilize the services of a local guide to enhance your exploration of the ruins.
- Visit the museum to gain context and a sense of what to expect from the site.
- Be prepared for the site's weather conditions, which can vary during your visit.

Visitors to the broader Ancient City of Polonnaruwa often note the following:

- The site is vast in scale, with only a small portion currently excavated, suggesting many treasures remain to be unearthed.
- A visit typically requires at least three hours to cover the various points of interest, though some visitors may find two hours sufficient for a brief tour.
- Guided tours are available and are described as informative and interesting for those exploring the multiple sites.
- The area serves as an introduction to the history of Sri Lanka, featuring various ruins and historical structures.
- Some visitors note that the site lacks certain amenities such as cafes and toilets, and that the distances between ruins can be significant.","Evidence supports the Ancient City of Polonnaruwa as a highly rated heritage site where visitors can explore ancient ruins and temples, though weather conditions can be a factor."
Q_EXP_10,Explain about Yala National Park.,explanation_query,explanation_query,1.0,10.36,0.8181818181818182,0.7598412067576428,0.9999999999,0.5,Explain about Yala National Park.,"['Knowledge Graph Fact 1. Yala National Park is a National Park / Wildlife Reserve offering Safari, featuring Road access, Trail, Wildlife, Ticket price, Crowdedness, Local guide, Beach, Accommodation, Birds, Elephants, Forest, and Leopards.\n   Supporting Evidence:\n   [1] Place: Yala National Park\nRating: 5 stars\nTitle: Great with the right crew\nSource: Visitor Review\n\npark visitors can buy their ticket first and are then allowed to queue up in the sometimes very long motorcade on the left at the gate and they also have no guide in the car. We were completely satisfied.\n   [2] Place: Yala National Park\nCategory: National Park / Wildlife Reserve\nLocation: Uva Province, Sri Lanka\nSource: Wikipedia Article\n\nThe area around Yala National Park has hosted several ancient civilizations. Two important Buddhist pilgrim sites, Sithulpahuwa and Magul Vihara, are situated within the park. The 2004 Indian Ocean earthquake and tsunami caused severe damage on the Yala National Park, and 250 people died in its vicinity.\n   [3] Place: Yala National Park\nRating: 5 stars\nTitle: Wild Impressions from Yala - Buthawa Bungalow, Yala National Park, Sri Lanka\nSource: Visitor Review\n\nIn January, we stayed at the Buthawa Bungalow in Yala with a couple of friends and had some wonderful sightings. During the three days we spent at the bungalow within the park we were able to have some close encounters with Leopards. That was definitely the icing on the cake but we also spotted many species of birds and mammals.Established in 1938, Yala National Park is one of the best places to spot wildlife in Sri Lanka. Located on the island’s south coast, Yala encompasses open grasslands,\n   [4] Place: Yala National Park\nCategory: National Park / Wildlife Reserve\nLocation: Uva Province, Sri Lanka\nSource: Wikipedia Article\n\nDESTINATION: Yala National Park\nTYPE: National Park / Wildlife Reserve\nLOCATION: Uva Province, Sri Lanka\nCOORDINATES: 6.5709721, 81.5072819\nADDRESS: Yala National Park, Uva Province, Sri Lanka\nDESCRIPTION: National park in Sri Lanka\nSOURCE: https://en.wikipedia.org/wiki/Yala_National_Park\n   [5] Place: Yala National Park\nCategory: National Park / Wildlife Reserve\nLocation: Uva Province, Sri Lanka\nSource: Wikipedia Article\n\nThe Yala area is mostly composed of metamorphic rock belonging to the Precambrian era and classified into two series, Vijayan series and Highland series. Reddish brown soil and low humic grey soil are prominent among six soil types. Yala is situated in the lowest peneplain of Sri Lanka, which extends from Trincomalee to Hambantota.  Topographically the area is a flat and mildly undulating plain that runs to the coast with elevation is 30 metres (98 ft) close to the coast while rising in the interior to 100–125 metres (328–410 ft). The national park is situated in the dry semi-arid climatic\n   [6] Place: Yala National Park\nCategory: National Park / Wildlife Reserve\nLocation: Uva Province, Sri Lanka\nSource: Wikipedia Article\n\nHistory\n   [7] Place: Yala National Park\nRating: 5 stars\nTitle: Great with the right crew\nSource: Visitor Review\n\nWe booked three half-day safaris at Yala NP and they were awesome. The driver Heshan and our guide Sanka were professionals, we were traveling with them daily and booked them through our lodge (Koragaha), they work for several hotels. There were never any problems and we probably saw everything except the bears. Unbelievable also what Heshan could still see while driving. Thanks to the guys’ experience, after waiting 1.5 hours we could see a leopard coming out of the bush right in front of our', ""Place: Udawalawe National Park\nRating: 5 stars\nTitle: Must do, with an experienced guide\nSource: Visitor Review\n\nNational park was incredible, we did Udawalawe and Yala and had a much better time in Udewalawe. There was a much better focus on animal welfare and also diversity of wildlife. So important to get an experienced guide though, as the things they're able to spot is truly mind-blowing! We connected with ours after someone posted his details in a review and we were very glad they did. I just whatsapped him after we booked our flights Lahiru helped us before arrival with everything, from travel to"", 'RETRIEVAL NOTES:\n- Ranked by: relevance, evidence_support\n- CONTRADICTION RULE: If Review Evidence contradicts the Knowledge Graph facts, you MUST treat the Knowledge Graph as the absolute ground truth.']","Yala National Park is a national park and wildlife reserve located in the Uva Province of Sri Lanka that was established in 1938.

Here is what you can do at **Yala National Park**:

- Go on safaris to spot wildlife, including leopards, elephants, and many species of birds.
- Explore the park's diverse landscape, which encompasses forest and beach areas.
- Visit the ancient Buddhist pilgrim sites of Sithulpahuwa and Magul Vihara, which are situated within the park.
- Stay at accommodations within the park, such as the Buthawa Bungalow.
- Access the park via road access and trails to observe the terrain.
- Purchase tickets at the gate to enter the park, though be aware that the park can experience crowdedness.
- Hire local guides to assist with wildlife spotting and navigating the park.","Yala National Park is recommended based on evidence that it is a premier location for safaris, offering frequent wildlife sightings including elephants, leopards, and birds with the help of local guides."
Q_NEA_01,Can you provide a simple list of the names of places to visit near Mirissa Beach?,nearby_query,nearby_query,1.0,15.54,0.92,0.8765145785281838,0.9999999999,1.0,Can you provide a simple list of the names of places to visit near Mirissa Beach?,"[""Knowledge Graph Fact 1. Coconut Tree Hill is located in Matara District for Photography, Sunset watching, and Viewpoint visit, situated 1.0 km away, featuring Road access, Scenic view, and Mountain.\nKnowledge Graph Fact 2. Whale Watching in Mirissa is located in Matara District for Whale watching, situated 6.6 km away, featuring Wildlife, Ticket price, and Food quality.\nKnowledge Graph Fact 3. Weligama Beach is located in Matara District for Swimming, Surfing, and Relaxing, situated 6.7 km away, featuring Safety, Peacefulness, and Family friendliness.\n   Supporting Evidence:\n   [1] Place: Weligama Beach\nRating: 5 stars\nTitle: Soft, white sand\nSource: Visitor Review\n\nEscape the hassle and hustle of Mirissa and walk along Weligambay beach. This is definitely a better experience and nobody hassles you here.Just take your time to enjoy a walk or a swim. After all, you're on holiday..?\nKnowledge Graph Fact 4. Polhena Beach is located in Matara District for Swimming, Relaxing, and Snorkelling, situated 8.6 km away, featuring Safety, Peacefulness, and Family friendliness.\n   Supporting Evidence:\n   [1] Place: Polhena Beach\nRating: 5 stars\nTitle: Beautiful beach\nSource: Visitor Review\n\nbeautiful beach, not too many street shops etc... beautiful coral reef, no boats passing or damaging for the moment\nKnowledge Graph Fact 5. Matara Paravi Duwa Temple is a Religious Site for Temple visit, situated 8.6 km away, featuring Scenic view, Temple, and Peacefulness.\nKnowledge Graph Fact 6. Jungle Beach is located in Matara District for Swimming and Snorkelling, situated 8.8 km away, featuring Trail, Rock formation, and Scenic view.\nKnowledge Graph Fact 7. Weherahena Buddhist Temple is a Religious Site for Religious visit and Temple visit, situated 14.2 km away, featuring Scenic view, Temple, and Buddha statue.\n   Supporting Evidence:\n   [1] Place: Weherahena Buddhist Temple\nRating: 5 stars\nTitle: Really good tourist attractions\nSource: Visitor Review\n\nBeautiful temple. The guide was very knowledgeable and patient while we took photos. The big buddha is amazing!\nKnowledge Graph Fact 8. Kabalana Beach is located in Galle District for Surfing, situated 15.8 km away, featuring Ticket price, Cleanliness, and Beach.\nKnowledge Graph Fact 9. Dondra Head Lighthouse is a Lighthouse for Photography, situated 17.4 km away, featuring Scenic view, Stairs, and Peacefulness.\n   Supporting Evidence:\n   [1] Place: Dondra Head Lighthouse\nRating: 5 stars\nTitle: Southern Most Lighthouse\nSource: Visitor Review\n\nQuaint lighthouse is located approximately 30 mins from Matara. It is a good walk from the bus stop but its totally worth it. Must visit at dusk\nKnowledge Graph Fact 10. Sea Turtle Conservation Project (Koggala) is located in Galle District, situated 19.7 km away, featuring Wildlife, Ticket price, and Local guide.\n   Supporting Evidence:\n   [1] Place: Sea Turtle Conservation Project (Koggala)\nRating: 5 stars\nTitle: Lovely, considerate conservation project for Sea Turtles :)\nSource: Visitor Review\n\nthe sea turtles into the sea as we could ... all for free!!!"", 'Place: Mirissa Beach\nRating: 5 stars\nTitle: Amazing!\nSource: Visitor Review\n\nOne of the best places to stay in Sri Lanka. Highly recommended. The beach, the sea view and the breeze, sea food and the people. All are 5/5..', 'Place: Mirissa Beach\nCategory: Beach\nLocation: Mirissa, Matara District, Southern Province, Sri Lanka\nSource: Wikipedia Article\n\nHistory\nMirissa is the largest fishing port on the south coast and is known for its tuna, mullet, snapper, and butterfish. In 1980 the first tourist accommodation was built, and in the mid-1990s tourism to the town started to increase dramatically.\nMirissa was affected by the tsunami caused by the 2004 Indian Ocean earthquake, with numerous homes, guesthouses, shops, schools, and temples destroyed or damaged and fourteen reported deaths.', 'Place: Mirissa Beach\nCategory: Beach\nLocation: Mirissa, Matara District, Southern Province, Sri Lanka\nSource: Wikipedia Article\n\nTransport\nMirissa is located on the A2 Highway, connecting Colombo to Wellawaya; the town is approximately 2 kilometres (1+1⁄4 miles) west of Mirissa railway station – on the Coastal or Southern Rail Line (connecting Colombo through to Matara) – and it is approximately 13 kilometres (8 miles)  from the Kokmaduwa Interchange of the Southern Expressway.\n\n\nFacilities\nMirissa Boat Harbour\nMirissa railway station\n\n\nAttractions\nMirissa beach and Parrot Rock\nCoconut Tree Hill\nWhale Watching\nSri Sunandarama Temple\nSecret Beach', 'Place: Mirissa Beach\nCategory: Beach\nLocation: Mirissa, Matara District, Southern Province, Sri Lanka\nSource: Wikipedia Article\n\nSee also\nList of towns in Southern Province, Sri Lanka\nList of beaches in Sri Lanka\n\n\nReferences', 'Place: Mirissa Beach\nCategory: Beach\nLocation: Mirissa, Matara District, Southern Province, Sri Lanka\nSource: Wikipedia Article\n\nDESTINATION: Mirissa Beach\nTYPE: Beach\nLOCATION: Mirissa, Matara District, Southern Province, Sri Lanka\nCOORDINATES: 5.9431556, 80.4618001\nADDRESS: Mirissa Beach, Mirissa, Matara District, Southern Province, Sri Lanka\nDESCRIPTION: Place in Southern Province, Sri Lanka\nSOURCE: https://en.wikipedia.org/wiki/Mirissa', 'RETRIEVAL NOTES:\n- Ranked by: proximity\n- CONTRADICTION RULE: If Review Evidence contradicts the Knowledge Graph facts, you MUST treat the Knowledge Graph as the absolute ground truth.']","The following places are located near Mirissa Beach:

- **Coconut Tree Hill** — A viewpoint and hiking spot in the Matara District located 1.0 km away, featuring road access, a mountain, and a scenic view, suitable for photography and sunset watching.
- **Whale Watching in Mirissa** — A wildlife activity located 6.6 km away in the Matara District, featuring wildlife, ticket prices, and food quality.
- **Weligama Beach** — A beach in the Matara District located 6.7 km away, offering opportunities for swimming, surfing, and relaxing, with features including safety, peacefulness, and family friendliness.
- **Polhena Beach** — A beach in the Matara District located 8.6 km away, known for swimming, relaxing, and snorkelling, with features including safety, peacefulness, and family friendliness.
- **Matara Paravi Duwa Temple** — A religious site located 8.6 km away, featuring a temple, peacefulness, and a scenic view.
- **Jungle Beach** — A beach in the Matara District located 8.8 km away, featuring a trail, rock formations, and a scenic view, suitable for swimming and snorkelling.
- **Weherahena Buddhist Temple** — A religious site located 14.2 km away, featuring a temple, a Buddha statue, and a scenic view for a religious visit.
- **Kabalana Beach** — A surfing destination in the Galle District located 15.8 km away, featuring a beach, cleanliness, and ticket prices.
- **Dondra Head Lighthouse** — A lighthouse located 17.4 km away, suitable for photography, featuring stairs, peacefulness, and a scenic view.
- **Sea Turtle Conservation Project (Koggala)** — A wildlife conservation project located 19.7 km away in the Galle District, featuring wildlife, ticket prices, and a local guide.","Places near Mirissa Beach include Coconut Tree Hill, Weligama Beach, and Polhena Beach."
Q_NEA_02,What are the names of the attractions located around Ella Rock?,nearby_query,nearby_query,0.98,8.07,0.7777777777777778,0.9369364153117256,0.0,0.0,What are the names of the attractions located around Ella Rock?,"['Place: Ella Rock\nRating: 5 stars\nTitle: Awesome views and best place in Ella\nSource: Visitor Review\n\nGreat hike and lovely place to be in Sri lanka. The experience during the hike was amazing. Specially the view from rock was awesome. Awesome views', 'Place: Ella Rock\nCategory: Viewpoint / Hiking\nLocation: Ella, Badulla District, Uva Province, Sri Lanka\nSource: Wikipedia Article\n\nDESTINATION: Ella Rock\nTYPE: Viewpoint / Hiking\nLOCATION: Ella, Badulla District, Uva Province, Sri Lanka\nCOORDINATES: 6.8550355, 81.0523841\nADDRESS: Ella Rock, Ella, Badulla District, Uva Province, 90900, Sri Lanka\nSOURCE: https://en.wikipedia.org/w/index.php?search=Ella%20Rock%20Sri%20Lanka\n\nElla Rock is a viewpoint / hiking located in Badulla District. It is a travel destination in Sri Lanka.\nAddress: Ella Rock, Ella, Badulla District, Uva Province, 90900, Sri Lanka', ""Place: Ravana Ella FallsSomeone from this business manages the listing.\nRating: 4 stars\nTitle: Scenic spot for some good photos and monkeys !\nSource: Visitor Review\n\nstopping all over the place, but then so is much of Sri Lanka ... but I mean that in a nice way, it all adds to the unique charm of this amazing, beautiful country.We spent just over half an hour here, and to be honest that's probably all you would need.If staying in Ella I would recommend a visit here would be on your itinerary."", 'Place: Ella Rock\nRating: 5 stars\nTitle: Lovely (if at times steep) hike overlooking Ella\nSource: Visitor Review\n\nthey were constructing a rest stop at the top, which might be running in a few months). Afterwards, take the extra 10 minutes (left if you are walking back from the jutting rocks) to hike t0 a second viewpoint, just near an impromptu temple, with a couple of Buddha statues and such', 'Place: Bopath Ella (Bopath Falls)\nCategory: Waterfall\nLocation: Keeragala, Ratnapura District, Sabaragamuwa Province, Sri Lanka\nSource: Wikipedia Article\n\nBopath Ella is a major tourist attraction in Sri Lanka, since it is not far from the capital, Colombo, and is easily accessible. There have been unsuccessful attempts to use the waterfall to generate hydroelectricity. The path to the waterfall is lined with a number of shops and stalls, and it is somewhat polluted because of this commercialization.', 'Place: Ella Rock\nRating: 4 stars\nTitle: Nice view. Be careful of tourist fraud\nSource: Visitor Review\n\nThey only want your money at the end, having guided you to the view points. We gave him some LKR at half the way and managed to find the view point without him.', 'Place: Ella Rock\nRating: 5 stars\nTitle: Ella rock ,rocks\nSource: Visitor Review\n\nFrom ella railway station one must walk on the railway track towards kitala ella railway station. after passing kitala ella railway station,on to the right side there is a white building (a hostel)JUST BEFORE this building turn left , walk over the bridge and turn right and then hike for miles. There are 3 view points close to each other. 1st one is good and the 2nd one is near the woodnd house and not so good.3rd one is to the right from the 2nd one and easily the bestFrom ella railway station', 'Place: Ella Rock\nRating: 4 stars\nTitle: Beware of locals !\nSource: Visitor Review\n\nIt’s quite tricky to find the path , look for foreigners and follow them. Don’t trust the locals who will point you in the wrong direction (as what others on trip advisors have mentioned)', 'Place: Ella Rock\nRating: 4 stars\nTitle: Morning visit\nSource: Visitor Review\n\nFor me the walk to Ella rock was the best of the journey. Walking along the train tracks, past the tiny little station, over the waterfall and through the tea gardens was lovely. Then a decent climb through the forest which is challenging but manageable for the majority. The view at the top is lovely but there is limited space to stand/sit, when compared to Little Adams peak. Would recommend it for the walk alone but at the top it can be very cloudy which does hinder the view and if you have', 'Place: Ella Rock\nRating: 5 stars\nTitle: Must do in Ella!\nSource: Visitor Review\n\nWe went up there from Kithalella and had about 2 hours, including taking pictures and a break on top. If you start at Kithalella you can spare yourself some ""guides"" that only want your money, we didnt meet one of them. We did our tour without a guide and without problems, just make sure you know the way in advance. The hike is not really a challenge (but we\'re swiss so...:)) but the view is amazing. I recommend to start at 8.00, we only saw 6 other people while hiking the way up but while', 'Place: Nine Arches BridgeSomeone from this business manages the listing.\nRating: 5 stars\nTitle: Amazing\nSource: Visitor Review\n\nThe Nine Arches Bridge also known as Bridge in the sky is located between Ella and Demodara railway station. Train ride on this bridge is one of the breathtaking experience. This viaduct Bridge is constructed during British colonial era and still stand strongly. In Sinhala, its popularly known as ආරුක්කු නමයේ පාලම / දෙමෝදර පාලම. The surrounded greeneries and historical value has made it one of the top tourist attractions in Ella. There is small trek about 30 minutes to reach the Bridge. A must', 'Place: Ella Rock\nRating: 5 stars\nTitle: Worth the hike!\nSource: Visitor Review\n\nWe set off at 6.30am and it took us about 3.5 round trip - the hike gets quite steep towards the rock but defintely worth it for the view!Ella was one of our favourite towns in Sri Lanka\n\nGRAPH FACTS (Neo4j Knowledge Graph):\nNo graph results returned.', 'RETRIEVAL NOTES:\n- Ranked by: proximity, popularity\n- CONTRADICTION RULE: If Review Evidence contradicts the Knowledge Graph facts, you MUST treat the Knowledge Graph as the absolute ground truth.']","The attractions located near Ella Rock include the following:

- **Ravana Ella Falls** — A scenic spot recommended for visitors staying in Ella, suitable for taking photos and observing monkeys.
- **Nine Arches Bridge** — Also known as the Bridge in the Sky, this historical viaduct is located between the Ella and Demodara railway stations and is accessible via a 30-minute trek.","Attractions around Ella Rock include Ravana Ella Falls, Nine Arches Bridge, and Little Adam's Peak View Point."
Q_NEA_03,Please list the names of the places close to the Temple of the Sacred Tooth Relic.,nearby_query,nearby_query,1.0,16.99,0.6521739130434783,0.9017003196852597,0.9999999999,1.0,Please list the names of the places close to the Temple of the Sacred Tooth Relic.,"['Knowledge Graph Fact 1. Kandy View Point is located in Kandy District for Photography and Viewpoint visit, situated 1.0 km away, featuring Scenic view, Temple, and Buddha statue.\nKnowledge Graph Fact 2. Kandy Lake is located in Kandy District for Temple visit and Relaxing, situated 1.3 km away, featuring Scenic view, Temple, and Peacefulness.\nKnowledge Graph Fact 3. Bahiravokanda Vihara Buddha Statue is a Religious Site for Religious visit and Temple visit, situated 1.5 km away, featuring Scenic view, Stairs, and Temple.\nKnowledge Graph Fact 4. Royal Botanical Gardens is located in Kandy District for Relaxing, situated 6.7 km away, featuring Peacefulness, Ticket price, and Cleanliness.\nKnowledge Graph Fact 5. Ceylon Tea Museum is located in Kandy District for Museum visit and Shopping, situated 8.2 km away, featuring Scenic view, Ticket price, and Mountain.\nKnowledge Graph Fact 6. Embekka Devalaya is a Religious Site for Temple visit, situated 15.2 km away, featuring Road access, Temple, and Peacefulness.\nKnowledge Graph Fact 7. Ambuluwawa Tower is a Landmark / Tower located in Kandy District, situated 27.2 km away, featuring Scenic view, Stairs, and Temple.\nKnowledge Graph Fact 8. Knuckles Mountain Range is a Viewpoint / Hiking location for Hiking, Trekking, and Camping, situated 39.3 km away, featuring Waterfall, Road access, and Trail.', 'RETRIEVAL NOTES:\n- Ranked by: proximity, popularity\n- CONTRADICTION RULE: If Review Evidence contradicts the Knowledge Graph facts, you MUST treat the Knowledge Graph as the absolute ground truth.']","The places located near the Temple of the Sacred Tooth Relic are:

- **Kandy View Point** — Located 1.0 km away, this site is perfect for photography and a viewpoint visit, offering a scenic view along with a temple and a Buddha statue.
- **Kandy Lake** — Situated 1.3 km away, this location is ideal for a temple visit or simply relaxing, providing a scenic view and a sense of peacefulness.
- **Bahiravokanda Vihara Buddha Statue** — Found 1.5 km away, this religious site is suitable for a religious or temple visit and features a scenic view, stairs, and a temple.
- **Royal Botanical Gardens** — Located 6.7 km away, this garden is a great spot for relaxing and is known for its peacefulness, cleanliness, and ticket price.
- **Ceylon Tea Museum** — Situated 8.2 km away, this museum offers a scenic view of the mountain and provides opportunities for a museum visit and shopping, with information available regarding the ticket price.
- **Embekka Devalaya** — Located 15.2 km away, this religious site is noted for its peacefulness, road access, and temple.
- **Ambuluwawa Tower** — Situated 27.2 km away, this landmark features a scenic view, stairs, and a temple.
- **Knuckles Mountain Range** — Located 39.3 km away, this area is popular for hiking, trekking, and camping, and features a waterfall, road access, and a trail.","Close to the Temple of the Sacred Tooth Relic, you can visit Kandy Lake, Kandy View Point, and Bahiravokanda Vihara Buddha Statue."
Q_NEA_04,Provide a simple list of interesting places near Sigiriya Lion Rock.,nearby_query,nearby_query,1.0,15.25,1.0,0.850822849459613,0.9999999999,0.3333333333333333,Provide a simple list of interesting places near Sigiriya Lion Rock.,"[""Knowledge Graph Fact 1. Pidurangala Rock is located in Matale District for Hiking, Sunset watching, and Sunrise watching, situated 2.7 km away, featuring Trail, Rock formation, and Scenic view.\n   Supporting Evidence:\n   [1] Place: Pidurangala Rock\nRating: 5 stars\nTitle: One of the most beautiful and exiting places\nSource: Visitor Review\n\nOne of the most beautiful and exiting places I've visited so far. You can enjoy full 360 view with an epic view of the Sigiriya rock fortress We climes in the morning, wanted to get there to see the sunrise,\nKnowledge Graph Fact 2. Hurulu Eco Park is located in Anuradhapura District for Safari and Elephant watching, situated 14.9 km away, featuring Road access, Trail, and Scenic view.\nKnowledge Graph Fact 3. Dambulla Cave Temple is located in Matale District for Temple visit, situated 19.7 km away, featuring Rock formation, Scenic view, and Stairs.\nKnowledge Graph Fact 4. Popham's Arboretum is located in Matale District for Safari, situated 21.6 km away, featuring Trail, Peacefulness, and Wildlife.\nKnowledge Graph Fact 5. Minneriya National Park is located in Polonnaruwa District for Safari, Elephant watching, and Jeep safari, situated 23.2 km away, featuring Scenic view, Family friendliness, and Wildlife.\nKnowledge Graph Fact 6. Ritigala Forest Monastery is located in Anuradhapura District for Hiking and Ruins exploration, situated 31.9 km away, featuring Road access, Trail, and Ancient ruins.\n   Supporting Evidence:\n   [1] Place: Ritigala Forest Monastery\nCategory: Religious Site\nLocation: Alagollewa, Anuradhapura District, North Central Province, Sri Lanka\nSource: Wikipedia Article\n\nIts elevation is higher than the other main tourist attractions of the north central plains, namely Sigiriya, Dambulla, and Mihintale. The significance of this topographical feature lies in the abrupt sheerness of the massif, its wooded slopes, and the wet microclimate at the summit.\nKnowledge Graph Fact 7. Kaudulla National Park is located in Polonnaruwa District for Safari, Elephant watching, and Jeep safari, situated 40.4 km away, featuring Road access, Wildlife, and Ticket price.\nKnowledge Graph Fact 8. Nalanda Gedige is located in Matale District for Temple visit, situated 42.8 km away, featuring Road access, Scenic view, and Temple."", 'RETRIEVAL NOTES:\n- Ranked by: proximity, popularity\n- CONTRADICTION RULE: If Review Evidence contradicts the Knowledge Graph facts, you MUST treat the Knowledge Graph as the absolute ground truth.']","The following places are located near Sigiriya Lion Rock:

- **Pidurangala Rock** — Located 2.7 km away in the Matale District, this site features a rock formation, a trail, and scenic views, and is popular for hiking, sunrise watching, and sunset watching.
- **Hurulu Eco Park** — Located 14.9 km away in the Anuradhapura District, this park features road access, a trail, and scenic views, and is used for safari and elephant watching.
- **Dambulla Cave Temple** — Located 19.7 km away in the Matale District, this site features a rock formation, scenic views, and stairs, and is used for temple visits.
- **Popham's Arboretum** — Located 21.6 km away in the Matale District, this site features a trail, peacefulness, and wildlife, and is used for safari.
- **Minneriya National Park** — Located 23.2 km away in the Polonnaruwa District, this park features scenic views, family friendliness, and wildlife, and is used for safari, elephant watching, and jeep safari.
- **Ritigala Forest Monastery** — Located 31.9 km away in the Anuradhapura District, this site features road access, a trail, and ancient ruins, and is used for hiking and ruins exploration.
- **Kaudulla National Park** — Located 40.4 km away in the Polonnaruwa District, this park features road access, wildlife, and ticket prices, and is used for safari, elephant watching, and jeep safari.
- **Nalanda Gedige** — Located 42.8 km away in the Matale District, this site features road access, scenic views, and a temple, and is used for temple visits.","Near Sigiriya Lion Rock, you can visit Pidurangala Rock, Hurulu Eco Park, and Dambulla Cave Temple."
Q_NEA_05,What are the names of the places I should see around Galle Dutch Fort?,nearby_query,nearby_query,1.0,14.12,1.0,0.9246514384703588,0.9999999999,1.0,What are the names of the places I should see around Galle Dutch Fort?,"['Knowledge Graph Fact 1. Galle Fort Lighthouse is a Lighthouse in Galle District situated 0.2 km away for Photography and Fort visit, featuring Scenic view, Beach, and Sea.\n   Supporting Evidence:\n   [1] Place: Galle Fort Lighthouse\nRating: 4 stars\nTitle: Fort Galle\nSource: Visitor Review\n\nYou can walk and climb over the walls of the old fortress. The fortress consists some 14 bastions with coral and granite stones over an area of 52 hectares (130 acres). The big walls are mostly build in 1663 by the Dutch and still in a good condition. The panorama over the sea and harbour are very beautiful. At the end of the ramparts there is a lighthouse erected in 1939. Several streets in the city have Dutch names like : Moorse Kramerstraat, Lijnbaanstraat, Zeeburgstraat en Middelpuntstraat.\nKnowledge Graph Fact 2. Sea Turtle Farm Galle Mahamodara is a Wildlife Conservation site in Galle District situated 2.2 km away, featuring Family friendliness, Wildlife, and Cleanliness.\nKnowledge Graph Fact 3. Japanese Peace Pagoda - Rumassala is a Religious Site in Galle District situated 6.3 km away for Sunset watching, featuring Scenic view, Stupa, and Temple.\n   Supporting Evidence:\n   [1] Place: Japanese Peace Pagoda - Rumassala\nCategory: Religious Site\nLocation: Rumassala, Galle District, Southern Province, Sri Lanka\nSource: Wikipedia Article\n\nDESTINATION: Japanese Peace Pagoda - Rumassala\nTYPE: Religious Site\nLOCATION: Rumassala, Galle District, Southern Province, Sri Lanka\nCOORDINATES: 6.0158561, 80.2379092\nADDRESS: Japanese Peace Pagoda, Unawatuna, Rumassala, Galle District, Southern Province, Sri Lanka\nSOURCE: https://en.wikipedia.org/w/index.php?search=Japanese%20Peace%20Pagoda%20-%20Rumassala%20Sri%20Lanka\n\nJapanese Peace Pagoda - Rumassala is a religious site located in Galle District. It is a travel destination in Sri Lanka.\nAddress: Japanese Peace Pagoda, Unawatuna, Rumassala, Galle District, Southern Province, Sri Lanka\nKnowledge Graph Fact 4. Unawatuna Beach is a Beach in Galle District situated 7.2 km away for Swimming and Relaxing, featuring Safety, Peacefulness, and Family friendliness.\n   Supporting Evidence:\n   [1] Place: Unawatuna Beach\nCategory: Beach\nLocation: Rumassala, Galle District, Southern Province, Sri Lanka\nSource: Wikipedia Article\n\nColonial period\nAfter defeating the Portuguese at the Fort of Negombo, the Dutch sailed south and landed on Unawatuna in 1640 and marched to Galle. The Portuguese had encountered the Dutch soldiers at Magalle (where the Closenberg Hotel is now located), and fierce fighting took place there. Over 400 Dutch soldiers were killed, and only 49 Portuguese could manage to get back to their fortification in Galle, where they were held in siege for four days before they surrendered.\nKnowledge Graph Fact 5. Sea Turtle Conservation Project (Koggala) is a Wildlife Conservation site in Galle District situated 17.4 km away, featuring Wildlife, Ticket price, and Local guide.\nKnowledge Graph Fact 6. Kabalana Beach is a Beach in Galle District situated 18.9 km away for Surfing, featuring Ticket price, Cleanliness, and Beach.\nKnowledge Graph Fact 7. Hikkaduwa Beach is a Beach in Galle District situated 18.9 km away for Swimming, Surfing, and Relaxing, featuring Cleanliness, Beach, and Waves.\nKnowledge Graph Fact 8. Koggala Lake is a Lake / River in Galle District situated 19.6 km away for Temple visit, Relaxing, and Boat ride, featuring Temple, Peacefulness, and Wildlife.', 'RETRIEVAL NOTES:\n- Ranked by: proximity, popularity\n- CONTRADICTION RULE: If Review Evidence contradicts the Knowledge Graph facts, you MUST treat the Knowledge Graph as the absolute ground truth.']","The places to see in the vicinity of the Galle Dutch Fort are:

- **Galle Fort Lighthouse** — Located 0.2 km away, this site is suitable for photography and visiting the fort, featuring a scenic view, a beach, and the sea.

- **Sea Turtle Farm Galle Mahamodara** — Situated 2.2 km away, this wildlife conservation site is noted for its family friendliness, wildlife, and cleanliness.

- **Japanese Peace Pagoda - Rumassala** — Found 6.3 km away, this religious site is a destination for sunset watching, featuring a scenic view, a stupa, and a temple.

- **Unawatuna Beach** — Located 7.2 km away, this beach is used for swimming and relaxing, and is characterized by its safety, peacefulness, and family friendliness.

- **Sea Turtle Conservation Project (Koggala)** — Situated 17.4 km away, this wildlife conservation site features wildlife, a ticket price, and a local guide.

- **Kabalana Beach** — Located 18.9 km away, this beach is used for surfing and features a ticket price, cleanliness, and a beach.

- **Hikkaduwa Beach** — Situated 18.9 km away, this beach is used for swimming, surfing, and relaxing, featuring cleanliness, a beach, and waves.

- **Koggala Lake** — Located 19.6 km away, this lake is used for temple visits, relaxing, and boat rides, featuring a temple, peacefulness, and wildlife.","Around Galle Dutch Fort, you can visit Galle Fort Lighthouse, Sea Turtle Farm Galle Mahamodara, and the Japanese Peace Pagoda."
Q_NEA_06,Places to visit near Nuwara Eliya?,nearby_query,nearby_query,1.0,14.38,1.0,0.9452573927104748,0.9999999999,1.0,Places to visit near Nuwara Eliya?,"[""Knowledge Graph Fact 1. Single Tree Hill is a Viewpoint / Hiking location in Nuwara Eliya District situated 0.9 km away, offering Hiking and Temple visit, featuring Road access, Trail, and Scenic view.\n   Supporting Evidence:\n   [1] Place: Single Tree Hill\nRating: 5 stars\nTitle: Spectacular Scenic Views of Nuwara Eliya from the Single Tree Hill\nSource: Visitor Review\n\nSingle Tree Hill is a must visit if you are holidaying in Nuwara Eliya It's a 30 mins drive through the Tea Estate to the top of the Mountain from the Welimada Road turn on Single Tree Road on 4 Wheel Drive right to the top and if a Two Wheel Drive then you have to park the Vehicle 1000m before the Top of the Hill and if it's walking to the top from the Welimada Road turn off then it would take approx 90minutes as advised by the locals in the Area We went on our Vehicle upto 500m before reaching\nKnowledge Graph Fact 2. Galway's Land National Park is a National Park / Wildlife Reserve in Nuwara Eliya District situated 2.1 km away, featuring Road access, Trail, and Peacefulness.\nKnowledge Graph Fact 3. Gregory Lake is a Lake / River in Nuwara Eliya District situated 2.3 km away, offering Relaxing and Boat ride, featuring Scenic view, Family friendliness, and Ticket price.\n   Supporting Evidence:\n   [1] Place: Gregory Lake\nRating: 5 stars\nTitle: A must visit while in Nuwara Eliya\nSource: Visitor Review\n\nBeautiful lake with backdrop of mountains and well maintained gardens. Beautiful flowers everywhere. Ideal to relax and spend the day.\nKnowledge Graph Fact 4. Lover's Leap Falls is a Waterfall in Nuwara Eliya District situated 3.6 km away, offering Waterfall visit and Hiking, featuring Waterfall, Road access, and Trail.\n   Supporting Evidence:\n   [1] Place: Lover's Leap Falls\nCategory: Waterfall\nLocation: Nuwara Eliya, Nuwara Eliya District, Central Province, Sri Lanka\nSource: Wikipedia Article\n\nDESTINATION: Lover's Leap Falls\nTYPE: Waterfall\nLOCATION: Nuwara Eliya, Nuwara Eliya District, Central Province, Sri Lanka\nCOORDINATES: 6.9765669, 80.7856893\nADDRESS: Lover's Leap, Hawaeliya, Nuwara Eliya, Nuwara Eliya District, Central Province, 22200, Sri Lanka\nSOURCE: https://en.wikipedia.org/w/index.php?search=Lover%27s%20Leap%20Falls%20Sri%20Lanka\n\nLover's Leap Falls is a waterfall located in Nuwara Eliya District. It is a travel destination in Sri Lanka.\nAddress: Lover's Leap, Hawaeliya, Nuwara Eliya, Nuwara Eliya District, Central Province, 22200, Sri Lanka\nKnowledge Graph Fact 5. Pedro Tea Factory is a Farm / Factory in Nuwara Eliya District situated 4.2 km away, offering Shopping, Photography, and Tea factory visit, featuring Scenic view, Ticket price, and Local guide.\nKnowledge Graph Fact 6. Moon Plains is a Viewpoint / Hiking location in Nuwara Eliya District situated 6.2 km away, offering Viewpoint visit, Safari, and Jeep safari, featuring Road access, Scenic view, and Family friendliness.\n   Supporting Evidence:\n   [1] Place: Moon Plains\nRating: 5 stars\nTitle: Breathtaking Views at Moon Plains – A Must-Visit in Nuwara Eliya!\nSource: Visitor Review\n\nI visited The Moon Plains in Nuwara Eliya and it was an unforgettable experience. The view from the top is absolutely stunning—you can see mountains all around, and the fresh air feels amazing. It’s a peaceful and quiet place, perfect for nature lovers. The drive up was beautiful too. I took many photos and enjoyed every moment. If you visit Nuwara Eliya, don’t miss this hidden gem!\nKnowledge Graph Fact 7. Hakgala Botanic Gardens is a Garden / Park situated 8.6 km away, featuring Scenic view, Ticket price, and Cleanliness.\nKnowledge Graph Fact 8. Ambewela Farms is a Farm / Factory in Nuwara Eliya District situated 10.1 km away, featuring Scenic view, Family friendliness, and Wildlife.\n   Supporting Evidence:\n   [1] Place: Ambewela Farms\nRating: 3 stars\nTitle: Good Place for Enroute Tour\nSource: Visitor Review\n\nAmbewela farm is a private dairy producing different dairy products. This is situated in an beautiful location in the hills of Nuwara Eliya. The location is a 30 minutes drive from the Nuwara Eliya centre and for me it would be an ideal spot for en-route tours and for bunch of . Good for children where they could see the big cows closely and to see the cows are fed and milked. There is a restaurant and another dairy product selling spot. Overall it’s a good place to visit during your visit to"", 'Place: Victoria Park of Nuwara Eliya\nCategory: Garden / Park\nLocation: Colombo, Colombo District, Western Province, Sri Lanka\nSource: Wikipedia Article\n\nDESTINATION: Victoria Park of Nuwara Eliya\nTYPE: Garden / Park\nLOCATION: Colombo, Colombo District, Western Province, Sri Lanka\nCOORDINATES: 6.9138226, 79.8614842\nADDRESS: Vihara Maha Devi Park, Cinnamon Gardens, Slave Island, Colombo, Colombo District, Western Province, Sri Lanka\n\nVictoria Park of Nuwara Eliya is a garden / park located in Colombo District. It is a travel destination in Sri Lanka.\nAddress: Vihara Maha Devi Park, Cinnamon Gardens, Slave Island, Colombo, Colombo District, Western Province, Sri Lanka', 'Place: Victoria Park of Nuwara Eliya\nRating: 5 stars\nTitle: Victoria part nuwaraeliya\nSource: Visitor Review\n\nVictoria park is a public park located in Nuwaraeliya. Next to the nuwaraeliya post office in srilanka 🇱🇰.originally the park was the research field of hakgala botanical garden.the park was formerly named in 1897 to commemorate the Diamond jubilee of Queen Victoria.', 'Place: Victoria Park of Nuwara Eliya\nRating: 5 stars\nTitle: Beautiful Place .Must visit\nSource: Visitor Review\n\nVictoria Park is must visit place in Nuwara Eliya nice big garden with beautiful flowers and view take photo as much as possible:)', 'Place: Victoria Park of Nuwara Eliya\nRating: 3 stars\nTitle: Visit\nSource: Visitor Review\n\nPoor rose garden. No much flowers. last time I came there in March and it was very nice experience. Now there is a HELA BOJUNHALA nere to the entrance and you can have traditional Sri Lankan food.', ""Place: Victoria Park of Nuwara Eliya\nRating: 3 stars\nTitle: Nuwara eliya\nSource: Visitor Review\n\nslow-growing tea bushes of this highland region produce some of the world's finest orange pekoe tea. Several tea factories around Nuwara Eliya offer guided tours and the opportunity to sample or purchase their products."", 'RETRIEVAL NOTES:\n- Ranked by: proximity, popularity\n- CONTRADICTION RULE: If Review Evidence contradicts the Knowledge Graph facts, you MUST treat the Knowledge Graph as the absolute ground truth.']","Here are the top places to visit near Nuwara Eliya:

- **Single Tree Hill** — Located 0.9 km away, this viewpoint and hiking location offers a trail, road access, and scenic views, as well as opportunities for temple visits.
- **Galway's Land National Park** — Situated 2.1 km away, this national park and wildlife reserve features a trail, road access, and peacefulness.
- **Gregory Lake** — Found 2.3 km away, this lake is a family-friendly destination that offers boat rides and relaxing experiences, featuring scenic views and a ticket price.
- **Lover's Leap Falls** — Located 3.6 km away, this waterfall destination offers hiking opportunities and features a waterfall, a trail, and road access.
- **Pedro Tea Factory** — Situated 4.2 km away, this factory offers tea factory visits, shopping, and photography opportunities, featuring scenic views, a local guide, and a ticket price.
- **Moon Plains** — Located 6.2 km away, this viewpoint and hiking location offers jeep safaris and viewpoint visits, featuring road access, scenic views, and family friendliness.
- **Hakgala Botanic Gardens** — Situated 8.6 km away, this garden and park features scenic views, cleanliness, and a ticket price.
- **Ambewela Farms** — Located 10.1 km away, this farm is a family-friendly destination featuring scenic views and wildlife, where visitors can see cows being fed and milked.
- **Victoria Park of Nuwara Eliya** — This public park is a large garden featuring flowers and scenic views, with a nearby location to purchase traditional Sri Lankan food.","Places near Nuwara Eliya include Single Tree Hill, Galway's Land National Park, Gregory Lake, Lover's Leap Falls, Pedro Tea Factory, Moon Plains, Hakgala Botanic Gardens, and Ambewela Farms."
Q_NEA_07,What attractions are close to Yala National Park?,nearby_query,nearby_query,1.0,14.58,0.7241379310344828,0.9497552481598188,0.9999999999,1.0,What attractions are close to Yala National Park?,"[""Knowledge Graph Fact 1. Sithulpawwa Rock Temple is a Religious Site situated 26.3 km away for Temple visit, featuring Road access, Rock formation, and Scenic view.\n   Supporting Evidence:\n   [1] Place: Sithulpawwa Rock Temple\nRating: 5 stars\nTitle: A well worth visit\nSource: Visitor Review\n\nSeeing that we were the only people visiting the temple around 4-5pm, it has given me enthusiasm to kick start my TripAdvisor account with my first review. We think people are MISSING OUT here, the temple is great to see and walking to the top you have breathtaking views over Yala National Park. We had a close encounter with lots of wildlife (pictured) and unlike the safari there Isn't lots of jeeps with their noisy engines all around you. We stayed and thoroughly enjoyed the Cinnamon Wild hotel\n   [2] Place: Sithulpawwa Rock Temple\nRating: 4 stars\nTitle: average temple, but great nature and wildlife\nSource: Visitor Review\n\nWe took a tuktuk ride from kataragama to the temple (1300rs two-way). It's a fun drive on dirtroads, and to get there you go through a back entrance of yala park. The good thing is that you don't have to pay any entrance fees for this and we saw lots of wildlife during the drive.the temple itself is nice and we were the only foreigners.\nKnowledge Graph Fact 2. Kataragama Temple is a Religious Site in Monaragala District situated 39.7 km away for Temple visit and Pilgrimage, featuring Temple, Peacefulness, and Hindu shrine.\nKnowledge Graph Fact 3. Kirinda Viharaya is a Religious Site in Hambantota District situated 62.8 km away for Temple visit, featuring Rock formation, Scenic view, and Stairs.\nKnowledge Graph Fact 4. Lunugamvehera National Park is a National Park / Wildlife Reserve in Monaragala District situated 80.3 km away for Safari and Jeep safari, featuring Scenic view, Peacefulness, and Wildlife.\n   Supporting Evidence:\n   [1] Place: Lunugamvehera National Park\nRating: 4 stars\nTitle: Never make a booking from Yala or Katharagama\nSource: Visitor Review\n\nThis park is one of the least visited parks as most people visit the famous Yala block 1. As a result this park is almost empty and ideal for bird, leopard, elephant, deer, bear sightings. I highly recommend a full day safari where the jeep cost will be Rs. 10,000.Make sure you book a Toyota Hilux cab or Mitsubishi L200 cab and never a Mahindra jeep because the Mahindra is uncomfortable and engine makes a loud noise scaring away animals. Also, check if your safari jeep front glass can be opened\nKnowledge Graph Fact 5. Maligawila Buddha Statue is a Religious Site in Monaragala District situated 93.7 km away for Religious visit, featuring Rock formation, Ancient ruins, and Buddha statue.\n   Supporting Evidence:\n   [1] Place: Maligawila Buddha Statue\nCategory: Religious Site\nLocation: Maligawila, Monaragala District, Uva Province, Sri Lanka\nSource: Wikipedia Article\n\nDESTINATION: Maligawila Buddha Statue\nTYPE: Religious Site\nLOCATION: Maligawila, Monaragala District, Uva Province, Sri Lanka\nCOORDINATES: 6.7283447, 81.3524319\nADDRESS: Maligawila Buddha Statue, Kumbukkana - Okkampitiya - Maligawila Road, Maligawila, Monaragala District, Uva Province, Sri Lanka\nSOURCE: https://en.wikipedia.org/wiki/Maligawila_Buddha_statue\nKnowledge Graph Fact 6. Buduruwagala Temple is a Religious Site in Monaragala District situated 100.2 km away for Temple visit, featuring Road access, Trail, and Rock formation.\nKnowledge Graph Fact 7. Kalametiya Eco Bird Watching is a Wildlife / Bird Watching site situated 103.9 km away for Photography, Bird watching, and Sunset watching, featuring Rock formation, Scenic view, and Peacefulness.\nKnowledge Graph Fact 8. Elephant Transit Home (ETH) is a Wildlife Conservation site in Ratnapura District situated 104.4 km away for Safari, featuring Family friendliness, Wildlife, and Ticket price."", 'RETRIEVAL NOTES:\n- Ranked by: proximity, popularity\n- CONTRADICTION RULE: If Review Evidence contradicts the Knowledge Graph facts, you MUST treat the Knowledge Graph as the absolute ground truth.']","The attractions located near Yala National Park are:

- **Sithulpawwa Rock Temple** — A religious site located 26.3 km away that features a rock formation, road access, and a scenic view. Visitors can walk to the top for views over Yala National Park and may encounter wildlife during the drive through the back entrance of the park.

- **Kataragama Temple** — A religious site situated 39.7 km away in the Monaragala District, featuring a Hindu shrine and a peacefulness for temple visits and pilgrimages.

- **Kirinda Viharaya** — A religious site located 62.8 km away in the Hambantota District, featuring a rock formation, stairs, and a scenic view.

- **Lunugamvehera National Park** — A national park and wildlife reserve situated 80.3 km away in the Monaragala District that offers jeep safaris to see wildlife. It is known for its peacefulness and scenic views.

- **Maligawila Buddha Statue** — A religious site located 93.7 km away in the Monaragala District, featuring ancient ruins, a rock formation, and a Buddha statue.

- **Buduruwagala Temple** — A religious site situated 100.2 km away in the Monaragala District, featuring a rock formation, a trail, and road access.

- **Kalametiya Eco Bird Watching** — A wildlife and bird watching site located 103.9 km away that offers opportunities for bird watching, photography, and sunset watching, featuring a rock formation, scenic views, and a peacefulness.

- **Elephant Transit Home (ETH)** — A wildlife conservation site situated 104.4 km away in the Ratnapura District that offers safari experiences and is noted for being family-friendly, featuring wildlife and specific ticket prices.","Attractions close to Yala National Park include Sithulpawwa Rock Temple, Kataragama Temple, Kirinda Viharaya, Lunugamvehera National Park, Maligawila Buddha Statue, Buduruwagala Temple, Kalametiya Eco Bird Watching, and Elephant Transit Home (ETH)."
Q_NEA_08,Are there any good spots near Arugam Bay?,nearby_query,nearby_query,0.98,12.47,1.0,0.9350775567369686,0.99999999995,0.2,Are there any good spots near Arugam Bay?,"[""Knowledge Graph Fact 1. Kumana National Park is a National Park / Wildlife Reserve in Ampara District for Bird watching, Safari, and Camping, featuring a Scenic view and situated 43.8 km away.\nKnowledge Graph Fact 2. Little Adam's Peak View Point is a Viewpoint / Hiking site in Badulla District for Hiking, Photography, and Sunrise watching, featuring a Scenic view and situated 135.3 km away.\n   Supporting Evidence:\n   [1] Place: Little Adam's Peak View Point\nRating: 5 stars\nTitle: Worth the hike to the top\nSource: Visitor Review\n\nit though, you get an amazing view of Ella Rock on the way up, and a 360 degree view once you are at the top. On a good day I am told you can see as far as the Sea but it was a bit hazy the day we were there but you still had amazing views.I would definitely recommend going up - just pace yourself!\nKnowledge Graph Fact 3. Demodara Loop is an Engineering Landmark in Badulla District for a Train ride, featuring a Scenic view and situated 140.3 km away.\n   Supporting Evidence:\n   [1] Place: Demodara Loop\nCategory: Engineering Landmark\nLocation: Demodara, Badulla District, Uva Province, Sri Lanka\nSource: Wikipedia Article\n\nDESTINATION: Demodara Loop\nTYPE: Engineering Landmark\nLOCATION: Demodara, Badulla District, Uva Province, Sri Lanka\nCOORDINATES: 6.9025732, 81.0640232\nADDRESS: Demodara Railway Loop View Point, Springvalley Road, Demodara, Badulla District, Uva Province, 90122, Sri Lanka\nDESCRIPTION: Railway station in Sri Lanka\nSOURCE: https://en.wikipedia.org/wiki/Demodara_railway_station\nKnowledge Graph Fact 4. Lunugamvehera National Park is a National Park / Wildlife Reserve in Monaragala District for Safari and Jeep safari, featuring a Scenic view and situated 142.5 km away.\nKnowledge Graph Fact 5. Sithulpawwa Rock Temple is a Religious Site for a Temple visit, featuring a Scenic view and situated 151.0 km away.\n   Supporting Evidence:\n   [1] Place: Sithulpawwa Rock Temple\nRating: 3 stars\nTitle: A heritage site with a view\nSource: Visitor Review\n\nThe site is nice. The summit has a nice view all around as far as the eye can see. Roads however are bad and extremely dusty. Avoid going there when the climate is hot because you WILL get baked."", 'Place: Arugam Bay\nCategory: Beach\nLocation: Arugam Bay, Ampara District, Eastern Province, Sri Lanka\nSource: Wikipedia Article\n\nEconomy\nWhile fishing has traditionally dominated the local economy, tourism has grown rapidly in the area in recent years. Tourism in Arugam Bay is dominated by surf tourism, thanks to several quality breaks in the area; however, tourists are also attracted by the local beaches, lagoons, historic temples and the nearby Kumana National Park. \nMuch of the bay, as well as the neighbouring town of Pottuvil, were destroyed in the 2004 Tsunami.', 'Place: Arugam Bay\nCategory: Beach\nLocation: Arugam Bay, Ampara District, Eastern Province, Sri Lanka\nSource: Wikipedia Article\n\nIsraeli tourism and businesses\nArugam Bay is a popular destination for Israeli tourists. Many eateries, spas and other retail outlets in the area display signs in Hebrew. Israeli tourists have set up a Chabad house in the area. 20,515 Israeli tourists visited Sri Lanka between January and August 2024.', 'Place: Arugam Bay\nCategory: Beach\nLocation: Arugam Bay, Ampara District, Eastern Province, Sri Lanka\nSource: Wikipedia Article\n\nConflict between fishing and tourism', 'Place: Arugam Bay\nRating: 5 stars\nTitle: The best place we visited in Sri Lanka\nSource: Visitor Review\n\nrotti! the hideaway had great western food and the BEST enourmous portion of Sri lankan curries (I tried alot of it)If your a surfer, you found heaven. Try main point, or grab a tuk tuk to wisky point and by the lighthouse for less people. There is also another cool surf spot in okanda which is in the national park and if you get some people together, you can get a jeep to take u there (watch out for elephants on the beach) I would highly recommend this place, i absolutely loved it.', 'Place: Arugam Bay\nRating: 3 stars\nTitle: Make sure you are there ON season\nSource: Visitor Review\n\nMy bad that I did not figure out that sri lanka has two very clear seasons and there was the definitively Off season when we visited Arugam. Looking forward to once try it when its on season as it seems like a very cozy and super social place when it´s full of surfers and ppl. Not a big tourist place, BIG plus. Stayed at Hideaway which I SO reccomend. writing a review of that separate :)', 'Place: Arugam Bay\nRating: 5 stars\nTitle: a beautiful remote part in the world\nSource: Visitor Review\n\nArugam Bay is a very quite and beautiful location , if you want to get away from the city life, it has some good surfing places, National safari park, nature reserves, lakes, rivers and lagoon, people are super friendly, foods and tasty and plenty with prices vary, sandy beaches, innocent faces and the thick jungles around with full of nature, a place to spend some time to be perfect.', 'Place: Arugam Bay\nCategory: Beach\nLocation: Arugam Bay, Ampara District, Eastern Province, Sri Lanka\nSource: Wikipedia Article\n\nThe nearby (4 kilometres (2.5 mi)) Muslim village of Pottuvil is the center of commerce and transportation while tourist accommodations lie along the beach to the south of Pottuvil Arugam Bay (4 kilometres (2.5 mi)) is also the gateway and the only road access to the Yala East National Park. In 2.2 kilometres (1.4 mi) distance there is Pasarichenai Beach. This area is known as Kumana (44 kilometres (27 mi)), to be reached via the Tamil/Sinhalese settlement of Panama (Sri Lanka) (17 kilometres (11 mi)) and the Tamil shires at Okanda (32 kilometres (20 mi)). The local area is home to a number', 'RETRIEVAL NOTES:\n- Ranked by: positive sentiment, popularity\n- CONTRADICTION RULE: If Review Evidence contradicts the Knowledge Graph facts, you MUST treat the Knowledge Graph as the absolute ground truth.']","The best spots near Arugam Bay include the following locations:

- **Kumana National Park** — Located 43.8 km away in the Ampara District, this national park and wildlife reserve offers bird watching, safari, and camping opportunities, and features a scenic view.
- **Pottuvil** — Situated 4 km away, this village serves as the local center for commerce and transportation.
- **Pasarichenai Beach** — Located 2.2 km from Arugam Bay.
- **Panama** — A Tamil/Sinhalese settlement located 17 km away.
- **Okanda** — A location featuring Tamil shires situated 32 km away, which also offers a surf spot.
- **Whisky Point** — A surf spot accessible by tuk-tuk.
- **Lighthouse** — A surf spot located near Whisky Point.
- **Main Point** — A surf spot located in the immediate area.","Good spots near Arugam Bay include Kumana National Park, Little Adam's Peak View Point, Demodara Loop, Lunugamvehera National Park, and Sithulpawwa Rock Temple."
Q_NEA_09,What can I visit around Anuradhapura?,nearby_query,nearby_query,0.98,37.46,1.0,0.8542272562791697,0.9999999999,1.0,What can I visit around Anuradhapura?,"['Knowledge Graph Fact 1. Isurumuniya Temple is a Religious Site situated 2.7 km away for Ancient city visit and Temple visit, featuring Rock formation, Scenic view, and Stupa.\nKnowledge Graph Fact 2. Lovamahapaya Brazen Palace is a Heritage Site situated 3.0 km away, featuring Ancient ruins.\nKnowledge Graph Fact 3. Jaya Sri Maha Bodhi is a Religious Site in Anuradhapura District situated 3.2 km away for Ancient city visit and Pilgrimage, featuring Temple, Buddha statue, and Peacefulness.\nKnowledge Graph Fact 4. Moonstone or Sandakada pahana is a Heritage Site situated 3.4 km away, featuring Temple, Ancient ruins, and Wildlife.\n   Supporting Evidence:\n   [1] Place: Moonstone or Sandakada pahana\nRating: 5 stars\nTitle: As otehr reviews have said its part of the Anuradhapura site\nSource: Visitor Review\n\nThe moonstone was really interesting either tuk tuk or if you have a car and driver stop and have a look.\nKnowledge Graph Fact 5. Ruwanweli Maha Seya is a Religious Site in Anuradhapura District situated 3.4 km away for Religious visit and Ancient city visit, featuring Stupa, Temple, and Buddha statue.\n   Supporting Evidence:\n   [1] Place: Ruwanweli Maha Seya\nRating: 5 stars\nTitle: Great place to visit\nSource: Visitor Review\n\nThis is religious place every one should visit minimum annually. This place relaxing your mind when you reach until leave anuradapura. Every Buddhist must go one of place to visit to make life peaceful or any religious people can visit there.\nKnowledge Graph Fact 6. Twin Baths (Kuttam Pokuna) is a Heritage Site situated 4.0 km away for Ancient city visit, featuring Cleanliness.\n   Supporting Evidence:\n   [1] Place: Twin Baths (Kuttam Pokuna)\nRating: 3 stars\nTitle: Nothing spectacular!\nSource: Visitor Review\n\nThis review is quite late. When visiting the Sacred City of Anuradhapura the Twin Baths will definitely be included in your itinerary. Both ponds were full of garbarge; I wonder if any maintenance is being carried out by the local government. I spent only a couple of minutes taking photos.\nKnowledge Graph Fact 7. Dagoba of Thuparama is a Religious Site situated 4.1 km away for Religious visit, Ancient city visit, and Photography, featuring Stupa, Temple, and Ancient ruins.\n   Supporting Evidence:\n   [1] Place: Dagoba of Thuparama\nRating: 5 stars\nTitle: Serene and Tranquil Feeling\nSource: Visitor Review\n\nstupa. The Buddhists among us, joined the crowds in offering flowers and chanting pirith (Buddhist stanzas), paying homage to the Buddha and his teachings. The serene and tranquil atmosphere of the temple left a lasting impression on all of us.Thuparamaya is not only a site of great historical importance but also a place where visitors can experience the peaceful spirituality that defines Sri Lanka’s Buddhist heritage. I highly recommend visiting during the cooler hours of the day to fully\nKnowledge Graph Fact 8. Abhayagiri Dagaba is a Religious Site situated 5.6 km away for Religious visit and Ancient city visit, featuring Stupa, Temple, and Ancient ruins.\n   Supporting Evidence:\n   [1] Place: Abhayagiri Dagaba\nRating: 5 stars\nTitle: Awesome Place\nSource: Visitor Review\n\nActually I visited this place after 15 year. After seeing this gigantic pagoda I feel it is proud to be a Srilankan. So I invite those who visiting Anuradhapura to be here.', 'Place: Arugam Bay\nRating: 5 stars\nTitle: The best place we visited in Sri Lanka\nSource: Visitor Review\n\nrotti! the hideaway had great western food and the BEST enourmous portion of Sri lankan curries (I tried alot of it)If your a surfer, you found heaven. Try main point, or grab a tuk tuk to wisky point and by the lighthouse for less people. There is also another cool surf spot in okanda which is in the national park and if you get some people together, you can get a jeep to take u there (watch out for elephants on the beach) I would highly recommend this place, i absolutely loved it.', ""Place: Mihintale\nRating: 5 stars\nTitle: Wonderful place\nSource: Visitor Review\n\nMihintale is a mountain peak near Anuradhapura in Sri Lanka.If you travel to Anuradhapura, don't forget to visit mihintale. Because it's a wonderful place."", 'Place: Colombo National Museum\nRating: 4 stars\nTitle: Solid National Museum\nSource: Visitor Review\n\nThis is a good place to go for an overview of Sri Lankan history. Lots of the better artifacts from the main sites like Anuradhapura and Polonnaruwa are actually here. Not too pricey and in a beautiful colonial building to explore.', 'Place: Kelaniya Raja Maha Vihara\nRating: 5 stars\nTitle: One of the most sacred places\nSource: Visitor Review\n\nThis is regarded as one of the most sacred places in Buddhist culture in Sri Lanka. History goes back to 500BCE. Lord Buddha visited Kelaniya in his third visit to Sri Lanka.', ""Place: Moon Plains\nRating: 5 stars\nTitle: New attraction in nuwaraeliya\nSource: Visitor Review\n\nThis should be the first plan when someone traveling in nuwaraeliya. You can see main mountains in Sri Lanka in a clear day. Make sure to visit at 7am and get a safari jeeps. I heard they have 14 jeeps in their pool. You an see 360' view in summit and there is a mini worlds end."", 'RETRIEVAL NOTES:\n- Ranked by: proximity, historical significance\n- CONTRADICTION RULE: If Review Evidence contradicts the Knowledge Graph facts, you MUST treat the Knowledge Graph as the absolute ground truth.']","The following places are located in the surrounding area of Anuradhapura:

- **Isurumuniya Temple** — A religious site situated 2.7 km away, featuring a rock formation, scenic view, and a stupa, suitable for ancient city and temple visits.
- **Lovamahapaya Brazen Palace** — A heritage site located 3.0 km away that features ancient ruins.
- **Jaya Sri Maha Bodhi** — A religious site in the Anuradhapura District situated 3.2 km away, featuring a temple, Buddha statue, and peacefulness, suitable for ancient city visits and pilgrimages.
- **Moonstone or Sandakada pahana** — A heritage site situated 3.4 km away, featuring a temple, ancient ruins, and wildlife.
- **Ruwanweli Maha Seya** — A religious site in the Anuradhapura District situated 3.4 km away, featuring a stupa, temple, and Buddha statue, suitable for religious and ancient city visits.
- **Twin Baths (Kuttam Pokuna)** — A heritage site situated 4.0 km away, featuring cleanliness and suitable for ancient city visits.
- **Dagoba of Thuparama** — A religious site situated 4.1 km away, featuring a stupa, temple, and ancient ruins, suitable for religious visits, ancient city visits, and photography.
- **Abhayagiri Dagaba** — A religious site situated 5.6 km away, featuring a stupa, temple, and ancient ruins, suitable for religious and ancient city visits.
- **Mihintale** — A mountain peak located near Anuradhapura.","Around Anuradhapura, you can visit Isurumuniya Temple, Lovamahapaya Brazen Palace, Jaya Sri Maha Bodhi, Moonstone or Sandakada pahana, Ruwanweli Maha Seya, Twin Baths (Kuttam Pokuna), Dagoba of Thuparama, and Abhayagiri Dagaba."
Q_NEA_10,Recommendations for places near Trincomalee?,nearby_query,nearby_query,1.0,32.13,1.0,0.8771194103332395,0.9999999999,0.875,Recommendations for places near Trincomalee?,"['Knowledge Graph Fact 1. Trincomalee War Cemetery is a Memorial / Cemetery in Trincomalee District situated 1.0 km away, featuring Road access, Peacefulness, and Cleanliness.\n   Supporting Evidence:\n   [1] Place: Trincomalee War Cemetery\nCategory: Memorial / Cemetery\nLocation: Alles Garden, Trincomalee District, Eastern Province, Sri Lanka\nSource: Wikipedia Article\n\nLanka, and maintained by Sri Lankan Ministry of Defense on behalf of the Commonwealth War Graves Commission.\nKnowledge Graph Fact 2. Uppuveli Beach is a Beach in Trincomalee District situated 2.2 km away, offering Swimming, Relaxing, and Fishing, and featuring Safety, Peacefulness, and Beach.\n   Supporting Evidence:\n   [1] Place: Uppuveli Beach\nRating: 5 stars\nTitle: Super beach\nSource: Visitor Review\n\nIdeal for relaxing. Trips to Pigeon Island, whale watching and diving possibilities. lovely restaurants. Just loved it.\nKnowledge Graph Fact 3. Fort Frederick is a Fort / Historic Site in Trincomalee District situated 7.1 km away, offering Temple visit and Fort visit, and featuring Road access, Rock formation, and Scenic view.\n   Supporting Evidence:\n   [1] Place: Fort Frederick\nRating: 4 stars\nTitle: Fort Fredrick\nSource: Visitor Review\n\nLovely walk from my guesthouse along the beach towards the fort. As you walk through there are army barracks on both sides of the road and the solder going about their business. All very friendly. There are army welfare cafes where you can get a cold drink or ice cream very good. As you continue walking up a slight hill there are stalls selling usual tourist things and places to get a cold drink. Toilets are here to. Once you reach the top the Temple is in front of you.The view is amazing 😉.\nKnowledge Graph Fact 4. Kanniya Hot Springs is a Hot Springs in Trincomalee District situated 7.5 km away, featuring Ticket price, Cleanliness, and Entrance fee.\n   Supporting Evidence:\n   [1] Place: Kanniya Hot Springs\nCategory: Hot Springs\nLocation: Kanniya, Trincomalee District, Eastern Province, Sri Lanka\nSource: Wikipedia Article\n\nLegend\nKnowledge Graph Fact 5. Nilaveli Beach is a Beach in Trincomalee District situated 12.1 km away, offering Swimming and Relaxing, and featuring Peacefulness, Cleanliness, and Beach.\nKnowledge Graph Fact 6. Marble Beach is a Beach in Trincomalee District situated 18.4 km away, offering Swimming, and featuring Safety, Scenic view, and Peacefulness.\nKnowledge Graph Fact 7. Seruwila Mangala Raja Maha Vihara is a Religious Site situated 43.4 km away, offering Religious visit and Temple visit, and featuring Road access, Stupa, and Temple.\nKnowledge Graph Fact 8. Hurulu Eco Park is a National Park / Wildlife Reserve in Anuradhapura District situated 83.4 km away, offering Safari and Elephant watching, and featuring Road access, Trail, and Scenic view.', 'RETRIEVAL NOTES:\n- Ranked by: proximity, popularity\n- CONTRADICTION RULE: If Review Evidence contradicts the Knowledge Graph facts, you MUST treat the Knowledge Graph as the absolute ground truth.']","The following places are located near Trincomalee:

- **Trincomalee War Cemetery** — A memorial and cemetery located 1.0 km away that features road access, peacefulness, and cleanliness.

- **Uppuveli Beach** — A beach located 2.2 km away that offers swimming, relaxing, and fishing, and features safety and peacefulness. It serves as a base for trips to Pigeon Island, whale watching, and diving, and includes restaurants.

- **Fort Frederick** — A fort and historic site located 7.1 km away that offers temple and fort visits, featuring road access, rock formations, and scenic views. The site includes army welfare cafes, stalls selling tourist items, and toilets.

- **Kanniya Hot Springs** — A hot springs site located 7.5 km away that features cleanliness, an entrance fee, and a ticket price.

- **Nilaveli Beach** — A beach located 12.1 km away that offers swimming and relaxing, and features peacefulness, cleanliness, and a beach environment.

- **Marble Beach** — A beach located 18.4 km away that offers swimming and features safety, scenic views, and peacefulness.

- **Seruwila Mangala Raja Maha Vihara** — A religious site located 43.4 km away that offers religious and temple visits, featuring road access, a stupa, and a temple.

- **Hurulu Eco Park** — A national park and wildlife reserve located 83.4 km away that offers safari and elephant watching, and features road access, a trail, and scenic views.","Places near Trincomalee include Trincomalee War Cemetery, Uppuveli Beach, Fort Frederick, Kanniya Hot Springs, Nilaveli Beach, Marble Beach, Seruwila Mangala Raja Maha Vihara, and Hurulu Eco Park."
Q_FAC_01,What are some tourist spots that feature on-site restaurants?,facility_query,facility_query,1.0,35.24,0.9696969696969696,0.7560019712127225,0.9999999999,1.0,What are some tourist spots that feature on-site restaurants?,"[""Knowledge Graph Fact 1. Negombo Beach is a Beach in Gampaha District with a Restaurant, featuring Road access and Safety.\nKnowledge Graph Fact 2. Negombo Fish Market is a Shopping / Market in Gampaha District with a Restaurant, featuring Road access and Scenic view.\n   Supporting Evidence:\n   [1] Place: Negombo Fish Market\nRating: 5 stars\nTitle: Incredible for photos\nSource: Visitor Review\n\nyour self for lots of strange flies and dogs around, lots of different fish and hard working fisherman and woman. Ot is incredible! And then the market when they are selling their catch of the day. Some of them does have huge fish some of them lots of small ones and some of them just a few which are infront of them on the ground. Go and see! If I would be eating seafood I would stop for a while after my visit 😂\nKnowledge Graph Fact 3. Sri Pada / Adam's Peak is a Viewpoint / Hiking location in Nuwara Eliya District with a Restaurant, offering Sunrise watching and featuring Waterfall and Road access.\nKnowledge Graph Fact 4. Dutch Hospital Shopping Precinct is a Shopping / Market in Galle District with a Restaurant, offering Relaxing and Shopping, and featuring Value for money and Food quality.\n   Supporting Evidence:\n   [1] Place: Dutch Hospital Shopping Precinct\nRating: 5 stars\nTitle: Restaurants\nSource: Visitor Review\n\nThe restaurants arent expensive and have fantastic views. You can just have a drink or milkshake , the staff were very happy and welcoming .\n   [2] Place: Dutch Hospital Shopping Precinct\nRating: 4 stars\nTitle: Beautifully restored building now hosting boutiques and restaurants\nSource: Visitor Review\n\nThey have done a lovely job on this old hospital building. There are two levels which host some nice boutiques and restaurants catering for the kind of travellers who these days Tay within the fort walls. I would no doubt eat there if staying in Galle\nKnowledge Graph Fact 5. Unawatuna Beach is a Beach in Galle District with a Restaurant, offering Swimming and Relaxing, and featuring Safety and Peacefulness.\nKnowledge Graph Fact 6. Mirissa Beach is a Beach in Matara District with a Restaurant, offering Swimming and Surfing, and featuring Scenic view and Family friendliness.\n   Supporting Evidence:\n   [1] Place: Mirissa Beach\nRating: 5 stars\nTitle: Ideal place to base yourself on South Coast\nSource: Visitor Review\n\nspots to drink and hang out. There are some scenic spots to check out (perfect for intsergrammers) but if you like to go to them to see the beauty for what it is rather than take a picture of yourself in a “just stumbled across me like this pose” it can be a little annoying as they are everywhere! On the whole its a great place to base yourself and check out the south coast of Sri Lanka. Turtle Bar was one of our favourites to hang out at. The staff are super friendly and the food was the best\n   [2] Place: Mirissa Beach\nRating: 5 stars\nTitle: Ideal place to base yourself on South Coast\nSource: Visitor Review\n\nroad that runs parallel. It has an abundance of restaurants all selling fish (some fresher than others). At night is is quite noisy with every restaurant and bar trying to out do the other with trance/ dance music which kind of ruined the atmosphere for us a little. The smaller bays to the east are far more relaxed and just as beautiful with some lovely bars and hammocks. The music can still turn a little hectic but you can still find some chilled spots to drink and hang out. There are some\nKnowledge Graph Fact 7. Goyambokka Beach is a Beach in Hambantota District with a Restaurant, offering Swimming and Relaxing, and featuring Peacefulness and Family friendliness.\n   Supporting Evidence:\n   [1] Place: Goyambokka Beach\nRating: 4 stars\nTitle: Beautiful wild beach\nSource: Visitor Review\n\nThis is a really beautiful beach, with fine sand and some big waves. There are a few beachside restaurants to enjoy a beer, or a coconut. Facing the water, you can also carry on around the headland to another quieter beach\nKnowledge Graph Fact 8. Mount Lavinia Beach is a Beach in Colombo District with a Restaurant, offering Swimming and Relaxing, and featuring Safety and Scenic view.\n   Supporting Evidence:\n   [1] Place: Mount Lavinia Beach\nRating: 3 stars\nTitle: Crowdy and Not So Clean\nSource: Visitor Review\n\nIts a good location to getaway but recently the cleanliness has been very poor. There are some good Restaurants around but their service is not so satsfactory\n   [2] Place: Mount Lavinia Beach\nRating: 4 stars\nTitle: Evening walk\nSource: Visitor Review\n\nNice to walk and many restaurant are there for snacks and tea and coffee ☕️ Cleanse was ok Nice view and very beautiful"", 'Place: Diyatha Uyana\nCategory: Garden / Park\nLocation: Sri Jayewardenepura Kotte, Colombo District, Western Province, Sri Lanka\nSource: Wikipedia Article\n\nThe Water’s Edge floating restaurant was opened in December 2014. The construction of the floating restaurant was undertaken under the offshore patrol construction project of the Sri Lanka Navy to a local plan. Today this restaurant is managed by water sage hotel management. The restaurant can accommodate 36 to 55 people. It is 16 m (51 ft) in length and 9.4 m (31 ft) wide. A technical team of the Navy was appointed to handle all mechanical issues with the hotel crew for serving with a chef. Night rides are also available enabling tourists to view the city at dusk. The floating restaurant', 'Place: Colombo Lotus Tower\nRating: 4 stars\nTitle: Fun\nSource: Visitor Review\n\ncan do something similar in most capitals and big cities nowadays', 'RETRIEVAL NOTES:\n- Ranked by: Restaurant\n- CONTRADICTION RULE: If Review Evidence contradicts the Knowledge Graph facts, you MUST treat the Knowledge Graph as the absolute ground truth.']","The tourist spots in Sri Lanka that feature on-site restaurants are:

- **Negombo Beach** — A beach in the Gampaha District that provides road access and safety.
- **Negombo Fish Market** — A market in the Gampaha District featuring scenic views and road access.
- **Sri Pada / Adam's Peak** — A hiking location and viewpoint in the Nuwara Eliya District that offers sunrise watching, waterfalls, and road access.
- **Dutch Hospital Shopping Precinct** — A shopping destination in the Galle District that offers shopping and relaxing, with restaurants noted for their food quality and value for money.
- **Unawatuna Beach** — A beach in the Galle District that offers swimming and relaxing, characterized by its peacefulness and safety.
- **Mirissa Beach** — A beach in the Matara District known for swimming, surfing, and family friendliness, featuring scenic views and an abundance of restaurants.
- **Goyambokka Beach** — A beach in the Hambantota District that offers swimming and relaxing, featuring peacefulness and family friendliness with beachside restaurants.
- **Mount Lavinia Beach** — A beach in the Colombo District that offers swimming and relaxing, featuring scenic views and safety.
- **Diyatha Uyana** — A garden and park in the Colombo District that features a floating restaurant managed by hotel management, which also offers night rides to view the city at dusk.","The tourist spots that feature on-site restaurants include Negombo Beach, Negombo Fish Market, and Sri Pada / Adam's Peak."
Q_FAC_02,What are some attractions that feature steps or stairs?,facility_query,facility_query,1.0,33.66,0.967741935483871,0.7601831009605972,0.9999999999,1.0,What are some attractions that feature steps or stairs?,"[""Knowledge Graph Fact 1. Sri Pada / Adam's Peak is a Viewpoint / Hiking location in Nuwara Eliya District with facilities including Steps or stairs, offering Sunrise watching, and featuring Waterfall and Road access.\n   Supporting Evidence:\n   [1] Place: Sri Pada / Adam's Peak\nCategory: Viewpoint / Hiking\nLocation: Nallathanniya, Nuwara Eliya District, Central Province, Sri Lanka\nSource: Wikipedia Article\n\nAdam's Peak is a 2,243-metre-tall (7,359-foot) conical sacred mountain located in central Sri Lanka. It is well known for the Sri Pada, a 1.8\xa0m rock formation resembling a footprint near the summit whose name is also used for the mountain itself. In Buddhist tradition the print is held to be the footprint of the Buddha, later in Sri Lankan Hindu tradition that of Hanuman or Shiva, and in some Islamic and Christian traditions that of Adam or St. Thomas the Apostle.\n   [2] Place: Sri Pada / Adam's PeakUnclaimedIf you own this business, claim it for free now to update business info, respond to reviews, and more.Claim this listing\nRating: 5 stars\nTitle: Well worth the 5,831 steps!\nSource: Visitor Review\n\nwalk in the difficult category it is about 2hrs straight of very steep stairs. Along the way there are a few monks trying to get you to sign a book and they ask for a fair bit of money as a donation so don't get conned into that unless you want toot course. The views from the top were great, it was a little chilly when we did it, but mainly from the rain. And it wasn't overly busy maybe 30 people max.\nKnowledge Graph Fact 2. Yapahuwa Rock Fortress is a Heritage Site featuring Steps or stairs, a Trail, and a Rock formation.\n   Supporting Evidence:\n   [1] Place: Yapahuwa Rock Fortress\nRating: 4 stars\nTitle: Little known must visit\nSource: Visitor Review\n\nthe stairs each year, so take great care when descending. The last bit does not have steps and one has to use the trees to hold on to the the roots have made the steps.\nKnowledge Graph Fact 3. Laxapana Falls is a Waterfall in Nuwara Eliya District with facilities including Steps or stairs, offering a Waterfall visit, and featuring a Waterfall and Road access.\n   Supporting Evidence:\n   [1] Place: Laxapana Falls\nRating: 5 stars\nTitle: The best of the falls.\nSource: Visitor Review\n\nThis is the highest free falling cascade in the island with year round life. And the location and the surrounding is arguably the finest. To get the experience to the full, one must walk, all the way from the 4th mile post. It's a 2km walk right under the mysterious, foreboding and yet majestic Seven Virgins Range.Almost the entire stretch is with very limited human presence, but it's safe. Village folks and Tea community you have here do not bite!. Best to begin the walk as early as\nKnowledge Graph Fact 4. Mulgirigala Raja Maha Vihara is a Religious Site with facilities including Steps or stairs, offering a Temple visit, and featuring a Rock formation and Scenic view.\nKnowledge Graph Fact 5. Dambulla Cave Temple is a Religious Site in Matale District with facilities including Steps or stairs, offering a Temple visit, and featuring a Rock formation and Scenic view.\n   Supporting Evidence:\n   [1] Place: Dambulla Cave Temple\nRating: 5 stars\nTitle: Well worth the climb; a must-do visit\nSource: Visitor Review\n\nThe climb up the steps to the temple offers some wonderful views including a panorama of Lion Rock and Pidurangala Rock. It is steep in places, so take some water with you; there's nowhere to buy any at the top!You need to leave your shoes (100 Rps per person) and entry to the temple complex is 1500 Rps each. Remember to dress appropriately for visiting a temple.There are 5 caves; the newest being the furthest away. Perhaps worth starting here and working back as the older caves have the better\nKnowledge Graph Fact 6. Sigiriya Lion Rock is a Heritage Site in Matale District with facilities including Steps or stairs, and featuring a Rock formation and Scenic view.\n   Supporting Evidence:\n   [1] Place: Sigiriya Lion Rock\nRating: 5 stars\nTitle: Spectacular\nSource: Visitor Review\n\nA good place, with nature, history, say that there are more than 1,200 stairs, worth it because the views are incredible. All very well marked.\nKnowledge Graph Fact 7. Ambuluwawa Tower is a Landmark / Tower in Kandy District with facilities including Steps or stairs, and featuring Safety and a Scenic view.\nKnowledge Graph Fact 8. Mihintale is a Religious Site in Anuradhapura District with facilities including Steps or stairs, offering a Religious visit and Ancient city visit, and featuring a Rock formation and Scenic view.\n   Supporting Evidence:\n   [1] Place: Mihintale\nRating: 5 stars\nTitle: Amazing!\nSource: Visitor Review\n\n1400 stairs require some efforts to get there but the place is unbelievable! The best option is to go there early in the morning (7-8 am), then you have a chance to enjoy the place with less tourists and it gives incredible feelings!"", 'Place: Twin Baths (Kuttam Pokuna)\nCategory: Heritage Site\nLocation: Sri Lanka\nSource: Wikipedia Article\n\nA parapet was built around each of the ponds. The faces of the ponds are cut granite slabs as are the bottom and the sides of the ponds. The ponds are made wider at the top than at the bottom, giving them a stepped slope, with steps too narrow to descend. Flights of stairs are seen on the northern and southern ends of the ponds. The southern pond has an additional flight of stairs on the western side. Unlike the other stairs, these do not protrude from the side of the pond. The stairs lead to the bottom of the pond and are decorated with punkalas, or pots of abundance, and scroll design.', 'Place: Weherahena Buddhist Temple\nRating: 5 stars\nTitle: Really good tourist attractions\nSource: Visitor Review\n\nBeautiful temple. The guide was very knowledgeable and patient while we took photos. The big buddha is amazing!', 'RETRIEVAL NOTES:\n- Ranked by: Steps or stairs\n- CONTRADICTION RULE: If Review Evidence contradicts the Knowledge Graph facts, you MUST treat the Knowledge Graph as the absolute ground truth.']","The following attractions in Sri Lanka feature steps or stairs:

- **Sri Pada / Adam's Peak** — Located in the Nuwara Eliya District, this mountain features 5,831 steps, which involve a climb of approximately two hours of very steep stairs. It is a popular spot for sunrise watching and features road access and a waterfall.
- **Yapahuwa Rock Fortress** — This heritage site includes stairs and a rock formation, though the final portion of the ascent does not have steps and requires using tree roots for support along the trail.
- **Laxapana Falls** — Located in the Nuwara Eliya District, this waterfall location includes steps as part of the path to experience the cascade and features road access.
- **Mulgirigala Raja Maha Vihara** — This religious site features steps leading to the temple complex, which is built into a rock formation and offers a scenic view.
- **Dambulla Cave Temple** — Located in the Matale District, visitors climb a set of steps to reach the temple, which is situated on a rock formation and offers panoramic views of Lion Rock and Pidurangala Rock.
- **Sigiriya Lion Rock** — Located in the Matale District, this heritage site features more than 1,200 stairs that lead to the top of the rock formation, where visitors can see scenic views.
- **Ambuluwawa Tower** — Located in the Kandy District, this landmark tower includes steps as part of its structure and offers scenic views and safety features.
- **Mihintale** — Located in the Anuradhapura District, this religious site requires climbing 1,400 stairs to reach the destination, which is set on a rock formation and offers a scenic view.
- **Twin Baths (Kuttam Pokuna)** — These heritage ponds feature flights of stairs on the northern and southern ends, with an additional flight on the western side of the southern pond, all leading to the bottom of the ponds.","Attractions that feature steps or stairs include Sri Pada / Adam's Peak, Yapahuwa Rock Fortress, and Laxapana Falls."
Q_FAC_03,What are some locations that offer value for money and require an entrance fee?,facility_query,cost_query,0.95,40.42,0.8235294117647058,0.8560173133149555,0.9999999999,1.0,What are some locations that offer value for money and require an entrance fee?,"[""Knowledge Graph Fact 1. Ancient City of Polonnaruwa is a location for Ancient city visit, Ruins exploration, and Museum visit, featuring Temple, Weather condition, Ancient ruins, Buddha statue, Ticket price, Public transport access, Local guide, Museum, Heritage site, Sculptures, and Value for money, with facilities including Tuk tuk service, Entrance fee, Ticket or receipt, and Guide service.\n   Supporting Evidence:\n   [1] Place: Ancient City of Polonnaruwa\nRating: 5 stars\nTitle: A must if you stay close\nSource: Visitor Review\n\nYou first go to the museum site to purchase your ticket, a lovely bit of history there, if you can read and love to take your time I would suggest NOT to get the guide who will hustle you and try to convince you into using him and go as far as to say “don’t pay me if you are dissatisfied”. Don’t fall for it. It’s nice to just go around read the descriptions yourself. The whole experience will take you upto 3 hours. Make sure to take socks, cover shoulders and legs. You won’t be allowed to wear\nKnowledge Graph Fact 2. Ceylon Tea Museum is located in Kandy District for Museum visit and Shopping, featuring Scenic view, Ticket price, Mountain, Public transport access, Local guide, Museum, Value for money, Service quality, Shops, Guided tours, and Tea plantation, with facilities including Tuk tuk service, Entrance fee, Guide service, and Shop.\n   Supporting Evidence:\n   [1] Place: Ceylon Tea Museum\nRating: 4 stars\nTitle: Worth a visit\nSource: Visitor Review\n\nLearn about the history of tea production in Sri Lanka. Entrance fee is reasonable and comes with a pot of tea in the restaurant. However, some of the tea sold in the shops can also be found at supermarkets for a better price. I paid 215 for a packet of tea and found the exact same thing in a supermarket going for 150.\nKnowledge Graph Fact 3. Colombo Lotus Tower is located in Colombo District for Viewpoint visit, featuring Scenic view, Family friendliness, Ticket price, Value for money, Food quality, Restaurants, Service quality, Entrance fee, and Viewpoint, with facilities including Entrance fee, Ticket or receipt, Restaurant, and View platform.\n   Supporting Evidence:\n   [1] Place: Colombo Lotus Tower\nCategory: Landmark / Tower\nLocation: Colombo, Colombo District, Western Province, Sri Lanka\nSource: Wikipedia Article\n\nof Sri Lanka later decided to change the location. The lotus-shaped structure serves various purposes, including communication and observation, as well as leisure facilities. The estimated cost of construction was approximately US$113 million.\nKnowledge Graph Fact 4. Galway's Land National Park is located in Nuwara Eliya District, featuring Road access, Trail, Peacefulness, Wildlife, Ticket price, Value for money, Entrance fee, Birds, Signage, and Forest, with facilities including Entrance fee, Ticket or receipt, and Pathway.\nKnowledge Graph Fact 5. Hakgala Botanic Gardens features Scenic view, Ticket price, Cleanliness, Value for money, and Entrance fee, with facilities including Entrance fee.\n   Supporting Evidence:\n   [1] Place: Hakgala Botanic Gardens\nRating: 1 stars\nTitle: Completely waste of time and money\nSource: Visitor Review\n\nA very expensive ticket gets you an entry to massive garden which is usually littered with newly weds taking photos. It also is not very laid out making it even more uninteresting\n   [2] Place: Hakgala Botanic Gardens\nRating: 1 stars\nTitle: Rip Off\nSource: Visitor Review\n\nFirst of all, Google Maps claims this attraction is permanently closed. It is not. However, It's definitely not worth going to in my opinion. It is incredibly expensive for foreigners. First, you have to pay a taxi or tuk tuk to take you there. (We paid 700LKR). Then, you have to pay 22 times the amount locals do. For every foreigner, the price is 1100LKR. Locals pay 50LKR. We didn't go in because we felt that this difference is beyond reasonable. I can't tell you if it was worth the price or\nKnowledge Graph Fact 6. Horton Plains National Park is located in Nuwara Eliya District for Waterfall visit, Hiking, and Trekking, featuring Waterfall, Trail, Scenic view, Weather condition, Wildlife, Ticket price, Cleanliness, Mountain, Crowdedness, Value for money, Entrance fee, and Birds, with facilities including Entrance fee and Ticket or receipt.\nKnowledge Graph Fact 7. Koggala Lake is located in Galle District for Temple visit, Relaxing, Boat ride, and Spa treatment, featuring Temple, Peacefulness, Wildlife, Ticket price, Public transport access, Local guide, Value for money, Birds, Lake, and Boat service, with facilities including Tuk tuk service, Entrance fee, and Boat service.\n   Supporting Evidence:\n   [1] Place: Koggala Lake\nRating: 5 stars\nTitle: Take boat trip.\nSource: Visitor Review\n\nTake a boat out in the morning for a 2 hour guided trip. lots of wildlife, esp. birds, to see. Boats cost around Rs. 6,000, with guide, for up to 8 people.\nKnowledge Graph Fact 8. Madu River Safari by Buddhi is located in Galle District for Temple visit, Safari, Boat safari, Boat ride, and Spa treatment, featuring River, Scenic view, Temple, Family friendliness, Wildlife, Ticket price, Local guide, Value for money, Birds, and Boat service, with facilities including Entrance fee and Boat service."", 'RETRIEVAL NOTES:\n- Ranked by: Value for money, Entrance fee\n- CONTRADICTION RULE: If Review Evidence contradicts the Knowledge Graph facts, you MUST treat the Knowledge Graph as the absolute ground truth.']","The following locations require an entrance fee and are associated with value for money in the provided evidence:

- **Ancient City of Polonnaruwa** — While some visitors have noted concerns regarding value for money, the site is a popular destination for exploring ancient ruins, visiting the museum, and viewing sculptures and Buddha statues. Visitors purchase tickets at the museum site and can spend up to 3 hours exploring the area.
- **Ceylon Tea Museum** — Located in the Kandy District, this museum is noted for being good value for money and includes a pot of tea in the restaurant with the entrance fee. It offers insights into the history of tea production in Sri Lanka.
- **Colombo Lotus Tower** — This landmark in the Colombo District serves as a viewpoint and features leisure facilities, with an entrance fee required for access to the view platform. Some visitors have expressed that it does not offer good value for money.
- **Galway's Land National Park** — Situated in the Nuwara Eliya District, this location features a forest, wildlife, and bird watching opportunities along its pathways, requiring an entrance fee for access. Some visitors have noted that it does not offer good value for money.
- **Horton Plains National Park** — Located in the Nuwara Eliya District, this park offers hiking and trekking activities, including visits to waterfalls and scenic views, and requires an entrance fee. Some visitors have noted that it does not offer good value for money.
- **Koggala Lake** — This location in the Galle District offers boat rides, wildlife and bird watching, and temple visits. Boat trips are available for up to 8 people and require an entrance fee for the service. Some visitors have noted that it does not offer good value for money.
- **Madu River Safari by Buddhi** — Located in the Galle District, this safari experience includes boat rides, temple visits, and wildlife viewing, with an entrance fee required for the boat service. Some visitors have noted that it does not offer good value for money.

Regarding **Hakgala Botanic Gardens**, while it requires an entrance fee, some visitor reviews describe it as a ""waste of time and money"" and a ""rip off"" due to the high cost for foreigners compared to locals and the condition of the gardens.","Locations that require an entrance fee include Ancient City of Polonnaruwa, Ceylon Tea Museum, and Colombo Lotus Tower."
Q_FAC_04,What are some places that feature a local guide or guide service?,facility_query,facility_query,1.0,19.13,0.9782608695652174,0.6459107953334784,0.9999999999,1.0,What are some places that feature a local guide or guide service?,"[""Knowledge Graph Fact 1. Negombo Fish Market is a Shopping / Market in Gampaha District offering a Guide service, featuring Road access and Scenic view.\n   Supporting Evidence:\n   [1] Place: Negombo Fish MarketUnclaimedIf you own this business, claim it for free now to update business info, respond to reviews, and more.Claim this listing\nRating: 4 stars\nTitle: Great for people watching\nSource: Visitor Review\n\nWalked down from the fishing village / beach just north. There you see small areas of fish being dried. The port has fish drying on an industrial scale and photo opportunities are everywhere. The main fish market is a covered area with large and small stalls with an interesting array of fish on offer. We didn't get there until midday and it was still fairly busy.\nKnowledge Graph Fact 2. Sri Pada / Adam's Peak is a Viewpoint / Hiking location in Nuwara Eliya District offering a Guide service and Sunrise watching, featuring Waterfall and Road access.\nKnowledge Graph Fact 3. Handunugoda Tea Estate is a Farm / Factory in Galle District offering a Guide service, Shopping, and Tea plantation visit, featuring Ticket price and Public transport access.\nKnowledge Graph Fact 4. Sinharaja Forest Reserve is a Forest Reserve in Palinda-Nuwara (Baduraliya) DS Division offering a Guide service, Waterfall visit, and Swimming, featuring Waterfall and Trail.\n   Supporting Evidence:\n   [1] Place: Sinharaja Forest Reserve\nRating: 3 stars\nTitle: Nice walk, not many wild life spotted\nSource: Visitor Review\n\nhe found, he was told by another guide that those animals where on that place. Visiting this place is really a must, but make sure you have a good guide.\nKnowledge Graph Fact 5. Pedro Tea Factory is a Farm / Factory in Nuwara Eliya District offering a Guide service, Shopping, and Photography, featuring Scenic view and Ticket price.\n   Supporting Evidence:\n   [1] Place: Pedro Tea Factory\nRating: 4 stars\nTitle: The best place to buy Tea in Nuwara Eliya\nSource: Visitor Review\n\nWhile in NE for a workshop, we went over to Pedro Tea Factory to buy some tea. Wow....the place itself was amazing...clean, neatly laid out garden....wonderful tea centre and the best part - 2 amazing sales women ....most probably from the surrounding plantations. They were so knowledgeable on the tea they were selling ..... As part of the Ethical Tea partnership i think the Pedro Tea Factory is doing a great job ...its just 2 kms from the city centre on the Kandapola Road....A must visit\nKnowledge Graph Fact 6. Ceylon Tea Museum is a Museum in Kandy District offering a Guide service, Museum visit, and Shopping, featuring Scenic view and Ticket price.\n   Supporting Evidence:\n   [1] Place: Ceylon Tea Museum\nRating: 4 stars\nTitle: Great visit, very interesting\nSource: Visitor Review\n\nA thoroughly enjoyable and informative tour,very interesting to learn about the tea,we got a great tour nevertheless...!\nKnowledge Graph Fact 7. Muthurajawela Marsh is a Wetland / Nature Park offering a Guide service, Photography, and Boat ride, featuring Peacefulness and Wildlife.\nKnowledge Graph Fact 8. Udawalawe National Park is a National Park / Wildlife Reserve in Monaragala District offering a Guide service and Safari, featuring Wildlife and Ticket price.\n   Supporting Evidence:\n   [1] Place: Udawalawe National Park\nRating: 4 stars\nTitle: Choose your guide carefully\nSource: Visitor Review\n\nWe chose a guide and went in mid morning after the morning crush. Recommend contacting Slow Safaris by Nomad Trails.The park needs to get its act together and limit entry. The animals never get any peace. Human greed and ignorance will destroy this place.Tread carefully and choose your guide well."", 'Place: Ella Rock\nRating: 4 stars\nTitle: Beware of locals !\nSource: Visitor Review\n\nIt’s quite tricky to find the path , look for foreigners and follow them. Don’t trust the locals who will point you in the wrong direction (as what others on trip advisors have mentioned)', 'Place: Aberdeen Falls\nCategory: Waterfall\nLocation: Sri Lanka\nSource: Wikipedia Article\n\nTourism\nAberdeen Falls is generally less frequented than major sites like Laxapana Falls. Its proximity to Laxapana makes it a common secondary destination for visitors to the area.\nThere is no entry fee for the falls. While on-site guided tours are not typically offered, transportation and informational services can be arranged through local tour operators in the region.', ""Place: Colombo National Museum\nRating: 5 stars\nTitle: Give tourself plenty of time here\nSource: Visitor Review\n\nAmazing. Collection. We did a lot of touring around Sri Lanka and saw plenty of ancient, architectural and archaeological sites. So we went here on our last day in Sri Lanka to help tie everything together. However, people say it's a great intro cultural collection to the country. But also a nice farewell."", 'Place: Weherahena Buddhist Temple\nRating: 5 stars\nTitle: Really good tourist attractions\nSource: Visitor Review\n\nBeautiful temple. The guide was very knowledgeable and patient while we took photos. The big buddha is amazing!', ""Place: Mulgirigala Raja Maha Vihara\nRating: 4 stars\nTitle: We had a very knowledgeable guide!\nSource: Visitor Review\n\nToo bad I can't remember our guide's name, because he was a fountain of info. I do remember that he is 63 and used to work for the government before quitting to become a guide. :) At any rate, we learned many things about this fascinating place that we wouldn't have had we not hired such a good guide. We were at Tangalle for the beach, but this was a nice change from lolling about on the sand.For the record, contrary to other reviewers, I saw no touts or monkeys. Perhaps they did each other in!"", 'RETRIEVAL NOTES:\n- Ranked by: Guide service\n- CONTRADICTION RULE: If Review Evidence contradicts the Knowledge Graph facts, you MUST treat the Knowledge Graph as the absolute ground truth.']","The following places in Sri Lanka provide a guide service:

- **Negombo Fish Market** — Located in the Gampaha District, this market offers a guide service and features road access and scenic views.
- **Sri Pada / Adam's Peak** — Situated in the Nuwara Eliya District, this location offers a guide service and sunrise watching, featuring a waterfall and road access.
- **Handunugoda Tea Estate** — Located in the Galle District, visitors can access a guide service, shopping, and tea plantation visits, with public transport access and ticket price information available.
- **Sinharaja Forest Reserve** — Found in the Palinda-Nuwara (Baduraliya) DS Division, this forest reserve provides a guide service, waterfall visits, and swimming, featuring a trail and a waterfall.
- **Pedro Tea Factory** — Located in the Nuwara Eliya District, this factory offers a guide service, shopping, and photography, featuring scenic views and ticket price information.
- **Ceylon Tea Museum** — Situated in the Kandy District, this museum provides a guide service, museum visits, and shopping, featuring scenic views and ticket price information.
- **Muthurajawela Marsh** — This wetland and nature park offers a guide service, photography, and boat rides, featuring peacefulness and wildlife.
- **Udawalawe National Park** — Located in the Monaragala District, this national park offers a guide service and safari, featuring wildlife and ticket price information.
- **Weherahena Buddhist Temple** — This temple features a knowledgeable guide service.
- **Mulgirigala Raja Maha Vihara** — This site offers a knowledgeable guide service for visitors.","Places that offer a local guide include Negombo Fish Market, Sri Pada / Adam's Peak, and Handunugoda Tea Estate."
Q_FAC_05,What are some temples and sites in Sri Lanka that feature donation boxes?,facility_query,facility_query,0.95,27.21,1.0,0.9971377935451436,0.9999999999,1.0,What are some temples and sites in Sri Lanka that feature donation boxes?,"['Knowledge Graph Fact 1. Angurukaramulla Temple is located in Gampaha District for Religious and Temple visits, featuring Temple, Buddha statue, Peacefulness, Public transport access, Local guide, Sculptures, and Paintings, with facilities including Tuk tuk service, Entrance fee, Guide service, and Donation box.\n   Supporting Evidence:\n   [1] Place: Angurukaramulla Temple\nCategory: Religious Site\nLocation: Negombo, Gampaha District, Western Province, Sri Lanka\nSource: Wikipedia Article\n\nDESTINATION: Angurukaramulla Temple\nTYPE: Religious Site\nLOCATION: Negombo, Gampaha District, Western Province, Sri Lanka\nCOORDINATES: 7.2096609, 79.8537614\nADDRESS: Angurukaramulla Temple, Temple Road, Periyamulla, Negombo, Gampaha District, Western Province, 11500, Sri Lanka\nSOURCE: https://en.wikipedia.org/w/index.php?search=Angurukaramulla%20Temple%20Sri%20Lanka\nKnowledge Graph Fact 2. Bahiravokanda Vihara Buddha Statue is a location for Religious and Temple visits, featuring Scenic view, Stairs, Temple, Buddha statue, Peacefulness, Ticket price, Mountain, Public transport access, Sculptures, and Entrance fee, with facilities including Steps or stairs, Tuk tuk service, Entrance fee, and Donation box.\n   Supporting Evidence:\n   [1] Place: Bahiravokanda Vihara Buddha Statue\nCategory: Religious Site\nLocation: Sri Lanka\nSource: Wikipedia Article\n\nDESTINATION: Bahiravokanda Vihara Buddha Statue\nTYPE: Religious Site\nLOCATION: Sri Lanka\nCOORDINATES: 7.2936, 80.63\nSOURCE: https://en.wikipedia.org/w/index.php?search=Bahiravokanda%20Vihara%20Buddha%20Statue%20Sri%20Lanka\n\nBahiravokanda Vihara Buddha Statue is a religious site located in Sri Lanka. It is a travel destination in Sri Lanka.\nKnowledge Graph Fact 3. Kalutara Bodhiya is located in Kalutara DS Division for Religious and Temple visits, featuring Road access, River, Scenic view, Stupa, Temple, Buddha statue, Peacefulness, Crowdedness, and Local guide, with facilities including Donation box.\n   Supporting Evidence:\n   [1] Place: Kalutara Bodhiya\nCategory: Religious Site\nLocation: Kalutara, Kalutara DS Division, Western Province, Sri Lanka\nSource: Wikipedia Article\n\nKalutara Bodhiya is a Bodhi tree (sacred fig) located in Kalutara, Western Province of Sri Lanka.  Situated on the Galle Colombo main road, by the side of Kalu River just south to the Kalutara city, it is believed to be one of the 32 saplings of the Jaya Sri Maha Bodhi in Anuradhapura, Sri Lanka. A Buddhist temple Kalutara Viharaya and a modern Stupa, Kalutara Chaitya  are located in close proximity to this sacred fig. One of the most venerated religious place in Sri Lanka, hundreds of Buddhists and foreign tourists visit this religious place daily.\nKnowledge Graph Fact 4. Weherahena Buddhist Temple is a location for Religious and Temple visits, featuring Scenic view, Temple, Buddha statue, Peacefulness, Ticket price, Public transport access, Local guide, Sculptures, Paintings, and Murals, with facilities including Entrance fee and Donation box.\n   Supporting Evidence:\n   [1] Place: Weherahena Buddhist Temple\nCategory: Religious Site\nLocation: Sri Lanka\nSource: Wikipedia Article\n\nDESTINATION: Weherahena Buddhist Temple\nTYPE: Religious Site\nLOCATION: Sri Lanka\nCOORDINATES: 5.9529, 80.5755\n\nWeherahena Buddhist Temple is a religious site located in Sri Lanka. It is a travel destination in Sri Lanka.\nKnowledge Graph Fact 5. Wewurukannala Vihara is a location for Religious, Temple visits, and Photography, featuring Temple, Buddha statue, Wildlife, Ticket price, Sculptures, Paintings, Entrance fee, Murals, and Elephants, with facilities including Entrance fee and Donation box.', 'RETRIEVAL NOTES:\n- Ranked by: Donation box\n- CONTRADICTION RULE: If Review Evidence contradicts the Knowledge Graph facts, you MUST treat the Knowledge Graph as the absolute ground truth.']","The temples and sites in Sri Lanka that feature donation boxes are:

- **Angurukaramulla Temple** — This religious site in the Gampaha District offers visitors the opportunity to view sculptures, paintings, and a Buddha statue. Facilities include a donation box, guide service, and tuk-tuk access, and the temple is noted for its peacefulness.

- **Bahiravokanda Vihara Buddha Statue** — This site features a Buddha statue and sculptures, offering a scenic view and a peaceful atmosphere. Visitors can access the site via stairs or tuk-tuk service, and there is an entrance fee and a donation box available.

- **Kalutara Bodhiya** — Situated in the Kalutara DS Division, this sacred site includes a stupa and a temple. It offers a scenic view and a sense of peacefulness, though it can be crowded. Visitors may find a donation box and local guides on-site.

- **Weherahena Buddhist Temple** — This religious destination features a large Buddha statue, murals, paintings, and sculptures. It offers a scenic view and a peaceful atmosphere, with facilities including an entrance fee and a donation box.

- **Wewurukannala Vihara** — A site suitable for temple visits and photography, this location features a Buddha statue, murals, paintings, sculptures, and elephants. It provides a donation box and requires an entrance fee for visitors.","Temples and sites that feature donation boxes include Angurukaramulla Temple, Bahiravokanda Vihara Buddha Statue, and Kalutara Bodhiya."
Q_FAC_06,What are some places in Sri Lanka that provide tourist accommodation?,facility_query,facility_query,1.0,20.78,0.7857142857142857,1.0,0.9999999999,1.0,What are some places in Sri Lanka that provide tourist accommodation?,"[""Knowledge Graph Fact 1. Negombo Beach is a beach in Gampaha District providing accommodation, featuring Road access and Safety.\nKnowledge Graph Fact 2. Sri Pada / Adam's Peak is a viewpoint and hiking location in Nuwara Eliya District providing accommodation, offering Sunrise watching, and featuring Waterfall and Road access.\n   Supporting Evidence:\n   [1] Place: Sri Pada / Adam's Peak\nCategory: Viewpoint / Hiking\nLocation: Nallathanniya, Nuwara Eliya District, Central Province, Sri Lanka\nSource: Wikipedia Article\n\nAdam's Peak is a 2,243-metre-tall (7,359-foot) conical sacred mountain located in central Sri Lanka. It is well known for the Sri Pada, a 1.8\xa0m rock formation resembling a footprint near the summit whose name is also used for the mountain itself. In Buddhist tradition the print is held to be the footprint of the Buddha, later in Sri Lankan Hindu tradition that of Hanuman or Shiva, and in some Islamic and Christian traditions that of Adam or St. Thomas the Apostle.\nKnowledge Graph Fact 3. Negombo Fish Market is a shopping and market location in Gampaha District providing accommodation, featuring Road access and Scenic view.\n   Supporting Evidence:\n   [1] Place: Negombo Fish Market\nCategory: Shopping / Market\nLocation: Negombo, Gampaha District, Western Province, Sri Lanka\nSource: Wikipedia Article\n\nDESTINATION: Negombo Fish Market\nTYPE: Shopping / Market\nLOCATION: Negombo, Gampaha District, Western Province, Sri Lanka\nCOORDINATES: 7.2110593, 79.8318074\nADDRESS: Negombo Fish Market, Sea Street, Periyamulla, Negombo, Gampaha District, Western Province, 11500, Sri Lanka\nSOURCE: https://en.wikipedia.org/w/index.php?search=Negombo%20Fish%20Market%20Sri%20Lanka\n\nNegombo Fish Market is a shopping / market located in Gampaha District. It is a travel destination in Sri Lanka.\nAddress: Negombo Fish Market, Sea Street, Periyamulla, Negombo, Gampaha District, Western Province, 11500, Sri Lanka\nKnowledge Graph Fact 4. Pasikudah Beach is a beach in Batticaloa District providing accommodation, offering Swimming and Relaxing, and featuring Safety and Scenic view.\n   Supporting Evidence:\n   [1] Place: Pasikudah Beach\nCategory: Beach\nLocation: Pasikudah, Batticaloa District, Eastern Province, Sri Lanka\nSource: Wikipedia Article\n\nLandscape and development\nKnowledge Graph Fact 5. Mount Lavinia Beach is a beach in Colombo District providing accommodation, offering Swimming and Relaxing, and featuring Safety and Scenic view.\nKnowledge Graph Fact 6. Arugam Bay is a beach in Ampara District providing accommodation, offering Swimming and Surfing, and featuring Peacefulness and Ticket price.\nKnowledge Graph Fact 7. Uppuveli Beach is a beach in Trincomalee District providing accommodation, offering Swimming and Relaxing, and featuring Safety and Peacefulness.\n   Supporting Evidence:\n   [1] Place: Uppuveli Beach\nCategory: Beach\nLocation: Trincomalee, Trincomalee District, Eastern Province, Sri Lanka\nSource: Wikipedia Article\n\nDESTINATION: Uppuveli Beach\nTYPE: Beach\nLOCATION: Trincomalee, Trincomalee District, Eastern Province, Sri Lanka\nCOORDINATES: 8.5987375, 81.2226276\nADDRESS: Uppuveli Beach, Trincomalee, Trincomalee District, Eastern Province, Sri Lanka\n\nUppuveli Beach is a beach located in Trincomalee District. It is a travel destination in Sri Lanka.\nAddress: Uppuveli Beach, Trincomalee, Trincomalee District, Eastern Province, Sri Lanka\nKnowledge Graph Fact 8. Bentota Beach is a beach in Galle District providing accommodation, offering Swimming and Surfing, and featuring Scenic view and Peacefulness.\n   Supporting Evidence:\n   [1] Place: Bentota Beach\nRating: 5 stars\nTitle: Best beach in Sri Lanka!!\nSource: Visitor Review\n\nBeatyful, peaceful and perfect. Sunbeds and parasol. Could be more restaurants. Just go there! Love it !\nKnowledge Graph Fact 9. Trincomalee Beach is a beach in Trincomalee District providing accommodation, offering Swimming and Relaxing, and featuring Safety and Scenic view.\nKnowledge Graph Fact 10. Nilaveli Beach is a beach in Trincomalee District providing accommodation, offering Swimming and Relaxing, and featuring Peacefulness and Cleanliness."", 'RETRIEVAL NOTES:\n- Ranked by: Accommodation\n- CONTRADICTION RULE: If Review Evidence contradicts the Knowledge Graph facts, you MUST treat the Knowledge Graph as the absolute ground truth.']","The following places in Sri Lanka provide tourist accommodation:

- **Negombo Beach** — A beach located in the Gampaha District that features road access and safety.
- **Sri Pada / Adam's Peak** — A viewpoint and hiking location in the Nuwara Eliya District that offers sunrise watching and features a waterfall and road access.
- **Negombo Fish Market** — A shopping and market location in the Gampaha District that features road access and a scenic view.
- **Pasikudah Beach** — A beach in the Batticaloa District that offers swimming and relaxing, and features safety and a scenic view.
- **Mount Lavinia Beach** — A beach in the Colombo District that offers swimming and relaxing, and features safety and a scenic view.
- **Arugam Bay** — A beach in the Ampara District that offers swimming and surfing, and features peacefulness and a ticket price.
- **Uppuveli Beach** — A beach in the Trincomalee District that offers swimming and relaxing, and features safety and peacefulness.
- **Bentota Beach** — A beach in the Galle District that offers swimming and surfing, and features a scenic view and peacefulness.
- **Trincomalee Beach** — A beach in the Trincomalee District that offers swimming and relaxing, and features safety and a scenic view.
- **Nilaveli Beach** — A beach in the Trincomalee District that offers swimming and relaxing, and features peacefulness and cleanliness.","Places that provide tourist accommodation include Negombo Beach, Sri Pada / Adam's Peak, and Negombo Fish Market."
Q_FAC_07,What are some locations that provide easily accessible tuk tuk services?,facility_query,facility_query,0.95,39.76,0.95,0.9875701222994424,0.5833333333041666,1.0,What are some locations that provide easily accessible tuk tuk services?,"[""Knowledge Graph Fact 1. Negombo Fish Market is a Shopping / Market in Gampaha District providing Tuk tuk service, featuring Road access and Scenic view.\n   Supporting Evidence:\n   [1] Place: Negombo Fish MarketUnclaimedIf you own this business, claim it for free now to update business info, respond to reviews, and more.Claim this listing\nRating: 4 stars\nTitle: Interesting!\nSource: Visitor Review\n\nWe had a Negombo tour in a tuk tuk and we found the fish market to be really interesting. Especially the dried fish. They turn by hand and if it rains they have to quickly put covers over it. The fish is set out so neatly. It's amazing the birds don't eat it but it's salty. The fresh fish market is good to see too. Real people doing what they do every day to make a living.\nKnowledge Graph Fact 2. Negombo Beach is a Beach in Gampaha District providing Tuk tuk service, featuring Road access and Safety.\n   Supporting Evidence:\n   [1] Place: Negombo BeachUnclaimedIf you own this business, claim it for free now to update business info, respond to reviews, and more.Claim this listing\nRating: 4 stars\nTitle: Nice beach, nice people\nSource: Visitor Review\n\nlike Mirissa beach sand did and care off easily with 1 shower. The water is calm and makes for easy swimming regardless of ability. The people there are very friendly. The beach is more dirty (with garbage/rubbish) all over the place, however, it is nice that you can pretty much guarantee finding a decent amount of space at any part of the beach to call your own. Of course it doesn’t hurt that some of the best restaurants and shopping can be found on the road that runs along the beach. If\nKnowledge Graph Fact 3. Sri Pada / Adam's Peak is a Viewpoint / Hiking location in Nuwara Eliya District providing Tuk tuk service, offering Sunrise watching and featuring Waterfall and Road access.\n   Supporting Evidence:\n   [1] Place: Sri Pada / Adam's Peak\nCategory: Viewpoint / Hiking\nLocation: Nallathanniya, Nuwara Eliya District, Central Province, Sri Lanka\nSource: Wikipedia Article\n\nAdam's Peak is a 2,243-metre-tall (7,359-foot) conical sacred mountain located in central Sri Lanka. It is well known for the Sri Pada, a 1.8\xa0m rock formation resembling a footprint near the summit whose name is also used for the mountain itself. In Buddhist tradition the print is held to be the footprint of the Buddha, later in Sri Lankan Hindu tradition that of Hanuman or Shiva, and in some Islamic and Christian traditions that of Adam or St. Thomas the Apostle.\nKnowledge Graph Fact 4. Lover's Leap Falls is a Waterfall in Nuwara Eliya District providing Tuk tuk service, offering Waterfall visit and Hiking, and featuring Waterfall and Road access.\n   Supporting Evidence:\n   [1] Place: Lover's Leap Falls\nRating: 4 stars\nTitle: Lovely views and a nice hike- wear good hiking shoes and water proof jacket\nSource: Visitor Review\n\nIt was an impromptu decision to go to this location. Our driver took us to the locality, from where we took a tuk tuk for half the ride up amidst the tea plantations. Since the path is full of stones and very narrow, normal cars cannot go up, however tuk tuks can easily access the place. For serious hikers, they can go for the climb all the way till the falls. En route, the view is enthralling, with team plantations all around and if the weather is on your side, there is little mist and clouds.\nKnowledge Graph Fact 5. Ambuluwawa Tower is a Landmark / Tower in Kandy District providing Tuk tuk service, featuring Safety and Scenic view.\n   Supporting Evidence:\n   [1] Place: Ambuluwawa Tower\nRating: 5 stars\nTitle: Good if you have a head for heights.\nSource: Visitor Review\n\nThis is definitely a challenge climbing the external steps, there are little spaces you can go into to allow people pass. However it was busy and although we allowed people to pass there was a group coming down the space is so tight at the top you could not get past them. It would be easier if the amount of people could be restricted rather than the free for all at the moment. When at the top the view is spectacular."", 'Place: Jungle Beach\nRating: 4 stars\nTitle: Worth a visit\nSource: Visitor Review\n\nTook a 500 LKR Tuk Tuk from Unawatuna to jungle beach, and spent a lovely afternoon there (there are plenty of Tuk Tuks waiting there to take people back, no need to arrange a round trip). The walk down from the road is a mix of rocky stairs and dirt. We went on a Saturday, and the beach was packed with tourists and locals, but there was a patch of sand for everyone.', ""Place: Japanese Peace Pagoda - Rumassala\nRating: 5 stars\nTitle: Breath taking!\nSource: Visitor Review\n\n(walking distance of almost 500m) don't forget to visit this japanese temple, which has a vihara of Japanese Buddhist shrines and the monk and helper are very welcoming. From Galle, you can take the Habaraduwa bus and it is only a 20 min journey (sometimes even 15min). Then you have to get down near road to Rumassala and travel by tuk tuk about 10 min uphill passing jungle beach. You can hire a tuk tuk very easily there and also can walk on foot the returning journey downhill while vising"", 'Place: Fort Frederick\nRating: 4 stars\nTitle: take alook\nSource: Visitor Review\n\nWe took a Tuk Tuk to this area. There are markest there. There is also some cafes. Was worth the effort.', ""Place: Hikkaduwa Beach\nRating: 5 stars\nTitle: Beach for relaxation.\nSource: Visitor Review\n\nHikkaduwa beach are perfect for relaxation. Not crowded in early march and weather is good too. Sunny and warm. Late afternoon rain for few minutes only, which does not effects your trip. We were charged very high when tuk tuk took us to lagoon safari because when you go with tuk tuk their commission amount will also be charged so Be careful when tuk tuk took you to places where you have to buy tickets.Don't forget to bargain with tuk tuk."", 'Place: Nine Arches BridgeSomeone from this business manages the listing.\nRating: 4 stars\nTitle: Could do with a train timetable.\nSource: Visitor Review\n\ndidn’t wait. But this is a stunning walk and you don’t need to take a tuk tuk. Just follow the Passara Road from the centre of town for about 600m and you’ll pick up the trail on your left.', 'RETRIEVAL NOTES:\n- Ranked by: Tuk tuk service, Accessibility\n- CONTRADICTION RULE: If Review Evidence contradicts the Knowledge Graph facts, you MUST treat the Knowledge Graph as the absolute ground truth.']","The following locations provide easily accessible tuk tuk services:

- **Lover's Leap Falls** — Tuk tuks can easily access this location because the path is narrow and full of stones, making it unsuitable for normal cars. This site features a waterfall and road access, and is popular for hiking and waterfall visits.
- **Jungle Beach** — There are plenty of tuk tuks waiting at this location to take visitors back, so there is no need to arrange a round trip.
- **Japanese Peace Pagoda - Rumassala** — Tuk tuks can be hired very easily to travel the 10-minute uphill journey from the road near Rumassala.
- **Negombo Fish Market** — This market provides tuk tuk service and features road access and a scenic view.
- **Negombo Beach** — This beach provides tuk tuk service and features road access and safety.
- **Sri Pada / Adam's Peak** — This location provides tuk tuk service and features road access, a waterfall, and is a popular spot for sunrise watching.
- **Ambuluwawa Tower** — This landmark provides tuk tuk service and features safety and a scenic view.
- **Fort Frederick** — Tuk tuk service is available to reach this area, which features markets and cafes.
- **Hikkaduwa Beach** — Tuk tuk service is available, though visitors are advised to bargain regarding fares.","Locations that provide easily accessible tuk tuk services include Lover's Leap Falls, Jungle Beach, and Japanese Peace Pagoda."
Q_FAC_08,What are some beaches or attractions that provide toilet facilities?,facility_query,facility_query,0.98,12.62,1.0,0.7346926881411479,0.9999999999,0.6666666666666666,What are some beaches or attractions that provide toilet facilities?,"[""Knowledge Graph Fact 1. Sri Pada / Adam's Peak is a Viewpoint and Hiking location in Nuwara Eliya District offering Sunrise watching, featuring a Waterfall and Road access, with facilities including a Toilet.\n   Supporting Evidence:\n   [1] Place: Sri Pada / Adam's Peak\nCategory: Viewpoint / Hiking\nLocation: Nallathanniya, Nuwara Eliya District, Central Province, Sri Lanka\nSource: Wikipedia Article\n\nAdam's Peak is a 2,243-metre-tall (7,359-foot) conical sacred mountain located in central Sri Lanka. It is well known for the Sri Pada, a 1.8\xa0m rock formation resembling a footprint near the summit whose name is also used for the mountain itself. In Buddhist tradition the print is held to be the footprint of the Buddha, later in Sri Lankan Hindu tradition that of Hanuman or Shiva, and in some Islamic and Christian traditions that of Adam or St. Thomas the Apostle.\nKnowledge Graph Fact 2. Casuarina Beach is a Beach in Jaffna District offering Swimming, featuring Safety and Peacefulness, with facilities including a Toilet.\n   Supporting Evidence:\n   [1] Place: Casuarina Beach\nRating: 3 stars\nTitle: Disappointing\nSource: Visitor Review\n\nDidn't take a dip there, but was disappointed in the way it was maintained. The toilet facilities were really bad.\n   [2] Place: Casuarina Beach\nRating: 4 stars\nTitle: Keep your expectations realistic!\nSource: Visitor Review\n\nA delightful beach, reasonably clean and well-maintained. There are changing facilities and toilets. However it is important to remember that this area is not well developed in terms of tourism. Don't go expecting nice little beach bars and restaurants and classy facilities. Accept it for what it is - a pretty and popular beach - and just relax. Wearing a bikini was not an issue and people were very friendly.\n   [3] Place: Casuarina Beach\nRating: 4 stars\nTitle: Clear waters\nSource: Visitor Review\n\nBeautiful clear waters and clean beachNothing much else Shower and washing facilities need to be improved Overacted"", 'Place: Mirissa Beach\nRating: 5 stars\nTitle: Lovely clean beach with great facilities\nSource: Visitor Review\n\nThis is one of the best beaches we’ve been to in Sri Lanka. Sea is good to swim in and very warm. The beach is clean and well maintained. There are bars and restaurants with sun loungers.', 'Place: Negombo BeachUnclaimedIf you own this business, claim it for free now to update business info, respond to reviews, and more.Claim this listing\nRating: 1 stars\nTitle: Waste of time\nSource: Visitor Review\n\nSimply put, avoid at all cost, it will steal from a great experience in other parts of the country, beaches are filthy from rubbish to dead animals lying on the sand, the town has a sewage problem and every street literally smells of human sewage which makes eating there impossible for me, there is no sense of any community responsibility for tourism or waste management. I write this fully understanding it’s a developing country just getting on its feet after hard times, but it’s been a tourist', 'Place: Pasikudah Beach\nRating: 4 stars\nTitle: visit with our friends\nSource: Visitor Review\n\nHad a evening bath and swim for about two hrs. Beach area need some cleaning. garbage is lying on top of the beach. no proper seating for people who do not step in to the water but have to wait for others to come back from sea.', ""Place: Goyambokka Beach\nRating: 5 stars\nTitle: Excellent Beach in Tangalle Goyombokka\nSource: Visitor Review\n\nExcellent Beach with safe bathing and with supervised child friendly waves. Nice beach restaurants for refreshments and food to choose from. Even over Christmas and New Year not too busy.. Mainly because it's not accessible by tourist busses."", 'RETRIEVAL NOTES:\n- Ranked by: Toilet\n- CONTRADICTION RULE: If Review Evidence contradicts the Knowledge Graph facts, you MUST treat the Knowledge Graph as the absolute ground truth.']","The following locations provide toilet facilities:

- **Sri Pada / Adam's Peak** — This viewpoint and hiking location in the Nuwara Eliya District offers sunrise watching and features a waterfall and road access.

- **Casuarina Beach** — Located in the Jaffna District, this beach offers swimming and is described as a pretty and popular area that provides changing facilities and toilets, while being noted for its safety and peacefulness.","Beaches or attractions that provide toilet facilities include Sri Pada / Adam's Peak, Casuarina Beach, and Ritigala Forest Monastery."
Q_FAC_09,What are some attractions that provide parking facilities?,facility_query,facility_query,1.0,42.11,1.0,0.7266113122289165,0.9999999999,1.0,What are some attractions that provide parking facilities?,"['Knowledge Graph Fact 1. Negombo Beach is a Beach in Gampaha District with Parking, featuring Road access and Safety.\n   Supporting Evidence:\n   [1] Place: Negombo BeachUnclaimedIf you own this business, claim it for free now to update business info, respond to reviews, and more.Claim this listing\nRating: 5 stars\nTitle: Nice and quiet beach\nSource: Visitor Review\n\nfood and we even found a bar so had some beer and cocktails. I imagine it’s far from the beaches down South (we visit there next week) but if you’re in this area it’s well worth a visit. Unfortunately we were unable to see the sunset as it was cloudy but it looks like it would be spectacular on a clear evening!\nKnowledge Graph Fact 2. Diyatha Uyana is a Garden / Park in Colombo District with Parking, offering Relaxing and Shopping, and featuring a Trail and Scenic view.\n   Supporting Evidence:\n   [1] Place: Diyatha Uyana\nRating: 4 stars\nTitle: Freely enjoy\nSource: Visitor Review\n\nThis place is very good for family outing in the evening time and spend your valuable time with your kids and family partners. Very nice place. you can relax and listen music (especially on Saturdays) and walk around the park. There are number of food stalls and other shopping places to buy some fruits, vegetables, flowers, and etc...\nKnowledge Graph Fact 3. Henerathgoda Botanical Garden is a Garden / Park with Parking, offering Relaxing, and featuring Peacefulness and Family friendliness.\n   Supporting Evidence:\n   [1] Place: Henerathgoda Botanical Garden\nCategory: Garden / Park\nLocation: Sri Lanka\nSource: Wikipedia Article\n\nVisitor attraction\nKnowledge Graph Fact 4. St Lucia\'s Cathedral is a Religious Site in Colombo District with Parking, offering a Religious visit, and featuring Peacefulness and Cleanliness.\n   Supporting Evidence:\n   [1] Place: St Lucia\'s Cathedral\nCategory: Religious Site\nLocation: Colombo, Colombo District, Western Province, Sri Lanka\nSource: Wikipedia Article\n\nof the main portion of the cathedral, despite the many problems in funding, had been completed. The church celebrated ""the Great Day"", with Bishop Clemente Pagnani (now Vicar Apostolic of Colombo) blessing the nave and the aisles of the new Cathedral and opening it for public worship. The highl\nKnowledge Graph Fact 5. Hummanaya Blow Hole is a Natural Landmark in Hambantota District with Parking, featuring a Rock formation and Scenic view.\n   Supporting Evidence:\n   [1] Place: Hummanaya Blow Hole\nRating: 5 stars\nTitle: You must visit this\nSource: Visitor Review\n\nThis is also one of the best places to be visited if you are in Dickwella or Tangalle. Because of the sea pressure huge water beams goes up as a fountain', ""Place: Kandy View Point\nRating: 3 stars\nTitle: Good view but rare space for parking\nSource: Visitor Review\n\nAt this lookoutpoint you have a good view over the citycenter of Kandy. The lookout plattform is not yet built and there is only little place for parking. If you are passing this point anyway it's worth stopping. But if you are looking for a good lookout point it is more worth driving up to the place with the big buddha statue which is overranking the city."", ""Place: Baker's Falls\nCategory: Waterfall\nLocation: Nuwara Eliya District, Central Province, Sri Lanka\nSource: Wikipedia Article\n\nPlains. The best time to visit is between January and April, when the round-trip hike typically takes about two hours. Entry is included with a Horton Plains National Park ticket and there are vehicle parking facilities near the entrance."", 'Place: Hurulu Eco Park\nRating: 5 stars\nTitle: Amazing park\nSource: Visitor Review\n\nAmazing place.. wonderful wildlife. We saw Alot of elephants and eagles. You should do jeep safari specially during raining.I recommended', 'Place: Weherahena Buddhist Temple\nRating: 5 stars\nTitle: Really good tourist attractions\nSource: Visitor Review\n\nBeautiful temple. The guide was very knowledgeable and patient while we took photos. The big buddha is amazing!', 'Place: Viharamahadevi Park\nRating: 4 stars\nTitle: Nice park\nSource: Visitor Review\n\nThere is a smaller area like a theme park and there is larger area of general park. Used to be a lovers paradise once more than for general crowd. Now things are improving. There is a great potential to be one of the best in class. But that could take some time.Anyway nice place to chill out and enjoy the nice park with your kids.', 'RETRIEVAL NOTES:\n- Ranked by: Parking\n- CONTRADICTION RULE: If Review Evidence contradicts the Knowledge Graph facts, you MUST treat the Knowledge Graph as the absolute ground truth.']","The following attractions in Sri Lanka provide parking facilities:

- **Negombo Beach** — A beach in the Gampaha District that features road access and safety.

- **Diyatha Uyana** — A garden and park in the Colombo District that offers opportunities for relaxing and shopping, featuring a trail and scenic view.

- **Henerathgoda Botanical Garden** — A garden and park that offers a relaxing environment, characterized by its peacefulness and family friendliness.

- **St Lucia's Cathedral** — A religious site in the Colombo District that offers a peaceful and clean environment for religious visits.

- **Hummanaya Blow Hole** — A natural landmark in the Hambantota District featuring a rock formation and scenic view where sea pressure creates large water beams.

- **Baker's Falls** — A waterfall located in the Nuwara Eliya District where vehicle parking facilities are available near the entrance.

- **Kandy View Point** — A lookout point offering views over the city center of Kandy, though it has limited space for parking.","Attractions that provide parking facilities include Negombo Beach, Diyatha Uyana, and Henerathgoda Botanical Garden."
Q_FAC_10,What are some places that provide access to shops or souvenir shops?,facility_query,facility_query,1.0,20.09,0.9130434782608696,0.9812037120658316,0.9999999999,1.0,What are some places that provide access to shops or souvenir shops?,"[""Knowledge Graph Fact 1. Sri Pada / Adam's Peak is a Viewpoint / Hiking location in Nuwara Eliya District with a Shop, offering Sunrise watching and featuring Waterfall and Road access.\n   Supporting Evidence:\n   [1] Place: Sri Pada / Adam's Peak\nCategory: Viewpoint / Hiking\nLocation: Nallathanniya, Nuwara Eliya District, Central Province, Sri Lanka\nSource: Wikipedia Article\n\nAdam's Peak is a 2,243-metre-tall (7,359-foot) conical sacred mountain located in central Sri Lanka. It is well known for the Sri Pada, a 1.8\xa0m rock formation resembling a footprint near the summit whose name is also used for the mountain itself. In Buddhist tradition the print is held to be the footprint of the Buddha, later in Sri Lankan Hindu tradition that of Hanuman or Shiva, and in some Islamic and Christian traditions that of Adam or St. Thomas the Apostle.\nKnowledge Graph Fact 2. Negombo Beach is a Beach location in Gampaha District with a Shop, featuring Road access and Safety.\n   Supporting Evidence:\n   [1] Place: Negombo BeachUnclaimedIf you own this business, claim it for free now to update business info, respond to reviews, and more.Claim this listing\nRating: 5 stars\nTitle: Nice and quiet beach\nSource: Visitor Review\n\nfood and we even found a bar so had some beer and cocktails. I imagine it’s far from the beaches down South (we visit there next week) but if you’re in this area it’s well worth a visit. Unfortunately we were unable to see the sunset as it was cloudy but it looks like it would be spectacular on a clear evening!\nKnowledge Graph Fact 3. Negombo Beach is a Beach location in Gampaha District with a Souvenir shop, featuring Road access and Safety.\n   Supporting Evidence:\n   [1] Place: Negombo BeachUnclaimedIf you own this business, claim it for free now to update business info, respond to reviews, and more.Claim this listing\nRating: 5 stars\nTitle: Nice and quiet beach\nSource: Visitor Review\n\nfood and we even found a bar so had some beer and cocktails. I imagine it’s far from the beaches down South (we visit there next week) but if you’re in this area it’s well worth a visit. Unfortunately we were unable to see the sunset as it was cloudy but it looks like it would be spectacular on a clear evening!\nKnowledge Graph Fact 4. Negombo Fish Market is a Shopping / Market location in Gampaha District with a Shop, featuring Road access and Scenic view.\n   Supporting Evidence:\n   [1] Place: Negombo Fish Market\nCategory: Shopping / Market\nLocation: Negombo, Gampaha District, Western Province, Sri Lanka\nSource: Wikipedia Article\n\nDESTINATION: Negombo Fish Market\nTYPE: Shopping / Market\nLOCATION: Negombo, Gampaha District, Western Province, Sri Lanka\nCOORDINATES: 7.2110593, 79.8318074\nADDRESS: Negombo Fish Market, Sea Street, Periyamulla, Negombo, Gampaha District, Western Province, 11500, Sri Lanka\nSOURCE: https://en.wikipedia.org/w/index.php?search=Negombo%20Fish%20Market%20Sri%20Lanka\n\nNegombo Fish Market is a shopping / market located in Gampaha District. It is a travel destination in Sri Lanka.\nAddress: Negombo Fish Market, Sea Street, Periyamulla, Negombo, Gampaha District, Western Province, 11500, Sri Lanka\nKnowledge Graph Fact 5. Dutch Hospital Shopping Precinct is a Shopping / Market location in Galle District with a Shop, offering Relaxing and Shopping, and featuring Value for money and Food quality.\n   Supporting Evidence:\n   [1] Place: Dutch Hospital Shopping Precinct\nRating: 4 stars\nTitle: Good food outlets with nice views and nice handicraft and tea shops\nSource: Visitor Review\n\nWorth a trip to stop by and look at the shops and eat lunch with a nice sea breeze and view. Also have lovely, clean public toilets (for Dutch Shopping Precinct Shoppers only.....) on the 1st floor behind One Minute Tuk Tuk\n   [2] Place: Dutch Hospital Shopping Precinct\nRating: 5 stars\nTitle: Vry elegant shopping....\nSource: Visitor Review\n\nAlthough there are a few items only, they are of good class. I took some of my friends who just wanted to see, but ended up buying lots of stuff.\n   [3] Place: Dutch Hospital Shopping Precinct\nRating: 2 stars\nTitle: Don't go out of your way to visit\nSource: Visitor Review\n\nThis is not a tourist attraction. It is an old building that may have been used as a hospital which has been completely modernised into an average shopping mall. It is very small and the shops are not special\n   [4] Place: Dutch Hospital Shopping Precinct\nRating: 3 stars\nTitle: Nice food and some tourist shops....\nSource: Visitor Review\n\nTwo or three shops selling a variety of knick knacks and some extremely good restaurants.Not much more to say... but try the Black Beef Curry, very special\nKnowledge Graph Fact 6. Pettah Floating Market is a Shopping / Market location in Colombo District with a Shop, offering Shopping, and featuring Ticket price and Cleanliness.\nKnowledge Graph Fact 7. Galle Dutch Fort is a Fort / Historic Site location in Galle District with a Shop, offering Shopping and Fort visit, and featuring Scenic view and Weather condition.\n   Supporting Evidence:\n   [1] Place: Galle Dutch Fort\nRating: 5 stars\nTitle: Nice experience staying / being in the Fort\nSource: Visitor Review\n\nsome shops and ice-cream shops. It is a lovely place to stay within the Fort so you can soak in the experience.\nKnowledge Graph Fact 8. Handunugoda Tea Estate is a Farm / Factory location in Galle District with a Shop, offering Shopping and Tea plantation visit, and featuring Ticket price and Public transport access."", 'RETRIEVAL NOTES:\n- Ranked by: Shop, Souvenir shop\n- CONTRADICTION RULE: If Review Evidence contradicts the Knowledge Graph facts, you MUST treat the Knowledge Graph as the absolute ground truth.']","The following places provide access to shops or souvenir shops:

- **Sri Pada / Adam's Peak** — Located in the Nuwara Eliya District, this viewpoint and hiking destination features a shop, road access, and a waterfall, and is popular for sunrise watching.
- **Negombo Beach** — Situated in the Gampaha District, this beach provides road access, safety, and access to both a shop and a souvenir shop.
- **Negombo Fish Market** — This market in the Gampaha District includes a shop, road access, and a scenic view.
- **Dutch Hospital Shopping Precinct** — Located in the Galle District, this shopping destination offers various shops, including handicraft and tea shops, and is noted for its food quality, value for money, and opportunities for relaxing.
- **Pettah Floating Market** — This market location in the Colombo District features a shop, with visitors noting its ticket price and cleanliness.
- **Galle Dutch Fort** — This historic site in the Galle District includes shops and ice-cream shops, offering a scenic view and a fort visit experience.
- **Handunugoda Tea Estate** — This tea plantation location in the Galle District offers a shop for visitors, along with tea plantation visits, public transport access, and specific ticket pricing.","Places that provide access to shops or souvenir shops include Sri Pada / Adam's Peak, Negombo Beach, and Negombo Fish Market."
Q_PAT_01,"What are the features, activities, and facilities available at Sigiriya Lion Rock?",place_attribute_query,place_attribute_query,1.0,37.93,0.9411764705882352,0.8336118692608308,0.9999999999,1.0,"What are the features, activities, and facilities available at Sigiriya Lion Rock?","[""Knowledge Graph Fact 1. Sigiriya Lion Rock features Rock formation, Scenic view, Stairs, Weather condition, Ancient ruins, Ticket price, Crowdedness, Local guide, Heritage site, Value for money, Paintings, Murals, and Fortress, with facilities including Steps or stairs, Entrance fee, and Ticket or receipt.\n   Supporting Evidence:\n   [1] Place: Sigiriya Lion Rock\nRating: 5 stars\nTitle: The Rock\nSource: Visitor Review\n\nIt's a very interesting and absolutely feasible visit. The climb is not difficult at all so do not be discouraged because you will have the opportunity to do the various steps slowly and little by little. Do not miss this place and above all do not miss the painted caves: they are magnificent.\n   [2] Place: Sigiriya Lion Rock\nRating: 5 stars\nTitle: Stunning\nSource: Visitor Review\n\nbreathtaking!). Enjoy the garden after the descent and not at the start of the visit, as the site quickly fills up with visitors.\n   [3] Place: Sigiriya Lion Rock\nRating: 5 stars\nTitle: Breathtaking\nSource: Visitor Review\n\nmegalomania of the king who took refuge there. A large swimming pool and remains of walls remain.\n   [4] Place: Sigiriya Lion Rock\nRating: 5 stars\nTitle: Enchanting experience\nSource: Visitor Review\n\nin the dark. The entry was USD 30 for foreigners (non SAARC) and USD 15 for foreigners from a SAARC nation.\n   [5] Place: Sigiriya Lion Rock\nCategory: Heritage Site\nLocation: Ehalagala, Matale District, Central Province, Sri Lanka\nSource: Wikipedia Article\n\nSigiriya or Sinhagiri is an ancient rock fortress located in the northern Matale District near the town of Dambulla in the Central Province, Sri Lanka. It is a site of historical and archaeological significance that is dominated by a massive column of granite approximately 180\xa0m (590\xa0ft) high.\n   [6] Place: Sigiriya Lion Rock\nRating: 5 stars\nTitle: Enchanting experience\nSource: Visitor Review\n\nSigiriya is a one of its kind experience of a fort on a rock. To think that a ~490 AD site could have such planned architecture is a wonder in itself. Word of caution, it is quite a steep climb with lots of steps, so one needs to be prepared for that, and carry minimum baggage on them. Also, though entry is allowed till 1730 hrs (mandatory exit by 1830 hrs) , it makes sense to get there in broad daylight as it will difficult to climb all the steps in the dark. The entry was USD 30 for foreigners"", 'RETRIEVAL NOTES:\n- Ranked by: completeness of information\n- CONTRADICTION RULE: If Review Evidence contradicts the Knowledge Graph facts, you MUST treat the Knowledge Graph as the absolute ground truth.']","Here is what you can do and find at **Sigiriya Lion Rock**:

- Explore an ancient rock fortress dominated by a massive column of granite approximately 180 meters high.
- Climb the rock using the provided stairs to reach the summit, where you can enjoy a scenic view.
- View the remains of walls and a large swimming pool from the ancient fortress, which is a recognized heritage site.
- Visit the painted caves to see magnificent murals and paintings.
- Enjoy the garden area, ideally after your descent to avoid the crowds that gather early in the day.
- Utilize the services of a local guide.
- Access the site using a ticket or receipt, with entry fees set at USD 30 for foreigners (non-SAARC) and USD 15 for foreigners from a SAARC nation.
- Note that the site is open until 17:30, with a mandatory exit by 18:30, though it is recommended to visit during broad daylight to avoid climbing the steps in the dark, especially given that weather conditions can sometimes be unfavorable.
- Prepare for a steep climb with many steps by carrying minimal baggage.","The features and activities at Sigiriya Lion Rock include Scenic view, Rock formation, Stairs, Local guide, Ticket price, and Fortress."
Q_PAT_02,"What are the features, activities, and facilities available at Temple of the Sacred Tooth Relic?",place_attribute_query,place_attribute_query,1.0,37.46,0.8333333333333334,0.8602192193244443,0.9999999999,1.0,"What are the features, activities, and facilities available at Temple of the Sacred Tooth Relic?","[""Knowledge Graph Fact 1. The Temple of the Sacred Tooth Relic is a location for Religious visit and Temple visit, featuring Temple, Buddha statue, Peacefulness, Ticket price, Crowdedness, Local guide, and Museum, with facilities including Entrance fee.\n   Supporting Evidence:\n   [1] Place: Temple of the Sacred Tooth Relic\nRating: 3 stars\nTitle: It's a just a temple\nSource: Visitor Review\n\nDon't expect too much. Dont even get to see the chest with the tooth relic. Some of the drawings are quite interesting. Entrance fee is too high\n   [2] Place: Temple of the Sacred Tooth Relic\nRating: 4 stars\nTitle: Historic Relic, A Bit Dull\nSource: Visitor Review\n\nSet in a large garden with several historic statues, this holy site is well kept, with an ornate building housing the tooth, but not much else. Much of the temple was heavily damaged by a LTTE suicide bomber, so much is modern. There is also a series of paintings that tracks the tangled history of the tooth. See it for the history.\n   [3] Place: Temple of the Sacred Tooth Relic\nRating: 5 stars\nTitle: Important Buddhist Site in Kandy.\nSource: Visitor Review\n\nThe Tooth Relic Temple,also known as the temple of the Sacred Tooth Relic, is an Important Buddhist Site in Kandy Sri Lanka. People visit this Temple to Pray Respect and Seek Blessings. The Temple Houses a Relic Believed to be a Tooth of the Buddha.\n   [4] Place: Temple of the Sacred Tooth Relic\nRating: 5 stars\nTitle: Very interesting\nSource: Visitor Review\n\nSpending hours in the temple observing and respecting teaches much of the beliefs and character of the people of Sri Lanka\n   [5] Place: Temple of the Sacred Tooth Relic\nRating: 5 stars\nTitle: Stunning\nSource: Visitor Review\n\nFor 2 westerners who have no knowledge of Buddhism, this temple is magnificent. Very informative about the history of Buddhism and the importance of the tooth relic. We were very aware that we were in a place sacred to the Buddhist people but we never felt like we were not welcome or intruding.Beautiful grounds and buildings and ornaments. Would go again.\n   [6] Place: Temple of the Sacred Tooth Relic\nRating: 5 stars\nTitle: Beautiful and sacred attraction\nSource: Visitor Review\n\nWe enjoyed the temple which is heavily visited but even better we enjoy the museum which is very lightly attended"", 'RETRIEVAL NOTES:\n- Ranked by: relevance\n- CONTRADICTION RULE: If Review Evidence contradicts the Knowledge Graph facts, you MUST treat the Knowledge Graph as the absolute ground truth.']","Here is what you can do and find at the **Temple of the Sacred Tooth Relic**:

- Visit for religious purposes to pray, show respect, and seek blessings.
- Observe and learn about the beliefs and character of the people of Sri Lanka.
- View the ornate building that houses the relic believed to be a tooth of the Buddha, which also features a Buddha statue.
- Explore the grounds, which feature a large garden, several historic statues, and various ornaments.
- See a series of paintings that track the history of the tooth.
- Visit the museum located on the premises.
- Utilize facilities including a local guide, who can provide additional insight.
- Note that the site requires an entrance fee.
- Experience a location that is well-kept and offers a sense of peacefulness, though it can be crowded.","The features and activities at Temple of the Sacred Tooth Relic include Religious visit, Temple visit, Temple, Crowdedness, Buddha statue, and Local guide."
Q_PAT_03,"What are the features, activities, and facilities available at Yala National Park?",place_attribute_query,place_attribute_query,1.0,34.5,1.0,0.9065474114160582,0.9999999999,1.0,"What are the features, activities, and facilities available at Yala National Park?","['Knowledge Graph Fact 1. Yala National Park is a location for Safari, featuring Road access, Trail, Wildlife, Ticket price, Crowdedness, Local guide, Beach, Accommodation, Birds, Elephants, Forest, and Leopards, with facilities including Accommodation.\n   Supporting Evidence:\n   [1] Place: Yala National Park\nRating: 5 stars\nTitle: Wild Impressions from Yala - Buthawa Bungalow, Yala National Park, Sri Lanka\nSource: Visitor Review\n\nIn January, we stayed at the Buthawa Bungalow in Yala with a couple of friends and had some wonderful sightings. During the three days we spent at the bungalow within the park we were able to have some close encounters with Leopards. That was definitely the icing on the cake but we also spotted many species of birds and mammals.Established in 1938, Yala National Park is one of the best places to spot wildlife in Sri Lanka. Located on the island’s south coast, Yala encompasses open grasslands,\n   [2] Place: Yala National Park\nRating: 5 stars\nTitle: Great with the right crew\nSource: Visitor Review\n\nWe booked three half-day safaris at Yala NP and they were awesome. The driver Heshan and our guide Sanka were professionals, we were traveling with them daily and booked them through our lodge (Koragaha), they work for several hotels. There were never any problems and we probably saw everything except the bears. Unbelievable also what Heshan could still see while driving. Thanks to the guys’ experience, after waiting 1.5 hours we could see a leopard coming out of the bush right in front of our\n   [3] Place: Yala National Park\nCategory: National Park / Wildlife Reserve\nLocation: Uva Province, Sri Lanka\nSource: Wikipedia Article\n\nPhysical features\n   [4] Place: Yala National Park\nRating: 5 stars\nTitle: Great with the right crew\nSource: Visitor Review\n\npark visitors can buy their ticket first and are then allowed to queue up in the sometimes very long motorcade on the left at the gate and they also have no guide in the car. We were completely satisfied.\n   [5] Place: Yala National Park\nCategory: National Park / Wildlife Reserve\nLocation: Uva Province, Sri Lanka\nSource: Wikipedia Article\n\nOn 1 March 1938, Yala became a national park when the Flora and Fauna Protection Ordinance was passed into law by D. S. Senanayake, the minister of agriculture. The park consists of five blocks. Subsequently, four other blocks were incorporated to the park. There are six national parks and three wildlife sanctuaries in the vicinity of Yala. Kumana National Park, Yala Strict Nature Reserve and Kataragama, Katagamuwa, and Nimalawa sanctuaries are continuous with the park.\n   [6] Place: Yala National Park\nCategory: National Park / Wildlife Reserve\nLocation: Uva Province, Sri Lanka\nSource: Wikipedia Article\n\nand is available on Wikimedia Commons as a historical record of Yala’s formative years in wildlife management.', 'Place: Kaudulla National Park\nRating: 5 stars\nTitle: Wow\nSource: Visitor Review\n\nrestricted. This was a very enjoyable visit and certainly gave us a taste of what we could expct when visiting Yala later on during our tour.', 'RETRIEVAL NOTES:\n- Ranked by: completeness of information\n- CONTRADICTION RULE: If Review Evidence contradicts the Knowledge Graph facts, you MUST treat the Knowledge Graph as the absolute ground truth.']","Here is what you can do and find at **Yala National Park**:

- Experience wildlife safaris to spot leopards, elephants, and various species of birds.
- Explore the park's diverse landscape, which encompasses forest areas.
- Access the park via roads and trails to navigate through its five blocks.
- Utilize local guides to navigate the park effectively and enhance wildlife sightings.
- Stay within the park boundaries at available accommodation options, such as the Buthawa Bungalow.
- Visit the beach area located within the park.
- Purchase tickets at the gate to enter the park, though be aware that the park can be crowded, and visitors may encounter long queues of vehicles.","The features and activities at Yala National Park include Safari, Wildlife, Leopards, Birds, Elephants, and Crowdedness."
Q_PAT_04,"What are the features, activities, and facilities available at Mirissa Beach?",place_attribute_query,place_attribute_query,1.0,36.97,1.0,0.8735496132317196,0.9999999999,1.0,"What are the features, activities, and facilities available at Mirissa Beach?","['Knowledge Graph Fact 1. Mirissa Beach features Scenic view, Family friendliness, Cleanliness, Beach, Waves, Food quality, Restaurants, Accommodation, Sea, Sandy beach, and Sunset view, while offering activities including Swimming, Surfing, Relaxing, and Sunset watching, with facilities including Accommodation and Restaurant.\n   Supporting Evidence:\n   [1] Place: Mirissa Beach\nRating: 5 stars\nTitle: Beautiful, beautiful,beautiful\nSource: Visitor Review\n\nMirissa beach is one of the best beaches I have been to. The waves are a bit challenging but lots of fun if you don’t mind being tossed around a bit!!! Since the “clean-up” the beach bar/ restaurants are great quality with lots of great deals and good food. The evenings on mirissa are fun too with great beach parties going on till late\n   [2] Place: Mirissa Beach\nRating: 5 stars\nTitle: Ideal place to base yourself on South Coast\nSource: Visitor Review\n\nWe visited Mirissa for 10 days and visited 4 beaches, ate at several restaurants, swam with wild seat turtles, watched baby turtles hatching (by shear luck and coincidence) surfed, was taught yoga, had massages and met lovely people.The beaches we visited were all beautiful to look at as you might expect. The main beach to the west was the largest and were we spotted the turtles. Perfect for lazy days and strolling along rather than using the road that runs parallel. It has an abundance of\n   [3] Place: Mirissa Beach\nRating: 5 stars\nTitle: Mirissa Beach\nSource: Visitor Review\n\nOne of the best cleanest and scenic beach I have experienced till date, mirissa is such a beautiful place for chilling out and partying. Great place.\n   [4] Place: Mirissa Beach\nRating: 5 stars\nTitle: Nice bay surrounded with coconut trees\nSource: Visitor Review\n\nI was told Marissa was touristy and maybe it is!! It’s a good kind of touristy with backpackers and cool bars with plenty of entertainment! My advice would be to stay 15 mins away which is quieter and cheaper plus you get to do the night time tuk tuk my fav thing!!!\n   [5] Place: Mirissa Beach\nRating: 5 stars\nTitle: Lovely clean beach with great facilities\nSource: Visitor Review\n\nThis is one of the best beaches we’ve been to in Sri Lanka. Sea is good to swim in and very warm. The beach is clean and well maintained. There are bars and restaurants with sun loungers.', ""Place: Polhena Beach\nRating: 5 stars\nTitle: Free snorkeling with Turtles!\nSource: Visitor Review\n\nI have read a number of reviews about this place. I'm quite surprised by some of the comments. There are lots of locals here, which we haven't seen at Mirissa or Weligama, but that's a positive thing. They're really friendly and we got no sense that they didn't like Bikinis! There's shade at the top of the beach for those that want it and there's shops and restaurants close by. When we visited, the beach was clean. There's plenty of cheap accommodation nearby too but best of all, THERE'S"", 'Place: Unawatuna Beach\nRating: 4 stars\nTitle: Superb beach.\nSource: Visitor Review\n\nClean. Has a lot of activities, but very popular for scuba. There are plenty of good restaurants and shacks right on the beach. And a very good night life.', 'RETRIEVAL NOTES:\n- Ranked by: completeness of information\n- CONTRADICTION RULE: If Review Evidence contradicts the Knowledge Graph facts, you MUST treat the Knowledge Graph as the absolute ground truth.']","Here is what you can do at **Mirissa Beach**:

- Enjoy the scenic view and sunset watching.
- Swim in the sea.
- Go surfing on the waves.
- Relax on the sandy beach.
- Experience the nightlife, including beach parties and entertainment at bars.
- Stroll along the beach, which is clean.
- Utilize the available facilities, including various restaurants and accommodation options.
- Dine at beach bars and restaurants that offer sun loungers and food quality.
- Benefit from the family-friendly environment.

*Note: While the beach is a popular destination, please be aware that it can be crowded.*","The features and activities at Mirissa Beach include Relaxing, Surfing, Swimming, Sunset watching, Beach, and Restaurants."
Q_PAT_05,"What are the features, activities, and facilities available at Galle Dutch Fort?",place_attribute_query,place_attribute_query,1.0,32.61,0.875,0.8895205557678104,0.9999999999,1.0,"What are the features, activities, and facilities available at Galle Dutch Fort?","[""Knowledge Graph Fact 1. Galle Dutch Fort features Scenic view, Weather condition, Heritage site, Beach, Restaurants, Accommodation, Sea, Shops, Fort, Sunset view, and Cafes, offering activities including Shopping, Fort visit, and Sunset watching, with facilities including Accommodation, Restaurant, Shop, and Cafe.\n   Supporting Evidence:\n   [1] Place: Galle Dutch Fort\nRating: 4 stars\nTitle: Fortified town\nSource: Visitor Review\n\nThis is a really nice fortress complex on the sea front at Galle. Entry is via an arched opening in the walls, and once inside the peaceful ambience is quite different from the hustle bustle of the main town. You'll find little lanes lined with shops, restaurants, bars, and the occasional museum. There are also small guest houses, hotels and lanes with attractive private residential properties. Walk up to the lighthouse and you'll get good views out to sea. Also make sure to find the clock\n   [2] Place: Galle Dutch Fort\nRating: 5 stars\nTitle: Galle Dutch Fort\nSource: Visitor Review\n\nIt's better to walk around the fort with a guide.There are quite a few people, but enjoying the view and taking good photos is possible. Only come in good weather.\n   [3] Place: Galle Dutch Fort\nRating: 5 stars\nTitle: Nice experience staying / being in the Fort\nSource: Visitor Review\n\nCenturies-old Dutch Fort, in parts still carrying the legacy.Quite a nice experience to be in this Fort. We were staying within the Fort so it was lovely to just walk around across Peddler St, Hospital St, Rampart St. and visit the restaurants along the way.The Light House, Rampart, Hospital and the bastions are some of the attractions; you get stunning views of the ocean, and Galle cricket stadium. There are a lot of restaurants in the area, and some shops and ice-cream shops. It is a lovely\n   [4] Place: Galle Dutch Fort\nRating: 3 stars\nTitle: Tourist trap!\nSource: Visitor Review\n\nVisited here with our guide . Very touristy and expensive , but good to see the old buildings.This would have been a fair place in its heyday.Buildings have stood the test of time well .\n   [5] Place: Galle Dutch Fort\nRating: 5 stars\nTitle: Walking Tour Experience\nSource: Visitor Review\n\nWalking Tour ExperienceA guided walking tour within Galle Fort is highly recommended. The guides, often locals, will share stories about the fort’s history, including the eras of Portuguese, Dutch, and British control, as well as insight into Sri Lanka’s colonial past and maritime heritage.The tour often includes stops at lesser-known sites like the All Saints’ Church, Amangalla Hotel (a historic colonial-era building), and the old Dutch government house.\n   [6] Place: Galle Dutch Fort\nRating: 5 stars\nTitle: Downsouth city tours is an exclusive ‘Transport’ operator since 2022 playing cabs, taxi and tours for hire.Taxi Galle to\nSource: Visitor Review\n\nDownsouth city tours is an exclusive ‘Transport’ operator since 2022 playing cabs, taxi and tours for hire.Taxi Galle tours and taxi, the best choice; make your trip comfortable. Our branded cars and professional drivers available for hire in Sri Lanka.\n   [7] Place: Galle Dutch Fort\nRating: 4 stars\nTitle: Huge Fort\nSource: Visitor Review\n\nThe fort is big in length and you can visit lot of other things besides the fort. There are churches, markets etc. Time to complete full trip would be around 2-3 hours. The market is expensive compared to other markets in SL.You can also have a quick tour from the car itself if not interested in walking."", 'Place: Galle Fort Lighthouse\nRating: 4 stars\nTitle: Instagrammable\nSource: Visitor Review\n\nWithin the walls of the Dutch Fort, there is this very instagrammable lighthouse, one of the most recognisable features of the city.Built by the British to ensure the safe arrival of their ships at the Galle harbour, it was also the very first light station to be built in Sri Lanka.The original structure was destroyed in 1934 and was later replaced.The Galle Lighthouse is currently operated and managed by the Sri Lanka Ports Authority: unfortunately, visitors are not allowed to climb it.', 'RETRIEVAL NOTES:\n- Ranked by: completeness of information\n- CONTRADICTION RULE: If Review Evidence contradicts the Knowledge Graph facts, you MUST treat the Knowledge Graph as the absolute ground truth.']","Here is what you can do and find at the **Galle Dutch Fort**:

- Explore the fortress complex, which is a heritage site featuring bastions, the lighthouse, the clock tower, and old buildings including churches, museums, and the old Dutch government house.
- Enjoy scenic views of the sea, the ocean, and the Galle cricket stadium.
- Experience sunset watching from the ramparts.
- Engage in shopping at the various shops and markets located within the fort.
- Take a guided walking tour to learn about the history of the fort, including the eras of Portuguese, Dutch, and British control.
- Visit specific landmarks such as All Saints’ Church, the Amangalla Hotel, and the lighthouse.
- Dine at the numerous restaurants, cafes, and ice-cream shops found along streets like Peddler Street, Hospital Street, and Rampart Street.
- Stay within the fort at the available guest houses and hotels.
- Walk through the arched opening in the walls to enter the complex.
- Tour the area by car if you prefer not to walk.
- Visit during good weather conditions to fully enjoy the experience, as some visitors have noted that weather conditions can occasionally impact the visit.
- Relax by the beach located near the fort.","The features and activities at Galle Dutch Fort include Fort visit, Shopping, Sunset watching, Fort, Shops, and Scenic view."
Q_PAT_06,"What are the features, activities, and facilities available at Ella Rock?",place_attribute_query,place_attribute_query,1.0,28.27,1.0,0.9611868058567096,0.9999999999,1.0,"What are the features, activities, and facilities available at Ella Rock?","[""Knowledge Graph Fact 1. Ella Rock is a location for Hiking, featuring Waterfall, Trail, Rock formation, Scenic view, Weather condition, Ticket price, Mountain, Local guide, Bridge, Tea plantation, Viewpoint, and Signage, with facilities including Accommodation, Bridge, Signage, and Brochure.\n   Supporting Evidence:\n   [1] Place: Ella Rock\nRating: 5 stars\nTitle: Must do in Ella!\nSource: Visitor Review\n\n6 other people while hiking the way up but while getting back down at the tracks we met many many crowds!\n   [2] Place: Ella Rock\nRating: 5 stars\nTitle: Ella Rock and an excellent cooking course\nSource: Visitor Review\n\nMy wife and I enjoyed the climb of Ella Rock. It required a little searching but not too complicated. There were plenty of people coming down to guide us with a magnificent view as reward for reaching the top.When returning via the eucalyptus forrest we passed by the Farma Cafe, run by a very kind local, mr Mahijood (Jodi). The cafe is on the way up just after the bridge, taking the path on the right. Turns out that Jodi is a splendid host, who speaks 8 languages and was very entertaining. He is\n   [3] Place: Ella Rock\nRating: 4 stars\nTitle: Morning visit\nSource: Visitor Review\n\nFor me the walk to Ella rock was the best of the journey. Walking along the train tracks, past the tiny little station, over the waterfall and through the tea gardens was lovely. Then a decent climb through the forest which is challenging but manageable for the majority. The view at the top is lovely but there is limited space to stand/sit, when compared to Little Adams peak. Would recommend it for the walk alone but at the top it can be very cloudy which does hinder the view and if you have\n   [4] Place: Ella Rock\nRating: 5 stars\nTitle: Best Experience in Ella\nSource: Visitor Review\n\nOur chauffeur, Ushan from Different Discovery suggested this trekking to Ella Rock. Had a great time with a good local-guide and it was adventurous.\n   [5] Place: Ella Rock\nRating: 5 stars\nTitle: Amazing views, hard to find the path\nSource: Visitor Review\n\nto follow. The path is well worn with lots of groups heading up, but it is loose in places and so good footwear (trainers or better) is essential. Don't wear flip flops. The views at the top are amazing, and there is a second viewing platform another 15 mins on if you continue on the same path. The total climb took us 1.5 hours as we are regular hikers and quite fit. I would expect for it to take 2 - 2.5 hours if you don't hike regularly. Overall this was a fantastic climb with amazing views at\n   [6] Place: Ella Rock\nRating: 4 stars\nTitle: Morning visit\nSource: Visitor Review\n\ncloudy which does hinder the view and if you have more than 10 people at the top at once it is over crowded.\n   [7] Place: Ella Rock\nRating: 5 stars\nTitle: Ella rock ,rocks\nSource: Visitor Review\n\nFrom ella railway station one must walk on the railway track towards kitala ella railway station. after passing kitala ella railway station,on to the right side there is a white building (a hostel)JUST BEFORE this building turn left , walk over the bridge and turn right and then hike for miles. There are 3 view points close to each other. 1st one is good and the 2nd one is near the woodnd house and not so good.3rd one is to the right from the 2nd one and easily the bestFrom ella railway station\n   [8] Place: Ella Rock\nRating: 5 stars\nTitle: Lovely (if at times steep) hike overlooking Ella\nSource: Visitor Review\n\nI hiked in from the railroad tracks. There are several approaches from town, just ask. I went mid-day, so I was able to follow others for the most part (mostly coming down), I got lost a few times, but someone was always there to point the way.There are some amazing views, and a few places to pick up snacks and drinks once you leave the tracks-- the Ella Rock Cafe(?) made fresh mango juice, and let me choose the mangoes from a tray! (it looks like they were constructing a rest stop at the top,"", 'RETRIEVAL NOTES:\n- Ranked by: relevance\n- CONTRADICTION RULE: If Review Evidence contradicts the Knowledge Graph facts, you MUST treat the Knowledge Graph as the absolute ground truth.']","Here are the features, activities, and facilities available at **Ella Rock**:

- Engage in hiking along a trail that passes through tea plantations, eucalyptus forests, and along railway tracks.
- Experience a mountain climb that features a rock formation and a waterfall.
- Enjoy scenic views from multiple viewpoints, including a second viewing platform located 15 minutes past the main summit.
- Utilize local guides to assist with navigation along the path.
- Access facilities including accommodation, bridges, signage, and brochures.
- Find rest stops and cafes along the route, such as the Farma Cafe and other spots offering snacks and drinks.
- Be aware of weather conditions, as the top can become cloudy, which may hinder the view.
- Note that the summit has limited space and can become overcrowded.
- Prepare for a climb that typically takes between 1.5 to 2.5 hours depending on fitness levels.","The features and activities at Ella Rock include Hiking, Scenic view, Trail, Rock formation, Local guide, and Mountain."
Q_PAT_07,"What are the features, activities, and facilities available at Horton Plains National Park?",place_attribute_query,place_attribute_query,1.0,61.43,0.875,0.9274457170697772,0.9999999999,1.0,"What are the features, activities, and facilities available at Horton Plains National Park?","[""Knowledge Graph Fact 1. Horton Plains National Park features Waterfall, Trail, Scenic view, Weather condition, Wildlife, Ticket price, Cleanliness, Mountain, Crowdedness, Value for money, Entrance fee, and Birds, offering activities including Waterfall visit, Hiking, and Trekking, with facilities including Entrance fee and Ticket or receipt.\n   Supporting Evidence:\n   [1] Place: Horton Plains National Park\nRating: 5 stars\nTitle: Annual trip\nSource: Visitor Review\n\nExcellent place to.visit for a hike and mingle with narture , birds , virgin water thats sprouts and fills up rivers downhill.You need to wear hiking gear and be prepared for wet weather .\n   [2] Place: Horton Plains National Park\nCategory: National Park / Wildlife Reserve\nLocation: Nuwara Eliya, Nuwara Eliya District, Central Province, Sri Lanka\nSource: Wikipedia Article\n\nPhysical features\n   [3] Place: Horton Plains National Park\nRating: 5 stars\nTitle: Amazing hike with incredible views\nSource: Visitor Review\n\nforest and open plain which is really cool. The viewpoint at the top is amazing. Get there early- otherwise, cloud cover rolls in and the view won't be the same.\n   [4] Place: Horton Plains National Park\nCategory: National Park / Wildlife Reserve\nLocation: Nuwara Eliya, Nuwara Eliya District, Central Province, Sri Lanka\nSource: Wikipedia Article\n\nland area covered by Horton Plains is 3,160 hectares (12.2 mi2). Horton Plains contains the most extensive area of cloud forest still existing in Sri Lanka. In July 2010, the Central Highlands of Sri Lanka which incorporates Horton Plains National Park, Peak Wilderness Sanctuary and Knuckles Mountain Range was inscribed on the World Heritage List.\n   [5] Place: Horton Plains National Park\nRating: 4 stars\nTitle: Expensive for westerners but worth it\nSource: Visitor Review\n\nthe views up here are amazing and very very quiet)Take care when taking pictures especially selfies."", 'RETRIEVAL NOTES:\n- Ranked by: completeness of information\n- CONTRADICTION RULE: If Review Evidence contradicts the Knowledge Graph facts, you MUST treat the Knowledge Graph as the absolute ground truth.']","Here is what you can do and find at **Horton Plains National Park**:

- Explore the park's diverse landscape, which features mountains, forests, and open plains.
- Experience the most extensive area of cloud forest still existing in Sri Lanka.
- Visit waterfalls and observe local wildlife and birds.
- Engage in activities such as hiking and trekking along the park's trails.
- Enjoy scenic views from the top of the park, though it is recommended to arrive early before cloud cover rolls in.
- Prepare for wet weather conditions and wear appropriate hiking gear.
- Utilize facilities including the entrance gate where you can pay the required entrance fee and receive a ticket or receipt.
- Note that the park is part of the Central Highlands of Sri Lanka, which is inscribed on the World Heritage List.","The features and activities at Horton Plains National Park include Hiking, Waterfall visit, Trekking, Scenic view, Waterfall, and Trail."
Q_PAT_08,"What are the features, activities, and facilities available at Pinnawala Elephant Orphanage?",place_attribute_query,place_attribute_query,1.0,28.18,1.0,0.8592835554049713,0.9999999999,1.0,"What are the features, activities, and facilities available at Pinnawala Elephant Orphanage?","['Knowledge Graph Fact 1. Pinnawala Elephant Orphanage features River, Family friendliness, Wildlife, Ticket price, Value for money, and Elephants, offering activities including Photography and Elephant watching, with facilities including Entrance fee and Ticket or receipt.\n   Supporting Evidence:\n   [1] Place: Pinnawala Elephant Orphanage\nRating: 5 stars\nTitle: Elephant Orphanage\nSource: Visitor Review\n\nthe Elephant Orphanage is such an interesting place to visit. At certain times the elephants (ages 1 to 5 years) are fed. There are viewing stands so you can watch while the elephants are given milk and also greens to eat.\n   [2] Place: Pinnawala Elephant Orphanage\nRating: 3 stars\nTitle: Interesting but...\nSource: Visitor Review\n\nElephants are beautiful animals and touching one is an exciting experience. The mission of the Orphanage is also commendable: it was founded by the Sri Lankan Wildlife Conservation Department in 1975 to ""feed and provide care and shelter to orphaned baby elephants that were found in the wild"". And, let\'s be clear, they seem to have all the best practices on animal welfare. But you should know that the Pinnawala Elephant Orphanage is a tourist attraction of great appeal for both Sinhalese and\n   [3] Place: Pinnawala Elephant Orphanage\nRating: 5 stars\nTitle: Conservation at its Best.\nSource: Visitor Review\n\nIt\'s not often that we get to see wild animals close up - least of all endangered species like the Asian elephant. But to see 75 of them in one place is incredibly privileged. This is the largest herd of Asian elephants in the world today in controlled ,protected surroundings.The orphanage has been running since 1975 and the work it is doing is helping to keep the species alive and all monies raised goes towards the continued work of looking after these magnificent beasts.A MUST SER. Very highly\n   [4] Place: Pinnawala Elephant Orphanage\nRating: 5 stars\nTitle: Bathing Parade of Elephants at Pinnawalla Elephant Orphanage in Sri Lanka\nSource: Visitor Review\n\nDuring our Srilankan holidays, from Katunayake Hotel we visited Pinnawalla Elephant Orphanage which has the largest herd of captive Elephants in the world. This Orphanage protects many orphaned unweaned wild elephants found wandering in and near the forests of Sri Lanka.At the Orphanage, one can also have an opportunity to see he twin baby elephants that were born at the Pinnawala Elephant Orphanage recently and were named as Disa and Sajjana.\n   [5] Place: Pinnawala Elephant Orphanage\nRating: 5 stars\nTitle: Very pleasant\nSource: Visitor Review\n\nWe went here because we had some spare time. It’s cheap to get in and didn’t need to book before our visit. We went to the 9am feed, you don’t get to feed or touch the elephants just view, plenty of seating. It’s funny watching the young elephants race towards the milk station which is done with a few at a time, it’s not very long maybe 1.30 hours but a pleasant experience. No one tells you what or why they do it but there is a information building that you can walk through.\n   [6] Place: Pinnawala Elephant Orphanage\nCategory: Zoo / Wildlife Attraction\nLocation: Pinnawala, Kegalle District, Sabaragamuwa Province, Sri Lanka\nSource: Wikipedia Article\n\nDESTINATION: Pinnawala Elephant Orphanage\nTYPE: Zoo / Wildlife Attraction\nLOCATION: Pinnawala, Kegalle District, Sabaragamuwa Province, Sri Lanka\nCOORDINATES: 7.300512, 80.3871935\nADDRESS: Pinnawala Elephant Orphanage, Karandupana-Rambukkana Road, Pinnawala, Kegalle District, Sabaragamuwa Province, 71100, Sri Lanka\nDESCRIPTION: Elephant orphanage in Sri Lanka\nSOURCE: https://en.wikipedia.org/wiki/Pinnawala_Elephant_Orphanage', 'RETRIEVAL NOTES:\n- Ranked by: completeness of information\n- CONTRADICTION RULE: If Review Evidence contradicts the Knowledge Graph facts, you MUST treat the Knowledge Graph as the absolute ground truth.']","Here is what you can do and find at **Pinnawala Elephant Orphanage**:

- Observe the largest herd of captive Asian elephants in the world, which includes orphaned elephants found in or near Sri Lankan forests.
- Watch the elephants being fed milk and greens at designated times, such as the 9:00 AM feeding session.
- View the elephants from provided stands or seating areas.
- See twin baby elephants named Disa and Sajjana.
- Engage in photography of the wildlife and enjoy elephant watching.
- Explore the information building to learn about the orphanage's mission, which was established in 1975 by the Sri Lankan Wildlife Conservation Department to provide care, shelter, and food to orphaned baby elephants.
- Experience a family-friendly environment located near a river.
- Access the facility by paying an entrance fee, with no prior booking required. Visitors often find the experience to be good value for money.","The features and activities at Pinnawala Elephant Orphanage include Photography, Elephant watching, Elephants, River, Wildlife, and Ticket price."
Q_PAT_09,"What are the features, activities, and facilities available at Colombo Lotus Tower?",place_attribute_query,place_attribute_query,1.0,46.97,1.0,0.8549816407634898,0.9999999999,1.0,"What are the features, activities, and facilities available at Colombo Lotus Tower?","[""Knowledge Graph Fact 1. Colombo Lotus Tower is a location for Viewpoint visit, featuring Scenic view, Family friendliness, Ticket price, Value for money, Food quality, Restaurants, Service quality, Entrance fee, and Viewpoint, with facilities including Entrance fee, Ticket or receipt, Restaurant, and View platform.\n   Supporting Evidence:\n   [1] Place: Colombo Lotus Tower\nCategory: Landmark / Tower\nLocation: Colombo, Colombo District, Western Province, Sri Lanka\nSource: Wikipedia Article\n\nDESTINATION: Colombo Lotus Tower\nTYPE: Landmark / Tower\nLOCATION: Colombo, Colombo District, Western Province, Sri Lanka\nCOORDINATES: 6.9270163, 79.8583152\nADDRESS: Colombo Lotus Tower, D. R. Wijewardene Mawatha, Suduwella, Slave Island, Colombo, Colombo District, Western Province, 00200, Sri Lanka\nDESCRIPTION: Telecommunications tower in Colombo, Sri Lanka and tallest tower in South Asia\nSOURCE: https://en.wikipedia.org/wiki/Lotus_Tower\n   [2] Place: Colombo Lotus Tower\nRating: 5 stars\nTitle: . Colombo Lotus Tower: Spiritual Revelation, Wisdom and Nirvana in the Image of a TV Tower\nSource: Visitor Review\n\nof Moratuwa in Sri Lanka participated in the design of the Tower. I don't vouch for the veracity of the information, however. The Lotus Tower’s “petals” are illuminated by colourful LED lights at night and the barrel shines a spotlight, which, in my humble opinion, makes the site particularly beautiful precisely at night. The Lotus Tower is certainly a must-visit site in Colombo. I recommend it!!!\n   [3] Place: Colombo Lotus Tower\nCategory: Landmark / Tower\nLocation: Colombo, Colombo District, Western Province, Sri Lanka\nSource: Wikipedia Article\n\nof Sri Lanka later decided to change the location. The lotus-shaped structure serves various purposes, including communication and observation, as well as leisure facilities. The estimated cost of construction was approximately US$113 million.\n   [4] Place: Colombo Lotus Tower\nRating: 4 stars\nTitle: Lotus Tower\nSource: Visitor Review\n\nWe visited with friends, it’s quite an amazing view from up there of the whole city…. And good food too. The floor rotates but not scary 😝\n   [5] Place: Colombo Lotus Tower\nRating: 3 stars\nTitle: Nice\nSource: Visitor Review\n\nNice viewing spot from the tallest self-supported structure in South Asia. A fee to enter but no good if raining or even drizzling. Unique appearance from the outside as well."", 'RETRIEVAL NOTES:\n- Ranked by: Colombo Lotus Tower\n- CONTRADICTION RULE: If Review Evidence contradicts the Knowledge Graph facts, you MUST treat the Knowledge Graph as the absolute ground truth.']","Here is what you can do and find at the **Colombo Lotus Tower**:

- Visit the tower to experience a viewpoint that offers scenic views of the entire city.
- Enjoy the unique appearance of the lotus-shaped structure, which is illuminated by colorful LED lights at night.
- Dine at the on-site restaurants, which provide food for visitors.
- Experience the rotating floor, which offers a unique perspective of the surroundings.
- Utilize the observation facilities, which serve purposes related to communication and leisure.
- Benefit from family-friendly facilities, including a view platform.
- Access the site by paying an entrance fee, for which you will receive a ticket or receipt.","The features and activities at Colombo Lotus Tower include Viewpoint visit, Scenic view, Ticket price, Viewpoint, Value for money, and Restaurants."
Q_PAT_10,"What are the features, activities, and facilities available at Arugam Bay?",place_attribute_query,place_attribute_query,1.0,32.84,0.6153846153846154,0.8990156571840524,0.9999999999,1.0,"What are the features, activities, and facilities available at Arugam Bay?","['Knowledge Graph Fact 1. Arugam Bay features Peacefulness, Ticket price, Cleanliness, Public transport access, Crowdedness, Value for money, Beach, Waves, Food quality, Restaurants, Accommodation, Service quality, Sea, and Shops, offering activities including Swimming, Surfing, Relaxing, and Shopping, with facilities including Accommodation, Tuk tuk service, and Restaurant.\n   Supporting Evidence:\n   [1] Place: Arugam Bay\nRating: 5 stars\nTitle: Tranquility at its best……\nSource: Visitor Review\n\nWe visited Arugam Bay and stayed at Ranga’s Beach Hut for few days. I loved the stay, food and the atmosphere at Beach Hut. Arugam Bay is an amazing place, the beach to the limit our eye can find scenery. Since we went there closer to the end of the season not crowded as well.We visited Kumana Bird Sanctuary as well, again calm and quiet. Loads of different birds, enough number of crocodiles, elephants, different kind of other animals and If you are lucky you could see the leopard and bear as\n   [2] Place: Arugam Bay\nRating: 5 stars\nTitle: a beautiful remote part in the world\nSource: Visitor Review\n\nArugam Bay is a very quite and beautiful location , if you want to get away from the city life, it has some good surfing places, National safari park, nature reserves, lakes, rivers and lagoon, people are super friendly, foods and tasty and plenty with prices vary, sandy beaches, innocent faces and the thick jungles around with full of nature, a place to spend some time to be perfect.\n   [3] Place: Arugam Bay\nRating: 3 stars\nTitle: Visit out of season\nSource: Visitor Review\n\nMy partner and I have come to A. Bay for a week of surfing. We\'re about a week early before the season officially starts but we\'re getting good waves already.The benefit of being outside of season is it is much quiter than it will be in a few weeks. We wish we were here a month ago!There is a good vibe about the place as restaurants and guest houses are just opening up. This also gives visitors greater bargaining power for cheaper room rates, tuk rides and food.Be aware that this place gets\n   [4] Place: Arugam Bay\nCategory: Beach\nLocation: Arugam Bay, Ampara District, Eastern Province, Sri Lanka\nSource: Wikipedia Article\n\nArugam Bay (Tamil: அறுகம் குடா, romanized: Aṟukam kuṭā; Sinhala: ආරුගම් බොක්ක, romanized: ārugam bokka), known locally as ""Arugam Kudah"", is situated on the Indian Ocean in the dry zone of Sri Lanka\'s southeast coast, and a historic settlement of the ancient Batticaloa Territory (Mattakallappu Desam). Arugam Kudah\'s literal Tamil translation is ""Bay of Cynodon dactylon"".\n   [5] Place: Arugam Bay\nRating: 5 stars\nTitle: Great vibe\nSource: Visitor Review\n\nThis famous surf spit is definitely worth the trip. The beach is stunning with palm trees and colourful boats litter the beach. This is definitely a tourist hot spot so if your looking for a more local experience then this place may not be for you.', 'RETRIEVAL NOTES:\n- Ranked by: completeness of information\n- CONTRADICTION RULE: If Review Evidence contradicts the Knowledge Graph facts, you MUST treat the Knowledge Graph as the absolute ground truth.']","Here is what you can do and find at **Arugam Bay**:

- Engage in activities such as swimming, surfing, relaxing, and shopping.
- Explore nearby nature reserves, lakes, rivers, lagoons, and the Kumana Bird Sanctuary, which offers opportunities to see birds, crocodiles, elephants, leopards, and bears.
- Enjoy the sandy beach, which features palm trees and colorful boats.
- Access facilities including various accommodation options, restaurants, and tuk-tuk services.
- Experience a location known for its peacefulness, cleanliness, and public transport access, though be aware that it can be crowded and some visitors find the value for money to be a concern.
- Benefit from the availability of shops and a variety of food options, with high-quality restaurants and service.
- Visit a destination that offers waves suitable for surfing and a pleasant sea.","The features and activities at Arugam Bay include Surfing, Relaxing, Swimming, Shopping, Beach, and Waves."
Q_ACT_11,What are the best locations for snorkelling in Sri Lanka?,activity_query,activity_query,1.0,36.0,0.95,0.9701316037334706,0.9999999999,1.0,What are the best locations for snorkelling in Sri Lanka?,"[""Knowledge Graph Fact 1. Polhena Beach is a beach in Matara District for Snorkelling, featuring Safety, Peacefulness, and Family friendliness.\n   Supporting Evidence:\n   [1] Place: Polhena Beach\nRating: 5 stars\nTitle: Great beach to snorkel and swim with turtles.\nSource: Visitor Review\n\nSo many beaches in Sri Lanka are beautiful but are difficult or even dangerous to swim in the sea. Polhena has a shallow lagoon protected by a coral reef so is perfect, especially around low tide.Myriad of coral fish and regenerating coral...stunning.Stay at SUNHIL'S rest guesthouse for the perfect visit.\nKnowledge Graph Fact 2. Hikkaduwa Beach is a beach in Galle District for Snorkelling, featuring Cleanliness, Crowdedness, and Beach.\n   Supporting Evidence:\n   [1] Place: Hikkaduwa Beach\nRating: 5 stars\nTitle: Great beach to walk or snorkel\nSource: Visitor Review\n\na bit of snorkelling experience, just rent the fins and mask and enjoy the shoreline. People keep dumping bread in the ocean to attract them and they are plentiful, if not too varied.\n   [2] Place: Hikkaduwa Beach\nRating: 5 stars\nTitle: Best beach in that area\nSource: Visitor Review\n\nWe found this to be our favourite beach in the area. We caught an a/c bus here from bentota for 75 pence (approx 1hr in the bus. A/c bus is a minibus with green sign in windscreen that goes up and down the coast between Colombo and galle.)It was our favourite beach in the area, lots of places to eat. Great snorkelling around the reef area, marked by three buoys toward the right side of the beach. But the highlight was walking down to the left end of the beach and finding three huuuuge turtles\n   [3] Place: Hikkaduwa Beach\nRating: 5 stars\nTitle: Great beach to walk or snorkel\nSource: Visitor Review\n\nThis is a lovely beach to stroll, swim or snorkel. Plenty of outfitters are waiting to guide you, either by paddling out to the reef or swimming with you near the shore. The reef was okay, and getting paddled out there in the long canoe was cool, but really, the fish were better near shore. unfortunately, the coral was destroyed in the tsunami, but there are still fish. We got up-close and personal with two large turtles near shore. It you have even a bit of snorkelling experience, just rent the\nKnowledge Graph Fact 3. Jungle Beach is a beach in Matara District for Snorkelling, featuring Trail, Rock formation, and Scenic view.\n   Supporting Evidence:\n   [1] Place: Jungle Beach\nRating: 3 stars\nTitle: Average snorkelling\nSource: Visitor Review\n\nThe beach is nice enough, bit more relaxed than the main beach. It is a bit of walk from the main beach, maybe 20min. There wasn't any good snorkelling in the immediate vicinity that we could find."", 'Place: Victoria Park of Nuwara Eliya\nRating: 4 stars\nTitle: Great for kids\nSource: Visitor Review\n\nGo there for kids activities like slidrs and swingers for younger children and they will love it for sure.', 'Place: Nine Arches BridgeSomeone from this business manages the listing.\nRating: 5 stars\nTitle: Lovely\nSource: Visitor Review\n\nWas very happy to sea. We wer very Luckey to sea also the train while we were there. That was a good experience to walk true mountain. Really had a good time with kid’s.', 'RETRIEVAL NOTES:\n- Ranked by: Snorkelling\n- CONTRADICTION RULE: If Review Evidence contradicts the Knowledge Graph facts, you MUST treat the Knowledge Graph as the absolute ground truth.']","The best places for snorkelling in Sri Lanka are:

- **Polhena Beach** — Located in the Matara District, this beach features a shallow lagoon protected by a coral reef, making it perfect for snorkelling, especially around low tide. Visitors can see a myriad of coral fish and regenerating coral, and it is a location where you can swim with turtles. It is noted for its safety, peacefulness, and family friendliness.

- **Hikkaduwa Beach** — Situated in the Galle District, this beach offers snorkelling around the reef area, which is marked by three buoys toward the right side of the beach. Visitors can rent fins and masks to enjoy the shoreline, or hire outfitters to paddle them out to the reef in a long canoe. While the coral was destroyed in the tsunami, fish are still present, and it is possible to get up-close with large turtles near the shore. This location is recognized for its cleanliness, though it can be crowded.

- **Jungle Beach** — Also found in the Matara District, this spot is known for its trail, rock formation, and scenic view, providing a unique environment for those looking to go snorkelling.","The best locations for snorkelling include Hikkaduwa Beach, Jungle Beach, and Polhena Beach."
Q_ACT_12,Which places are highly recommended for elephant watching?,activity_query,activity_query,1.0,34.9,1.0,0.8225451101051252,0.9999999999,1.0,Which places are highly recommended for elephant watching?,"[""Knowledge Graph Fact 1. Maduru Oya National Park is a National Park / Wildlife Reserve in Badulla District for Elephant watching, featuring Road access, Scenic view, and Wildlife.\nKnowledge Graph Fact 2. Wasgamuwa National Park is a National Park / Wildlife Reserve in Polonnaruwa District for Elephant watching, featuring Road access, River, and Scenic view.\n   Supporting Evidence:\n   [1] Place: Wasgamuwa National Park\nRating: 4 stars\nTitle: Wild Elephants, birds and superb views\nSource: Visitor Review\n\nis very nice place in the band of Mahaweli River. Bungalow keeper Sarath was very helpful person and his foods are tasty and superb. Our tracker is Dhanushka, he is very experience tracker. He saved us from unexpected elephant attack. But the Park Warden and the management is not that much great since we have to wait more than one hour to find a tracker and clear the entrance\nKnowledge Graph Fact 3. Hurulu Eco Park is a National Park / Wildlife Reserve in Anuradhapura District for Elephant watching, featuring Road access, Trail, and Scenic view.\n   Supporting Evidence:\n   [1] Place: Hurulu Eco Park\nRating: 5 stars\nTitle: Hurulu Eco Park, Habarana\nSource: Visitor Review\n\nbut was very chatty.We saw plenty of elephants up close. Wasn't over crowded. The driver kept a reasonable distance and nove at any sign yhat the elephants paid us any attention. On the times other drivers caught up with us, they always left our path clear and the elephants didnt pay any attention to us. All in all a good visit with no complaints and the elephants were never bothered by us or any of the drivers.\n   [2] Place: Hurulu Eco Park\nRating: 4 stars\nTitle: Good for elephant watching\nSource: Visitor Review\n\nNot recommended if you have a bad back as the roads are rough. It's closer to a theme park ride than a safari. However, we did see lots of elephants and in that respect, it outshone Yala. But Yala is a safer option if you do have a bad back!\n   [3] Place: Hurulu Eco Park\nRating: 3 stars\nTitle: Did See Elephants. Average Safari Experience\nSource: Visitor Review\n\nThis would save travelers money.. but most importantly, help curb overtourism and vehicle crowding in the park. Horribly bad as 15 vehicles would stop at same elephants, then all proceed together and all stop at next sighting\nKnowledge Graph Fact 4. Kaudulla National Park is a National Park / Wildlife Reserve in Polonnaruwa District for Elephant watching, featuring Road access, Wildlife, and Ticket price.\n   Supporting Evidence:\n   [1] Place: Kaudulla National Park\nRating: 5 stars\nTitle: Elephants\nSource: Visitor Review\n\nKaudulla national park is the best place to witness large no of wild elephants. You need to have a 4 wheel drive if not you can hire one in Habarana. Must visit place for wild life lovers.\nKnowledge Graph Fact 5. Gal Oya National Park is a National Park / Wildlife Reserve in Polonnaruwa District for Elephant watching, featuring Road access, Scenic view, and Peacefulness."", 'RETRIEVAL NOTES:\n- Ranked by: positive sentiment, activity relevance\n- CONTRADICTION RULE: If Review Evidence contradicts the Knowledge Graph facts, you MUST treat the Knowledge Graph as the absolute ground truth.']","The best places for elephant watching in Sri Lanka are:

- **Hurulu Eco Park** — A location in the Anuradhapura District where visitors can see plenty of elephants up close. The park features road access, a trail, and scenic views. While some visitors note that the roads are rough, it is recognized for providing opportunities to see many elephants.

- **Kaudulla National Park** — A destination for wildlife lovers in the Polonnaruwa District that is described as the best place to witness a large number of wild elephants. The park features road access, wildlife, and a ticket price, and it requires a 4-wheel drive vehicle for visitors.

- **Wasgamuwa National Park** — A wildlife reserve situated in the Polonnaruwa District on the banks of the Mahaweli River. It offers road access, a river, and scenic views, providing an environment to observe wild elephants and birds.

- **Maduru Oya National Park** — A wildlife reserve located in the Badulla District that features road access, scenic views, and opportunities to observe wildlife and elephants.

- **Gal Oya National Park** — A park in the Polonnaruwa District known for its peacefulness and scenic views, offering visitors a location for elephant watching with road access.","The best locations for elephant watching include Gal Oya National Park, Hurulu Eco Park, Kaudulla National Park, and Maduru Oya National Park."
Q_ACT_13,Where can I go camping in Sri Lanka?,activity_query,activity_query,1.0,37.67,1.0,0.9308769820775146,0.9999999999,1.0,Where can I go camping in Sri Lanka?,"['Knowledge Graph Fact 1. Knuckles Mountain Range is a Viewpoint and Hiking location for Camping, featuring Waterfall, Road access, and Trail.\n   Supporting Evidence:\n   [1] Place: Knuckles Mountain Range\nRating: 5 stars\nTitle: Knuckles - A heaven on Earth\nSource: Visitor Review\n\nKnuckles provides one of the most beautiful mountain sceneries in Sri Lanka. There is Mini Words End, Reverston Peak, Pitiwala Patana and Manigala providing variety of experience. This is a must visit place in Sri Lanka. There are two sides to enter the range. Reverston Side and Deanston Side.\n   [2] Place: Knuckles Mountain Range\nRating: 4 stars\nTitle: Knuckles – A beautiful Mountain range\nSource: Visitor Review\n\nWe went on a day trip by car and loved the journey. It is a bumpy narrow road with breath taking views, birds and wild life.What prompted us to go here was the views that we saw at a distance from the hotel we stayed in Kandy. We loved the natural scenery, tea plantations and all the beautiful things that we saw here. There are hotels in the vicinity that organized camping if you are interested, but we opted to carry on with our hill country expedition. Recommended for nature lovers.\nKnowledge Graph Fact 2. Gal Oya National Park is a National Park and Wildlife Reserve located in Polonnaruwa District for Camping, featuring Road access, Scenic view, and Peacefulness.\n   Supporting Evidence:\n   [1] Place: Gal Oya National Park\nCategory: National Park / Wildlife Reserve\nLocation: Galoya, Polonnaruwa District, North Central Province, Sri Lanka\nSource: Wikipedia Article\n\nDESTINATION: Gal Oya National Park\nTYPE: National Park / Wildlife Reserve\nLOCATION: Galoya, Polonnaruwa District, North Central Province, Sri Lanka\nCOORDINATES: 8.1341492, 80.8775612\nADDRESS: Kaudulla National Park Eingang, Minneriya - Gal Oya Road, Galoya, Polonnaruwa District, North Central Province, Sri Lanka\nDESCRIPTION: National park in Sri Lanka\nSOURCE: https://en.wikipedia.org/wiki/Gal_Oya_National_Park\nKnowledge Graph Fact 3. Kumana National Park is a National Park and Wildlife Reserve located in Ampara District for Camping, featuring Road access, Scenic view, and Peacefulness.\n   Supporting Evidence:\n   [1] Place: Kumana National Park\nRating: 5 stars\nTitle: Amazing place to watch birds\nSource: Visitor Review\n\nOne of the best place to watch endemic birds in Sri Lanka. Must visit early in the morning to have a better experience', 'Place: Wasgamuwa National Park\nRating: 5 stars\nTitle: Wasgamuwa, a must.......\nSource: Visitor Review\n\nEven you could go camping as it is facilitated through Wild Life. Two out of the three bungalows as well as the camping site is closer to Mahaweli river. There are accommodation outside the Park as well and you could easily get a safari jeep. The roads in the Park are not that bad and you can use a jeep with two wheel drive. You could see animals closer to the nature than some of the other Parks as Wasgamuwa is not that crowded by visitors probably due to the distance from Colombo. It was great', 'Place: Sinharaja Forest Reserve\nRating: 4 stars\nTitle: Eco lodge\nSource: Visitor Review\n\nAmazing high above sea level in the rainforest accommodation converted cargo containers but with all mod cons would recommend all home cooked food', 'Place: Horton Plains National Park\nRating: 5 stars\nTitle: Worth a visit for sure!\nSource: Visitor Review\n\nThis a definite must visit if you are in the area. Very pretty scenery. In addition to the Plain itself, you can access Mini Worlds End, Worlds End and Bakers Falls via a hike. Keep at least 04-05 hours for the whole walk around the Plain if you hope to complete the full trail.Note - no plastic items are allowed inside the Plain.', 'Place: Wasgamuwa National Park\nRating: 5 stars\nTitle: Wasgamuwa, a must.......\nSource: Visitor Review\n\nVisited Wasgamuwa National Park on 23rd and 24th Dec. Probably the easiest to get there from Colombo is through Kurunagala, Dambulla, Bakamuna, Hettipola. The road is not as pictures as the road from Matale through Riverstone and then to Hettipola but probably quicker to reach the destination. You should book the bungalows through Wild Life (-----) to stay in the Park as that is the best way as you could get out early to the forest to see animals. Even you could go camping as it is facilitated', 'RETRIEVAL NOTES:\n- Ranked by: Camping\n- CONTRADICTION RULE: If Review Evidence contradicts the Knowledge Graph facts, you MUST treat the Knowledge Graph as the absolute ground truth.']","The best places for camping in Sri Lanka are:

- **Knuckles Mountain Range** — This location features a variety of experiences including Mini Worlds End, Reverston Peak, Pitiwala Patana, and Manigala, with hotels in the vicinity that organize camping. It is a viewpoint and hiking destination that offers a waterfall, road access, and a trail.

- **Gal Oya National Park** — Located in the Polonnaruwa District, this national park and wildlife reserve is a destination for camping that features road access, scenic views, and peacefulness.

- **Kumana National Park** — Situated in the Ampara District, this national park and wildlife reserve is a location for camping that features road access, scenic views, and peacefulness.

- **Wasgamuwa National Park** — Camping is facilitated through the Department of Wildlife, with a camping site located closer to the Mahaweli River. The park is not crowded by visitors, and you can see animals closer to nature.","The best locations for camping include Gal Oya National Park, Knuckles Mountain Range, and Kumana National Park."
Q_ACT_14,What are the best places to experience a train ride?,activity_query,activity_query,1.0,32.85,0.7272727272727273,0.7535979812368317,0.9999999999,1.0,What are the best places to experience a train ride?,"['Knowledge Graph Fact 1. Demodara Loop is an Engineering Landmark in Badulla District for a Train ride, featuring Road access, Trail, and Scenic view.\n   Supporting Evidence:\n   [1] Place: Demodara Loop\nRating: 5 stars\nTitle: Demodara railway loop\nSource: Visitor Review\n\nThis place is beautiful,have nice viwe. This place we can see ella area and other UVA province area 💚😌. i really like this place, some people going this place i recommend like after 10 A.M to 2 P.M, this time have good viwe.', ""Place: Ella Rock\nRating: 5 stars\nTitle: Definitely worth doing! Just start early and be careful to not get lost on the way down :-)\nSource: Visitor Review\n\nWalking along the train tracks to get to the base of the 'mountain' was great fun especially if you are a fan of 'Stand by me'. The walk up was not too tough. The views were lovely but on a really clear day would be awesome. You'll see a really well defined dirt track when you get to the top. Don't think what my husband thought which was 'this will be a more direct route down'. It wasn't. We walked twice as long and then had to cut cross country to get to the main path (yes he was in"", ""Place: Ella Rock\nRating: 5 stars\nTitle: Serenity!\nSource: Visitor Review\n\nA place worth to visit. Don't forget to take a train ride to go to Ella.. Mist, drizzling, cool breeze and hiking ❤️You'll never regret it."", ""Place: Moon Plains\nRating: 5 stars\nTitle: Rough ride to a beautiful place\nSource: Visitor Review\n\nThis is the most efficient safari I have been on. You have to buy a ticket and wait for some time for the vehicles to come. The ticket has the turn number and they follow it to the dot. Beautiful climb to the peak. Unfortunately, we don't get to stay for too long as it's on a rotation and the vehicle has to come down."", 'Place: Dunhinda Falls\nCategory: Waterfall\nLocation: Badulla, Badulla District, Uva Province, Sri Lanka\nSource: Wikipedia Article\n\nDunhinda is one of the most popular and scenic waterfalls in Sri Lanka. Although it is not among the tallest waterfalls in the country, it is renowned for its dramatic appearance and surrounding natural beauty, and is often described as one of the most picturesque waterfalls on the island.', 'Place: Mount Lavinia Beach\nRating: 4 stars\nTitle: Good Beach\nSource: Visitor Review\n\nNice beach with nice view one can watch nicely Sunset there and can enjoy beauty of nature just nearby one Railway line is there where train passes in regular intervals', 'RETRIEVAL NOTES:\n- Ranked by: positive sentiment, scenic view\n- CONTRADICTION RULE: If Review Evidence contradicts the Knowledge Graph facts, you MUST treat the Knowledge Graph as the absolute ground truth.']","The best places to experience a train ride in Sri Lanka are:

- **Demodara Loop** — This engineering landmark in the Badulla District features road access, a trail, and a scenic view. It offers a view of the Ella area and the Uva Province, with the best viewing times recommended between 10 A.M. and 2 P.M.

- **Ella Rock** — Taking a train ride to reach this location is recommended to experience the mist, drizzling weather, and cool breeze.

- **Mount Lavinia Beach** — This beach features a railway line nearby where trains pass at regular intervals, allowing visitors to watch the trains while enjoying the sunset and the beauty of nature.",A good location for train ride is Demodara Loop.
Q_ACT_15,Where can I go for a tea plantation visit?,activity_query,activity_query,1.0,40.73,0.9090909090909092,0.805046315527823,0.9999999999,1.0,Where can I go for a tea plantation visit?,"[""Knowledge Graph Fact 1. Handunugoda Tea Estate is located in Galle District for a Tea plantation visit, featuring Ticket price, Public transport access, and Local guide.\n   Supporting Evidence:\n   [1] Place: Handunugoda Tea Estate\nRating: 5 stars\nTitle: Specila tea plantation\nSource: Visitor Review\n\nVirgin Tea Plantation - interesting story,good guidance, original machinery, super degustation for free\n   [2] Place: Handunugoda Tea Estate\nRating: 4 stars\nTitle: A lush tea plantation\nSource: Visitor Review\n\nWe visited the plantation on the Sri Lankan new year's eve so the factory wasn't open because of the holidays. Still got a nice tour with a expert guide, nice tea tasting with cake and in the shop we tasted about 40 different teas. It was nice to see where the tea is grown and that it is produced in ecological and ethical way.\n   [3] Place: Handunugoda Tea Estate\nRating: 5 stars\nTitle: Excellent free tour\nSource: Visitor Review\n\nOur tour guide was extremely knowledgeable and friendly.The tour is free and includes a short walk around the plantation to see the variety of tea growing on site, a delicious tea and chocolate cake break, visit to the production factory and ends with a tasting session of each tea produced. The tour isn’t very long in duration but gives you a detailed overview of the tea production process In the shop you can buy all the teas produced on site including the very rare Virgin White tea\n   [4] Place: Handunugoda Tea Estate\nRating: 5 stars\nTitle: Must see Tea Plantation\nSource: Visitor Review\n\nHouse and enjoy the view while sipping away at your virgin white tea !On the way out, keep some time to stop in the boutique to purchase some products and make a volunteer donation for the tour.\nKnowledge Graph Fact 2. Pedro Tea Factory is located in Nuwara Eliya District for a Tea factory visit, featuring Scenic view, Ticket price, and Local guide.\n   Supporting Evidence:\n   [1] Place: Pedro Tea Factory\nRating: 4 stars\nTitle: The best place to buy Tea in Nuwara Eliya\nSource: Visitor Review\n\nWhile in NE for a workshop, we went over to Pedro Tea Factory to buy some tea. Wow....the place itself was amazing...clean, neatly laid out garden....wonderful tea centre and the best part - 2 amazing sales women ....most probably from the surrounding plantations. They were so knowledgeable on the tea they were selling ..... As part of the Ethical Tea partnership i think the Pedro Tea Factory is doing a great job ...its just 2 kms from the city centre on the Kandapola Road....A must visit\n   [2] Place: Pedro Tea Factory\nRating: 3 stars\nTitle: Cool guide though..\nSource: Visitor Review\n\nQuick run through the production plant followed by two samples of tea to taste. Then you must buy.I was hoping to visit the tea plantation, but that was not part of the tour -perhaps due to the inclement weather.Not bad, fairly educational, wouldn't have felt too bad about missing this one.\nKnowledge Graph Fact 3. Lipton’s Seat is located in Badulla District for a Tea factory visit, featuring Road access, Scenic view, and Weather condition.\n   Supporting Evidence:\n   [1] Place: Lipton’s Seat\nRating: 5 stars\nTitle: Lipton’s Seat – Where the World Meets the Sky!\nSource: Visitor Review\n\nThe drive through tea plantations was breathtaking, and reaching the viewpoint was magical — endless hills, mist, and the same spot where Sir Thomas Lipton enjoyed his tea! 🍵 The guide explained the history, culture, and even took us to a nearby tea factory for an authentic experience.\n   [2] Place: Lipton’s Seat\nRating: 4 stars\nTitle: Scenic drive through tea plantation and villages\nSource: Visitor Review\n\nIt is less touristy which we like most. Slow scenic drive through narrow streets, waving to villagers, activities on the tea plantation. When we reached Lipton seat, we enjoyed a cup of tea in a very local cafe."", 'RETRIEVAL NOTES:\n- Ranked by: Tea plantation visit\n- CONTRADICTION RULE: If Review Evidence contradicts the Knowledge Graph facts, you MUST treat the Knowledge Graph as the absolute ground truth.']","The best places for a tea plantation or tea factory visit in Sri Lanka are:

### Tea Plantation Visit

- **Handunugoda Tea Estate** — Located in the Galle District, this estate offers a tour that includes a walk around the plantation to see the variety of tea growing on-site, a visit to the production factory, and a tea tasting session. Visitors can learn about the ecological and ethical production methods and purchase teas, including Virgin White tea, in the boutique. You can reach this farm and factory using public transport, and the experience includes a local guide and a set ticket price.
- **Lipton’s Seat** — Situated in the Badulla District, this location features a drive through tea plantations with views of endless hills and mist. Visitors can engage in activities on the plantation and enjoy tea at a local cafe. The site is known for its scenic view and road access, though it is important to keep an eye on the weather condition.

### Tea Factory Visit

- **Handunugoda Tea Estate** — The tour includes a visit to the production factory to provide a detailed overview of the tea production process.
- **Pedro Tea Factory** — Located in the Nuwara Eliya District, this factory features a neatly laid-out garden and a tea center where knowledgeable staff provide information on the tea being sold. The tour includes a run-through of the production plant and tea samples. This visit includes a local guide, a scenic view, and a set ticket price.
- **Lipton’s Seat** — Guides can take visitors to a nearby tea factory to provide an authentic experience of the production process.",A good location for tea plantation visit is Handunugoda Tea Estate.
Q_FEA_11,Which places are noted for their cleanliness?,feature_query,feature_query,1.0,38.91,1.0,0.7562699952733323,0.9999999999,1.0,Which places are noted for their cleanliness?,"['Knowledge Graph Fact 1. Trincomalee Beach is a beach in Trincomalee District noted for Cleanliness, offering Swimming and Relaxing.\n   Supporting Evidence:\n   [1] Place: Trincomalee Beach\nRating: 5 stars\nTitle: The beach is excellent and exotic.\nSource: Visitor Review\n\nThe Trincomalee beach is one of the most beautiful and exotic I have ever seen. And I have traveled a lot in my life (35 countries, including Peru, India, Majorka and Ibiza...). Hotels need a lot to answer to this standard and, as everywhere in Sri Lanka tourist industry workers need a lot of work and education. Activities are quite good, e.g. dolphin watching (not a must) and exceptional, e.g. Pigeon Island snorkeling ( a must). We were not very lucky to see black rock sharks (not dangerous,\nKnowledge Graph Fact 2. Nilaveli Beach is a beach in Trincomalee District noted for Cleanliness, offering Swimming and Relaxing.\n   Supporting Evidence:\n   [1] Place: Nilaveli Beach\nRating: 4 stars\nTitle: Beautiful deserted beach\nSource: Visitor Review\n\nStunning beach with soft white Sam and clear blue sea. Beach has nobody on apart from a few tourists and local fishermen\nKnowledge Graph Fact 3. Bentota Beach is a beach in Galle District noted for Cleanliness, offering Swimming, Surfing, and Relaxing.\n   Supporting Evidence:\n   [1] Place: Bentota Beach\nRating: 5 stars\nTitle: Quiet and clean\nSource: Visitor Review\n\nBeautiful sandy, clean beach that is so big you feel you have it all to yourself. No one bothers you to try and sell you anything and there are lots if hotels along the length of it to pop in for something to eat.\nKnowledge Graph Fact 4. Casuarina Beach is a beach in Jaffna District noted for Cleanliness, offering Swimming.\n   Supporting Evidence:\n   [1] Place: Casuarina Beach\nRating: 4 stars\nTitle: Clear waters\nSource: Visitor Review\n\nBeautiful clear waters and clean beachNothing much else Shower and washing facilities need to be improved Overacted\nKnowledge Graph Fact 5. Marble Beach is a beach in Trincomalee District noted for Cleanliness, offering Swimming.\n   Supporting Evidence:\n   [1] Place: Marble Beach\nRating: 5 stars\nTitle: Well maintained public attraction\nSource: Visitor Review\n\nVisited this place thrice and could never get enough! First we selected this location as a chillout place. We later learnt that we can not only swim, but Snorkel! What a pleasant surprise!This place is run by the military and is well maintained. The service is professional and courteous. Standards of the food could improve a bit more. All in all, we fell in love with this place; over and over again!', 'Place: Mount Lavinia Beach\nRating: 3 stars\nTitle: Crowdy and Not So Clean\nSource: Visitor Review\n\nIts a good location to getaway but recently the cleanliness has been very poor. There are some good Restaurants around but their service is not so satsfactory', ""Place: Polhena Beach\nRating: 5 stars\nTitle: Free snorkeling with Turtles!\nSource: Visitor Review\n\nI have read a number of reviews about this place. I'm quite surprised by some of the comments. There are lots of locals here, which we haven't seen at Mirissa or Weligama, but that's a positive thing. They're really friendly and we got no sense that they didn't like Bikinis! There's shade at the top of the beach for those that want it and there's shops and restaurants close by. When we visited, the beach was clean. There's plenty of cheap accommodation nearby too but best of all, THERE'S"", ""Place: Ravana Ella FallsSomeone from this business manages the listing.\nRating: 2 stars\nTitle: Crowded and gross\nSource: Visitor Review\n\nHundreds of locals washing their bodies and clothes in the swimming pool. People brushing their teeth and washing their dirty undies next to swimmers. Not really a nice place to swim but it is nice to look at the falls. Police won't let you climb up higher to get to any of the other pools. It's pretty average to be honest"", 'Place: Uppuveli Beach\nRating: 2 stars\nTitle: Covered in trash\nSource: Visitor Review\n\nclosed. Staff in the ones that were open were very friendly, hence why I gave this a 2 instead of a 1. Would I recommend, no, unless you are staying at a private party of the beach or that there is a big clean up', 'Place: Turtle Conservation Project Turtle Watch\nRating: 3 stars\nTitle: Aah! Missed the Turtles!\nSource: Visitor Review\n\nnearby hotels taking some initiative and getting information from the Turtle Conservation Project Center over telephone as to the sightings. Because the person at the Center told us that this was not a very high season and there has been no sightings for the past 2 days! But of course we were given some interesting insights regarding the Turtles as to the many different varieties and their characteristics. A better time to visit is in December or later in the year! Also over the years the', 'RETRIEVAL NOTES:\n- Ranked by: Cleanliness\n- CONTRADICTION RULE: If Review Evidence contradicts the Knowledge Graph facts, you MUST treat the Knowledge Graph as the absolute ground truth.']","The places noted for their cleanliness are:

- **Trincomalee Beach** — Located in the Trincomalee District, this beach is noted for its cleanliness and offers opportunities for swimming and relaxing.

- **Nilaveli Beach** — Situated in the Trincomalee District, this location is noted for its cleanliness and provides a setting for swimming and relaxing.

- **Bentota Beach** — Located in the Galle District, this is a clean, sandy beach that offers space for swimming, surfing, and relaxing.

- **Casuarina Beach** — Found in the Jaffna District, this beach is noted for its cleanliness and offers swimming in clear waters.

- **Marble Beach** — This well-maintained public attraction in the Trincomalee District is noted for its cleanliness and offers swimming and snorkeling.

- **Polhena Beach** — This beach was observed to be clean during the time of visit and offers opportunities for snorkeling with turtles.","Places known for their cleanliness include Trincomalee Beach, Nilaveli Beach, Bentota Beach, and Casuarina Beach."
Q_FEA_12,What are the most family friendly destinations?,feature_query,feature_query,0.95,41.66,0.9777777777777776,0.6788620965193916,0.9999999999,1.0,What are the most family friendly destinations?,"[""Knowledge Graph Fact 1. Negombo Beach is a beach in Gampaha District featuring Family friendliness.\n   Supporting Evidence:\n   [1] Place: Negombo BeachUnclaimedIf you own this business, claim it for free now to update business info, respond to reviews, and more.Claim this listing\nRating: 5 stars\nTitle: Nice and quiet beach\nSource: Visitor Review\n\nfood and we even found a bar so had some beer and cocktails. I imagine it’s far from the beaches down South (we visit there next week) but if you’re in this area it’s well worth a visit. Unfortunately we were unable to see the sunset as it was cloudy but it looks like it would be spectacular on a clear evening!\nKnowledge Graph Fact 2. Sri Pada / Adam's Peak is a viewpoint and hiking location in Nuwara Eliya District for Sunrise watching, featuring Family friendliness.\n   Supporting Evidence:\n   [1] Place: Sri Pada / Adam's Peak\nCategory: Viewpoint / Hiking\nLocation: Nallathanniya, Nuwara Eliya District, Central Province, Sri Lanka\nSource: Wikipedia Article\n\nAdam's Peak is a 2,243-metre-tall (7,359-foot) conical sacred mountain located in central Sri Lanka. It is well known for the Sri Pada, a 1.8\xa0m rock formation resembling a footprint near the summit whose name is also used for the mountain itself. In Buddhist tradition the print is held to be the footprint of the Buddha, later in Sri Lankan Hindu tradition that of Hanuman or Shiva, and in some Islamic and Christian traditions that of Adam or St. Thomas the Apostle.\nKnowledge Graph Fact 3. Negombo Fish Market is a shopping and market location in Gampaha District featuring Family friendliness.\n   Supporting Evidence:\n   [1] Place: Negombo Fish MarketUnclaimedIf you own this business, claim it for free now to update business info, respond to reviews, and more.Claim this listing\nRating: 5 stars\nTitle: Lots of Fish!!\nSource: Visitor Review\n\nWorth a visit if you have a few minutes spare. There are lots of different kinds of Fish and it's amazing to see the lot. The locals are very friendly and very welcoming as well\nKnowledge Graph Fact 4. Diyatha Uyana is a garden and park in Colombo District for Relaxing and Shopping, featuring Family friendliness.\n   Supporting Evidence:\n   [1] Place: Diyatha Uyana\nRating: 4 stars\nTitle: Freely enjoy\nSource: Visitor Review\n\nThis place is very good for family outing in the evening time and spend your valuable time with your kids and family partners. Very nice place. you can relax and listen music (especially on Saturdays) and walk around the park. There are number of food stalls and other shopping places to buy some fruits, vegetables, flowers, and etc...\nKnowledge Graph Fact 5. Viharamahadevi Park is a garden and park in Colombo District for Relaxing, featuring Family friendliness.\n   Supporting Evidence:\n   [1] Place: Viharamahadevi Park\nRating: 4 stars\nTitle: Great place for briskwalk and family picnic\nSource: Visitor Review\n\nBeautiful park with part of it allocate for children playground (basic, not modern). I enjoy walking at the park in the evening as the view is stunning - especially looking at the town hall opposite of the park.\n   [2] Place: Viharamahadevi Park\nRating: 3 stars\nTitle: A family-friendly park brimming with activities for everyone to enjoy.\nSource: Visitor Review\n\nboasts lush greenery and a serene atmosphere, creating the perfect setting for relaxation while the children have their fun. This destination is impeccably maintained and provides a variety of activities, ensuring it's an essential stop for families seeking outdoor enjoyment and a chance to unwind. This park features a stunning massive golden Buddha statue that truly stands out."", 'Place: Passikudah Beach\nRating: 4 stars\nTitle: Beautiful sunset and calm beach\nSource: Visitor Review\n\nBecause the waves are calm and shallow water depth is suitable for children playing.Long sandy beach is good for a stroll.Accommodation varies from luxury resorts to cheap place , but the restaurant is not much.', 'Place: Gregory Lake\nRating: 5 stars\nTitle: Family vacation\nSource: Visitor Review\n\nThe lake is absolutely awesome Cleanly maintained lawn and gardenCan spend hours by boating at just walking The setting is sooo scenic that you hate to leave', ""Place: Richmond Castle\nRating: 4 stars\nTitle: Interesting tour, worth a short visit\nSource: Visitor Review\n\nBeautiful building which is worth visiting. Building is in need of renovation but is interesting to see anyway. Is now a home for young boys (not orphans but where the family can't pay for education). Tour guide took us around and explained the history and the family story which was good."", 'Place: Independence Memorial Hall\nRating: 4 stars\nTitle: Historic building with nearby park\nSource: Visitor Review\n\nWe visited in the evening and enjoyed the surrounding open spaces and the cool breezes. There were lots of families visiting with children enjoying the beautiful environment.', 'RETRIEVAL NOTES:\n- Ranked by: Family friendliness\n- CONTRADICTION RULE: If Review Evidence contradicts the Knowledge Graph facts, you MUST treat the Knowledge Graph as the absolute ground truth.']","The most family-friendly destinations in Sri Lanka are:

- **Negombo Beach** — A beach in the Gampaha District that offers a quiet atmosphere and is suitable for a visit with family.

- **Sri Pada / Adam's Peak** — A sacred mountain and hiking location in the Nuwara Eliya District known for its 1.8-meter rock formation resembling a footprint near the summit. It is a popular spot for sunrise watching, though its family friendliness is considered neutral.

- **Negombo Fish Market** — A shopping and market location in the Gampaha District where visitors can see a variety of fish and interact with welcoming locals. It is a family-friendly destination.

- **Diyatha Uyana** — A garden and park in the Colombo District ideal for evening outings, where families can relax, listen to music, walk around, and visit food stalls or shops. It is a family-friendly location perfect for relaxing and shopping.

- **Viharamahadevi Park** — A park in the Colombo District featuring a children's playground, a massive golden Buddha statue, and lush greenery suitable for picnics and relaxation. It is a family-friendly space well-suited for relaxing.

- **Passikudah Beach** — A long sandy beach with calm waves and shallow water depth, making it suitable for children to play.

- **Gregory Lake** — A location featuring a cleanly maintained lawn and garden where families can spend time boating or walking.

- **Richmond Castle** — A building that offers tours explaining its history and the family story of the estate.

- **Independence Memorial Hall** — A historic building in an area with open spaces that provides a beautiful environment for families to enjoy the evening and cool breezes.","Places known for their family friendliness include Negombo Beach, Sri Pada / Adam's Peak, Negombo Fish Market, and Diyatha Uyana."
Q_FEA_13,Which locations are known for their safety?,feature_query,feature_query,0.95,47.71,1.0,0.9737764859996764,0.9999999999,1.0,Which locations are known for their safety?,"[""Knowledge Graph Fact 1. Laxapana Falls is a waterfall in Nuwara Eliya District known for Safety, offering Waterfall visit.\n   Supporting Evidence:\n   [1] Place: Laxapana Falls\nRating: 5 stars\nTitle: The best of the falls.\nSource: Visitor Review\n\nneed it. Talk to the owner and he would open up on his first hand experience at seeing the aircraft tragedy in 1974- then the one with biggest loss of life. PLEASE BRING BACK EVERYTHING YOU TAKE. Bring it all the way home. Laxapana is still spared from plastic pollution .Let's keep it that way.\nKnowledge Graph Fact 2. Polhena Beach is a beach in Matara District known for Safety, offering Swimming, Relaxing, and Snorkelling.\n   Supporting Evidence:\n   [1] Place: Polhena Beach\nCategory: Beach\nLocation: Polhena, Matara District, Southern Province, Sri Lanka\nSource: Wikipedia Article\n\nDESTINATION: Polhena Beach\nTYPE: Beach\nLOCATION: Polhena, Matara District, Southern Province, Sri Lanka\nCOORDINATES: 5.9361875, 80.5256355\nADDRESS: Polhena Beach, Thotamuna, Polhena, Matara District, Southern Province, Sri Lanka\n\nPolhena Beach is a beach located in Matara District. It is a travel destination in Sri Lanka.\nAddress: Polhena Beach, Thotamuna, Polhena, Matara District, Southern Province, Sri Lanka\nKnowledge Graph Fact 3. Aberdeen Falls is a waterfall known for Safety, offering Waterfall visit, Swimming, and Hiking.\n   Supporting Evidence:\n   [1] Place: Aberdeen Falls\nRating: 4 stars\nTitle: A Sight to Behold\nSource: Visitor Review\n\nare leeches of various kinds. Bathing is too dangerous and don't try to get into the quicksand in the middle of the base pool.There is another route to the fall from NortonBridge too.\nKnowledge Graph Fact 4. Pasikudah Beach is a beach in Batticaloa District known for Safety, offering Swimming and Relaxing.\n   Supporting Evidence:\n   [1] Place: Pasikudah Beach\nRating: 5 stars\nTitle: Most Beautiful Beach\nSource: Visitor Review\n\none of the most beautiful beaches I've ever seen. Clean & Lovely... Lot of hotels nearby. Access is easy. Will visit again\nKnowledge Graph Fact 5. Marble Beach is a beach in Trincomalee District known for Safety, offering Swimming.\n   Supporting Evidence:\n   [1] Place: Marble Beach\nCategory: Beach\nLocation: Trincomalee, Trincomalee District, Eastern Province, Sri Lanka\nSource: Wikipedia Article\n\nDESTINATION: Marble Beach\nTYPE: Beach\nLOCATION: Trincomalee, Trincomalee District, Eastern Province, Sri Lanka\nCOORDINATES: 8.5122958, 81.21047\nADDRESS: Marble Beach, Trincomalee, Trincomalee District, Eastern Province, Sri Lanka\nSOURCE: https://en.wikipedia.org/w/index.php?search=Marble%20Beach%20Sri%20Lanka\n\nMarble Beach is a beach located in Trincomalee District. It is a travel destination in Sri Lanka.\nAddress: Marble Beach, Trincomalee, Trincomalee District, Eastern Province, Sri Lanka"", ""Place: Gal Vihara\nRating: 1 stars\nTitle: Discrimination at it's finest!\nSource: Visitor Review\n\nwas lost on us and we just wanted to head back. So my advise for all tourists, be prepared to be treated like money making machines and be prepared to be discriminated as you will see the locals walking around with no issues while the security guards have been instructed to check tickets of tourists on every entrance. Disgraceful!"", 'Place: Unawatuna Beach\nCategory: Beach\nLocation: Rumassala, Galle District, Southern Province, Sri Lanka\nSource: Wikipedia Article\n\nTourism\nUnawatuna is a popular tourist destination in Sri Lanka, known for its picturesque beach and vibrant atmosphere. The area offers a range of accommodations, from budget-friendly guesthouses to a newly built 5 star resort. The small town has grown considerably and boasts many new cafes and restaurants, tourist can enjoy water sports, nearby whale watching, snorkeling and surfing at Dewata beach, known for its perfect beach break and sand bottom for beginners. 6km away is Galle Fort, a UNESCO World Heritage Site.', 'Place: Trincomalee Beach\nRating: 5 stars\nTitle: The beach is excellent and exotic.\nSource: Visitor Review\n\nThe Trincomalee beach is one of the most beautiful and exotic I have ever seen. And I have traveled a lot in my life (35 countries, including Peru, India, Majorka and Ibiza...). Hotels need a lot to answer to this standard and, as everywhere in Sri Lanka tourist industry workers need a lot of work and education. Activities are quite good, e.g. dolphin watching (not a must) and exceptional, e.g. Pigeon Island snorkeling ( a must). We were not very lucky to see black rock sharks (not dangerous,', ""Place: Arugam Bay\nCategory: Beach\nLocation: Arugam Bay, Ampara District, Eastern Province, Sri Lanka\nSource: Wikipedia Article\n\nArugam Bay is a popular surfing location and is also the only international surf competition venue in Sri Lanka. It is also rated as one of the top ten surf destinations in the country, known as Ofek's main point. It has also hosted most of the international surfing competitions in Sri Lanka since 2004. It also hosted the So Sri Lanka Pro 2019."", 'Place: Ella Rock\nRating: 4 stars\nTitle: Nice view. Be careful of tourist fraud\nSource: Visitor Review\n\nElla Rock is nice hier with nice view.Be careful however about wrong guides!!When arriving at the trailhead. Some local, young man showed us a direction which was ""a much shorter one"". Several times he pointed us to the wrong direction and ""rescued"" us shortly after. He was very nice and told us about his family etc.When he started saying that the other way is more dangerous (Cobras and wasps), I remembered that I had seen a travel blog about this. They only want your money at the end, having', 'RETRIEVAL NOTES:\n- Ranked by: Safety\n- CONTRADICTION RULE: If Review Evidence contradicts the Knowledge Graph facts, you MUST treat the Knowledge Graph as the absolute ground truth.']","The locations known for their safety are:

- **Laxapana Falls** — A waterfall in the Nuwara Eliya District that offers opportunities for waterfall visits.
- **Polhena Beach** — A beach located in the Matara District that provides a setting for swimming, relaxing, and snorkelling.
- **Aberdeen Falls** — A waterfall destination that offers waterfall visits, swimming, and hiking.
- **Pasikudah Beach** — A beach in the Batticaloa District known for swimming and relaxing.
- **Marble Beach** — A beach located in the Trincomalee District that is suitable for swimming.","Places known for their safety include Laxapana Falls, Polhena Beach, Aberdeen Falls, and Pasikudah Beach."
Q_FEA_14,What are some tourist spots that offer great value for money?,feature_query,feature_query,0.95,47.19,1.0,0.7832866066220109,0.9999999999,1.0,What are some tourist spots that offer great value for money?,"[""Knowledge Graph Fact 1. Sri Pada / Adam's Peak is a Viewpoint and Hiking location in Nuwara Eliya District offering great value for money and Sunrise watching.\n   Supporting Evidence:\n   [1] Place: Sri Pada / Adam's Peak\nCategory: Viewpoint / Hiking\nLocation: Nallathanniya, Nuwara Eliya District, Central Province, Sri Lanka\nSource: Wikipedia Article\n\nAdam's Peak is a 2,243-metre-tall (7,359-foot) conical sacred mountain located in central Sri Lanka. It is well known for the Sri Pada, a 1.8\xa0m rock formation resembling a footprint near the summit whose name is also used for the mountain itself. In Buddhist tradition the print is held to be the footprint of the Buddha, later in Sri Lankan Hindu tradition that of Hanuman or Shiva, and in some Islamic and Christian traditions that of Adam or St. Thomas the Apostle.\nKnowledge Graph Fact 2. Negombo Beach is a Beach location in Gampaha District offering great value for money.\n   Supporting Evidence:\n   [1] Place: Negombo BeachUnclaimedIf you own this business, claim it for free now to update business info, respond to reviews, and more.Claim this listing\nRating: 5 stars\nTitle: Nice and quiet beach\nSource: Visitor Review\n\nfood and we even found a bar so had some beer and cocktails. I imagine it’s far from the beaches down South (we visit there next week) but if you’re in this area it’s well worth a visit. Unfortunately we were unable to see the sunset as it was cloudy but it looks like it would be spectacular on a clear evening!\nKnowledge Graph Fact 3. Negombo Fish Market is a Shopping and Market location in Gampaha District offering great value for money.\n   Supporting Evidence:\n   [1] Place: Negombo Fish MarketUnclaimedIf you own this business, claim it for free now to update business info, respond to reviews, and more.Claim this listing\nRating: 5 stars\nTitle: Lots of Fish!!\nSource: Visitor Review\n\nWorth a visit if you have a few minutes spare. There are lots of different kinds of Fish and it's amazing to see the lot. The locals are very friendly and very welcoming as well\nKnowledge Graph Fact 4. Handunugoda Tea Estate is a Farm and Factory location in Galle District offering great value for money, featuring Shopping, Tea plantation visit, and Tea tasting.\n   Supporting Evidence:\n   [1] Place: Handunugoda Tea Estate\nRating: 3 stars\nTitle: Free tour\nSource: Visitor Review\n\nWe visited today, the tour was very rushed, the guide knew his stuff but it was very basic. The tour of the factory was interesting with some very old machinery still in everyday use. The shop and tea tasting was very informative. Overall worth a visit but don’t expect too much.\nKnowledge Graph Fact 5. Maligawila Buddha Statue is a Religious Site in Monaragala District offering great value for money and Religious visit.\n   Supporting Evidence:\n   [1] Place: Maligawila Buddha Statue\nCategory: Religious Site\nLocation: Maligawila, Monaragala District, Uva Province, Sri Lanka\nSource: Wikipedia Article\n\nSee also\nSamadhi statue\nToluvila statue\n\n\nReferences\n\n\nBibliography\nvon Schroeder, Ulrich. (1990). Buddhist Sculptures of Sri Lanka. (752 p.; 1620 illustrations). Hong Kong: Visual Dharma Publications, Ltd. ISBN 962-7049-05-0\n\n\nExternal links\nNews article with photos of statue"", ""Place: Colombo Lotus Tower\nRating: 4 stars\nTitle: Fun\nSource: Visitor Review\n\nAppreciate foreign tourists extra cost but that's ok for us, not so for those with low wages or low income countries. Observation Deck has a good view over the city. Place cards on important sites but would be helpful if showed on a wider map to help spotting. Did the digital experience after which was fun and nice quick history too from Portuguese invasion onwards then more about colombo before doing interactive part. Worth it even though yiu can do something similar in most capitals and big"", ""Place: Hakgala Botanic Gardens\nRating: 1 stars\nTitle: Rip Off\nSource: Visitor Review\n\nFirst of all, Google Maps claims this attraction is permanently closed. It is not. However, It's definitely not worth going to in my opinion. It is incredibly expensive for foreigners. First, you have to pay a taxi or tuk tuk to take you there. (We paid 700LKR). Then, you have to pay 22 times the amount locals do. For every foreigner, the price is 1100LKR. Locals pay 50LKR. We didn't go in because we felt that this difference is beyond reasonable. I can't tell you if it was worth the price or"", 'Place: Nine Arches BridgeSomeone from this business manages the listing.\nRating: 5 stars\nTitle: Amazing\nSource: Visitor Review\n\nThe Nine Arches Bridge also known as Bridge in the sky is located between Ella and Demodara railway station. Train ride on this bridge is one of the breathtaking experience. This viaduct Bridge is constructed during British colonial era and still stand strongly. In Sinhala, its popularly known as ආරුක්කු නමයේ පාලම / දෙමෝදර පාලම. The surrounded greeneries and historical value has made it one of the top tourist attractions in Ella. There is small trek about 30 minutes to reach the Bridge. A must', ""Place: Dambulla Cave Temple\nRating: 5 stars\nTitle: Amazing\nSource: Visitor Review\n\nQuite cheaper compared to a few other places we visited only 2000 slrSteps up to entrance but take your time will be fineLong shorts or trousers and cover shoulder'sCaves Def worth a trip found it really interesting"", 'Place: Weherahena Buddhist Temple\nRating: 5 stars\nTitle: Really good tourist attractions\nSource: Visitor Review\n\nBeautiful temple. The guide was very knowledgeable and patient while we took photos. The big buddha is amazing!', 'RETRIEVAL NOTES:\n- Ranked by: Value for money, median_lkr\n- CONTRADICTION RULE: If Review Evidence contradicts the Knowledge Graph facts, you MUST treat the Knowledge Graph as the absolute ground truth.']","The tourist spots in Sri Lanka that offer great value for money are:

- **Sri Pada / Adam's Peak** — Located in the Nuwara Eliya District, this viewpoint and hiking destination is a great value for money spot where visitors can watch the sunrise.

- **Negombo Beach** — Found in the Gampaha District, this beach area is considered a good value for money destination that provides a quiet setting where visitors can find food, beer, and cocktails.

- **Negombo Fish Market** — Situated in the Gampaha District, this market is a value for money location that allows visitors to see a wide variety of fish and interact with friendly, welcoming locals.

- **Handunugoda Tea Estate** — Located in the Galle District, this farm and factory offers tea plantation visits, tea tasting, and shopping opportunities, all while providing good value for money.

- **Maligawila Buddha Statue** — Found in the Monaragala District, this religious site is a value for money destination for those interested in a religious visit.

- **Dambulla Cave Temple** — This site is noted for being cheaper compared to other attractions, offering an interesting experience that involves climbing steps to reach the cave entrance.","Places known for their value for money include Sri Pada / Adam's Peak, Negombo Beach, Negombo Fish Market, and Handunugoda Tea Estate."
Q_FEA_15,Which places are known for their peacefulness and quiet atmosphere?,feature_query,feature_query,0.98,32.34,1.0,0.7581827208914816,0.9999999999,1.0,Which places are known for their peacefulness and quiet atmosphere?,"[""Knowledge Graph Fact 1. Negombo Beach is a beach in Gampaha District known for Peacefulness.\nKnowledge Graph Fact 2. Sri Pada / Adam's Peak is a viewpoint and hiking location in Nuwara Eliya District known for Peacefulness and Sunrise watching.\n   Supporting Evidence:\n   [1] Place: Sri Pada / Adam's Peak\nCategory: Viewpoint / Hiking\nLocation: Nallathanniya, Nuwara Eliya District, Central Province, Sri Lanka\nSource: Wikipedia Article\n\nAdam's Peak is a 2,243-metre-tall (7,359-foot) conical sacred mountain located in central Sri Lanka. It is well known for the Sri Pada, a 1.8\xa0m rock formation resembling a footprint near the summit whose name is also used for the mountain itself. In Buddhist tradition the print is held to be the footprint of the Buddha, later in Sri Lankan Hindu tradition that of Hanuman or Shiva, and in some Islamic and Christian traditions that of Adam or St. Thomas the Apostle.\nKnowledge Graph Fact 3. Japanese Peace Pagoda - Rumassala is a religious site in Galle District known for Peacefulness and Sunset watching.\nKnowledge Graph Fact 4. Beddegana Wetland Park is a wetland and nature park in Colombo District known for Peacefulness, Relaxing, Photography, and Bird watching.\n   Supporting Evidence:\n   [1] Place: Beddegana Wetland Park\nRating: 4 stars\nTitle: Wetland Ecosystem in the Heart of the City\nSource: Visitor Review\n\nexperience, specially for the kids. Long walking paths shaded by tree shadows create an adventurous walking experience in nature. We came across few plastic bottles and polythene bags here and there on water bodies and hope management would take actions to keep the natural condition of the wetland for an unforeseeable future.\nKnowledge Graph Fact 5. Buduruwagala Temple is a religious site in Monaragala District known for Peacefulness and Temple visits.\n   Supporting Evidence:\n   [1] Place: Buduruwagala Temple\nCategory: Religious Site\nLocation: Nikapitiya, Monaragala District, Uva Province, Sri Lanka\nSource: Wikipedia Article\n\nDESTINATION: Buduruwagala Temple\nTYPE: Religious Site\nLOCATION: Nikapitiya, Monaragala District, Uva Province, Sri Lanka\nCOORDINATES: 6.6848766, 81.0793976\nADDRESS: Buduruwagala Rajamaha Viharaya, Buduruwagala Road, Nikapitiya, Monaragala District, Uva Province, Sri Lanka\nDESCRIPTION: Ancient Buddhist temple in Monaragala, Sri Lanka\nSOURCE: https://en.wikipedia.org/wiki/Buduruvagala\nKnowledge Graph Fact 6. Seema Malakaya Temple is a religious site in Gampaha District known for Peacefulness, Temple visits, Photography, and Meditation.\n   Supporting Evidence:\n   [1] Place: Seema Malakaya Temple\nRating: 5 stars\nTitle: Quiet spot in the heart of a bustling city to clear your mind\nSource: Visitor Review\n\nThis is an excellent place to come to if you want to get away from the hustle and bustle of the city around you. its right on the south Beria lake. please take care to be respectful of your surroundings as it is a Buddhist shrine as well as a little tranquil retreat.\nKnowledge Graph Fact 7. Kalametiya Eco Bird Watching is a wildlife and bird watching site known for Peacefulness, Photography, Bird watching, and Sunset watching.\n   Supporting Evidence:\n   [1] Place: Kalametiya Eco Bird Watching\nCategory: Wildlife / Bird Watching\nLocation: Sri Lanka\nSource: Wikipedia Article\n\nDESTINATION: Kalametiya Eco Bird Watching\nTYPE: Wildlife / Bird Watching\nLOCATION: Sri Lanka\nCOORDINATES: 6.0895, 80.9369\nSOURCE: https://en.wikipedia.org/w/index.php?search=Kalametiya%20Eco%20Bird%20Watching%20Sri%20Lanka\n\nKalametiya Eco Bird Watching is a wildlife / bird watching located in Sri Lanka. It is a travel destination in Sri Lanka.\nKnowledge Graph Fact 8. Pasikudah Beach is a beach in Batticaloa District known for Peacefulness, Swimming, and Relaxing."", 'RETRIEVAL NOTES:\n- Ranked by: Peacefulness, Crowdedness\n- CONTRADICTION RULE: If Review Evidence contradicts the Knowledge Graph facts, you MUST treat the Knowledge Graph as the absolute ground truth.']","The places in Sri Lanka known for their peacefulness and quiet atmosphere are:

- **Negombo Beach** — a beach located in the Gampaha District known for its peacefulness.

- **Sri Pada / Adam's Peak** — a viewpoint and hiking location in the Nuwara Eliya District that offers a peaceful atmosphere and opportunities for sunrise watching.

- **Japanese Peace Pagoda - Rumassala** — a religious site in the Galle District known for its peacefulness, where visitors can also enjoy sunset watching.

- **Beddegana Wetland Park** — a wetland and nature park in the Colombo District that provides a peaceful space for relaxing, photography, and bird watching along long walking paths.

- **Buduruwagala Temple** — an ancient Buddhist religious site located in the Monaragala District known for its peacefulness, perfect for a temple visit.

- **Seema Malakaya Temple** — a religious site in the Gampaha District that serves as a peaceful retreat for meditation, photography, and temple visits.

- **Kalametiya Eco Bird Watching** — a wildlife site known for its peacefulness that offers opportunities for photography, bird watching, and sunset watching.

- **Pasikudah Beach** — a beach in the Batticaloa District known for its peacefulness and suitability for swimming and relaxing.","Places known for their peacefulness include Negombo Beach, Sri Pada / Adam's Peak, Japanese Peace Pagoda - Rumassala, and Beddegana Wetland Park."
Q_CON_01,Where are the best places for hiking in Nuwara Eliya District?,constraint_query,activity_query,0.98,58.89,1.0,0.9277688016678406,0.5833333333041666,1.0,Where are the best places for hiking in Nuwara Eliya District?,"['Knowledge Graph Fact 1. Baker\'s Falls is located in Nuwara Eliya District for Waterfall visit, Hiking, Photography, and Trekking, featuring Waterfall, Trail, Scenic view, Stairs, and Weather condition, with facilities including Steps or stairs.\n   Supporting Evidence:\n   [1] Place: Baker\'s Falls\nCategory: Waterfall\nLocation: Nuwara Eliya District, Central Province, Sri Lanka\nSource: Wikipedia Article\n\nBaker’s Falls is accessible all year round, although visitors should be prepared for frequent rainfall. While swimming in the plunge pool is discouraged due to its depth and strong currents, the site remains a popular destination for families and adventure seekers alike. The trail offers a moderately challenging trek which may be difficult for younger visitors or those with limited mobility. Guided tours are available, offering valuable insights into the unique flora, fauna and geology of Horton Plains. The best time to visit is between January and April, when the round-trip hike typically\nKnowledge Graph Fact 2. Horton Plains National Park is located in Nuwara Eliya District for Waterfall visit, Hiking, and Trekking, featuring Waterfall, Trail, Scenic view, Weather condition, Wildlife, Ticket price, Cleanliness, Mountain, Crowdedness, Value for money, Entrance fee, and Birds, with facilities including Entrance fee and Ticket or receipt.\n   Supporting Evidence:\n   [1] Place: Horton Plains National Park\nCategory: National Park / Wildlife Reserve\nLocation: Nuwara Eliya, Nuwara Eliya District, Central Province, Sri Lanka\nSource: Wikipedia Article\n\nHistory\nThe original name of the area was Maha Eliya Thenna (මහ එළිය තැන්න - ""great open plain""). But in the British period\n   [2] Place: Horton Plains National Park\nRating: 5 stars\nTitle: A walk to remember\nSource: Visitor Review\n\nThis place is absolute genius. A place you feel scenery, temperature, landscape change throughout the trail. It\'s an exceptional experience being here. A place you must visit if you are in nuwara Eliya. The tickets are on the steeper side to go in. We paid about 7.8k Sri Lankan to enter the park. But once you enter it\'s nature at its best. It takes about 4 hours at a good pace. Recommend that you start as early as possible We started the walk at 630 am.\nKnowledge Graph Fact 3. Lover\'s Leap Falls is located in Nuwara Eliya District for Waterfall visit and Hiking, featuring Waterfall, Road access, Trail, Scenic view, Weather condition, Mountain, Public transport access, and Tea plantation, with facilities including Tuk tuk service.\n   Supporting Evidence:\n   [1] Place: Lover\'s Leap Falls\nRating: 5 stars\nTitle: A hidden gem in NuwaraEliya\nSource: Visitor Review\n\nLover\'s Leap Waterfall is a hidden gem in Nuwara Eliya that offers a rewarding experience for nature lovers. I recently visited with a friend and enjoyed a refreshing 30-minute walk through the village, guided by Google Maps. The hike to the waterfall can be a bit challenging, with slippery paths, so it\'s essential to wear appropriate clothing and trekking shoes. There\'s no entry fee, making it an affordable adventure. Once you reach the waterfall, you\'ll be rewarded with breathtaking views of', ""Place: Single Tree Hill\nRating: 5 stars\nTitle: Spectacular Scenic Views of Nuwara Eliya from the Single Tree Hill\nSource: Visitor Review\n\nSingle Tree Hill is a must visit if you are holidaying in Nuwara Eliya It's a 30 mins drive through the Tea Estate to the top of the Mountain from the Welimada Road turn on Single Tree Road on 4 Wheel Drive right to the top and if a Two Wheel Drive then you have to park the Vehicle 1000m before the Top of the Hill and if it's walking to the top from the Welimada Road turn off then it would take approx 90minutes as advised by the locals in the Area We went on our Vehicle upto 500m before reaching"", 'Place: Single Tree Hill\nCategory: Viewpoint / Hiking\nLocation: Nuwara Eliya, Nuwara Eliya District, Central Province, Sri Lanka\nSource: Wikipedia Article\n\nSingle Tree Hill is a viewpoint / hiking located in Nuwara Eliya District. It is a travel destination in Sri Lanka.\nAddress: Single Tree Hill, Single Tree Road, Haddon Hill, Nuwara Eliya, Nuwara Eliya District, Central Province, 22200, Sri Lanka', 'Place: Moon Plains\nCategory: Viewpoint / Hiking\nLocation: Nuwara Eliya, Nuwara Eliya District, Central Province, Sri Lanka\nSource: Wikipedia Article\n\nDESTINATION: Moon Plains\nTYPE: Viewpoint / Hiking\nLOCATION: Nuwara Eliya, Nuwara Eliya District, Central Province, Sri Lanka\nCOORDINATES: 6.9504901, 80.8067974\nADDRESS: Moon Plains, Sandatenna, Nuwara Eliya, Nuwara Eliya District, Central Province, Sri Lanka\nSOURCE: https://en.wikipedia.org/w/index.php?search=Moon%20Plains%20Sri%20Lanka\n\nMoon Plains is a viewpoint / hiking located in Nuwara Eliya District. It is a travel destination in Sri Lanka.\nAddress: Moon Plains, Sandatenna, Nuwara Eliya, Nuwara Eliya District, Central Province, Sri Lanka', ""Place: Gregory Lake\nRating: 5 stars\nTitle: Great place to spend Nuwara Eliya evenings! Beware of boat operators!\nSource: Visitor Review\n\nremember as 15).Close to the car park there is a large Merry-go-round that would be suitable for those with kids. There are horses also for riding. Beware of operators and you ask many of them regarding price and select one.We went on a rainy day, but enjoyed as much as possible. Previously we had a great time on non-rainy evenings.Don't miss this place when you are in Nuwara Eliya. You can just walk along the pavement enjoying the fresh air from the mountains!"", 'RETRIEVAL NOTES:\n- Ranked by: Hiking, positive sentiment\n- CONTRADICTION RULE: If Review Evidence contradicts the Knowledge Graph facts, you MUST treat the Knowledge Graph as the absolute ground truth.']","The best places for hiking and trekking in the Nuwara Eliya District are:

- **Baker's Falls** — This site features a waterfall and a trail. While it is a popular spot for photography, visitors should be aware that the area includes stairs, and weather conditions can sometimes be a factor. Guided tours are available to provide insights into the geology, flora, and fauna of the area. The best time to visit is between January and April.

- **Horton Plains National Park** — This location offers a trail for hiking and trekking that takes approximately 4 hours at a good pace. Visitors can experience changing landscapes and scenic views throughout the trail, as well as opportunities to see wildlife and birds. It is recommended to start the walk as early as possible, such as at 6:30 am. Please note that visitors may encounter weather conditions, crowdedness, and concerns regarding cleanliness.

- **Lover's Leap Falls** — This destination provides a 30-minute walk through a village to reach the waterfall, which is surrounded by tea plantations and offers scenic views. You can take a tuk tuk to assist with access. The hike can be challenging with slippery paths, so appropriate clothing and trekking shoes are essential. There is no entry fee for this location.

- **Single Tree Hill** — This mountain serves as a hiking destination. Walking to the top from the Welimada Road turn-off takes approximately 90 minutes.

- **Moon Plains** — This location is categorized as a hiking and viewpoint destination within the district.",The best places for hiking in Nuwara Eliya District include Horton Plains National Park and Single Tree Hill.
Q_CON_02,"I'm traveling with my family, what are some family-friendly beaches in Matara?",constraint_query,constraint_query,0.98,45.27,0.8888888888888888,0.8987088488694713,0.9999999999,1.0,"I'm traveling with my family, what are some family-friendly beaches in Matara?","[""Knowledge Graph Fact 1. Polhena Beach is a beach in Matara District known for Family friendliness.\n   Supporting Evidence:\n   [1] Place: Polhena Beach\nRating: 5 stars\nTitle: Nice\nSource: Visitor Review\n\nVery nice beach in Matara. Its good to chill. If you are lucky you can see the sea turtles. Weekends may crowd with locals.\nKnowledge Graph Fact 2. Hiriketiya Beach is a beach in Matara District known for Family friendliness.\n   Supporting Evidence:\n   [1] Place: Hiriketiya Beach\nCategory: Beach\nLocation: Dikwella, Matara District, Southern Province, Sri Lanka\nSource: Wikipedia Article\n\nDESTINATION: Hiriketiya Beach\nTYPE: Beach\nLOCATION: Dikwella, Matara District, Southern Province, Sri Lanka\nCOORDINATES: 5.9627833, 80.707008\nADDRESS: Beach House, Hiriketiya, Dikwella, Matara District, Southern Province, 81200, Sri Lanka\nSOURCE: https://en.wikipedia.org/w/index.php?search=Hiriketiya%20Beach%20Sri%20Lanka\n\nHiriketiya Beach is a beach located in Matara District. It is a travel destination in Sri Lanka.\nAddress: Beach House, Hiriketiya, Dikwella, Matara District, Southern Province, 81200, Sri Lanka\nKnowledge Graph Fact 3. Mirissa Beach is a beach in Matara District known for Family friendliness.\n   Supporting Evidence:\n   [1] Place: Mirissa Beach\nRating: 4 stars\nTitle: surfer's paradise\nSource: Visitor Review\n\nIt is a very nice town. A lot of different beaches around Mirissa. I have been to Unawatuna, Weligama, Dalawela and Polenha.I didn't like Polenha since it was extremely crowded.but the beach was very clam. Weligama was nice and wavey.I had spent some time next to W beach resort. Unawatuna and Dalawela are the best beach so far for me in Sri Lanka. Especially the little lagoon we have found in front of Janaka house/ Dalawela was amazing.\n   [2] Place: Mirissa Beach\nRating: 5 stars\nTitle: My favorite beach in Sri Lanka\nSource: Visitor Review\n\nNot too crowded - not too secluded - just perfect. The ocean is wonderful with strong waves, but still also possible to enjoy for smaller children.\nKnowledge Graph Fact 4. Weligama Beach is a beach in Matara District known for Family friendliness."", 'RETRIEVAL NOTES:\n- Ranked by: Family friendliness, Safety\n- CONTRADICTION RULE: If Review Evidence contradicts the Knowledge Graph facts, you MUST treat the Knowledge Graph as the absolute ground truth.']","The family-friendly beaches in the Matara District include Polhena Beach, Hiriketiya Beach, Mirissa Beach, and Weligama Beach.

- **Polhena Beach** — This beach is a place to chill where visitors may see sea turtles. It can become crowded with locals on weekends.
- **Hiriketiya Beach** — Located in Dikwella, this is a travel destination within the Matara District.
- **Mirissa Beach** — This beach offers an ocean with strong waves that are still possible for smaller children to enjoy. It is described as not too crowded and not too secluded.
- **Weligama Beach** — This beach is known for its waves and is a suitable destination for families.",Family-friendly beaches in Matara include Polhena Beach and Hiriketiya Beach.
Q_CON_03,Are there any places for bird watching in the Ampara District?,constraint_query,activity_query,1.0,48.96,0.75,0.9397597981860595,0.9999999999,1.0,Are there any places for bird watching in the Ampara District?,"['Knowledge Graph Fact 1. Kumana National Park is located in Ampara District for Bird watching, Safari, and Camping, featuring Road access, Scenic view, Peacefulness, Wildlife, Ticket price, Crowdedness, Local guide, Birds, Elephants, Forest, and Leopards, with facilities including Entrance fee.\n   Supporting Evidence:\n   [1] Place: Kumana National Park\nCategory: National Park / Wildlife Reserve\nLocation: Ampara District, Eastern Province, Sri Lanka\nSource: Wikipedia Article\n\nDESTINATION: Kumana National Park\nTYPE: National Park / Wildlife Reserve\nLOCATION: Ampara District, Eastern Province, Sri Lanka\nCOORDINATES: 6.6186785, 81.6649958\nADDRESS: Kumana National Park, Ampara District, Eastern Province, Sri Lanka\n\nKumana National Park is a national park / wildlife reserve located in Ampara District. It is a travel destination in Sri Lanka.\nAddress: Kumana National Park, Ampara District, Eastern Province, Sri Lanka', 'Place: Kalametiya Eco Bird Watching\nCategory: Wildlife / Bird Watching\nLocation: Sri Lanka\nSource: Wikipedia Article\n\nDESTINATION: Kalametiya Eco Bird Watching\nTYPE: Wildlife / Bird Watching\nLOCATION: Sri Lanka\nCOORDINATES: 6.0895, 80.9369\nSOURCE: https://en.wikipedia.org/w/index.php?search=Kalametiya%20Eco%20Bird%20Watching%20Sri%20Lanka\n\nKalametiya Eco Bird Watching is a wildlife / bird watching located in Sri Lanka. It is a travel destination in Sri Lanka.', 'Place: Kalametiya Eco Bird Watching\nRating: 5 stars\nTitle: What a great place for bird watching\nSource: Visitor Review\n\nhis book to illustrate/document what he shares. Please just keep it like this, simple & beautiful, do not change anything, do not turn it into a mass tourism spot.For furthermore info, please contact Buddhi on mobile +94 71 355 79 25Thanks', 'Place: Pasikudah Beach\nCategory: Beach\nLocation: Pasikudah, Batticaloa District, Eastern Province, Sri Lanka\nSource: Wikipedia Article\n\nGallery\n\n\nSee also\nKalkudah\nArugam Bay – Ampara District\nNilaveli – Trincomalee District\n\n\nReferences', 'Place: Sinharaja Forest Reserve\nRating: 5 stars\nTitle: Birdwatching in the Sinharaja Rainforest\nSource: Visitor Review\n\nA group of us (eight birdwatchers), plus a couple birding guides (and also a local guide for inside the reserve), spent 2 1/2 days birding in the Sinharaja Rainforest Reserve and along various roads in the near vicinity. The reserve entry fees were taken care of by our birding tour leaders so there was no hassle in this regards. The diversity of birds in this area as well as the number of endemics is phenomenal. It was a long drive over rough roads to get to the reserve proper but was well worth', 'RETRIEVAL NOTES:\n- Ranked by: Bird watching\n- CONTRADICTION RULE: If Review Evidence contradicts the Knowledge Graph facts, you MUST treat the Knowledge Graph as the absolute ground truth.']","The best place for bird watching in the Ampara District is Kumana National Park.

- **Kumana National Park** — Located in the Ampara District, this wildlife reserve offers opportunities for bird watching, safari, and camping. The park is home to wildlife, including birds, elephants, and leopards, set within a forest environment that provides scenic views and peacefulness. Visitors can access the park by road, utilize the services of local guides, and pay an entrance fee to enter. While the park is a popular destination, some visitors have noted issues with crowdedness.",A good place for bird watching in the Ampara District is Kumana National Park.
Q_CON_04,What are the top attractions for swimming in the Galle District?,constraint_query,activity_query,0.98,44.06,0.9,1.0,0.9999999999,1.0,What are the top attractions for swimming in the Galle District?,"['Knowledge Graph Fact 1. Bentota Beach is located in Galle District for Swimming, Surfing, Relaxing, and Sunset watching, featuring Scenic view, Peacefulness, Family friendliness, Cleanliness, Beach, Waves, Accommodation, Sea, Sandy beach, and Sunset view, with facilities including Accommodation and Restaurant.\n   Supporting Evidence:\n   [1] Place: Bentota Beach\nRating: 5 stars\nTitle: Beautiful Beach\nSource: Visitor Review\n\nOne of the best beaches with soft fine sand,clean and not crowded except on weekends has all water sports facilities.\nKnowledge Graph Fact 2. Hikkaduwa Beach is located in Galle District for Swimming, Surfing, Relaxing, and Snorkelling, featuring Cleanliness, Beach, Waves, Food quality, Restaurants, Accommodation, Sea, Sandy beach, Turtles, and Coral reef, with facilities including Accommodation and Restaurant.\n   Supporting Evidence:\n   [1] Place: Hikkaduwa Beach\nRating: 4 stars\nTitle: Head further South\nSource: Visitor Review\n\nFantastic beach but the further South you go then the bigger and better it gets - the main part in the town is very small and crowded - 3 minutes in a Tuk Tuk towards Galle and you can be in a paradise.Great sand though.\nKnowledge Graph Fact 3. Unawatuna Beach is located in Galle District for Swimming and Relaxing, featuring Safety, Peacefulness, Family friendliness, Ticket price, Cleanliness, Value for money, Beach, Waves, Food quality, Restaurants, Accommodation, Sea, Sandy beach, and Cafes, with facilities including Accommodation, Restaurant, and Cafe.\n   Supporting Evidence:\n   [1] Place: Unawatuna Beach\nRating: 5 stars\nTitle: Unawatuna Beach\nSource: Visitor Review\n\nHi, Its golden white sand with blue water paradise of located Galle . Safety sea bath with fully relaxing please with great sea food tasting . Also lots of activities area there spend time mean fully .Thanks .', 'Place: Galle Fort Lighthouse\nRating: 5 stars\nTitle: Great views\nSource: Visitor Review\n\nGreat views of the light house and lovely area for a swim A little bit steep and rocky to walk around but its a must while in galle', 'Place: Mirissa Beach\nRating: 4 stars\nTitle: Best beach\nSource: Visitor Review\n\nOne of the best beaches in srilanka. It’s clean and has many restaurants to choose from. The crowd is also great.', 'Place: Jungle Beach\nRating: 5 stars\nTitle: Amazing Beach\nSource: Visitor Review\n\nEasy to get to beach by tuk tuk not too touristy and really good to take a relaxed swim in. Nice little Spot and much cleaner then the other beaches around galle.', 'Place: Galle Face Hotel\nCategory: Hotel\nLocation: Colombo, Colombo District, Western Province, Sri Lanka\nSource: Wikipedia Article\n\nand Tourism (of Sri Lanka), held in June 2010, June 2011 and September 2012. In addition it won the first-ever PATA award for Best International Heritage Hotel, in 2012. In September 2012, it became the first hotel in Sri Lanka to be featured on a postage stamp, along with three other iconic buildings in Colombo. In 2024 the hotel, under the leadership of Rohan Fernandopulle, won Best Hotel in ‘Rest of Asia’ at Condé Nast Traveller Reader’s Choice Awards, and three accolades at the Sri Lanka Tourism Awards: Best Heritage Hotel, Best Chef of the Year – Chef Rukmal Samarasekera, and Best', 'Place: Galle Face Green\nRating: 4 stars\nTitle: Good place for an evening stroll in the sea breeze.\nSource: Visitor Review\n\nCame here to watch the sunset and enjoy the cool evening breeze. The street food there is very good and we had some very good barbecued chicken kottu roti, beef fried rice, and cuttlefish curry. There are benches all along the sea face where you can sit and stare at the water.', 'RETRIEVAL NOTES:\n- Ranked by: Swimming, positive sentiment\n- CONTRADICTION RULE: If Review Evidence contradicts the Knowledge Graph facts, you MUST treat the Knowledge Graph as the absolute ground truth.']","The top attractions for swimming in the Galle District are:

- **Bentota Beach** — A beach featuring a sandy beach and sea that is noted for its cleanliness. It is a popular spot for swimming, surfing, relaxing, and sunset watching, and it offers a scenic view, peacefulness, and family friendliness.
- **Hikkaduwa Beach** — A beach known for its sandy beach, sea, and waves, as well as its proximity to a coral reef and turtles. It is a great location for swimming, surfing, relaxing, and snorkelling, with plenty of restaurants nearby.
- **Unawatuna Beach** — A location that provides a safe sea bath and relaxing environment, featuring a sandy beach and sea. It is well-regarded for its family friendliness, peacefulness, and cleanliness, and it offers a wide variety of restaurants and cafes.
- **Galle Fort Lighthouse** — An area that offers views of the lighthouse and a spot for a swim, though the terrain is steep and rocky.
- **Jungle Beach** — A spot that is not too touristy and is described as cleaner than other beaches around Galle, making it suitable for a relaxed swim.",Top attractions for swimming in the Galle District include Unawatuna Beach and Hikkaduwa Beach.
Q_CON_05,Where can I go for a safari in the Polonnaruwa District?,constraint_query,activity_query,0.98,44.42,0.9565217391304348,0.9378646078895448,0.9999999999,1.0,Where can I go for a safari in the Polonnaruwa District?,"[""Knowledge Graph Fact 1. Gal Oya National Park is located in Polonnaruwa District for Swimming, Safari, Boat safari, Boat ride, Elephant watching, Camping, and Jeep safari, featuring Road access, Scenic view, Peacefulness, Wildlife, Local guide, Birds, Lake, Elephants, Boat service, and Forest, with facilities including Boat service and Jeep service.\n   Supporting Evidence:\n   [1] Place: Gal Oya National Park\nRating: 5 stars\nTitle: Boat safari on Gal Oya\nSource: Visitor Review\n\nrecommend you contact my guide for the day: sidabode.hibernation@gmail.com\nKnowledge Graph Fact 2. Kaudulla National Park is located in Polonnaruwa District for Safari, Elephant watching, and Jeep safari, featuring Road access, Wildlife, Ticket price, Crowdedness, Local guide, Birds, Lake, and Elephants.\n   Supporting Evidence:\n   [1] Place: Kaudulla National Park\nCategory: National Park / Wildlife Reserve\nLocation: Galoya, Polonnaruwa District, North Central Province, Sri Lanka\nSource: Wikipedia Article\n\nDESTINATION: Kaudulla National Park\nTYPE: National Park / Wildlife Reserve\nLOCATION: Galoya, Polonnaruwa District, North Central Province, Sri Lanka\nCOORDINATES: 8.1758109, 80.9145547\nADDRESS: Kaudulla National Park, Galoya, Polonnaruwa District, North Central Province, Sri Lanka\nDESCRIPTION: National park in Sri Lanka\nSOURCE: https://en.wikipedia.org/wiki/Kaudulla_National_Park\nKnowledge Graph Fact 3. Minneriya National Park is located in Polonnaruwa District for Safari, Elephant watching, and Jeep safari, featuring Scenic view, Family friendliness, Wildlife, Ticket price, Crowdedness, Local guide, Birds, Lake, and Elephants.\n   Supporting Evidence:\n   [1] Place: Minneriya National Park\nRating: 5 stars\nTitle: Elephant plus few other animals\nSource: Visitor Review\n\nyou can find a safari vehicle if you can go there by 2.30 PM in the evening (I don't know about morning time)\nKnowledge Graph Fact 4. Wasgamuwa National Park is located in Polonnaruwa District for Safari, Elephant watching, and Jeep safari, featuring Road access, River, Scenic view, Peacefulness, Wildlife, Ticket price, Crowdedness, Local guide, Food quality, Birds, Elephants, Forest, and Leopards.\n   Supporting Evidence:\n   [1] Place: Wasgamuwa National Park\nRating: 5 stars\nTitle: Wasgamuwa, a must.......\nSource: Visitor Review\n\nEven you could go camping as it is facilitated through Wild Life. Two out of the three bungalows as well as the camping site is closer to Mahaweli river. There are accommodation outside the Park as well and you could easily get a safari jeep. The roads in the Park are not that bad and you can use a jeep with two wheel drive. You could see animals closer to the nature than some of the other Parks as Wasgamuwa is not that crowded by visitors probably due to the distance from Colombo. It was great"", 'Place: Udawalawe National Park\nRating: 5 stars\nTitle: Nice Safari in Udawalawe :)\nSource: Visitor Review\n\nWe had a safari with Lahiru yesterday. The communication in advance went very well, I contacted him via WhatsApp. His number is +94 76 272 6799. You are welcome to contact him there. He has also arranged accommodation called Dew Safari Cottage. We can recommend them 100%. Lahiru does his job very well, we really saw a lot of animals and he was able to answer all of our questions and is a good bird expert. The safari lasted about 4.5 hours and we would recommend a tour with him to everyone!', 'Place: Ancient City of Polonnaruwa\nCategory: Heritage Site\nLocation: Sri Lanka\nSource: Wikipedia Article\n\nPoḷonnaruwa, (Sinhala: පොළොන්නරුව, romanized: Poḷonnaruva; Tamil: பொலன்னறுவை, romanized: Polaṉṉaṟuvai) also referred as Pulathisipura and Vijayarajapura in ancient times, is the main town of Polonnaruwa District in North Central Province, Sri Lanka. The modern town of Polonnaruwa is also known as New Town, and the other part of Polonnaruwa remains as the royal ancient city of the Kingdom of Polonnaruwa.', 'Place: Wilpattu National Park\nRating: 2 stars\nTitle: Wilpattu park\nSource: Visitor Review\n\nA 5hour (half day) jumpy bumpy safari. Before the start of the safari my driver has said seeing animals on safari is about luck. Well luck was not with me on my visit to Wilpattu park. Thats not 100% true... I did see deer, one water buffalo, mongoose, birds and lots of butterflies. The ride itself was not an enjoyable experience and after three hours in the heat bouncing around the back of a jeep I had had enough. I wouldn’t personally recommend doing a safari', ""Place: Madu River Safari by Buddhi\nRating: 3 stars\nTitle: Don't go in the middle of the day\nSource: Visitor Review\n\nhis company's poster (a bridge, Snake Island and another island)- perhaps he only wanted to work his 1 hour and a half and not a minute more. Go if you'd like to have these kinds of different experiences - it's yet another tourist attraction to see if you happen to be in the area."", 'Place: Ancient City of Polonnaruwa\nRating: 4 stars\nTitle: Archeological and natural site\nSource: Visitor Review\n\nPolonnaruwa is in the meantime an archeological and a natural site. Do not expect ruins like you will have around the Mediterranean Sea or in Central America, but the monuments are suggestive, especially in the holy area. All along the visit, you will encounter bonnet macaques, which are very funny. At the entrance, you can rent some bicycles to enjoy the visit at a pleasant rhythm.', 'RETRIEVAL NOTES:\n- Ranked by: Safari\n- CONTRADICTION RULE: If Review Evidence contradicts the Knowledge Graph facts, you MUST treat the Knowledge Graph as the absolute ground truth.']","The best places for a safari in the Polonnaruwa District are:

- **Gal Oya National Park** — This park offers a variety of activities including swimming, boat safaris, boat rides, elephant watching, camping, and jeep safaris. Visitors can enjoy the peacefulness and scenic views while exploring the forest and lake, often spotting birds and elephants. The park provides boat services, jeep services, and local guides to assist with your visit.

- **Kaudulla National Park** — Known for its high concentration of elephants, this park provides safari, elephant watching, and jeep safari experiences. While it features wildlife, birds, and a lake, visitors should be aware that it can be crowded. Local guides are available to help navigate the area.

- **Minneriya National Park** — This park is a popular spot for safari, elephant watching, and jeep safari activities. It is known for its scenic views, family friendliness, and large numbers of elephants. You will find local guides available, and it is recommended that you arrive by 2:30 PM to secure your safari vehicle, though be mindful that the park can experience crowdedness.

- **Wasgamuwa National Park** — Offering safari, elephant watching, and jeep safari experiences, this park is home to elephants, leopards, and a variety of birds. It features a river, scenic views, and a sense of peacefulness within the forest. While it is noted for being less crowded by visitors, it also offers local guides and food options. Camping is facilitated through Wildlife, and the park is accessible by road.","You can go for a safari in the Polonnaruwa District at Kaudulla National Park, Gal Oya National Park, or Wasgamuwa National Park."
Q_TIM_01,When is the best time of day to visit Sri Pada / Adam's Peak?,timing_query,timing_query,1.0,47.59,1.0,0.831527936217087,0.8041666666465626,1.0,When is the best time of day to visit Sri Pada / Adam's Peak?,"[""Place: Sri Pada / Adam's PeakUnclaimedIf you own this business, claim it for free now to update business info, respond to reviews, and more.Claim this listing\nRating: 4 stars\nTitle: An intense hike, for stunning views\nSource: Visitor Review\n\nAdam's Peak offers stunning views of the region: from water reservoirs, to deep valleys and rolling mountains to breath-taking waterfalls. The main attraction are the sunrise, and Buddha's footprint at the Temple (currently closed since the pandemic).This place normally has thousands of climbers each day but given the current situation and that peak season begins mid-Dec, we were only about 10-15 climbers. We started at 2.30am and depending on your speed, it can take anywhere from 2.5 to 4"", ""Place: Little Adam's Peak View Point\nRating: 4 stars\nTitle: Good alternative for Adam's Peak\nSource: Visitor Review\n\nWe had no time to visit Adam's Paek at the best time, so we choose to visit Little Adam's Paek which was nice. You can easely take a tuktuk to cover the first part of the track."", ""Place: Little Adam's Peak View Point\nRating: 5 stars\nTitle: Sunrise at Little Adam's Peak - sensational!\nSource: Visitor Review\n\nOur driver took us for a walk up Little Adam's Peak to watch the sun rise from the top. Totally worth getting up early - it was a memorable walk to the top (around 30 minutes) and the views were breathtaking. A great way to start the day!"", ""Place: Little Adam's Peak View Point\nRating: 5 stars\nTitle: Breathtaking Views and Easy Hike!\nSource: Visitor Review\n\nmorning hike to catch the sunrise or the late afternoon for sunset. Make sure to bring a camera to capture the beauty of this place! Whether you're an avid hiker or just looking for a leisurely stroll with stunning views, Little Adam's Peak is a must-visit destination in Ella, Sri Lanka. Highly recommended!"", ""Place: Little Adam's Peak View Point\nRating: 5 stars\nTitle: Very peasant hike early in the morning\nSource: Visitor Review\n\nI liked the hike very much, the earlier you start the better - even if it still dark. Air is fresh, teperature very pleasant and you can walk while listening to the birds singing before sunrise. The hike takes about an hour.\n\nGRAPH FACTS (Neo4j Knowledge Graph):\nNo graph results returned."", 'RETRIEVAL NOTES:\n- Ranked by: time_of_day, confidence\n- CONTRADICTION RULE: If Review Evidence contradicts the Knowledge Graph facts, you MUST treat the Knowledge Graph as the absolute ground truth.']","The best time to visit **Adam's Peak** is during the early morning hours to witness the sunrise.

Here is what you can do at **Adam's Peak**:
- Start the hike at 2:30 am to reach the summit in time for the sunrise.
- View the surrounding region, including water reservoirs, deep valleys, rolling mountains, and waterfalls.
- Note that the temple, which houses Buddha's footprint, is currently closed.
- Expect the hike to take between 2.5 to 4 hours depending on your speed.
- Be aware that peak season begins in mid-December.",The best time to visit Sri Pada / Adam's Peak is early in the morning to witness the sunrise from the summit.
Q_TIM_02,Is it recommended to visit Horton Plains National Park early in the morning?,timing_query,timing_query,0.98,49.03,1.0,0.7579212273128283,0.9999999999,1.0,Is it recommended to visit Horton Plains National Park early in the morning?,"[""Knowledge Graph Fact 1. Horton Plains National Park in Nuwara Eliya District is recommended for an early morning visit during the monsoon season in March.\n   Supporting Evidence:\n   [1] Place: Horton Plains National Park\nRating: 5 stars\nTitle: Early for the view\nSource: Visitor Review\n\nlabels off bottles. We were fine and did the walk clockwise, it was nice and relatively easy. Wear good walking shoes and our accommodation had supplied us a packed breakfast which was really nice of them. We sat and ate that at worlds end and got a lovely view. It seemed a popular spot to sit and have breakfast. There was only 6 people there (3 of us) which was really peaceful. The clouds come in pretty quick. We enjoyed bakers falls and walked back. You strip off your layers as you go along\n   [2] Place: Horton Plains National Park\nRating: 5 stars\nTitle: Amazing place\nSource: Visitor Review\n\nGreat one of places in sri lanka. We started our journey early morning to Horton Plains park. Great experience.\n   [3] Place: Horton Plains National Park\nRating: 2 stars\nTitle: Limited interest apart from some nice views.\nSource: Visitor Review\n\nLittle interest and even less when getting up at 5am!!! For those who like to walk, walk to do quietly leaving at 9-10am, especially since it is cool (2000m).\n   [4] Place: Horton Plains National Park\nRating: 5 stars\nTitle: The highlight of any trip to the hill country\nSource: Visitor Review\n\nOnly 26 km from Nuwara Eliya but a long, steep and winding drive up to the plains. Going up through Pattipola from Nuwara Eliya allows you to visit the Ambewela Farms and view the rolling farm countryside and dairy herds. Pattipola is also the highest point on the railway going to Ella and the road crosses the tracks at the station.It's best to get to Horton Plains early. Mist rolls in later in the morning and often the views are obscured. It's a 5 km hike to World's End and back via Baker's\n   [5] Place: Horton Plains National Park\nRating: 5 stars\nTitle: Awesome\nSource: Visitor Review\n\nIt is definitely worth a half day tour and if you don’t want to be in a hurry, then maybe a full day to enjoy the scenic beauty,they say it rains nearly every day, it would be nice to have a good local guide to be able to explain to you the local details."", 'RETRIEVAL NOTES:\n- Ranked by: time_of_day, confidence\n- CONTRADICTION RULE: If Review Evidence contradicts the Knowledge Graph facts, you MUST treat the Knowledge Graph as the absolute ground truth.']","It is recommended to visit **Horton Plains National Park** in the Nuwara Eliya District early in the morning, particularly during the monsoon season in March, as mist often rolls in later in the morning and obscures the views.

Here is what you can do at this park:

- Start your journey early to experience the park before the clouds and mist arrive.
- Hike the 5 km trail to World's End and back via Baker's Falls.
- Enjoy a packed breakfast at World's End, which is a popular spot for visitors.
- Observe the rolling farm countryside and dairy herds if traveling through Pattipola from Nuwara Eliya.
- Visit the highest point on the railway going to Ella at the Pattipola station.
- Explore the area on a half-day or full-day tour to appreciate the scenic beauty.
- Hire a local guide to explain the local details of the park.","Yes, it is highly recommended to visit Horton Plains National Park early in the morning (around 6 AM) before the cloud cover rolls in and obscures the views."
Q_TIM_03,What time does the Pinnawala Elephant Orphanage feed the baby elephants?,timing_query,timing_query,0.98,24.53,1.0,0.6456120504220588,0.3333333333,1.0,What time does the Pinnawala Elephant Orphanage feed the baby elephants?,"['Place: Pinnawala Elephant Orphanage\nRating: 5 stars\nTitle: Elephant Orphanage\nSource: Visitor Review\n\nthe Elephant Orphanage is such an interesting place to visit. At certain times the elephants (ages 1 to 5 years) are fed. There are viewing stands so you can watch while the elephants are given milk and also greens to eat.', 'Place: Pinnawala Elephant Orphanage\nRating: 3 stars\nTitle: Interesting but...\nSource: Visitor Review\n\nElephants are beautiful animals and touching one is an exciting experience. The mission of the Orphanage is also commendable: it was founded by the Sri Lankan Wildlife Conservation Department in 1975 to ""feed and provide care and shelter to orphaned baby elephants that were found in the wild"". And, let\'s be clear, they seem to have all the best practices on animal welfare. But you should know that the Pinnawala Elephant Orphanage is a tourist attraction of great appeal for both Sinhalese and', 'Place: Pinnawala Elephant Orphanage\nRating: 5 stars\nTitle: Very pleasant\nSource: Visitor Review\n\nWe went here because we had some spare time. It’s cheap to get in and didn’t need to book before our visit. We went to the 9am feed, you don’t get to feed or touch the elephants just view, plenty of seating. It’s funny watching the young elephants race towards the milk station which is done with a few at a time, it’s not very long maybe 1.30 hours but a pleasant experience. No one tells you what or why they do it but there is a information building that you can walk through.', 'Place: Pinnawala Elephant Orphanage\nRating: 4 stars\nTitle: Interesting..\nSource: Visitor Review\n\nLots of elephants were bathing in the river at the time when we arrived to this elephant orphanage and there were few activities including elephant parade and feeding baby elephants. You are allowed to feed lovely, little cute baby elephants under their supervision which was great.', 'Place: Pinnawala Elephant Orphanage\nRating: 5 stars\nTitle: Bathing Parade of Elephants at Pinnawalla Elephant Orphanage in Sri Lanka\nSource: Visitor Review\n\nDuring our Srilankan holidays, from Katunayake Hotel we visited Pinnawalla Elephant Orphanage which has the largest herd of captive Elephants in the world. This Orphanage protects many orphaned unweaned wild elephants found wandering in and near the forests of Sri Lanka.At the Orphanage, one can also have an opportunity to see he twin baby elephants that were born at the Pinnawala Elephant Orphanage recently and were named as Disa and Sajjana.\n\nGRAPH FACTS (Neo4j Knowledge Graph):\nNo graph results returned.', 'RETRIEVAL NOTES:\n- Ranked by: time_of_day\n- CONTRADICTION RULE: If Review Evidence contradicts the Knowledge Graph facts, you MUST treat the Knowledge Graph as the absolute ground truth.']","Here is what you can do at the **Pinnawala Elephant Orphanage** regarding feeding times and activities:

- Attend the 9:00 am feeding session to watch young elephants race toward the milk station.
- Observe elephants aged 1 to 5 years being fed milk and greens from designated viewing stands.
- Participate in feeding baby elephants under the supervision of staff.
- Visit the information building to learn more about the orphanage.
- Watch the elephants bathe in the river and participate in elephant parades.
- See the herd of captive elephants, including twin baby elephants named Disa and Sajjana.","The Pinnawala Elephant Orphanage feeds the baby elephants at designated times, including a popular feeding session at 9:00 AM."
Q_TIM_04,Can I visit the Temple of the Sacred Tooth Relic in the evening?,timing_query,timing_query,0.98,55.2,1.0,0.7793854056200761,0.9999999999,0.0,Can I visit the Temple of the Sacred Tooth Relic in the evening?,"[""Knowledge Graph Fact 1. The Temple of the Sacred Tooth Relic is located in Kandy District and is best visited in the early morning.\n   Supporting Evidence:\n   [1] Place: Temple of the Sacred Tooth Relic\nRating: 5 stars\nTitle: Beautiful and sacred attraction\nSource: Visitor Review\n\nWe enjoyed the temple which is heavily visited but even better we enjoy the museum which is very lightly attended\n   [2] Place: Temple of the Sacred Tooth Relic\nRating: 5 stars\nTitle: evening visit in heavy rain\nSource: Visitor Review\n\nour guide rushed us here and bare footed we walked in the dark and rain to get to the Temple - well worth it we saw the evening service and whole experience was fantastic\n   [3] Place: Temple of the Sacred Tooth Relic\nRating: 4 stars\nTitle: Question of priorities\nSource: Visitor Review\n\nDepending on what you want to see, just the temple or the tooth ceremony itself, you will experience a very quiet, serene and interesting place, you can go during the morning or just avoiding the ceremony times (twice day). Close and during ceremony, is a place completely full of people, where you can have the opportunity to witness locals pay respect and prayers and admire the tooth for about 2 seconds, another unique experience, but between pushing and shoving. It's up to you\n   [4] Place: Temple of the Sacred Tooth Relic\nRating: 1 stars\nTitle: Visit to the temple of the sacred tooth\nSource: Visitor Review\n\nThis was a frightening experience - once we'd entered the first floor of the temple we were pushed into a huge crowd of pushing locals and tourists. We didn't get anywhere near seeing the relic and eventually managed to get out without being crushed They need timed entries to make this a safe experience\n   [5] Place: Temple of the Sacred Tooth Relic\nRating: 5 stars\nTitle: Very interesting\nSource: Visitor Review\n\nSpending hours in the temple observing and respecting teaches much of the beliefs and character of the people of Sri Lanka\n   [6] Place: Temple of the Sacred Tooth Relic\nRating: 4 stars\nTitle: Historical place\nSource: Visitor Review\n\nIt was good experience understanding the history but u have to be careful with timing to be able to see the relic which coincide with dance show"", 'RETRIEVAL NOTES:\n- Ranked by: time_of_day\n- CONTRADICTION RULE: If Review Evidence contradicts the Knowledge Graph facts, you MUST treat the Knowledge Graph as the absolute ground truth.']","The Temple of the Sacred Tooth Relic is best visited in the early morning, though evening visits are also possible.

Here is what you can do at the **Temple of the Sacred Tooth Relic**:

- Witness the evening service, which some visitors describe as a fantastic experience.
- Observe and respect the beliefs and character of the people of Sri Lanka by spending time in the temple.
- Understand the history of the site, though you must be careful with timing to see the relic, as viewing times coincide with dance shows.
- Experience the tooth ceremony, where you can witness locals paying respect and prayers, though the area becomes completely full of people during these times.
- Visit the museum, which is noted as being very lightly attended compared to the temple.","Yes, you can visit the Temple of the Sacred Tooth Relic in the evening when the temple is beautifully lit up, and during the evening worship rituals."
Q_TIM_05,What is the best time of year to see migratory birds at Yala National Park?,timing_query,timing_query,0.98,34.28,0.8,0.0,0.0,0.0,What is the best time of year to see migratory birds at Yala National Park?,"['Place: Yala National Park\nRating: 5 stars\nTitle: Wild Impressions from Yala - Buthawa Bungalow, Yala National Park, Sri Lanka\nSource: Visitor Review\n\nIn January, we stayed at the Buthawa Bungalow in Yala with a couple of friends and had some wonderful sightings. During the three days we spent at the bungalow within the park we were able to have some close encounters with Leopards. That was definitely the icing on the cake but we also spotted many species of birds and mammals.Established in 1938, Yala National Park is one of the best places to spot wildlife in Sri Lanka. Located on the island’s south coast, Yala encompasses open grasslands,', 'Place: Yala National Park\nRating: 5 stars\nTitle: Great with the right crew\nSource: Visitor Review\n\nWe booked three half-day safaris at Yala NP and they were awesome. The driver Heshan and our guide Sanka were professionals, we were traveling with them daily and booked them through our lodge (Koragaha), they work for several hotels. There were never any problems and we probably saw everything except the bears. Unbelievable also what Heshan could still see while driving. Thanks to the guys’ experience, after waiting 1.5 hours we could see a leopard coming out of the bush right in front of our', 'Place: Yala National Park\nCategory: National Park / Wildlife Reserve\nLocation: Uva Province, Sri Lanka\nSource: Wikipedia Article\n\nYala National Park is a national park in Sri Lanka, bordering the Indian Ocean and covering 979 km2 (378 sq mi). It was designated as a wildlife sanctuary in 1900. It hosts diverse ecosystems ranging from moist monsoon forests to freshwater and marine wetlands, and is important for the conservation of Sri Lankan elephants, Sri Lankan leopards and 44 mammal species. It is one of the 70 Important Bird Areas in Sri Lanka harbouring 215 bird species including six endemic species of Sri Lanka.', 'Place: Yala National Park\nCategory: National Park / Wildlife Reserve\nLocation: Uva Province, Sri Lanka\nSource: Wikipedia Article\n\nThe area around Yala National Park has hosted several ancient civilizations. Two important Buddhist pilgrim sites, Sithulpahuwa and Magul Vihara, are situated within the park. The 2004 Indian Ocean earthquake and tsunami caused severe damage on the Yala National Park, and 250 people died in its vicinity.', 'Place: Kalametiya Eco Bird Watching\nRating: 5 stars\nTitle: Peaceful Bird Watching on a boat - with well informed guides\nSource: Visitor Review\n\nThis was an amazing experience and we saw lots of birds. The guide knows a lot about them and we learned a lot. We also got watermelons and water. Will definitly recommend this activity.\n\nGRAPH FACTS (Neo4j Knowledge Graph):\nNo graph results returned.', 'RETRIEVAL NOTES:\n- Ranked by: HAS_BEST_TIME\n- CONTRADICTION RULE: If Review Evidence contradicts the Knowledge Graph facts, you MUST treat the Knowledge Graph as the absolute ground truth.']","The available evidence does not provide a specific time of year identified as the best for viewing migratory birds at **Yala National Park**. While one visitor reported spotting many species of birds during a stay in January, the provided evidence is limited and does not contain information regarding seasonal migration patterns or optimal timing for bird watching at this location.",The best time to see migratory birds at Yala National Park is during the winter months when over 180 species visit the coastal lagoons.
