place_name,activity,positive_count,negative_count,neutral_count,total_mentions,dominant_sentiment
Aberdeen Falls,Cycling,0,0,1,1,neutral
Aberdeen Falls,Hiking,6,0,8,14,neutral
Aberdeen Falls,Photography,1,0,0,1,positive
Aberdeen Falls,Rafting,0,0,2,2,neutral
Aberdeen Falls,Relaxing,1,0,1,2,positive
Aberdeen Falls,Shopping,0,0,1,1,neutral
Aberdeen Falls,Swimming,2,0,10,12,neutral
Aberdeen Falls,Trekking,1,0,0,1,positive
Aberdeen Falls,Viewpoint visit,0,1,3,4,neutral
Aberdeen Falls,Waterfall bathing,0,0,1,1,neutral
Aberdeen Falls,Waterfall visit,24,3,37,64,neutral
Abhayagiri Dagaba,Ancient city visit,15,2,11,28,positive
Abhayagiri Dagaba,Bird watching,0,0,1,1,neutral
Abhayagiri Dagaba,Cycling,1,0,2,3,neutral
Abhayagiri Dagaba,Heritage exploration,1,0,1,2,positive
Abhayagiri Dagaba,Meditation,1,0,1,2,positive
Abhayagiri Dagaba,Museum visit,0,1,3,4,neutral
Abhayagiri Dagaba,Photography,5,0,1,6,positive
Abhayagiri Dagaba,Pilgrimage,1,0,2,3,neutral
Abhayagiri Dagaba,Relaxing,2,0,0,2,positive
Abhayagiri Dagaba,Religious visit,9,2,30,41,neutral
Abhayagiri Dagaba,Ruins exploration,7,0,8,15,neutral
Abhayagiri Dagaba,Shopping,0,0,1,1,neutral
Abhayagiri Dagaba,Swimming,0,0,1,1,neutral
Abhayagiri Dagaba,Temple visit,1,0,2,3,neutral
Ambewela Farms,Photography,8,3,4,15,positive
Ambewela Farms,Relaxing,14,0,3,17,positive
Ambewela Farms,Ruins exploration,1,0,0,1,positive
Ambewela Farms,Scenic drive,1,0,0,1,positive
Ambewela Farms,Shopping,9,3,12,24,neutral
Ambewela Farms,Sightseeing,3,0,0,3,positive
Ambewela Farms,Train ride,2,0,1,3,positive
Ambewela Farms,Waterfall visit,2,0,0,2,positive
Ambuluwawa Tower,Hiking,2,0,2,4,positive
Ambuluwawa Tower,Meditation,0,0,1,1,neutral
Ambuluwawa Tower,Photography,4,0,5,9,neutral
Ambuluwawa Tower,Pilgrimage,0,0,1,1,neutral
Ambuluwawa Tower,Relaxing,3,0,0,3,positive
Ambuluwawa Tower,Religious visit,1,0,2,3,neutral
Ambuluwawa Tower,Scenic drive,1,0,0,1,positive
Ambuluwawa Tower,Shopping,2,0,1,3,positive
Ambuluwawa Tower,Souvenir shopping,0,0,1,1,neutral
Ambuluwawa Tower,Temple visit,2,0,2,4,positive
Ambuluwawa Tower,Train ride,0,0,1,1,neutral
Ambuluwawa Tower,Viewpoint visit,1,0,0,1,positive
Ambuluwawa Tower,Waterfall visit,0,1,0,1,negative
Ancient City of Polonnaruwa,Ancient city visit,355,38,535,928,neutral
Ancient City of Polonnaruwa,Boat ride,1,0,0,1,positive
Ancient City of Polonnaruwa,Cycling,27,0,27,54,positive
Ancient City of Polonnaruwa,Heritage exploration,17,1,34,52,neutral
Ancient City of Polonnaruwa,Museum visit,42,4,42,88,positive
Ancient City of Polonnaruwa,Photography,19,1,24,44,neutral
Ancient City of Polonnaruwa,Pilgrimage,2,0,1,3,positive
Ancient City of Polonnaruwa,Relaxing,3,0,2,5,positive
Ancient City of Polonnaruwa,Religious visit,17,0,13,30,positive
Ancient City of Polonnaruwa,Ruins exploration,83,3,91,177,neutral
Ancient City of Polonnaruwa,Safari,1,0,0,1,positive
Ancient City of Polonnaruwa,Scenic drive,2,0,2,4,positive
Ancient City of Polonnaruwa,Shopping,2,1,2,5,positive
Ancient City of Polonnaruwa,Sightseeing,1,0,1,2,positive
Ancient City of Polonnaruwa,Souvenir shopping,2,0,4,6,neutral
Ancient City of Polonnaruwa,Spa treatment,0,0,1,1,neutral
Ancient City of Polonnaruwa,Street food tasting,1,0,0,1,positive
Ancient City of Polonnaruwa,Swimming,1,0,0,1,positive
Ancient City of Polonnaruwa,Temple visit,21,2,15,38,positive
Ancient City of Polonnaruwa,Trekking,0,0,1,1,neutral
Angurukaramulla Temple,Cycling,1,0,1,2,positive
Angurukaramulla Temple,Diving,0,0,1,1,neutral
Angurukaramulla Temple,Fort visit,0,0,1,1,neutral
Angurukaramulla Temple,Heritage exploration,0,0,1,1,neutral
Angurukaramulla Temple,Kite surfing,0,0,1,1,neutral
Angurukaramulla Temple,Meditation,1,1,3,5,neutral
Angurukaramulla Temple,Photography,4,0,11,15,neutral
Angurukaramulla Temple,Pilgrimage,2,0,1,3,positive
Angurukaramulla Temple,Relaxing,4,0,0,4,positive
Angurukaramulla Temple,Religious visit,12,0,8,20,positive
Angurukaramulla Temple,Ruins exploration,0,0,1,1,neutral
Angurukaramulla Temple,Shopping,0,0,1,1,neutral
Angurukaramulla Temple,Sightseeing,0,0,1,1,neutral
Angurukaramulla Temple,Temple visit,123,14,136,273,neutral
Angurukaramulla Temple,Wind surfing,0,0,1,1,neutral
Arugam Bay,Ayurveda wellness,0,0,1,1,neutral
Arugam Bay,Beach relaxing,2,0,1,3,positive
Arugam Bay,Beach walking,3,1,2,6,positive
Arugam Bay,Boat ride,0,0,2,2,neutral
Arugam Bay,Camping,5,0,1,6,positive
Arugam Bay,Canoeing,0,0,1,1,neutral
Arugam Bay,Cycling,1,0,0,1,positive
Arugam Bay,Diving,1,0,1,2,positive
Arugam Bay,Elephant watching,2,0,2,4,positive
Arugam Bay,Fishing,11,1,14,26,neutral
Arugam Bay,Jeep safari,1,0,2,3,neutral
Arugam Bay,Local food tasting,2,0,1,3,positive
Arugam Bay,Meditation,0,0,1,1,neutral
Arugam Bay,Photography,5,0,4,9,positive
Arugam Bay,Picnic,1,0,0,1,positive
Arugam Bay,Relaxing,70,2,29,101,positive
Arugam Bay,Ruins exploration,1,0,0,1,positive
Arugam Bay,Safari,16,0,10,26,positive
Arugam Bay,Scenic drive,0,0,1,1,neutral
Arugam Bay,Sea bathing,1,0,0,1,positive
Arugam Bay,Seafood tasting,5,2,2,9,positive
Arugam Bay,Shopping,23,4,23,50,positive
Arugam Bay,Sightseeing,1,0,0,1,positive
Arugam Bay,Snorkelling,1,0,0,1,positive
Arugam Bay,Spa treatment,1,0,2,3,neutral
Arugam Bay,Street food tasting,2,0,1,3,positive
Arugam Bay,Sunbathing,4,0,3,7,positive
Arugam Bay,Sunrise watching,10,0,6,16,positive
Arugam Bay,Sunset watching,9,0,2,11,positive
Arugam Bay,Surfing,203,21,159,383,positive
Arugam Bay,Swimming,28,9,13,50,positive
Arugam Bay,Temple visit,1,0,0,1,positive
Arugam Bay,Train ride,1,0,0,1,positive
Arugam Bay,Trekking,0,0,1,1,neutral
Arugam Bay,Viewpoint visit,0,0,1,1,neutral
Arugam Bay,Waterfall visit,0,1,0,1,negative
Arugam Bay,Wind surfing,1,0,1,2,positive
Arugam Bay,Yoga,6,0,3,9,positive
Bahiravokanda Vihara Buddha Statue,Ancient city visit,0,0,1,1,neutral
Bahiravokanda Vihara Buddha Statue,Hiking,4,2,3,9,positive
Bahiravokanda Vihara Buddha Statue,Meditation,5,1,8,14,neutral
Bahiravokanda Vihara Buddha Statue,Mountain climbing,0,0,1,1,neutral
Bahiravokanda Vihara Buddha Statue,Photography,27,2,12,41,positive
Bahiravokanda Vihara Buddha Statue,Pilgrimage,1,0,1,2,positive
Bahiravokanda Vihara Buddha Statue,Relaxing,8,0,2,10,positive
Bahiravokanda Vihara Buddha Statue,Religious visit,295,49,304,648,neutral
Bahiravokanda Vihara Buddha Statue,Shopping,7,1,10,18,neutral
Bahiravokanda Vihara Buddha Statue,Souvenir shopping,1,0,5,6,neutral
Bahiravokanda Vihara Buddha Statue,Sunbathing,0,0,1,1,neutral
Bahiravokanda Vihara Buddha Statue,Sunrise watching,2,0,3,5,neutral
Bahiravokanda Vihara Buddha Statue,Sunset watching,17,0,9,26,positive
Bahiravokanda Vihara Buddha Statue,Temple visit,295,49,304,648,neutral
Bahiravokanda Vihara Buddha Statue,Trekking,7,1,1,9,positive
Bahiravokanda Vihara Buddha Statue,Viewpoint visit,21,1,17,39,positive
Bahiravokanda Vihara Buddha Statue,Waterfall visit,0,1,0,1,negative
Baker's Falls,Forest walk,0,0,1,1,neutral
Baker's Falls,Hiking,12,3,16,31,neutral
Baker's Falls,Photography,13,1,4,18,positive
Baker's Falls,Relaxing,7,0,4,11,positive
Baker's Falls,Sunbathing,0,0,1,1,neutral
Baker's Falls,Swimming,1,1,3,5,neutral
Baker's Falls,Trekking,8,1,9,18,neutral
Baker's Falls,Viewpoint visit,0,1,3,4,neutral
Baker's Falls,Walking trail,0,0,1,1,neutral
Baker's Falls,Waterfall visit,61,9,70,140,neutral
"Bambarakanda FallsUnclaimedIf you own this business, claim it for free now to update business info, respond to reviews, and more.Claim this listing",Camping,0,0,1,1,neutral
"Bambarakanda FallsUnclaimedIf you own this business, claim it for free now to update business info, respond to reviews, and more.Claim this listing",Cycling,0,0,1,1,neutral
"Bambarakanda FallsUnclaimedIf you own this business, claim it for free now to update business info, respond to reviews, and more.Claim this listing",Hiking,6,0,18,24,neutral
"Bambarakanda FallsUnclaimedIf you own this business, claim it for free now to update business info, respond to reviews, and more.Claim this listing",Photography,4,0,2,6,positive
"Bambarakanda FallsUnclaimedIf you own this business, claim it for free now to update business info, respond to reviews, and more.Claim this listing",Relaxing,5,0,1,6,positive
"Bambarakanda FallsUnclaimedIf you own this business, claim it for free now to update business info, respond to reviews, and more.Claim this listing",Religious visit,0,0,1,1,neutral
"Bambarakanda FallsUnclaimedIf you own this business, claim it for free now to update business info, respond to reviews, and more.Claim this listing",Rock climbing,0,0,1,1,neutral
"Bambarakanda FallsUnclaimedIf you own this business, claim it for free now to update business info, respond to reviews, and more.Claim this listing",Ruins exploration,1,0,0,1,positive
"Bambarakanda FallsUnclaimedIf you own this business, claim it for free now to update business info, respond to reviews, and more.Claim this listing",Scenic drive,1,0,0,1,positive
"Bambarakanda FallsUnclaimedIf you own this business, claim it for free now to update business info, respond to reviews, and more.Claim this listing",Scenic train ride,2,0,0,2,positive
"Bambarakanda FallsUnclaimedIf you own this business, claim it for free now to update business info, respond to reviews, and more.Claim this listing",Shopping,0,0,1,1,neutral
"Bambarakanda FallsUnclaimedIf you own this business, claim it for free now to update business info, respond to reviews, and more.Claim this listing",Swimming,4,0,4,8,positive
"Bambarakanda FallsUnclaimedIf you own this business, claim it for free now to update business info, respond to reviews, and more.Claim this listing",Trekking,2,0,2,4,positive
"Bambarakanda FallsUnclaimedIf you own this business, claim it for free now to update business info, respond to reviews, and more.Claim this listing",Viewpoint visit,0,1,1,2,negative
"Bambarakanda FallsUnclaimedIf you own this business, claim it for free now to update business info, respond to reviews, and more.Claim this listing",Waterfall visit,68,9,88,165,neutral
Batticaloa Fort,Boat ride,3,0,2,5,positive
Batticaloa Fort,Cycling,1,0,1,2,positive
Batticaloa Fort,Fishing,0,0,1,1,neutral
Batticaloa Fort,Fort visit,83,7,93,183,neutral
Batticaloa Fort,Heritage exploration,1,0,0,1,positive
Batticaloa Fort,Lagoon visit,0,0,1,1,neutral
Batticaloa Fort,Photography,2,0,0,2,positive
Batticaloa Fort,Ruins exploration,0,0,1,1,neutral
Batticaloa Fort,Shopping,0,0,1,1,neutral
Batticaloa Fort,Sightseeing,2,0,0,2,positive
Batticaloa Fort,Sunrise watching,1,0,0,1,positive
Batticaloa Fort,Viewpoint visit,1,0,0,1,positive
Beddegana Wetland Park,Bird watching,4,0,6,10,neutral
Beddegana Wetland Park,Photography,4,0,4,8,positive
Beddegana Wetland Park,Relaxing,6,0,0,6,positive
Beddegana Wetland Park,Sunrise watching,1,0,0,1,positive
Beddegana Wetland Park,Sunset watching,2,0,0,2,positive
Beddegana Wetland Park,Trekking,1,0,0,1,positive
Bentota Beach,Ayurveda wellness,1,0,1,2,positive
Bentota Beach,Beach relaxing,3,0,0,3,positive
Bentota Beach,Beach walking,6,1,6,13,positive
Bentota Beach,Boat ride,8,0,11,19,neutral
Bentota Beach,Body boarding,1,0,2,3,neutral
Bentota Beach,Canoeing,0,0,2,2,neutral
Bentota Beach,Diving,0,0,4,4,neutral
Bentota Beach,Fishing,3,1,4,8,neutral
Bentota Beach,Hiking,1,0,0,1,positive
Bentota Beach,Local food tasting,1,0,0,1,positive
Bentota Beach,Photography,6,0,3,9,positive
Bentota Beach,Relaxing,64,4,17,85,positive
Bentota Beach,Ruins exploration,1,0,0,1,positive
Bentota Beach,Safari,6,0,2,8,positive
Bentota Beach,Scuba diving,0,0,1,1,neutral
Bentota Beach,Sea bathing,2,0,0,2,positive
Bentota Beach,Seafood tasting,4,0,3,7,positive
Bentota Beach,Shopping,5,0,3,8,positive
Bentota Beach,Sightseeing,1,0,1,2,positive
Bentota Beach,Snorkelling,1,0,2,3,neutral
Bentota Beach,Souvenir shopping,1,0,1,2,positive
Bentota Beach,Spa treatment,4,0,4,8,positive
Bentota Beach,Sunbathing,9,0,6,15,positive
Bentota Beach,Sunrise watching,4,0,2,6,positive
Bentota Beach,Sunset watching,73,1,14,88,positive
Bentota Beach,Surfing,45,4,23,72,positive
Bentota Beach,Swimming,89,17,48,154,positive
Bentota Beach,Tea plantation visit,0,0,1,1,neutral
Bentota Beach,Temple visit,1,0,3,4,neutral
Bentota Beach,Train ride,2,0,1,3,positive
Bentota Beach,Whale watching,0,0,1,1,neutral
Bentota Beach,Wind surfing,1,0,1,2,positive
Bentota Beach,Yoga,0,0,1,1,neutral
Bogoda Wooden Bridge,Hiking,0,0,1,1,neutral
Bogoda Wooden Bridge,Museum visit,0,0,2,2,neutral
Bogoda Wooden Bridge,Photography,0,2,5,7,neutral
Bogoda Wooden Bridge,Pilgrimage,0,0,1,1,neutral
Bogoda Wooden Bridge,Religious visit,0,0,1,1,neutral
Bogoda Wooden Bridge,Shopping,0,0,1,1,neutral
Bogoda Wooden Bridge,Temple visit,4,0,8,12,neutral
Bopath Ella (Bopath Falls),Boat ride,0,0,1,1,neutral
Bopath Ella (Bopath Falls),Hiking,1,0,1,2,positive
Bopath Ella (Bopath Falls),Photography,1,0,0,1,positive
Bopath Ella (Bopath Falls),Picnic,0,0,1,1,neutral
Bopath Ella (Bopath Falls),Rafting,0,1,0,1,negative
Bopath Ella (Bopath Falls),Relaxing,1,0,0,1,positive
Bopath Ella (Bopath Falls),Ruins exploration,0,0,1,1,neutral
Bopath Ella (Bopath Falls),Scenic drive,0,0,2,2,neutral
Bopath Ella (Bopath Falls),Swimming,2,0,2,4,positive
Bopath Ella (Bopath Falls),Viewpoint visit,0,0,2,2,neutral
Bopath Ella (Bopath Falls),Waterfall visit,16,4,19,39,neutral
Brief Garden - Bevis Bawa,Camping,1,0,1,2,positive
Brief Garden - Bevis Bawa,Cycling,1,0,0,1,positive
Brief Garden - Bevis Bawa,Hiking,1,0,1,2,positive
Brief Garden - Bevis Bawa,Meditation,0,0,1,1,neutral
Brief Garden - Bevis Bawa,Museum visit,2,0,0,2,positive
Brief Garden - Bevis Bawa,Photography,33,0,27,60,positive
Brief Garden - Bevis Bawa,Picnic,1,0,3,4,neutral
Brief Garden - Bevis Bawa,Relaxing,20,0,2,22,positive
Brief Garden - Bevis Bawa,Religious visit,1,0,0,1,positive
Brief Garden - Bevis Bawa,Shopping,1,0,3,4,neutral
Brief Garden - Bevis Bawa,Temple visit,1,0,1,2,positive
Brief Garden - Bevis Bawa,Trekking,2,1,0,3,positive
Brief Garden - Bevis Bawa,Village tour,1,0,0,1,positive
Brief Garden - Bevis Bawa,Waterfall visit,0,0,1,1,neutral
Buduruwagala Temple,Bird watching,1,0,0,1,positive
Buduruwagala Temple,Boat ride,0,0,1,1,neutral
Buduruwagala Temple,Caving,0,0,1,1,neutral
Buduruwagala Temple,Hiking,2,0,0,2,positive
Buduruwagala Temple,Meditation,1,0,1,2,positive
Buduruwagala Temple,Museum visit,0,0,3,3,neutral
Buduruwagala Temple,Photography,3,0,7,10,neutral
Buduruwagala Temple,Pilgrimage,0,0,1,1,neutral
Buduruwagala Temple,Relaxing,3,0,1,4,positive
Buduruwagala Temple,Religious visit,4,0,6,10,neutral
Buduruwagala Temple,Safari,0,0,1,1,neutral
Buduruwagala Temple,Temple visit,61,2,68,131,neutral
Buduruwagala Temple,Trekking,0,0,1,1,neutral
Buduruwagala Temple,Waterfall visit,0,0,2,2,neutral
Casuarina Beach,Beach relaxing,1,0,0,1,positive
Casuarina Beach,Beach walking,0,0,1,1,neutral
Casuarina Beach,Boat ride,1,0,6,7,neutral
Casuarina Beach,Fishing,1,0,1,2,positive
Casuarina Beach,Fort visit,0,0,2,2,neutral
Casuarina Beach,Photography,2,0,0,2,positive
Casuarina Beach,Picnic,2,0,1,3,positive
Casuarina Beach,Relaxing,16,1,6,23,positive
Casuarina Beach,Sea bathing,4,1,3,8,positive
Casuarina Beach,Seafood tasting,0,0,2,2,neutral
Casuarina Beach,Shopping,5,1,13,19,neutral
Casuarina Beach,Snorkelling,1,0,0,1,positive
Casuarina Beach,Sunrise watching,0,0,1,1,neutral
Casuarina Beach,Sunset watching,8,0,4,12,positive
Casuarina Beach,Surfing,0,0,1,1,neutral
Casuarina Beach,Swimming,31,5,20,56,positive
Casuarina Beach,Temple visit,1,0,0,1,positive
Casuarina Beach,Trekking,2,0,0,2,positive
Ceylon Tea Museum,Heritage exploration,1,0,0,1,positive
Ceylon Tea Museum,Meditation,1,0,0,1,positive
Ceylon Tea Museum,Museum visit,389,37,319,745,positive
Ceylon Tea Museum,Photography,11,0,8,19,positive
Ceylon Tea Museum,Relaxing,5,1,2,8,positive
Ceylon Tea Museum,Ruins exploration,0,0,1,1,neutral
Ceylon Tea Museum,Scenic drive,2,0,0,2,positive
Ceylon Tea Museum,Shopping,37,8,41,86,neutral
Ceylon Tea Museum,Souvenir shopping,5,0,6,11,neutral
Ceylon Tea Museum,Tea factory visit,21,5,24,50,neutral
Ceylon Tea Museum,Tea plantation visit,9,1,9,19,positive
Ceylon Tea Museum,Tea tasting,8,0,9,17,neutral
Ceylon Tea Museum,Viewpoint visit,1,0,0,1,positive
Coconut Tree Hill,Beach walking,1,0,1,2,positive
Coconut Tree Hill,Hiking,1,1,2,4,neutral
Coconut Tree Hill,Photography,47,1,21,69,positive
Coconut Tree Hill,Relaxing,5,1,1,7,positive
Coconut Tree Hill,Shopping,1,0,1,2,positive
Coconut Tree Hill,Snorkelling,0,0,1,1,neutral
Coconut Tree Hill,Sunrise watching,11,0,1,12,positive
Coconut Tree Hill,Sunset watching,37,1,20,58,positive
Coconut Tree Hill,Swimming,1,0,1,2,positive
Coconut Tree Hill,Turtle watching,0,0,2,2,neutral
Coconut Tree Hill,Viewpoint visit,13,1,6,20,positive
Coconut Tree Hill,Waterfall visit,1,0,0,1,positive
Colombo Lotus Tower,Museum visit,1,0,0,1,positive
Colombo Lotus Tower,Photography,4,0,4,8,positive
Colombo Lotus Tower,Relaxing,1,0,0,1,positive
Colombo Lotus Tower,Shopping,0,1,2,3,neutral
Colombo Lotus Tower,Sightseeing,1,0,1,2,positive
Colombo Lotus Tower,Souvenir shopping,1,0,0,1,positive
Colombo Lotus Tower,Sunset watching,3,1,1,5,positive
Colombo Lotus Tower,Viewpoint visit,10,3,10,23,positive
Colombo National Museum,Ancient city visit,4,0,5,9,neutral
Colombo National Museum,Boat ride,1,0,2,3,neutral
Colombo National Museum,Museum visit,315,17,305,637,positive
Colombo National Museum,Photography,10,3,21,34,neutral
Colombo National Museum,Relaxing,5,0,0,5,positive
Colombo National Museum,Religious visit,3,0,1,4,positive
Colombo National Museum,Ruins exploration,0,0,1,1,neutral
Colombo National Museum,Scenic drive,1,0,0,1,positive
Colombo National Museum,Shopping,15,1,16,32,neutral
Colombo National Museum,Sightseeing,1,0,1,2,positive
Colombo National Museum,Souvenir shopping,5,1,3,9,positive
Colombo National Museum,Viewpoint visit,0,0,1,1,neutral
Colombo National Museum,Waterfall visit,0,0,1,1,neutral
Dagoba of Thuparama,Ancient city visit,9,0,12,21,neutral
Dagoba of Thuparama,Cycling,0,0,1,1,neutral
Dagoba of Thuparama,Meditation,3,0,2,5,positive
Dagoba of Thuparama,Photography,5,0,9,14,neutral
Dagoba of Thuparama,Pilgrimage,2,0,6,8,neutral
Dagoba of Thuparama,Religious visit,52,2,78,132,neutral
Dagoba of Thuparama,Ruins exploration,4,0,3,7,positive
Dagoba of Thuparama,Sightseeing,0,0,1,1,neutral
Dagoba of Thuparama,Sunset watching,0,0,1,1,neutral
Dagoba of Thuparama,Temple visit,4,0,5,9,neutral
Dagoba of Thuparama,Trekking,1,0,0,1,positive
Dagoba of Thuparama,Viewpoint visit,0,0,1,1,neutral
Dagoba of Thuparama,Waterfall visit,1,0,0,1,positive
Dambulla Cave Temple,Ancient city visit,0,1,4,5,neutral
Dambulla Cave Temple,Heritage exploration,18,1,17,36,positive
Dambulla Cave Temple,Hiking,11,0,6,17,positive
Dambulla Cave Temple,Meditation,5,0,5,10,positive
Dambulla Cave Temple,Museum visit,0,1,3,4,neutral
Dambulla Cave Temple,Photography,12,1,25,38,neutral
Dambulla Cave Temple,Pilgrimage,2,0,4,6,neutral
Dambulla Cave Temple,Relaxing,3,0,1,4,positive
Dambulla Cave Temple,Religious visit,24,0,27,51,neutral
Dambulla Cave Temple,Scenic drive,1,0,0,1,positive
Dambulla Cave Temple,Shopping,0,2,4,6,neutral
Dambulla Cave Temple,Souvenir shopping,0,0,1,1,neutral
Dambulla Cave Temple,Spa treatment,1,0,0,1,positive
Dambulla Cave Temple,Sunset watching,3,0,1,4,positive
Dambulla Cave Temple,Temple visit,327,38,342,707,neutral
Dambulla Cave Temple,Trekking,12,1,1,14,positive
Dambulla Cave Temple,Viewpoint visit,1,0,0,1,positive
Dehiwala Zoo - Sri Lanka,Elephant watching,0,0,1,1,neutral
Dehiwala Zoo - Sri Lanka,Picnic,2,0,1,3,positive
Dehiwala Zoo - Sri Lanka,Relaxing,4,0,1,5,positive
Dehiwala Zoo - Sri Lanka,Safari,0,0,2,2,neutral
Dehiwala Zoo - Sri Lanka,Sightseeing,1,0,0,1,positive
Dehiwala Zoo - Sri Lanka,Street food tasting,0,0,1,1,neutral
Demodara Loop,Cycling,1,0,0,1,positive
Demodara Loop,Hiking,3,0,3,6,positive
Demodara Loop,Jeep safari,1,0,0,1,positive
Demodara Loop,Photography,7,0,2,9,positive
Demodara Loop,Safari,1,0,0,1,positive
Demodara Loop,Scenic train ride,2,0,0,2,positive
Demodara Loop,Sunset watching,1,0,0,1,positive
Demodara Loop,Tea factory visit,4,0,2,6,positive
Demodara Loop,Tea plantation visit,2,0,0,2,positive
Demodara Loop,Temple visit,1,0,0,1,positive
Demodara Loop,Train ride,25,1,15,41,positive
Demodara Loop,Trekking,0,0,2,2,neutral
Demodara Loop,Viewpoint visit,1,0,3,4,neutral
Demodara Loop,Waterfall visit,1,0,0,1,positive
Devon Falls,Forest walk,0,0,1,1,neutral
Devon Falls,Hiking,2,0,2,4,positive
Devon Falls,Meditation,0,1,0,1,negative
Devon Falls,Photography,26,3,17,46,positive
Devon Falls,Picnic,1,0,0,1,positive
Devon Falls,Relaxing,6,0,5,11,positive
Devon Falls,Scenic drive,0,0,1,1,neutral
Devon Falls,Shopping,1,0,5,6,neutral
Devon Falls,Sunset watching,1,0,0,1,positive
Devon Falls,Tea factory visit,2,0,0,2,positive
Devon Falls,Tea tasting,1,0,0,1,positive
Devon Falls,Temple visit,2,0,3,5,neutral
Devon Falls,Train ride,0,0,1,1,neutral
Devon Falls,Trekking,1,0,1,2,positive
Devon Falls,Viewpoint visit,13,0,17,30,neutral
Devon Falls,Waterfall visit,60,5,87,152,neutral
Diyaluma Falls,Abseiling,0,0,1,1,neutral
Diyaluma Falls,Camping,2,0,4,6,neutral
Diyaluma Falls,Diving,1,0,2,3,neutral
Diyaluma Falls,Hiking,32,3,29,64,positive
Diyaluma Falls,Local food tasting,1,0,0,1,positive
Diyaluma Falls,Mountain climbing,0,0,1,1,neutral
Diyaluma Falls,Photography,21,2,15,38,positive
Diyaluma Falls,Relaxing,8,0,3,11,positive
Diyaluma Falls,Scenic drive,0,1,0,1,negative
Diyaluma Falls,Shopping,3,0,7,10,neutral
Diyaluma Falls,Sightseeing,1,0,0,1,positive
Diyaluma Falls,Sunrise watching,1,0,0,1,positive
Diyaluma Falls,Sunset watching,2,0,0,2,positive
Diyaluma Falls,Swimming,32,1,18,51,positive
Diyaluma Falls,Temple visit,0,0,1,1,neutral
Diyaluma Falls,Trekking,1,1,10,12,neutral
Diyaluma Falls,Waterfall bathing,1,0,1,2,positive
Diyaluma Falls,Waterfall visit,88,12,119,219,neutral
Diyatha Uyana,Bird watching,1,0,2,3,neutral
Diyatha Uyana,Boat ride,2,0,1,3,positive
Diyatha Uyana,Cycling,2,0,0,2,positive
Diyatha Uyana,Fishing,2,0,0,2,positive
Diyatha Uyana,Fort visit,1,0,0,1,positive
Diyatha Uyana,Photography,2,0,5,7,neutral
Diyatha Uyana,Picnic,1,0,2,3,neutral
Diyatha Uyana,Relaxing,57,2,28,87,positive
Diyatha Uyana,Scenic drive,1,0,0,1,positive
Diyatha Uyana,Shopping,14,2,12,28,positive
Diyatha Uyana,Souvenir shopping,1,0,2,3,neutral
Diyatha Uyana,Street food tasting,0,1,0,1,negative
Diyatha Uyana,Sunset watching,3,0,1,4,positive
Diyatha Uyana,Swimming,0,1,1,2,negative
Diyatha Uyana,Walking trail,1,0,0,1,positive
Dondra Head Lighthouse,Fishing,1,0,2,3,neutral
Dondra Head Lighthouse,Photography,11,0,4,15,positive
Dondra Head Lighthouse,Picnic,2,1,1,4,positive
Dondra Head Lighthouse,Pilgrimage,0,0,1,1,neutral
Dondra Head Lighthouse,Relaxing,4,0,2,6,positive
Dondra Head Lighthouse,Religious visit,0,0,1,1,neutral
Dondra Head Lighthouse,Sea bathing,1,0,0,1,positive
Dondra Head Lighthouse,Shopping,2,0,0,2,positive
Dondra Head Lighthouse,Snorkelling,0,0,1,1,neutral
Dondra Head Lighthouse,Spa treatment,0,0,3,3,neutral
Dondra Head Lighthouse,Sunset watching,1,0,2,3,neutral
Dondra Head Lighthouse,Swimming,4,0,5,9,neutral
Dondra Head Lighthouse,Temple visit,1,0,3,4,neutral
Dondra Head Lighthouse,Viewpoint visit,2,1,0,3,positive
Dondra Head Lighthouse,Whale watching,2,0,0,2,positive
"Dunhinda FallsUnclaimedIf you own this business, claim it for free now to update business info, respond to reviews, and more.Claim this listing",Diving,2,0,0,2,positive
"Dunhinda FallsUnclaimedIf you own this business, claim it for free now to update business info, respond to reviews, and more.Claim this listing",Forest walk,1,0,0,1,positive
"Dunhinda FallsUnclaimedIf you own this business, claim it for free now to update business info, respond to reviews, and more.Claim this listing",Hiking,8,2,11,21,neutral
"Dunhinda FallsUnclaimedIf you own this business, claim it for free now to update business info, respond to reviews, and more.Claim this listing",Local food tasting,1,0,0,1,positive
"Dunhinda FallsUnclaimedIf you own this business, claim it for free now to update business info, respond to reviews, and more.Claim this listing",Photography,4,0,2,6,positive
"Dunhinda FallsUnclaimedIf you own this business, claim it for free now to update business info, respond to reviews, and more.Claim this listing",Relaxing,2,0,1,3,positive
"Dunhinda FallsUnclaimedIf you own this business, claim it for free now to update business info, respond to reviews, and more.Claim this listing",Safari,1,0,0,1,positive
"Dunhinda FallsUnclaimedIf you own this business, claim it for free now to update business info, respond to reviews, and more.Claim this listing",Scenic train ride,2,0,0,2,positive
"Dunhinda FallsUnclaimedIf you own this business, claim it for free now to update business info, respond to reviews, and more.Claim this listing",Shopping,3,1,9,13,neutral
"Dunhinda FallsUnclaimedIf you own this business, claim it for free now to update business info, respond to reviews, and more.Claim this listing",Souvenir shopping,0,0,3,3,neutral
"Dunhinda FallsUnclaimedIf you own this business, claim it for free now to update business info, respond to reviews, and more.Claim this listing",Swimming,2,1,2,5,positive
"Dunhinda FallsUnclaimedIf you own this business, claim it for free now to update business info, respond to reviews, and more.Claim this listing",Train ride,2,0,3,5,neutral
"Dunhinda FallsUnclaimedIf you own this business, claim it for free now to update business info, respond to reviews, and more.Claim this listing",Trekking,3,1,3,7,positive
"Dunhinda FallsUnclaimedIf you own this business, claim it for free now to update business info, respond to reviews, and more.Claim this listing",Viewpoint visit,0,0,5,5,neutral
"Dunhinda FallsUnclaimedIf you own this business, claim it for free now to update business info, respond to reviews, and more.Claim this listing",Waterfall visit,87,17,94,198,neutral
Dutch Hospital Shopping Precinct,Ayurveda wellness,0,0,1,1,neutral
Dutch Hospital Shopping Precinct,Fort visit,24,1,9,34,positive
Dutch Hospital Shopping Precinct,Heritage exploration,1,0,1,2,positive
Dutch Hospital Shopping Precinct,Local food tasting,1,0,0,1,positive
Dutch Hospital Shopping Precinct,Photography,4,0,4,8,positive
Dutch Hospital Shopping Precinct,Relaxing,71,2,21,94,positive
Dutch Hospital Shopping Precinct,Seafood tasting,8,0,3,11,positive
Dutch Hospital Shopping Precinct,Shopping,323,41,408,772,neutral
Dutch Hospital Shopping Precinct,Souvenir shopping,38,5,34,77,positive
Dutch Hospital Shopping Precinct,Spa treatment,22,1,32,55,neutral
Dutch Hospital Shopping Precinct,Street food tasting,2,0,2,4,positive
Dutch Hospital Shopping Precinct,Sunset watching,7,0,0,7,positive
Elephant Pass,Bird watching,1,0,1,2,positive
Elephant Pass,Camping,2,0,13,15,neutral
Elephant Pass,Heritage exploration,0,0,3,3,neutral
Elephant Pass,Photography,3,0,6,9,neutral
Elephant Pass,Relaxing,1,0,0,1,positive
Elephant Pass,Sightseeing,1,0,0,1,positive
Elephant Pass,Sunrise watching,1,0,3,4,neutral
Elephant Pass,Sunset watching,3,0,3,6,positive
Elephant Pass,Train ride,1,0,1,2,positive
Elephant Transit Home (ETH),Camping,1,0,3,4,neutral
Elephant Transit Home (ETH),Cycling,1,0,0,1,positive
Elephant Transit Home (ETH),Elephant watching,6,0,10,16,neutral
Elephant Transit Home (ETH),Jeep safari,1,0,2,3,neutral
Elephant Transit Home (ETH),Museum visit,11,0,2,13,positive
Elephant Transit Home (ETH),Photography,16,2,16,34,positive
Elephant Transit Home (ETH),Relaxing,2,0,0,2,positive
Elephant Transit Home (ETH),Safari,31,2,34,67,neutral
Elephant Transit Home (ETH),Shopping,4,1,7,12,neutral
Elephant Transit Home (ETH),Souvenir shopping,1,0,1,2,positive
Elephant Transit Home (ETH),Spa treatment,1,0,0,1,positive
Elephant Transit Home (ETH),Sunset watching,1,0,0,1,positive
Elephant Transit Home (ETH),Swimming,0,0,2,2,neutral
Elephant Transit Home (ETH),Waterfall visit,1,0,1,2,positive
Elephant Transit Home (ETH),Wildlife watching,0,0,1,1,neutral
Ella Rock,Ayurveda wellness,1,0,0,1,positive
Ella Rock,Camping,1,0,2,3,neutral
Ella Rock,Cooking class,1,0,0,1,positive
Ella Rock,Cycling,1,0,0,1,positive
Ella Rock,Forest walk,2,0,0,2,positive
Ella Rock,Fort visit,0,0,1,1,neutral
Ella Rock,Hiking,204,35,170,409,positive
Ella Rock,Mountain climbing,0,0,1,1,neutral
Ella Rock,Nature walk,1,0,0,1,positive
Ella Rock,Photography,23,4,25,52,neutral
Ella Rock,Picnic,2,0,1,3,positive
Ella Rock,Relaxing,10,0,4,14,positive
Ella Rock,Religious visit,9,0,7,16,positive
Ella Rock,Rock climbing,1,0,0,1,positive
Ella Rock,Safari,1,0,0,1,positive
Ella Rock,Shopping,2,1,11,14,neutral
Ella Rock,Sightseeing,0,0,1,1,neutral
Ella Rock,Spa treatment,1,0,0,1,positive
Ella Rock,Sunrise watching,31,2,25,58,positive
Ella Rock,Sunset watching,2,1,2,5,positive
Ella Rock,Swimming,0,0,5,5,neutral
Ella Rock,Tea plantation visit,6,0,8,14,neutral
Ella Rock,Temple visit,3,1,2,6,positive
Ella Rock,Train ride,1,0,4,5,neutral
Ella Rock,Trekking,35,4,33,72,positive
Ella Rock,Viewpoint visit,17,7,30,54,neutral
Ella Rock,Waterfall visit,15,2,18,35,neutral
Ella Rock,Whale watching,1,0,0,1,positive
Ella Rock,Ziplining,1,0,1,2,positive
Embekka Devalaya,Hiking,1,0,0,1,positive
Embekka Devalaya,Photography,1,0,2,3,neutral
Embekka Devalaya,Sunset watching,0,1,0,1,negative
Embekka Devalaya,Temple visit,6,0,4,10,positive
Embekka Devalaya,Trekking,2,0,2,4,positive
Fort Frederick,Beach relaxing,1,0,0,1,positive
Fort Frederick,Beach walking,1,0,0,1,positive
Fort Frederick,Camping,6,0,9,15,neutral
Fort Frederick,Cycling,3,0,0,3,positive
Fort Frederick,Fishing,2,0,0,2,positive
Fort Frederick,Fort visit,144,5,173,322,neutral
Fort Frederick,Photography,14,0,3,17,positive
Fort Frederick,Pilgrimage,2,1,1,4,positive
Fort Frederick,Relaxing,7,0,3,10,positive
Fort Frederick,Religious visit,1,0,0,1,positive
Fort Frederick,Ruins exploration,2,0,0,2,positive
Fort Frederick,Scenic drive,0,0,8,8,neutral
Fort Frederick,Shopping,6,0,2,8,positive
Fort Frederick,Sightseeing,0,0,3,3,neutral
Fort Frederick,Souvenir shopping,2,0,5,7,neutral
Fort Frederick,Sunrise watching,0,0,2,2,neutral
Fort Frederick,Sunset watching,2,0,1,3,positive
Fort Frederick,Swimming,1,0,0,1,positive
Fort Frederick,Temple visit,36,2,55,93,neutral
Fort Frederick,Viewpoint visit,1,0,4,5,neutral
Fort Frederick,Whale watching,0,0,1,1,neutral
Gal Oya National Park,Bird watching,1,0,0,1,positive
Gal Oya National Park,Boat ride,6,0,9,15,neutral
Gal Oya National Park,Boat safari,17,0,16,33,positive
Gal Oya National Park,Camping,6,0,13,19,neutral
Gal Oya National Park,Diving,0,0,1,1,neutral
Gal Oya National Park,Elephant watching,5,0,6,11,neutral
Gal Oya National Park,Fishing,0,0,1,1,neutral
Gal Oya National Park,Forest walk,0,0,1,1,neutral
Gal Oya National Park,Hiking,0,1,0,1,negative
Gal Oya National Park,Jeep safari,7,0,7,14,positive
Gal Oya National Park,Leopard watching,1,0,1,2,positive
Gal Oya National Park,Photography,3,0,1,4,positive
Gal Oya National Park,Picnic,2,0,0,2,positive
Gal Oya National Park,Relaxing,6,0,0,6,positive
Gal Oya National Park,Safari,18,0,26,44,neutral
Gal Oya National Park,Snorkelling,0,0,1,1,neutral
Gal Oya National Park,Sunset watching,2,0,2,4,positive
Gal Oya National Park,Swimming,6,1,12,19,neutral
Gal Oya National Park,Wildlife watching,1,1,1,3,positive
Gal Vihara,Ancient city visit,53,1,58,112,neutral
Gal Vihara,Caving,1,0,0,1,positive
Gal Vihara,Cycling,1,0,2,3,neutral
Gal Vihara,Heritage exploration,6,0,18,24,neutral
Gal Vihara,Meditation,7,0,9,16,neutral
Gal Vihara,Museum visit,0,1,4,5,neutral
Gal Vihara,Photography,14,0,32,46,neutral
Gal Vihara,Picnic,0,0,1,1,neutral
Gal Vihara,Pilgrimage,3,0,4,7,neutral
Gal Vihara,Relaxing,0,0,1,1,neutral
Gal Vihara,Religious visit,38,0,35,73,positive
Gal Vihara,Ruins exploration,17,1,26,44,neutral
Gal Vihara,Sightseeing,0,0,3,3,neutral
Gal Vihara,Sunset watching,1,0,1,2,positive
Gal Vihara,Temple visit,249,12,295,556,neutral
Gal Vihara,Trekking,1,0,0,1,positive
Galle Dutch Fort,Ayurveda wellness,0,0,1,1,neutral
Galle Dutch Fort,Beach walking,2,0,0,2,positive
Galle Dutch Fort,Cycling,1,0,0,1,positive
Galle Dutch Fort,Diving,5,0,0,5,positive
Galle Dutch Fort,Fishing,1,0,0,1,positive
Galle Dutch Fort,Fort visit,456,20,408,884,positive
Galle Dutch Fort,Heritage exploration,25,1,28,54,neutral
Galle Dutch Fort,Local food tasting,2,0,0,2,positive
Galle Dutch Fort,Museum visit,3,0,4,7,neutral
Galle Dutch Fort,Photography,26,0,14,40,positive
Galle Dutch Fort,Picnic,1,0,1,2,positive
Galle Dutch Fort,Relaxing,27,0,11,38,positive
Galle Dutch Fort,Religious visit,5,0,9,14,neutral
Galle Dutch Fort,Ruins exploration,2,0,2,4,positive
Galle Dutch Fort,Safari,0,0,2,2,neutral
Galle Dutch Fort,Sea bathing,1,0,0,1,positive
Galle Dutch Fort,Seafood tasting,4,0,1,5,positive
Galle Dutch Fort,Shopping,120,11,112,243,positive
Galle Dutch Fort,Sightseeing,2,0,1,3,positive
Galle Dutch Fort,Snorkelling,1,0,1,2,positive
Galle Dutch Fort,Souvenir shopping,8,1,11,20,neutral
Galle Dutch Fort,Spa treatment,3,0,1,4,positive
Galle Dutch Fort,Street food tasting,2,0,1,3,positive
Galle Dutch Fort,Sunbathing,0,0,1,1,neutral
Galle Dutch Fort,Sunrise watching,1,0,4,5,neutral
Galle Dutch Fort,Sunset watching,60,0,18,78,positive
Galle Dutch Fort,Surfing,1,0,0,1,positive
Galle Dutch Fort,Swimming,4,1,3,8,positive
Galle Dutch Fort,Temple visit,0,0,2,2,neutral
Galle Dutch Fort,Train ride,2,2,2,6,positive
Galle Dutch Fort,Trekking,1,0,1,2,positive
Galle Dutch Fort,Turtle watching,0,0,1,1,neutral
Galle Dutch Fort,Viewpoint visit,1,0,0,1,positive
Galle Dutch Fort,Whale watching,2,0,0,2,positive
Galle Face Green,Ancient city visit,0,0,1,1,neutral
Galle Face Green,Beach relaxing,0,0,2,2,neutral
Galle Face Green,Beach walking,1,0,5,6,neutral
Galle Face Green,Fort visit,0,0,3,3,neutral
Galle Face Green,Heritage exploration,1,0,0,1,positive
Galle Face Green,Local food tasting,4,0,6,10,neutral
Galle Face Green,Photography,4,0,5,9,neutral
Galle Face Green,Picnic,3,0,3,6,positive
Galle Face Green,Relaxing,81,1,27,109,positive
Galle Face Green,Ruins exploration,1,0,0,1,positive
Galle Face Green,Scenic drive,1,0,0,1,positive
Galle Face Green,Seafood tasting,3,1,10,14,neutral
Galle Face Green,Shopping,16,0,16,32,positive
Galle Face Green,Sightseeing,1,0,1,2,positive
Galle Face Green,Spa treatment,4,0,0,4,positive
Galle Face Green,Street food tasting,41,7,62,110,neutral
Galle Face Green,Sunbathing,0,1,0,1,negative
Galle Face Green,Sunrise watching,2,0,0,2,positive
Galle Face Green,Sunset watching,89,2,39,130,positive
Galle Face Green,Swimming,2,4,10,16,neutral
Galle Face Green,Temple visit,1,0,0,1,positive
Galle Face Green,Viewpoint visit,0,0,1,1,neutral
Galle Face HotelSomeone from this business manages the listing.,Seafood tasting,1,0,0,1,positive
Galle Face HotelSomeone from this business manages the listing.,Shopping,1,0,0,1,positive
Galle Face HotelSomeone from this business manages the listing.,Swimming,0,0,1,1,neutral
Galle Fort Lighthouse,Ayurveda wellness,1,1,0,2,positive
Galle Fort Lighthouse,Beach walking,1,0,1,2,positive
Galle Fort Lighthouse,Boat ride,1,0,1,2,positive
Galle Fort Lighthouse,Cycling,0,0,1,1,neutral
Galle Fort Lighthouse,Diving,3,0,2,5,positive
Galle Fort Lighthouse,Fort visit,244,16,219,479,positive
Galle Fort Lighthouse,Heritage exploration,8,0,6,14,positive
Galle Fort Lighthouse,Hiking,0,0,1,1,neutral
Galle Fort Lighthouse,Photography,129,1,42,172,positive
Galle Fort Lighthouse,Picnic,2,0,1,3,positive
Galle Fort Lighthouse,Relaxing,9,0,3,12,positive
Galle Fort Lighthouse,Religious visit,3,0,3,6,positive
Galle Fort Lighthouse,Sea bathing,3,0,3,6,positive
Galle Fort Lighthouse,Shopping,19,0,16,35,positive
Galle Fort Lighthouse,Sightseeing,1,0,0,1,positive
Galle Fort Lighthouse,Souvenir shopping,2,0,1,3,positive
Galle Fort Lighthouse,Spa treatment,1,0,1,2,positive
Galle Fort Lighthouse,Sunbathing,1,0,0,1,positive
Galle Fort Lighthouse,Sunrise watching,9,0,4,13,positive
Galle Fort Lighthouse,Sunset watching,35,1,23,59,positive
Galle Fort Lighthouse,Surfing,1,0,0,1,positive
Galle Fort Lighthouse,Swimming,14,1,6,21,positive
Galle Fort Lighthouse,Viewpoint visit,4,0,0,4,positive
Galway's Land National Park,Bird watching,3,0,4,7,neutral
Galway's Land National Park,Camping,0,0,1,1,neutral
Galway's Land National Park,Forest walk,2,0,2,4,positive
Galway's Land National Park,Hiking,5,0,3,8,positive
Galway's Land National Park,Photography,1,0,3,4,neutral
Galway's Land National Park,Relaxing,4,0,1,5,positive
Galway's Land National Park,Safari,0,0,1,1,neutral
Galway's Land National Park,Trekking,1,0,5,6,neutral
Galway's Land National Park,Viewpoint visit,1,0,0,1,positive
Galway's Land National Park,Walking trail,0,0,1,1,neutral
Gangaramaya Temple,Ancient city visit,0,0,1,1,neutral
Gangaramaya Temple,Boat ride,0,0,4,4,neutral
Gangaramaya Temple,Diving,0,0,2,2,neutral
Gangaramaya Temple,Fort visit,0,0,1,1,neutral
Gangaramaya Temple,Meditation,8,0,16,24,neutral
Gangaramaya Temple,Museum visit,25,0,18,43,positive
Gangaramaya Temple,Photography,13,2,30,45,neutral
Gangaramaya Temple,Pilgrimage,2,0,4,6,neutral
Gangaramaya Temple,Relaxing,22,0,3,25,positive
Gangaramaya Temple,Religious visit,25,1,22,48,positive
Gangaramaya Temple,Shopping,2,0,4,6,neutral
Gangaramaya Temple,Sightseeing,1,0,1,2,positive
Gangaramaya Temple,Souvenir shopping,1,0,0,1,positive
Gangaramaya Temple,Sunset watching,3,0,0,3,positive
Gangaramaya Temple,Temple visit,324,12,303,639,positive
Gartmore Falls,Hiking,1,0,1,2,positive
Gartmore Falls,Swimming,1,0,1,2,positive
Gartmore Falls,Waterfall visit,3,0,2,5,positive
Goyambokka Beach,Beach relaxing,1,0,1,2,positive
Goyambokka Beach,Bird watching,0,0,1,1,neutral
Goyambokka Beach,Boat ride,1,0,0,1,positive
Goyambokka Beach,Body boarding,6,0,0,6,positive
Goyambokka Beach,Canoeing,0,0,1,1,neutral
Goyambokka Beach,Cycling,1,0,0,1,positive
Goyambokka Beach,Fishing,2,0,1,3,positive
Goyambokka Beach,Photography,4,1,2,7,positive
Goyambokka Beach,Relaxing,36,1,10,47,positive
Goyambokka Beach,Ruins exploration,1,0,1,2,positive
Goyambokka Beach,Safari,0,0,1,1,neutral
Goyambokka Beach,Sea bathing,0,0,1,1,neutral
Goyambokka Beach,Seafood tasting,12,2,9,23,positive
Goyambokka Beach,Shopping,0,0,1,1,neutral
Goyambokka Beach,Snorkelling,4,0,1,5,positive
Goyambokka Beach,Spa treatment,15,1,6,22,positive
Goyambokka Beach,Sunbathing,8,0,1,9,positive
Goyambokka Beach,Sunrise watching,1,0,0,1,positive
Goyambokka Beach,Sunset watching,1,0,0,1,positive
Goyambokka Beach,Surfing,18,2,11,31,positive
Goyambokka Beach,Swimming,72,14,30,116,positive
Goyambokka Beach,Trekking,1,0,0,1,positive
Goyambokka Beach,Turtle watching,1,0,0,1,positive
Goyambokka Beach,Viewpoint visit,1,0,0,1,positive
Goyambokka Beach,Yoga,1,0,0,1,positive
Gregory Lake,Boat ride,82,5,82,169,positive
Gregory Lake,Boat safari,2,0,0,2,positive
Gregory Lake,Cycling,8,0,10,18,neutral
Gregory Lake,Fishing,0,0,3,3,neutral
Gregory Lake,Hiking,1,0,0,1,positive
Gregory Lake,Kayaking,1,0,4,5,neutral
Gregory Lake,Local food tasting,0,0,2,2,neutral
Gregory Lake,Meditation,0,0,1,1,neutral
Gregory Lake,Photography,21,0,8,29,positive
Gregory Lake,Picnic,2,2,5,9,neutral
Gregory Lake,Relaxing,70,1,18,89,positive
Gregory Lake,Safari,3,0,0,3,positive
Gregory Lake,Scenic drive,2,0,2,4,positive
Gregory Lake,Seafood tasting,0,0,1,1,neutral
Gregory Lake,Shopping,6,1,9,16,neutral
Gregory Lake,Sightseeing,2,1,0,3,positive
Gregory Lake,Souvenir shopping,1,0,0,1,positive
Gregory Lake,Street food tasting,2,0,3,5,neutral
Gregory Lake,Sunset watching,2,0,1,3,positive
Gregory Lake,Swimming,0,0,2,2,neutral
Gregory Lake,Temple visit,2,0,0,2,positive
Gregory Lake,Train ride,0,0,1,1,neutral
Gregory Lake,Trekking,1,0,0,1,positive
Gregory Lake,Walking trail,1,0,0,1,positive
Gregory Lake,Wind surfing,1,0,0,1,positive
Hakgala Botanic Gardens,Ayurveda wellness,0,0,1,1,neutral
Hakgala Botanic Gardens,Bird watching,1,1,2,4,neutral
Hakgala Botanic Gardens,Hiking,0,0,1,1,neutral
Hakgala Botanic Gardens,Meditation,2,0,0,2,positive
Hakgala Botanic Gardens,Photography,25,2,11,38,positive
Hakgala Botanic Gardens,Picnic,1,2,6,9,neutral
Hakgala Botanic Gardens,Relaxing,32,0,11,43,positive
Hakgala Botanic Gardens,Shopping,1,1,5,7,neutral
Hakgala Botanic Gardens,Tea tasting,0,0,1,1,neutral
Hakgala Botanic Gardens,Temple visit,0,0,1,1,neutral
Hakgala Botanic Gardens,Trekking,1,0,2,3,neutral
Handunugoda Tea Estate,Camping,0,0,1,1,neutral
Handunugoda Tea Estate,Diving,0,0,1,1,neutral
Handunugoda Tea Estate,Hiking,0,0,1,1,neutral
Handunugoda Tea Estate,Museum visit,12,1,12,25,positive
Handunugoda Tea Estate,Photography,9,1,7,17,positive
Handunugoda Tea Estate,Relaxing,12,0,1,13,positive
Handunugoda Tea Estate,Religious visit,0,1,0,1,negative
Handunugoda Tea Estate,Scenic drive,2,0,1,3,positive
Handunugoda Tea Estate,Shopping,58,6,74,138,neutral
Handunugoda Tea Estate,Souvenir shopping,5,1,2,8,positive
Handunugoda Tea Estate,Tea factory visit,19,0,11,30,positive
Handunugoda Tea Estate,Tea plantation visit,576,25,472,1073,positive
Handunugoda Tea Estate,Tea tasting,52,1,40,93,positive
Handunugoda Tea Estate,Trekking,1,0,0,1,positive
Handunugoda Tea Estate,Whale watching,0,0,2,2,neutral
Henerathgoda Botanical Garden,Boat ride,2,0,2,4,positive
Henerathgoda Botanical Garden,Photography,0,0,3,3,neutral
Henerathgoda Botanical Garden,Picnic,0,0,1,1,neutral
Henerathgoda Botanical Garden,Relaxing,7,0,6,13,positive
Henerathgoda Botanical Garden,Temple visit,1,0,0,1,positive
Henerathgoda Botanical Garden,Waterfall visit,0,0,1,1,neutral
Hikkaduwa Beach,Ayurveda wellness,1,0,1,2,positive
Hikkaduwa Beach,Beach relaxing,1,0,1,2,positive
Hikkaduwa Beach,Beach walking,6,1,7,14,neutral
Hikkaduwa Beach,Boat ride,5,1,9,15,neutral
Hikkaduwa Beach,Boat safari,0,0,1,1,neutral
Hikkaduwa Beach,Body boarding,2,0,0,2,positive
Hikkaduwa Beach,Camping,0,0,1,1,neutral
Hikkaduwa Beach,Canoeing,2,0,0,2,positive
Hikkaduwa Beach,Diving,27,2,22,51,positive
Hikkaduwa Beach,Fishing,4,1,4,9,positive
Hikkaduwa Beach,Fort visit,0,0,1,1,neutral
Hikkaduwa Beach,Lagoon visit,0,1,0,1,negative
Hikkaduwa Beach,Museum visit,0,0,1,1,neutral
Hikkaduwa Beach,Paddle boarding,0,0,2,2,neutral
Hikkaduwa Beach,Photography,9,0,6,15,positive
Hikkaduwa Beach,Relaxing,60,8,26,94,positive
Hikkaduwa Beach,Safari,0,0,3,3,neutral
Hikkaduwa Beach,Scenic train ride,1,0,0,1,positive
Hikkaduwa Beach,Scuba diving,8,0,7,15,positive
Hikkaduwa Beach,Sea bathing,5,0,2,7,positive
Hikkaduwa Beach,Seafood tasting,12,1,2,15,positive
Hikkaduwa Beach,Shopping,22,1,19,42,positive
Hikkaduwa Beach,Sightseeing,1,1,0,2,positive
Hikkaduwa Beach,Snorkelling,92,8,63,163,positive
Hikkaduwa Beach,Souvenir shopping,2,0,2,4,positive
Hikkaduwa Beach,Spa treatment,2,0,2,4,positive
Hikkaduwa Beach,Street food tasting,0,0,1,1,neutral
Hikkaduwa Beach,Sunbathing,3,0,2,5,positive
Hikkaduwa Beach,Sunrise watching,3,0,0,3,positive
Hikkaduwa Beach,Sunset watching,34,1,10,45,positive
Hikkaduwa Beach,Surfing,93,12,70,175,positive
Hikkaduwa Beach,Swimming,77,27,73,177,positive
Hikkaduwa Beach,Train ride,2,0,4,6,neutral
Hikkaduwa Beach,Turtle watching,5,0,8,13,neutral
Hikkaduwa Beach,Whale watching,3,0,0,3,positive
Hikkaduwa Beach,Wind surfing,0,0,2,2,neutral
Hiriketiya Beach,Ayurveda wellness,0,0,1,1,neutral
Hiriketiya Beach,Camping,1,0,1,2,positive
Hiriketiya Beach,Fishing,1,0,0,1,positive
Hiriketiya Beach,Local food tasting,1,0,0,1,positive
Hiriketiya Beach,Photography,0,0,1,1,neutral
Hiriketiya Beach,Relaxing,16,0,4,20,positive
Hiriketiya Beach,Ruins exploration,0,0,1,1,neutral
Hiriketiya Beach,Sea bathing,1,0,0,1,positive
Hiriketiya Beach,Seafood tasting,0,0,1,1,neutral
Hiriketiya Beach,Shopping,1,0,4,5,neutral
Hiriketiya Beach,Snorkelling,3,0,2,5,positive
Hiriketiya Beach,Spa treatment,0,0,1,1,neutral
Hiriketiya Beach,Sunbathing,1,0,0,1,positive
Hiriketiya Beach,Sunrise watching,4,0,2,6,positive
Hiriketiya Beach,Sunset watching,2,0,0,2,positive
Hiriketiya Beach,Surfing,78,5,43,126,positive
Hiriketiya Beach,Swimming,22,2,13,37,positive
Hiriketiya Beach,Temple visit,1,0,0,1,positive
Hiriketiya Beach,Yoga,2,2,2,6,positive
Horton Plains National Park,Ayurveda wellness,0,0,1,1,neutral
Horton Plains National Park,Bird watching,0,0,3,3,neutral
Horton Plains National Park,Camping,4,1,2,7,positive
Horton Plains National Park,Cycling,1,0,0,1,positive
Horton Plains National Park,Forest walk,2,0,4,6,neutral
Horton Plains National Park,Heritage exploration,1,0,3,4,neutral
Horton Plains National Park,Hiking,192,31,130,353,positive
Horton Plains National Park,Museum visit,0,0,2,2,neutral
Horton Plains National Park,Nature walk,1,0,2,3,neutral
Horton Plains National Park,Photography,21,3,25,49,neutral
Horton Plains National Park,Picnic,2,0,1,3,positive
Horton Plains National Park,Relaxing,7,0,2,9,positive
Horton Plains National Park,Rock climbing,1,0,0,1,positive
Horton Plains National Park,Ruins exploration,0,1,2,3,neutral
Horton Plains National Park,Safari,2,0,0,2,positive
Horton Plains National Park,Scenic drive,1,0,0,1,positive
Horton Plains National Park,Shopping,2,0,2,4,positive
Horton Plains National Park,Sightseeing,0,0,1,1,neutral
Horton Plains National Park,Sunrise watching,26,0,18,44,positive
Horton Plains National Park,Sunset watching,1,0,0,1,positive
Horton Plains National Park,Swimming,3,0,0,3,positive
Horton Plains National Park,Tea factory visit,0,0,1,1,neutral
Horton Plains National Park,Train ride,1,0,1,2,positive
Horton Plains National Park,Trekking,57,3,67,127,neutral
Horton Plains National Park,Viewpoint visit,13,0,16,29,neutral
Horton Plains National Park,Walking trail,1,1,1,3,positive
Horton Plains National Park,Waterfall visit,66,6,41,113,positive
Horton Plains National Park,Wildlife watching,0,0,2,2,neutral
Horton Plains National Park,Yoga,0,1,0,1,negative
Hummanaya Blow Hole,Boat ride,1,0,1,2,positive
Hummanaya Blow Hole,Fishing,5,1,8,14,neutral
Hummanaya Blow Hole,Hiking,1,1,3,5,neutral
Hummanaya Blow Hole,Museum visit,2,0,0,2,positive
Hummanaya Blow Hole,Photography,8,1,5,14,positive
Hummanaya Blow Hole,Relaxing,1,0,0,1,positive
Hummanaya Blow Hole,Shopping,2,2,5,9,neutral
Hummanaya Blow Hole,Street food tasting,0,1,0,1,negative
Hummanaya Blow Hole,Swimming,0,0,1,1,neutral
Hummanaya Blow Hole,Trekking,2,2,2,6,positive
Hummanaya Blow Hole,Viewpoint visit,1,0,0,1,positive
Hurulu Eco Park,Bird watching,2,0,1,3,positive
Hurulu Eco Park,Boat ride,0,0,1,1,neutral
Hurulu Eco Park,Elephant watching,21,4,49,74,neutral
Hurulu Eco Park,Jeep safari,10,0,18,28,neutral
Hurulu Eco Park,Photography,13,1,18,32,neutral
Hurulu Eco Park,Relaxing,2,0,2,4,positive
Hurulu Eco Park,Ruins exploration,1,0,1,2,positive
Hurulu Eco Park,Safari,67,11,133,211,neutral
Hurulu Eco Park,Scenic drive,2,0,3,5,neutral
Hurulu Eco Park,Shopping,0,0,2,2,neutral
Hurulu Eco Park,Spa treatment,1,0,0,1,positive
Hurulu Eco Park,Sunset watching,8,0,3,11,positive
Hurulu Eco Park,Trekking,0,0,1,1,neutral
Hurulu Eco Park,Viewpoint visit,6,1,3,10,positive
Hurulu Eco Park,Wildlife watching,1,0,0,1,positive
Independence Memorial Hall,Cycling,1,0,1,2,positive
Independence Memorial Hall,Heritage exploration,0,0,1,1,neutral
Independence Memorial Hall,Museum visit,10,2,5,17,positive
Independence Memorial Hall,Photography,39,0,28,67,positive
Independence Memorial Hall,Picnic,3,0,0,3,positive
Independence Memorial Hall,Relaxing,24,0,11,35,positive
Independence Memorial Hall,Shopping,22,0,24,46,neutral
Independence Memorial Hall,Sightseeing,1,0,2,3,neutral
Independence Memorial Hall,Sunset watching,0,0,1,1,neutral
Independence Memorial Hall,Temple visit,0,0,1,1,neutral
Independence Memorial Hall,Yoga,2,0,0,2,positive
Isurumuniya Temple,Ancient city visit,25,1,24,50,positive
Isurumuniya Temple,Bird watching,0,0,1,1,neutral
Isurumuniya Temple,Elephant watching,0,0,1,1,neutral
Isurumuniya Temple,Heritage exploration,1,0,4,5,neutral
Isurumuniya Temple,Hiking,0,0,1,1,neutral
Isurumuniya Temple,Meditation,1,0,0,1,positive
Isurumuniya Temple,Museum visit,4,0,13,17,neutral
Isurumuniya Temple,Photography,4,2,12,18,neutral
Isurumuniya Temple,Pilgrimage,0,0,1,1,neutral
Isurumuniya Temple,Relaxing,7,0,1,8,positive
Isurumuniya Temple,Religious visit,9,1,12,22,neutral
Isurumuniya Temple,Rock climbing,0,0,1,1,neutral
Isurumuniya Temple,Ruins exploration,1,0,2,3,neutral
Isurumuniya Temple,Sightseeing,3,0,2,5,positive
Isurumuniya Temple,Spa treatment,1,0,0,1,positive
Isurumuniya Temple,Sunset watching,6,0,0,6,positive
Isurumuniya Temple,Temple visit,136,13,184,333,neutral
Isurumuniya Temple,Train ride,0,0,1,1,neutral
Isurumuniya Temple,Viewpoint visit,1,0,2,3,neutral
Jaffna Fort,Ancient city visit,0,0,1,1,neutral
Jaffna Fort,Boat ride,1,0,0,1,positive
Jaffna Fort,Cycling,0,0,1,1,neutral
Jaffna Fort,Fishing,3,0,1,4,positive
Jaffna Fort,Fort visit,301,22,326,649,neutral
Jaffna Fort,Heritage exploration,4,0,6,10,neutral
Jaffna Fort,Museum visit,1,0,2,3,neutral
Jaffna Fort,Photography,20,0,17,37,positive
Jaffna Fort,Picnic,0,0,1,1,neutral
Jaffna Fort,Relaxing,5,1,1,7,positive
Jaffna Fort,Religious visit,2,0,4,6,neutral
Jaffna Fort,Ruins exploration,12,1,10,23,positive
Jaffna Fort,Scenic drive,1,0,0,1,positive
Jaffna Fort,Shopping,1,0,9,10,neutral
Jaffna Fort,Sightseeing,1,0,3,4,neutral
Jaffna Fort,Souvenir shopping,0,0,1,1,neutral
Jaffna Fort,Sunrise watching,1,0,0,1,positive
Jaffna Fort,Sunset watching,36,0,15,51,positive
Jaffna Fort,Swimming,1,0,0,1,positive
Jaffna Fort,Tea plantation visit,0,0,1,1,neutral
Jaffna Fort,Temple visit,1,0,1,2,positive
Jaffna Fort,Train ride,1,0,0,1,positive
Jaffna Fort,Viewpoint visit,1,0,1,2,positive
Jaffna Public Library,Fort visit,2,0,4,6,neutral
Jaffna Public Library,Heritage exploration,0,0,1,1,neutral
Jaffna Public Library,Photography,6,4,17,27,neutral
Jaffna Public Library,Relaxing,3,0,0,3,positive
Jaffna Public Library,Sunset watching,0,0,1,1,neutral
Jaffna Public Library,Swimming,0,1,0,1,negative
Jaffna Public Library,Temple visit,1,0,0,1,positive
Jami Ul-Alfar Mosque,Fort visit,6,0,4,10,positive
Jami Ul-Alfar Mosque,Heritage exploration,1,0,0,1,positive
Jami Ul-Alfar Mosque,Market visit,1,0,0,1,positive
Jami Ul-Alfar Mosque,Museum visit,0,0,1,1,neutral
Jami Ul-Alfar Mosque,Photography,36,2,27,65,positive
Jami Ul-Alfar Mosque,Relaxing,2,0,0,2,positive
Jami Ul-Alfar Mosque,Religious visit,168,37,199,404,neutral
Jami Ul-Alfar Mosque,Shopping,6,3,31,40,neutral
Jami Ul-Alfar Mosque,Souvenir shopping,2,0,0,2,positive
Jami Ul-Alfar Mosque,Swimming,1,0,1,2,positive
Jami Ul-Alfar Mosque,Temple visit,0,0,1,1,neutral
Japanese Peace Pagoda - Rumassala,Beach walking,0,0,2,2,neutral
Japanese Peace Pagoda - Rumassala,Bird watching,0,0,1,1,neutral
Japanese Peace Pagoda - Rumassala,Boat ride,0,0,1,1,neutral
Japanese Peace Pagoda - Rumassala,Cycling,1,0,0,1,positive
Japanese Peace Pagoda - Rumassala,Fort visit,13,1,7,21,positive
Japanese Peace Pagoda - Rumassala,Hiking,13,0,1,14,positive
Japanese Peace Pagoda - Rumassala,Meditation,12,0,4,16,positive
Japanese Peace Pagoda - Rumassala,Museum visit,1,0,0,1,positive
Japanese Peace Pagoda - Rumassala,Photography,18,2,4,24,positive
Japanese Peace Pagoda - Rumassala,Pilgrimage,0,0,1,1,neutral
Japanese Peace Pagoda - Rumassala,Relaxing,20,0,2,22,positive
Japanese Peace Pagoda - Rumassala,Religious visit,11,1,7,19,positive
Japanese Peace Pagoda - Rumassala,Scenic drive,1,0,0,1,positive
Japanese Peace Pagoda - Rumassala,Shopping,1,0,2,3,neutral
Japanese Peace Pagoda - Rumassala,Sightseeing,1,0,1,2,positive
Japanese Peace Pagoda - Rumassala,Snorkelling,1,0,0,1,positive
Japanese Peace Pagoda - Rumassala,Souvenir shopping,1,0,0,1,positive
Japanese Peace Pagoda - Rumassala,Sunbathing,0,0,1,1,neutral
Japanese Peace Pagoda - Rumassala,Sunrise watching,1,0,2,3,neutral
Japanese Peace Pagoda - Rumassala,Sunset watching,82,1,27,110,positive
Japanese Peace Pagoda - Rumassala,Swimming,4,0,3,7,positive
Japanese Peace Pagoda - Rumassala,Temple visit,23,4,23,50,positive
Japanese Peace Pagoda - Rumassala,Trekking,4,0,2,6,positive
Japanese Peace Pagoda - Rumassala,Viewpoint visit,4,0,1,5,positive
Japanese Peace Pagoda - Rumassala,Waterfall visit,2,0,1,3,positive
Japanese Peace Pagoda - Rumassala,Yoga,0,0,1,1,neutral
Jaya Sri Maha Bodhi,Ancient city visit,25,0,30,55,neutral
Jaya Sri Maha Bodhi,Cycling,0,0,1,1,neutral
Jaya Sri Maha Bodhi,Heritage exploration,2,0,4,6,neutral
Jaya Sri Maha Bodhi,Hiking,0,0,1,1,neutral
Jaya Sri Maha Bodhi,Meditation,12,2,10,24,positive
Jaya Sri Maha Bodhi,Museum visit,1,0,1,2,positive
Jaya Sri Maha Bodhi,Photography,5,2,4,11,positive
Jaya Sri Maha Bodhi,Picnic,0,0,1,1,neutral
Jaya Sri Maha Bodhi,Pilgrimage,14,3,31,48,neutral
Jaya Sri Maha Bodhi,Relaxing,8,0,2,10,positive
Jaya Sri Maha Bodhi,Religious visit,16,1,18,35,neutral
Jaya Sri Maha Bodhi,Ruins exploration,5,1,5,11,positive
Jaya Sri Maha Bodhi,Shopping,0,0,3,3,neutral
Jaya Sri Maha Bodhi,Sightseeing,0,1,0,1,negative
Jaya Sri Maha Bodhi,Souvenir shopping,0,0,1,1,neutral
Jaya Sri Maha Bodhi,Spa treatment,0,0,1,1,neutral
Jaya Sri Maha Bodhi,Sunset watching,1,0,2,3,neutral
Jaya Sri Maha Bodhi,Temple visit,13,3,16,32,neutral
Jaya Sri Maha Bodhi,Train ride,0,0,3,3,neutral
Jungle Beach,Boat ride,4,3,4,11,positive
Jungle Beach,Diving,3,0,2,5,positive
Jungle Beach,Fishing,0,1,0,1,negative
Jungle Beach,Fort visit,1,0,1,2,positive
Jungle Beach,Hiking,29,2,20,51,positive
Jungle Beach,Lagoon visit,0,0,1,1,neutral
Jungle Beach,Local food tasting,1,0,0,1,positive
Jungle Beach,Photography,7,2,11,20,neutral
Jungle Beach,Picnic,1,0,4,5,neutral
Jungle Beach,Relaxing,41,3,12,56,positive
Jungle Beach,Ruins exploration,0,0,1,1,neutral
Jungle Beach,Scuba diving,0,0,1,1,neutral
Jungle Beach,Sea bathing,7,1,0,8,positive
Jungle Beach,Seafood tasting,0,1,1,2,negative
Jungle Beach,Shopping,2,0,10,12,neutral
Jungle Beach,Snorkelling,59,10,31,100,positive
Jungle Beach,Spa treatment,1,0,1,2,positive
Jungle Beach,Sunbathing,4,0,0,4,positive
Jungle Beach,Sunset watching,20,0,5,25,positive
Jungle Beach,Surfing,2,0,3,5,neutral
Jungle Beach,Swimming,83,14,50,147,positive
Jungle Beach,Temple visit,5,0,4,9,positive
Jungle Beach,Trekking,17,3,21,41,neutral
Jungle Beach,Walking trail,0,0,1,1,neutral
Jungle Beach,Waterfall visit,0,0,1,1,neutral
Kabalana Beach,Beach walking,1,0,0,1,positive
Kabalana Beach,Relaxing,1,0,0,1,positive
Kabalana Beach,Shopping,0,1,0,1,negative
Kabalana Beach,Sunset watching,1,0,0,1,positive
Kabalana Beach,Surfing,13,1,6,20,positive
Kabalana Beach,Swimming,2,1,1,4,positive
Kalametiya Eco Bird Watching,Bird watching,62,0,44,106,positive
Kalametiya Eco Bird Watching,Boat ride,25,1,17,43,positive
Kalametiya Eco Bird Watching,Boat safari,1,0,0,1,positive
Kalametiya Eco Bird Watching,Fishing,0,0,1,1,neutral
Kalametiya Eco Bird Watching,Hiking,2,0,3,5,neutral
Kalametiya Eco Bird Watching,Lagoon visit,13,1,6,20,positive
Kalametiya Eco Bird Watching,Meditation,2,0,2,4,positive
Kalametiya Eco Bird Watching,Nature walk,0,0,1,1,neutral
Kalametiya Eco Bird Watching,Photography,26,0,17,43,positive
Kalametiya Eco Bird Watching,Rafting,1,0,4,5,neutral
Kalametiya Eco Bird Watching,Relaxing,27,0,2,29,positive
Kalametiya Eco Bird Watching,Safari,12,0,8,20,positive
Kalametiya Eco Bird Watching,Souvenir shopping,1,0,1,2,positive
Kalametiya Eco Bird Watching,Spa treatment,0,0,1,1,neutral
Kalametiya Eco Bird Watching,Sunrise watching,14,0,4,18,positive
Kalametiya Eco Bird Watching,Sunset watching,20,0,7,27,positive
Kalametiya Eco Bird Watching,Surfing,1,0,0,1,positive
Kalametiya Eco Bird Watching,Swimming,1,0,1,2,positive
Kalametiya Eco Bird Watching,Viewpoint visit,3,0,1,4,positive
Kalutara Bodhiya,Ancient city visit,0,0,2,2,neutral
Kalutara Bodhiya,Elephant watching,0,0,1,1,neutral
Kalutara Bodhiya,Meditation,6,0,5,11,positive
Kalutara Bodhiya,Museum visit,1,0,0,1,positive
Kalutara Bodhiya,Photography,9,0,6,15,positive
Kalutara Bodhiya,Pilgrimage,1,1,3,5,neutral
Kalutara Bodhiya,Relaxing,7,1,3,11,positive
Kalutara Bodhiya,Religious visit,21,0,16,37,positive
Kalutara Bodhiya,Shopping,1,0,2,3,neutral
Kalutara Bodhiya,Sightseeing,0,0,1,1,neutral
Kalutara Bodhiya,Spa treatment,1,0,1,2,positive
Kalutara Bodhiya,Sunset watching,2,0,0,2,positive
Kalutara Bodhiya,Temple visit,37,2,36,75,positive
Kalutara Bodhiya,Train ride,1,0,0,1,positive
Kande Viharaya Temple,Boat ride,0,0,2,2,neutral
Kande Viharaya Temple,Meditation,2,0,0,2,positive
Kande Viharaya Temple,Museum visit,4,0,1,5,positive
Kande Viharaya Temple,Photography,9,0,9,18,positive
Kande Viharaya Temple,Pilgrimage,1,0,1,2,positive
Kande Viharaya Temple,Relaxing,2,0,0,2,positive
Kande Viharaya Temple,Religious visit,10,1,12,23,neutral
Kande Viharaya Temple,Sightseeing,0,0,3,3,neutral
Kande Viharaya Temple,Spa treatment,1,0,1,2,positive
Kande Viharaya Temple,Temple visit,83,6,108,197,neutral
Kande Viharaya Temple,Train ride,0,0,1,1,neutral
Kande Viharaya Temple,Waterfall visit,0,1,0,1,negative
Kandy Lake,Boat ride,13,0,26,39,neutral
Kandy Lake,Cultural show,4,1,2,7,positive
Kandy Lake,Cycling,0,0,1,1,neutral
Kandy Lake,Diving,1,0,0,1,positive
Kandy Lake,Fishing,4,0,9,13,neutral
Kandy Lake,Heritage exploration,0,0,1,1,neutral
Kandy Lake,Hiking,1,0,1,2,positive
Kandy Lake,Kayaking,1,0,0,1,positive
Kandy Lake,Local food tasting,1,0,0,1,positive
Kandy Lake,Meditation,0,0,1,1,neutral
Kandy Lake,Museum visit,0,0,1,1,neutral
Kandy Lake,Photography,29,1,18,48,positive
Kandy Lake,Picnic,2,0,0,2,positive
Kandy Lake,Pilgrimage,0,0,2,2,neutral
Kandy Lake,Relaxing,50,6,17,73,positive
Kandy Lake,Religious visit,8,1,10,19,neutral
Kandy Lake,Scenic drive,1,0,0,1,positive
Kandy Lake,Shopping,6,2,10,18,neutral
Kandy Lake,Sightseeing,1,0,5,6,neutral
Kandy Lake,Souvenir shopping,1,0,0,1,positive
Kandy Lake,Street food tasting,1,0,0,1,positive
Kandy Lake,Sunbathing,1,0,1,2,positive
Kandy Lake,Sunrise watching,2,0,0,2,positive
Kandy Lake,Sunset watching,26,1,8,35,positive
Kandy Lake,Swimming,8,0,1,9,positive
Kandy Lake,Temple visit,37,3,35,75,positive
Kandy Lake,Train ride,0,0,3,3,neutral
Kandy Lake,Turtle watching,0,0,2,2,neutral
Kandy Lake,Viewpoint visit,16,0,10,26,positive
Kandy Lake,Yoga,1,0,0,1,positive
Kandy View Point,Ancient city visit,1,0,0,1,positive
Kandy View Point,Cultural show,1,0,1,2,positive
Kandy View Point,Forest walk,1,1,0,2,positive
Kandy View Point,Hiking,1,1,4,6,neutral
Kandy View Point,Meditation,1,0,0,1,positive
Kandy View Point,Museum visit,2,0,0,2,positive
Kandy View Point,Photography,88,2,39,129,positive
Kandy View Point,Relaxing,8,1,1,10,positive
Kandy View Point,Religious visit,11,0,22,33,neutral
Kandy View Point,Shopping,4,0,7,11,neutral
Kandy View Point,Sightseeing,1,0,1,2,positive
Kandy View Point,Souvenir shopping,2,3,11,16,neutral
Kandy View Point,Sunrise watching,4,0,0,4,positive
Kandy View Point,Sunset watching,24,0,5,29,positive
Kandy View Point,Temple visit,26,0,29,55,neutral
Kandy View Point,Train ride,0,0,2,2,neutral
Kandy View Point,Viewpoint visit,106,4,103,213,positive
Kanniya Hot Springs,Ancient city visit,0,0,1,1,neutral
Kanniya Hot Springs,Ayurveda wellness,0,0,1,1,neutral
Kanniya Hot Springs,Heritage exploration,1,1,4,6,neutral
Kanniya Hot Springs,Local food tasting,1,0,1,2,positive
Kanniya Hot Springs,Photography,1,0,7,8,neutral
Kanniya Hot Springs,Pilgrimage,2,0,6,8,neutral
Kanniya Hot Springs,Relaxing,4,0,0,4,positive
Kanniya Hot Springs,Religious visit,0,1,1,2,negative
Kanniya Hot Springs,Ruins exploration,1,0,0,1,positive
Kanniya Hot Springs,Shopping,2,2,7,11,neutral
Kanniya Hot Springs,Sightseeing,0,0,1,1,neutral
Kanniya Hot Springs,Souvenir shopping,3,0,6,9,neutral
Kanniya Hot Springs,Swimming,1,1,3,5,neutral
Kanniya Hot Springs,Temple visit,0,0,1,1,neutral
Kataragama Temple,Ancient city visit,1,0,1,2,positive
Kataragama Temple,Camping,0,0,1,1,neutral
Kataragama Temple,Elephant watching,0,0,1,1,neutral
Kataragama Temple,Heritage exploration,1,0,0,1,positive
Kataragama Temple,Hiking,0,0,1,1,neutral
Kataragama Temple,Jeep safari,0,0,1,1,neutral
Kataragama Temple,Meditation,2,1,4,7,neutral
Kataragama Temple,Museum visit,1,0,0,1,positive
Kataragama Temple,Photography,4,0,3,7,positive
Kataragama Temple,Pilgrimage,22,2,45,69,neutral
Kataragama Temple,Relaxing,9,0,1,10,positive
Kataragama Temple,Religious visit,7,1,18,26,neutral
Kataragama Temple,Safari,0,0,5,5,neutral
Kataragama Temple,Shopping,3,0,8,11,neutral
Kataragama Temple,Souvenir shopping,0,0,1,1,neutral
Kataragama Temple,Street food tasting,0,0,1,1,neutral
Kataragama Temple,Temple visit,138,25,316,479,neutral
Kataragama Temple,Trekking,0,0,1,1,neutral
Kataragama Temple,Waterfall visit,0,0,1,1,neutral
Kaudulla National Park,Ancient city visit,1,0,7,8,neutral
Kaudulla National Park,Bird watching,4,0,1,5,positive
Kaudulla National Park,Camping,0,0,1,1,neutral
Kaudulla National Park,Elephant watching,48,1,39,88,positive
Kaudulla National Park,Fishing,0,0,1,1,neutral
Kaudulla National Park,Jeep safari,14,1,43,58,neutral
Kaudulla National Park,Photography,28,4,22,54,positive
Kaudulla National Park,Rafting,0,0,1,1,neutral
Kaudulla National Park,Relaxing,2,0,3,5,neutral
Kaudulla National Park,Safari,120,10,173,303,neutral
Kaudulla National Park,Scenic drive,5,0,2,7,positive
Kaudulla National Park,Shopping,1,0,1,2,positive
Kaudulla National Park,Sightseeing,0,0,2,2,neutral
Kaudulla National Park,Sunrise watching,0,0,1,1,neutral
Kaudulla National Park,Sunset watching,1,1,6,8,neutral
Kaudulla National Park,Swimming,3,1,0,4,positive
Kaudulla National Park,Trekking,1,0,3,4,neutral
Kaudulla National Park,Viewpoint visit,1,0,0,1,positive
Kaudulla National Park,Village tour,0,0,1,1,neutral
Kaudulla National Park,Wildlife watching,2,1,0,3,positive
Keerimalai Hot springs,Diving,0,2,0,2,negative
Keerimalai Hot springs,Photography,2,0,6,8,neutral
Keerimalai Hot springs,Pilgrimage,2,0,3,5,neutral
Keerimalai Hot springs,Relaxing,1,0,0,1,positive
Keerimalai Hot springs,Sea bathing,1,0,0,1,positive
Keerimalai Hot springs,Shopping,0,0,1,1,neutral
Keerimalai Hot springs,Sightseeing,0,0,1,1,neutral
Keerimalai Hot springs,Sunset watching,1,0,0,1,positive
Keerimalai Hot springs,Surfing,0,0,1,1,neutral
Keerimalai Hot springs,Swimming,9,3,19,31,neutral
Keerimalai Hot springs,Temple visit,3,0,3,6,positive
Kelaniya Raja Maha Vihara,Ancient city visit,1,0,0,1,positive
Kelaniya Raja Maha Vihara,Boat ride,1,0,2,3,neutral
Kelaniya Raja Maha Vihara,Cycling,1,0,2,3,neutral
Kelaniya Raja Maha Vihara,Heritage exploration,0,0,1,1,neutral
Kelaniya Raja Maha Vihara,Local food tasting,0,0,1,1,neutral
Kelaniya Raja Maha Vihara,Meditation,19,0,17,36,positive
Kelaniya Raja Maha Vihara,Museum visit,1,1,0,2,positive
Kelaniya Raja Maha Vihara,Photography,6,1,8,15,neutral
Kelaniya Raja Maha Vihara,Pilgrimage,5,1,8,14,neutral
Kelaniya Raja Maha Vihara,Rafting,0,0,1,1,neutral
Kelaniya Raja Maha Vihara,Relaxing,18,0,9,27,positive
Kelaniya Raja Maha Vihara,Religious visit,32,1,143,176,neutral
Kelaniya Raja Maha Vihara,Ruins exploration,0,0,1,1,neutral
Kelaniya Raja Maha Vihara,Shopping,1,0,2,3,neutral
Kelaniya Raja Maha Vihara,Souvenir shopping,0,0,2,2,neutral
Kelaniya Raja Maha Vihara,Sunset watching,1,0,0,1,positive
Kelaniya Raja Maha Vihara,Temple visit,255,23,443,721,neutral
Kelaniya Raja Maha Vihara,Waterfall visit,1,0,0,1,positive
Kiri Vehera,Meditation,1,0,1,2,positive
Kiri Vehera,Pilgrimage,0,0,10,10,neutral
Kiri Vehera,Relaxing,3,0,0,3,positive
Kiri Vehera,Religious visit,2,0,5,7,neutral
Kiri Vehera,Shopping,0,0,1,1,neutral
Kiri Vehera,Temple visit,2,1,1,4,positive
Kirinda Viharaya,Beach walking,0,0,1,1,neutral
Kirinda Viharaya,Diving,1,0,0,1,positive
Kirinda Viharaya,Fishing,0,0,1,1,neutral
Kirinda Viharaya,Pilgrimage,1,0,3,4,neutral
Kirinda Viharaya,Relaxing,1,0,1,2,positive
Kirinda Viharaya,Religious visit,1,0,4,5,neutral
Kirinda Viharaya,Safari,0,0,1,1,neutral
Kirinda Viharaya,Sea bathing,0,0,1,1,neutral
Kirinda Viharaya,Sunset watching,1,0,0,1,positive
Kirinda Viharaya,Swimming,0,2,3,5,neutral
Kirinda Viharaya,Temple visit,36,1,25,62,positive
Knuckles Mountain Range,Bird watching,3,0,0,3,positive
Knuckles Mountain Range,Boat ride,0,0,2,2,neutral
Knuckles Mountain Range,Camping,27,0,25,52,positive
Knuckles Mountain Range,Cycling,1,0,0,1,positive
Knuckles Mountain Range,Fishing,0,0,1,1,neutral
Knuckles Mountain Range,Heritage exploration,0,0,7,7,neutral
Knuckles Mountain Range,Hiking,59,2,58,119,positive
Knuckles Mountain Range,Local food tasting,1,0,0,1,positive
Knuckles Mountain Range,Meditation,0,0,1,1,neutral
Knuckles Mountain Range,Mountain climbing,1,0,0,1,positive
Knuckles Mountain Range,Photography,9,0,12,21,neutral
Knuckles Mountain Range,Picnic,0,0,3,3,neutral
Knuckles Mountain Range,Relaxing,6,0,6,12,positive
Knuckles Mountain Range,Rock climbing,1,0,0,1,positive
Knuckles Mountain Range,Ruins exploration,0,0,1,1,neutral
Knuckles Mountain Range,Scenic drive,3,0,0,3,positive
Knuckles Mountain Range,Shopping,1,0,0,1,positive
Knuckles Mountain Range,Snorkelling,1,0,0,1,positive
Knuckles Mountain Range,Souvenir shopping,1,0,0,1,positive
Knuckles Mountain Range,Sunrise watching,3,0,1,4,positive
Knuckles Mountain Range,Sunset watching,1,0,0,1,positive
Knuckles Mountain Range,Swimming,4,0,3,7,positive
Knuckles Mountain Range,Train ride,1,0,1,2,positive
Knuckles Mountain Range,Trekking,60,5,73,138,neutral
Knuckles Mountain Range,Viewpoint visit,5,0,4,9,positive
Knuckles Mountain Range,Village tour,0,0,1,1,neutral
Knuckles Mountain Range,Waterfall visit,12,0,9,21,positive
Knuckles Mountain Range,Wildlife watching,0,0,1,1,neutral
Koggala Lake,Ayurveda wellness,0,0,1,1,neutral
Koggala Lake,Bird watching,0,0,1,1,neutral
Koggala Lake,Boat ride,29,4,32,65,neutral
Koggala Lake,Boat safari,2,0,4,6,neutral
Koggala Lake,Camping,0,0,1,1,neutral
Koggala Lake,Fishing,0,0,1,1,neutral
Koggala Lake,Hiking,0,0,1,1,neutral
Koggala Lake,Leopard watching,0,0,1,1,neutral
Koggala Lake,Meditation,1,0,0,1,positive
Koggala Lake,Photography,2,2,2,6,positive
Koggala Lake,Relaxing,15,0,1,16,positive
Koggala Lake,Religious visit,0,0,1,1,neutral
Koggala Lake,Safari,5,0,6,11,neutral
Koggala Lake,Shopping,1,0,3,4,neutral
Koggala Lake,Sightseeing,1,0,0,1,positive
Koggala Lake,Spa treatment,6,0,13,19,neutral
Koggala Lake,Sunrise watching,1,0,0,1,positive
Koggala Lake,Sunset watching,2,0,2,4,positive
Koggala Lake,Surfing,2,0,0,2,positive
Koggala Lake,Swimming,1,0,2,3,neutral
Koggala Lake,Tea plantation visit,0,0,1,1,neutral
Koggala Lake,Tea tasting,0,0,1,1,neutral
Koggala Lake,Temple visit,9,0,9,18,positive
Kosgoda Sea Turtle Conservation Project,Boat ride,0,0,2,2,neutral
Kosgoda Sea Turtle Conservation Project,Cycling,2,0,5,7,neutral
Kosgoda Sea Turtle Conservation Project,Fishing,2,0,10,12,neutral
Kosgoda Sea Turtle Conservation Project,Fort visit,0,0,1,1,neutral
Kosgoda Sea Turtle Conservation Project,Photography,7,2,23,32,neutral
Kosgoda Sea Turtle Conservation Project,Relaxing,4,0,2,6,positive
Kosgoda Sea Turtle Conservation Project,Safari,1,0,0,1,positive
Kosgoda Sea Turtle Conservation Project,Scenic drive,0,0,1,1,neutral
Kosgoda Sea Turtle Conservation Project,Shopping,11,1,9,21,positive
Kosgoda Sea Turtle Conservation Project,Souvenir shopping,6,1,3,10,positive
Kosgoda Sea Turtle Conservation Project,Sunset watching,12,0,15,27,neutral
Kosgoda Sea Turtle Conservation Project,Swimming,5,1,12,18,neutral
Kosgoda Sea Turtle Conservation Project,Turtle watching,10,1,9,20,positive
Kosgoda Sea Turtle Conservation Project,Waterfall visit,1,0,0,1,positive
Kumana National Park,Bird watching,6,0,8,14,neutral
Kumana National Park,Camping,13,0,11,24,positive
Kumana National Park,Elephant watching,1,0,2,3,neutral
Kumana National Park,Jeep safari,2,0,8,10,neutral
Kumana National Park,Leopard watching,0,0,1,1,neutral
Kumana National Park,Photography,1,0,2,3,neutral
Kumana National Park,Pilgrimage,0,0,4,4,neutral
Kumana National Park,Relaxing,0,0,2,2,neutral
Kumana National Park,Ruins exploration,0,1,0,1,negative
Kumana National Park,Safari,32,4,42,78,neutral
Kumana National Park,Scenic drive,2,0,0,2,positive
Kumana National Park,Surfing,2,0,2,4,positive
Kumana National Park,Swimming,2,0,0,2,positive
Kumana National Park,Temple visit,0,0,2,2,neutral
Kumana National Park,Viewpoint visit,2,0,0,2,positive
Kumana National Park,Wildlife watching,2,0,0,2,positive
Laxapana Falls,Camping,1,0,0,1,positive
Laxapana Falls,Photography,2,0,1,3,positive
Laxapana Falls,Picnic,0,0,1,1,neutral
Laxapana Falls,Shopping,0,1,3,4,neutral
Laxapana Falls,Swimming,0,0,2,2,neutral
Laxapana Falls,Viewpoint visit,1,0,0,1,positive
Laxapana Falls,Waterfall visit,18,2,29,49,neutral
Lipton’s Seat,Hiking,28,0,33,61,neutral
Lipton’s Seat,Jeep safari,0,0,1,1,neutral
Lipton’s Seat,Photography,30,3,27,60,positive
Lipton’s Seat,Picnic,1,0,1,2,positive
Lipton’s Seat,Relaxing,6,0,2,8,positive
Lipton’s Seat,Ruins exploration,1,0,0,1,positive
Lipton’s Seat,Safari,2,0,2,4,positive
Lipton’s Seat,Scenic drive,10,1,1,12,positive
Lipton’s Seat,Shopping,13,1,21,35,neutral
Lipton’s Seat,Sunrise watching,43,1,31,75,positive
Lipton’s Seat,Sunset watching,3,0,1,4,positive
Lipton’s Seat,Tea factory visit,44,2,61,107,neutral
Lipton’s Seat,Tea plantation visit,19,0,16,35,positive
Lipton’s Seat,Tea tasting,0,0,2,2,neutral
Lipton’s Seat,Temple visit,1,0,0,1,positive
Lipton’s Seat,Train ride,3,0,3,6,positive
Lipton’s Seat,Trekking,8,0,5,13,positive
Lipton’s Seat,Viewpoint visit,44,1,25,70,positive
Little Adam's Peak View Point,Abseiling,1,0,1,2,positive
Little Adam's Peak View Point,Ayurveda wellness,1,0,0,1,positive
Little Adam's Peak View Point,Bird watching,0,0,1,1,neutral
Little Adam's Peak View Point,Camping,0,0,1,1,neutral
Little Adam's Peak View Point,Diving,0,0,1,1,neutral
Little Adam's Peak View Point,Heritage exploration,1,0,0,1,positive
Little Adam's Peak View Point,Hiking,252,19,158,429,positive
Little Adam's Peak View Point,Jeep safari,0,0,1,1,neutral
Little Adam's Peak View Point,Meditation,0,0,2,2,neutral
Little Adam's Peak View Point,Mountain biking,0,1,0,1,negative
Little Adam's Peak View Point,Mountain climbing,1,1,1,3,positive
Little Adam's Peak View Point,Photography,56,0,35,91,positive
Little Adam's Peak View Point,Picnic,1,0,0,1,positive
Little Adam's Peak View Point,Pilgrimage,0,0,1,1,neutral
Little Adam's Peak View Point,Relaxing,12,0,3,15,positive
Little Adam's Peak View Point,Religious visit,3,0,1,4,positive
Little Adam's Peak View Point,Rock climbing,0,0,1,1,neutral
Little Adam's Peak View Point,Ruins exploration,2,0,3,5,neutral
Little Adam's Peak View Point,Shopping,0,0,2,2,neutral
Little Adam's Peak View Point,Sightseeing,1,0,1,2,positive
Little Adam's Peak View Point,Souvenir shopping,1,0,2,3,neutral
Little Adam's Peak View Point,Spa treatment,2,0,6,8,neutral
Little Adam's Peak View Point,Sunrise watching,67,4,43,114,positive
Little Adam's Peak View Point,Sunset watching,39,1,18,58,positive
Little Adam's Peak View Point,Swimming,0,1,1,2,negative
Little Adam's Peak View Point,Tea factory visit,1,0,0,1,positive
Little Adam's Peak View Point,Tea plantation visit,4,2,5,11,neutral
Little Adam's Peak View Point,Temple visit,1,0,4,5,neutral
Little Adam's Peak View Point,Trekking,32,4,26,62,positive
Little Adam's Peak View Point,Viewpoint visit,16,2,8,26,positive
Little Adam's Peak View Point,Walking trail,1,0,0,1,positive
Little Adam's Peak View Point,Waterfall visit,4,0,4,8,positive
Little Adam's Peak View Point,Yoga,2,0,0,2,positive
Little Adam's Peak View Point,Ziplining,42,3,68,113,neutral
Lovamahapaya Brazen Palace,Ancient city visit,0,0,3,3,neutral
Lovamahapaya Brazen Palace,Heritage exploration,1,0,0,1,positive
Lovamahapaya Brazen Palace,Photography,1,1,3,5,neutral
Lovamahapaya Brazen Palace,Religious visit,0,0,2,2,neutral
Lovamahapaya Brazen Palace,Ruins exploration,0,0,1,1,neutral
Lovamahapaya Brazen Palace,Temple visit,0,0,1,1,neutral
Lover's Leap Falls,Cycling,0,0,3,3,neutral
Lover's Leap Falls,Hiking,56,4,35,95,positive
Lover's Leap Falls,Mountain climbing,0,0,1,1,neutral
Lover's Leap Falls,Photography,28,2,8,38,positive
Lover's Leap Falls,Picnic,3,0,1,4,positive
Lover's Leap Falls,Relaxing,10,1,2,13,positive
Lover's Leap Falls,Religious visit,0,0,1,1,neutral
Lover's Leap Falls,Shopping,0,0,2,2,neutral
Lover's Leap Falls,Sightseeing,1,0,0,1,positive
Lover's Leap Falls,Sunset watching,0,0,1,1,neutral
Lover's Leap Falls,Swimming,1,2,2,5,negative
Lover's Leap Falls,Tea factory visit,16,2,12,30,positive
Lover's Leap Falls,Tea plantation visit,15,2,9,26,positive
Lover's Leap Falls,Temple visit,1,1,0,2,positive
Lover's Leap Falls,Train ride,0,0,1,1,neutral
Lover's Leap Falls,Trekking,16,2,13,31,positive
Lover's Leap Falls,Viewpoint visit,1,1,1,3,positive
Lover's Leap Falls,Waterfall visit,256,37,288,581,neutral
Lunugamvehera National Park,Bird watching,0,0,1,1,neutral
Lunugamvehera National Park,Elephant watching,0,0,2,2,neutral
Lunugamvehera National Park,Jeep safari,2,1,4,7,neutral
Lunugamvehera National Park,Leopard watching,0,0,1,1,neutral
Lunugamvehera National Park,Photography,2,0,0,2,positive
Lunugamvehera National Park,Relaxing,2,0,0,2,positive
Lunugamvehera National Park,Safari,13,2,22,37,neutral
Lunugamvehera National Park,Scenic drive,0,0,1,1,neutral
Lunugamvehera National Park,Spa treatment,1,0,0,1,positive
Lunugamvehera National Park,Wildlife watching,1,0,1,2,positive
Madu River Safari by Buddhi,Bird watching,0,1,0,1,negative
Madu River Safari by Buddhi,Boat ride,160,12,134,306,positive
Madu River Safari by Buddhi,Boat safari,24,0,40,64,neutral
Madu River Safari by Buddhi,Camping,0,0,3,3,neutral
Madu River Safari by Buddhi,Canoeing,1,2,6,9,neutral
Madu River Safari by Buddhi,Diving,2,0,1,3,positive
Madu River Safari by Buddhi,Fishing,8,0,14,22,neutral
Madu River Safari by Buddhi,Fort visit,1,0,0,1,positive
Madu River Safari by Buddhi,Kayaking,1,0,0,1,positive
Madu River Safari by Buddhi,Lagoon visit,1,0,1,2,positive
Madu River Safari by Buddhi,Meditation,0,0,1,1,neutral
Madu River Safari by Buddhi,Paddle boarding,1,0,0,1,positive
Madu River Safari by Buddhi,Photography,12,2,16,30,neutral
Madu River Safari by Buddhi,Rafting,0,0,2,2,neutral
Madu River Safari by Buddhi,Relaxing,48,0,4,52,positive
Madu River Safari by Buddhi,Religious visit,9,0,5,14,positive
Madu River Safari by Buddhi,Safari,93,3,119,215,neutral
Madu River Safari by Buddhi,Seafood tasting,3,0,1,4,positive
Madu River Safari by Buddhi,Shopping,11,1,23,35,neutral
Madu River Safari by Buddhi,Sightseeing,1,0,0,1,positive
Madu River Safari by Buddhi,Spa treatment,61,3,94,158,neutral
Madu River Safari by Buddhi,Sunset watching,7,0,2,9,positive
Madu River Safari by Buddhi,Surfing,2,0,0,2,positive
Madu River Safari by Buddhi,Swimming,1,0,2,3,neutral
Madu River Safari by Buddhi,Temple visit,39,1,49,89,neutral
Madu River Safari by Buddhi,Whale watching,1,1,0,2,positive
Madu River Safari by Buddhi,Yoga,0,0,1,1,neutral
Maduru Oya National Park,Ancient city visit,2,0,1,3,positive
Maduru Oya National Park,Camping,2,0,0,2,positive
Maduru Oya National Park,Elephant watching,3,0,6,9,neutral
Maduru Oya National Park,Jeep safari,1,0,0,1,positive
Maduru Oya National Park,Museum visit,0,0,1,1,neutral
Maduru Oya National Park,Photography,0,0,2,2,neutral
Maduru Oya National Park,Relaxing,1,0,0,1,positive
Maduru Oya National Park,Ruins exploration,0,1,0,1,negative
Maduru Oya National Park,Safari,6,0,10,16,neutral
Maduru Oya National Park,Sunrise watching,1,0,0,1,positive
Maduru Oya National Park,Sunset watching,1,0,0,1,positive
Maduru Oya National Park,Temple visit,0,1,0,1,negative
Maduru Oya National Park,Viewpoint visit,1,0,0,1,positive
Maduru Oya National Park,Wildlife watching,1,0,0,1,positive
Maha Saman Dewalaya,Pilgrimage,1,0,3,4,neutral
Maha Saman Dewalaya,Relaxing,2,0,0,2,positive
Maha Saman Dewalaya,Religious visit,2,0,1,3,positive
Maha Saman Dewalaya,Ruins exploration,0,0,1,1,neutral
Maha Saman Dewalaya,Shopping,0,0,1,1,neutral
Maha Saman Dewalaya,Temple visit,3,0,2,5,positive
Maligawila Buddha Statue,Photography,2,2,0,4,positive
Maligawila Buddha Statue,Pilgrimage,1,0,0,1,positive
Maligawila Buddha Statue,Religious visit,16,0,9,25,positive
Maligawila Buddha Statue,Ruins exploration,2,0,0,2,positive
Maligawila Buddha Statue,Temple visit,1,0,0,1,positive
Maligawila Buddha Statue,Trekking,0,0,1,1,neutral
Marble Beach,Beach walking,1,0,1,2,positive
Marble Beach,Boat ride,1,0,0,1,positive
Marble Beach,Camping,2,1,5,8,neutral
Marble Beach,Diving,1,0,1,2,positive
Marble Beach,Dolphin watching,1,0,0,1,positive
Marble Beach,Fishing,1,0,0,1,positive
Marble Beach,Hiking,3,0,0,3,positive
Marble Beach,Kayaking,1,0,0,1,positive
Marble Beach,Photography,6,0,4,10,positive
Marble Beach,Picnic,1,0,0,1,positive
Marble Beach,Relaxing,22,2,8,32,positive
Marble Beach,Scenic drive,1,0,1,2,positive
Marble Beach,Sea bathing,13,0,1,14,positive
Marble Beach,Seafood tasting,2,0,0,2,positive
Marble Beach,Shopping,1,0,4,5,neutral
Marble Beach,Sightseeing,1,0,0,1,positive
Marble Beach,Snorkelling,25,1,7,33,positive
Marble Beach,Spa treatment,4,0,0,4,positive
Marble Beach,Sunbathing,5,0,2,7,positive
Marble Beach,Sunrise watching,2,0,2,4,positive
Marble Beach,Sunset watching,0,0,1,1,neutral
Marble Beach,Surfing,3,0,1,4,positive
Marble Beach,Swimming,40,6,21,67,positive
Marble Beach,Temple visit,3,0,0,3,positive
Marble Beach,Trekking,0,1,0,1,negative
Marble Beach,Whale watching,1,0,0,1,positive
Matara Paravi Duwa Temple,Meditation,0,0,1,1,neutral
Matara Paravi Duwa Temple,Photography,3,0,1,4,positive
Matara Paravi Duwa Temple,Relaxing,4,0,0,4,positive
Matara Paravi Duwa Temple,Religious visit,2,0,1,3,positive
Matara Paravi Duwa Temple,Scenic drive,0,0,2,2,neutral
Matara Paravi Duwa Temple,Shopping,0,0,1,1,neutral
Matara Paravi Duwa Temple,Sunset watching,2,0,0,2,positive
Matara Paravi Duwa Temple,Temple visit,36,1,39,76,neutral
Matara Paravi Duwa Temple,Viewpoint visit,1,0,0,1,positive
Matara Paravi Duwa Temple,Waterfall visit,0,0,1,1,neutral
Mihintale,Ancient city visit,35,3,36,74,neutral
Mihintale,Bird watching,0,0,1,1,neutral
Mihintale,Canoeing,1,0,0,1,positive
Mihintale,Cycling,1,0,1,2,positive
Mihintale,Heritage exploration,3,0,3,6,positive
Mihintale,Hiking,6,1,4,11,positive
Mihintale,Meditation,2,3,5,10,neutral
Mihintale,Mountain climbing,1,0,1,2,positive
Mihintale,Museum visit,3,0,0,3,positive
Mihintale,Photography,8,2,7,17,positive
Mihintale,Pilgrimage,7,3,10,20,neutral
Mihintale,Relaxing,9,0,0,9,positive
Mihintale,Religious visit,31,5,31,67,positive
Mihintale,Rock climbing,4,1,5,10,neutral
Mihintale,Ruins exploration,8,2,17,27,neutral
Mihintale,Scenic drive,1,0,0,1,positive
Mihintale,Shopping,1,1,4,6,neutral
Mihintale,Sightseeing,0,0,1,1,neutral
Mihintale,Sunrise watching,14,1,5,20,positive
Mihintale,Sunset watching,82,4,41,127,positive
Mihintale,Temple visit,18,1,20,39,neutral
Mihintale,Trekking,0,0,2,2,neutral
Mihintale,Viewpoint visit,9,3,13,25,neutral
Minneriya National Park,Ancient city visit,1,0,3,4,neutral
Minneriya National Park,Bird watching,1,0,1,2,positive
Minneriya National Park,Camping,1,0,0,1,positive
Minneriya National Park,Diving,0,0,1,1,neutral
Minneriya National Park,Elephant watching,36,4,41,81,neutral
Minneriya National Park,Fishing,1,0,0,1,positive
Minneriya National Park,Jeep safari,30,0,42,72,neutral
Minneriya National Park,Kayaking,0,0,1,1,neutral
Minneriya National Park,Photography,27,1,25,53,positive
Minneriya National Park,Relaxing,3,0,3,6,positive
Minneriya National Park,Ruins exploration,2,0,1,3,positive
Minneriya National Park,Safari,137,14,192,343,neutral
Minneriya National Park,Scenic drive,6,1,3,10,positive
Minneriya National Park,Shopping,0,0,3,3,neutral
Minneriya National Park,Sightseeing,0,0,1,1,neutral
Minneriya National Park,Sunrise watching,0,0,2,2,neutral
Minneriya National Park,Sunset watching,5,0,1,6,positive
Minneriya National Park,Swimming,0,0,1,1,neutral
Minneriya National Park,Trekking,1,0,2,3,neutral
Minneriya National Park,Viewpoint visit,3,0,1,4,positive
Minneriya National Park,Village tour,0,0,1,1,neutral
Minneriya National Park,Waterfall visit,1,0,1,2,positive
Minneriya National Park,Wildlife watching,3,0,2,5,positive
Mirissa Beach,Ayurveda wellness,1,0,0,1,positive
Mirissa Beach,Beach relaxing,4,0,1,5,positive
Mirissa Beach,Beach walking,7,1,4,12,positive
Mirissa Beach,Boat ride,4,0,2,6,positive
Mirissa Beach,Boat safari,0,0,1,1,neutral
Mirissa Beach,Body boarding,8,0,4,12,positive
Mirissa Beach,Diving,7,1,3,11,positive
Mirissa Beach,Dolphin watching,4,0,0,4,positive
Mirissa Beach,Fishing,1,0,3,4,neutral
Mirissa Beach,Hiking,1,0,0,1,positive
Mirissa Beach,Local food tasting,1,0,0,1,positive
Mirissa Beach,Meditation,0,0,1,1,neutral
Mirissa Beach,Photography,8,1,7,16,positive
Mirissa Beach,Relaxing,116,3,32,151,positive
Mirissa Beach,Rock climbing,0,0,1,1,neutral
Mirissa Beach,Safari,0,0,1,1,neutral
Mirissa Beach,Scuba diving,1,0,3,4,neutral
Mirissa Beach,Sea bathing,3,0,1,4,positive
Mirissa Beach,Seafood tasting,21,0,13,34,positive
Mirissa Beach,Shopping,7,3,7,17,positive
Mirissa Beach,Snorkelling,14,1,12,27,positive
Mirissa Beach,Souvenir shopping,1,1,1,3,positive
Mirissa Beach,Spa treatment,0,0,2,2,neutral
Mirissa Beach,Sunbathing,5,0,4,9,positive
Mirissa Beach,Sunrise watching,6,0,2,8,positive
Mirissa Beach,Sunset watching,63,1,18,82,positive
Mirissa Beach,Surfing,82,1,58,141,positive
Mirissa Beach,Swimming,87,15,37,139,positive
Mirissa Beach,Turtle watching,1,0,4,5,neutral
Mirissa Beach,Viewpoint visit,2,0,0,2,positive
Mirissa Beach,Whale watching,17,1,23,41,neutral
Mirissa Beach,Yoga,2,0,0,2,positive
Moon Plains,Cycling,1,0,0,1,positive
Moon Plains,Hiking,2,0,4,6,neutral
Moon Plains,Jeep safari,9,4,27,40,neutral
Moon Plains,Meditation,0,0,1,1,neutral
Moon Plains,Photography,5,2,6,13,neutral
Moon Plains,Relaxing,3,0,1,4,positive
Moon Plains,Safari,19,9,50,78,neutral
Moon Plains,Scenic drive,1,0,0,1,positive
Moon Plains,Shopping,0,0,1,1,neutral
Moon Plains,Sunrise watching,4,0,2,6,positive
Moon Plains,Sunset watching,0,0,1,1,neutral
Moon Plains,Trekking,0,0,3,3,neutral
Moon Plains,Viewpoint visit,18,2,28,48,neutral
Moonstone or Sandakada pahana,Ancient city visit,3,0,2,5,positive
Moonstone or Sandakada pahana,Cycling,0,0,2,2,neutral
Moonstone or Sandakada pahana,Heritage exploration,0,0,1,1,neutral
Moonstone or Sandakada pahana,Photography,1,0,0,1,positive
Moonstone or Sandakada pahana,Ruins exploration,0,0,2,2,neutral
Moonstone or Sandakada pahana,Souvenir shopping,0,0,1,1,neutral
Moonstone or Sandakada pahana,Swimming,0,0,1,1,neutral
Moonstone or Sandakada pahana,Temple visit,1,0,1,2,positive
Mount Lavinia Beach,Ayurveda wellness,1,0,0,1,positive
Mount Lavinia Beach,Beach relaxing,1,0,0,1,positive
Mount Lavinia Beach,Beach walking,8,0,8,16,positive
Mount Lavinia Beach,Boat ride,0,0,3,3,neutral
Mount Lavinia Beach,Body boarding,0,0,1,1,neutral
Mount Lavinia Beach,Camping,0,1,0,1,negative
Mount Lavinia Beach,Diving,1,0,2,3,neutral
Mount Lavinia Beach,Fishing,2,0,8,10,neutral
Mount Lavinia Beach,Fort visit,1,0,0,1,positive
Mount Lavinia Beach,Local food tasting,2,0,2,4,positive
Mount Lavinia Beach,Meditation,1,0,1,2,positive
Mount Lavinia Beach,Photography,5,0,3,8,positive
Mount Lavinia Beach,Picnic,4,0,1,5,positive
Mount Lavinia Beach,Relaxing,71,2,17,90,positive
Mount Lavinia Beach,Scuba diving,1,0,3,4,neutral
Mount Lavinia Beach,Sea bathing,5,1,4,10,positive
Mount Lavinia Beach,Seafood tasting,27,0,14,41,positive
Mount Lavinia Beach,Shopping,4,0,9,13,neutral
Mount Lavinia Beach,Snorkelling,1,0,0,1,positive
Mount Lavinia Beach,Souvenir shopping,1,0,1,2,positive
Mount Lavinia Beach,Spa treatment,5,0,0,5,positive
Mount Lavinia Beach,Street food tasting,0,0,1,1,neutral
Mount Lavinia Beach,Sunbathing,2,0,3,5,neutral
Mount Lavinia Beach,Sunrise watching,1,0,0,1,positive
Mount Lavinia Beach,Sunset watching,61,0,19,80,positive
Mount Lavinia Beach,Surfing,2,1,3,6,neutral
Mount Lavinia Beach,Swimming,36,9,32,77,positive
Mount Lavinia Beach,Train ride,4,0,6,10,neutral
Mount Lavinia Beach,Turtle watching,0,1,0,1,negative
Mount Lavinia Beach,Waterfall visit,0,1,0,1,negative
Mulgirigala Raja Maha Vihara,Ancient city visit,1,0,0,1,positive
Mulgirigala Raja Maha Vihara,Hiking,5,1,5,11,positive
Mulgirigala Raja Maha Vihara,Meditation,3,0,3,6,positive
Mulgirigala Raja Maha Vihara,Mountain climbing,1,0,0,1,positive
Mulgirigala Raja Maha Vihara,Museum visit,0,1,1,2,negative
Mulgirigala Raja Maha Vihara,Photography,9,0,9,18,positive
Mulgirigala Raja Maha Vihara,Pilgrimage,0,0,1,1,neutral
Mulgirigala Raja Maha Vihara,Relaxing,12,1,3,16,positive
Mulgirigala Raja Maha Vihara,Religious visit,6,1,8,15,neutral
Mulgirigala Raja Maha Vihara,Ruins exploration,1,0,0,1,positive
Mulgirigala Raja Maha Vihara,Scenic drive,1,0,0,1,positive
Mulgirigala Raja Maha Vihara,Shopping,0,0,1,1,neutral
Mulgirigala Raja Maha Vihara,Sightseeing,3,0,0,3,positive
Mulgirigala Raja Maha Vihara,Souvenir shopping,0,1,0,1,negative
Mulgirigala Raja Maha Vihara,Sunset watching,15,0,3,18,positive
Mulgirigala Raja Maha Vihara,Swimming,3,0,1,4,positive
Mulgirigala Raja Maha Vihara,Temple visit,267,25,214,506,positive
Mulgirigala Raja Maha Vihara,Trekking,2,0,2,4,positive
Mulgirigala Raja Maha Vihara,Viewpoint visit,4,0,1,5,positive
Mulgirigala Raja Maha Vihara,Waterfall visit,0,0,1,1,neutral
Muthurajawela Marsh,Bird watching,17,1,9,27,positive
Muthurajawela Marsh,Boat ride,82,3,57,142,positive
Muthurajawela Marsh,Boat safari,2,0,2,4,positive
Muthurajawela Marsh,Canoeing,1,0,0,1,positive
Muthurajawela Marsh,Cycling,0,0,2,2,neutral
Muthurajawela Marsh,Diving,0,0,1,1,neutral
Muthurajawela Marsh,Fishing,7,0,8,15,neutral
Muthurajawela Marsh,Fort visit,0,0,1,1,neutral
Muthurajawela Marsh,Lagoon visit,6,0,5,11,positive
Muthurajawela Marsh,Museum visit,0,0,1,1,neutral
Muthurajawela Marsh,Photography,15,1,13,29,positive
Muthurajawela Marsh,Picnic,0,0,1,1,neutral
Muthurajawela Marsh,Relaxing,25,0,2,27,positive
Muthurajawela Marsh,Safari,5,0,6,11,neutral
Muthurajawela Marsh,Scenic drive,1,0,0,1,positive
Muthurajawela Marsh,Souvenir shopping,2,0,0,2,positive
Muthurajawela Marsh,Sunrise watching,2,0,0,2,positive
Muthurajawela Marsh,Sunset watching,5,0,1,6,positive
Muthurajawela Marsh,Swimming,0,0,5,5,neutral
Muthurajawela Marsh,Wildlife watching,2,0,4,6,neutral
Nagadipa Purana Vihara,Boat ride,22,6,33,61,neutral
Nagadipa Purana Vihara,Fishing,1,1,3,5,neutral
Nagadipa Purana Vihara,Heritage exploration,0,0,2,2,neutral
Nagadipa Purana Vihara,Meditation,6,0,1,7,positive
Nagadipa Purana Vihara,Museum visit,2,0,3,5,neutral
Nagadipa Purana Vihara,Photography,0,2,3,5,neutral
Nagadipa Purana Vihara,Pilgrimage,2,0,5,7,neutral
Nagadipa Purana Vihara,Relaxing,1,0,0,1,positive
Nagadipa Purana Vihara,Religious visit,9,1,31,41,neutral
Nagadipa Purana Vihara,Ruins exploration,0,0,1,1,neutral
Nagadipa Purana Vihara,Scenic drive,2,0,0,2,positive
Nagadipa Purana Vihara,Shopping,0,0,1,1,neutral
Nagadipa Purana Vihara,Sightseeing,0,1,0,1,negative
Nagadipa Purana Vihara,Souvenir shopping,0,0,1,1,neutral
Nagadipa Purana Vihara,Street food tasting,0,0,1,1,neutral
Nagadipa Purana Vihara,Swimming,0,0,1,1,neutral
Nagadipa Purana Vihara,Temple visit,94,14,158,266,neutral
Nalanda Gedige,Ancient city visit,3,1,0,4,positive
Nalanda Gedige,Heritage exploration,5,0,0,5,positive
Nalanda Gedige,Hiking,0,0,1,1,neutral
Nalanda Gedige,Museum visit,5,0,4,9,positive
Nalanda Gedige,Photography,2,0,3,5,neutral
Nalanda Gedige,Picnic,0,0,1,1,neutral
Nalanda Gedige,Relaxing,4,0,0,4,positive
Nalanda Gedige,Religious visit,5,0,5,10,positive
Nalanda Gedige,Ruins exploration,4,0,5,9,neutral
Nalanda Gedige,Temple visit,21,0,19,40,positive
Nalanda Gedige,Trekking,0,0,1,1,neutral
Nallur Kandaswamy Kovil Festival,Photography,0,0,5,5,neutral
Nallur Kandaswamy Kovil Festival,Pilgrimage,0,0,1,1,neutral
Nallur Kandaswamy Kovil Festival,Temple visit,7,3,12,22,neutral
Negombo Beach,Beach walking,1,0,0,1,positive
Negombo Beach,Fishing,1,0,0,1,positive
Negombo Beach,Photography,0,0,1,1,neutral
Negombo Beach,Relaxing,0,1,0,1,negative
Negombo Beach,Souvenir shopping,0,0,1,1,neutral
Negombo Beach,Sunset watching,1,0,1,2,positive
Negombo Beach,Swimming,0,0,4,4,neutral
"Negombo BeachUnclaimedIf you own this business, claim it for free now to update business info, respond to reviews, and more.Claim this listing",Ancient city visit,1,0,0,1,positive
"Negombo BeachUnclaimedIf you own this business, claim it for free now to update business info, respond to reviews, and more.Claim this listing",Beach relaxing,2,0,1,3,positive
"Negombo BeachUnclaimedIf you own this business, claim it for free now to update business info, respond to reviews, and more.Claim this listing",Beach walking,16,5,14,35,positive
"Negombo BeachUnclaimedIf you own this business, claim it for free now to update business info, respond to reviews, and more.Claim this listing",Boat ride,1,0,7,8,neutral
"Negombo BeachUnclaimedIf you own this business, claim it for free now to update business info, respond to reviews, and more.Claim this listing",Diving,1,0,0,1,positive
"Negombo BeachUnclaimedIf you own this business, claim it for free now to update business info, respond to reviews, and more.Claim this listing",Fishing,22,3,18,43,positive
"Negombo BeachUnclaimedIf you own this business, claim it for free now to update business info, respond to reviews, and more.Claim this listing",Fort visit,0,2,2,4,negative
"Negombo BeachUnclaimedIf you own this business, claim it for free now to update business info, respond to reviews, and more.Claim this listing",Kite surfing,1,0,1,2,positive
"Negombo BeachUnclaimedIf you own this business, claim it for free now to update business info, respond to reviews, and more.Claim this listing",Lagoon visit,2,0,0,2,positive
"Negombo BeachUnclaimedIf you own this business, claim it for free now to update business info, respond to reviews, and more.Claim this listing",Local food tasting,0,0,1,1,neutral
"Negombo BeachUnclaimedIf you own this business, claim it for free now to update business info, respond to reviews, and more.Claim this listing",Meditation,1,0,0,1,positive
"Negombo BeachUnclaimedIf you own this business, claim it for free now to update business info, respond to reviews, and more.Claim this listing",Photography,7,2,4,13,positive
"Negombo BeachUnclaimedIf you own this business, claim it for free now to update business info, respond to reviews, and more.Claim this listing",Relaxing,48,3,24,75,positive
"Negombo BeachUnclaimedIf you own this business, claim it for free now to update business info, respond to reviews, and more.Claim this listing",Ruins exploration,1,1,0,2,positive
"Negombo BeachUnclaimedIf you own this business, claim it for free now to update business info, respond to reviews, and more.Claim this listing",Sea bathing,2,0,1,3,positive
"Negombo BeachUnclaimedIf you own this business, claim it for free now to update business info, respond to reviews, and more.Claim this listing",Seafood tasting,6,0,7,13,neutral
"Negombo BeachUnclaimedIf you own this business, claim it for free now to update business info, respond to reviews, and more.Claim this listing",Shopping,4,1,11,16,neutral
"Negombo BeachUnclaimedIf you own this business, claim it for free now to update business info, respond to reviews, and more.Claim this listing",Sightseeing,0,0,1,1,neutral
"Negombo BeachUnclaimedIf you own this business, claim it for free now to update business info, respond to reviews, and more.Claim this listing",Snorkelling,1,0,0,1,positive
"Negombo BeachUnclaimedIf you own this business, claim it for free now to update business info, respond to reviews, and more.Claim this listing",Souvenir shopping,1,1,7,9,neutral
"Negombo BeachUnclaimedIf you own this business, claim it for free now to update business info, respond to reviews, and more.Claim this listing",Spa treatment,0,0,2,2,neutral
"Negombo BeachUnclaimedIf you own this business, claim it for free now to update business info, respond to reviews, and more.Claim this listing",Street food tasting,5,0,6,11,neutral
"Negombo BeachUnclaimedIf you own this business, claim it for free now to update business info, respond to reviews, and more.Claim this listing",Sunbathing,7,1,6,14,positive
"Negombo BeachUnclaimedIf you own this business, claim it for free now to update business info, respond to reviews, and more.Claim this listing",Sunrise watching,1,0,1,2,positive
"Negombo BeachUnclaimedIf you own this business, claim it for free now to update business info, respond to reviews, and more.Claim this listing",Sunset watching,62,0,28,90,positive
"Negombo BeachUnclaimedIf you own this business, claim it for free now to update business info, respond to reviews, and more.Claim this listing",Surfing,5,2,3,10,positive
"Negombo BeachUnclaimedIf you own this business, claim it for free now to update business info, respond to reviews, and more.Claim this listing",Swimming,45,37,60,142,neutral
"Negombo BeachUnclaimedIf you own this business, claim it for free now to update business info, respond to reviews, and more.Claim this listing",Train ride,1,0,1,2,positive
"Negombo BeachUnclaimedIf you own this business, claim it for free now to update business info, respond to reviews, and more.Claim this listing",Waterfall visit,0,0,1,1,neutral
"Negombo BeachUnclaimedIf you own this business, claim it for free now to update business info, respond to reviews, and more.Claim this listing",Whale watching,0,0,1,1,neutral
"Negombo BeachUnclaimedIf you own this business, claim it for free now to update business info, respond to reviews, and more.Claim this listing",Wind surfing,1,0,2,3,neutral
"Negombo BeachUnclaimedIf you own this business, claim it for free now to update business info, respond to reviews, and more.Claim this listing",Yoga,1,0,0,1,positive
Negombo Fish Market,Photography,2,0,2,4,positive
Negombo Fish Market,Seafood tasting,0,0,3,3,neutral
"Negombo Fish MarketUnclaimedIf you own this business, claim it for free now to update business info, respond to reviews, and more.Claim this listing",Beach walking,1,0,2,3,neutral
"Negombo Fish MarketUnclaimedIf you own this business, claim it for free now to update business info, respond to reviews, and more.Claim this listing",Boat ride,2,0,3,5,neutral
"Negombo Fish MarketUnclaimedIf you own this business, claim it for free now to update business info, respond to reviews, and more.Claim this listing",Fishing,15,1,32,48,neutral
"Negombo Fish MarketUnclaimedIf you own this business, claim it for free now to update business info, respond to reviews, and more.Claim this listing",Fort visit,0,0,1,1,neutral
"Negombo Fish MarketUnclaimedIf you own this business, claim it for free now to update business info, respond to reviews, and more.Claim this listing",Hiking,0,0,1,1,neutral
"Negombo Fish MarketUnclaimedIf you own this business, claim it for free now to update business info, respond to reviews, and more.Claim this listing",Lagoon visit,0,0,1,1,neutral
"Negombo Fish MarketUnclaimedIf you own this business, claim it for free now to update business info, respond to reviews, and more.Claim this listing",Market visit,5,1,4,10,positive
"Negombo Fish MarketUnclaimedIf you own this business, claim it for free now to update business info, respond to reviews, and more.Claim this listing",Photography,30,2,14,46,positive
"Negombo Fish MarketUnclaimedIf you own this business, claim it for free now to update business info, respond to reviews, and more.Claim this listing",Relaxing,1,0,0,1,positive
"Negombo Fish MarketUnclaimedIf you own this business, claim it for free now to update business info, respond to reviews, and more.Claim this listing",Ruins exploration,1,0,2,3,neutral
"Negombo Fish MarketUnclaimedIf you own this business, claim it for free now to update business info, respond to reviews, and more.Claim this listing",Scuba diving,0,0,2,2,neutral
"Negombo Fish MarketUnclaimedIf you own this business, claim it for free now to update business info, respond to reviews, and more.Claim this listing",Seafood tasting,16,1,33,50,neutral
"Negombo Fish MarketUnclaimedIf you own this business, claim it for free now to update business info, respond to reviews, and more.Claim this listing",Shopping,2,0,9,11,neutral
"Negombo Fish MarketUnclaimedIf you own this business, claim it for free now to update business info, respond to reviews, and more.Claim this listing",Sightseeing,0,0,1,1,neutral
"Negombo Fish MarketUnclaimedIf you own this business, claim it for free now to update business info, respond to reviews, and more.Claim this listing",Sunrise watching,0,0,1,1,neutral
"Negombo Fish MarketUnclaimedIf you own this business, claim it for free now to update business info, respond to reviews, and more.Claim this listing",Swimming,0,0,2,2,neutral
"Negombo Fish MarketUnclaimedIf you own this business, claim it for free now to update business info, respond to reviews, and more.Claim this listing",Temple visit,1,0,0,1,positive
"Negombo Fish MarketUnclaimedIf you own this business, claim it for free now to update business info, respond to reviews, and more.Claim this listing",Train ride,0,0,1,1,neutral
"Negombo Fish MarketUnclaimedIf you own this business, claim it for free now to update business info, respond to reviews, and more.Claim this listing",Viewpoint visit,0,0,1,1,neutral
"Negombo Fish MarketUnclaimedIf you own this business, claim it for free now to update business info, respond to reviews, and more.Claim this listing",Waterfall visit,1,0,0,1,positive
Nilavarai Bottomless Well,Diving,0,0,1,1,neutral
Nilavarai Bottomless Well,Photography,1,2,6,9,neutral
Nilavarai Bottomless Well,Shopping,0,0,3,3,neutral
Nilavarai Bottomless Well,Swimming,1,1,1,3,positive
Nilavarai Bottomless Well,Temple visit,0,0,1,1,neutral
Nilaveli Beach,Beach relaxing,1,0,0,1,positive
Nilaveli Beach,Beach walking,0,1,0,1,negative
Nilaveli Beach,Boat ride,2,0,2,4,positive
Nilaveli Beach,Canoeing,1,0,0,1,positive
Nilaveli Beach,Diving,8,1,10,19,neutral
Nilaveli Beach,Dolphin watching,1,0,0,1,positive
Nilaveli Beach,Fishing,2,1,2,5,positive
Nilaveli Beach,Hiking,0,0,1,1,neutral
Nilaveli Beach,Local food tasting,0,0,1,1,neutral
Nilaveli Beach,Paddle boarding,0,0,1,1,neutral
Nilaveli Beach,Photography,3,0,0,3,positive
Nilaveli Beach,Relaxing,31,1,8,40,positive
Nilaveli Beach,Ruins exploration,1,0,0,1,positive
Nilaveli Beach,Scuba diving,1,0,1,2,positive
Nilaveli Beach,Sea bathing,1,1,5,7,neutral
Nilaveli Beach,Seafood tasting,1,1,2,4,neutral
Nilaveli Beach,Shopping,2,1,7,10,neutral
Nilaveli Beach,Snorkelling,7,0,6,13,positive
Nilaveli Beach,Souvenir shopping,0,0,1,1,neutral
Nilaveli Beach,Street food tasting,0,1,0,1,negative
Nilaveli Beach,Sunbathing,2,0,3,5,neutral
Nilaveli Beach,Sunrise watching,8,0,3,11,positive
Nilaveli Beach,Sunset watching,0,1,1,2,negative
Nilaveli Beach,Surfing,4,0,7,11,neutral
Nilaveli Beach,Swimming,43,6,25,74,positive
Nilaveli Beach,Whale watching,2,0,0,2,positive
Nilaveli Beach,Wind surfing,0,0,3,3,neutral
Nine Arches BridgeSomeone from this business manages the listing.,Diving,0,1,0,1,negative
Nine Arches BridgeSomeone from this business manages the listing.,Forest walk,1,0,4,5,neutral
Nine Arches BridgeSomeone from this business manages the listing.,Hiking,22,2,30,54,neutral
Nine Arches BridgeSomeone from this business manages the listing.,Nature walk,0,0,1,1,neutral
Nine Arches BridgeSomeone from this business manages the listing.,Photography,133,9,83,225,positive
Nine Arches BridgeSomeone from this business manages the listing.,Picnic,0,0,2,2,neutral
Nine Arches BridgeSomeone from this business manages the listing.,Pilgrimage,1,0,0,1,positive
Nine Arches BridgeSomeone from this business manages the listing.,Relaxing,9,0,2,11,positive
Nine Arches BridgeSomeone from this business manages the listing.,Scenic drive,0,0,1,1,neutral
Nine Arches BridgeSomeone from this business manages the listing.,Scenic train ride,3,0,0,3,positive
Nine Arches BridgeSomeone from this business manages the listing.,Shopping,2,0,5,7,neutral
Nine Arches BridgeSomeone from this business manages the listing.,Sightseeing,2,0,0,2,positive
Nine Arches BridgeSomeone from this business manages the listing.,Souvenir shopping,0,0,3,3,neutral
Nine Arches BridgeSomeone from this business manages the listing.,Sunrise watching,1,0,1,2,positive
Nine Arches BridgeSomeone from this business manages the listing.,Sunset watching,3,0,2,5,positive
Nine Arches BridgeSomeone from this business manages the listing.,Temple visit,0,0,1,1,neutral
Nine Arches BridgeSomeone from this business manages the listing.,Train ride,20,1,10,31,positive
Nine Arches BridgeSomeone from this business manages the listing.,Trekking,12,5,20,37,neutral
Nine Arches BridgeSomeone from this business manages the listing.,Viewpoint visit,4,0,7,11,neutral
Nine Arches BridgeSomeone from this business manages the listing.,Walking trail,0,0,2,2,neutral
Nine Arches BridgeSomeone from this business manages the listing.,Waterfall visit,2,0,3,5,neutral
Nine Arches BridgeSomeone from this business manages the listing.,Ziplining,0,0,1,1,neutral
Old Parliament Building,Beach walking,1,0,0,1,positive
Old Parliament Building,Boat ride,0,0,1,1,neutral
Old Parliament Building,Fishing,1,0,0,1,positive
Old Parliament Building,Fort visit,2,1,9,12,neutral
Old Parliament Building,Photography,33,10,43,86,neutral
Old Parliament Building,Picnic,0,0,1,1,neutral
Old Parliament Building,Scenic drive,2,0,5,7,neutral
Old Parliament Building,Shopping,0,0,2,2,neutral
Old Parliament Building,Sightseeing,0,0,3,3,neutral
Old Parliament Building,Sunset watching,0,0,4,4,neutral
Old Parliament Building,Temple visit,0,0,1,1,neutral
Old Parliament Building,Viewpoint visit,1,0,1,2,positive
Pasikudah Beach,Ancient city visit,1,0,0,1,positive
Pasikudah Beach,Beach walking,1,0,2,3,neutral
Pasikudah Beach,Boat ride,3,0,2,5,positive
Pasikudah Beach,Diving,2,0,0,2,positive
Pasikudah Beach,Dolphin watching,1,0,0,1,positive
Pasikudah Beach,Fishing,6,1,1,8,positive
Pasikudah Beach,Kayaking,2,0,0,2,positive
Pasikudah Beach,Photography,0,0,1,1,neutral
Pasikudah Beach,Relaxing,15,0,4,19,positive
Pasikudah Beach,Sea bathing,6,2,6,14,positive
Pasikudah Beach,Seafood tasting,2,0,0,2,positive
Pasikudah Beach,Shopping,0,0,1,1,neutral
Pasikudah Beach,Snorkelling,4,0,5,9,neutral
Pasikudah Beach,Spa treatment,1,0,2,3,neutral
Pasikudah Beach,Sunbathing,0,0,1,1,neutral
Pasikudah Beach,Sunrise watching,8,0,6,14,positive
Pasikudah Beach,Sunset watching,4,0,1,5,positive
Pasikudah Beach,Surfing,0,0,1,1,neutral
Pasikudah Beach,Swimming,16,3,3,22,positive
Pasikudah Beach,Viewpoint visit,0,0,4,4,neutral
Passikudah Beach,Ancient city visit,0,0,1,1,neutral
Passikudah Beach,Beach relaxing,2,0,0,2,positive
Passikudah Beach,Beach walking,1,0,8,9,neutral
Passikudah Beach,Boat ride,2,1,2,5,positive
Passikudah Beach,Camping,1,0,0,1,positive
Passikudah Beach,Canoeing,1,0,1,2,positive
Passikudah Beach,Diving,8,0,5,13,positive
Passikudah Beach,Fishing,3,2,7,12,neutral
Passikudah Beach,Museum visit,1,0,0,1,positive
Passikudah Beach,Photography,4,0,1,5,positive
Passikudah Beach,Relaxing,32,0,11,43,positive
Passikudah Beach,Ruins exploration,0,0,1,1,neutral
Passikudah Beach,Safari,1,0,0,1,positive
Passikudah Beach,Sea bathing,26,1,6,33,positive
Passikudah Beach,Seafood tasting,1,1,1,3,positive
Passikudah Beach,Shopping,2,0,8,10,neutral
Passikudah Beach,Sightseeing,1,0,0,1,positive
Passikudah Beach,Snorkelling,16,1,18,35,neutral
Passikudah Beach,Spa treatment,3,0,2,5,positive
Passikudah Beach,Sunbathing,5,0,0,5,positive
Passikudah Beach,Sunrise watching,10,1,9,20,positive
Passikudah Beach,Sunset watching,5,0,3,8,positive
Passikudah Beach,Surfing,5,2,3,10,positive
Passikudah Beach,Swimming,65,9,27,101,positive
Passikudah Beach,Wind surfing,3,0,0,3,positive
Passikudah Beach,Yoga,0,0,1,1,neutral
Pedro Tea Factory,Cycling,0,0,3,3,neutral
Pedro Tea Factory,Heritage exploration,0,0,2,2,neutral
Pedro Tea Factory,Hiking,2,1,2,5,positive
Pedro Tea Factory,Museum visit,1,0,1,2,positive
Pedro Tea Factory,Photography,20,10,41,71,neutral
Pedro Tea Factory,Picnic,1,0,0,1,positive
Pedro Tea Factory,Relaxing,6,0,1,7,positive
Pedro Tea Factory,Scenic train ride,1,0,0,1,positive
Pedro Tea Factory,Shopping,23,8,27,58,neutral
Pedro Tea Factory,Souvenir shopping,2,1,1,4,positive
Pedro Tea Factory,Sunset watching,1,0,0,1,positive
Pedro Tea Factory,Tea factory visit,484,75,570,1129,neutral
Pedro Tea Factory,Tea plantation visit,16,2,27,45,neutral
Pedro Tea Factory,Tea tasting,7,3,19,29,neutral
Pedro Tea Factory,Train ride,3,0,0,3,positive
Pedro Tea Factory,Waterfall visit,12,1,5,18,positive
Pettah Floating Market,Bird watching,1,0,0,1,positive
Pettah Floating Market,Boat ride,1,0,1,2,positive
Pettah Floating Market,Cycling,0,0,1,1,neutral
Pettah Floating Market,Fort visit,1,1,1,3,positive
Pettah Floating Market,Local food tasting,1,0,2,3,neutral
Pettah Floating Market,Market visit,0,0,1,1,neutral
Pettah Floating Market,Photography,5,0,3,8,positive
Pettah Floating Market,Relaxing,13,0,0,13,positive
Pettah Floating Market,Ruins exploration,0,0,1,1,neutral
Pettah Floating Market,Shopping,19,12,37,68,neutral
Pettah Floating Market,Souvenir shopping,1,0,3,4,neutral
Pettah Floating Market,Sunset watching,0,0,1,1,neutral
Pettah Floating Market,Viewpoint visit,0,0,1,1,neutral
Pidurangala Rock,Cycling,0,0,1,1,neutral
Pidurangala Rock,Fort visit,0,2,0,2,negative
Pidurangala Rock,Heritage exploration,1,0,0,1,positive
Pidurangala Rock,Hiking,98,13,113,224,neutral
Pidurangala Rock,Meditation,3,0,5,8,neutral
Pidurangala Rock,Mountain climbing,1,0,1,2,positive
Pidurangala Rock,Photography,27,0,12,39,positive
Pidurangala Rock,Picnic,0,0,2,2,neutral
Pidurangala Rock,Relaxing,5,0,3,8,positive
Pidurangala Rock,Religious visit,4,1,7,12,neutral
Pidurangala Rock,Rock climbing,2,6,12,20,neutral
Pidurangala Rock,Ruins exploration,2,0,1,3,positive
Pidurangala Rock,Safari,1,0,0,1,positive
Pidurangala Rock,Shopping,0,0,2,2,neutral
Pidurangala Rock,Souvenir shopping,0,0,1,1,neutral
Pidurangala Rock,Sunrise watching,109,8,72,189,positive
Pidurangala Rock,Sunset watching,77,10,71,158,positive
Pidurangala Rock,Swimming,0,0,1,1,neutral
Pidurangala Rock,Temple visit,8,2,30,40,neutral
Pidurangala Rock,Trekking,7,1,9,17,neutral
Pidurangala Rock,Viewpoint visit,11,0,2,13,positive
Pidurangala Rock,Walking trail,0,1,0,1,negative
Pidurangala Rock,Waterfall visit,1,1,0,2,positive
Pidurutalagala,Camping,2,1,2,5,positive
Pidurutalagala,Cycling,1,1,0,2,positive
Pidurutalagala,Hiking,1,1,3,5,neutral
Pidurutalagala,Photography,4,2,9,15,neutral
Pidurutalagala,Relaxing,1,0,0,1,positive
Pidurutalagala,Safari,1,0,0,1,positive
Pidurutalagala,Scenic drive,1,0,1,2,positive
Pidurutalagala,Shopping,2,0,5,7,neutral
Pidurutalagala,Temple visit,0,0,3,3,neutral
Pidurutalagala,Trekking,1,2,0,3,negative
Pidurutalagala,Viewpoint visit,0,1,0,1,negative
Pidurutalagala,Walking trail,1,0,0,1,positive
Pinnawala Elephant Orphanage,Ayurveda wellness,0,0,1,1,neutral
Pinnawala Elephant Orphanage,Beach relaxing,1,0,0,1,positive
Pinnawala Elephant Orphanage,Boat ride,0,0,2,2,neutral
Pinnawala Elephant Orphanage,Cycling,0,0,1,1,neutral
Pinnawala Elephant Orphanage,Diving,0,0,1,1,neutral
Pinnawala Elephant Orphanage,Elephant watching,22,5,43,70,neutral
Pinnawala Elephant Orphanage,Jeep safari,0,0,2,2,neutral
Pinnawala Elephant Orphanage,Museum visit,2,0,1,3,positive
Pinnawala Elephant Orphanage,Photography,16,11,80,107,neutral
Pinnawala Elephant Orphanage,Picnic,1,0,0,1,positive
Pinnawala Elephant Orphanage,Relaxing,5,0,5,10,positive
Pinnawala Elephant Orphanage,Ruins exploration,1,0,0,1,positive
Pinnawala Elephant Orphanage,Safari,4,4,24,32,neutral
Pinnawala Elephant Orphanage,Scenic drive,1,0,0,1,positive
Pinnawala Elephant Orphanage,Seafood tasting,1,0,0,1,positive
Pinnawala Elephant Orphanage,Shopping,14,1,26,41,neutral
Pinnawala Elephant Orphanage,Snorkelling,0,0,1,1,neutral
Pinnawala Elephant Orphanage,Souvenir shopping,7,5,17,29,neutral
Pinnawala Elephant Orphanage,Street food tasting,1,0,0,1,positive
Pinnawala Elephant Orphanage,Swimming,2,0,9,11,neutral
Pinnawala Elephant Orphanage,Tea factory visit,0,0,2,2,neutral
Pinnawala Elephant Orphanage,Temple visit,1,0,0,1,positive
Pinnawala Elephant Orphanage,Trekking,1,0,0,1,positive
Pinnawala Elephant Orphanage,Waterfall visit,0,1,0,1,negative
Pinnawala Elephant Orphanage,Whale watching,0,1,0,1,negative
Pinnawala Elephant Orphanage,Wildlife watching,1,0,0,1,positive
Pitawala Pathana,Camping,1,0,1,2,positive
Pitawala Pathana,Heritage exploration,1,0,0,1,positive
Pitawala Pathana,Hiking,6,1,9,16,neutral
Pitawala Pathana,Photography,4,0,4,8,positive
Pitawala Pathana,Relaxing,1,0,1,2,positive
Pitawala Pathana,Shopping,1,0,2,3,neutral
Pitawala Pathana,Sightseeing,1,0,0,1,positive
Pitawala Pathana,Sunrise watching,1,0,0,1,positive
Pitawala Pathana,Sunset watching,2,0,0,2,positive
Pitawala Pathana,Trekking,3,0,0,3,positive
Pitawala Pathana,Viewpoint visit,3,1,4,8,neutral
Pitawala Pathana,Waterfall visit,1,0,0,1,positive
Polhena Beach,Beach relaxing,0,0,1,1,neutral
Polhena Beach,Camping,0,0,2,2,neutral
Polhena Beach,Diving,1,0,3,4,neutral
Polhena Beach,Fishing,0,0,1,1,neutral
Polhena Beach,Kayaking,0,0,1,1,neutral
Polhena Beach,Photography,2,0,4,6,neutral
Polhena Beach,Relaxing,25,0,7,32,positive
Polhena Beach,Ruins exploration,0,0,1,1,neutral
Polhena Beach,Safari,0,0,1,1,neutral
Polhena Beach,Sea bathing,18,1,7,26,positive
Polhena Beach,Seafood tasting,2,0,0,2,positive
Polhena Beach,Shopping,5,0,6,11,neutral
Polhena Beach,Snorkelling,56,8,54,118,positive
Polhena Beach,Sunbathing,4,0,3,7,positive
Polhena Beach,Sunrise watching,1,0,1,2,positive
Polhena Beach,Sunset watching,1,0,1,2,positive
Polhena Beach,Surfing,5,0,3,8,positive
Polhena Beach,Swimming,56,4,52,112,positive
Polhena Beach,Train ride,0,0,3,3,neutral
Polhena Beach,Turtle watching,5,0,9,14,neutral
Polhena Beach,Viewpoint visit,0,0,1,1,neutral
Polonnaruwa Vatadage,Ancient city visit,93,3,103,199,neutral
Polonnaruwa Vatadage,Cycling,2,2,5,9,neutral
Polonnaruwa Vatadage,Heritage exploration,8,0,7,15,positive
Polonnaruwa Vatadage,Meditation,1,0,0,1,positive
Polonnaruwa Vatadage,Museum visit,5,1,9,15,neutral
Polonnaruwa Vatadage,Photography,10,0,12,22,neutral
Polonnaruwa Vatadage,Relaxing,0,0,2,2,neutral
Polonnaruwa Vatadage,Religious visit,9,0,0,9,positive
Polonnaruwa Vatadage,Ruins exploration,18,0,8,26,positive
Polonnaruwa Vatadage,Shopping,1,0,1,2,positive
Polonnaruwa Vatadage,Souvenir shopping,1,1,1,3,positive
Polonnaruwa Vatadage,Temple visit,3,0,0,3,positive
Polonnaruwa Vatadage,Trekking,1,0,0,1,positive
Popham's Arboretum,Bird watching,1,0,0,1,positive
Popham's Arboretum,Camping,2,0,2,4,positive
Popham's Arboretum,Diving,0,0,1,1,neutral
Popham's Arboretum,Fishing,2,0,2,4,positive
Popham's Arboretum,Forest walk,2,0,5,7,neutral
Popham's Arboretum,Heritage exploration,1,0,0,1,positive
Popham's Arboretum,Hiking,1,0,3,4,neutral
Popham's Arboretum,Jeep safari,1,0,0,1,positive
Popham's Arboretum,Museum visit,0,0,1,1,neutral
Popham's Arboretum,Nature walk,3,0,1,4,positive
Popham's Arboretum,Photography,6,0,5,11,positive
Popham's Arboretum,Picnic,0,0,1,1,neutral
Popham's Arboretum,Relaxing,5,0,0,5,positive
Popham's Arboretum,Ruins exploration,0,0,1,1,neutral
Popham's Arboretum,Safari,7,1,14,22,neutral
Popham's Arboretum,Scenic drive,0,0,1,1,neutral
Popham's Arboretum,Sunset watching,0,0,3,3,neutral
Popham's Arboretum,Temple visit,0,1,0,1,negative
Popham's Arboretum,Trekking,2,0,1,3,positive
Popham's Arboretum,Wildlife watching,3,0,0,3,positive
Rankoth Vehera,Ancient city visit,2,0,5,7,neutral
Rankoth Vehera,Cycling,1,0,1,2,positive
Rankoth Vehera,Heritage exploration,1,0,0,1,positive
Rankoth Vehera,Photography,1,0,3,4,neutral
Rankoth Vehera,Pilgrimage,1,0,1,2,positive
Rankoth Vehera,Relaxing,2,0,0,2,positive
Rankoth Vehera,Religious visit,7,1,12,20,neutral
Rankoth Vehera,Ruins exploration,0,0,4,4,neutral
Rankoth Vehera,Shopping,1,0,0,1,positive
Rankoth Vehera,Temple visit,1,0,2,3,neutral
Ravana Ella FallsSomeone from this business manages the listing.,Diving,0,0,2,2,neutral
Ravana Ella FallsSomeone from this business manages the listing.,Hiking,7,1,8,16,neutral
Ravana Ella FallsSomeone from this business manages the listing.,Local food tasting,2,0,0,2,positive
Ravana Ella FallsSomeone from this business manages the listing.,Photography,72,10,54,136,positive
Ravana Ella FallsSomeone from this business manages the listing.,Picnic,0,0,2,2,neutral
Ravana Ella FallsSomeone from this business manages the listing.,Relaxing,9,2,4,15,positive
Ravana Ella FallsSomeone from this business manages the listing.,Safari,1,0,1,2,positive
Ravana Ella FallsSomeone from this business manages the listing.,Scenic drive,1,0,0,1,positive
Ravana Ella FallsSomeone from this business manages the listing.,Shopping,4,1,6,11,neutral
Ravana Ella FallsSomeone from this business manages the listing.,Sightseeing,0,0,5,5,neutral
Ravana Ella FallsSomeone from this business manages the listing.,Souvenir shopping,4,0,9,13,neutral
Ravana Ella FallsSomeone from this business manages the listing.,Spa treatment,0,0,1,1,neutral
Ravana Ella FallsSomeone from this business manages the listing.,Street food tasting,2,0,0,2,positive
Ravana Ella FallsSomeone from this business manages the listing.,Swimming,31,10,57,98,neutral
Ravana Ella FallsSomeone from this business manages the listing.,Tea factory visit,1,0,0,1,positive
Ravana Ella FallsSomeone from this business manages the listing.,Temple visit,0,0,1,1,neutral
Ravana Ella FallsSomeone from this business manages the listing.,Trekking,1,0,3,4,neutral
Ravana Ella FallsSomeone from this business manages the listing.,Viewpoint visit,3,1,3,7,positive
Ravana Ella FallsSomeone from this business manages the listing.,Waterfall visit,192,38,218,448,neutral
Richmond Castle,Heritage exploration,0,0,1,1,neutral
Richmond Castle,Museum visit,1,0,1,2,positive
Richmond Castle,Photography,16,1,9,26,positive
Richmond Castle,Ruins exploration,1,0,0,1,positive
Richmond Castle,Temple visit,0,0,2,2,neutral
Richmond Castle,Waterfall visit,0,0,1,1,neutral
Ridee Viharaya (silver Temple),Ancient city visit,1,0,1,2,positive
Ridee Viharaya (silver Temple),Forest walk,0,0,1,1,neutral
Ridee Viharaya (silver Temple),Heritage exploration,0,0,1,1,neutral
Ridee Viharaya (silver Temple),Hiking,0,0,2,2,neutral
Ridee Viharaya (silver Temple),Meditation,3,0,6,9,neutral
Ridee Viharaya (silver Temple),Photography,0,0,2,2,neutral
Ridee Viharaya (silver Temple),Pilgrimage,0,0,7,7,neutral
Ridee Viharaya (silver Temple),Relaxing,4,0,1,5,positive
Ridee Viharaya (silver Temple),Religious visit,0,0,3,3,neutral
Ridee Viharaya (silver Temple),Ruins exploration,0,0,1,1,neutral
Ridee Viharaya (silver Temple),Scenic drive,0,0,1,1,neutral
Ridee Viharaya (silver Temple),Sightseeing,0,0,1,1,neutral
Ridee Viharaya (silver Temple),Sunrise watching,0,0,1,1,neutral
Ridee Viharaya (silver Temple),Sunset watching,1,0,1,2,positive
Ridee Viharaya (silver Temple),Temple visit,30,1,35,66,neutral
Ridee Viharaya (silver Temple),Viewpoint visit,2,0,1,3,positive
Ridee Viharaya (silver Temple),Yoga,0,0,1,1,neutral
Ritigala Forest Monastery,Ancient city visit,6,0,4,10,positive
Ritigala Forest Monastery,Ayurveda wellness,2,0,2,4,positive
Ritigala Forest Monastery,Bird watching,1,0,0,1,positive
Ritigala Forest Monastery,Cycling,0,0,1,1,neutral
Ritigala Forest Monastery,Forest walk,12,0,2,14,positive
Ritigala Forest Monastery,Heritage exploration,0,0,1,1,neutral
Ritigala Forest Monastery,Hiking,24,1,9,34,positive
Ritigala Forest Monastery,Meditation,2,0,17,19,neutral
Ritigala Forest Monastery,Museum visit,0,0,1,1,neutral
Ritigala Forest Monastery,Photography,4,0,6,10,neutral
Ritigala Forest Monastery,Relaxing,9,0,1,10,positive
Ritigala Forest Monastery,Religious visit,1,0,0,1,positive
Ritigala Forest Monastery,Ruins exploration,37,1,33,71,positive
Ritigala Forest Monastery,Scenic drive,0,1,1,2,negative
Ritigala Forest Monastery,Shopping,0,0,1,1,neutral
Ritigala Forest Monastery,Sightseeing,0,0,1,1,neutral
Ritigala Forest Monastery,Sunset watching,1,0,0,1,positive
Ritigala Forest Monastery,Swimming,0,0,2,2,neutral
Ritigala Forest Monastery,Temple visit,1,0,3,4,neutral
Ritigala Forest Monastery,Trekking,5,0,6,11,neutral
Ritigala Forest Monastery,Viewpoint visit,1,0,1,2,positive
Ritigala Forest Monastery,Waterfall bathing,1,0,0,1,positive
Ritigala Forest Monastery,Waterfall visit,1,0,1,2,positive
Ritigala Forest Monastery,Yoga,0,0,1,1,neutral
Royal Botanical Gardens,Cycling,1,0,0,1,positive
Royal Botanical Gardens,Hiking,1,0,0,1,positive
Royal Botanical Gardens,Museum visit,1,0,0,1,positive
Royal Botanical Gardens,Photography,19,0,14,33,positive
Royal Botanical Gardens,Picnic,14,0,7,21,positive
Royal Botanical Gardens,Relaxing,72,1,18,91,positive
Royal Botanical Gardens,Scenic drive,0,0,1,1,neutral
Royal Botanical Gardens,Shopping,14,0,13,27,positive
Royal Botanical Gardens,Sightseeing,1,0,1,2,positive
Royal Botanical Gardens,Souvenir shopping,4,0,2,6,positive
Royal Botanical Gardens,Sunbathing,1,0,0,1,positive
Royal Botanical Gardens,Sunset watching,1,1,0,2,positive
Royal Botanical Gardens,Temple visit,2,1,5,8,neutral
Royal Botanical Gardens,Trekking,0,0,1,1,neutral
Royal Botanical Gardens,Wildlife watching,0,1,0,1,negative
Ruwanweli Maha Seya,Ancient city visit,31,5,49,85,neutral
Ruwanweli Maha Seya,Cycling,2,1,2,5,positive
Ruwanweli Maha Seya,Heritage exploration,1,0,7,8,neutral
Ruwanweli Maha Seya,Meditation,22,0,8,30,positive
Ruwanweli Maha Seya,Museum visit,0,0,3,3,neutral
Ruwanweli Maha Seya,Photography,13,1,13,27,positive
Ruwanweli Maha Seya,Pilgrimage,9,4,28,41,neutral
Ruwanweli Maha Seya,Relaxing,21,1,6,28,positive
Ruwanweli Maha Seya,Religious visit,51,4,75,130,neutral
Ruwanweli Maha Seya,Ruins exploration,4,0,10,14,neutral
Ruwanweli Maha Seya,Safari,2,0,0,2,positive
Ruwanweli Maha Seya,Scenic drive,0,0,1,1,neutral
Ruwanweli Maha Seya,Shopping,1,0,3,4,neutral
Ruwanweli Maha Seya,Sightseeing,1,0,0,1,positive
Ruwanweli Maha Seya,Souvenir shopping,0,1,0,1,negative
Ruwanweli Maha Seya,Sunrise watching,3,0,2,5,positive
Ruwanweli Maha Seya,Sunset watching,16,1,8,25,positive
Ruwanweli Maha Seya,Swimming,1,0,0,1,positive
Ruwanweli Maha Seya,Temple visit,14,1,16,31,neutral
Ruwanweli Maha Seya,Waterfall visit,0,0,3,3,neutral
Samadhi Statue,Ancient city visit,7,0,6,13,positive
Samadhi Statue,Market visit,0,0,1,1,neutral
Samadhi Statue,Meditation,5,0,14,19,neutral
Samadhi Statue,Photography,0,0,8,8,neutral
Samadhi Statue,Pilgrimage,1,0,2,3,neutral
Samadhi Statue,Relaxing,1,0,1,2,positive
Samadhi Statue,Religious visit,9,0,12,21,neutral
Samadhi Statue,Ruins exploration,2,0,1,3,positive
Samadhi Statue,Shopping,0,0,2,2,neutral
Samadhi Statue,Souvenir shopping,0,0,1,1,neutral
Samadhi Statue,Temple visit,1,0,0,1,positive
Samadhi Statue,Waterfall visit,1,0,0,1,positive
Samudra Parakrama,Ancient city visit,3,0,4,7,neutral
Samudra Parakrama,Bird watching,1,0,0,1,positive
Samudra Parakrama,Boat ride,0,0,2,2,neutral
Samudra Parakrama,Cycling,0,0,1,1,neutral
Samudra Parakrama,Fishing,0,0,3,3,neutral
Samudra Parakrama,Museum visit,0,0,2,2,neutral
Samudra Parakrama,Photography,2,0,0,2,positive
Samudra Parakrama,Relaxing,1,0,0,1,positive
Samudra Parakrama,Ruins exploration,1,0,2,3,neutral
Samudra Parakrama,Scenic drive,0,0,1,1,neutral
Samudra Parakrama,Sightseeing,0,0,1,1,neutral
Samudra Parakrama,Sunrise watching,1,0,0,1,positive
Samudra Parakrama,Sunset watching,7,0,1,8,positive
Samudra Parakrama,Temple visit,1,0,0,1,positive
Sea Turtle Conservation Project (Koggala),Beach walking,0,0,2,2,neutral
Sea Turtle Conservation Project (Koggala),Boat ride,1,0,0,1,positive
Sea Turtle Conservation Project (Koggala),Cycling,0,0,1,1,neutral
Sea Turtle Conservation Project (Koggala),Diving,0,1,1,2,negative
Sea Turtle Conservation Project (Koggala),Fishing,1,1,9,11,neutral
Sea Turtle Conservation Project (Koggala),Photography,3,3,10,16,neutral
Sea Turtle Conservation Project (Koggala),Shopping,0,0,1,1,neutral
Sea Turtle Conservation Project (Koggala),Sunbathing,0,0,1,1,neutral
Sea Turtle Conservation Project (Koggala),Sunset watching,1,0,0,1,positive
Sea Turtle Conservation Project (Koggala),Surfing,1,0,0,1,positive
Sea Turtle Conservation Project (Koggala),Swimming,2,1,11,14,neutral
Sea Turtle Conservation Project (Koggala),Turtle watching,2,0,1,3,positive
Sea Turtle Conservation Project (Koggala),Whale watching,0,0,1,1,neutral
Sea Turtle Conservation Project (Koggala),Yoga,0,0,1,1,neutral
Sea Turtle Farm Galle Mahamodara,Boat ride,1,0,1,2,positive
Sea Turtle Farm Galle Mahamodara,Cycling,7,0,2,9,positive
Sea Turtle Farm Galle Mahamodara,Fishing,5,1,9,15,neutral
Sea Turtle Farm Galle Mahamodara,Fort visit,5,0,2,7,positive
Sea Turtle Farm Galle Mahamodara,Heritage exploration,0,0,1,1,neutral
Sea Turtle Farm Galle Mahamodara,Photography,4,0,4,8,positive
Sea Turtle Farm Galle Mahamodara,Relaxing,5,0,2,7,positive
Sea Turtle Farm Galle Mahamodara,Seafood tasting,1,0,0,1,positive
Sea Turtle Farm Galle Mahamodara,Shopping,1,0,1,2,positive
Sea Turtle Farm Galle Mahamodara,Souvenir shopping,0,0,2,2,neutral
Sea Turtle Farm Galle Mahamodara,Sunset watching,5,0,1,6,positive
Sea Turtle Farm Galle Mahamodara,Swimming,1,1,2,4,neutral
Sea Turtle Farm Galle Mahamodara,Turtle watching,13,1,3,17,positive
Seema Malakaya Temple,Ancient city visit,1,0,0,1,positive
Seema Malakaya Temple,Bird watching,1,0,0,1,positive
Seema Malakaya Temple,Boat ride,0,0,1,1,neutral
Seema Malakaya Temple,Market visit,0,0,1,1,neutral
Seema Malakaya Temple,Meditation,26,0,33,59,neutral
Seema Malakaya Temple,Museum visit,2,0,0,2,positive
Seema Malakaya Temple,Photography,42,3,21,66,positive
Seema Malakaya Temple,Relaxing,16,1,6,23,positive
Seema Malakaya Temple,Religious visit,9,0,9,18,positive
Seema Malakaya Temple,Shopping,0,0,3,3,neutral
Seema Malakaya Temple,Sunset watching,7,0,3,10,positive
Seema Malakaya Temple,Swimming,2,0,0,2,positive
Seema Malakaya Temple,Temple visit,148,8,167,323,neutral
Seenigama Muhudu Viharaya,Boat ride,3,3,10,16,neutral
Seenigama Muhudu Viharaya,Fishing,0,0,1,1,neutral
Seenigama Muhudu Viharaya,Museum visit,0,0,3,3,neutral
Seenigama Muhudu Viharaya,Photography,2,0,6,8,neutral
Seenigama Muhudu Viharaya,Relaxing,2,0,0,2,positive
Seenigama Muhudu Viharaya,Religious visit,0,0,1,1,neutral
Seenigama Muhudu Viharaya,Sunset watching,1,0,0,1,positive
Seenigama Muhudu Viharaya,Swimming,1,0,2,3,neutral
Seenigama Muhudu Viharaya,Temple visit,29,4,31,64,neutral
Seruwila Mangala Raja Maha Vihara,Heritage exploration,0,0,1,1,neutral
Seruwila Mangala Raja Maha Vihara,Picnic,1,0,0,1,positive
Seruwila Mangala Raja Maha Vihara,Pilgrimage,0,0,1,1,neutral
Seruwila Mangala Raja Maha Vihara,Religious visit,3,0,4,7,neutral
Seruwila Mangala Raja Maha Vihara,Ruins exploration,0,0,1,1,neutral
Seruwila Mangala Raja Maha Vihara,Scenic drive,0,1,0,1,negative
Seruwila Mangala Raja Maha Vihara,Temple visit,19,0,26,45,neutral
Sigiriya Lion Rock,Ancient city visit,2,0,5,7,neutral
Sigiriya Lion Rock,Ayurveda wellness,0,0,1,1,neutral
Sigiriya Lion Rock,Diving,0,0,1,1,neutral
Sigiriya Lion Rock,Fort visit,2,0,1,3,positive
Sigiriya Lion Rock,Heritage exploration,15,1,30,46,neutral
Sigiriya Lion Rock,Hiking,23,3,9,35,positive
Sigiriya Lion Rock,Meditation,0,0,1,1,neutral
Sigiriya Lion Rock,Mountain climbing,0,0,2,2,neutral
Sigiriya Lion Rock,Museum visit,8,1,14,23,neutral
Sigiriya Lion Rock,Photography,20,4,28,52,neutral
Sigiriya Lion Rock,Relaxing,3,0,1,4,positive
Sigiriya Lion Rock,Religious visit,2,0,0,2,positive
Sigiriya Lion Rock,Rock climbing,2,0,5,7,neutral
Sigiriya Lion Rock,Ruins exploration,12,1,11,24,positive
Sigiriya Lion Rock,Safari,2,0,1,3,positive
Sigiriya Lion Rock,Shopping,0,0,4,4,neutral
Sigiriya Lion Rock,Sightseeing,0,0,3,3,neutral
Sigiriya Lion Rock,Souvenir shopping,1,0,6,7,neutral
Sigiriya Lion Rock,Spa treatment,0,0,1,1,neutral
Sigiriya Lion Rock,Sunrise watching,30,4,26,60,positive
Sigiriya Lion Rock,Sunset watching,11,3,6,20,positive
Sigiriya Lion Rock,Swimming,1,0,5,6,neutral
Sigiriya Lion Rock,Temple visit,3,0,0,3,positive
Sigiriya Lion Rock,Trekking,2,0,2,4,positive
Sigiriya Lion Rock,Viewpoint visit,3,0,0,3,positive
Sigiriya Lion Rock,Village tour,2,0,5,7,neutral
Sigiriya Lion Rock,Waterfall visit,0,1,0,1,negative
Single Tree Hill,Hiking,15,0,17,32,neutral
Single Tree Hill,Photography,4,0,1,5,positive
Single Tree Hill,Picnic,1,0,0,1,positive
Single Tree Hill,Relaxing,1,0,0,1,positive
Single Tree Hill,Religious visit,0,0,2,2,neutral
Single Tree Hill,Scenic drive,1,0,0,1,positive
Single Tree Hill,Sunset watching,2,0,0,2,positive
Single Tree Hill,Tea plantation visit,3,0,1,4,positive
Single Tree Hill,Temple visit,12,0,8,20,positive
Single Tree Hill,Trekking,4,1,2,7,positive
Single Tree Hill,Viewpoint visit,1,0,5,6,neutral
Sinharaja Forest Reserve,Ayurveda wellness,0,0,2,2,neutral
Sinharaja Forest Reserve,Bird watching,22,3,11,36,positive
Sinharaja Forest Reserve,Boat ride,0,0,2,2,neutral
Sinharaja Forest Reserve,Camping,4,2,5,11,neutral
Sinharaja Forest Reserve,Cycling,0,0,1,1,neutral
Sinharaja Forest Reserve,Fishing,0,0,5,5,neutral
Sinharaja Forest Reserve,Forest walk,15,1,3,19,positive
Sinharaja Forest Reserve,Heritage exploration,6,1,19,26,neutral
Sinharaja Forest Reserve,Hiking,29,7,39,75,neutral
Sinharaja Forest Reserve,Jeep safari,2,0,1,3,positive
Sinharaja Forest Reserve,Museum visit,0,0,1,1,neutral
Sinharaja Forest Reserve,Nature walk,0,0,2,2,neutral
Sinharaja Forest Reserve,Photography,17,1,18,36,neutral
Sinharaja Forest Reserve,Picnic,0,0,1,1,neutral
Sinharaja Forest Reserve,Relaxing,5,0,4,9,positive
Sinharaja Forest Reserve,Safari,2,0,0,2,positive
Sinharaja Forest Reserve,Scenic drive,0,0,1,1,neutral
Sinharaja Forest Reserve,Shopping,2,0,4,6,neutral
Sinharaja Forest Reserve,Snorkelling,0,0,4,4,neutral
Sinharaja Forest Reserve,Souvenir shopping,0,0,1,1,neutral
Sinharaja Forest Reserve,Spa treatment,2,0,2,4,positive
Sinharaja Forest Reserve,Sunset watching,3,0,0,3,positive
Sinharaja Forest Reserve,Swimming,44,1,22,67,positive
Sinharaja Forest Reserve,Tea plantation visit,0,1,1,2,negative
Sinharaja Forest Reserve,Trekking,30,3,49,82,neutral
Sinharaja Forest Reserve,Viewpoint visit,1,0,1,2,positive
Sinharaja Forest Reserve,Waterfall bathing,9,0,4,13,positive
Sinharaja Forest Reserve,Waterfall visit,28,5,25,58,positive
Sinharaja Forest Reserve,Wildlife watching,3,1,3,7,positive
Sithulpawwa Rock Temple,Heritage exploration,0,0,1,1,neutral
Sithulpawwa Rock Temple,Hiking,2,0,3,5,neutral
Sithulpawwa Rock Temple,Jeep safari,0,0,1,1,neutral
Sithulpawwa Rock Temple,Leopard watching,1,0,0,1,positive
Sithulpawwa Rock Temple,Meditation,3,0,1,4,positive
Sithulpawwa Rock Temple,Photography,0,0,1,1,neutral
Sithulpawwa Rock Temple,Pilgrimage,2,0,7,9,neutral
Sithulpawwa Rock Temple,Relaxing,1,0,0,1,positive
Sithulpawwa Rock Temple,Religious visit,2,0,7,9,neutral
Sithulpawwa Rock Temple,Ruins exploration,1,0,4,5,neutral
Sithulpawwa Rock Temple,Safari,2,1,7,10,neutral
Sithulpawwa Rock Temple,Shopping,0,0,1,1,neutral
Sithulpawwa Rock Temple,Sunset watching,1,0,1,2,positive
Sithulpawwa Rock Temple,Temple visit,65,7,85,157,neutral
Sithulpawwa Rock Temple,Trekking,0,0,1,1,neutral
Somawathiya Chaitya,Ancient city visit,6,0,1,7,positive
Somawathiya Chaitya,Elephant watching,1,0,2,3,neutral
Somawathiya Chaitya,Heritage exploration,1,0,0,1,positive
Somawathiya Chaitya,Meditation,2,0,0,2,positive
Somawathiya Chaitya,Museum visit,1,0,0,1,positive
Somawathiya Chaitya,Photography,1,0,6,7,neutral
Somawathiya Chaitya,Pilgrimage,4,0,8,12,neutral
Somawathiya Chaitya,Relaxing,3,0,0,3,positive
Somawathiya Chaitya,Religious visit,11,1,13,25,neutral
Somawathiya Chaitya,Safari,0,0,1,1,neutral
Somawathiya Chaitya,Scenic drive,1,0,0,1,positive
Somawathiya Chaitya,Shopping,1,0,0,1,positive
Somawathiya Chaitya,Sunset watching,1,0,0,1,positive
Somawathiya Chaitya,Temple visit,6,1,9,16,neutral
Sri Pada / Adam's Peak,Hiking,2,0,1,3,positive
Sri Pada / Adam's Peak,Relaxing,1,0,0,1,positive
Sri Pada / Adam's Peak,Religious visit,0,1,0,1,negative
Sri Pada / Adam's Peak,Shopping,0,0,3,3,neutral
Sri Pada / Adam's Peak,Sunrise watching,3,3,3,9,positive
Sri Pada / Adam's Peak,Sunset watching,0,0,1,1,neutral
Sri Pada / Adam's Peak,Temple visit,0,1,2,3,neutral
Sri Pada / Adam's Peak,Trekking,1,0,0,1,positive
"Sri Pada / Adam's PeakUnclaimedIf you own this business, claim it for free now to update business info, respond to reviews, and more.Claim this listing",Camping,1,1,4,6,neutral
"Sri Pada / Adam's PeakUnclaimedIf you own this business, claim it for free now to update business info, respond to reviews, and more.Claim this listing",Heritage exploration,0,0,2,2,neutral
"Sri Pada / Adam's PeakUnclaimedIf you own this business, claim it for free now to update business info, respond to reviews, and more.Claim this listing",Hiking,96,32,165,293,neutral
"Sri Pada / Adam's PeakUnclaimedIf you own this business, claim it for free now to update business info, respond to reviews, and more.Claim this listing",Meditation,0,0,3,3,neutral
"Sri Pada / Adam's PeakUnclaimedIf you own this business, claim it for free now to update business info, respond to reviews, and more.Claim this listing",Mountain climbing,1,2,7,10,neutral
"Sri Pada / Adam's PeakUnclaimedIf you own this business, claim it for free now to update business info, respond to reviews, and more.Claim this listing",Photography,17,9,23,49,neutral
"Sri Pada / Adam's PeakUnclaimedIf you own this business, claim it for free now to update business info, respond to reviews, and more.Claim this listing",Pilgrimage,31,14,93,138,neutral
"Sri Pada / Adam's PeakUnclaimedIf you own this business, claim it for free now to update business info, respond to reviews, and more.Claim this listing",Relaxing,6,3,13,22,neutral
"Sri Pada / Adam's PeakUnclaimedIf you own this business, claim it for free now to update business info, respond to reviews, and more.Claim this listing",Religious visit,9,1,8,18,positive
"Sri Pada / Adam's PeakUnclaimedIf you own this business, claim it for free now to update business info, respond to reviews, and more.Claim this listing",Rock climbing,1,0,0,1,positive
"Sri Pada / Adam's PeakUnclaimedIf you own this business, claim it for free now to update business info, respond to reviews, and more.Claim this listing",Ruins exploration,0,1,0,1,negative
"Sri Pada / Adam's PeakUnclaimedIf you own this business, claim it for free now to update business info, respond to reviews, and more.Claim this listing",Shopping,29,9,74,112,neutral
"Sri Pada / Adam's PeakUnclaimedIf you own this business, claim it for free now to update business info, respond to reviews, and more.Claim this listing",Spa treatment,3,0,4,7,neutral
"Sri Pada / Adam's PeakUnclaimedIf you own this business, claim it for free now to update business info, respond to reviews, and more.Claim this listing",Street food tasting,1,0,0,1,positive
"Sri Pada / Adam's PeakUnclaimedIf you own this business, claim it for free now to update business info, respond to reviews, and more.Claim this listing",Sunrise watching,167,60,247,474,neutral
"Sri Pada / Adam's PeakUnclaimedIf you own this business, claim it for free now to update business info, respond to reviews, and more.Claim this listing",Sunset watching,12,3,15,30,neutral
"Sri Pada / Adam's PeakUnclaimedIf you own this business, claim it for free now to update business info, respond to reviews, and more.Claim this listing",Surfing,0,0,1,1,neutral
"Sri Pada / Adam's PeakUnclaimedIf you own this business, claim it for free now to update business info, respond to reviews, and more.Claim this listing",Swimming,0,0,2,2,neutral
"Sri Pada / Adam's PeakUnclaimedIf you own this business, claim it for free now to update business info, respond to reviews, and more.Claim this listing",Temple visit,7,4,23,34,neutral
"Sri Pada / Adam's PeakUnclaimedIf you own this business, claim it for free now to update business info, respond to reviews, and more.Claim this listing",Train ride,1,0,2,3,neutral
"Sri Pada / Adam's PeakUnclaimedIf you own this business, claim it for free now to update business info, respond to reviews, and more.Claim this listing",Trekking,17,11,37,65,neutral
"Sri Pada / Adam's PeakUnclaimedIf you own this business, claim it for free now to update business info, respond to reviews, and more.Claim this listing",Viewpoint visit,2,0,2,4,positive
"Sri Pada / Adam's PeakUnclaimedIf you own this business, claim it for free now to update business info, respond to reviews, and more.Claim this listing",Walking trail,0,0,1,1,neutral
"Sri Pada / Adam's PeakUnclaimedIf you own this business, claim it for free now to update business info, respond to reviews, and more.Claim this listing",Waterfall visit,6,0,1,7,positive
"Sri Pada / Adam's PeakUnclaimedIf you own this business, claim it for free now to update business info, respond to reviews, and more.Claim this listing",White water rafting,0,0,1,1,neutral
St Benedict's Monastery - Adisham,Forest walk,2,1,1,4,positive
St Benedict's Monastery - Adisham,Heritage exploration,0,0,1,1,neutral
St Benedict's Monastery - Adisham,Hiking,3,0,1,4,positive
St Benedict's Monastery - Adisham,Meditation,2,0,2,4,positive
St Benedict's Monastery - Adisham,Museum visit,4,0,1,5,positive
St Benedict's Monastery - Adisham,Nature walk,1,0,0,1,positive
St Benedict's Monastery - Adisham,Photography,6,2,16,24,neutral
St Benedict's Monastery - Adisham,Pilgrimage,0,0,1,1,neutral
St Benedict's Monastery - Adisham,Relaxing,8,0,5,13,positive
St Benedict's Monastery - Adisham,Religious visit,2,0,0,2,positive
St Benedict's Monastery - Adisham,Scenic drive,1,0,1,2,positive
St Benedict's Monastery - Adisham,Shopping,11,1,22,34,neutral
St Benedict's Monastery - Adisham,Souvenir shopping,1,0,2,3,neutral
St Benedict's Monastery - Adisham,Tea factory visit,0,0,1,1,neutral
St Benedict's Monastery - Adisham,Tea plantation visit,0,0,1,1,neutral
St Benedict's Monastery - Adisham,Train ride,1,0,2,3,neutral
St Benedict's Monastery - Adisham,Trekking,1,0,1,2,positive
St Benedict's Monastery - Adisham,Viewpoint visit,2,0,0,2,positive
St Benedict's Monastery - Adisham,Waterfall visit,0,0,1,1,neutral
St Clair's Falls,Hiking,1,1,1,3,positive
St Clair's Falls,Museum visit,1,1,2,4,neutral
St Clair's Falls,Photography,44,1,12,57,positive
St Clair's Falls,Relaxing,7,0,1,8,positive
St Clair's Falls,Scenic drive,1,0,0,1,positive
St Clair's Falls,Shopping,3,0,5,8,neutral
St Clair's Falls,Souvenir shopping,0,0,2,2,neutral
St Clair's Falls,Sunrise watching,0,0,1,1,neutral
St Clair's Falls,Sunset watching,0,0,1,1,neutral
St Clair's Falls,Tea factory visit,1,0,0,1,positive
St Clair's Falls,Tea plantation visit,4,0,1,5,positive
St Clair's Falls,Tea tasting,2,0,0,2,positive
St Clair's Falls,Train ride,2,0,2,4,positive
St Clair's Falls,Trekking,0,0,2,2,neutral
St Clair's Falls,Viewpoint visit,15,0,19,34,neutral
St Clair's Falls,Waterfall visit,72,4,90,166,neutral
St Lucia's Cathedral,Boat ride,0,0,1,1,neutral
St Lucia's Cathedral,Meditation,1,0,0,1,positive
St Lucia's Cathedral,Photography,0,0,1,1,neutral
St Lucia's Cathedral,Relaxing,0,0,1,1,neutral
St Lucia's Cathedral,Religious visit,4,0,3,7,positive
St Lucia's Cathedral,Sightseeing,1,0,0,1,positive
St Lucia's Cathedral,Temple visit,0,0,1,1,neutral
St. Mary's Church,Fishing,1,0,3,4,neutral
St. Mary's Church,Fort visit,0,0,1,1,neutral
St. Mary's Church,Meditation,1,0,1,2,positive
St. Mary's Church,Photography,9,6,16,31,neutral
St. Mary's Church,Relaxing,7,0,1,8,positive
St. Mary's Church,Religious visit,115,6,112,233,positive
St. Mary's Church,Ruins exploration,0,0,1,1,neutral
St. Mary's Church,Shopping,4,0,5,9,neutral
Statue of Parakramabahu I,Ancient city visit,6,0,9,15,neutral
Statue of Parakramabahu I,Cycling,0,0,1,1,neutral
Statue of Parakramabahu I,Heritage exploration,2,0,0,2,positive
Statue of Parakramabahu I,Museum visit,1,0,1,2,positive
Statue of Parakramabahu I,Photography,4,0,3,7,positive
Statue of Parakramabahu I,Religious visit,0,0,1,1,neutral
Statue of Parakramabahu I,Ruins exploration,3,0,3,6,positive
Statue of Parakramabahu I,Scenic drive,0,0,2,2,neutral
Statue of Parakramabahu I,Sunrise watching,1,0,0,1,positive
Statue of Parakramabahu I,Sunset watching,1,0,0,1,positive
Statue of Parakramabahu I,Trekking,1,0,0,1,positive
Statue of Parakramabahu I,Waterfall visit,1,0,0,1,positive
Temple of the Sacred Tooth Relic,Ancient city visit,0,0,1,1,neutral
Temple of the Sacred Tooth Relic,Bird watching,0,0,1,1,neutral
Temple of the Sacred Tooth Relic,Cultural show,3,0,1,4,positive
Temple of the Sacred Tooth Relic,Diving,1,0,0,1,positive
Temple of the Sacred Tooth Relic,Elephant watching,0,0,1,1,neutral
Temple of the Sacred Tooth Relic,Heritage exploration,7,0,7,14,positive
Temple of the Sacred Tooth Relic,Hiking,0,0,2,2,neutral
Temple of the Sacred Tooth Relic,Meditation,1,0,5,6,neutral
Temple of the Sacred Tooth Relic,Museum visit,19,2,15,36,positive
Temple of the Sacred Tooth Relic,Photography,11,3,35,49,neutral
Temple of the Sacred Tooth Relic,Pilgrimage,2,2,16,20,neutral
Temple of the Sacred Tooth Relic,Relaxing,2,1,0,3,positive
Temple of the Sacred Tooth Relic,Religious visit,391,64,574,1029,neutral
Temple of the Sacred Tooth Relic,Ruins exploration,0,0,1,1,neutral
Temple of the Sacred Tooth Relic,Scenic drive,1,0,0,1,positive
Temple of the Sacred Tooth Relic,Shopping,3,1,5,9,neutral
Temple of the Sacred Tooth Relic,Sightseeing,1,0,2,3,neutral
Temple of the Sacred Tooth Relic,Souvenir shopping,2,0,2,4,positive
Temple of the Sacred Tooth Relic,Sunset watching,0,0,1,1,neutral
Temple of the Sacred Tooth Relic,Tea factory visit,1,0,1,2,positive
Temple of the Sacred Tooth Relic,Temple visit,391,64,574,1029,neutral
Temple of the Sacred Tooth Relic,Viewpoint visit,1,0,1,2,positive
Temple of the Sacred Tooth Relic,Yoga,0,0,2,2,neutral
Temple of the Sacred Tooth Relic,Ziplining,0,0,1,1,neutral
Trincomalee Beach,Ancient city visit,0,0,1,1,neutral
Trincomalee Beach,Beach walking,0,0,2,2,neutral
Trincomalee Beach,Boat ride,0,0,1,1,neutral
Trincomalee Beach,Diving,1,0,3,4,neutral
Trincomalee Beach,Dolphin watching,0,0,2,2,neutral
Trincomalee Beach,Fishing,1,0,2,3,neutral
Trincomalee Beach,Fort visit,0,0,1,1,neutral
Trincomalee Beach,Museum visit,1,0,0,1,positive
Trincomalee Beach,Photography,1,0,1,2,positive
Trincomalee Beach,Relaxing,8,0,3,11,positive
Trincomalee Beach,Ruins exploration,0,0,1,1,neutral
Trincomalee Beach,Safari,0,0,1,1,neutral
Trincomalee Beach,Scuba diving,0,0,2,2,neutral
Trincomalee Beach,Sea bathing,2,0,1,3,positive
Trincomalee Beach,Snorkelling,4,0,5,9,neutral
Trincomalee Beach,Street food tasting,1,0,0,1,positive
Trincomalee Beach,Sunbathing,1,0,0,1,positive
Trincomalee Beach,Sunrise watching,1,0,0,1,positive
Trincomalee Beach,Sunset watching,3,0,0,3,positive
Trincomalee Beach,Surfing,0,0,2,2,neutral
Trincomalee Beach,Swimming,5,1,5,11,positive
Trincomalee Beach,Temple visit,3,0,4,7,neutral
Trincomalee Beach,Whale watching,0,0,1,1,neutral
Trincomalee War Cemetery,Diving,0,0,2,2,neutral
Trincomalee War Cemetery,Fort visit,0,0,1,1,neutral
Trincomalee War Cemetery,Heritage exploration,1,0,2,3,neutral
Trincomalee War Cemetery,Photography,6,1,6,13,positive
Trincomalee War Cemetery,Relaxing,1,0,1,2,positive
Trincomalee War Cemetery,Shopping,1,0,0,1,positive
Trincomalee War Cemetery,Sunset watching,1,0,0,1,positive
Trincomalee War Cemetery,Temple visit,1,0,0,1,positive
Trincomalee War Cemetery,Waterfall visit,3,0,3,6,positive
Turtle Conservation Project Turtle Watch,Beach relaxing,1,0,0,1,positive
Turtle Conservation Project Turtle Watch,Beach walking,1,4,16,21,neutral
Turtle Conservation Project Turtle Watch,Bird watching,0,0,1,1,neutral
Turtle Conservation Project Turtle Watch,Camping,0,0,1,1,neutral
Turtle Conservation Project Turtle Watch,Cycling,1,2,0,3,negative
Turtle Conservation Project Turtle Watch,Fishing,0,0,2,2,neutral
Turtle Conservation Project Turtle Watch,Hiking,0,0,1,1,neutral
Turtle Conservation Project Turtle Watch,Museum visit,2,0,0,2,positive
Turtle Conservation Project Turtle Watch,Photography,16,16,60,92,neutral
Turtle Conservation Project Turtle Watch,Relaxing,3,1,1,5,positive
Turtle Conservation Project Turtle Watch,Safari,0,0,3,3,neutral
Turtle Conservation Project Turtle Watch,Seafood tasting,1,0,0,1,positive
Turtle Conservation Project Turtle Watch,Shopping,1,1,0,2,positive
Turtle Conservation Project Turtle Watch,Snorkelling,0,0,1,1,neutral
Turtle Conservation Project Turtle Watch,Spa treatment,0,0,1,1,neutral
Turtle Conservation Project Turtle Watch,Sunbathing,0,0,1,1,neutral
Turtle Conservation Project Turtle Watch,Surfing,3,2,2,7,positive
Turtle Conservation Project Turtle Watch,Swimming,0,1,6,7,neutral
Turtle Conservation Project Turtle Watch,Trekking,2,0,3,5,neutral
Turtle Conservation Project Turtle Watch,Turtle watching,26,7,62,95,neutral
Turtle Conservation Project Turtle Watch,Viewpoint visit,0,0,1,1,neutral
Turtle Conservation Project Turtle Watch,Waterfall visit,1,0,1,2,positive
Turtle Conservation Project Turtle Watch,Whale watching,0,0,2,2,neutral
Twin Baths (Kuttam Pokuna),Ancient city visit,13,1,21,35,neutral
Twin Baths (Kuttam Pokuna),Cycling,0,0,3,3,neutral
Twin Baths (Kuttam Pokuna),Heritage exploration,3,0,2,5,positive
Twin Baths (Kuttam Pokuna),Meditation,0,0,1,1,neutral
Twin Baths (Kuttam Pokuna),Photography,11,1,14,26,neutral
Twin Baths (Kuttam Pokuna),Picnic,1,0,0,1,positive
Twin Baths (Kuttam Pokuna),Pilgrimage,0,0,3,3,neutral
Twin Baths (Kuttam Pokuna),Relaxing,2,0,1,3,positive
Twin Baths (Kuttam Pokuna),Religious visit,2,0,1,3,positive
Twin Baths (Kuttam Pokuna),Ruins exploration,3,0,1,4,positive
Twin Baths (Kuttam Pokuna),Shopping,2,0,3,5,neutral
Twin Baths (Kuttam Pokuna),Sightseeing,0,0,1,1,neutral
Twin Baths (Kuttam Pokuna),Souvenir shopping,2,1,4,7,neutral
Twin Baths (Kuttam Pokuna),Swimming,4,0,19,23,neutral
Twin Baths (Kuttam Pokuna),Temple visit,3,0,2,5,positive
Udawalawe National Park,Bird watching,2,0,2,4,positive
Udawalawe National Park,Camping,2,0,3,5,neutral
Udawalawe National Park,Elephant watching,29,2,33,64,neutral
Udawalawe National Park,Jeep safari,8,1,13,22,neutral
Udawalawe National Park,Leopard watching,0,0,2,2,neutral
Udawalawe National Park,Museum visit,1,0,0,1,positive
Udawalawe National Park,Photography,35,1,17,53,positive
Udawalawe National Park,Picnic,1,0,0,1,positive
Udawalawe National Park,Relaxing,5,0,4,9,positive
Udawalawe National Park,Ruins exploration,1,0,0,1,positive
Udawalawe National Park,Safari,485,8,275,768,positive
Udawalawe National Park,Scenic drive,1,1,1,3,positive
Udawalawe National Park,Sightseeing,2,0,0,2,positive
Udawalawe National Park,Souvenir shopping,1,0,0,1,positive
Udawalawe National Park,Sunbathing,0,0,1,1,neutral
Udawalawe National Park,Sunrise watching,7,0,6,13,positive
Udawalawe National Park,Sunset watching,1,0,1,2,positive
Udawalawe National Park,Swimming,0,0,1,1,neutral
Udawalawe National Park,Trekking,0,0,1,1,neutral
Udawalawe National Park,Waterfall visit,0,0,1,1,neutral
Udawalawe National Park,Wildlife watching,15,0,13,28,positive
Unawatuna Beach,Beach walking,2,0,0,2,positive
Unawatuna Beach,Boat ride,2,0,2,4,positive
Unawatuna Beach,Diving,5,0,6,11,neutral
Unawatuna Beach,Fishing,1,0,0,1,positive
Unawatuna Beach,Fort visit,0,1,0,1,negative
Unawatuna Beach,Local food tasting,1,0,0,1,positive
Unawatuna Beach,Paddle boarding,2,0,1,3,positive
Unawatuna Beach,Photography,0,0,4,4,neutral
Unawatuna Beach,Relaxing,24,1,6,31,positive
Unawatuna Beach,Scuba diving,1,0,0,1,positive
Unawatuna Beach,Sea bathing,3,0,0,3,positive
Unawatuna Beach,Seafood tasting,3,0,0,3,positive
Unawatuna Beach,Shopping,7,0,5,12,positive
Unawatuna Beach,Sightseeing,1,0,0,1,positive
Unawatuna Beach,Snorkelling,5,0,7,12,neutral
Unawatuna Beach,Souvenir shopping,1,0,0,1,positive
Unawatuna Beach,Spa treatment,0,0,1,1,neutral
Unawatuna Beach,Sunbathing,0,0,2,2,neutral
Unawatuna Beach,Sunset watching,5,0,2,7,positive
Unawatuna Beach,Surfing,4,2,3,9,positive
Unawatuna Beach,Swimming,27,3,27,57,positive
Unawatuna Beach,Temple visit,2,0,1,3,positive
Uppuveli Beach,Beach relaxing,0,1,0,1,negative
Uppuveli Beach,Beach walking,2,0,0,2,positive
Uppuveli Beach,Boat ride,1,0,0,1,positive
Uppuveli Beach,Diving,2,2,5,9,neutral
Uppuveli Beach,Dolphin watching,1,0,1,2,positive
Uppuveli Beach,Fishing,2,1,12,15,neutral
Uppuveli Beach,Fort visit,2,0,0,2,positive
Uppuveli Beach,Hiking,1,0,0,1,positive
Uppuveli Beach,Local food tasting,1,0,0,1,positive
Uppuveli Beach,Museum visit,1,0,0,1,positive
Uppuveli Beach,Photography,1,1,0,2,positive
Uppuveli Beach,Relaxing,16,1,8,25,positive
Uppuveli Beach,Scuba diving,0,0,2,2,neutral
Uppuveli Beach,Sea bathing,0,0,1,1,neutral
Uppuveli Beach,Seafood tasting,2,0,0,2,positive
Uppuveli Beach,Shopping,1,0,0,1,positive
Uppuveli Beach,Snorkelling,1,1,4,6,neutral
Uppuveli Beach,Spa treatment,0,0,1,1,neutral
Uppuveli Beach,Sunbathing,1,0,0,1,positive
Uppuveli Beach,Sunrise watching,1,0,0,1,positive
Uppuveli Beach,Sunset watching,0,0,1,1,neutral
Uppuveli Beach,Surfing,1,0,0,1,positive
Uppuveli Beach,Swimming,12,3,6,21,positive
Uppuveli Beach,Temple visit,4,0,0,4,positive
Uppuveli Beach,Whale watching,1,0,2,3,neutral
Victoria Park of Nuwara Eliya,Bird watching,7,0,8,15,neutral
Victoria Park of Nuwara Eliya,Hiking,1,0,2,3,neutral
Victoria Park of Nuwara Eliya,Museum visit,3,0,2,5,positive
Victoria Park of Nuwara Eliya,Nature walk,0,0,1,1,neutral
Victoria Park of Nuwara Eliya,Photography,19,1,15,35,positive
Victoria Park of Nuwara Eliya,Picnic,11,0,8,19,positive
Victoria Park of Nuwara Eliya,Relaxing,81,1,22,104,positive
Victoria Park of Nuwara Eliya,Ruins exploration,0,0,1,1,neutral
Victoria Park of Nuwara Eliya,Safari,0,0,1,1,neutral
Victoria Park of Nuwara Eliya,Shopping,3,1,5,9,neutral
Victoria Park of Nuwara Eliya,Train ride,3,0,2,5,positive
Victoria Park of Nuwara Eliya,Trekking,0,0,1,1,neutral
Victoria Park of Nuwara Eliya,Village tour,0,0,1,1,neutral
Victoria Park of Nuwara Eliya,Waterfall visit,1,0,0,1,positive
Viharamahadevi Park,Bird watching,1,0,0,1,positive
Viharamahadevi Park,Boat ride,3,0,2,5,positive
Viharamahadevi Park,Camping,1,0,2,3,neutral
Viharamahadevi Park,Cultural show,0,0,1,1,neutral
Viharamahadevi Park,Cycling,10,0,20,30,neutral
Viharamahadevi Park,Local food tasting,0,0,1,1,neutral
Viharamahadevi Park,Meditation,2,0,0,2,positive
Viharamahadevi Park,Museum visit,5,1,7,13,neutral
Viharamahadevi Park,Photography,10,1,17,28,neutral
Viharamahadevi Park,Picnic,18,0,10,28,positive
Viharamahadevi Park,Relaxing,112,1,52,165,positive
Viharamahadevi Park,Religious visit,9,0,4,13,positive
Viharamahadevi Park,Shopping,7,0,10,17,neutral
Viharamahadevi Park,Sightseeing,3,1,1,5,positive
Viharamahadevi Park,Sunrise watching,0,0,1,1,neutral
Viharamahadevi Park,Sunset watching,2,0,0,2,positive
Viharamahadevi Park,Swimming,1,0,1,2,positive
Viharamahadevi Park,Temple visit,2,0,9,11,neutral
Viharamahadevi Park,Train ride,2,0,1,3,positive
Viharamahadevi Park,Viewpoint visit,0,0,1,1,neutral
Viharamahadevi Park,Waterfall visit,0,0,2,2,neutral
Visit Kanneliya Rain Forest,Bird watching,1,1,0,2,positive
Visit Kanneliya Rain Forest,Camping,0,0,1,1,neutral
Visit Kanneliya Rain Forest,Cycling,0,0,1,1,neutral
Visit Kanneliya Rain Forest,Forest walk,0,0,2,2,neutral
Visit Kanneliya Rain Forest,Hiking,8,2,11,21,neutral
Visit Kanneliya Rain Forest,Local food tasting,0,0,1,1,neutral
Visit Kanneliya Rain Forest,Meditation,1,0,0,1,positive
Visit Kanneliya Rain Forest,Photography,1,0,0,1,positive
Visit Kanneliya Rain Forest,Picnic,0,0,1,1,neutral
Visit Kanneliya Rain Forest,Relaxing,4,0,0,4,positive
Visit Kanneliya Rain Forest,Shopping,0,0,2,2,neutral
Visit Kanneliya Rain Forest,Swimming,1,0,2,3,neutral
Visit Kanneliya Rain Forest,Trekking,4,2,8,14,neutral
Visit Kanneliya Rain Forest,Waterfall bathing,0,0,1,1,neutral
Visit Kanneliya Rain Forest,Waterfall visit,6,1,12,19,neutral
Visit Kanneliya Rain Forest,Wildlife watching,1,0,0,1,positive
Wasgamuwa National Park,Ancient city visit,1,0,0,1,positive
Wasgamuwa National Park,Camping,3,0,7,10,neutral
Wasgamuwa National Park,Elephant watching,7,0,12,19,neutral
Wasgamuwa National Park,Fort visit,0,0,1,1,neutral
Wasgamuwa National Park,Jeep safari,2,0,8,10,neutral
Wasgamuwa National Park,Photography,1,0,3,4,neutral
Wasgamuwa National Park,Relaxing,5,0,2,7,positive
Wasgamuwa National Park,Safari,19,3,23,45,neutral
Wasgamuwa National Park,Scenic drive,0,0,1,1,neutral
Wasgamuwa National Park,Shopping,0,0,1,1,neutral
Wasgamuwa National Park,Sunrise watching,1,0,0,1,positive
Wasgamuwa National Park,Swimming,1,0,0,1,positive
Wasgamuwa National Park,Trekking,0,0,2,2,neutral
Weherahena Buddhist Temple,Diving,0,0,1,1,neutral
Weherahena Buddhist Temple,Museum visit,0,0,1,1,neutral
Weherahena Buddhist Temple,Photography,4,0,4,8,positive
Weherahena Buddhist Temple,Pilgrimage,0,0,1,1,neutral
Weherahena Buddhist Temple,Relaxing,2,0,1,3,positive
Weherahena Buddhist Temple,Religious visit,10,1,7,18,positive
Weherahena Buddhist Temple,Safari,0,1,0,1,negative
Weherahena Buddhist Temple,Shopping,0,0,1,1,neutral
Weherahena Buddhist Temple,Tea plantation visit,0,1,1,2,negative
Weherahena Buddhist Temple,Temple visit,53,7,52,112,positive
Weherahena Buddhist Temple,Whale watching,0,0,1,1,neutral
Weligama Beach,Beach relaxing,0,0,1,1,neutral
Weligama Beach,Beach walking,2,0,0,2,positive
Weligama Beach,Camping,3,0,3,6,positive
Weligama Beach,Fishing,3,1,11,15,neutral
Weligama Beach,Fort visit,0,0,1,1,neutral
Weligama Beach,Photography,3,0,2,5,positive
Weligama Beach,Relaxing,20,0,7,27,positive
Weligama Beach,Safari,0,0,1,1,neutral
Weligama Beach,Sea bathing,0,0,1,1,neutral
Weligama Beach,Seafood tasting,3,0,1,4,positive
Weligama Beach,Shopping,2,1,9,12,neutral
Weligama Beach,Snorkelling,3,0,1,4,positive
Weligama Beach,Spa treatment,1,0,1,2,positive
Weligama Beach,Sunbathing,2,0,0,2,positive
Weligama Beach,Sunrise watching,0,0,1,1,neutral
Weligama Beach,Sunset watching,14,0,1,15,positive
Weligama Beach,Surfing,123,3,118,244,positive
Weligama Beach,Swimming,26,2,14,42,positive
Weligama Beach,Whale watching,0,0,2,2,neutral
Weligama Beach,Wind surfing,1,0,0,1,positive
Weligama Beach,Yoga,0,0,1,1,neutral
Wewurukannala Vihara,Elephant watching,1,0,1,2,positive
Wewurukannala Vihara,Meditation,1,0,1,2,positive
Wewurukannala Vihara,Museum visit,0,1,2,3,neutral
Wewurukannala Vihara,Photography,1,1,11,13,neutral
Wewurukannala Vihara,Relaxing,2,0,0,2,positive
Wewurukannala Vihara,Religious visit,10,2,8,20,positive
Wewurukannala Vihara,Ruins exploration,0,0,1,1,neutral
Wewurukannala Vihara,Shopping,0,0,1,1,neutral
Wewurukannala Vihara,Temple visit,66,13,100,179,neutral
Whale Watching in Mirissa,Ayurveda wellness,1,0,0,1,positive
Whale Watching in Mirissa,Boat ride,7,0,0,7,positive
Whale Watching in Mirissa,Diving,0,0,3,3,neutral
Whale Watching in Mirissa,Dolphin watching,1,0,3,4,neutral
Whale Watching in Mirissa,Fishing,0,0,4,4,neutral
Whale Watching in Mirissa,Photography,5,0,5,10,positive
Whale Watching in Mirissa,Relaxing,0,0,2,2,neutral
Whale Watching in Mirissa,Safari,0,0,1,1,neutral
Whale Watching in Mirissa,Shopping,1,0,1,2,positive
Whale Watching in Mirissa,Surfing,1,0,0,1,positive
Whale Watching in Mirissa,Swimming,2,0,5,7,neutral
Whale Watching in Mirissa,Turtle watching,0,0,2,2,neutral
Whale Watching in Mirissa,Whale watching,42,2,37,81,positive
Wilpattu National Park,Ancient city visit,3,0,7,10,neutral
Wilpattu National Park,Bird watching,5,1,0,6,positive
Wilpattu National Park,Boat ride,0,0,1,1,neutral
Wilpattu National Park,Camping,3,0,8,11,neutral
Wilpattu National Park,Cycling,0,0,1,1,neutral
Wilpattu National Park,Diving,0,0,1,1,neutral
Wilpattu National Park,Elephant watching,7,2,12,21,neutral
Wilpattu National Park,Fishing,0,0,4,4,neutral
Wilpattu National Park,Hiking,1,0,0,1,positive
Wilpattu National Park,Jeep safari,7,0,32,39,neutral
Wilpattu National Park,Leopard watching,12,2,20,34,neutral
Wilpattu National Park,Photography,16,2,22,40,neutral
Wilpattu National Park,Picnic,2,1,6,9,neutral
Wilpattu National Park,Relaxing,9,0,4,13,positive
Wilpattu National Park,Ruins exploration,1,0,3,4,neutral
Wilpattu National Park,Safari,117,27,214,358,neutral
Wilpattu National Park,Scenic drive,3,1,2,6,positive
Wilpattu National Park,Shopping,0,1,3,4,neutral
Wilpattu National Park,Souvenir shopping,0,1,0,1,negative
Wilpattu National Park,Spa treatment,1,0,0,1,positive
Wilpattu National Park,Sunrise watching,0,0,1,1,neutral
Wilpattu National Park,Sunset watching,4,1,0,5,positive
Wilpattu National Park,Swimming,0,0,1,1,neutral
Wilpattu National Park,Viewpoint visit,1,0,0,1,positive
Wilpattu National Park,Waterfall visit,0,0,1,1,neutral
Wilpattu National Park,Whale watching,0,0,1,1,neutral
Wilpattu National Park,Wildlife watching,10,0,8,18,positive
Wolvendaal Church,Fort visit,1,0,0,1,positive
Wolvendaal Church,Heritage exploration,0,0,1,1,neutral
Wolvendaal Church,Museum visit,0,0,1,1,neutral
Wolvendaal Church,Photography,3,0,2,5,positive
Wolvendaal Church,Relaxing,2,0,0,2,positive
Wolvendaal Church,Religious visit,56,2,53,111,positive
Yala National Park,Beach walking,0,0,1,1,neutral
Yala National Park,Camping,0,0,1,1,neutral
Yala National Park,Diving,0,0,1,1,neutral
Yala National Park,Elephant watching,1,0,5,6,neutral
Yala National Park,Fishing,0,0,1,1,neutral
Yala National Park,Jeep safari,2,0,0,2,positive
Yala National Park,Leopard watching,1,2,0,3,negative
Yala National Park,Photography,1,0,0,1,positive
Yala National Park,Relaxing,3,0,2,5,positive
Yala National Park,Ruins exploration,2,0,0,2,positive
Yala National Park,Safari,19,10,34,63,neutral
Yala National Park,Scenic drive,2,0,1,3,positive
Yala National Park,Swimming,0,0,2,2,neutral
Yala National Park,Wildlife watching,1,0,0,1,positive
Yapahuwa Rock Fortress,Ancient city visit,1,0,2,3,neutral
Yapahuwa Rock Fortress,Ayurveda wellness,0,0,1,1,neutral
Yapahuwa Rock Fortress,Bird watching,1,0,0,1,positive
Yapahuwa Rock Fortress,Cycling,0,0,1,1,neutral
Yapahuwa Rock Fortress,Heritage exploration,2,0,0,2,positive
Yapahuwa Rock Fortress,Hiking,6,0,1,7,positive
Yapahuwa Rock Fortress,Meditation,0,0,1,1,neutral
Yapahuwa Rock Fortress,Mountain climbing,0,0,1,1,neutral
Yapahuwa Rock Fortress,Museum visit,2,0,5,7,neutral
Yapahuwa Rock Fortress,Photography,3,2,4,9,neutral
Yapahuwa Rock Fortress,Relaxing,1,1,0,2,positive
Yapahuwa Rock Fortress,Religious visit,1,0,2,3,neutral
Yapahuwa Rock Fortress,Rock climbing,1,0,0,1,positive
Yapahuwa Rock Fortress,Ruins exploration,2,0,4,6,neutral
Yapahuwa Rock Fortress,Temple visit,2,0,2,4,positive
Yapahuwa Rock Fortress,Trekking,1,0,0,1,positive
