,Aberdeen Falls,Abhayagiri Dagaba,Ambewela Farms,Ambuluwawa Tower,Ancient City of Polonnaruwa,Angurukaramulla Temple,Arugam Bay,Bahiravokanda Vihara Buddha Statue,Baker's Falls,Bambarakanda Falls,Batticaloa Fort,Beddegana Wetland Park,Bentota Beach,Bogoda Wooden Bridge,Bopath Ella (Bopath Falls),Brief Garden - Bevis Bawa,Buduruwagala Temple,Casuarina Beach,Ceylon Tea Museum,Coconut Tree Hill,Colombo Lotus Tower,Colombo National Museum,Dagoba of Thuparama,Dambulla Cave Temple,Dehiwala Zoo - Sri Lanka,Demodara Loop,Devon Falls,Diyaluma Falls,Diyatha Uyana,Dondra Head Lighthouse,Dunhinda Falls,Dutch Hospital Shopping Precinct,Elephant Pass,Elephant Transit Home (ETH),Ella Rock,Embekka Devalaya,Fort Frederick,Gal Oya National Park,Gal Vihara,Galle Dutch Fort,Galle Face Green,Galle Face Hotel,Galle Fort Lighthouse,Galway's Land National Park,Gangaramaya Temple,Gartmore Falls,Goyambokka Beach,Gregory Lake,Hakgala Botanic Gardens,Handunugoda Tea Estate,Henerathgoda Botanical Garden,Hikkaduwa Beach,Hiriketiya Beach,Horton Plains National Park,Hummanaya Blow Hole,Hurulu Eco Park,Independence Memorial Hall,Isurumuniya Temple,Jaffna Fort,Jaffna Public Library,Jami Ul-Alfar Mosque,Japanese Peace Pagoda - Rumassala,Jaya Sri Maha Bodhi,Jungle Beach,Kabalana Beach,Kalametiya Eco Bird Watching,Kalutara Bodhiya,Kande Viharaya Temple,Kandy Lake,Kandy View Point,Kanniya Hot Springs,Kataragama Temple,Kaudulla National Park,Keerimalai Hot springs,Kelaniya Raja Maha Vihara,Kiri Vehera,Kirinda Viharaya,Knuckles Mountain Range,Koggala Lake,Kosgoda Sea Turtle Conservation Project,Kumana National Park,Laxapana Falls,Lipton’s Seat,Little Adam's Peak View Point,Lovamahapaya Brazen Palace,Lover's Leap Falls,Lunugamvehera National Park,Madu River Safari by Buddhi,Maduru Oya National Park,Maha Saman Dewalaya,Maligawila Buddha Statue,Marble Beach,Matara Paravi Duwa Temple,Mihintale,Minneriya National Park,Mirissa Beach,Moon Plains,Moonstone or Sandakada pahana,Mount Lavinia Beach,Mulgirigala Raja Maha Vihara,Muthurajawela Marsh,Nagadipa Purana Vihara,Nalanda Gedige,Nallur Kandaswamy Kovil Festival,Negombo Beach,Negombo Fish Market,Nilavarai Bottomless Well,Nilaveli Beach,Nine Arches Bridge,Old Parliament Building,Pasikudah Beach,Pedro Tea Factory,Pettah Floating Market,Pidurangala Rock,Pidurutalagala,Pinnawala Elephant Orphanage,Pitawala Pathana,Polhena Beach,Polonnaruwa Vatadage,Popham's Arboretum,Rankoth Vehera,Ravana Ella Falls,Richmond Castle,Ridee Viharaya (silver Temple),Ritigala Forest Monastery,Royal Botanical Gardens,Ruwanweli Maha Seya,Samadhi Statue,Samudra Parakrama,Sea Turtle Conservation Project (Koggala),Sea Turtle Farm Galle Mahamodara,Seema Malakaya Temple,Seenigama Muhudu Viharaya,Seruwila Mangala Raja Maha Vihara,Sigiriya Lion Rock,Single Tree Hill,Sinharaja Forest Reserve,Sithulpawwa Rock Temple,Somawathiya Chaitya,Sri Pada / Adam's Peak,St Benedict's Monastery - Adisham,St Clair's Falls,St Lucia's Cathedral,St. Mary's Church,Statue of Parakramabahu I,Temple of the Sacred Tooth Relic,Trincomalee Beach,Trincomalee War Cemetery,Turtle Conservation Project Turtle Watch,Twin Baths (Kuttam Pokuna),Udawalawe National Park,Unawatuna Beach,Uppuveli Beach,Victoria Park of Nuwara Eliya,Viharamahadevi Park,Visit Kanneliya Rain Forest,Wasgamuwa National Park,Weherahena Buddhist Temple,Weligama Beach,Wewurukannala Vihara,Whale Watching in Mirissa,Wilpattu National Park,Wolvendaal Church,Yala National Park,Yapahuwa Rock Fortress
Aberdeen Falls,0.0,199.79,68.44,47.53,198.76,103.13,228.37,62.09,82.97,85.17,240.82,99.55,155.1,115.33,86.67,147.06,131.3,395.77,64.51,225.99,101.53,103.35,198.25,130.97,104.69,121.05,36.5,109.64,98.27,239.21,121.23,201.54,327.62,122.73,122.1,52.23,242.21,235.86,197.72,201.54,105.62,103.67,201.78,64.62,101.88,39.24,181.0,64.0,70.27,209.26,86.52,190.74,191.38,87.02,187.94,157.66,102.66,197.32,376.0,375.61,102.96,200.05,197.88,222.39,212.57,169.83,131.18,154.27,63.42,63.15,237.93,189.26,183.15,393.23,94.78,197.46,196.03,102.46,211.12,163.79,272.12,12.26,108.12,121.19,197.63,66.3,159.36,179.64,178.64,102.0,155.58,238.43,230.35,191.31,168.23,225.04,67.86,194.01,105.72,160.83,100.17,409.03,109.8,373.37,107.52,105.45,375.11,249.36,121.06,104.53,250.47,66.95,101.74,152.49,74.62,80.83,115.35,232.57,197.97,133.76,198.38,120.83,134.49,103.86,174.66,56.81,199.08,198.76,205.61,211.13,202.23,102.12,189.19,255.3,149.76,63.37,143.99,200.19,221.56,28.95,96.69,40.78,102.06,102.17,199.1,63.17,240.96,240.59,178.35,198.32,140.79,200.93,240.07,63.2,101.13,207.29,159.0,235.92,220.42,189.38,234.24,262.37,102.16,217.7,150.37
Abhayagiri Dagaba,200.32,0.0,220.47,164.03,105.51,174.75,312.23,139.19,272.5,274.9,202.08,203.17,268.93,219.75,225.69,260.89,272.82,213.79,146.02,339.82,197.59,199.56,1.78,69.78,204.58,230.64,203.09,276.5,203.01,353.04,213.09,315.37,145.63,300.82,239.95,152.1,109.93,259.47,104.47,315.37,199.41,200.72,315.61,211.65,198.8,235.05,374.32,212.73,219.0,323.09,173.15,304.57,364.39,239.05,367.22,64.41,199.6,4.83,194.02,193.62,196.76,313.88,4.78,336.22,326.4,395.77,245.0,268.1,139.66,139.39,98.84,308.32,89.9,211.25,201.47,104.21,337.55,160.36,324.95,277.62,355.98,208.08,255.89,239.05,3.99,212.81,300.88,293.47,175.19,241.02,263.56,117.57,344.18,14.82,74.98,338.87,216.59,8.42,208.1,370.98,175.8,227.05,92.8,191.39,171.0,175.15,193.13,112.25,238.92,198.33,176.06,213.33,197.27,73.27,221.0,141.88,133.5,346.4,104.73,71.7,105.13,238.68,248.32,117.79,58.58,143.52,2.49,1.92,112.36,324.96,316.05,199.05,303.02,142.55,74.07,211.35,283.01,319.25,128.31,224.77,255.84,208.71,195.85,195.96,105.85,138.97,106.32,105.94,383.42,8.79,318.87,314.76,106.66,210.45,198.52,321.12,96.94,349.75,334.25,366.16,348.07,63.83,195.95,336.75,75.73
Ambewela Farms,68.41,220.45,0.0,69.96,191.62,162.64,187.1,82.75,94.54,39.83,200.96,159.07,214.62,56.06,146.19,206.58,95.7,416.43,85.17,236.02,161.04,162.87,218.91,151.62,164.21,61.78,33.27,76.87,157.79,224.63,61.96,258.84,348.28,137.98,62.83,72.89,262.87,179.47,195.45,258.84,165.13,163.19,259.09,11.47,161.39,76.52,200.25,10.86,13.2,242.77,146.03,250.26,210.63,18.58,207.19,178.32,162.18,217.98,396.66,396.26,162.48,257.35,218.54,238.04,244.55,189.09,190.69,213.79,84.08,83.81,258.59,153.66,203.81,413.89,154.29,195.2,160.42,123.12,244.63,223.31,230.86,71.41,62.79,61.92,218.29,13.16,123.76,239.15,138.78,140.12,119.97,259.08,228.25,211.97,188.89,236.76,11.48,214.67,165.24,194.55,159.69,429.69,130.46,394.03,167.04,164.96,395.77,270.02,61.79,164.05,210.61,13.81,161.26,173.15,21.47,100.79,136.01,230.48,192.73,154.42,194.02,61.55,194.01,124.52,195.32,77.47,219.74,219.42,196.18,248.94,259.53,161.64,248.7,271.76,170.42,10.22,161.44,164.59,224.85,74.04,46.34,29.98,161.57,161.69,192.6,83.83,261.62,261.25,197.6,218.98,160.4,258.23,260.73,10.06,160.64,266.81,170.62,221.33,236.07,208.64,232.15,283.03,161.68,182.09,171.03
Ambuluwawa Tower,47.55,163.49,69.97,0.0,162.46,107.3,244.61,25.8,119.74,121.94,204.53,120.48,176.02,113.56,117.27,167.97,153.2,359.47,28.21,246.91,114.9,116.87,161.96,94.67,121.89,119.28,50.33,134.37,119.16,260.13,119.47,222.45,291.32,159.5,120.33,15.93,205.91,203.13,161.42,222.45,116.72,118.03,222.7,61.16,116.11,82.29,281.41,62.24,68.5,230.18,94.44,211.65,271.48,88.55,274.31,121.37,116.91,161.02,339.71,339.31,114.07,220.96,161.58,243.31,233.49,206.6,152.09,175.18,27.13,26.85,201.64,211.16,146.85,356.94,108.56,161.17,217.92,66.16,232.03,184.71,288.36,55.31,120.3,119.43,161.33,62.32,181.26,200.55,142.34,132.59,177.47,202.13,251.26,155.02,131.94,245.95,66.09,157.71,125.41,197.6,108.1,372.73,73.5,337.07,111.69,109.62,338.81,213.07,119.3,115.64,214.18,62.84,114.58,116.19,70.5,40.4,79.05,253.49,161.68,97.46,162.08,119.06,155.41,67.56,138.36,20.51,162.78,162.47,169.31,232.05,223.14,116.36,210.1,219.0,113.46,60.85,174.59,222.09,185.27,72.0,103.84,55.94,113.16,113.27,162.8,26.87,204.66,204.29,215.12,162.02,177.56,221.84,203.78,59.95,115.83,228.21,122.7,256.84,241.34,273.25,255.15,226.08,113.26,239.59,114.07
Ancient City of Polonnaruwa,199.26,105.54,191.68,162.98,0.0,198.88,207.01,138.14,228.23,204.12,96.86,225.78,276.75,148.98,233.52,268.71,202.85,301.51,144.96,347.65,220.2,222.17,104.0,68.73,227.19,159.86,202.04,207.15,219.89,360.87,142.31,323.19,233.36,266.83,169.18,151.05,109.52,154.25,4.14,323.19,222.02,223.33,323.44,181.66,221.41,234.0,307.41,183.36,189.78,330.92,195.18,312.39,372.22,208.53,314.35,46.39,222.21,103.07,281.75,281.35,219.37,321.7,103.62,344.04,334.23,296.25,252.83,275.92,138.61,138.33,105.24,228.49,39.96,298.98,209.3,3.89,251.73,159.3,332.77,285.45,250.76,207.02,185.11,168.27,103.37,180.72,230.91,301.29,69.97,248.84,183.73,105.74,352.0,97.06,40.17,346.69,184.76,99.76,230.7,301.71,198.41,314.78,91.75,279.11,203.28,201.2,280.86,116.67,168.14,220.93,70.84,178.44,219.88,52.95,179.16,145.17,85.7,354.23,1.43,70.65,2.72,167.9,256.14,116.74,63.39,142.47,104.82,104.51,7.58,332.79,323.88,221.65,310.84,83.82,53.75,182.97,290.84,239.42,35.56,223.72,185.06,207.65,218.46,218.57,1.07,137.92,108.27,107.9,304.76,104.06,267.56,322.58,107.38,182.06,221.13,328.95,45.58,357.57,342.08,373.98,355.89,166.67,218.56,256.92,120.45
Angurukaramulla Temple,103.11,173.34,162.6,107.31,199.41,0.0,343.97,118.35,198.57,200.77,295.98,41.86,110.28,251.62,104.65,102.24,246.9,396.42,108.91,181.18,36.28,38.25,171.56,132.1,43.27,234.24,130.66,225.24,41.7,194.4,229.34,156.72,328.27,186.25,233.69,101.67,242.86,294.2,198.37,156.72,38.11,39.42,156.97,158.78,37.5,149.89,215.67,158.16,164.43,164.44,23.63,145.92,205.75,181.18,208.58,158.31,38.3,170.47,376.65,376.26,35.45,155.23,171.53,177.57,167.75,237.13,86.36,109.45,118.82,118.54,238.59,288.35,183.8,393.88,36.06,198.11,293.47,150.91,166.3,118.97,387.72,109.54,223.72,232.78,171.28,160.46,290.16,134.82,269.09,126.45,271.17,239.08,185.53,191.96,168.88,180.22,162.02,172.63,46.79,212.33,10.94,409.68,127.81,374.02,4.48,2.98,375.76,250.01,232.65,37.02,269.95,161.11,35.96,153.14,168.78,78.82,154.06,187.75,198.62,136.27,199.03,232.41,89.67,94.8,175.31,101.21,171.31,172.77,206.26,166.32,157.41,37.74,144.37,255.95,150.41,157.53,162.46,303.53,222.21,139.6,212.29,134.94,34.55,34.66,199.75,118.13,241.61,241.24,224.77,171.69,204.31,156.11,240.72,157.36,37.22,162.48,161.51,191.1,175.6,207.51,189.42,211.96,34.65,321.03,116.7
Arugam Bay,228.37,312.17,187.19,244.69,206.95,343.41,0.0,212.59,181.96,157.86,112.41,304.34,329.65,146.42,239.34,328.7,114.43,508.15,219.26,254.76,313.0,307.56,310.63,233.38,302.06,140.29,211.29,118.73,307.33,243.36,134.12,277.58,440.0,178.4,129.93,226.3,249.88,81.79,210.78,277.58,309.92,309.34,277.82,184.09,308.74,226.98,218.99,182.47,176.19,261.51,306.56,297.99,229.37,181.6,225.93,253.03,306.98,309.7,488.38,487.99,319.08,276.08,310.26,256.77,263.28,207.82,342.29,328.81,211.9,212.18,249.01,140.06,246.6,505.61,310.89,210.52,163.3,213.84,263.36,319.78,43.76,227.93,162.77,135.32,310.01,187.3,142.49,310.54,185.05,227.54,95.3,234.93,246.99,303.69,246.8,255.49,183.58,306.39,302.37,213.29,334.85,521.41,231.46,485.75,347.0,344.93,487.49,259.31,135.19,310.81,145.64,187.95,313.42,259.58,195.62,251.52,202.9,249.21,208.06,229.0,209.35,134.95,342.39,258.86,270.02,217.72,311.46,311.14,211.51,267.68,278.26,308.85,299.6,206.79,260.38,184.94,239.25,150.99,240.18,224.51,151.34,208.0,318.17,318.29,207.93,211.07,248.63,248.26,216.34,310.7,179.14,276.97,247.74,184.78,308.68,291.28,208.16,240.07,254.8,227.37,250.88,373.31,318.28,168.5,305.38
Bahiravokanda Vihara Buddha Statue,62.73,139.2,82.88,26.45,138.17,117.53,212.71,0.0,134.92,122.72,179.3,119.81,175.35,119.71,124.75,167.31,172.78,335.18,7.47,246.24,114.23,116.2,137.67,70.38,121.22,130.59,65.51,147.28,118.49,259.46,113.05,221.79,267.03,199.87,139.91,14.52,181.62,177.9,137.13,221.79,116.05,117.36,222.03,74.07,115.45,97.47,280.74,75.15,81.42,229.51,93.78,210.99,270.81,101.46,273.64,97.08,116.25,136.73,315.42,315.02,113.4,220.29,137.29,242.64,232.82,246.97,151.42,174.52,1.9,1.62,177.35,219.69,122.56,332.65,107.89,136.88,237.5,40.93,231.36,184.04,256.46,70.49,133.21,139.01,137.04,75.23,200.84,199.88,117.11,140.07,185.7,177.84,250.6,130.73,107.65,245.28,79.0,133.42,124.74,277.39,117.05,348.44,49.21,312.78,121.92,119.85,314.52,188.78,138.88,114.97,188.95,75.75,113.91,91.9,83.41,39.73,54.76,252.82,137.39,73.17,137.79,138.64,154.74,48.18,114.07,5.93,138.49,138.17,145.02,231.38,222.47,115.69,209.43,194.71,89.17,73.77,182.07,230.62,160.97,87.18,116.75,71.12,112.49,112.61,138.51,1.64,180.37,180.0,289.84,137.73,217.93,221.18,179.49,72.86,115.17,227.54,98.41,256.17,240.67,272.58,254.49,200.34,112.6,248.12,94.69
Baker's Falls,82.97,271.98,94.54,119.72,228.57,198.01,181.97,134.28,0.0,38.76,239.9,158.94,178.25,89.62,93.94,151.86,84.9,467.95,136.69,174.04,167.6,162.16,270.44,203.15,156.67,72.24,78.19,63.24,161.94,162.64,89.41,196.85,399.8,80.0,71.68,124.41,314.4,189.46,232.4,196.85,164.52,163.94,197.1,91.44,163.34,81.58,138.27,89.82,83.54,180.79,161.16,217.27,148.65,80.55,145.21,229.85,161.59,269.51,448.19,447.79,173.68,195.36,270.06,176.05,182.56,127.1,153.12,177.42,135.61,135.33,310.12,142.86,255.33,465.42,165.5,232.15,149.62,174.64,182.64,186.94,225.72,82.53,61.72,70.78,269.81,94.65,112.96,202.79,175.73,82.14,109.17,310.61,166.27,263.5,240.42,174.77,90.93,266.19,156.98,118.1,189.46,481.22,181.98,445.55,201.6,199.53,447.29,321.55,70.65,165.42,249.55,95.3,168.03,224.67,102.97,184.74,202.32,168.49,229.68,205.94,230.97,70.41,156.44,176.04,246.84,128.99,271.26,270.95,233.13,186.96,197.54,163.46,218.88,310.71,221.94,92.29,103.47,153.79,261.8,79.11,50.29,82.47,172.78,172.89,229.55,135.35,313.14,312.78,135.61,307.83,98.06,196.24,312.26,92.13,163.28,184.45,207.57,159.35,174.08,146.65,170.16,366.72,172.88,171.29,254.72
Bambarakanda Falls,85.17,276.02,39.83,121.92,204.46,200.21,157.86,122.58,38.76,0.0,215.8,161.14,180.45,65.51,96.14,154.06,60.79,472.0,125.0,176.24,169.8,164.36,274.48,208.69,158.87,48.13,80.39,39.13,164.14,164.84,65.31,199.05,403.84,82.2,47.58,112.72,318.44,165.35,208.29,199.05,166.72,166.14,199.3,51.31,165.54,83.79,140.47,65.71,59.43,182.99,163.36,219.47,150.85,21.25,147.41,233.89,163.79,273.55,452.23,451.83,175.88,197.56,274.11,178.25,184.76,129.3,155.32,179.62,123.91,123.64,314.16,118.75,244.11,469.46,167.7,208.04,125.52,189.16,184.84,189.14,201.61,84.73,37.61,46.68,273.85,52.99,88.85,204.99,151.62,84.34,85.07,314.75,168.47,267.54,244.46,176.97,66.82,270.24,159.18,120.3,191.66,485.26,170.29,449.59,203.8,201.73,451.34,325.59,46.54,167.62,225.45,53.64,170.23,228.71,61.3,186.94,178.21,170.69,205.58,204.31,206.87,46.31,158.64,164.35,250.89,117.3,275.3,274.99,209.02,189.16,199.74,165.66,221.08,286.6,225.98,50.05,105.67,129.68,237.69,81.31,26.18,69.81,174.98,175.09,205.44,123.66,317.18,316.82,137.81,274.54,100.26,198.44,316.3,49.89,165.48,186.65,183.47,161.55,176.28,148.85,172.36,337.15,175.08,147.19,256.92
Batticaloa Fort,277.35,201.62,218.11,228.97,96.39,294.96,112.47,203.32,239.89,215.78,0.0,321.86,372.83,177.33,297.27,364.79,183.43,397.59,209.99,323.76,316.28,318.25,200.08,164.81,323.27,171.19,242.21,187.73,315.97,312.36,165.04,346.58,329.44,247.4,174.5,217.04,139.32,88.9,100.22,346.58,318.1,319.41,346.82,197.11,317.49,285.45,287.99,213.39,207.11,330.51,291.26,367.0,298.37,220.22,294.93,142.47,318.29,199.15,377.83,377.43,315.45,345.08,199.7,325.77,332.28,276.82,348.91,372.0,202.64,202.91,138.46,209.06,136.04,395.06,305.38,99.97,232.3,204.58,332.36,381.52,156.22,280.34,196.77,170.12,199.45,196.17,211.49,379.54,110.85,285.47,164.31,124.38,315.99,193.14,136.25,324.49,214.5,195.83,326.78,282.29,294.49,410.86,187.83,375.19,299.36,297.28,376.94,148.75,170.16,317.01,35.08,193.89,315.96,149.03,194.61,241.25,181.78,318.21,97.51,166.73,98.8,169.83,352.22,212.82,159.47,208.45,200.9,200.59,100.95,336.68,347.26,317.73,368.6,96.23,149.83,198.42,306.79,219.99,129.62,282.98,196.72,238.92,314.54,314.65,97.37,201.8,138.07,137.7,285.34,200.14,248.14,345.97,137.19,197.51,317.21,360.29,141.66,309.07,323.8,296.37,319.88,262.75,314.64,237.5,216.53
Beddegana Wetland Park,99.85,203.22,159.34,122.47,223.7,41.64,304.13,121.65,158.72,160.92,320.28,0.0,70.48,211.78,76.37,62.44,207.06,420.72,124.07,141.37,8.77,8.19,201.44,156.39,6.42,194.4,127.4,185.4,1.49,154.59,211.57,116.92,352.57,146.41,193.84,116.83,267.16,311.62,222.66,116.92,10.37,9.79,117.16,155.52,8.74,146.62,175.87,154.9,161.17,124.64,35.18,106.12,165.95,177.92,168.77,182.61,7.49,198.92,400.95,400.55,10.2,115.43,199.99,137.77,127.95,197.33,43.28,69.65,122.98,122.71,262.88,248.55,208.1,418.18,11.23,222.41,253.67,162.02,126.5,79.17,347.88,106.27,183.88,192.94,199.74,157.2,250.36,95.02,293.39,86.61,231.33,263.38,145.73,216.26,193.18,140.42,158.76,201.08,10.18,172.53,33.08,433.98,152.1,398.32,45.23,43.16,400.06,274.31,192.81,10.57,294.25,157.85,9.19,177.44,165.52,93.98,178.35,147.95,222.92,160.57,223.32,192.57,46.59,119.1,199.61,116.37,201.19,202.65,230.56,126.51,117.61,8.86,104.57,280.25,174.71,154.26,122.65,263.73,246.51,136.34,172.45,131.68,10.89,10.97,224.05,122.73,265.91,265.54,184.97,196.74,164.47,116.31,265.02,154.1,7.85,122.67,185.81,151.3,135.8,167.71,149.62,252.71,9.97,281.23,143.63
Bentota Beach,155.18,269.88,214.67,176.19,277.43,109.41,329.77,175.38,178.51,180.71,374.01,72.1,0.0,231.56,100.43,7.14,223.25,474.45,177.8,94.33,79.01,73.58,268.1,210.12,68.08,214.19,182.74,236.99,73.34,107.55,231.36,56.59,406.29,175.25,248.2,170.56,320.89,337.26,276.39,56.59,75.93,75.35,56.83,210.85,74.75,201.96,128.83,210.24,216.5,77.6,92.23,37.64,118.91,222.49,121.73,236.34,73.0,265.58,454.68,454.28,85.09,68.39,266.65,90.73,80.91,150.29,18.58,2.81,176.71,176.44,316.61,201.51,261.82,471.91,76.9,276.14,206.63,215.75,79.46,9.22,373.52,161.61,203.66,212.73,266.4,212.54,203.32,19.29,347.12,106.39,256.97,317.1,98.69,269.99,246.91,93.38,214.09,272.69,49.57,125.49,100.86,487.71,205.83,452.04,113.01,110.93,453.79,328.04,212.6,76.83,347.98,213.19,79.43,231.16,220.85,147.7,232.08,100.91,276.65,214.3,277.05,212.36,21.5,172.83,253.34,170.1,267.85,269.31,284.29,79.47,55.21,74.87,34.99,333.97,228.44,209.6,87.39,216.69,300.24,191.68,192.23,187.02,84.18,84.29,277.78,176.46,319.63,319.27,137.93,263.4,193.31,69.27,318.75,209.43,78.09,75.63,239.54,104.26,88.76,120.67,102.58,320.49,84.28,234.19,210.29
Bogoda Wooden Bridge,115.3,220.47,56.06,113.55,148.92,251.06,146.33,119.61,89.61,65.51,158.26,211.99,231.3,0.0,146.99,204.91,63.43,416.45,126.28,203.76,220.65,215.21,218.93,153.14,209.71,21.24,80.16,67.11,214.98,192.36,21.19,226.57,348.3,127.4,30.56,116.48,262.89,138.7,152.75,226.57,217.57,216.99,226.82,52.96,216.39,123.41,167.99,51.34,45.06,210.5,192.92,246.99,178.37,63.8,174.92,178.34,214.63,218.0,396.69,396.29,226.73,225.08,218.56,205.77,212.28,156.82,206.17,230.47,118.92,119.2,258.62,121.39,188.57,413.91,218.55,152.49,128.15,133.61,212.36,268.78,190.08,118.3,46.5,29.66,218.31,56.17,91.49,259.54,96.08,135.19,87.7,259.11,195.99,211.99,188.91,204.49,52.45,214.69,210.02,162.29,242.5,429.71,151.23,394.05,254.65,252.58,395.79,270.04,29.52,218.46,167.91,56.82,221.07,173.17,64.48,144.38,122.67,198.21,150.03,148.77,151.32,29.29,209.48,165.89,195.34,124.74,219.76,219.44,153.48,216.68,227.26,216.5,248.6,229.06,170.44,53.81,156.51,132.32,182.15,120.93,46.44,76.87,225.82,225.94,149.9,118.09,261.64,261.27,165.33,219.0,128.14,225.96,260.75,53.65,216.33,240.28,127.92,189.07,203.8,176.37,199.88,281.61,225.93,149.82,212.4
Bopath Ella (Bopath Falls),86.85,226.63,146.34,117.43,234.19,103.86,239.11,124.75,93.71,95.91,297.05,76.11,99.98,146.77,0.0,91.94,142.05,431.2,127.16,170.87,78.09,79.91,224.85,166.88,78.4,129.39,114.41,120.38,74.83,164.03,146.56,146.42,363.05,81.39,128.83,119.92,277.64,246.61,233.15,146.42,82.18,80.23,146.66,142.52,78.44,98.52,139.66,141.91,140.69,154.14,73.48,135.62,150.04,137.69,146.6,193.09,79.22,222.34,411.44,411.04,79.52,144.93,223.4,167.27,157.45,128.49,74.85,99.15,126.08,125.8,273.37,152.45,218.58,428.66,71.34,232.9,157.57,165.11,156.0,108.67,282.86,67.11,118.86,127.93,223.15,144.21,132.71,124.52,232.88,21.59,166.32,273.86,167.66,226.74,203.66,169.92,145.76,229.44,78.71,119.49,95.31,444.46,162.59,408.8,107.45,105.38,410.54,284.79,127.8,81.09,304.74,144.86,78.3,187.92,152.52,97.07,188.84,169.88,233.41,171.05,233.81,127.56,78.17,129.58,210.09,119.46,224.6,226.07,241.04,156.02,147.11,78.68,134.07,290.73,185.19,141.27,81.25,167.63,256.99,88.24,107.44,118.69,78.62,78.73,234.53,125.82,276.39,276.02,137.0,220.16,99.45,145.81,275.5,141.1,77.69,152.17,196.29,160.74,165.3,148.04,171.55,279.05,78.72,185.13,167.04
Brief Garden - Bevis Bawa,147.22,261.91,206.71,168.23,269.47,101.45,328.77,167.42,151.97,154.17,366.04,64.14,7.08,205.03,92.46,0.0,222.25,466.48,169.83,93.33,71.04,65.61,260.13,202.15,60.11,187.65,174.77,235.99,65.37,106.55,204.82,68.88,398.33,174.25,187.09,162.59,312.92,336.26,268.43,68.88,67.96,67.39,69.12,202.89,66.78,193.99,127.83,202.27,208.54,76.6,84.26,44.2,117.9,195.96,120.73,228.37,65.03,257.62,446.71,446.32,77.12,67.39,258.68,89.73,79.91,149.28,21.08,5.62,168.75,168.47,308.64,200.51,253.86,463.94,68.93,268.17,205.63,207.78,78.46,15.77,372.52,153.64,177.12,186.19,258.43,204.57,202.32,25.85,339.15,91.69,255.97,309.14,97.69,262.02,238.94,92.38,206.13,264.72,60.42,124.49,92.89,479.74,197.86,444.08,105.04,102.97,445.82,320.07,186.06,68.86,340.01,205.22,71.46,223.2,212.89,139.74,224.12,99.91,268.68,206.33,269.09,185.82,24.0,164.86,245.37,162.13,259.88,261.34,276.32,78.47,69.56,66.9,41.54,326.01,220.47,201.63,81.68,215.69,292.27,183.71,165.7,179.05,76.21,76.33,269.81,168.49,311.67,311.3,136.93,255.44,192.31,68.27,310.78,201.47,70.12,74.63,231.57,103.26,87.76,119.67,101.58,312.52,76.32,233.19,202.32
Buduruwagala Temple,131.3,271.11,95.72,153.22,202.79,246.34,114.44,170.25,84.9,60.79,183.43,207.28,223.13,60.61,142.28,222.19,0.0,467.09,176.92,148.24,215.94,210.5,269.57,203.78,205.0,43.23,119.82,21.66,210.27,136.85,60.4,171.06,398.94,71.89,32.87,156.14,297.32,121.93,206.62,171.06,212.85,212.28,171.31,92.62,211.67,129.92,112.47,91.0,84.72,154.99,209.49,191.48,122.85,84.54,119.41,228.98,209.92,268.64,447.32,446.93,222.02,169.57,269.2,150.26,156.77,101.31,235.77,222.3,169.56,169.84,296.45,67.52,242.44,464.55,213.83,206.37,72.64,184.25,156.85,213.27,158.19,130.87,65.71,38.26,268.95,95.83,35.98,204.03,146.72,130.48,41.64,282.37,140.47,262.63,242.65,148.98,92.12,265.33,205.31,106.77,237.79,480.35,201.87,444.69,249.94,247.87,446.43,306.75,38.13,213.75,193.08,96.48,216.36,223.81,104.15,184.05,173.31,142.7,203.91,199.41,205.2,37.89,235.87,216.53,245.98,160.72,270.4,270.08,207.35,161.16,171.75,211.79,193.08,254.23,221.08,93.48,132.74,82.7,236.02,127.44,54.28,116.54,221.11,221.22,203.77,168.73,296.07,295.7,109.82,269.64,72.62,170.45,295.18,93.31,211.62,184.77,178.56,133.55,148.29,120.86,144.36,332.25,221.22,100.2,263.04
Casuarina Beach,396.02,219.03,416.17,359.73,301.21,395.64,507.93,334.9,468.21,470.6,397.79,422.53,473.51,415.46,430.27,465.47,468.53,0.0,341.72,544.4,416.95,418.92,217.5,265.48,423.94,426.34,398.79,472.21,416.65,557.62,408.79,519.95,73.13,505.39,435.66,347.8,256.79,455.17,300.17,519.95,418.77,420.08,520.19,407.36,418.16,430.75,578.9,408.44,414.7,527.67,391.94,509.15,568.97,434.75,571.8,260.12,418.97,219.67,21.11,21.47,416.12,518.45,220.23,540.8,530.98,600.35,449.58,472.68,335.36,335.09,245.7,504.02,285.6,21.28,406.05,299.92,533.25,356.06,529.52,482.2,551.68,403.78,451.59,434.75,219.97,408.52,496.59,498.04,370.9,445.59,459.26,264.43,548.75,204.34,270.69,543.44,412.29,220.66,427.46,575.55,395.16,53.6,288.5,22.14,400.03,397.96,28.73,259.11,434.62,417.69,371.76,409.03,416.63,268.97,416.7,341.92,329.2,550.98,300.43,267.41,300.83,434.38,452.9,313.49,254.28,339.22,217.79,218.0,308.06,529.54,520.63,418.41,507.59,289.41,269.77,407.05,487.59,514.95,324.01,420.47,451.54,404.41,415.21,415.32,301.55,334.67,253.18,252.79,588.0,221.24,523.45,519.34,253.52,406.15,417.88,525.7,292.65,554.33,538.83,570.74,552.65,201.96,415.32,532.46,290.39
Ceylon Tea Museum,65.0,146.03,85.15,28.72,144.99,121.73,219.47,7.47,137.19,124.98,186.06,122.08,177.61,126.48,127.01,169.57,179.55,342.0,0.0,248.51,116.5,118.47,144.49,77.2,123.49,137.36,67.77,149.55,120.75,261.73,119.81,224.05,273.85,202.14,146.68,16.78,188.45,184.67,143.95,224.05,118.32,119.63,224.3,76.34,117.71,99.74,283.0,77.42,83.68,231.78,96.04,213.25,273.08,103.73,275.91,103.9,118.51,143.56,322.24,321.84,115.67,222.56,144.11,244.9,235.09,249.24,153.69,176.78,8.66,8.39,184.17,226.45,129.38,339.47,110.16,143.7,244.27,47.7,233.63,186.31,263.22,72.76,135.48,145.77,143.86,77.5,207.61,202.15,123.88,142.34,192.46,184.66,252.86,137.55,114.47,247.55,81.27,140.24,127.01,279.66,109.7,355.27,56.03,319.6,126.13,124.05,321.34,195.6,145.64,117.24,195.71,78.01,116.18,98.72,85.68,42.0,61.59,255.09,144.21,79.99,144.61,145.4,157.0,52.39,120.89,8.2,145.31,145.0,151.84,233.65,224.74,117.96,211.7,201.53,95.99,76.03,184.33,237.38,167.8,89.45,119.02,73.39,114.76,114.87,145.33,8.41,187.19,186.83,292.1,144.55,220.2,223.44,186.31,75.13,117.43,229.81,105.23,258.43,242.94,274.85,256.75,207.16,114.86,254.88,98.9
Coconut Tree Hill,226.19,340.88,234.05,247.2,348.44,180.42,252.77,246.39,171.86,174.06,321.75,143.11,94.27,198.94,171.43,93.33,146.25,545.45,248.8,0.0,150.01,144.58,339.1,281.13,139.08,181.56,209.81,159.99,144.34,16.72,198.73,35.37,477.3,98.25,171.2,241.56,391.89,260.26,347.4,35.37,146.94,146.36,35.62,230.95,145.75,213.21,43.45,229.33,223.05,21.01,163.23,52.75,31.46,222.87,36.6,307.34,144.0,336.59,525.68,525.29,156.09,32.73,337.65,9.81,16.75,73.28,106.91,93.44,247.72,247.44,387.62,124.51,332.83,542.91,147.91,347.14,129.63,286.75,22.67,84.41,296.52,232.61,204.03,176.59,337.4,234.16,126.32,75.17,285.05,161.75,179.97,388.11,7.86,340.99,317.91,0.96,230.44,343.69,139.39,48.48,171.86,558.71,276.83,523.05,184.01,181.94,524.79,399.04,176.45,147.83,331.4,234.81,150.43,302.17,242.48,218.71,303.09,7.85,347.65,285.3,348.06,176.22,107.01,243.83,324.34,241.1,338.85,340.32,355.29,20.68,36.06,145.87,55.63,404.98,299.44,231.81,158.39,139.69,371.24,210.73,192.61,214.09,155.18,155.3,348.78,247.46,390.64,390.27,60.93,334.41,116.3,30.37,389.75,231.64,149.09,55.52,310.54,13.43,7.66,33.23,5.91,391.49,155.29,157.19,281.29
Colombo Lotus Tower,103.83,200.06,163.32,117.3,218.54,38.48,311.9,116.49,166.49,168.69,315.11,11.12,78.21,219.55,80.35,70.17,214.83,415.55,118.9,149.1,0.0,5.02,198.28,151.23,12.14,202.17,131.38,193.17,10.96,162.32,219.34,124.65,347.4,154.18,201.61,111.66,261.99,293.82,217.5,124.65,3.34,4.66,124.9,159.5,3.87,150.61,183.6,158.89,165.15,132.37,32.02,113.85,173.68,181.9,176.5,177.44,5.7,195.77,395.79,395.39,3.32,123.16,196.83,145.5,135.68,205.06,44.39,77.38,117.82,117.54,257.72,256.28,202.93,413.01,12.15,217.24,261.4,156.85,134.23,86.9,355.65,110.26,191.65,200.71,196.58,161.18,258.09,102.75,288.22,94.38,239.1,258.21,153.46,211.09,188.01,148.15,162.74,197.93,14.13,180.26,29.93,428.81,146.94,393.15,42.08,40.0,394.89,269.14,200.58,2.16,289.09,161.83,3.88,172.27,169.5,88.81,173.19,155.68,217.76,155.4,218.16,200.34,47.7,113.93,194.44,111.2,198.03,199.5,225.39,134.25,125.34,3.99,112.3,275.08,169.54,158.25,130.39,271.46,241.34,140.32,180.22,135.67,5.58,4.48,218.88,117.56,260.74,260.37,192.7,193.59,172.24,124.04,259.85,158.08,4.08,130.4,180.64,159.03,143.53,175.44,157.35,249.56,4.08,288.96,140.47
Colombo National Museum,103.04,199.97,162.53,117.21,218.45,38.39,307.72,116.4,162.32,164.52,315.02,8.03,74.04,215.38,79.56,66.0,210.66,415.46,118.81,144.93,3.22,0.0,198.19,151.13,7.53,198.0,130.59,188.99,7.86,158.15,215.17,120.48,347.31,150.0,197.44,111.57,261.9,315.22,217.41,120.48,2.99,2.41,120.72,158.71,1.36,149.81,179.43,158.09,164.36,128.2,31.93,109.68,169.5,181.11,172.33,177.35,1.52,195.68,395.69,395.3,4.87,118.98,196.74,141.33,131.51,200.88,40.17,73.21,117.72,117.45,257.62,252.11,202.84,412.92,12.06,217.15,257.23,156.76,130.06,82.73,351.48,109.46,187.47,196.54,196.49,160.39,253.92,98.58,288.13,90.2,234.93,258.12,149.29,211.0,187.92,143.98,161.95,197.84,9.91,176.08,29.84,428.72,146.84,393.06,41.99,39.91,394.8,269.05,196.41,3.71,288.99,161.04,3.95,172.18,168.71,88.72,173.1,151.51,217.66,155.31,218.07,196.17,43.48,113.84,194.35,111.11,197.94,199.4,225.3,130.07,121.16,1.48,108.13,274.99,169.45,157.45,126.21,267.29,241.25,139.53,176.05,134.87,5.65,6.03,218.79,117.47,260.65,260.28,188.53,193.5,168.06,119.87,259.76,157.29,1.45,126.23,180.55,154.86,139.36,171.27,153.18,249.47,5.63,284.79,140.38
Dagoba of Thuparama,198.78,1.78,218.93,162.5,103.97,172.97,310.69,137.66,270.97,273.37,200.55,201.39,267.15,218.22,223.91,259.11,271.29,212.25,144.48,338.04,195.81,197.78,0.0,68.25,202.8,229.1,201.56,274.97,201.23,351.26,211.55,313.59,144.1,299.04,238.42,150.56,108.4,257.93,102.93,313.59,197.63,198.94,313.83,210.12,197.02,233.52,372.54,211.2,217.46,321.31,171.37,302.79,362.62,237.51,365.44,62.88,197.82,3.05,192.49,192.09,194.98,312.1,3.0,334.44,324.62,393.99,243.23,266.32,138.13,137.85,97.3,306.78,88.36,209.72,199.69,102.68,336.01,158.82,323.17,275.84,354.45,206.54,254.36,237.52,2.21,211.28,299.35,291.69,173.66,239.24,262.03,116.04,342.4,13.29,73.45,337.09,215.05,6.64,206.32,369.2,174.02,225.51,91.26,189.85,169.22,173.37,191.59,110.71,237.38,196.55,174.52,211.79,195.49,71.73,219.46,140.1,131.97,344.62,103.19,70.17,103.59,237.15,246.54,116.25,57.04,141.98,0.71,1.21,110.82,323.18,314.28,197.27,301.24,141.01,72.53,209.81,281.23,317.71,126.78,223.23,254.3,207.17,194.07,194.18,104.31,137.43,104.79,104.4,381.64,7.01,317.1,312.98,105.13,208.91,196.74,319.34,95.41,347.97,332.47,364.38,346.29,62.46,194.17,335.22,73.95
Dambulla Cave Temple,131.49,69.76,151.64,95.21,68.73,131.56,232.68,70.37,203.68,207.57,165.31,158.46,209.43,152.43,166.19,201.39,205.5,265.74,77.19,280.33,152.88,154.85,68.23,0.0,159.87,163.31,134.27,209.17,152.57,293.55,145.76,255.87,197.59,241.32,172.62,83.27,112.18,199.96,67.69,255.87,154.7,156.01,256.12,142.83,154.09,166.23,314.82,143.91,150.17,263.59,127.86,245.07,304.9,170.22,307.73,27.64,154.89,67.29,245.98,245.58,152.05,254.38,67.85,276.72,266.91,336.28,185.51,208.6,70.84,70.56,107.91,240.99,53.12,263.2,141.98,67.44,270.22,91.53,265.45,218.12,276.43,139.25,188.56,171.72,67.6,143.99,233.56,233.97,138.42,181.52,196.23,108.4,284.68,61.28,38.2,279.37,147.76,63.98,163.38,311.48,131.09,279.0,23.97,243.34,135.96,133.88,245.08,119.33,171.59,153.61,139.28,144.5,152.56,22.46,152.17,77.85,66.17,286.91,67.95,4.38,68.35,171.35,188.82,49.42,44.63,74.69,69.05,68.73,75.58,265.47,256.56,154.33,243.52,125.27,19.73,142.52,223.51,251.92,91.53,155.94,188.51,139.88,151.14,151.25,69.07,70.14,110.93,110.56,323.92,68.29,259.38,255.26,110.04,141.62,153.81,261.63,29.61,290.25,274.75,306.66,288.57,130.9,151.24,269.42,58.61
Dehiwala Zoo - Sri Lanka,104.99,204.67,164.48,121.91,223.15,43.09,301.88,121.09,156.48,158.68,319.72,6.41,68.2,209.54,78.4,60.16,204.82,420.16,123.51,139.09,10.61,7.47,202.89,155.83,0.0,192.16,132.54,183.15,7.05,152.31,209.33,114.64,352.01,144.16,191.6,116.27,266.6,309.38,222.11,114.64,8.7,8.13,114.88,160.66,8.38,151.76,173.59,160.04,166.31,122.36,36.63,103.84,163.66,183.06,166.49,182.05,6.57,200.38,400.39,400.0,11.32,113.14,201.44,135.49,125.67,195.04,34.15,67.37,122.42,122.15,262.32,246.27,207.54,417.62,16.76,221.85,251.38,161.46,124.21,76.89,345.63,111.41,181.63,190.7,201.19,162.34,248.08,92.73,292.83,84.36,229.09,262.82,143.45,215.7,192.62,138.13,163.9,202.54,3.9,170.24,34.54,433.42,151.54,397.76,46.69,44.61,399.5,273.75,190.57,9.6,293.69,162.99,11.51,176.88,170.66,93.42,177.79,145.67,222.36,160.01,222.77,190.33,37.47,118.54,199.05,115.81,202.64,204.1,230.0,124.23,115.32,8.5,102.28,279.69,174.15,159.4,120.37,261.45,245.95,141.48,170.21,136.82,13.21,12.49,223.49,122.17,265.35,264.98,182.69,198.2,162.22,114.03,264.46,159.24,8.8,120.39,185.25,149.02,133.52,165.43,147.34,254.17,12.08,278.95,145.08
Demodara Loop,121.02,231.75,61.78,119.27,160.19,233.68,143.12,130.89,72.23,48.13,169.54,194.61,213.92,21.24,129.61,187.53,46.05,427.73,137.56,186.38,203.27,197.83,230.21,164.42,192.34,0.0,85.88,49.73,197.6,174.98,21.04,209.19,359.57,110.02,13.18,122.2,274.17,132.62,164.02,209.19,200.19,199.61,209.44,58.68,199.01,117.25,150.61,57.06,50.78,193.12,196.83,229.61,160.99,52.57,157.55,189.62,197.26,229.28,407.96,407.56,209.35,207.7,229.84,188.39,194.9,139.44,188.79,213.09,130.2,130.48,269.89,104.01,199.84,425.19,201.17,163.77,110.77,144.89,194.98,251.4,186.87,124.02,29.12,12.28,229.58,61.89,74.11,242.16,107.35,117.81,70.32,270.38,178.61,223.27,200.19,187.11,58.17,225.97,192.65,144.91,225.12,440.99,162.51,405.32,237.27,235.2,407.07,281.32,12.14,201.09,179.19,62.54,203.69,184.44,70.2,150.1,133.94,180.83,161.31,160.04,162.6,11.91,192.11,177.16,206.62,136.02,231.03,230.72,164.75,199.3,209.88,199.12,231.22,240.34,181.71,59.53,139.14,114.94,193.42,114.78,29.06,82.59,208.45,208.56,161.17,129.37,272.91,272.55,147.95,230.27,110.76,208.58,272.03,59.37,198.95,222.9,139.2,171.69,186.42,158.99,182.5,292.88,208.55,132.44,223.67
Devon Falls,36.48,202.57,33.27,50.31,201.53,130.71,211.21,64.87,78.16,80.36,218.94,127.13,182.68,80.16,114.25,174.64,119.8,398.54,67.28,211.96,129.11,130.94,201.03,133.74,132.28,85.88,0.0,100.97,125.85,200.56,86.06,229.12,330.39,117.93,86.93,55.0,244.99,203.57,200.49,229.12,133.2,131.26,229.37,29.45,129.46,44.58,176.19,28.83,35.1,236.84,114.1,218.32,186.57,51.85,183.13,160.44,130.24,200.1,378.78,378.38,130.54,227.63,200.65,249.97,240.15,165.03,158.76,181.85,66.2,65.92,240.71,177.76,185.92,396.01,122.36,200.24,184.52,105.23,238.7,191.37,254.96,39.47,86.89,86.02,200.4,31.13,147.86,207.22,156.75,129.58,144.07,241.2,204.19,194.09,171.01,212.69,32.69,196.78,133.3,156.03,127.75,411.81,112.58,376.14,135.1,133.03,377.88,252.14,85.89,132.11,228.59,31.78,129.32,155.26,39.45,82.76,118.13,206.42,200.75,136.53,201.15,85.66,162.07,106.63,177.43,59.58,201.85,201.54,208.38,238.72,229.81,129.7,216.77,258.07,152.53,28.2,141.39,188.69,224.34,42.11,70.44,5.61,129.64,129.75,201.87,65.94,243.73,243.37,173.54,201.09,135.99,228.51,242.85,28.03,128.71,234.87,161.77,197.27,248.0,184.57,208.08,265.15,129.74,206.19,153.14
Diyaluma Falls,109.64,274.79,76.87,134.36,207.09,224.68,118.73,147.15,63.24,39.13,187.72,185.62,236.88,64.29,120.61,235.94,21.66,470.77,149.57,161.99,194.28,188.84,273.25,207.46,183.34,46.91,100.97,0.0,188.61,150.59,64.08,184.81,402.62,85.63,36.55,137.28,301.61,126.22,210.92,184.81,191.19,190.61,185.05,73.77,190.01,108.26,126.22,72.15,65.87,168.74,187.83,205.23,136.6,62.88,133.16,232.66,188.26,272.32,451.0,450.6,200.36,183.31,272.88,164.0,170.51,115.05,179.8,236.04,148.48,148.2,300.74,79.62,246.74,468.23,192.17,210.66,86.39,187.93,170.59,227.01,162.48,109.21,44.04,41.94,272.63,76.98,49.72,217.77,150.4,108.81,45.93,286.67,154.22,266.31,246.94,162.72,73.26,269.01,183.65,120.52,216.13,484.03,194.86,448.37,228.28,226.2,450.11,311.04,41.81,192.09,197.37,77.63,194.7,227.49,85.29,165.19,176.99,156.44,208.2,203.09,209.49,41.57,183.11,188.92,249.66,141.86,274.08,273.76,211.65,174.91,185.49,190.13,206.83,258.52,224.76,74.62,130.14,90.55,240.32,105.78,32.62,97.68,199.45,199.56,208.07,148.22,300.36,299.99,123.57,273.32,86.37,184.2,299.47,74.45,189.95,198.52,182.24,147.3,162.03,134.6,158.11,335.93,199.55,108.06,235.43
Diyatha Uyana,98.7,202.48,158.19,119.72,220.96,40.9,304.77,118.9,159.36,161.56,317.53,1.49,74.33,212.42,75.23,66.29,207.7,417.97,121.32,145.22,8.03,7.45,200.7,153.64,7.06,195.04,126.26,186.03,0.0,158.44,212.21,120.77,349.82,147.05,194.48,114.08,264.41,312.26,219.92,120.77,9.63,9.06,121.02,154.37,8.01,145.48,179.72,153.76,160.02,128.49,34.44,109.97,169.8,176.77,172.62,179.86,6.76,198.19,398.2,397.8,9.47,119.28,199.25,141.62,131.8,201.18,43.92,73.5,120.23,119.96,260.13,252.4,205.35,415.43,10.09,219.66,257.52,159.27,130.35,83.02,348.52,105.13,184.51,193.58,199.0,156.06,254.21,98.87,290.64,87.24,231.97,260.63,149.58,213.51,190.43,144.27,157.61,200.35,10.82,176.38,32.35,431.23,149.35,395.57,44.49,42.42,397.31,271.56,193.45,9.83,291.5,156.71,8.46,174.69,164.37,91.23,175.6,151.8,220.17,157.82,220.57,193.21,47.23,116.35,196.86,113.62,200.45,201.91,227.81,130.37,121.46,8.12,108.42,277.5,171.96,153.12,126.51,267.58,243.76,135.2,173.09,130.54,10.16,10.23,221.3,119.98,263.16,262.79,188.82,196.01,165.1,120.16,262.27,152.95,7.12,126.52,183.06,155.15,139.65,171.56,153.47,251.97,9.24,285.08,142.89
Dondra Head Lighthouse,236.37,351.06,224.83,257.38,358.62,190.6,243.55,256.57,162.64,164.84,312.53,153.29,104.45,189.71,164.33,103.51,137.03,555.63,258.98,16.74,160.19,154.76,349.28,291.31,149.26,172.34,200.59,150.77,154.52,0.0,189.51,52.38,487.48,89.03,161.98,251.74,402.07,251.04,357.58,52.38,157.12,156.54,52.63,221.73,155.94,203.99,29.31,220.11,213.83,36.31,173.41,72.8,17.33,213.65,22.46,317.52,154.18,346.77,535.87,535.47,166.27,50.89,347.83,26.32,33.27,57.24,117.09,103.62,257.9,257.62,397.8,115.29,343.01,553.09,158.09,357.32,120.4,296.93,38.17,94.59,287.3,242.79,194.81,167.37,347.58,224.94,117.1,85.35,275.82,152.53,170.75,398.29,9.01,351.17,328.09,17.47,221.22,353.87,149.57,38.51,182.04,568.89,287.02,533.23,194.19,192.12,534.97,409.22,167.23,158.01,322.18,225.59,160.61,312.35,233.26,228.89,313.27,11.19,357.84,295.48,358.24,167.0,117.19,254.01,334.52,251.28,349.03,350.5,365.47,37.2,53.07,156.05,74.41,415.16,309.62,222.59,144.09,130.47,381.42,201.51,183.39,204.87,165.36,165.48,358.96,257.64,400.82,400.45,42.56,344.59,107.08,51.77,399.93,222.42,159.27,59.29,320.72,6.37,24.17,19.09,12.86,401.67,165.47,147.97,291.47
Dunhinda Falls,120.81,213.81,61.57,119.06,142.25,228.57,134.01,112.95,89.01,64.91,151.6,211.39,230.7,20.8,146.39,204.31,62.83,409.79,119.62,203.16,220.05,214.61,212.27,146.48,209.12,20.65,85.67,66.51,214.39,191.76,0.0,225.97,341.63,126.8,29.96,126.66,256.23,126.38,146.08,225.97,216.97,216.39,226.22,58.47,215.79,128.92,167.39,56.85,50.57,209.91,205.92,246.39,177.77,69.31,174.33,171.68,214.04,211.34,390.02,389.62,226.13,224.48,211.9,205.17,211.68,156.22,205.57,229.87,112.26,112.54,251.95,109.74,181.9,407.25,217.95,145.83,127.55,126.94,211.76,268.18,177.76,123.81,45.9,29.06,211.64,61.68,90.89,258.94,89.41,134.59,75.75,252.44,195.39,205.33,182.25,203.89,57.96,208.03,209.43,161.69,228.1,423.05,144.56,387.38,232.97,230.89,389.13,263.38,28.93,217.87,161.25,62.33,220.48,166.5,70.0,151.88,116.0,197.61,143.37,142.1,144.66,28.69,208.89,159.22,188.68,118.08,213.09,212.78,146.81,216.08,226.66,215.91,248.0,222.4,163.77,59.32,155.92,120.67,175.48,126.44,45.84,82.38,225.23,225.34,143.23,111.43,254.97,254.61,164.73,212.33,127.54,225.36,254.09,59.16,215.73,239.68,121.26,188.47,203.2,175.77,199.28,274.94,225.33,138.17,205.73
Dutch Hospital Shopping Precinct,201.64,316.34,259.79,222.66,323.89,155.87,278.51,221.84,197.6,199.8,347.5,118.57,69.73,224.68,146.89,68.79,171.99,520.91,224.26,35.65,125.47,120.04,314.56,256.58,114.54,207.3,229.2,185.73,119.8,56.29,224.47,0.0,452.75,123.99,196.94,217.02,367.35,286.0,322.85,0.0,122.39,121.82,0.24,256.69,121.21,248.42,77.57,255.07,248.79,23.35,138.69,18.93,67.65,248.61,70.47,282.8,119.46,312.04,501.14,500.74,131.55,6.35,313.11,26.58,18.88,99.03,82.37,68.9,223.17,222.9,363.07,150.25,308.28,518.37,123.36,322.6,155.37,262.21,19.56,47.36,322.26,208.07,229.78,202.33,312.86,259.9,152.06,37.44,310.79,152.85,205.71,363.56,47.43,316.45,293.37,34.69,256.19,319.15,114.85,74.23,147.32,534.17,252.29,498.51,159.47,157.4,500.25,374.5,202.2,123.29,357.15,260.55,125.89,277.63,268.22,194.17,278.54,49.65,323.11,260.76,323.51,201.96,82.47,219.29,299.8,216.56,314.31,315.77,330.75,17.44,2.23,121.33,21.81,380.44,274.9,257.55,133.85,165.43,346.7,238.14,218.35,233.48,130.64,130.75,324.24,222.92,366.1,365.73,86.67,309.86,142.05,7.24,365.21,257.38,124.55,41.42,286.0,53.0,27.98,69.41,41.34,366.95,130.75,182.93,256.75
Elephant Pass,328.13,151.15,348.28,291.85,233.32,327.75,440.05,267.01,400.32,402.72,329.9,354.65,405.62,347.57,362.38,397.58,400.64,73.4,273.83,476.52,349.07,351.04,149.61,197.6,356.06,358.46,330.91,404.32,348.76,489.74,340.91,452.06,0.0,437.51,367.77,279.92,188.91,387.29,232.28,452.06,350.89,352.2,452.31,339.47,350.28,362.87,511.01,340.55,346.82,459.78,324.05,441.26,501.09,366.86,503.92,192.23,351.08,151.78,53.64,53.24,348.23,450.57,152.34,472.91,463.1,532.47,381.7,404.79,267.48,267.2,177.81,436.14,217.72,65.02,338.17,232.03,465.36,288.17,461.64,414.31,483.8,335.89,383.71,366.87,152.09,340.63,428.7,430.16,303.01,377.71,391.38,196.55,480.87,136.46,202.8,475.56,344.4,152.77,359.57,507.67,327.28,86.66,220.62,51.0,332.15,330.07,47.49,191.22,366.74,349.8,303.87,341.15,348.75,201.09,348.81,274.04,261.32,483.1,232.54,199.52,232.94,366.5,385.01,245.61,186.39,271.33,149.9,150.12,240.18,461.66,452.75,350.52,439.71,221.52,201.88,339.17,419.7,447.07,256.13,352.58,383.65,336.52,347.33,347.44,233.67,266.79,185.3,184.91,520.11,153.35,455.57,451.45,185.64,338.26,350.0,457.82,224.76,486.44,470.94,502.85,484.76,178.04,347.43,464.57,222.51
Elephant Transit Home (ETH),122.77,302.09,138.01,159.52,266.75,185.79,178.39,200.2,80.03,82.23,247.38,146.72,175.29,124.56,81.72,174.35,71.87,506.65,202.62,100.4,155.38,149.94,300.31,242.33,144.45,107.18,117.99,85.62,149.71,89.01,124.36,123.22,438.5,0.0,96.83,164.21,353.1,185.88,270.58,123.22,152.3,151.72,123.46,134.91,151.12,121.38,64.63,133.29,127.01,107.15,148.94,143.64,75.01,124.02,71.57,268.55,149.37,297.79,486.89,486.49,161.46,121.73,298.86,102.41,108.92,53.47,140.9,174.46,201.53,201.25,348.82,71.69,294.03,504.12,153.28,270.33,76.81,240.57,109.01,165.42,222.14,122.33,105.19,102.21,298.61,138.12,51.95,156.18,210.67,69.92,105.6,349.31,92.63,302.2,279.12,101.14,134.4,304.89,144.76,44.47,177.24,519.92,238.04,484.25,189.38,187.31,486.0,360.25,102.08,153.2,257.03,138.77,155.8,263.37,146.44,172.52,237.26,94.86,267.86,246.51,269.15,101.84,144.22,205.04,285.54,194.91,300.06,301.52,271.31,113.32,123.91,151.23,145.24,318.18,260.64,135.76,61.49,86.87,299.98,118.91,93.76,122.27,160.56,160.67,267.73,201.27,351.84,351.48,61.98,295.61,18.69,122.61,350.96,135.6,151.06,111.23,242.52,85.71,100.45,73.01,96.52,354.5,160.66,104.37,242.5
Ella Rock,122.09,238.24,62.85,120.35,166.68,233.12,129.94,137.38,71.68,47.57,174.51,194.06,248.08,27.74,129.06,186.98,32.87,434.22,144.05,173.2,202.72,197.28,236.7,170.91,191.78,10.36,86.95,36.55,197.05,161.8,27.53,196.01,366.07,96.84,0.0,123.27,280.66,137.43,170.51,196.01,199.63,199.06,196.26,59.75,198.45,116.7,137.43,58.13,51.85,179.95,196.27,216.43,147.81,52.01,144.37,196.11,196.7,235.77,414.45,414.06,208.8,194.52,236.33,175.21,181.72,126.26,188.24,247.25,136.69,136.97,276.38,90.83,206.34,431.68,200.61,170.26,97.59,151.38,181.8,238.22,173.69,125.09,28.56,5.39,236.08,62.96,60.93,228.98,113.85,117.25,57.14,273.46,165.43,229.76,206.68,173.93,59.24,232.46,192.09,131.73,224.57,447.48,169.0,411.82,236.72,234.64,413.56,287.81,5.26,200.53,184.16,63.61,203.14,190.94,71.28,151.17,140.44,167.65,167.8,166.54,169.09,5.02,191.55,183.66,213.11,127.85,237.53,237.21,171.24,186.12,196.7,198.57,218.04,245.31,188.21,60.61,138.58,101.76,199.91,114.22,28.5,83.67,207.89,208.0,167.67,135.86,279.41,279.04,134.77,236.77,97.58,195.4,278.52,60.44,198.39,209.72,145.69,158.51,173.24,145.81,169.32,299.38,207.99,119.26,230.17
Embekka Devalaya,52.73,152.08,72.88,16.45,151.04,101.67,226.52,14.38,124.92,112.71,193.11,114.85,170.39,116.47,119.79,162.35,156.11,348.06,16.8,241.28,109.27,111.24,150.54,83.25,116.26,122.19,55.51,137.28,113.53,254.5,126.86,216.83,279.9,164.68,123.24,0.0,194.5,191.71,150.0,216.83,111.09,112.41,217.07,64.07,110.49,87.47,275.78,65.15,71.41,224.55,88.82,206.03,265.85,91.46,268.68,109.95,111.29,149.61,328.29,327.89,108.44,215.33,150.17,237.68,227.86,211.78,146.46,169.56,15.71,15.44,190.22,214.07,135.43,345.52,102.93,149.75,220.83,54.75,226.4,179.08,270.27,60.49,123.21,122.34,149.92,65.23,184.17,194.92,130.93,135.11,180.38,190.71,245.64,143.6,120.52,240.32,69.0,146.3,119.78,272.43,102.47,361.32,62.09,325.66,106.07,103.99,327.4,201.65,122.21,110.01,202.76,65.75,108.95,104.78,73.41,34.77,67.64,247.86,150.26,86.05,150.66,121.97,149.78,56.42,126.95,9.09,151.37,151.05,157.9,226.42,217.51,110.73,204.48,207.59,102.05,63.76,177.11,225.0,173.85,77.18,106.75,61.12,107.53,107.65,151.39,15.46,193.25,192.88,284.88,156.05,182.74,216.22,192.36,62.86,110.21,222.58,111.29,251.21,235.71,267.62,249.53,214.94,107.64,242.5,102.93
Fort Frederick,242.61,109.84,262.76,206.33,109.38,242.23,249.34,181.49,314.8,317.2,139.2,269.13,320.1,262.05,276.86,312.06,296.84,256.96,188.31,391.0,263.55,265.52,108.3,112.08,270.54,272.94,245.39,301.13,263.24,404.22,255.39,366.54,188.81,351.99,282.25,194.4,0.0,225.77,108.34,366.54,265.37,266.68,366.79,253.95,264.76,277.35,425.49,255.03,261.3,374.26,238.53,355.74,415.57,281.34,418.4,84.49,265.56,110.47,237.2,236.8,262.71,365.05,111.03,387.39,377.58,446.95,296.18,319.27,181.96,181.68,11.0,322.47,84.71,254.43,252.65,108.09,345.71,202.65,376.12,328.79,293.09,250.37,298.19,283.52,110.78,255.11,324.9,344.64,179.07,292.19,277.71,19.5,395.35,95.01,100.25,390.04,258.88,111.47,274.05,422.15,241.76,270.22,135.09,234.56,246.63,244.55,236.3,18.59,281.22,264.28,113.17,255.63,263.23,98.54,263.29,188.52,175.8,397.58,108.6,114.0,109.0,280.98,299.49,160.09,106.74,185.81,108.6,108.81,116.23,376.14,367.23,265.0,354.19,44.48,99.33,253.65,334.18,333.4,110.42,267.06,298.13,251.0,261.81,261.92,109.73,181.27,7.07,7.54,434.59,112.04,370.05,365.93,4.59,252.74,264.48,372.3,139.24,400.92,385.42,417.33,399.24,170.76,261.91,350.9,163.8
Gal Oya National Park,235.9,259.33,179.49,203.4,154.11,293.38,81.77,177.76,189.5,165.39,88.76,311.88,337.18,138.72,246.88,336.24,121.97,455.31,184.43,262.3,291.19,315.1,257.8,198.55,309.6,132.57,203.59,126.26,314.87,250.9,126.42,285.11,387.16,185.94,137.47,191.47,226.23,0.0,157.94,285.11,293.01,316.88,285.36,176.39,292.4,234.52,226.53,174.77,168.49,269.04,270.73,305.53,236.91,189.14,233.47,200.19,314.52,256.86,435.55,435.15,290.35,283.62,257.42,264.31,270.82,215.36,349.82,336.35,177.07,177.34,225.36,147.6,193.76,452.78,284.85,157.69,170.84,179.01,270.9,327.32,125.52,235.47,170.3,131.5,257.17,170.6,150.03,318.08,139.46,235.08,102.84,211.29,254.53,250.86,193.96,263.03,175.88,253.55,309.91,220.83,292.91,468.57,196.63,432.91,297.77,295.7,434.65,235.66,131.54,291.92,121.99,168.33,290.86,206.75,169.04,216.69,168.07,256.75,155.22,194.17,156.51,131.21,349.92,224.03,217.18,182.89,258.62,258.3,158.67,275.22,285.8,316.39,307.14,183.14,207.54,177.24,246.79,158.53,187.34,232.04,158.88,200.3,289.45,289.56,155.09,176.24,224.98,224.61,223.87,257.86,186.68,284.5,224.09,177.08,292.12,298.82,173.32,247.61,262.34,234.91,258.42,320.47,289.55,176.03,270.54
Gal Vihara,198.19,104.46,195.5,161.91,4.11,197.81,210.83,137.07,232.05,207.94,100.69,224.7,275.68,152.8,232.44,267.64,206.68,300.44,143.89,346.57,219.12,221.09,102.93,67.66,226.11,163.68,200.97,210.97,218.82,359.79,146.13,322.12,232.29,270.65,173.0,149.97,108.44,158.07,0.0,322.12,220.94,222.26,322.36,185.49,220.34,232.93,381.07,187.18,193.61,329.84,194.11,311.32,371.15,212.35,373.97,45.32,221.14,101.99,280.68,280.28,218.29,320.63,102.55,342.97,333.15,300.07,251.76,274.85,137.54,137.26,104.17,232.31,38.89,297.91,208.22,0.33,255.55,158.23,331.7,284.37,254.58,205.95,188.93,172.09,102.3,184.54,234.74,300.22,73.8,247.77,187.55,104.66,350.93,95.98,39.09,345.62,188.58,98.68,229.63,305.53,197.33,313.7,90.67,278.04,202.2,200.13,279.78,115.6,171.96,219.86,74.66,182.26,218.8,51.88,182.98,144.1,84.62,353.15,3.33,69.58,1.25,171.73,255.07,115.67,62.31,141.39,103.75,103.43,10.96,331.71,322.81,220.58,309.77,87.64,52.67,186.79,289.76,243.24,34.49,222.64,188.88,206.58,217.38,217.5,4.45,136.84,107.19,106.82,308.58,102.99,271.38,321.51,106.31,185.88,220.06,327.87,44.51,356.5,341.0,372.91,354.82,165.6,217.49,260.74,119.37
Galle Dutch Fort,201.64,316.34,259.79,222.66,323.89,155.87,278.51,221.84,197.6,199.8,347.5,118.57,69.73,224.68,146.89,68.79,171.99,520.91,224.26,35.65,125.47,120.04,314.56,256.58,114.54,207.3,229.2,185.73,119.8,56.29,224.47,0.0,452.75,123.99,196.94,217.02,367.35,286.0,322.85,0.0,122.39,121.82,0.24,256.69,121.21,248.42,77.57,255.07,248.79,23.35,138.69,18.93,67.65,248.61,70.47,282.8,119.46,312.04,501.14,500.74,131.55,6.35,313.11,26.58,18.88,99.03,82.37,68.9,223.17,222.9,363.07,150.25,308.28,518.37,123.36,322.6,155.37,262.21,19.56,47.36,322.26,208.07,229.78,202.33,312.86,259.9,152.06,37.44,310.79,152.85,205.71,363.56,47.43,316.45,293.37,34.69,256.19,319.15,114.85,74.23,147.32,534.17,252.29,498.51,159.47,157.4,500.25,374.5,202.2,123.29,357.15,260.55,125.89,277.63,268.22,194.17,278.54,49.65,323.11,260.76,323.51,201.96,82.47,219.29,299.8,216.56,314.31,315.77,330.75,17.44,2.23,121.33,21.81,380.44,274.9,257.55,133.85,165.43,346.7,238.14,218.35,233.48,130.64,130.75,324.24,222.92,366.1,365.73,86.67,309.86,142.05,7.24,365.21,257.38,124.55,41.42,286.0,53.0,27.98,69.41,41.34,366.95,130.75,182.93,256.75
Galle Face Green,103.84,199.35,163.33,116.59,217.83,37.77,309.96,115.77,164.56,166.76,314.4,10.92,76.28,217.61,80.36,68.23,212.89,414.84,118.19,147.17,3.27,3.39,197.57,150.51,9.38,200.23,131.39,191.23,10.76,160.39,217.41,122.72,346.69,152.24,199.68,110.95,261.28,293.11,216.79,122.72,0.0,1.9,122.96,159.51,2.43,150.62,181.67,158.89,165.16,130.44,31.31,111.92,171.74,181.91,174.57,176.73,4.73,195.06,395.07,394.68,2.62,121.22,196.12,143.57,133.75,203.12,41.63,75.44,117.1,116.83,257.0,254.34,202.22,412.3,11.44,216.53,259.46,156.14,132.29,84.97,353.71,110.27,189.71,198.78,195.87,161.19,256.16,100.81,287.51,92.44,237.17,257.5,151.52,210.38,187.3,146.21,162.75,197.22,11.38,178.32,29.22,428.1,146.22,392.44,41.37,39.29,394.18,268.43,198.64,0.9,288.37,161.84,3.08,171.56,169.51,88.1,172.47,153.75,217.04,154.69,217.45,198.41,44.95,113.22,193.73,110.49,197.32,198.78,224.68,132.31,123.4,2.54,110.36,274.37,168.83,158.25,128.45,269.52,240.63,140.33,178.28,135.67,4.34,3.78,218.17,116.85,260.03,259.66,190.77,192.88,170.3,122.11,259.14,158.09,3.5,128.47,179.93,157.1,141.6,173.51,155.42,248.85,3.38,287.03,139.76
Galle Face Hotel,104.47,199.99,163.96,117.22,218.46,38.4,309.43,116.41,164.03,166.23,315.04,10.39,75.75,217.09,80.99,67.71,212.37,415.47,118.82,146.64,3.76,2.86,198.21,151.15,8.85,199.71,132.03,190.7,10.23,159.86,216.88,122.19,347.32,151.71,199.15,111.58,261.91,316.93,217.42,122.19,0.63,0.0,122.43,160.14,2.24,151.25,181.14,159.53,165.79,129.91,31.94,111.39,171.21,182.54,174.04,177.37,4.2,195.69,395.71,395.31,3.25,120.69,196.76,143.04,133.22,202.59,41.1,74.92,117.74,117.46,257.64,253.82,202.85,412.94,12.07,217.17,258.94,156.77,131.76,84.44,353.18,110.9,189.18,198.25,196.5,161.82,255.63,100.28,288.15,91.91,236.64,258.13,151.0,211.02,187.94,145.68,163.38,197.85,10.85,177.79,29.85,428.73,146.86,393.07,42.0,39.92,394.81,269.07,198.12,1.53,289.01,162.48,3.72,172.19,170.14,88.73,173.11,153.22,217.68,155.32,218.08,197.88,44.42,113.85,194.36,111.12,197.96,199.42,225.31,131.78,122.87,2.35,109.84,275.0,169.46,158.89,127.92,269.0,241.26,140.96,177.76,136.31,4.97,4.42,218.8,117.48,260.66,260.29,190.24,193.51,169.77,121.58,259.78,158.72,2.98,127.94,180.56,156.57,141.07,172.98,154.89,249.48,4.01,286.5,140.39
Galle Fort Lighthouse,201.82,316.52,259.97,222.83,324.07,156.05,278.69,222.02,197.78,199.98,347.67,118.74,69.91,224.86,147.07,68.97,172.17,521.09,224.44,35.83,125.65,120.22,314.74,256.76,114.72,207.48,229.38,185.91,119.98,56.47,224.65,0.24,452.93,124.17,197.12,217.2,367.53,286.18,323.03,0.24,122.57,121.99,0.0,256.87,121.39,248.6,77.75,255.25,248.97,23.53,138.87,19.11,67.82,248.79,70.65,282.98,119.64,312.22,501.32,500.92,131.73,6.53,313.29,26.76,19.06,99.2,82.55,69.08,223.35,223.08,363.25,150.43,308.46,518.55,123.54,322.78,155.55,262.39,19.74,47.54,322.44,208.25,229.95,202.51,313.04,260.08,152.24,37.62,310.97,153.03,205.89,363.74,47.61,316.63,293.55,34.87,256.36,319.33,115.03,74.4,147.5,534.35,252.47,498.68,159.65,157.57,500.43,374.68,202.37,123.47,357.32,260.73,126.07,277.8,268.4,194.34,278.72,49.83,323.29,260.94,323.69,202.14,82.65,219.47,299.98,216.74,314.49,315.95,330.93,17.62,2.41,121.51,21.98,380.61,275.07,257.73,134.03,165.61,346.88,238.32,218.53,233.66,130.82,130.93,324.42,223.1,366.27,365.91,86.85,310.04,142.22,7.41,365.39,257.56,124.73,41.6,286.18,53.18,28.16,69.59,41.52,367.13,130.92,183.11,256.93
Galway's Land National Park,64.59,211.64,11.47,61.15,181.83,158.82,184.01,73.94,91.44,51.31,191.17,155.25,210.8,52.96,142.37,202.76,92.6,407.61,76.35,232.92,157.22,159.05,210.1,142.81,160.39,58.68,29.45,73.77,153.97,221.53,58.86,255.74,339.46,134.88,59.73,64.07,254.06,176.37,185.66,255.74,161.31,159.37,255.99,0.0,157.57,72.7,197.15,3.16,7.9,239.67,142.21,246.44,207.53,30.05,204.09,169.51,158.36,209.17,387.85,387.45,158.66,254.25,209.72,234.94,241.45,185.99,186.87,209.96,75.27,74.99,249.78,150.56,194.99,405.08,150.47,185.41,157.32,114.3,241.53,219.49,227.76,67.59,59.69,58.82,209.47,3.37,120.66,235.33,128.99,137.02,116.87,250.27,225.15,203.16,180.08,233.66,4.88,205.86,161.42,191.45,155.87,420.88,121.65,385.21,163.22,161.14,386.96,261.21,58.69,160.23,200.82,4.02,157.44,164.33,11.69,91.98,127.2,227.38,182.95,145.6,184.23,58.45,190.19,115.7,186.5,68.65,210.92,210.61,186.39,245.84,256.43,157.82,244.88,261.98,161.6,2.95,158.34,161.49,215.06,70.22,43.24,26.16,157.75,157.87,182.81,75.01,252.8,252.44,194.5,210.16,157.31,255.13,251.92,2.05,156.82,262.99,160.84,218.23,232.97,205.54,229.05,274.22,157.86,178.99,162.21
Gangaramaya Temple,102.13,199.61,161.62,116.84,218.08,38.03,308.98,116.03,163.58,165.78,314.66,8.98,75.3,216.64,78.65,67.26,211.92,415.1,118.45,146.19,2.44,1.44,197.83,150.77,8.79,199.26,129.68,190.25,8.82,159.41,216.43,121.74,346.94,151.26,198.7,111.21,261.54,316.48,217.04,121.74,2.3,1.71,121.98,157.8,0.0,148.91,180.69,157.19,163.45,129.46,31.57,110.94,170.76,180.2,173.59,176.99,2.78,195.31,395.33,394.93,3.82,120.24,196.38,142.59,132.77,202.14,40.9,74.47,117.36,117.09,257.26,253.37,202.47,412.56,11.7,216.79,258.48,156.4,131.31,83.99,352.73,108.56,188.73,197.8,196.13,159.48,255.18,99.83,287.77,91.46,236.19,257.75,150.55,210.64,187.56,145.23,161.04,197.48,10.65,177.34,29.48,428.36,146.48,392.69,41.62,39.55,394.44,268.69,197.67,2.65,288.63,160.13,3.43,171.82,167.8,88.35,172.73,152.77,217.3,154.95,217.7,197.43,44.22,113.48,193.99,110.75,197.58,199.04,224.94,131.33,122.42,0.24,109.38,274.63,169.09,156.55,127.47,268.55,240.89,138.62,177.31,133.97,5.12,4.98,218.43,117.11,260.29,259.92,189.79,193.13,169.32,121.13,259.4,156.38,1.05,127.49,180.19,156.12,140.62,172.53,154.44,249.1,4.58,286.05,140.02
Gartmore Falls,39.21,234.5,76.61,82.24,233.47,149.88,227.05,96.8,81.65,83.85,262.27,146.3,201.85,123.5,98.51,193.81,129.98,430.48,99.22,215.45,148.28,150.11,232.96,165.68,151.45,117.32,44.67,108.32,145.02,204.05,129.4,248.29,362.33,121.41,116.77,86.94,276.92,234.54,232.43,248.29,152.37,150.43,248.54,72.79,148.63,0.0,179.68,72.17,78.44,222.19,133.27,237.49,190.06,95.19,186.61,192.37,149.41,232.03,410.71,410.32,149.71,246.8,232.59,217.46,223.97,168.51,177.93,201.02,98.13,97.86,272.64,187.94,217.86,427.94,141.53,232.17,194.7,137.17,224.05,210.54,270.8,31.38,106.8,115.86,232.34,74.47,158.04,226.39,200.09,123.55,154.25,273.14,207.68,226.02,202.94,216.18,76.03,228.72,152.47,159.51,146.92,443.74,144.51,408.08,154.27,152.2,409.82,284.07,115.73,151.28,271.92,75.12,148.49,187.2,82.79,127.58,150.06,209.9,232.68,168.47,233.09,115.49,181.24,138.57,209.37,91.52,233.79,233.47,240.32,228.37,248.98,148.87,235.94,290.01,184.47,71.53,144.88,198.87,256.27,27.96,95.37,48.95,148.81,148.92,233.81,97.88,275.67,275.3,177.02,233.03,139.47,247.68,274.78,71.37,147.88,254.04,193.71,200.76,215.49,188.06,211.57,297.08,148.91,216.37,185.08
Goyambokka Beach,180.68,373.24,200.14,279.56,307.21,212.77,218.85,278.74,137.94,140.14,287.84,175.47,126.63,165.02,139.63,125.69,112.33,577.81,281.16,43.46,182.37,176.94,371.46,313.48,171.44,147.64,175.9,126.08,176.7,29.31,164.81,74.56,509.65,64.33,137.28,273.92,424.25,226.34,379.75,74.56,179.29,178.72,74.81,197.04,178.11,179.29,0.0,195.42,189.14,58.49,195.59,94.98,12.68,188.95,10.39,339.7,176.36,368.95,558.04,557.64,188.45,73.07,370.01,53.76,60.27,28.88,139.27,125.8,280.07,279.8,419.97,90.59,365.19,575.27,180.26,379.5,95.71,319.11,60.35,116.77,262.6,180.24,170.12,142.67,369.76,200.25,92.41,107.53,251.13,127.83,146.05,420.46,35.74,373.35,350.27,44.2,196.53,376.05,171.75,18.69,204.22,591.07,309.19,555.41,216.37,214.3,557.15,431.4,142.54,180.19,297.49,200.9,182.79,334.53,208.56,251.07,277.72,37.92,308.32,317.66,309.61,142.3,139.37,276.19,356.7,273.46,371.21,372.67,311.77,64.66,75.25,178.23,96.58,358.64,331.8,197.89,119.4,105.77,403.6,176.82,158.69,180.18,187.54,187.65,308.19,279.82,423.0,422.63,14.2,366.76,82.39,73.95,422.11,197.73,181.45,88.27,342.9,29.41,51.79,11.83,39.58,423.85,187.65,123.27,313.65
Gregory Lake,63.98,212.72,10.86,62.23,183.3,158.21,182.38,75.02,89.82,65.71,192.65,154.63,210.18,51.34,141.76,202.14,90.98,408.69,77.43,231.3,156.61,158.44,211.18,143.89,159.78,57.06,28.83,72.15,153.35,219.91,57.24,254.12,340.54,133.26,58.11,65.15,255.14,174.75,187.13,254.12,160.7,158.76,254.37,3.16,156.96,72.08,195.53,0.0,6.28,238.05,141.6,245.82,205.91,29.44,202.47,170.59,157.74,210.25,388.93,388.53,158.05,252.63,210.8,233.32,239.83,184.37,186.26,209.35,76.35,76.07,250.86,148.94,196.07,406.16,149.86,186.88,155.7,115.38,239.91,218.87,226.14,66.97,58.07,57.2,210.55,4.84,119.04,234.72,130.46,135.4,115.25,251.35,223.53,204.24,181.16,232.04,3.87,206.94,160.8,189.83,155.25,421.96,122.73,386.29,162.6,160.53,388.04,262.29,57.07,159.61,202.3,5.49,156.82,165.41,13.16,93.06,128.28,225.76,184.42,146.68,185.71,56.83,189.57,116.78,187.58,69.73,212.0,211.69,187.86,244.22,254.81,157.2,244.27,263.45,162.68,2.49,156.72,159.87,216.53,69.61,41.62,25.55,157.14,157.25,184.28,76.09,253.88,253.52,192.88,211.24,155.68,253.51,253.0,2.32,156.21,262.37,162.31,216.61,231.35,203.92,227.43,275.3,157.24,177.37,163.29
Hakgala Botanic Gardens,70.24,218.98,13.2,68.49,190.12,164.47,176.11,81.28,83.54,59.43,199.46,160.9,216.45,45.06,140.92,208.41,84.7,414.96,83.7,225.03,162.87,164.7,217.44,150.16,166.04,50.78,35.1,65.87,159.62,213.63,50.96,247.84,346.81,126.98,51.83,71.42,261.4,168.47,193.95,247.84,166.96,165.02,248.09,7.9,163.22,78.35,189.25,6.28,0.0,231.77,147.86,252.09,199.63,23.34,196.19,176.85,164.01,216.51,395.2,394.8,164.31,246.35,217.07,227.04,233.55,178.09,192.52,215.62,82.61,82.34,257.13,142.66,202.34,412.42,156.12,193.69,149.42,121.65,233.63,225.14,219.86,73.24,51.79,50.92,216.82,11.11,112.76,240.98,137.28,129.12,108.97,257.62,217.25,210.5,187.42,225.76,7.39,213.2,167.07,183.56,161.52,428.22,128.99,392.56,168.87,166.79,394.3,268.55,50.79,165.88,209.11,11.76,163.09,171.68,19.43,99.32,134.54,219.48,191.23,152.95,192.52,50.56,195.84,123.05,193.85,76.0,218.27,217.95,194.68,237.94,248.53,163.47,250.53,270.26,168.95,8.75,150.44,153.59,223.35,75.87,35.34,31.81,163.4,163.52,191.1,82.36,260.15,259.78,186.6,217.51,149.41,247.23,259.26,8.59,162.47,231.43,169.12,210.33,225.07,197.64,221.15,281.57,163.51,171.09,169.56
Handunugoda Tea Estate,209.11,323.81,242.68,230.12,331.36,163.34,261.39,229.31,180.49,182.69,330.38,126.03,77.19,207.56,154.35,76.25,154.87,528.37,231.72,21.03,132.93,127.5,322.03,264.05,122.0,190.18,236.66,168.62,127.27,39.18,207.35,23.09,460.22,106.87,179.83,224.48,374.81,268.88,330.32,23.09,129.86,129.28,23.34,239.58,128.68,221.83,60.45,237.96,231.68,0.0,146.15,40.47,50.53,231.49,53.36,290.27,126.93,319.51,508.61,508.21,139.01,20.45,320.58,11.96,6.43,81.91,89.84,76.36,230.64,230.36,370.54,133.13,315.75,525.84,130.83,330.07,138.25,269.67,5.0,67.33,305.14,215.54,212.66,185.21,320.32,242.79,134.95,58.09,293.67,160.32,188.6,371.03,30.31,323.92,300.84,20.07,239.07,326.61,122.31,57.11,154.79,541.63,259.76,505.97,166.93,164.86,507.71,381.96,185.08,130.76,340.03,243.44,133.36,285.09,251.1,201.63,286.01,32.54,330.58,268.22,330.98,184.84,89.93,226.75,307.26,224.02,321.78,323.24,338.21,8.4,23.78,128.79,47.15,387.9,282.36,240.43,141.32,148.31,354.16,245.6,201.23,240.94,138.11,138.22,331.7,230.38,373.56,373.19,69.56,317.33,124.93,18.09,372.68,240.27,132.02,42.04,293.46,35.88,13.36,52.3,26.72,374.41,138.21,165.82,264.21
Henerathgoda Botanical Garden,86.51,173.16,146.0,94.42,195.66,23.63,306.21,93.61,160.8,163.0,292.24,35.2,93.35,192.89,73.36,85.31,209.14,392.67,96.02,164.24,29.62,31.59,171.39,128.35,36.61,196.48,114.07,187.48,35.04,177.46,206.09,139.79,324.52,148.49,195.93,88.79,239.11,270.94,194.62,139.79,31.44,32.75,140.03,142.18,30.83,133.29,198.74,141.57,147.83,147.51,0.0,128.99,188.82,164.58,191.64,154.57,31.64,168.87,372.91,372.51,28.79,138.3,169.94,160.64,150.82,220.2,69.43,92.52,94.94,94.66,234.84,271.42,180.05,390.14,23.28,194.37,276.54,133.97,149.37,102.04,349.96,92.94,185.96,195.02,169.68,143.87,199.8,117.89,265.35,88.69,233.41,235.33,168.6,188.22,165.14,163.29,145.42,171.03,40.13,195.4,17.16,405.93,124.06,370.27,28.03,25.95,372.01,246.27,194.89,30.36,266.21,144.52,29.3,149.39,152.18,65.93,150.31,170.82,194.88,132.53,195.28,194.65,72.74,91.06,171.56,88.32,171.13,172.6,202.51,149.39,140.48,31.08,127.44,252.2,146.66,140.93,145.53,286.6,218.47,123.0,174.53,118.35,27.88,27.99,196.0,94.68,237.86,237.49,207.84,166.69,166.55,139.18,236.98,140.76,30.55,145.54,157.76,174.17,158.67,190.58,172.49,234.36,27.99,304.1,113.57
Hikkaduwa Beach,190.7,305.4,250.19,211.71,312.95,144.93,298.08,210.9,217.17,219.37,367.07,107.62,37.65,244.25,135.95,44.22,191.56,509.96,213.32,52.75,114.53,109.1,303.62,245.64,103.6,226.87,218.26,205.3,108.86,75.86,244.04,18.95,441.81,143.56,216.51,206.08,356.41,305.57,311.91,18.95,111.45,110.87,19.19,246.37,110.27,237.48,97.14,245.76,252.02,40.45,127.75,0.0,87.22,268.18,90.04,271.86,108.52,301.1,490.2,489.8,120.61,23.45,302.17,43.68,35.98,118.6,56.13,40.36,212.23,211.96,352.13,169.82,297.34,507.43,112.42,311.66,174.94,251.27,36.66,28.43,341.83,197.13,249.35,221.9,301.92,248.06,171.63,18.51,330.36,141.91,225.28,352.62,67.0,305.51,282.43,51.79,249.61,308.21,103.91,93.8,136.38,523.23,241.35,487.56,148.53,146.45,489.31,363.56,221.77,112.35,376.72,248.71,114.95,266.68,256.37,183.22,267.6,69.22,312.17,249.82,312.57,221.53,59.05,208.35,288.85,205.61,303.37,304.83,319.8,34.54,17.57,110.39,2.88,369.49,263.95,245.12,122.91,185.0,335.76,227.2,237.92,222.54,119.7,119.81,313.3,211.98,355.15,354.79,106.24,298.92,161.62,24.34,354.27,244.95,113.61,43.93,275.06,72.57,45.08,88.98,58.44,356.01,119.8,202.5,245.81
Hiriketiya Beach,191.18,364.86,210.64,271.18,372.42,204.4,229.35,270.37,148.45,150.65,298.34,167.09,118.25,175.52,150.14,117.31,122.83,569.43,272.78,31.48,173.99,168.56,363.09,305.11,163.06,158.14,186.4,136.58,168.32,17.33,175.32,66.18,501.28,74.83,147.79,265.54,415.87,236.85,371.38,66.18,170.92,170.34,66.43,207.54,169.74,189.8,12.68,205.92,199.64,50.12,187.21,86.6,0.0,199.46,5.83,331.33,167.98,360.57,549.67,549.27,180.07,64.69,361.64,41.06,48.01,40.61,130.9,117.42,271.7,271.42,411.6,101.09,356.81,566.89,171.89,371.13,106.21,310.73,51.97,108.39,273.1,190.75,180.62,153.17,361.38,210.75,102.91,99.15,261.63,138.33,156.56,412.09,23.76,364.97,341.89,32.21,207.03,367.67,163.37,24.11,195.84,582.69,300.82,547.03,207.99,205.92,548.77,423.02,153.04,171.81,307.99,211.4,174.41,326.15,219.07,242.69,327.07,25.93,371.64,309.28,372.04,152.81,130.99,267.81,348.32,265.08,362.83,364.3,322.27,51.94,66.87,169.85,88.21,369.14,323.42,208.39,129.9,116.28,395.22,187.32,169.2,190.68,179.17,179.28,372.76,271.44,414.62,414.25,25.93,358.39,92.89,65.57,413.73,208.23,173.08,74.03,334.52,17.43,38.91,1.99,27.6,415.47,179.27,133.78,305.27
Horton Plains National Park,86.99,239.03,18.58,88.54,208.86,181.22,181.61,101.33,80.55,21.25,220.24,177.65,222.24,63.8,137.93,195.85,84.54,435.01,103.75,224.87,179.62,181.45,237.49,170.2,182.79,52.57,51.85,62.88,176.37,213.47,69.7,247.68,366.86,123.99,52.02,91.47,281.45,189.1,212.69,247.68,183.71,181.77,247.93,30.05,179.97,95.1,189.1,29.44,23.34,231.61,164.61,268.1,199.48,0.0,196.03,196.9,180.76,236.56,415.24,414.84,181.06,246.19,237.12,226.88,233.39,177.93,197.11,221.4,102.66,102.39,277.17,142.5,222.39,432.47,172.87,212.44,149.26,141.7,233.47,230.93,225.36,89.99,48.8,51.11,236.87,31.74,112.6,246.77,156.02,126.13,108.81,277.67,217.1,230.55,207.47,225.6,30.06,233.25,183.82,183.4,178.27,448.27,149.04,412.61,185.62,183.54,414.35,288.6,50.98,182.63,229.89,32.39,179.84,191.73,40.05,119.37,154.59,219.32,209.97,173.0,211.26,50.75,200.42,143.1,213.9,96.05,238.32,238.0,213.42,237.79,248.37,180.22,269.7,291.04,189.0,28.8,147.45,153.43,242.09,92.62,32.35,48.56,180.15,180.27,209.84,102.41,280.2,279.83,186.44,237.56,142.05,247.07,279.31,28.64,179.22,228.44,187.86,210.18,224.91,197.48,220.99,301.61,180.26,170.93,189.61
Hummanaya Blow Hole,187.74,375.21,207.2,281.53,314.27,214.75,225.91,280.72,145.01,147.21,294.9,177.44,128.6,172.08,146.69,127.66,119.39,579.78,283.13,36.62,184.34,178.91,373.43,315.46,173.41,154.7,182.96,133.14,178.67,22.46,171.88,76.53,511.63,71.39,144.35,275.89,426.22,233.41,381.73,76.53,181.27,180.69,76.78,204.1,180.09,186.36,10.39,202.48,196.2,60.46,197.56,96.95,5.83,196.01,0.0,341.67,178.33,370.92,560.02,559.62,190.42,75.04,371.98,46.2,53.14,38.32,141.25,127.77,282.05,281.77,421.95,97.65,367.16,577.24,182.24,381.48,102.77,321.08,62.32,118.74,269.66,187.3,177.18,149.73,371.73,207.31,99.47,109.5,258.19,134.89,153.12,422.44,28.89,375.32,352.24,37.35,203.59,378.02,173.72,20.66,206.19,593.04,311.17,557.38,218.34,216.27,559.12,433.37,149.6,182.16,304.55,207.96,184.76,336.5,215.62,253.04,337.42,31.07,315.38,319.63,382.39,149.36,141.34,278.16,358.67,275.43,373.18,374.65,318.83,57.07,77.22,180.2,98.56,365.7,333.77,204.95,126.46,112.83,405.57,183.88,165.75,187.24,189.51,189.63,315.25,281.79,424.97,424.6,23.64,368.74,89.45,75.92,424.08,204.79,183.43,72.92,344.87,22.57,44.05,4.98,32.74,425.82,189.62,130.34,315.62
Hurulu Eco Park,158.17,64.44,178.32,121.89,46.33,157.79,253.05,97.05,230.36,232.76,142.91,184.68,235.66,177.61,192.42,227.62,230.68,260.42,103.87,306.55,179.1,181.07,62.9,27.64,186.09,188.49,160.94,234.36,178.8,319.77,170.94,282.1,192.27,267.55,197.81,109.95,84.59,200.29,45.29,282.1,180.92,182.23,282.34,169.51,180.31,192.91,341.05,170.59,176.85,289.82,154.09,271.3,331.12,196.9,333.95,0.0,181.12,61.97,240.66,240.26,178.27,280.61,62.53,302.95,293.13,362.5,211.74,234.83,97.52,97.24,80.32,274.53,25.53,257.88,168.2,45.04,295.4,118.21,291.68,244.35,296.8,165.93,213.75,196.91,62.28,170.67,258.74,260.2,116.02,207.75,229.77,80.81,310.91,55.96,15.81,305.6,174.44,58.66,189.61,337.71,157.31,273.68,50.65,238.02,162.18,160.11,239.76,91.74,196.77,179.84,116.88,171.18,178.78,14.09,178.85,104.07,91.36,313.13,45.55,29.56,45.95,196.54,215.05,75.64,22.29,101.37,63.73,63.41,53.18,291.69,282.78,180.56,269.75,97.68,14.89,169.2,249.74,285.46,69.13,182.62,213.69,166.56,177.36,177.48,46.67,96.82,83.34,82.97,350.15,62.97,285.6,281.49,82.45,168.3,180.04,287.85,54.8,316.48,300.98,332.89,314.8,125.58,177.47,302.96,79.35
Independence Memorial Hall,102.45,199.57,161.94,116.8,218.04,37.99,306.77,115.99,161.37,163.57,314.62,7.44,73.09,214.42,78.97,65.04,209.7,415.06,118.41,143.98,4.08,2.09,197.79,150.73,6.58,197.04,130.01,188.04,7.28,157.2,214.22,119.52,346.9,149.05,196.49,111.17,261.5,314.26,217.0,119.52,4.89,4.32,119.77,158.12,3.27,149.23,178.47,157.51,163.77,127.25,31.53,108.72,168.55,180.52,171.38,176.95,0.0,195.27,395.29,394.89,5.82,118.03,196.34,140.38,130.56,199.93,39.51,72.25,117.32,117.05,257.22,251.15,202.43,412.52,11.66,216.75,256.27,156.36,129.1,81.78,350.52,108.88,186.52,195.59,196.09,159.81,252.97,97.62,287.73,89.25,233.98,257.71,148.33,210.6,187.52,143.02,161.36,197.44,9.26,175.13,29.43,428.32,146.44,392.65,41.58,39.51,394.4,268.65,195.45,5.62,288.59,160.46,4.81,171.78,168.12,88.31,172.69,150.56,217.26,154.91,217.66,195.22,42.83,113.44,193.95,110.71,197.54,199.0,224.9,129.12,120.21,3.38,107.17,274.58,169.05,156.87,125.26,266.33,240.85,138.94,175.09,134.29,6.51,6.58,218.39,117.07,260.25,259.88,187.58,193.09,167.11,118.91,259.36,156.7,2.31,125.28,180.15,153.91,138.41,170.32,152.22,249.06,5.59,283.84,139.98
Isurumuniya Temple,197.85,4.82,218.01,161.57,103.05,170.52,309.77,136.73,308.91,272.44,199.62,198.95,264.71,217.29,221.47,256.66,270.36,214.71,143.55,335.6,193.37,195.34,3.04,67.32,200.36,228.18,200.63,274.04,198.78,348.82,210.63,311.15,146.56,296.59,237.49,149.64,110.59,257.01,102.01,311.15,195.19,196.5,311.39,209.19,194.58,232.59,370.1,210.27,216.54,318.87,168.93,300.35,360.17,236.59,363.0,61.95,195.38,0.0,194.95,194.55,192.53,309.65,1.59,332.0,322.18,391.55,240.78,263.87,137.2,136.92,99.49,305.86,87.44,212.18,197.25,101.75,335.09,157.89,320.72,273.4,353.52,205.61,253.43,236.59,1.34,210.35,298.42,289.24,172.73,236.79,261.1,118.23,339.95,15.48,72.52,334.64,214.13,4.66,203.87,366.75,171.58,227.97,90.34,192.31,166.78,170.93,194.05,112.91,236.46,194.1,173.59,210.87,193.05,70.81,218.53,137.66,131.04,342.18,102.26,69.24,102.67,236.22,244.1,115.33,56.11,141.06,2.79,4.26,109.9,320.74,311.83,194.82,298.79,143.21,71.61,208.89,278.79,316.79,125.85,222.31,253.37,206.24,191.63,191.74,103.39,136.51,106.98,106.59,379.2,5.03,314.65,310.54,107.32,207.98,194.3,316.9,94.48,345.53,330.03,361.94,343.85,64.64,191.73,334.29,71.51
Jaffna Fort,376.51,199.53,396.67,340.23,281.71,376.13,488.43,315.39,448.7,451.1,378.28,403.03,454.0,395.95,410.77,445.96,449.02,21.04,322.21,524.9,397.45,399.42,197.99,245.98,404.44,406.84,379.29,452.7,397.14,538.12,389.29,500.44,53.63,485.89,416.15,328.3,237.29,435.67,280.67,500.44,399.27,400.58,500.69,387.85,398.66,411.25,559.39,388.93,395.2,508.16,372.43,489.64,549.47,415.25,552.3,240.61,399.46,200.16,0.0,0.82,396.62,498.95,200.72,521.29,511.48,580.85,430.08,453.17,315.86,315.58,226.19,484.52,266.1,20.08,386.55,280.41,513.75,336.55,510.02,462.7,532.18,384.27,432.09,415.25,200.47,389.01,477.08,478.54,351.39,426.09,439.76,244.93,529.25,184.84,251.18,523.94,392.79,201.16,407.95,556.05,375.66,33.03,269.0,3.5,380.53,378.45,16.43,239.6,415.12,398.18,352.25,389.53,397.13,249.47,397.19,322.42,309.7,531.48,280.92,247.9,281.33,414.88,433.39,293.99,234.77,319.72,198.28,198.5,288.56,510.04,501.13,398.9,488.09,269.9,250.27,387.55,468.09,495.45,304.51,400.97,432.03,384.9,395.71,395.82,282.05,315.17,233.68,233.29,568.49,201.73,503.95,499.83,234.02,386.64,398.38,506.2,273.14,534.82,519.33,551.23,533.14,182.46,395.81,512.95,270.89
Jaffna Public Library,376.12,199.13,396.27,339.83,281.31,375.74,488.03,314.99,448.3,450.7,377.89,402.63,453.61,395.55,410.37,445.56,448.62,21.47,321.82,524.5,397.05,399.02,197.59,245.58,404.04,406.44,378.89,452.3,396.75,537.72,388.89,500.04,53.23,485.49,415.75,327.9,236.89,435.27,280.27,500.04,398.87,400.18,500.29,387.45,398.26,410.85,559.0,388.53,394.8,507.77,372.03,489.24,549.07,414.85,551.9,240.21,399.06,199.76,0.82,0.0,396.22,498.55,200.32,520.9,511.08,580.45,429.68,452.77,315.46,315.19,225.79,484.12,265.7,19.77,386.15,280.02,513.35,336.16,509.62,462.3,531.78,383.88,431.69,414.85,200.07,388.62,476.69,478.14,350.99,425.69,439.36,244.53,528.85,184.44,250.78,523.54,392.39,200.76,407.56,555.65,375.26,33.85,268.6,2.84,380.13,378.06,15.76,239.21,414.72,397.79,351.86,389.13,396.73,249.07,396.8,322.02,309.3,531.08,280.53,247.5,280.93,414.48,433.0,293.59,234.38,319.32,197.89,198.1,288.16,509.64,500.73,398.51,487.69,269.51,249.87,387.15,467.69,495.05,304.11,400.57,431.64,384.51,395.31,395.42,281.65,314.77,233.28,232.89,568.1,201.33,503.55,499.43,233.62,386.25,397.98,505.8,272.74,534.43,518.93,550.84,532.74,182.06,395.41,512.55,270.49
Jami Ul-Alfar Mosque,101.46,197.09,160.95,114.32,215.56,35.51,312.42,113.51,167.02,169.22,312.14,11.15,85.44,220.07,77.98,77.4,215.35,412.57,115.93,156.34,3.34,4.88,195.31,148.25,11.61,202.69,129.01,193.69,10.99,169.56,219.87,131.88,344.42,154.7,202.14,108.69,259.02,290.84,214.52,131.88,2.82,4.13,132.13,157.13,3.73,148.24,190.83,156.51,162.78,139.6,29.05,121.08,180.91,179.53,183.74,174.47,6.22,192.79,392.81,392.41,0.0,130.39,193.86,152.73,142.92,212.29,43.86,84.61,114.84,114.56,254.74,263.51,199.95,410.04,9.18,214.27,268.63,153.88,141.46,94.13,356.17,107.88,192.17,201.24,193.61,158.81,265.33,109.98,285.25,94.9,239.63,255.23,160.69,208.12,185.04,155.38,160.37,194.95,13.61,187.49,26.95,425.84,143.96,390.17,39.1,37.03,391.91,266.17,201.1,1.73,286.11,159.46,1.58,169.29,167.13,85.83,170.21,162.92,214.78,152.43,215.18,200.87,47.17,110.96,191.46,108.22,195.06,196.52,222.41,141.48,132.57,3.84,119.53,272.1,166.56,155.87,137.62,278.69,238.37,137.95,180.74,133.29,2.07,1.52,215.9,114.58,257.76,257.4,199.93,190.61,172.76,131.27,256.88,155.71,4.61,137.64,177.67,166.26,150.76,182.67,164.58,246.58,1.12,296.19,137.5
Japanese Peace Pagoda - Rumassala,199.95,314.65,258.1,220.97,322.2,154.18,276.82,220.15,195.91,198.11,345.81,116.88,68.04,222.99,145.2,67.1,170.3,519.22,222.57,32.75,123.78,118.35,312.87,254.89,112.85,205.61,227.51,184.04,118.11,54.6,222.78,6.09,451.06,122.3,195.25,215.33,365.66,284.31,321.16,6.09,120.7,120.13,6.34,255.0,119.52,246.73,75.88,253.38,247.1,20.45,137.0,23.47,65.96,246.92,68.78,281.11,117.77,310.36,499.45,499.05,129.86,0.0,311.42,23.68,15.98,97.34,80.68,67.21,221.48,221.21,361.38,148.56,306.59,516.68,121.67,320.91,153.68,260.52,17.86,58.18,320.57,206.38,228.09,200.64,311.17,258.21,150.37,48.94,309.1,151.16,204.02,361.87,45.74,314.76,291.68,31.79,254.5,317.46,113.16,72.54,145.63,532.48,250.6,496.82,157.78,155.71,498.56,372.81,200.51,121.6,355.46,258.86,124.2,275.94,266.53,192.48,276.85,47.96,321.42,259.07,321.82,200.27,80.78,217.6,298.11,214.87,312.62,314.08,329.06,14.54,6.78,119.64,26.35,378.75,273.21,255.86,132.16,163.74,345.01,236.45,216.66,231.79,128.95,129.06,322.55,221.23,364.41,364.04,84.98,308.17,140.36,4.34,363.52,255.69,122.86,53.18,284.31,51.31,25.08,67.72,38.44,365.26,129.06,181.24,255.06
Jaya Sri Maha Bodhi,198.85,3.84,219.0,162.57,104.04,171.99,310.77,137.73,271.04,273.44,200.62,200.41,266.17,218.29,222.93,258.13,271.36,215.71,144.55,337.06,194.83,196.8,2.06,68.32,201.82,229.18,201.63,275.04,200.25,350.28,211.63,312.61,147.56,298.06,238.49,150.64,111.59,258.01,103.0,312.61,196.65,197.96,312.85,210.19,196.04,233.59,371.56,211.27,217.54,320.33,170.39,301.81,361.64,237.58,364.46,62.95,196.84,2.07,195.95,195.55,194.0,311.12,0.0,333.46,323.64,393.02,242.25,265.34,138.2,137.92,100.49,306.86,88.44,213.18,198.72,102.75,336.08,158.89,322.19,274.86,354.52,206.61,254.43,237.59,1.23,211.35,299.42,290.71,173.73,238.26,262.1,119.23,341.42,16.48,73.52,336.11,215.13,5.66,205.34,368.22,173.04,228.97,91.34,193.31,168.24,172.39,195.05,113.9,237.46,195.57,174.59,211.87,194.51,71.81,219.53,139.13,132.04,343.64,103.26,70.24,103.66,237.22,245.56,116.33,57.11,142.05,1.81,3.27,110.9,322.2,313.3,196.29,300.26,144.2,72.61,209.89,280.25,317.79,126.85,223.31,254.37,207.24,193.09,193.2,104.39,137.51,107.98,107.59,380.66,6.03,316.12,312.0,108.32,208.98,195.76,318.36,95.48,346.99,331.49,363.4,345.31,63.66,193.2,335.29,72.97
Jungle Beach,222.75,337.45,240.98,243.76,345.0,176.98,259.7,242.95,178.79,180.99,328.68,139.68,90.84,205.86,168.0,89.9,153.17,542.02,245.37,9.82,146.58,141.15,335.67,277.69,135.65,188.48,250.31,166.92,140.91,26.32,205.66,26.31,473.86,105.18,178.13,238.13,388.46,267.19,343.96,26.31,143.5,142.93,26.56,237.88,142.32,220.14,58.76,236.26,229.98,11.96,159.8,43.7,41.06,229.8,46.2,303.91,140.57,333.15,522.25,521.85,152.66,23.68,334.22,0.0,7.69,80.21,103.48,90.01,244.28,244.01,384.18,131.44,329.39,539.48,144.47,343.71,136.55,283.32,13.61,80.98,303.45,229.18,210.96,183.52,333.97,241.09,133.25,71.74,291.97,173.96,186.9,384.67,17.45,337.56,314.48,8.86,237.37,340.26,135.96,55.41,168.43,555.28,273.4,519.61,180.58,178.51,521.36,395.61,183.38,144.4,338.33,241.74,147.0,298.74,249.41,215.27,299.65,17.45,344.22,281.87,344.62,183.15,103.58,240.4,320.91,237.67,335.42,336.88,351.86,11.62,27.0,142.44,46.57,401.55,296.01,238.74,154.96,146.62,367.81,217.66,199.54,254.59,151.75,151.86,345.35,244.03,387.21,386.84,67.86,330.97,123.23,21.32,386.32,238.57,145.66,49.57,307.11,23.02,2.15,42.83,15.51,388.06,151.86,164.12,277.86
Kabalana Beach,212.48,327.18,247.31,233.49,334.73,166.71,266.03,232.68,185.12,187.32,335.02,129.4,80.57,212.2,157.72,79.62,159.51,531.74,235.09,16.77,136.3,130.87,325.4,267.42,125.38,194.82,240.04,173.25,130.64,33.27,211.99,18.62,463.59,111.51,184.46,227.86,378.18,273.52,333.69,18.62,133.23,132.65,18.86,244.21,132.05,226.47,65.09,242.59,236.32,6.43,149.52,36.0,48.01,236.13,53.15,293.64,130.3,322.88,511.98,511.58,142.39,15.98,323.95,7.7,0.0,86.55,93.21,79.73,234.01,233.73,373.91,137.77,319.12,529.21,134.2,333.44,142.89,273.05,5.92,70.7,309.78,218.91,217.3,189.85,323.7,247.42,139.58,61.46,298.31,163.69,193.23,374.4,24.4,327.29,304.21,15.81,243.71,329.98,125.69,61.75,158.16,545.0,263.13,509.34,170.31,168.23,511.08,385.34,189.72,134.13,344.67,248.07,136.73,288.46,255.74,205.0,289.38,24.4,333.95,271.6,334.35,189.48,93.31,230.13,310.63,227.39,325.15,326.61,341.58,3.93,19.3,132.17,38.88,391.27,285.73,245.07,144.69,152.95,357.54,248.97,205.87,244.32,141.48,141.59,335.07,233.75,376.93,376.56,74.19,320.7,129.57,13.62,376.05,244.9,135.39,46.24,296.84,29.97,9.1,49.78,22.46,377.79,141.58,170.45,267.59
Kalametiya Eco Bird Watching,169.83,396.64,187.75,206.58,294.82,236.17,206.46,247.27,127.1,129.3,275.45,198.86,150.02,152.63,128.79,149.08,99.94,601.2,249.68,75.14,205.76,200.33,394.86,336.88,194.83,135.25,165.05,113.69,200.1,57.23,152.43,97.96,533.05,53.49,124.9,211.28,447.64,213.96,298.65,97.96,202.69,202.11,98.2,184.65,201.51,168.45,28.86,183.03,176.75,81.89,218.98,118.37,40.59,176.57,38.3,363.1,199.76,392.34,581.44,581.04,211.84,96.46,393.41,77.15,83.66,0.0,162.67,149.19,248.6,248.32,443.37,71.21,388.58,598.67,203.66,298.4,65.03,276.28,83.74,140.16,250.22,169.4,157.73,130.29,393.15,187.86,80.02,130.92,238.74,116.99,133.67,443.86,67.37,396.75,373.67,75.87,184.14,399.44,195.15,33.66,227.62,614.46,332.59,578.8,239.76,237.69,580.54,454.8,130.15,203.59,285.1,188.51,206.19,357.92,196.18,219.59,265.33,69.59,295.94,341.06,297.22,129.92,162.76,299.58,380.09,241.98,394.61,396.07,299.38,88.06,98.64,201.62,119.98,346.25,355.19,185.51,108.55,86.39,328.05,165.97,146.31,169.33,210.94,211.05,295.8,248.34,446.39,446.02,20.87,390.16,71.55,97.35,445.51,185.34,204.85,111.66,270.59,60.45,75.18,39.74,71.26,447.24,211.04,103.89,337.04
Kalutara Bodhiya,130.62,245.32,190.11,151.63,252.87,84.85,342.29,150.82,152.93,155.13,349.45,43.26,18.58,205.99,74.85,21.08,235.77,449.88,153.24,106.85,42.87,39.72,243.54,185.56,34.18,188.61,158.18,179.6,43.9,120.07,205.78,82.4,381.73,140.61,188.05,146.0,296.32,349.78,251.83,82.4,40.95,40.38,82.64,186.29,40.64,177.4,141.35,185.68,191.94,90.12,67.67,56.13,131.42,196.92,134.25,211.78,39.47,241.02,430.12,429.72,43.58,80.91,242.09,103.25,93.43,162.8,0.0,16.86,152.15,151.87,292.05,214.03,237.26,447.35,52.34,251.58,219.15,191.19,91.98,27.7,386.04,137.05,178.08,187.15,241.84,187.97,215.84,37.78,322.56,80.81,269.49,292.54,111.21,245.43,222.35,105.9,189.53,248.12,31.0,138.01,76.3,463.14,181.27,427.48,88.45,86.37,429.22,303.48,187.02,41.85,323.42,188.63,43.76,206.6,196.29,123.14,207.52,113.43,252.09,189.74,252.49,186.78,3.31,148.27,228.77,145.53,243.29,244.75,259.72,91.99,83.09,40.75,53.47,309.41,203.87,185.04,88.13,229.21,275.68,167.11,166.66,162.46,59.62,44.74,253.21,151.89,295.07,294.7,150.45,238.84,158.67,81.79,294.19,184.87,41.05,88.15,214.98,116.78,101.28,133.19,115.1,295.93,44.33,246.71,185.73
Kande Viharaya Temple,154.29,268.99,213.78,175.3,276.54,108.52,328.88,174.49,177.62,179.82,373.12,71.21,2.81,230.67,99.53,5.62,222.35,473.55,176.91,93.44,78.11,72.68,267.21,209.23,67.19,213.29,181.85,236.1,72.45,106.66,230.47,68.99,405.4,174.36,247.31,169.67,319.99,336.37,275.5,68.99,75.04,74.46,69.23,209.96,73.86,201.07,127.94,209.35,215.61,76.71,91.33,40.35,118.01,221.6,120.84,235.45,72.11,264.69,453.79,453.39,84.2,67.49,265.76,89.84,80.02,149.39,16.86,0.0,175.82,175.54,315.72,200.62,260.93,471.02,76.01,275.25,205.73,214.86,78.56,11.93,372.63,160.72,202.77,211.83,265.51,211.64,202.43,22.01,346.23,105.5,256.08,316.21,97.8,269.1,246.02,92.48,213.2,271.79,47.85,124.59,99.97,486.81,204.94,451.15,112.12,110.04,452.89,327.15,211.7,75.94,347.09,212.29,78.54,230.27,219.96,146.81,231.19,100.02,275.76,213.41,276.16,211.47,19.78,171.94,252.44,169.2,266.96,268.42,283.39,78.58,69.67,73.98,37.7,333.08,227.54,208.71,86.5,215.8,299.35,190.78,191.34,186.13,83.29,83.4,276.88,175.56,318.74,318.37,137.04,262.51,192.41,68.38,317.86,208.54,77.2,74.74,238.65,103.37,87.87,119.78,101.69,319.6,83.39,233.3,209.4
Kandy Lake,63.56,140.05,83.71,27.28,139.01,118.37,211.9,1.81,135.75,123.54,178.49,120.64,176.18,118.9,125.58,168.14,171.97,336.03,8.3,247.07,115.06,117.03,138.51,71.22,122.05,129.79,66.34,148.11,119.32,260.29,112.24,222.62,267.87,200.7,139.1,15.35,182.47,177.09,137.97,222.62,116.88,118.19,222.86,74.9,116.27,98.3,281.57,75.98,82.25,230.34,94.61,211.82,271.64,102.29,274.47,97.92,117.08,137.58,316.26,315.86,114.23,221.12,138.14,243.47,233.65,247.8,152.25,175.35,0.0,0.28,178.19,218.88,123.4,333.49,108.72,137.72,236.69,40.13,232.19,184.87,255.65,71.32,134.04,138.2,137.88,76.06,200.03,200.71,116.3,140.9,184.89,178.68,251.43,131.57,108.49,246.11,79.83,134.27,125.57,278.22,117.9,349.29,50.06,313.62,122.77,120.69,315.37,189.62,138.07,115.8,188.14,76.58,114.74,92.75,84.24,40.56,55.61,253.65,138.23,74.02,138.63,137.83,155.57,49.02,114.92,6.76,139.34,139.02,145.87,232.21,223.3,116.52,210.26,195.56,90.02,74.6,182.9,229.81,161.82,88.01,117.58,71.95,113.32,113.44,139.36,1.96,181.22,180.85,290.67,138.58,218.76,222.01,180.33,73.69,116.0,228.37,99.26,257.0,241.5,273.41,255.32,201.18,113.43,247.31,95.53
Kandy View Point,63.29,139.77,83.44,27.0,138.74,118.1,212.17,1.54,135.47,123.27,178.76,120.37,175.9,119.18,125.3,167.86,172.25,335.75,8.03,246.79,114.79,116.76,138.24,70.95,121.78,130.06,66.06,147.84,119.04,260.02,112.51,222.34,267.6,200.43,139.38,15.07,182.19,177.37,137.7,222.34,116.61,117.92,222.59,74.62,116.0,98.02,281.29,75.7,81.97,230.06,94.33,211.54,271.37,102.02,274.2,97.65,116.8,137.3,315.99,315.59,113.95,220.85,137.86,243.19,233.37,247.52,151.98,175.07,0.28,0.0,177.92,219.15,123.13,333.21,108.45,137.45,236.97,40.4,231.92,184.59,255.92,71.05,133.76,138.47,137.61,75.79,200.31,200.44,116.58,140.62,185.17,178.41,251.15,131.29,108.21,245.84,79.56,133.99,125.29,277.95,117.62,349.01,49.78,313.35,122.49,120.42,315.09,189.34,138.34,115.52,188.41,76.3,114.47,92.47,83.97,40.29,55.33,253.37,137.96,73.74,138.36,138.11,155.29,48.75,114.64,6.49,139.06,138.74,145.59,231.94,223.03,116.24,209.99,195.28,89.74,74.32,182.62,230.08,161.54,87.74,117.31,71.68,113.05,113.16,139.08,1.83,180.94,180.57,290.39,138.3,218.48,221.73,180.05,73.42,115.72,228.09,98.98,256.72,241.22,273.13,255.04,200.91,113.15,247.59,95.26
Kanniya Hot Springs,238.44,98.84,258.59,202.16,105.21,238.06,248.58,177.32,310.63,313.03,138.43,264.95,315.93,257.88,272.69,307.89,296.07,245.96,184.14,386.82,259.37,261.34,97.3,107.91,266.36,268.76,241.22,300.37,259.07,400.04,251.22,362.37,177.81,347.82,278.08,190.23,11.1,225.01,104.17,362.37,261.2,262.51,362.61,249.78,260.59,273.18,421.32,250.86,257.12,370.09,234.36,351.57,411.4,277.17,414.22,80.32,261.39,99.47,226.2,225.8,258.54,360.88,100.03,383.22,373.4,442.78,292.01,315.1,177.79,177.51,0.0,321.7,80.54,243.43,248.48,103.92,344.95,198.48,371.95,324.62,292.33,246.2,294.02,277.18,99.78,250.94,324.13,340.47,174.9,288.02,276.95,18.74,391.18,84.01,96.08,385.87,254.71,100.47,269.88,417.98,237.58,259.22,130.92,223.56,242.45,240.38,225.3,13.41,277.04,260.11,112.4,251.46,259.05,94.36,259.12,184.35,171.63,393.4,104.43,109.83,104.83,276.81,295.32,155.92,102.56,181.64,97.6,97.81,112.06,371.96,363.06,260.83,350.02,43.71,95.16,249.47,330.01,332.64,106.25,262.89,293.96,246.83,257.63,257.75,105.55,177.09,7.49,7.1,430.42,101.04,365.88,361.76,7.83,248.57,260.31,368.12,135.07,396.75,381.25,413.16,395.07,159.76,257.74,350.14,159.62
Kataragama Temple,189.27,309.02,153.68,211.18,228.43,287.56,140.07,219.68,142.86,118.75,209.06,250.25,201.41,118.57,152.8,200.47,67.56,505.0,226.35,126.53,257.15,251.72,307.49,241.7,246.22,101.19,177.79,79.62,251.48,115.13,109.83,149.34,436.85,71.71,90.83,214.1,322.95,147.56,232.26,149.34,254.08,253.5,149.59,150.58,252.9,187.88,90.76,148.96,142.69,133.27,270.37,169.76,101.14,142.5,97.7,274.5,251.14,306.55,485.24,484.84,263.23,147.85,307.11,128.54,135.05,71.19,214.05,200.58,218.99,219.27,322.08,0.0,268.08,502.47,255.05,232.0,30.07,222.16,135.13,191.55,183.82,188.83,123.67,96.22,306.86,153.79,47.64,182.31,213.77,140.99,65.28,308.01,118.76,300.55,268.28,127.26,150.08,303.24,246.53,85.06,279.0,518.26,239.78,482.6,291.15,289.08,484.34,332.38,96.09,254.97,218.71,154.44,257.57,261.72,162.11,243.6,211.22,120.98,229.54,237.32,230.83,95.85,214.15,276.11,291.5,224.81,308.31,308.0,232.99,139.45,150.03,253.01,171.37,279.86,258.99,151.44,132.56,22.16,261.66,185.41,112.24,174.5,262.32,262.44,229.41,218.16,321.7,321.33,88.1,307.55,72.45,148.73,320.81,151.27,256.23,163.05,216.47,111.84,126.57,99.14,122.65,370.16,262.43,39.66,313.57
Kaudulla National Park,183.65,89.92,203.8,147.37,39.93,183.27,246.65,122.53,255.84,243.77,136.51,210.17,261.14,188.62,217.9,253.1,242.5,285.9,129.35,332.04,204.59,206.56,88.39,53.12,211.58,199.5,186.43,246.79,204.28,345.26,181.95,307.58,217.75,293.03,208.82,135.44,84.81,193.89,38.89,307.58,206.41,207.72,307.83,194.99,205.8,218.39,366.53,196.07,202.34,315.3,179.57,296.78,356.61,222.38,359.44,25.53,206.6,87.45,266.14,265.74,203.75,306.09,88.01,328.43,318.61,387.99,237.22,260.31,123.0,122.72,80.54,268.13,0.0,283.37,193.69,38.64,291.37,143.69,317.16,269.83,290.4,191.41,224.76,207.92,87.76,196.15,270.56,285.68,109.62,233.23,223.37,81.03,336.39,81.45,33.9,331.08,199.92,84.14,215.09,363.19,182.8,299.16,76.13,263.5,187.67,185.59,265.24,91.96,207.78,205.32,110.48,196.67,204.26,39.58,204.33,129.56,99.89,338.61,39.15,55.04,39.55,207.55,240.53,101.13,47.78,126.85,89.21,88.9,46.78,317.18,308.27,206.04,295.23,97.9,40.37,194.69,275.22,279.06,62.74,208.1,224.7,192.04,202.85,202.96,40.27,122.3,83.56,83.19,375.63,88.45,311.09,306.97,82.68,193.78,205.52,313.34,59.78,341.96,326.46,358.37,340.28,151.06,202.95,296.56,104.84
Keerimalai Hot springs,391.24,214.25,411.39,354.95,296.43,390.86,503.15,330.11,463.42,465.82,393.01,417.75,468.73,410.68,425.49,460.68,463.75,21.32,336.94,539.62,412.17,414.14,212.71,260.7,419.16,421.56,394.01,467.43,411.87,552.84,404.01,515.17,65.02,500.61,430.88,343.02,252.01,450.39,295.39,515.17,413.99,415.3,515.41,402.57,413.38,425.97,574.12,403.65,409.92,522.89,387.16,504.37,564.19,429.97,567.02,255.34,414.18,214.89,20.07,19.75,411.34,513.67,215.44,536.02,526.2,595.57,444.8,467.89,330.58,330.31,240.91,499.24,280.82,0.0,401.27,295.14,528.47,351.28,524.74,477.42,546.9,399.0,446.81,429.97,215.19,403.74,491.81,493.26,366.12,440.81,454.48,259.65,543.97,199.56,265.9,538.66,407.51,215.88,422.68,570.77,390.38,52.56,283.72,19.87,395.25,393.18,13.7,254.33,429.84,412.91,366.98,404.25,411.85,264.19,411.92,337.14,324.42,546.2,295.65,262.63,296.05,429.6,448.12,308.71,249.5,334.44,213.01,213.22,303.28,524.76,515.85,413.63,502.81,284.63,264.99,402.27,482.81,510.17,319.23,415.69,446.76,399.63,410.43,410.54,296.77,329.89,248.4,248.01,583.22,216.45,518.67,514.56,248.74,401.37,413.1,520.92,287.86,549.55,534.05,565.96,547.87,197.18,410.53,527.67,285.61
Kelaniya Raja Maha Vihara,94.85,202.28,154.34,108.59,209.83,35.74,310.69,107.78,165.28,167.48,306.41,10.94,77.0,218.34,71.37,68.96,213.62,406.84,110.2,147.89,9.7,11.67,200.5,142.52,16.69,200.96,122.4,191.96,9.66,161.11,218.13,123.44,338.69,152.97,200.4,102.96,253.29,285.11,208.79,123.44,11.52,12.83,123.68,150.52,10.91,141.63,182.39,149.9,156.17,131.16,23.32,112.64,172.47,172.92,175.29,168.74,11.71,197.98,387.08,386.68,8.87,121.95,199.05,144.29,134.47,203.85,53.08,76.17,109.11,108.83,249.01,255.07,194.22,404.31,0.0,208.54,260.19,148.15,133.02,85.69,354.44,101.28,190.43,199.5,198.8,152.2,256.88,101.54,279.52,93.17,237.89,249.5,152.25,202.39,179.31,146.94,153.76,205.09,20.21,179.05,27.18,420.11,138.23,384.44,39.33,37.26,386.19,260.44,199.37,10.44,280.38,152.85,9.38,163.56,160.52,80.1,164.48,154.47,209.05,146.7,209.45,199.13,56.39,105.23,185.73,102.49,200.25,201.71,216.68,133.03,124.13,11.16,111.09,266.37,160.83,149.27,129.17,270.25,232.64,131.34,179.01,126.68,7.96,8.07,210.18,108.85,252.03,251.67,191.49,195.8,171.03,122.83,251.15,149.1,10.63,129.19,171.94,157.82,142.32,174.23,156.14,246.81,8.06,287.75,142.69
Kiri Vehera,197.94,104.21,195.25,161.65,3.86,197.56,210.58,136.82,231.8,207.69,100.43,224.45,275.43,152.55,232.19,267.39,206.42,300.19,143.64,346.32,218.87,220.84,102.67,67.4,225.86,163.43,200.71,210.72,218.57,359.54,145.88,321.87,232.04,270.4,172.75,149.72,108.19,157.82,0.33,321.87,220.69,222.0,322.11,185.23,220.08,232.67,380.82,186.93,193.35,329.59,193.86,311.07,370.89,212.1,373.72,45.07,220.89,101.74,280.42,280.03,218.04,320.37,102.3,342.72,332.9,299.82,251.5,274.6,137.28,137.01,103.92,232.06,38.64,297.65,207.97,0.0,255.3,157.98,331.44,284.12,254.33,205.7,188.68,171.84,102.05,184.29,234.48,299.96,73.54,247.51,187.3,104.41,350.68,95.73,38.84,345.36,188.33,98.43,229.38,305.28,197.08,313.45,90.42,277.79,201.95,199.88,279.53,115.35,171.71,219.61,74.41,182.01,218.55,51.62,182.73,143.84,84.37,352.9,3.08,69.33,0.94,171.47,254.82,115.41,62.06,141.14,103.5,103.18,10.71,331.46,322.55,220.33,309.51,87.39,52.42,186.54,289.51,242.99,34.18,222.39,188.63,206.33,217.13,217.24,4.2,136.59,106.94,106.57,308.33,102.74,271.13,321.26,106.06,185.63,219.81,327.62,44.26,356.25,340.75,372.66,354.57,165.35,217.24,260.49,119.12
Kirinda Viharaya,196.07,335.87,160.49,217.98,251.62,292.68,163.26,235.01,149.66,125.56,232.25,255.37,206.53,125.37,157.92,205.59,72.68,531.85,241.68,131.65,262.27,256.84,334.34,268.55,251.34,107.99,184.59,86.43,256.6,120.25,125.16,154.46,463.7,76.83,97.63,220.91,346.14,170.75,255.45,154.46,259.2,258.62,154.71,157.39,258.02,194.68,95.88,155.77,149.49,138.4,275.49,174.88,106.26,149.3,102.82,293.75,256.26,333.4,512.09,511.69,268.35,152.97,333.96,133.66,140.17,65.05,219.18,205.7,234.33,234.6,345.28,30.08,291.27,529.32,260.17,255.2,0.0,249.01,140.25,196.67,207.01,195.63,130.47,103.02,333.71,160.6,52.76,187.43,236.96,146.11,88.47,331.2,123.88,327.4,291.47,132.38,156.88,330.09,251.65,90.18,284.12,545.11,266.63,509.45,296.27,294.2,511.19,355.57,102.89,260.09,241.9,161.25,262.69,288.57,168.91,248.72,238.07,126.1,252.73,264.17,254.02,102.65,219.27,281.23,310.74,225.49,335.16,334.85,256.18,144.57,155.15,258.13,176.49,303.05,285.84,158.24,137.68,29.89,284.85,192.21,119.04,181.3,267.45,267.56,252.6,233.49,344.89,344.52,77.81,334.4,77.57,153.85,344.01,158.08,261.36,168.17,243.32,116.96,131.69,104.26,127.77,397.01,267.55,62.77,318.69
Knuckles Mountain Range,102.77,160.36,122.92,66.48,159.33,150.11,213.91,40.84,174.95,188.8,181.47,177.0,227.98,133.65,164.78,219.94,186.72,356.34,47.51,298.87,171.42,173.39,158.83,91.54,178.41,144.54,105.54,190.4,171.12,312.09,126.99,274.42,288.19,239.9,153.85,54.55,202.78,179.1,158.29,274.42,173.24,174.55,274.66,114.1,172.63,137.5,333.37,115.18,121.45,282.14,146.41,263.62,323.44,141.5,326.27,118.24,173.44,157.89,336.58,336.18,170.59,272.92,158.45,295.27,285.45,280.11,204.05,227.15,40.15,40.42,198.51,222.22,143.72,353.81,160.52,158.04,251.44,0.0,283.99,236.67,257.66,110.53,169.79,152.95,158.2,115.27,214.78,252.51,119.29,180.1,177.46,199.0,303.23,151.89,128.81,297.91,119.04,154.58,181.93,330.02,149.63,369.6,70.37,333.94,154.5,152.43,335.68,209.94,152.82,172.16,191.12,115.78,171.1,113.06,120.41,79.77,47.11,305.45,158.55,94.33,158.95,152.58,207.37,80.76,135.23,45.97,159.65,159.34,123.7,284.01,275.1,172.88,262.07,215.87,110.33,113.8,222.1,233.15,182.14,127.22,169.73,111.16,169.68,169.79,159.67,39.32,201.53,201.16,342.47,158.89,251.43,273.81,200.65,112.9,172.36,280.17,88.06,308.8,293.3,325.21,307.12,221.5,169.79,250.65,127.27
Koggala Lake,210.96,325.66,244.53,231.97,333.21,165.19,263.25,231.16,182.34,184.54,332.24,127.89,79.05,209.42,156.21,78.11,156.73,530.23,233.58,22.69,134.79,129.36,323.88,265.9,123.86,192.04,238.52,170.47,129.12,41.03,209.21,19.3,462.07,108.73,181.68,226.34,376.67,270.74,332.17,19.3,131.71,131.14,19.55,241.43,130.53,223.69,62.31,239.81,233.53,5.0,148.01,36.68,52.38,233.35,55.21,292.12,128.78,321.36,510.46,510.06,140.87,17.8,322.43,13.61,5.92,83.76,91.69,78.22,232.49,232.22,372.39,134.99,317.6,527.69,132.68,331.92,140.11,271.53,0.0,69.19,307.0,217.39,214.52,187.07,322.18,244.64,136.8,59.95,295.53,162.17,190.45,372.88,32.17,325.77,302.69,21.73,240.92,328.47,124.17,58.97,156.64,543.49,261.61,507.82,168.79,166.72,509.57,383.82,186.94,132.61,341.89,245.29,135.21,286.95,252.96,203.48,287.86,30.31,332.43,270.08,332.83,186.7,91.79,228.61,309.12,225.88,323.63,325.09,340.07,7.89,19.99,130.65,39.56,389.76,284.22,242.29,143.17,150.17,356.02,247.46,203.09,242.8,139.96,140.07,333.56,232.24,375.42,375.05,71.41,319.18,126.79,17.58,374.53,242.12,133.87,43.9,295.32,37.74,15.01,54.15,28.37,376.27,140.07,167.67,266.07
Kosgoda Sea Turtle Conservation Project,163.83,278.53,223.32,184.84,286.08,118.06,319.91,184.03,187.16,189.36,382.66,80.75,9.22,266.08,109.08,15.79,213.39,483.09,186.45,84.48,87.66,82.22,276.75,218.77,76.73,248.7,191.39,227.14,81.99,97.7,265.87,47.37,414.94,165.39,238.34,179.21,329.54,327.4,285.04,47.37,84.58,84.0,47.62,219.5,83.4,210.61,118.97,218.89,225.15,67.75,100.88,28.42,109.05,231.14,111.88,244.99,81.65,274.23,463.33,462.93,93.74,58.53,275.3,80.87,71.06,140.43,27.7,11.93,185.36,185.08,325.26,191.65,270.47,480.56,85.55,284.79,196.77,224.4,69.6,0.0,363.66,170.26,212.31,243.73,275.05,221.19,193.47,10.08,355.77,115.04,247.12,325.75,88.83,278.64,255.56,83.52,222.74,281.34,58.7,115.63,109.51,496.36,214.48,460.69,121.66,119.58,462.44,336.69,243.6,85.48,356.63,221.84,88.08,239.81,229.5,156.35,240.73,91.06,285.3,222.95,285.7,243.36,30.62,181.48,261.98,178.74,276.5,277.96,292.93,69.62,46.0,83.52,25.77,342.62,237.08,218.25,96.04,206.83,308.89,200.32,200.88,195.67,92.83,92.94,286.42,185.1,328.28,327.92,128.07,272.05,183.45,59.41,327.4,218.08,86.74,65.78,248.19,94.4,78.91,110.81,92.72,329.14,92.93,224.34,218.94
Kumana National Park,272.12,355.92,230.94,288.44,250.7,387.16,43.76,256.34,225.71,201.61,156.16,348.09,373.4,190.17,283.09,372.45,158.18,551.9,263.01,298.51,356.75,351.31,354.38,277.13,345.81,184.04,255.04,162.48,351.08,287.11,177.88,321.33,483.75,222.15,173.68,270.05,293.63,125.54,254.53,321.33,353.67,353.09,321.57,227.84,352.49,270.73,262.74,226.22,219.94,305.26,350.31,341.75,273.12,225.35,269.68,296.78,350.73,353.45,532.13,531.74,362.83,319.83,354.01,300.52,307.03,251.57,386.04,372.56,255.65,255.93,292.76,183.81,290.35,549.36,354.65,254.28,207.06,257.6,307.11,363.53,0.0,271.68,206.52,179.07,353.76,231.05,186.24,354.29,228.8,271.29,139.06,278.68,290.74,347.44,290.55,299.24,227.33,350.14,346.12,257.04,378.6,565.16,275.22,529.5,390.75,388.68,531.24,303.06,178.94,354.56,189.39,231.7,357.17,303.33,239.37,295.27,246.65,292.96,251.81,272.75,253.1,178.7,386.14,302.61,313.77,261.47,355.21,354.89,255.26,311.43,322.01,352.6,343.35,250.54,304.13,228.7,283.0,194.74,283.93,268.26,195.09,251.75,361.92,362.04,251.68,254.82,292.38,292.01,260.09,354.45,222.89,320.72,291.49,228.53,352.43,335.04,251.91,283.82,298.55,271.12,294.63,417.06,362.03,212.25,349.13
Laxapana Falls,12.26,207.55,71.44,55.29,206.52,109.55,227.94,69.85,82.53,84.73,248.58,105.98,161.53,118.33,67.13,153.49,130.87,403.53,72.27,232.42,107.95,109.78,206.01,138.73,111.12,124.04,39.5,109.21,104.7,204.94,124.23,207.97,335.38,122.3,125.09,59.99,249.97,235.43,205.48,207.97,112.04,110.1,208.21,67.62,108.3,31.41,180.56,67.0,73.27,215.69,92.94,197.17,190.94,90.02,187.5,165.42,109.09,205.08,383.76,383.37,109.39,206.47,205.64,228.82,219.0,169.4,137.6,160.69,71.18,70.91,245.69,188.83,190.91,400.99,101.2,205.22,195.59,110.22,217.54,170.22,271.69,0.0,107.69,124.19,205.39,69.3,158.93,186.06,186.4,81.62,155.14,246.19,236.77,199.07,175.99,231.46,70.86,201.77,112.15,160.4,106.6,416.79,117.56,381.13,113.95,111.87,382.87,257.12,124.06,110.96,258.23,69.95,108.17,160.25,77.62,87.25,123.11,239.0,205.73,141.52,206.14,123.82,140.92,111.62,182.42,64.57,206.84,206.52,213.37,217.56,208.65,108.55,195.61,263.06,157.52,66.36,145.76,199.76,229.32,21.12,96.26,43.78,108.48,108.6,206.86,70.93,248.72,248.35,177.91,206.08,140.36,207.36,247.83,66.2,107.55,213.72,166.76,201.64,226.85,188.95,240.67,270.13,108.59,217.26,158.13
Lipton’s Seat,108.12,256.99,62.79,120.29,185.44,223.16,162.77,133.08,61.72,37.61,196.77,184.09,203.4,46.49,119.09,177.02,65.71,452.97,135.49,206.03,192.75,187.32,255.46,189.67,181.82,29.11,86.89,44.04,187.09,194.64,46.28,228.85,384.82,105.15,28.56,123.21,299.41,170.26,189.27,228.85,189.67,189.09,229.09,59.69,188.49,106.74,170.26,58.07,51.79,212.78,186.31,249.27,180.64,48.8,177.2,214.87,186.74,254.52,433.21,432.81,198.84,227.36,255.08,208.04,214.55,159.1,178.27,202.57,134.41,134.13,295.14,123.66,225.09,450.44,190.65,189.02,130.43,170.13,214.64,212.09,206.52,107.69,0.0,27.65,254.83,62.9,93.77,227.94,132.6,107.29,89.98,295.72,198.26,248.52,225.44,206.77,59.18,251.21,182.13,164.56,214.61,466.23,180.78,430.57,226.76,224.68,432.31,306.57,27.52,190.57,206.42,63.55,193.18,209.69,71.22,151.11,159.19,200.49,186.55,185.29,187.84,27.28,181.59,174.84,231.86,127.79,256.28,255.96,190.0,218.95,229.54,188.61,250.87,267.58,206.96,60.55,128.62,134.6,218.67,104.26,18.54,83.61,197.93,198.04,186.42,134.15,298.16,297.79,167.61,255.52,123.21,228.24,297.28,60.38,188.43,209.6,164.44,191.34,206.08,178.64,202.15,318.13,198.03,152.1,221.35
Little Adam's Peak View Point,121.19,237.34,61.95,119.44,165.78,232.22,135.33,136.48,70.78,46.67,170.12,193.15,212.46,26.83,128.15,186.08,38.26,433.32,143.15,178.59,201.81,196.37,235.8,170.01,190.88,9.45,86.05,41.94,196.15,167.19,26.63,201.4,365.16,102.23,5.39,122.37,279.76,131.54,169.61,201.4,198.73,198.15,201.65,58.85,197.55,115.8,142.82,57.23,50.95,185.33,195.37,221.82,153.2,51.11,149.75,195.21,195.8,234.87,413.55,413.15,207.89,199.91,235.43,180.6,187.11,131.65,187.33,211.63,135.79,136.07,275.48,96.22,205.43,430.78,199.71,169.36,102.98,150.47,187.19,243.61,179.08,124.19,27.66,0.0,235.17,62.06,66.32,234.37,112.94,116.35,62.53,269.07,170.81,228.86,205.78,179.32,58.34,231.56,191.19,137.12,223.67,446.58,168.09,410.91,235.81,233.74,412.66,286.91,1.92,199.63,179.77,62.71,202.24,190.03,70.38,150.27,139.53,173.04,166.9,165.63,168.19,0.61,190.65,182.75,212.21,126.95,236.62,236.31,170.34,191.51,202.09,197.67,223.42,240.92,187.3,59.7,137.68,107.15,199.01,113.32,27.6,82.76,206.99,207.1,166.76,134.96,278.5,278.14,140.16,235.86,102.97,200.79,277.62,59.54,197.49,215.11,144.79,163.89,178.63,151.2,174.71,298.47,207.09,124.65,229.26
Lovamahapaya Brazen Palace,198.14,4.0,218.3,161.86,103.34,171.28,310.06,137.02,270.33,272.73,199.91,199.7,265.46,217.58,222.22,257.42,270.65,215.0,143.84,336.35,194.12,196.09,2.22,67.61,201.11,228.47,200.92,274.33,199.54,349.57,210.92,311.9,146.85,297.35,237.78,149.93,110.88,257.3,102.3,311.9,195.94,197.25,312.15,209.48,195.33,232.88,370.85,210.56,216.83,319.62,169.68,301.1,360.93,236.88,363.76,62.24,196.14,1.36,195.24,194.84,193.29,310.41,1.31,332.75,322.93,392.31,241.54,264.63,137.49,137.21,99.78,306.15,87.73,212.47,198.01,102.04,335.38,158.18,321.48,274.15,353.81,205.9,253.72,236.88,0.0,210.64,298.71,290.0,173.02,237.55,261.39,118.52,340.71,15.77,72.81,335.4,214.42,4.95,204.63,367.51,172.33,228.27,90.63,192.6,167.54,171.69,194.35,113.2,236.75,194.86,173.88,211.16,193.8,71.1,218.83,138.42,131.33,342.93,102.55,69.53,102.96,236.51,244.85,115.62,56.41,141.35,1.97,3.43,110.19,321.5,312.59,195.58,299.55,143.5,71.9,209.18,279.54,317.08,126.14,222.6,253.66,206.53,192.38,192.5,103.68,136.8,107.27,106.88,379.95,5.32,315.41,311.29,107.61,208.28,195.06,317.65,94.77,346.28,330.78,362.69,344.6,63.13,192.49,334.58,72.26
Lover's Leap Falls,66.27,212.8,13.16,62.31,180.66,160.51,187.21,75.1,94.65,52.99,190.01,156.93,212.48,56.17,144.05,204.44,95.81,408.78,77.52,236.13,158.91,160.73,211.26,143.97,162.07,61.89,31.13,76.98,155.65,224.74,62.07,258.95,340.62,138.09,62.94,65.23,255.22,170.65,184.49,258.95,163.0,161.05,259.2,3.14,159.26,74.38,200.36,4.84,11.11,242.88,143.9,248.12,210.74,31.74,207.3,170.67,160.04,210.33,389.01,388.61,160.34,257.46,210.89,238.15,244.65,189.2,188.56,211.65,76.43,76.15,250.94,153.77,196.15,406.24,152.16,184.24,160.53,115.47,244.74,221.17,230.97,69.27,62.9,62.03,210.63,0.0,123.87,237.02,127.82,140.23,120.08,251.43,228.36,204.32,181.24,236.87,8.7,207.02,163.1,194.66,157.55,422.04,122.81,386.37,164.9,162.83,388.12,262.37,61.9,161.91,199.66,2.85,159.12,165.49,10.52,93.14,128.36,230.59,181.78,146.77,183.07,61.66,191.87,116.86,187.67,69.81,212.08,211.77,185.22,249.05,259.64,159.5,246.57,260.81,162.76,4.45,161.55,164.7,213.89,71.9,46.45,27.85,159.44,159.55,181.64,76.17,253.97,253.6,197.71,211.32,160.51,258.34,253.08,3.54,158.51,264.67,159.67,221.44,236.18,208.75,232.25,275.38,159.54,182.2,163.38
Lunugamvehera National Park,159.36,299.17,123.78,181.28,230.85,289.35,142.5,198.31,112.96,88.85,211.49,252.04,203.21,88.67,133.05,202.26,35.98,495.15,204.98,128.32,258.94,253.51,297.63,231.84,248.02,71.29,147.88,49.72,253.28,116.92,88.46,151.14,427.0,51.96,60.93,184.2,325.38,149.99,234.68,151.14,255.87,255.29,151.38,120.68,254.69,157.98,92.55,119.06,112.78,135.07,200.26,171.55,102.93,112.6,99.49,257.04,252.94,296.7,475.38,474.99,265.03,149.64,297.26,130.33,136.84,81.38,215.85,202.37,197.62,197.9,324.51,47.6,270.5,492.61,256.84,234.43,52.71,212.31,136.92,193.34,186.25,158.93,93.77,66.32,297.01,123.89,0.0,184.1,174.78,121.25,69.7,310.43,120.55,290.69,270.71,129.05,120.18,293.39,248.33,86.85,280.8,508.41,229.93,472.75,292.95,290.87,474.49,334.81,66.19,256.77,221.14,124.54,259.37,251.87,132.21,223.85,201.37,122.77,231.97,227.47,233.26,65.95,215.95,256.36,274.04,188.78,298.46,298.14,235.41,141.24,151.82,254.81,173.16,282.29,249.14,121.54,112.81,62.78,264.08,155.5,82.34,144.6,264.12,264.23,231.83,196.79,324.13,323.76,89.9,297.7,52.7,150.53,323.24,121.37,258.03,164.85,206.62,113.63,128.36,100.93,124.44,360.31,264.22,80.28,293.82
Madu River Safari by Buddhi,179.65,294.35,239.14,200.66,301.9,133.88,310.67,199.85,202.98,205.18,379.66,96.57,19.29,256.84,124.89,25.87,204.15,498.91,202.26,75.24,103.47,98.04,292.57,234.59,92.55,239.46,207.2,217.9,97.81,88.46,256.63,37.45,430.76,156.15,229.1,195.03,345.35,318.16,300.86,37.45,100.4,99.82,37.7,235.32,99.22,226.43,109.73,234.7,240.97,58.51,116.69,18.51,99.81,246.96,102.64,260.81,97.47,290.05,479.15,478.75,109.55,41.96,291.12,71.63,54.49,131.19,37.78,22.01,201.18,200.9,341.08,182.41,286.29,496.38,101.37,300.61,187.53,240.21,60.36,10.08,354.42,186.08,228.13,234.49,290.87,237.0,184.23,0.0,371.59,130.86,237.88,341.57,79.59,294.46,271.38,74.28,238.56,297.15,68.77,106.39,125.33,512.17,230.3,476.51,137.47,135.4,478.25,352.51,234.36,101.3,372.45,237.65,103.9,255.63,245.32,172.17,256.55,81.82,301.12,238.77,301.52,234.12,40.7,197.29,277.8,194.56,292.32,293.78,308.75,53.05,36.08,99.33,15.85,358.44,252.9,234.07,111.86,197.59,324.7,216.14,216.7,211.48,108.65,108.76,302.24,200.92,344.1,343.73,118.83,287.87,174.21,42.84,343.22,233.9,102.56,56.54,264.0,85.16,69.67,101.58,83.48,344.95,108.75,215.1,234.75
Maduru Oya National Park,178.95,175.15,138.78,142.66,69.93,268.5,184.99,117.02,175.33,151.22,110.86,295.39,346.37,96.08,232.71,338.33,145.79,371.13,123.69,286.12,289.81,291.78,173.61,138.34,296.8,106.96,156.75,150.08,289.51,274.72,89.41,308.94,302.98,209.76,116.28,130.73,179.13,139.55,73.76,308.94,291.63,292.94,309.18,128.77,291.02,200.0,250.35,130.46,136.89,292.87,264.8,329.35,260.73,155.63,257.29,116.01,291.83,172.68,351.36,350.97,288.98,307.44,173.24,288.13,294.64,239.18,322.44,345.54,116.33,116.61,174.86,171.42,109.58,368.59,278.91,73.5,194.66,119.29,294.72,355.06,228.74,186.71,132.21,115.37,172.99,127.82,173.85,370.9,0.0,220.91,126.66,175.35,278.35,166.67,109.78,286.85,131.86,169.37,300.32,244.65,268.02,384.39,161.36,348.73,272.89,270.82,350.47,186.28,115.24,290.55,103.34,125.54,289.49,122.56,126.26,155.95,121.52,280.57,71.04,140.27,72.33,115.01,325.76,186.35,133.0,122.15,174.44,174.12,74.49,299.04,309.62,291.27,330.96,116.33,123.36,130.07,242.23,182.35,103.16,197.53,132.16,153.47,288.07,288.18,70.91,115.5,177.88,177.51,247.7,173.68,210.5,308.33,177.0,129.16,290.75,322.64,115.2,271.43,286.16,258.73,282.24,236.29,288.18,199.86,190.06
Maha Saman Dewalaya,101.87,241.65,140.22,132.45,249.2,125.35,227.65,139.76,82.25,84.45,285.58,86.29,105.59,135.3,21.29,97.55,130.58,446.22,142.18,163.96,94.95,89.51,239.87,181.89,84.01,117.92,129.42,108.92,89.28,152.57,135.09,152.03,378.07,69.93,117.37,134.94,292.66,235.14,248.16,152.03,91.86,91.28,152.28,137.12,90.68,123.59,128.19,135.5,129.22,159.76,88.5,141.23,138.57,126.23,135.13,208.11,88.93,237.36,426.45,426.05,101.03,150.54,238.42,172.88,163.07,117.03,80.47,104.76,141.09,140.82,288.38,140.98,233.6,443.68,92.84,247.91,146.1,180.13,161.61,114.29,271.4,81.33,107.4,116.46,238.17,140.33,121.24,130.13,221.41,0.0,154.85,288.87,156.19,241.76,218.68,164.7,136.61,244.46,84.32,108.03,116.8,459.48,177.6,423.82,128.95,126.87,425.56,299.81,116.33,92.76,295.24,140.98,95.37,202.94,148.65,112.09,203.85,158.42,248.42,186.07,248.82,116.09,83.78,144.6,225.11,134.48,239.62,241.08,256.06,161.63,152.72,90.8,139.68,305.75,200.21,137.97,62.84,156.16,272.01,121.12,95.97,133.7,100.12,100.23,249.55,140.84,291.41,291.04,125.54,235.18,87.99,151.42,290.52,137.81,90.62,100.46,211.31,149.27,170.92,136.58,160.08,294.07,100.22,173.67,182.06
Maligawila Buddha Statue,155.58,264.26,120.0,177.49,183.67,270.62,95.31,185.69,109.17,85.07,164.3,231.55,256.85,84.88,166.55,255.91,41.64,460.24,192.36,181.97,240.21,234.77,262.73,196.94,229.27,67.5,144.1,45.93,234.54,170.57,75.84,204.79,392.09,105.61,57.14,180.41,278.19,102.8,187.5,204.79,237.13,236.55,205.03,116.9,235.95,154.19,146.2,115.28,109.0,188.72,233.77,225.2,156.58,108.81,153.14,229.74,234.19,261.79,440.48,440.08,246.29,203.29,262.35,183.98,190.49,135.03,269.5,256.02,185.0,185.28,277.32,65.28,223.32,457.71,238.1,187.24,88.52,177.4,190.57,246.99,139.06,155.14,89.98,62.53,262.1,120.1,69.7,237.75,169.01,154.75,0.0,263.25,174.2,255.79,223.52,182.7,116.39,258.48,229.58,140.5,262.06,473.5,195.02,437.84,274.21,272.14,439.58,287.62,62.4,238.02,173.95,120.76,240.63,216.96,128.42,224.62,166.46,176.42,184.78,192.56,186.07,62.16,269.59,231.96,246.74,190.82,263.55,263.24,188.23,194.89,205.47,236.06,226.81,235.1,214.23,117.75,166.46,76.21,216.9,151.72,78.55,140.81,245.38,245.5,184.65,184.17,276.94,276.57,143.55,262.79,106.35,204.18,276.05,117.58,235.89,218.49,171.72,167.28,182.01,154.58,178.09,325.4,245.49,93.71,278.48
Marble Beach,238.93,117.59,259.08,202.64,105.7,238.55,234.51,177.8,311.11,314.36,124.37,265.44,316.42,258.37,273.18,308.38,282.01,264.71,184.63,387.31,259.86,261.83,116.05,108.39,266.85,269.25,241.7,286.3,259.56,400.53,251.7,362.86,196.56,348.3,273.08,190.71,19.61,210.94,104.66,362.86,261.68,262.99,363.1,250.26,261.07,273.66,421.81,251.34,257.61,370.58,234.85,352.06,411.88,277.66,414.71,80.8,261.87,118.22,244.95,244.55,259.03,361.36,118.78,383.71,373.89,443.26,292.49,315.58,178.27,178.0,18.75,307.64,81.02,262.17,248.96,104.4,330.88,198.97,372.43,325.11,278.26,246.69,295.35,268.69,118.53,251.43,310.07,340.95,175.38,288.5,262.88,0.0,391.66,102.76,96.56,386.35,255.2,119.21,270.37,418.46,238.07,277.97,131.41,242.31,242.94,240.87,244.05,29.04,268.74,260.6,98.34,251.94,259.54,94.85,259.61,184.83,172.11,393.89,104.91,110.32,105.32,268.41,295.81,156.4,103.05,182.13,116.34,116.56,112.55,372.45,363.54,261.32,350.5,29.65,95.65,249.96,330.5,318.57,106.73,263.38,295.29,247.32,258.12,258.23,106.04,177.58,18.36,17.99,430.91,119.79,366.36,362.25,17.48,249.06,260.79,368.61,135.56,397.24,381.74,413.65,395.56,178.51,258.22,336.07,160.11
Matara Paravi Duwa Temple,227.65,342.35,226.49,248.66,349.9,181.88,245.21,247.85,164.3,166.5,314.19,144.57,95.74,191.38,172.89,94.79,138.69,546.91,250.26,8.02,151.47,146.04,340.57,282.59,140.55,174.0,202.25,152.43,145.81,8.87,191.17,43.67,478.76,90.69,163.64,243.03,393.35,252.7,348.86,43.67,148.4,147.82,43.91,223.39,147.22,205.65,35.59,221.77,215.49,27.6,164.69,64.09,23.61,215.31,28.74,308.81,145.47,338.05,527.15,526.75,157.56,42.17,339.12,17.6,24.55,65.72,108.38,94.9,249.18,248.9,389.08,116.95,334.29,544.38,149.37,348.61,122.07,288.22,29.45,85.87,288.96,234.08,196.47,169.03,338.87,226.6,118.76,76.63,277.49,154.19,172.41,389.57,0.0,342.46,319.38,8.75,222.88,345.15,140.86,40.92,173.33,560.17,278.3,524.51,185.48,183.4,526.25,400.51,168.89,149.3,323.84,227.25,151.9,303.63,234.92,220.17,304.55,2.47,349.12,286.77,349.52,168.66,108.48,245.3,325.8,242.56,340.32,341.78,356.75,28.48,44.35,147.34,65.69,406.44,300.9,224.25,145.75,132.13,372.71,203.17,185.05,206.53,156.65,156.76,350.24,248.92,392.1,391.73,53.37,335.87,108.74,43.06,391.22,224.08,150.56,50.57,312.01,5.57,15.45,25.37,4.14,392.96,156.75,149.63,282.76
Mihintale,191.81,14.83,211.96,155.53,97.0,191.43,303.73,130.69,264.0,266.4,193.58,218.33,269.3,211.25,226.06,261.26,264.32,204.62,137.51,340.2,212.75,214.72,13.29,61.28,219.74,222.14,194.59,268.0,212.44,353.42,204.59,315.74,136.47,301.19,231.45,143.6,95.11,250.97,95.96,315.74,214.57,215.88,315.99,203.15,213.96,226.55,374.69,204.23,210.5,323.46,187.73,304.94,364.77,230.54,367.6,55.91,214.76,15.46,184.85,184.46,211.91,314.25,16.02,336.59,326.78,396.15,245.38,268.47,131.16,130.88,84.01,299.82,81.4,202.08,201.85,95.71,329.04,151.85,325.32,277.99,347.48,199.57,247.39,230.55,15.77,204.31,292.38,293.84,166.69,241.39,255.06,102.75,344.55,0.0,66.48,339.24,208.08,16.45,223.25,371.35,190.96,217.88,84.29,182.22,195.83,193.75,183.96,97.42,230.42,213.48,167.55,204.83,212.43,64.77,212.49,137.72,125.0,346.78,96.22,63.2,96.62,230.18,248.69,109.29,50.07,135.01,13.58,13.8,103.86,325.34,316.43,214.2,303.39,127.72,65.56,202.85,283.38,310.75,119.81,216.26,247.33,200.2,211.01,211.12,97.35,130.47,91.5,91.11,383.79,17.03,319.25,315.13,91.84,201.94,213.68,321.5,88.44,350.12,334.62,366.53,348.44,75.75,211.11,328.25,86.19
Minneriya National Park,168.71,74.98,188.86,132.42,40.13,168.33,246.86,107.58,240.89,243.29,136.71,195.22,246.2,188.15,202.96,238.16,242.7,270.96,114.41,317.09,189.64,191.61,73.44,38.17,196.63,199.03,171.48,244.9,189.34,330.31,181.48,292.64,202.81,278.08,208.35,120.49,100.38,194.09,39.09,292.64,191.46,192.77,292.88,180.04,190.85,203.44,351.59,181.13,187.39,300.36,164.63,281.84,341.66,207.44,344.49,15.83,191.65,72.51,251.19,250.79,188.81,291.14,73.07,313.49,303.67,373.04,222.27,245.36,108.05,107.78,96.11,268.33,33.9,268.42,178.74,38.84,291.57,128.75,302.21,254.89,290.61,176.47,224.28,207.44,72.82,181.21,270.76,270.73,109.82,218.28,223.57,96.6,321.44,66.5,0.0,316.13,184.98,69.2,200.15,348.24,167.85,284.22,61.19,248.56,172.72,170.65,250.3,107.53,207.31,190.38,110.68,181.72,189.32,22.39,189.39,114.61,101.89,323.67,39.35,40.1,39.75,207.07,225.59,86.18,32.83,111.91,74.27,73.95,46.99,302.23,293.32,191.1,280.28,113.47,23.19,179.74,260.28,279.26,62.94,193.16,224.23,177.1,187.9,188.01,40.48,107.36,99.13,98.76,360.69,73.51,296.14,292.03,98.24,178.84,190.57,298.39,65.34,327.02,311.52,343.43,325.34,136.12,188.0,296.76,89.89
Mirissa Beach,225.23,339.93,234.79,246.24,347.48,179.46,253.5,245.43,172.59,174.79,322.49,142.15,93.31,199.67,170.47,92.37,146.98,544.49,247.84,0.96,149.05,143.62,338.15,280.17,138.13,182.29,210.55,160.72,143.39,17.45,199.46,34.41,476.34,98.98,171.93,240.61,390.93,260.99,346.44,34.41,145.98,145.4,34.66,231.69,144.8,213.94,44.18,230.07,223.79,20.06,162.27,51.8,32.2,223.6,37.33,306.39,143.05,335.63,524.73,524.33,155.13,31.78,336.7,8.85,15.8,74.02,105.96,92.48,246.76,246.48,386.66,125.24,331.87,541.96,146.95,346.19,130.36,285.79,21.71,83.45,297.25,231.66,204.77,177.32,336.45,234.89,127.05,74.21,285.78,162.48,180.7,387.15,8.59,340.04,316.96,0.0,231.18,342.73,138.44,49.22,170.91,557.75,275.88,522.09,183.05,180.98,523.83,398.09,177.19,146.88,332.14,235.55,149.48,301.21,243.21,217.75,302.13,8.58,346.7,284.35,347.1,176.95,106.05,242.87,323.38,240.14,337.9,339.36,354.33,19.73,35.1,144.91,54.68,404.02,298.48,232.54,157.44,140.42,370.28,211.47,193.34,214.83,154.23,154.34,347.82,246.5,389.68,389.31,61.66,333.45,117.04,29.42,388.8,232.37,148.14,54.56,309.58,14.16,6.7,33.96,6.64,390.54,154.33,157.92,280.33
Moon Plains,67.83,216.57,11.48,66.08,184.7,162.06,183.5,78.87,90.93,66.82,194.04,158.49,214.04,52.45,145.61,205.99,92.09,412.55,81.29,232.42,160.46,162.29,215.03,147.74,163.63,58.17,32.69,73.26,157.2,221.02,58.35,255.23,344.4,134.37,59.22,69.01,258.99,175.86,188.53,255.23,164.55,162.61,255.48,4.88,160.81,75.94,196.65,3.87,7.39,239.16,145.45,249.67,207.03,30.74,203.58,174.44,161.59,214.1,392.78,392.38,161.9,253.74,214.66,234.43,240.94,185.48,190.11,213.2,80.2,79.93,254.71,150.05,199.93,410.01,153.71,188.28,156.81,119.24,241.02,222.73,227.25,70.83,59.18,58.32,214.41,8.7,120.15,238.57,131.86,136.51,116.36,255.21,224.65,208.09,185.01,233.15,0.0,210.79,164.66,190.95,159.1,425.81,126.58,390.15,166.46,164.38,391.89,266.14,58.18,163.47,203.69,6.89,160.68,169.27,14.55,96.91,132.13,226.87,185.81,150.54,187.1,57.95,193.43,120.64,191.44,73.59,215.86,215.54,189.26,245.34,255.92,161.06,248.12,264.84,166.54,6.34,157.83,160.98,217.93,73.46,42.73,29.4,160.99,161.1,185.68,79.95,257.74,257.37,193.99,215.1,156.8,254.62,256.85,6.18,160.06,266.23,163.7,217.73,232.46,205.03,228.54,279.15,161.1,178.48,167.15
Moonstone or Sandakada pahana,194.54,8.45,214.69,158.26,99.73,172.6,306.46,133.42,266.73,269.13,196.31,201.02,272.03,213.98,228.79,263.99,267.05,215.76,140.24,342.92,195.44,197.41,6.67,64.01,202.43,224.86,197.32,270.73,215.17,356.14,207.31,318.47,147.61,303.92,234.18,146.32,111.63,253.69,98.69,318.47,197.26,198.57,318.71,205.88,196.66,229.28,377.42,206.96,213.22,326.19,171.01,307.67,367.5,233.27,370.32,58.64,197.46,4.66,195.99,195.6,194.61,316.98,5.22,339.32,329.5,398.88,248.11,271.2,133.89,133.61,100.54,302.54,84.12,213.22,204.57,98.44,331.77,154.58,328.05,280.72,350.21,202.3,250.12,233.28,4.97,207.04,295.11,296.57,169.42,244.12,257.79,119.27,347.28,16.53,69.21,341.97,210.81,0.0,205.95,374.08,173.65,229.02,87.02,193.36,168.86,173.01,195.1,113.95,233.14,196.18,170.28,207.56,195.12,67.49,215.22,139.74,127.73,349.5,98.95,65.93,99.35,232.91,251.42,112.02,52.8,137.74,6.42,7.91,106.58,328.06,319.16,196.9,306.12,144.25,68.29,205.57,286.11,313.48,122.54,218.99,250.06,202.93,193.7,193.82,100.07,133.19,108.03,107.64,386.52,3.49,321.98,317.86,108.37,204.67,196.38,324.22,91.17,352.85,337.35,369.26,351.17,68.27,193.81,330.98,73.58
Mount Lavinia Beach,105.56,208.04,165.05,125.28,226.52,46.46,302.19,124.47,156.79,158.99,323.09,9.86,49.58,209.84,78.7,60.46,205.12,423.53,126.88,139.4,12.4,9.26,206.26,159.2,3.71,192.46,133.12,183.46,10.5,152.62,209.64,114.94,355.38,144.47,191.91,119.64,269.97,309.68,225.48,114.94,10.49,9.92,115.19,161.23,10.17,152.34,173.89,160.62,166.88,122.67,40.0,104.14,163.97,183.63,166.8,185.42,9.01,203.75,403.76,403.37,13.11,113.45,204.81,135.79,125.98,195.35,31.01,47.87,125.8,125.52,265.69,246.57,210.91,420.99,20.13,225.22,251.69,164.83,124.52,58.71,345.94,111.99,181.94,191.0,204.56,162.91,248.39,68.78,296.2,84.67,229.39,266.19,143.75,219.07,195.99,138.44,164.47,205.91,0.0,170.55,37.91,436.79,154.91,401.13,50.06,47.98,402.87,277.12,190.87,11.39,297.06,163.56,13.3,180.25,171.23,96.79,181.17,145.98,225.73,163.38,226.14,190.64,34.32,121.91,202.42,119.18,206.01,207.47,233.37,124.54,115.63,10.29,102.59,283.06,177.52,159.98,120.68,261.75,249.32,142.05,170.51,137.4,15.0,14.28,226.86,125.54,268.72,268.35,183.0,201.57,162.53,114.33,267.83,159.81,10.59,120.7,188.62,149.32,133.83,165.74,147.64,257.54,13.87,279.26,148.45
Mulgirigala Raja Maha Vihara,160.8,371.97,194.47,197.55,301.54,211.5,213.18,277.47,118.07,120.27,282.17,174.19,125.36,159.35,119.76,124.41,106.66,576.53,279.88,50.47,181.09,175.66,370.19,312.21,170.17,141.97,156.02,120.41,175.43,38.52,159.15,73.29,508.38,44.45,131.62,272.65,422.97,220.68,305.37,73.29,178.02,177.44,73.53,191.37,176.84,159.42,18.68,189.75,183.47,57.22,194.31,93.7,24.11,183.28,20.67,338.43,175.09,367.67,556.77,556.37,187.17,71.79,368.74,52.48,58.99,33.69,138.0,124.52,278.8,278.52,418.7,84.92,363.91,574.0,178.99,305.12,90.04,317.83,59.07,115.49,256.93,160.37,164.45,137.0,368.49,194.58,86.74,106.25,245.46,107.95,140.39,419.19,42.7,372.08,349.0,51.2,190.86,374.77,170.48,0.0,202.95,589.79,307.92,554.13,215.09,213.02,555.87,430.13,136.87,178.92,291.82,195.23,181.52,333.25,202.9,249.79,272.05,44.92,302.66,316.39,303.94,136.64,138.1,274.92,355.42,272.18,369.94,371.4,306.1,63.39,73.97,176.96,95.31,352.97,330.52,192.22,103.05,100.11,334.77,156.94,153.03,160.3,186.27,186.38,302.52,278.54,421.72,421.35,26.43,365.49,62.51,72.68,420.84,192.06,180.18,86.99,277.31,35.78,50.51,22.11,46.59,422.58,186.37,117.61,312.37
Muthurajawela Marsh,99.58,175.18,159.08,107.49,198.29,11.75,334.46,117.24,189.06,191.26,294.87,32.36,100.78,242.12,95.15,92.74,237.4,395.31,109.1,171.67,26.78,28.75,173.4,130.98,33.77,224.74,127.14,215.73,32.2,184.89,228.23,147.22,327.15,176.74,224.18,101.86,241.75,293.09,197.25,147.22,28.6,29.91,147.46,155.25,27.99,146.36,206.17,154.64,160.91,154.94,15.73,136.42,196.24,177.66,199.07,157.2,28.79,170.88,375.54,375.14,25.95,145.72,171.95,168.07,158.25,227.62,76.85,99.95,117.71,117.43,237.47,278.85,182.68,392.77,26.56,197.0,283.96,149.79,156.79,109.47,378.21,106.01,214.21,223.28,171.69,156.94,280.66,125.31,267.98,116.94,261.67,237.96,176.02,190.85,167.77,170.71,158.49,173.04,37.29,202.82,0.0,408.57,126.69,372.9,15.34,13.27,374.65,248.9,223.15,27.52,268.84,157.59,26.46,152.03,165.25,79.0,152.94,178.25,197.51,135.16,197.91,222.91,80.17,93.69,174.2,101.39,173.15,174.61,205.15,156.81,147.9,28.24,134.86,254.84,149.3,154.0,152.95,294.03,221.1,136.08,202.79,131.42,25.04,25.15,198.64,117.01,240.5,240.13,215.27,168.7,194.8,146.61,239.61,153.84,27.71,152.97,160.4,181.6,166.1,198.01,179.92,222.82,25.14,311.53,115.58
Nagadipa Purana Vihara,409.62,232.63,429.77,373.33,314.81,409.24,521.53,348.5,481.8,484.2,411.39,436.13,487.11,429.06,443.87,479.07,482.13,53.5,355.32,558.0,430.55,432.52,231.1,279.08,437.54,439.94,412.39,485.81,430.25,571.22,422.39,533.55,86.73,518.99,449.26,361.4,270.39,468.77,313.77,533.55,432.37,433.68,533.79,420.96,431.76,444.35,592.5,422.04,428.3,541.27,405.54,522.75,582.57,448.35,585.4,273.72,432.57,233.27,33.1,33.93,429.72,532.05,233.83,554.4,544.58,613.95,463.18,486.28,348.96,348.69,259.3,517.62,299.2,52.54,419.65,313.52,546.85,369.66,543.12,495.8,565.28,417.38,465.19,448.35,233.57,422.12,510.19,511.64,384.5,459.19,472.86,278.03,562.35,217.94,284.29,557.04,425.89,234.26,441.06,589.15,408.76,0.0,302.1,36.61,413.63,411.56,49.53,272.71,448.22,431.29,385.36,422.63,430.23,282.57,430.3,355.52,342.8,564.58,314.03,281.01,314.43,447.98,466.5,327.09,267.88,352.82,231.39,231.6,321.66,543.14,534.23,432.01,521.19,303.01,283.37,420.65,501.19,528.55,337.61,434.07,465.14,418.01,428.81,428.92,315.15,348.27,266.78,266.39,601.6,234.84,537.05,532.94,267.12,419.75,431.48,539.3,306.25,567.93,552.43,584.34,566.25,215.56,428.92,546.05,303.99
Nalanda Gedige,110.32,92.8,130.48,74.04,91.76,127.27,230.77,49.2,182.51,170.31,188.34,154.17,205.14,150.51,161.9,197.1,203.58,288.77,56.02,276.04,148.59,150.56,91.26,23.97,155.58,161.4,113.1,194.87,148.28,289.26,143.85,251.58,220.62,237.03,170.71,62.11,135.22,198.04,90.72,251.58,150.41,151.72,251.83,121.66,149.8,145.06,310.53,122.74,129.01,259.3,123.57,240.78,300.61,149.06,303.44,50.67,150.6,90.33,269.01,268.61,147.75,250.09,90.88,272.43,262.62,331.99,181.22,204.31,49.67,49.39,130.94,239.08,76.15,286.24,137.69,90.47,268.3,70.36,261.16,213.83,274.52,118.08,180.8,169.81,90.63,122.82,231.64,229.68,161.45,177.23,194.32,131.43,280.39,84.32,61.24,275.08,126.6,87.02,159.09,307.19,126.8,302.04,0.0,266.37,131.67,129.59,268.12,142.37,169.68,149.32,162.31,123.34,148.27,45.49,131.0,69.07,51.05,282.62,90.98,26.76,91.38,169.44,184.53,35.54,67.66,53.52,92.08,91.77,98.61,261.18,252.27,150.04,239.23,148.3,42.76,121.36,219.22,250.01,114.57,134.78,164.34,118.71,146.85,146.96,92.11,48.98,133.96,133.6,319.63,91.32,255.09,250.97,133.08,120.45,149.52,257.34,52.0,285.96,270.46,302.37,284.28,153.93,146.95,267.51,62.4
Nallur Kandaswamy Kovil Festival,373.88,196.89,394.03,337.59,279.07,373.5,485.79,312.76,446.06,448.46,375.65,400.39,451.37,393.32,408.13,443.33,446.39,22.12,319.58,522.26,394.81,396.78,195.35,243.34,401.8,404.2,376.65,450.07,394.51,535.48,386.65,497.81,50.99,483.25,413.52,325.66,234.65,433.03,278.03,497.81,396.63,397.94,498.05,385.22,396.02,408.61,556.76,386.3,392.56,505.53,369.8,487.01,546.83,412.61,549.66,237.98,396.82,197.53,3.5,2.8,393.98,496.31,198.08,518.66,508.84,578.21,427.44,450.53,313.22,312.95,223.56,481.88,263.46,19.87,383.91,277.78,511.11,333.92,507.38,460.06,529.54,381.64,429.45,412.61,197.83,386.38,474.45,475.9,348.76,423.45,437.12,242.29,526.61,182.2,248.55,521.3,390.15,198.52,405.32,553.41,373.02,36.53,266.36,0.0,377.89,375.82,12.93,236.97,412.48,395.55,349.62,386.89,394.49,246.83,394.56,319.78,307.06,528.84,278.29,245.27,278.69,412.24,430.76,291.35,232.14,317.08,195.65,195.86,285.92,507.4,498.49,396.27,485.45,267.27,247.63,384.91,465.45,492.81,301.87,398.33,429.4,382.27,393.07,393.18,279.41,312.53,231.04,230.65,565.86,199.09,501.31,497.2,231.38,384.01,395.74,503.56,270.51,532.19,516.69,548.6,530.51,179.82,393.17,510.31,268.25
Negombo Beach,107.5,169.57,166.99,111.7,203.8,4.47,347.58,122.74,202.17,204.37,300.38,45.47,113.89,255.23,108.26,105.85,250.51,380.73,113.3,184.78,39.89,41.86,167.79,136.49,46.88,237.85,135.05,228.85,45.31,198.0,233.74,160.33,312.58,189.86,237.29,106.06,247.25,298.59,202.76,160.33,41.71,43.02,160.57,163.17,41.11,154.28,219.28,162.55,168.82,168.05,28.02,149.53,209.36,185.57,212.18,162.71,41.91,166.7,360.96,360.57,39.06,158.84,167.76,181.18,171.36,240.74,89.97,113.06,123.21,122.93,242.98,291.96,188.19,378.19,39.67,202.51,297.08,155.3,169.91,122.58,391.33,113.93,227.33,236.39,167.51,164.85,293.77,138.43,273.49,130.06,274.78,243.47,189.14,196.35,173.27,183.83,166.41,168.86,50.4,215.94,14.55,393.99,132.2,358.33,0.0,4.17,360.07,254.4,236.26,40.63,274.35,165.5,39.57,157.53,173.17,83.21,158.45,191.36,203.02,140.66,203.42,236.02,93.28,99.19,179.7,105.6,167.54,169.0,210.65,169.93,161.02,41.35,147.98,260.34,154.8,161.92,166.07,307.14,226.6,143.99,215.9,139.33,38.15,38.27,204.14,122.52,246.0,245.63,228.38,167.92,207.92,159.72,245.11,161.75,40.83,166.08,165.9,194.71,179.21,211.12,193.03,208.19,38.26,324.64,115.99
Negombo Fish Market,105.44,173.71,164.93,109.63,201.73,2.98,345.51,120.68,200.11,202.31,298.31,43.41,111.83,253.17,106.2,103.79,248.45,398.75,111.24,182.72,37.83,39.8,171.94,134.42,44.82,235.79,132.99,226.78,43.25,195.94,231.67,158.27,330.59,187.79,235.23,104.0,245.19,296.53,200.69,158.27,39.65,40.96,158.51,161.11,39.04,152.21,217.22,160.49,166.76,165.99,25.96,147.47,207.29,183.51,210.12,160.64,39.84,170.84,378.98,378.58,37.0,156.77,171.91,179.12,169.3,238.67,87.9,111.0,121.15,120.87,240.91,289.9,186.12,396.21,37.61,200.44,295.01,153.23,167.84,120.52,389.26,111.86,225.26,234.33,171.66,162.79,291.71,136.36,271.42,127.99,272.72,241.4,187.08,194.29,171.21,181.76,164.34,173.0,48.34,213.87,12.49,412.01,130.13,376.35,4.32,0.0,378.09,252.34,234.2,38.57,272.28,163.44,37.51,155.47,171.11,81.14,156.38,189.3,200.95,138.6,201.35,233.96,91.22,97.13,177.64,103.54,171.68,173.15,208.59,167.86,158.95,39.29,145.91,258.28,152.74,159.85,164.0,305.08,224.54,141.93,213.84,137.27,36.09,36.2,202.08,120.45,243.94,243.57,226.32,172.06,205.85,157.66,243.05,159.69,38.76,164.02,163.84,192.65,177.15,209.06,190.97,212.33,36.19,322.58,120.14
Nilavarai Bottomless Well,375.63,198.64,395.78,339.34,280.82,375.25,487.54,314.5,447.81,450.21,377.4,402.14,453.12,395.07,409.88,445.07,448.14,28.73,321.33,524.01,396.56,398.53,197.1,245.09,403.55,405.95,378.4,451.81,396.26,537.23,388.4,499.56,47.49,485.0,415.27,327.41,236.4,434.78,279.78,499.56,398.38,399.69,499.8,386.96,397.77,410.36,558.51,388.04,394.31,507.28,371.55,488.76,548.58,414.36,551.41,239.73,398.57,199.28,16.43,15.72,395.73,498.06,199.83,520.41,510.59,579.96,429.19,452.28,314.97,314.7,225.3,483.63,265.21,13.7,385.66,279.53,512.86,335.67,509.13,461.81,531.29,383.39,431.2,414.36,199.58,388.13,476.2,477.65,350.51,425.2,438.87,244.04,528.36,183.95,250.29,523.05,391.9,200.27,407.07,555.16,374.77,49.46,268.11,12.93,379.64,377.57,0.0,238.72,414.23,397.3,351.37,388.64,396.24,248.58,396.31,321.53,308.81,530.59,280.04,247.02,280.44,413.99,432.51,293.1,233.89,318.83,197.4,197.61,287.67,509.15,500.24,398.02,487.2,269.02,249.38,386.66,467.2,494.56,303.62,400.08,431.15,384.02,394.82,394.93,281.16,314.28,232.79,232.4,567.61,200.84,503.06,498.95,233.13,385.76,397.49,505.31,272.25,533.94,518.44,550.35,532.26,186.98,394.92,512.06,270.0
Nilaveli Beach,249.87,112.25,270.02,213.58,116.64,249.49,258.87,188.75,322.06,324.45,148.73,276.38,327.36,269.31,284.12,319.32,306.37,259.37,195.57,398.25,270.8,272.77,110.71,119.33,277.79,280.19,252.64,310.66,270.5,411.47,262.64,373.8,191.22,359.25,289.51,201.65,18.65,235.3,115.6,373.8,272.62,273.93,374.04,261.21,272.01,284.6,432.75,262.29,268.55,381.52,245.79,363.0,422.82,288.6,425.65,91.74,272.82,112.89,239.61,239.21,269.97,372.3,113.44,394.65,384.83,454.2,303.43,326.53,189.21,188.94,13.41,332.0,91.96,256.84,259.9,115.35,355.24,209.91,383.37,336.05,302.62,257.63,305.44,288.6,113.19,262.37,334.43,351.89,186.33,299.44,287.24,29.03,402.61,97.42,107.5,397.29,266.14,113.88,281.31,429.4,249.01,272.63,142.35,236.97,253.88,251.81,238.71,0.0,288.47,271.54,122.7,262.88,270.48,105.79,270.55,195.77,183.05,404.83,115.86,121.26,116.26,288.23,306.75,167.34,113.99,193.07,111.01,111.22,123.49,383.39,374.48,272.26,361.44,54.01,106.59,260.9,341.44,342.93,117.68,274.32,305.39,258.26,269.06,269.17,116.98,188.52,12.08,11.05,441.85,114.45,377.3,373.19,13.72,260.0,271.74,379.55,146.5,408.18,392.68,424.59,406.5,173.17,269.17,360.43,171.05
Nine Arches Bridge,121.06,237.2,61.82,119.31,165.65,232.09,135.19,136.34,70.64,46.54,170.17,193.02,212.33,26.7,128.02,185.94,38.13,433.18,143.01,178.45,201.68,196.24,235.67,169.88,190.75,9.32,85.92,41.81,196.01,167.06,26.49,201.27,365.03,102.1,5.26,122.24,279.62,131.59,169.48,201.27,198.6,198.02,201.51,58.72,197.42,115.66,142.68,57.1,50.82,185.2,195.24,221.69,153.06,50.98,149.62,195.08,195.67,234.73,413.42,413.02,207.76,199.78,235.29,180.46,186.97,131.52,187.2,211.5,135.66,135.93,275.35,96.09,205.3,430.65,199.58,169.23,102.85,150.34,187.06,243.47,178.94,124.06,27.53,1.92,235.04,61.93,66.19,234.23,112.81,116.22,62.4,269.11,170.68,228.73,205.65,179.19,58.21,231.42,191.06,136.98,223.53,446.44,167.96,410.78,235.68,233.61,412.52,286.78,0.0,199.5,179.82,62.58,202.1,189.9,70.24,150.14,139.4,172.91,166.77,165.5,168.05,1.63,190.52,182.62,212.07,126.82,236.49,236.18,170.21,191.37,201.96,197.53,223.29,240.97,187.17,59.57,137.55,107.02,198.88,113.19,27.47,82.63,206.86,206.97,166.63,134.82,278.37,278.0,140.03,235.73,102.83,200.66,277.49,59.41,197.36,214.98,144.66,163.76,178.5,151.06,174.57,298.34,206.96,124.52,229.13
Old Parliament Building,103.14,198.65,162.63,115.89,217.13,37.07,310.56,115.08,165.16,167.36,313.71,11.07,76.87,218.21,79.66,68.83,213.49,414.14,117.49,147.77,2.91,3.98,196.87,149.82,9.98,200.83,130.69,191.83,10.91,160.99,218.0,123.31,345.99,152.84,200.28,110.25,260.58,292.41,216.09,123.31,1.19,2.5,123.56,158.81,2.88,149.92,182.26,158.19,164.46,131.03,30.61,112.51,172.34,181.21,175.17,176.03,5.32,194.36,394.38,393.98,1.92,121.82,195.42,144.16,134.35,203.72,42.23,76.04,116.41,116.13,256.31,254.94,201.52,411.6,10.74,215.84,260.06,155.44,132.89,85.56,354.31,109.57,190.31,199.37,195.17,160.49,256.76,101.41,286.82,93.04,237.76,256.8,152.12,209.68,186.6,146.81,162.05,196.52,11.97,178.92,28.52,427.4,145.53,391.74,40.67,38.59,393.48,267.73,199.24,0.0,287.68,161.14,2.38,170.86,168.81,87.4,171.78,154.35,216.35,153.99,216.75,199.0,45.54,112.52,193.03,109.79,196.62,198.09,223.98,132.91,124.0,2.99,110.96,273.67,168.13,157.56,129.05,270.12,239.93,139.63,178.88,134.97,3.64,3.09,217.47,116.15,259.33,258.96,191.36,192.18,170.9,122.7,258.44,157.39,3.76,129.07,179.23,157.69,142.19,174.1,156.01,248.15,2.68,287.62,139.06
Pasikudah Beach,269.69,175.97,227.78,233.41,70.74,269.31,145.61,208.57,249.57,225.46,35.47,296.21,347.18,187.01,303.94,339.14,193.11,371.94,215.39,333.44,290.63,292.6,174.43,139.16,297.62,180.87,251.88,197.4,290.32,322.04,174.72,356.25,303.79,257.08,184.18,221.48,113.67,122.04,74.57,356.25,292.45,293.76,356.5,206.79,291.84,295.13,297.67,223.06,216.78,340.19,265.61,376.67,308.05,229.9,304.61,116.82,292.64,173.5,352.18,351.78,289.8,354.76,174.05,335.45,341.96,286.5,323.26,346.35,209.04,208.76,112.81,218.74,110.39,369.41,279.73,74.32,241.98,204.41,342.04,355.88,189.37,277.45,206.45,179.79,173.8,205.85,221.17,371.72,103.3,295.14,173.98,98.73,325.67,167.49,110.6,334.17,224.17,170.19,301.13,291.97,268.84,385.21,162.18,349.54,273.71,271.63,351.29,123.1,179.84,291.36,0.0,203.57,290.31,123.38,204.29,215.6,156.13,327.89,71.86,141.08,73.15,179.51,326.57,187.17,133.82,212.89,175.25,174.94,75.3,346.36,356.94,292.08,381.27,70.58,124.18,208.09,316.47,229.67,103.97,292.66,206.39,248.6,288.89,289.0,71.72,208.35,112.42,112.05,295.01,174.49,257.82,355.64,111.54,207.19,291.56,369.96,116.01,318.75,333.48,306.05,329.56,237.1,288.99,247.17,190.88
Pedro Tea Factory,66.92,213.31,13.81,62.83,178.38,161.16,187.87,75.62,95.3,53.64,187.73,157.58,213.13,56.82,144.7,205.09,96.46,409.29,78.03,236.78,159.56,161.38,211.78,144.49,162.73,62.54,31.78,77.63,156.3,225.39,62.72,259.6,341.14,138.74,63.59,65.75,255.73,168.37,182.21,259.6,163.65,161.71,259.85,3.79,159.91,75.03,201.01,5.49,11.76,243.53,144.55,248.77,211.39,32.39,207.95,171.19,160.69,210.84,389.53,389.13,160.99,258.11,211.4,238.8,245.31,189.85,189.21,212.3,76.95,76.67,251.46,154.42,196.67,406.76,152.81,181.96,161.18,115.98,245.39,221.82,231.62,69.92,63.55,62.68,211.15,2.85,124.52,237.67,125.54,140.88,120.73,251.95,229.01,204.84,181.76,237.52,6.89,207.53,163.75,195.31,158.2,422.55,123.32,386.89,165.55,163.48,388.63,262.88,62.55,162.56,197.38,0.0,159.77,166.01,8.24,93.65,128.87,231.24,179.5,147.28,180.79,62.31,192.52,117.38,188.18,70.33,212.6,212.28,182.94,249.7,260.29,160.15,247.22,258.53,163.28,5.1,162.2,165.35,211.61,72.55,47.1,28.5,160.09,160.2,179.36,76.69,254.48,254.11,198.36,211.84,161.16,258.99,253.6,4.19,159.16,265.32,157.39,222.09,236.83,209.4,232.91,275.9,160.19,182.85,163.89
Pettah Floating Market,101.58,197.81,161.07,115.04,216.28,36.23,312.07,114.23,166.67,168.87,312.86,10.4,78.39,219.73,78.1,70.35,215.01,413.3,116.65,149.28,3.0,4.53,196.03,148.97,11.48,202.35,129.13,193.34,10.24,162.5,219.52,124.83,345.14,154.36,201.79,109.41,259.74,291.57,215.24,124.83,2.68,3.99,125.07,157.25,3.38,148.35,183.78,156.63,162.9,132.55,29.77,114.03,173.85,179.65,176.68,175.19,5.88,193.51,393.53,393.13,2.02,123.34,194.58,145.68,135.86,205.23,43.73,77.56,115.56,115.29,255.46,256.46,200.67,410.76,9.9,214.99,261.58,154.6,134.41,87.08,355.83,108.0,191.82,200.89,194.33,158.93,258.27,102.93,285.97,94.55,239.28,255.95,153.64,208.84,185.76,148.33,160.49,195.68,13.47,180.44,27.67,426.56,144.68,390.89,39.82,37.75,392.64,266.89,200.76,1.5,286.83,159.58,0.0,170.02,167.25,86.55,170.93,155.86,215.5,153.15,215.9,200.52,47.04,111.68,192.19,108.95,195.78,197.24,223.14,134.42,125.52,3.5,112.48,272.83,167.29,155.99,130.56,271.64,239.09,138.07,180.4,133.41,3.32,3.27,216.63,115.31,258.49,258.12,192.88,191.33,172.41,124.22,257.6,155.83,4.27,130.58,178.39,159.21,143.71,175.62,157.53,247.3,2.96,289.14,138.22
Pidurangala Rock,152.3,73.24,172.45,116.02,52.92,151.92,259.64,91.18,224.49,226.89,149.49,178.81,229.79,171.74,186.55,221.75,224.81,269.22,98.0,300.68,173.23,175.2,71.7,21.77,180.22,182.62,155.08,228.49,172.93,313.9,165.08,276.23,201.06,261.68,191.94,104.09,98.64,206.88,51.88,276.23,175.06,176.37,276.47,163.64,174.45,187.04,335.18,164.72,170.98,283.95,148.22,265.43,325.26,191.03,328.08,14.09,175.25,70.77,249.45,249.05,172.4,274.74,71.33,297.08,287.26,356.64,205.87,228.96,91.65,91.37,94.36,260.3,39.58,266.68,162.34,51.62,289.53,112.34,285.81,238.48,303.39,160.06,207.88,191.04,71.07,164.8,252.87,254.33,122.6,201.88,215.55,94.86,305.04,64.76,22.39,299.73,168.57,67.46,183.74,331.84,151.44,282.48,44.78,246.81,156.31,154.24,248.56,105.79,190.9,173.97,123.46,165.32,172.91,0.0,172.98,98.21,85.49,307.26,52.13,23.69,52.54,190.67,209.18,69.78,31.09,95.5,72.53,72.21,59.77,285.82,276.92,174.69,263.88,111.73,2.73,163.34,243.87,271.24,75.72,176.75,207.82,160.69,171.49,171.61,53.26,90.95,97.39,97.02,344.28,71.76,279.74,275.62,96.5,162.43,174.17,281.98,48.93,310.61,295.11,327.02,308.93,134.37,171.6,288.74,78.96
Pidurutalagala,74.59,220.98,21.47,70.49,179.1,168.82,195.53,83.28,102.97,61.3,188.44,165.25,220.8,64.48,152.37,212.75,104.12,416.96,85.7,244.45,167.22,169.05,219.44,152.15,170.39,70.2,39.45,85.29,163.97,233.05,70.39,267.27,348.8,146.4,71.25,73.42,263.4,169.09,182.93,267.27,171.31,169.37,267.51,11.46,167.57,82.7,208.68,13.16,19.43,251.2,152.21,256.44,219.06,40.05,215.62,178.85,168.35,218.51,397.19,396.79,168.66,265.77,219.07,246.46,252.97,197.51,196.87,219.96,84.61,84.34,259.12,162.08,204.34,414.42,160.47,182.68,168.84,120.48,253.05,229.49,239.28,77.59,71.22,70.35,218.82,10.52,132.18,245.33,126.26,148.54,128.39,259.61,236.68,212.5,189.42,245.18,14.55,215.2,171.42,202.98,165.86,430.22,130.99,394.56,173.22,171.14,396.3,270.55,70.22,170.23,198.09,8.24,167.44,173.68,0.0,101.32,136.54,238.9,180.21,154.95,181.5,69.98,200.19,125.05,195.85,77.99,220.27,219.95,183.66,257.37,267.95,167.82,254.88,259.24,170.95,12.76,169.87,173.01,212.33,80.22,54.76,36.16,167.75,167.86,180.08,84.36,262.15,261.78,206.03,219.51,168.83,266.66,261.26,11.86,166.82,272.99,158.1,229.76,244.49,217.06,240.57,283.56,167.86,190.52,171.56
Pinnawala Elephant Orphanage,80.83,141.91,100.81,40.41,145.17,78.82,251.73,39.6,184.37,186.57,218.32,92.0,147.53,144.4,96.93,139.49,184.04,342.18,42.01,218.43,86.42,88.39,140.13,77.86,93.41,150.12,82.76,165.21,90.67,231.65,152.07,193.97,274.03,172.06,151.17,34.77,188.62,216.93,144.13,193.97,88.24,89.55,194.22,92.0,87.63,127.61,252.92,93.08,99.34,201.69,65.96,183.17,243.0,119.39,245.83,104.08,88.43,137.61,322.42,322.02,85.59,192.48,138.68,214.82,205.01,219.16,123.61,146.7,40.93,40.65,184.35,243.11,129.56,339.65,80.08,143.88,248.23,76.85,203.55,156.22,295.48,87.26,151.14,150.27,138.43,93.16,223.37,172.07,156.14,112.26,224.73,184.84,222.78,137.73,114.65,217.47,96.93,139.78,96.93,249.58,79.62,355.44,69.08,319.78,83.21,81.14,321.52,195.78,150.14,87.16,215.72,93.68,86.1,98.9,101.34,0.0,89.53,225.01,144.39,82.04,144.79,149.9,126.92,35.85,121.07,34.31,139.88,141.34,152.02,203.57,194.66,87.88,181.62,201.71,96.17,91.69,154.25,258.29,167.98,117.32,134.68,88.37,84.68,84.79,145.51,40.67,187.37,187.0,262.02,135.43,190.12,193.36,186.49,90.79,87.35,199.73,107.28,228.35,212.85,244.76,226.67,194.32,84.78,275.79,82.32
Pitawala Pathana,115.87,133.5,136.03,79.59,85.7,153.52,202.19,54.75,201.19,177.09,157.12,180.42,231.39,121.94,188.16,223.35,175.01,329.48,61.57,302.29,174.84,176.81,131.96,66.17,181.83,132.82,118.65,178.69,174.53,315.51,115.28,277.83,261.33,238.98,142.14,67.66,175.92,169.47,84.66,277.83,176.66,177.97,278.08,127.21,176.05,150.61,279.57,128.29,134.56,285.55,149.82,267.03,326.86,154.61,286.51,91.37,176.85,131.03,309.72,309.32,174.01,276.34,131.59,298.68,288.87,268.4,207.47,230.56,55.22,54.94,171.65,210.5,99.92,326.94,163.94,84.4,239.73,47.11,287.41,240.09,245.94,123.63,158.08,141.24,131.34,128.37,203.07,255.93,121.52,203.48,165.75,172.14,306.64,125.02,101.94,301.33,132.15,127.72,185.34,273.87,153.05,342.74,51.05,307.08,157.92,155.84,308.82,183.07,141.1,175.57,156.24,128.89,174.52,86.2,136.55,89.54,0.0,308.87,84.91,61.8,85.32,140.87,210.78,61.79,108.37,59.08,132.79,132.47,76.59,287.43,278.52,176.29,265.48,189.01,83.47,126.91,245.48,221.44,112.79,140.33,158.02,124.26,173.1,173.21,86.04,54.53,174.67,174.3,276.91,132.03,239.72,277.22,173.78,126.0,175.77,283.59,40.95,312.21,296.72,328.62,310.53,194.64,173.2,238.94,104.44
Polhena Beach,229.66,344.36,228.51,250.67,351.91,183.89,247.22,249.86,166.31,168.51,316.21,146.59,97.75,193.39,174.91,96.81,140.7,548.93,252.28,7.85,153.49,148.06,342.58,284.6,142.56,176.01,204.27,154.45,147.82,11.17,193.18,45.68,480.77,92.7,165.65,245.04,395.37,254.71,350.87,45.68,150.41,149.83,45.92,225.41,149.23,207.66,37.9,223.79,217.51,29.61,166.71,66.1,25.92,217.32,31.05,310.82,147.48,340.06,529.16,528.76,159.57,44.19,341.13,17.43,24.38,67.74,110.39,96.92,251.19,250.92,391.09,118.96,336.3,546.39,151.38,350.62,124.08,290.23,31.47,87.88,290.97,236.09,198.49,171.04,340.88,228.62,120.77,78.64,279.5,156.2,174.42,391.58,2.31,344.47,321.39,8.58,224.9,347.17,142.87,42.94,175.34,562.19,280.31,526.52,187.49,185.42,528.27,402.52,170.91,151.31,325.86,229.27,153.91,305.65,236.93,222.18,306.56,0.0,351.13,288.78,351.53,170.67,110.49,247.31,327.82,244.58,342.33,343.79,358.77,28.31,46.37,149.35,67.7,408.46,302.92,226.26,147.77,134.14,374.72,205.19,187.06,208.55,158.66,158.77,352.26,250.94,394.12,393.75,55.38,337.88,110.76,45.07,393.23,226.09,152.57,52.59,314.02,7.88,15.28,27.68,2.37,394.97,158.76,151.64,284.77
Polonnaruwa Vatadage,198.45,104.72,192.78,162.17,1.39,198.07,208.12,137.33,229.34,205.23,97.97,224.96,275.94,150.08,232.7,267.9,203.96,300.7,144.15,346.83,219.38,221.35,103.18,67.91,226.37,160.97,201.22,208.26,219.08,360.05,143.42,322.38,232.55,267.93,170.28,150.23,108.7,155.36,3.33,322.38,221.2,222.51,322.62,182.77,220.59,233.18,308.52,184.47,190.89,330.1,194.37,311.58,371.4,209.63,315.46,45.58,221.4,102.25,280.93,280.54,218.55,320.88,102.81,343.23,333.41,297.35,252.01,275.11,137.79,137.52,104.43,229.59,39.15,298.16,208.48,3.08,252.83,158.49,331.95,284.63,251.87,206.21,186.22,169.38,102.56,181.83,232.02,300.47,71.08,248.02,184.83,104.92,351.19,96.24,39.35,345.87,185.87,98.94,229.89,302.82,197.59,313.96,90.93,278.3,202.46,200.39,280.04,115.86,169.25,220.12,71.94,179.55,219.06,52.13,180.27,144.35,84.88,353.41,0.0,69.84,1.23,169.01,255.33,115.92,62.57,141.65,104.01,103.69,8.25,331.97,323.06,220.84,310.03,84.93,52.93,184.07,290.02,240.52,36.67,222.9,186.16,206.84,217.64,217.75,1.74,137.1,107.45,107.08,305.87,103.25,268.67,321.77,106.57,183.17,220.32,328.13,44.77,356.76,341.26,373.17,355.08,165.86,217.75,258.03,119.63
Popham's Arboretum,134.28,71.7,154.43,98.0,70.67,135.73,228.3,73.16,206.47,203.2,167.25,162.62,213.6,148.05,170.36,205.56,201.12,267.68,79.98,284.49,157.04,159.01,70.17,4.38,164.03,158.93,137.06,204.8,156.74,297.71,141.39,260.04,199.53,245.49,168.25,86.07,114.12,195.58,69.63,260.04,158.87,160.18,260.29,145.62,158.26,169.02,318.99,146.7,152.97,267.76,132.03,249.24,309.07,173.01,311.89,29.58,159.06,69.23,247.92,247.52,156.21,258.55,69.79,280.89,271.07,340.45,189.68,212.77,73.63,73.35,109.85,236.61,55.06,265.15,146.15,69.38,265.84,94.32,269.62,222.29,272.05,142.04,184.19,167.35,69.54,146.78,229.18,238.14,140.36,185.69,191.86,110.34,288.85,63.23,40.15,283.54,150.55,65.92,167.55,315.65,135.26,280.94,26.76,245.28,140.12,138.05,247.02,121.28,167.21,157.78,141.22,147.3,156.72,24.4,154.96,82.02,61.8,291.07,69.89,0.0,70.29,166.98,192.99,53.59,46.57,77.48,70.99,70.67,54.99,269.64,260.73,158.5,247.69,127.21,21.67,145.32,227.68,247.55,93.47,158.73,184.13,142.67,155.31,155.42,71.01,72.93,112.87,112.5,328.09,70.23,263.55,259.43,111.99,144.41,157.98,265.79,25.24,294.42,278.92,310.83,292.74,132.84,155.41,265.05,62.77
Rankoth Vehera,198.85,105.12,193.88,162.57,2.68,198.47,209.22,137.73,230.44,206.33,99.07,225.36,276.34,151.18,233.1,268.3,205.06,301.1,144.55,347.23,219.78,221.75,103.59,68.32,226.77,162.07,201.63,209.36,219.48,360.45,144.52,322.78,232.95,269.03,171.38,150.63,109.1,156.46,1.25,322.78,221.6,222.92,323.02,183.87,221.0,233.59,309.62,185.57,191.99,330.5,194.77,311.98,371.81,210.73,316.56,45.98,221.8,102.65,281.34,280.94,218.95,321.29,103.21,343.63,333.81,298.45,252.42,275.51,138.2,137.92,104.83,230.69,39.55,298.56,208.88,0.94,253.93,158.89,332.36,285.03,252.97,206.61,187.32,170.48,102.96,182.93,233.12,300.88,72.18,248.43,185.93,105.32,351.59,96.64,39.75,346.28,186.97,99.34,230.29,303.92,197.99,314.36,91.33,278.7,202.86,200.79,280.44,116.26,170.35,220.52,73.04,180.65,219.46,52.54,181.37,144.76,85.28,353.81,1.23,70.24,0.0,170.11,255.73,116.33,62.97,142.05,104.41,104.09,9.53,332.37,323.47,221.24,310.43,86.03,53.33,185.17,290.42,241.62,34.17,223.3,187.26,207.24,218.04,218.16,3.03,137.5,107.85,107.48,306.97,103.65,269.77,322.17,106.97,184.27,220.72,328.53,45.17,357.16,341.66,373.57,355.48,166.26,218.15,259.13,120.03
Ravana Ella Falls,120.82,236.97,61.58,119.08,165.41,231.85,134.96,136.11,70.41,46.3,169.84,192.78,212.09,26.46,127.78,185.71,37.89,432.95,142.78,178.22,201.44,196.01,235.43,169.64,190.51,9.08,85.68,41.57,195.78,166.82,26.26,201.03,364.79,101.86,5.02,122.0,279.39,131.26,169.24,201.03,198.36,197.78,201.28,58.48,197.18,115.43,142.45,56.86,50.58,184.96,195.0,221.45,152.83,50.74,149.38,194.84,195.43,234.5,413.18,412.78,207.53,199.54,235.06,180.23,186.74,131.28,186.96,211.26,135.42,135.7,275.11,95.85,205.06,430.41,199.34,168.99,102.61,150.11,186.82,243.24,178.71,123.82,27.29,0.61,234.8,61.69,65.95,234.0,112.57,115.98,62.16,268.79,170.45,228.49,205.41,178.95,57.97,231.19,190.82,136.75,223.3,446.21,167.73,410.54,235.45,233.37,412.29,286.54,1.63,199.26,179.49,62.34,201.87,189.67,70.01,149.9,139.16,172.67,166.53,165.26,167.82,0.0,190.28,182.38,211.84,126.58,236.26,235.94,169.97,191.14,201.72,197.3,223.06,240.64,186.94,59.34,137.31,106.78,198.64,112.95,27.23,82.39,206.62,206.73,166.39,134.59,278.14,277.77,139.79,235.5,102.6,200.42,277.25,59.17,197.12,214.74,144.42,163.53,178.26,150.83,174.34,298.1,206.72,124.28,228.89
Richmond Castle,133.93,248.63,193.43,154.95,256.18,88.16,342.41,154.13,156.24,158.44,352.76,46.58,21.5,209.3,78.16,24.0,235.89,453.2,156.55,106.98,46.18,43.03,246.85,188.87,37.49,191.92,161.49,182.92,47.22,120.2,209.09,82.52,385.04,143.93,191.37,149.31,299.64,349.9,255.14,82.52,44.27,43.69,82.77,189.61,43.95,180.71,141.47,188.99,195.26,90.24,70.98,59.05,131.55,200.23,134.38,215.09,42.78,244.34,433.43,433.03,46.89,81.03,245.4,103.37,93.56,162.93,3.31,19.78,155.46,155.19,295.36,214.15,240.58,450.66,55.65,254.89,219.27,194.5,92.1,30.62,386.16,140.36,181.4,190.46,245.15,191.29,215.97,40.7,325.87,84.13,269.62,295.85,111.33,248.74,225.66,106.02,192.84,251.44,34.31,138.13,79.61,466.46,184.58,430.8,91.76,89.69,432.54,306.79,190.33,45.17,326.73,191.94,47.08,209.92,199.6,126.46,210.83,113.56,255.4,193.05,255.8,190.09,0.0,151.58,232.09,148.85,246.6,248.06,263.04,92.12,83.21,44.07,56.39,312.73,207.19,188.35,88.25,229.33,278.99,170.43,169.97,165.77,62.93,48.05,256.53,155.21,298.39,298.02,150.57,242.15,161.99,81.91,297.5,188.19,44.36,88.28,218.29,116.9,101.41,133.31,115.22,299.24,47.65,246.84,189.04
Ridee Viharaya (silver Temple),104.39,117.76,124.54,68.1,116.73,94.0,258.85,48.2,176.57,164.37,213.31,120.89,171.87,165.86,128.63,163.83,218.93,313.74,52.35,242.76,115.31,117.28,116.23,49.42,122.3,176.74,107.16,188.94,115.01,255.98,159.19,218.31,245.59,203.76,186.06,56.42,160.18,224.05,115.69,218.31,117.13,118.44,218.55,115.72,116.52,139.12,277.26,116.81,123.07,226.03,90.3,207.51,267.33,143.12,270.16,75.64,117.33,115.29,293.98,293.58,114.48,216.81,115.85,239.16,229.34,298.71,147.94,171.04,48.67,48.39,155.91,274.81,101.12,311.21,104.41,115.44,279.93,80.75,227.88,180.56,302.6,112.15,174.86,185.15,115.6,116.89,255.07,196.4,186.42,143.95,231.84,156.4,247.12,109.29,86.21,241.8,120.66,111.98,125.82,273.91,93.52,327.0,35.54,291.34,98.39,96.32,293.08,167.34,185.02,116.05,187.28,117.4,114.99,70.46,125.07,35.84,61.79,249.34,115.95,53.6,116.35,184.78,151.26,0.0,92.63,47.59,117.05,116.74,123.58,227.9,218.99,116.77,205.96,173.27,67.73,115.42,185.95,276.76,139.54,128.84,158.41,112.78,113.57,113.68,117.07,47.97,158.93,158.56,286.36,116.29,221.81,217.7,158.05,114.52,116.25,224.06,78.84,252.69,237.19,269.1,251.01,178.9,113.68,294.26,50.8
Ritigala Forest Monastery,175.19,58.57,195.34,138.91,63.35,174.81,270.08,114.07,247.38,249.78,159.93,201.71,252.68,194.63,209.44,244.64,247.7,254.55,120.89,323.58,196.13,198.1,57.04,44.66,203.12,205.52,177.97,251.38,195.82,336.8,187.97,299.12,186.4,284.57,214.83,126.98,106.81,217.31,62.31,299.12,197.95,199.26,299.37,186.53,197.34,209.93,358.07,187.61,193.88,306.84,171.11,288.32,348.15,213.93,350.98,22.26,198.14,56.1,234.79,234.39,195.29,297.63,56.66,319.97,310.16,379.53,228.76,251.85,114.54,114.26,102.53,291.55,47.74,252.01,185.23,62.06,312.42,135.23,308.7,261.37,313.83,182.95,230.77,213.93,56.41,187.69,275.76,277.22,133.04,224.77,246.79,103.02,327.93,50.09,32.83,322.62,191.47,52.79,206.63,354.73,174.34,267.81,67.68,232.15,179.21,177.13,233.89,113.96,213.8,196.86,133.9,188.21,195.81,31.12,195.87,121.1,108.38,330.16,62.57,46.58,62.97,213.56,232.07,92.67,0.0,118.39,57.86,57.54,70.21,308.72,299.81,197.58,286.77,119.9,31.91,186.23,266.76,302.48,86.16,199.65,230.71,183.58,194.39,194.5,63.7,113.85,105.56,105.19,367.17,57.1,302.63,298.51,104.67,185.32,197.06,304.88,71.82,333.5,318.0,349.91,331.82,119.71,194.49,319.99,73.48
Royal Botanical Gardens,57.37,143.01,77.52,21.09,141.98,101.27,217.45,5.32,129.56,117.35,184.04,114.45,169.99,124.46,119.38,161.94,160.75,338.99,7.73,240.88,108.87,110.84,141.48,74.19,115.86,135.34,60.15,141.92,113.12,254.1,117.79,216.42,270.84,194.51,127.88,9.15,185.43,182.65,140.94,216.42,110.69,112.0,216.67,68.71,110.08,92.11,275.37,69.79,76.05,224.15,88.41,205.62,265.45,96.1,268.28,100.89,110.88,140.54,319.23,318.83,108.04,214.93,141.1,237.28,227.46,241.61,146.06,169.15,6.65,6.37,181.16,224.43,126.37,336.46,102.53,140.69,225.47,45.68,226.0,178.68,261.21,65.13,127.85,126.98,140.85,69.87,188.81,194.52,121.86,134.71,190.45,181.65,245.23,134.54,111.46,239.92,73.64,137.23,119.38,272.03,102.07,352.25,53.02,316.59,105.66,103.59,318.33,192.59,126.85,109.61,193.69,70.39,108.55,95.71,78.05,34.37,58.57,247.46,141.2,76.98,141.6,126.61,149.37,47.08,117.88,0.0,142.3,141.98,148.83,226.02,217.11,110.33,204.07,198.52,92.98,68.4,176.7,235.37,164.78,81.82,111.39,65.76,107.13,107.24,142.32,6.39,184.18,183.81,284.48,141.54,212.57,215.81,183.3,67.5,109.8,222.18,102.22,250.81,235.31,267.22,249.12,205.6,107.23,252.87,93.59
Ruwanweli Maha Seya,199.93,2.49,220.09,163.65,105.13,172.72,311.85,138.81,272.12,274.52,201.7,201.14,266.9,219.37,223.66,258.86,272.44,212.54,145.63,337.79,195.56,197.53,0.71,69.4,202.55,230.26,202.71,276.12,200.98,351.01,212.71,313.34,144.39,298.79,239.57,151.72,108.69,259.09,104.09,313.34,197.38,198.69,313.58,211.27,196.77,234.67,372.29,212.35,218.62,321.06,171.12,302.54,362.36,238.67,365.19,64.03,197.57,2.8,192.78,192.38,194.73,311.84,2.75,334.19,324.37,393.74,242.97,266.07,139.28,139.0,97.59,307.94,89.52,210.01,199.44,103.83,337.17,159.97,322.91,275.59,355.6,207.69,255.51,238.67,1.96,212.43,300.5,291.44,174.81,238.98,263.18,116.33,342.15,13.58,74.6,336.83,216.21,6.74,206.07,368.94,173.77,225.8,92.42,190.14,168.97,173.12,191.88,111.0,238.54,196.3,175.67,212.95,195.24,72.89,220.62,139.85,133.12,344.37,104.34,71.32,104.75,238.3,246.29,117.41,58.19,143.14,0.0,1.5,111.98,322.93,314.02,197.02,300.99,141.31,73.69,210.97,280.98,318.87,127.93,224.39,255.45,208.32,193.82,193.93,105.47,138.59,105.08,104.69,381.39,7.11,316.84,312.73,105.42,210.06,196.49,319.09,96.56,347.72,332.22,364.13,346.04,62.34,193.92,336.37,73.7
Samadhi Statue,199.29,1.92,219.44,163.0,104.48,174.18,311.2,138.17,271.47,273.87,201.06,202.6,268.36,218.73,225.12,260.32,271.8,212.76,144.99,339.25,197.02,198.99,1.21,68.75,204.01,229.61,202.06,275.48,202.44,352.47,212.06,314.8,144.61,300.25,238.93,151.07,108.9,258.44,103.44,314.8,198.84,200.15,315.05,210.63,198.23,234.02,373.75,211.71,217.97,322.52,172.58,304.0,363.83,238.02,366.65,63.39,199.04,4.26,192.99,192.6,196.19,313.31,4.21,335.65,325.83,395.21,244.44,267.53,138.63,138.36,97.81,307.29,88.87,210.22,200.91,103.19,336.52,159.33,324.38,277.05,354.95,207.05,254.86,238.02,3.42,211.79,299.86,292.9,174.17,240.45,262.53,116.54,343.61,13.8,73.96,338.3,215.56,7.89,207.53,370.41,175.23,226.02,91.77,190.36,170.43,174.58,192.1,111.22,237.89,197.76,175.03,212.3,196.7,72.24,219.97,141.32,132.47,345.83,103.7,70.68,104.1,237.65,247.75,116.76,57.55,142.49,1.5,0.0,111.33,324.4,315.49,198.48,302.45,141.52,73.04,210.32,282.44,318.22,127.28,223.74,254.81,207.68,195.28,195.39,104.82,137.94,105.29,104.91,382.85,8.25,318.31,314.19,105.64,209.42,197.96,320.55,95.92,349.18,333.68,365.59,347.5,63.67,195.39,335.72,75.16
Samudra Parakrama,206.07,112.34,196.37,169.79,7.61,205.69,211.7,144.95,232.92,208.82,101.56,232.59,283.56,153.67,240.32,275.52,207.55,308.32,151.77,354.46,227.01,228.98,110.81,75.54,234.0,164.55,208.85,211.84,226.7,367.68,147.0,330.0,240.17,271.52,173.87,157.86,116.33,158.94,10.95,330.0,228.83,230.14,330.25,186.36,228.22,240.81,312.11,188.06,194.48,337.72,201.99,319.2,322.49,213.22,319.04,53.2,229.02,109.87,288.56,288.16,226.17,328.51,110.43,350.85,341.03,300.94,259.64,282.73,145.42,145.14,112.05,233.18,46.77,305.79,216.11,10.7,256.42,123.67,339.58,292.25,255.46,213.83,189.81,172.97,110.18,185.42,235.61,308.1,74.67,255.65,188.42,112.54,358.81,103.87,46.98,353.5,189.45,106.56,237.51,306.41,205.22,321.58,98.55,285.92,210.09,208.01,287.66,123.48,172.83,227.74,75.53,183.14,226.68,59.76,183.85,151.98,76.56,361.03,8.24,55.01,9.52,172.6,262.95,123.55,70.2,149.27,111.63,111.32,0.0,339.6,330.69,228.46,317.65,88.51,60.55,187.66,297.64,244.11,43.05,230.52,189.75,214.46,225.27,225.38,6.51,144.72,115.08,114.71,309.45,110.87,272.26,329.39,114.19,186.76,227.94,335.76,36.44,364.38,348.88,320.49,362.7,173.48,225.37,261.61,127.26
Sea Turtle Conservation Project (Koggala),211.34,326.03,249.14,232.35,333.59,165.57,267.86,231.53,186.95,189.15,336.84,128.26,79.42,214.03,156.58,78.48,161.34,530.6,233.95,20.99,135.16,129.73,324.25,266.27,124.23,196.65,238.89,175.08,129.49,37.49,213.82,17.47,462.45,113.34,186.29,226.71,377.04,275.35,332.55,17.47,132.08,131.51,17.72,246.04,130.9,228.3,66.92,244.42,238.14,8.7,148.38,34.86,52.23,237.96,57.37,292.49,129.15,321.74,510.83,510.44,141.24,14.84,322.8,11.92,4.22,88.37,92.06,78.59,232.86,232.59,372.76,139.6,317.98,528.06,133.05,332.29,144.72,271.9,8.18,69.56,311.61,217.76,219.12,191.68,322.55,249.25,141.41,60.32,300.14,162.54,195.06,373.26,28.62,326.14,303.06,20.04,245.53,328.84,124.54,63.58,157.01,543.86,261.98,508.2,169.16,167.09,509.94,384.19,191.55,132.98,346.5,249.9,135.58,287.32,257.57,203.86,288.23,28.62,332.8,270.45,333.2,191.31,92.16,228.98,309.49,226.25,324.0,325.46,340.44,0.0,18.16,131.02,37.73,390.13,284.59,246.9,143.54,154.78,356.39,247.83,207.7,243.17,140.33,140.45,333.93,232.61,375.79,375.42,76.02,319.56,131.4,12.48,374.9,246.73,134.24,64.56,295.69,34.2,13.32,54.0,26.68,376.64,140.44,172.28,266.44
Sea Turtle Farm Galle Mahamodara,202.04,316.74,260.19,223.05,324.29,156.27,278.9,222.24,198.0,200.2,347.89,118.96,55.22,225.07,147.28,69.19,172.38,521.3,224.66,36.05,125.87,120.43,314.96,256.98,114.94,207.69,229.6,186.13,120.2,56.69,224.87,2.24,453.15,124.38,197.34,217.42,367.74,286.4,323.25,2.24,122.79,122.21,2.49,257.09,121.61,248.82,77.97,255.47,249.19,23.75,139.09,17.57,68.04,249.01,70.87,283.2,119.86,312.44,501.54,501.14,131.95,6.75,313.51,26.97,19.28,99.42,82.77,69.29,223.57,223.29,363.47,150.64,308.68,518.77,123.76,323.0,155.76,262.61,19.96,46.01,322.66,208.47,230.17,202.73,313.26,260.3,152.46,36.09,311.18,153.25,206.11,363.96,47.82,316.85,293.77,35.09,256.58,319.54,115.25,74.62,147.72,534.56,252.69,498.9,159.87,157.79,500.64,374.9,202.59,123.69,357.54,260.95,126.29,278.02,268.62,194.56,278.94,50.05,323.51,261.16,323.91,202.36,82.87,219.69,300.19,216.95,314.71,316.17,331.14,17.84,0.0,121.73,20.45,380.83,275.29,257.95,134.25,165.83,347.1,238.53,218.75,233.88,131.04,131.15,324.63,223.31,366.49,366.12,87.07,310.26,142.44,7.63,365.61,257.78,124.95,40.85,286.4,53.4,28.37,69.81,41.73,367.35,131.14,183.33,257.15
Seema Malakaya Temple,102.23,200.04,161.72,117.28,218.52,38.46,309.16,116.47,163.76,165.96,315.09,8.84,75.48,216.82,78.75,67.44,212.1,415.53,118.88,146.37,2.96,1.62,198.26,151.2,8.97,199.44,129.78,190.43,8.68,159.59,216.61,121.92,347.38,151.44,198.88,111.64,261.97,316.66,217.48,121.92,3.01,2.42,122.16,157.9,0.71,149.01,180.87,157.29,163.55,129.64,32.0,111.12,170.94,180.3,173.77,177.42,2.96,195.75,395.76,395.37,4.53,120.42,196.81,142.77,132.95,202.32,41.28,74.65,117.8,117.52,257.69,253.55,202.91,412.99,12.13,217.22,258.67,156.83,131.49,84.17,352.91,108.66,188.91,197.98,196.56,159.58,255.36,100.01,288.2,91.64,236.37,258.19,150.73,211.07,187.99,145.41,161.14,197.91,11.02,177.52,29.91,428.79,146.91,393.13,42.06,39.98,394.87,269.12,197.85,3.37,289.06,160.23,3.86,172.25,167.9,88.79,173.17,152.95,217.73,155.38,218.14,197.61,44.59,113.91,194.42,111.18,198.01,199.47,225.37,131.51,122.6,0.0,109.57,275.06,169.52,156.65,127.65,268.73,241.32,138.72,177.49,134.07,5.56,5.63,218.86,117.54,260.72,260.35,189.97,193.57,169.5,121.31,259.83,156.48,1.15,127.67,180.62,156.3,140.8,172.71,154.62,249.54,4.64,286.23,140.45
Seenigama Muhudu Viharaya,184.26,298.95,243.75,205.27,306.51,138.49,299.68,204.46,218.78,220.98,368.67,101.18,34.99,245.85,129.5,41.56,193.16,503.52,206.87,55.63,108.08,102.65,297.17,239.2,97.15,228.47,211.81,206.91,102.41,77.47,245.64,21.83,435.37,145.16,218.11,199.63,349.96,307.17,305.47,21.83,105.01,104.43,22.07,239.93,103.83,231.03,98.74,239.31,245.58,47.52,121.3,2.88,88.82,269.78,91.65,265.41,102.07,294.66,483.76,483.36,114.16,26.33,295.72,46.56,38.86,120.2,53.47,37.7,205.79,205.51,345.69,171.42,290.9,500.98,105.98,305.22,176.54,244.82,39.54,25.77,343.43,190.68,250.95,223.5,295.47,241.61,173.24,15.86,331.96,135.47,226.89,346.18,68.6,299.06,275.98,54.67,243.17,301.76,97.46,95.4,129.93,516.78,234.91,481.12,142.08,140.01,482.86,357.11,223.37,105.9,377.06,242.26,108.5,260.24,249.93,176.78,261.16,70.83,305.73,243.37,306.13,223.13,56.4,201.9,282.41,199.17,296.92,298.39,313.36,37.42,20.45,103.94,0.0,363.05,257.51,238.67,116.46,186.6,329.31,220.75,239.52,216.09,113.25,113.37,306.85,205.53,348.71,348.34,107.84,292.48,163.22,27.22,347.82,238.51,107.17,45.53,268.61,74.17,47.96,90.58,72.49,349.56,113.36,204.11,239.36
Seruwila Mangala Raja Maha Vihara,255.78,142.94,275.94,219.5,83.77,255.4,206.75,194.66,310.7,286.59,96.6,282.3,333.27,248.14,290.03,325.23,254.24,290.06,201.48,404.17,276.72,278.69,141.41,125.25,283.71,242.0,258.56,258.53,276.41,417.39,192.6,379.71,221.91,318.21,245.31,207.57,44.97,183.17,87.6,379.71,278.54,279.85,379.96,267.12,277.93,290.52,358.8,268.2,277.91,387.43,251.7,368.91,369.18,291.03,365.74,97.66,278.73,143.58,270.3,269.9,275.89,378.22,144.14,400.56,390.75,347.63,309.35,332.44,195.13,194.85,44.1,279.87,97.88,287.53,265.82,87.35,303.11,215.82,389.29,341.96,250.5,263.54,267.58,240.92,143.88,231.01,282.3,357.81,116.33,305.36,235.11,30.02,408.52,128.11,113.42,403.21,272.06,144.57,287.22,353.1,254.93,303.32,148.27,267.66,259.8,257.72,269.4,54.4,240.97,277.45,70.57,228.73,276.4,111.71,229.44,201.69,188.97,410.75,84.89,127.17,86.17,240.64,312.66,173.26,119.91,198.98,141.7,141.91,88.33,389.31,380.4,278.17,367.36,0.0,112.5,266.82,347.35,290.8,117.0,280.24,267.53,264.17,274.98,275.09,84.75,194.44,43.72,43.35,356.14,145.15,318.95,379.1,42.83,265.91,277.65,385.47,152.41,414.09,398.59,367.18,412.41,203.86,275.08,308.3,176.97
Sigiriya Lion Rock,150.26,74.03,170.42,113.98,53.71,149.88,260.44,89.14,222.45,224.85,150.29,176.78,227.75,169.7,184.52,219.71,222.77,270.01,95.96,298.65,171.2,173.17,72.5,19.73,178.19,180.59,153.04,226.45,170.89,311.87,163.04,274.19,201.86,259.64,189.9,102.05,99.44,207.67,52.67,274.19,173.02,174.33,274.44,161.6,172.41,185.0,333.14,162.68,168.95,281.92,146.18,263.39,323.22,189.0,326.05,14.89,173.21,71.56,250.25,249.85,170.37,272.7,72.12,295.04,285.23,354.6,203.83,226.92,89.61,89.33,95.16,258.27,40.37,267.48,160.3,52.42,287.5,110.3,283.77,236.45,304.19,158.02,205.84,189.0,71.87,162.76,250.83,252.29,123.4,199.84,213.51,95.65,303.0,65.56,23.19,297.69,166.54,68.25,181.7,329.8,149.41,283.27,42.75,247.61,154.28,152.2,249.35,106.59,188.87,171.93,124.26,163.28,170.88,2.73,170.94,96.17,83.45,305.23,52.93,21.65,53.33,188.63,207.14,67.74,31.88,93.47,73.32,73.01,60.57,283.79,274.88,172.65,261.84,112.52,0.0,161.3,241.84,269.2,76.52,174.72,205.78,158.65,169.46,169.57,54.06,88.92,98.18,97.82,342.24,72.56,277.7,273.58,97.3,160.39,172.13,279.95,46.89,308.57,293.08,324.98,306.89,135.17,169.56,286.7,76.93
Single Tree Hill,63.34,211.33,10.22,60.84,182.94,157.57,184.86,73.64,92.29,50.05,192.28,154.0,209.54,53.81,141.12,201.5,93.45,407.31,76.05,233.78,155.97,157.8,209.8,142.51,159.14,59.53,28.2,74.62,152.71,222.38,59.72,256.6,339.16,135.73,60.58,63.77,253.75,177.23,186.77,256.6,160.06,158.12,256.84,2.98,156.32,71.44,198.01,2.49,8.75,240.53,140.96,245.18,208.39,28.8,204.95,169.21,157.1,208.86,387.55,387.15,157.41,255.1,209.42,235.79,242.3,186.84,185.62,208.71,74.97,74.69,249.48,151.41,194.69,404.77,149.22,186.51,158.17,114.0,242.38,218.24,228.61,66.33,60.55,59.68,209.17,4.48,121.51,234.08,130.1,137.87,117.72,249.97,226.01,202.85,179.77,234.51,6.34,205.55,160.17,192.31,154.61,420.57,121.34,384.91,161.96,159.89,386.65,260.9,59.55,158.98,201.93,5.13,156.18,164.03,12.79,91.67,126.89,228.23,184.05,145.3,185.34,59.31,188.93,115.4,186.2,68.35,210.62,210.3,187.5,246.7,257.28,156.56,243.63,263.08,161.3,0.0,159.2,162.34,216.17,68.97,44.09,24.91,156.5,156.61,183.92,74.71,252.5,252.13,195.36,209.86,158.16,255.99,251.62,0.94,155.57,261.74,161.94,219.09,233.82,206.39,229.9,273.92,156.6,179.84,161.91
Sinharaja Forest Reserve,144.17,283.95,161.55,174.75,291.51,161.65,239.21,182.07,103.57,105.77,306.91,124.34,87.32,156.63,81.54,81.67,132.69,488.52,184.48,158.22,131.24,125.81,282.17,224.2,120.31,139.25,141.52,130.24,125.57,144.09,156.42,133.77,420.37,61.46,138.69,177.24,334.96,246.7,290.47,133.77,128.16,127.59,134.01,158.45,126.98,144.92,119.72,156.83,150.55,141.49,144.46,122.97,130.1,147.56,126.66,250.41,125.23,279.66,468.76,468.36,137.32,132.27,280.72,154.62,144.8,108.55,88.14,86.49,183.4,183.12,330.69,132.51,275.9,485.98,129.13,290.22,137.63,222.43,143.34,96.01,282.96,145.87,128.72,137.79,280.47,161.66,112.77,111.86,242.74,62.84,166.42,331.18,147.72,284.06,260.98,157.26,157.94,286.76,120.62,103.05,153.09,501.78,219.91,466.12,165.24,163.17,467.86,342.11,137.66,129.06,316.56,162.31,131.66,245.24,169.97,154.39,246.16,149.94,290.73,228.37,291.13,137.42,88.24,186.9,267.41,176.78,281.92,283.39,298.36,143.36,134.45,127.1,121.41,348.05,242.51,159.3,0.0,147.69,314.31,142.44,117.3,145.8,136.41,136.53,291.85,183.14,333.71,333.34,117.07,277.48,79.51,133.16,332.82,159.13,130.32,90.45,253.61,140.8,152.65,128.1,151.61,336.37,136.52,165.19,224.36
Sithulpawwa Rock Temple,200.2,319.96,164.62,222.11,239.36,302.74,151.0,230.61,153.79,129.69,219.99,265.43,216.59,129.5,167.98,215.65,82.74,515.93,237.28,141.71,272.33,266.9,318.42,252.63,261.4,112.12,188.72,90.56,266.66,130.31,120.76,164.52,447.78,86.89,101.76,225.03,333.88,158.49,243.19,164.52,269.26,268.68,164.77,161.52,268.08,198.81,105.94,159.9,153.62,148.46,285.55,184.94,116.32,153.43,112.88,285.44,266.32,317.49,496.17,495.77,278.41,163.03,318.04,143.72,150.23,86.37,229.24,215.76,229.92,230.2,333.02,22.16,279.01,513.4,270.23,242.93,29.89,233.09,150.31,206.73,194.75,199.76,134.6,107.15,317.79,164.73,62.82,197.49,224.7,156.17,76.21,318.94,133.94,311.48,279.21,142.44,161.01,314.17,261.71,100.24,294.19,529.2,250.71,493.53,306.33,304.26,495.27,343.31,107.02,270.15,229.64,165.38,272.75,272.65,173.04,258.78,222.15,136.16,240.47,248.25,241.76,106.78,229.33,276.88,302.43,235.74,319.24,318.93,243.92,154.63,165.21,268.19,186.55,290.79,269.92,162.37,147.74,0.0,272.59,196.34,123.17,185.43,277.51,277.62,240.34,229.09,332.63,332.26,103.28,318.48,87.63,163.91,331.74,162.2,271.42,178.23,227.41,127.02,141.75,114.32,137.83,381.09,277.61,26.28,328.75
Somawathiya Chaitya,222.04,128.31,224.62,185.75,35.56,221.66,239.95,160.91,261.17,237.06,129.8,248.55,299.53,181.91,256.29,291.48,235.79,324.29,167.74,370.42,242.97,244.94,126.77,91.5,249.96,192.8,224.81,240.09,242.67,383.64,175.25,345.96,256.13,299.76,202.11,173.82,110.51,187.19,34.49,345.96,244.79,246.1,346.21,214.6,244.18,256.77,404.92,216.3,222.72,353.69,217.95,335.16,394.99,241.47,397.82,69.16,244.98,125.84,304.52,304.12,242.14,344.47,126.4,366.82,357.0,329.19,275.6,298.69,161.38,161.11,106.24,261.42,62.74,321.75,232.07,34.18,284.67,182.08,355.54,308.22,283.7,229.8,218.05,201.21,126.14,213.66,263.85,324.06,102.91,271.61,216.67,106.73,374.77,119.83,62.94,369.46,217.7,122.53,253.48,334.65,221.18,337.55,114.52,301.88,226.05,223.97,303.63,117.66,201.08,243.71,103.77,211.38,242.65,75.72,212.1,167.94,112.76,377.0,36.68,93.42,34.17,200.84,278.92,139.51,86.16,165.24,127.6,127.28,43.05,355.56,346.65,244.43,333.61,116.76,76.52,215.91,313.61,272.36,0.0,246.49,218.0,230.43,241.23,241.34,36.54,160.69,109.26,108.89,337.7,126.84,300.5,345.35,108.37,215.0,243.9,351.72,72.64,380.35,364.85,396.76,378.66,189.44,241.33,289.86,143.22
Sri Pada / Adam's Peak,28.95,224.24,74.07,71.99,223.21,139.62,224.51,86.54,79.11,81.31,259.74,136.04,191.59,120.96,88.25,183.55,127.44,420.22,88.96,212.91,138.02,139.85,222.71,155.42,141.19,114.78,42.13,105.78,134.76,201.51,126.86,238.03,352.07,118.88,114.23,76.68,266.66,232.0,222.17,238.03,142.11,140.17,238.28,70.25,138.37,27.98,177.14,69.64,75.9,245.75,123.01,227.23,187.52,92.65,184.08,182.12,139.15,221.77,400.46,400.06,139.46,236.54,222.33,214.92,249.06,165.97,167.67,190.76,87.87,87.6,262.39,185.4,207.6,417.68,131.27,221.92,192.17,126.91,247.61,200.28,268.26,21.12,104.26,113.33,222.08,71.93,155.5,216.13,197.55,121.01,151.72,262.88,205.14,215.76,192.68,213.64,73.49,218.46,142.22,156.97,136.66,433.48,134.25,397.82,144.01,141.94,399.56,273.81,113.19,141.02,269.39,72.58,138.23,176.94,80.25,117.32,139.8,207.36,222.43,158.21,222.83,112.96,170.98,128.31,199.11,81.26,223.53,223.21,230.06,247.63,238.72,138.61,225.68,279.75,174.21,69.0,142.34,196.33,246.01,0.0,92.83,46.41,138.55,138.66,223.55,87.62,265.41,265.04,174.49,222.77,136.93,237.42,264.52,68.83,137.62,243.79,183.45,198.22,212.95,185.52,209.03,286.83,138.65,213.84,174.82
St Benedict's Monastery - Adisham,96.69,256.95,46.34,103.83,185.4,211.73,151.35,116.62,50.29,26.18,196.73,172.67,191.98,46.45,107.67,165.59,54.28,452.93,119.04,194.61,181.33,175.89,255.41,189.62,170.39,29.07,70.44,32.62,175.66,183.21,46.24,217.42,384.78,93.73,28.51,106.76,299.37,158.84,189.23,217.42,178.24,177.67,217.67,43.24,177.06,95.31,158.84,41.62,35.34,201.35,174.88,237.84,169.22,32.35,165.77,214.82,175.31,254.48,433.16,432.77,187.41,215.93,255.04,196.62,203.13,147.67,166.85,191.14,117.95,117.68,295.09,112.24,225.05,450.39,179.22,188.97,119.0,170.09,203.21,200.67,195.1,96.26,18.54,27.61,254.79,46.45,82.34,216.51,132.56,95.87,78.55,295.68,186.84,248.47,225.39,195.34,42.73,251.17,170.7,153.14,203.18,466.19,164.33,430.53,215.33,213.25,432.27,306.52,27.48,179.14,206.38,47.1,181.75,209.65,54.76,134.66,159.15,189.06,186.51,185.25,187.8,27.24,170.16,158.39,231.82,111.33,256.24,255.92,189.95,207.53,218.11,177.18,239.44,267.53,206.92,44.09,117.19,123.17,218.62,92.83,0.0,67.15,186.5,186.61,186.38,117.7,298.12,297.75,156.18,255.48,111.79,216.81,297.23,43.93,177.01,198.18,164.4,179.92,194.65,167.22,190.73,318.09,186.6,140.67,204.9
St Clair's Falls,40.76,208.18,29.98,55.92,207.15,134.99,207.92,70.48,82.44,69.81,215.65,131.41,186.96,76.87,118.53,178.92,116.51,404.16,72.9,216.24,133.39,135.22,206.64,139.35,136.56,82.59,5.61,97.68,130.13,204.85,82.77,233.4,336.01,122.21,83.64,60.62,250.6,200.29,206.11,233.4,137.48,135.54,233.65,26.16,133.74,48.86,180.47,25.55,31.81,241.12,118.38,222.6,190.85,48.56,187.41,166.05,134.52,205.71,384.39,384.0,134.83,231.91,206.27,254.25,244.43,169.31,163.04,186.13,71.81,71.54,246.32,174.47,191.54,401.62,126.64,205.85,181.23,110.85,242.98,195.65,251.67,43.75,83.61,82.74,206.02,27.85,144.57,211.5,153.47,133.86,140.78,246.82,208.47,199.7,176.62,216.97,29.4,202.4,137.58,160.31,132.03,417.42,118.19,381.76,139.38,137.31,383.5,257.75,82.61,136.39,225.3,28.5,133.6,160.88,36.16,88.37,123.74,210.7,206.36,142.15,206.77,82.37,166.35,112.25,183.05,65.2,207.47,207.15,214.0,243.0,234.09,133.98,221.05,263.69,158.15,24.91,145.67,185.4,229.95,46.39,67.15,0.0,133.92,134.03,207.49,71.56,249.35,248.98,177.82,206.71,140.27,232.79,248.46,24.74,132.99,239.15,167.39,201.55,252.28,188.85,212.36,270.76,134.02,202.9,158.76
St Lucia's Cathedral,100.33,195.96,159.83,113.2,214.44,34.38,318.01,112.39,172.6,174.8,311.02,10.51,84.32,225.66,76.86,76.28,220.94,411.45,114.8,155.21,3.3,5.27,194.19,147.13,11.65,208.28,127.89,199.28,10.34,168.43,225.45,130.76,343.3,160.29,207.72,107.56,257.89,289.72,213.4,130.76,4.92,6.23,131.0,156.0,4.52,147.11,189.71,155.39,161.66,138.48,27.92,119.96,179.79,178.41,182.61,173.35,5.64,191.67,391.69,391.29,2.26,129.27,192.74,151.61,141.79,211.17,44.29,83.49,113.72,113.44,253.62,262.39,198.83,408.92,8.05,213.15,267.51,152.75,140.34,93.01,361.76,106.76,197.75,206.82,192.48,157.69,264.2,108.86,284.13,100.49,245.21,254.11,159.57,206.99,183.91,154.26,159.24,193.83,14.03,186.37,25.83,424.71,142.84,389.05,37.98,35.9,390.79,265.04,206.69,3.83,284.99,158.34,2.77,168.17,166.0,84.71,169.09,161.79,213.66,151.3,214.06,206.45,47.6,109.83,190.34,107.1,193.93,195.4,221.29,140.35,131.45,4.76,118.41,270.98,165.44,154.75,136.49,277.57,237.24,136.83,186.33,132.17,0.0,0.63,214.78,113.46,256.64,256.27,198.81,189.49,178.35,130.15,255.76,154.59,4.24,136.51,176.54,165.14,149.64,181.55,163.46,245.46,1.46,295.07,136.37
St. Mary's Church,100.47,196.11,159.97,113.34,214.58,34.52,318.15,112.53,172.74,174.94,311.16,10.65,84.46,225.8,77.0,76.42,221.08,411.59,114.94,155.35,3.45,5.42,194.33,147.27,11.79,208.42,128.03,199.42,10.48,168.57,225.59,130.9,343.44,160.43,207.86,107.7,258.03,289.86,213.54,130.9,4.21,5.52,131.14,156.15,5.12,147.25,189.85,155.53,161.8,138.62,28.06,120.1,179.93,178.55,182.75,173.49,5.78,191.81,391.83,391.43,1.65,129.41,192.88,151.75,141.93,211.31,44.43,83.63,113.86,113.58,253.76,262.53,198.97,409.06,8.19,213.29,267.65,152.89,140.48,93.15,361.9,106.9,197.9,206.96,192.62,157.83,264.34,109.0,284.27,100.63,245.35,254.25,159.71,207.14,184.06,154.4,159.38,193.97,14.17,186.51,25.97,424.85,142.98,389.19,38.12,36.04,390.93,265.18,206.83,3.13,285.13,158.48,2.16,168.31,166.14,84.85,169.23,161.93,213.8,151.44,214.2,206.59,47.74,109.97,190.48,107.24,194.08,195.54,221.43,140.5,131.59,5.24,118.55,271.12,165.58,154.89,136.63,277.71,237.38,136.97,186.47,132.31,0.64,0.0,214.92,113.6,256.78,256.41,198.95,189.63,178.49,130.29,255.9,154.73,4.38,136.65,176.68,165.28,149.78,181.69,163.6,245.6,0.63,295.21,136.51
Statue of Parakramabahu I,199.56,105.83,192.66,163.28,1.1,199.18,207.99,138.44,229.21,205.1,97.85,226.08,277.05,149.96,233.81,269.01,203.84,301.81,145.26,347.95,220.5,222.47,104.3,69.03,227.49,160.84,202.34,208.13,220.19,361.17,143.29,323.49,233.66,267.81,170.16,151.35,109.82,155.23,4.44,323.49,222.32,223.63,323.74,182.64,221.71,234.3,308.39,184.34,190.77,331.21,195.48,312.69,372.52,209.51,315.33,46.69,222.51,103.36,282.05,281.65,219.66,322.0,103.92,344.34,334.53,297.23,253.13,276.22,138.91,138.63,105.54,229.47,40.26,299.28,209.6,4.19,252.71,159.6,333.07,285.74,251.74,207.32,186.09,169.25,103.67,181.7,231.9,301.59,70.96,249.14,184.71,106.03,352.3,97.36,40.47,346.99,185.74,100.05,231.0,302.69,198.71,315.07,92.05,279.41,203.58,201.5,281.15,116.97,169.12,221.23,71.82,179.42,220.18,53.25,180.14,145.47,86.0,354.53,1.73,70.95,3.02,168.88,256.44,117.04,63.69,142.76,105.12,104.81,6.51,333.09,324.18,221.95,311.14,84.8,54.05,183.95,291.13,240.4,36.54,224.01,186.04,207.95,218.76,218.87,0.0,138.22,108.57,108.2,305.74,104.36,268.54,322.88,107.68,183.04,221.43,329.25,45.88,357.87,342.37,374.28,356.19,166.97,218.86,257.9,120.75
Temple of the Sacred Tooth Relic,63.45,139.19,83.6,27.17,138.16,117.51,211.06,1.52,135.64,123.43,177.65,120.53,176.07,118.07,125.46,168.02,171.14,335.17,8.19,246.96,114.95,116.92,137.65,70.37,121.94,128.95,66.23,148.0,119.2,260.18,111.4,222.5,267.02,200.59,138.27,15.24,181.61,176.26,137.12,222.5,116.77,118.08,222.75,74.79,116.16,98.19,281.45,75.87,82.13,230.23,94.49,211.7,271.53,102.18,274.36,97.06,116.96,136.72,315.4,315.01,114.12,221.01,137.28,243.36,233.54,247.69,152.14,175.23,1.3,1.02,177.34,218.04,122.55,332.63,108.61,136.86,235.86,39.29,232.08,184.76,254.81,71.21,133.93,137.37,137.03,75.95,199.2,200.6,115.47,140.79,184.06,177.83,251.31,130.71,107.63,246.0,79.72,133.41,125.46,278.11,117.04,348.43,49.2,312.77,121.91,119.83,314.51,188.76,137.23,115.69,187.3,76.47,114.63,91.89,84.13,40.45,54.75,253.54,137.38,73.16,137.78,137.0,155.45,48.17,114.06,6.65,138.48,138.16,145.01,232.1,223.19,116.41,210.15,194.7,89.16,74.48,182.78,228.97,160.96,87.9,117.47,71.84,113.21,113.32,138.5,0.0,180.36,179.99,290.56,137.72,218.65,221.89,179.47,73.58,115.88,228.26,98.4,256.89,241.39,273.3,255.2,200.33,113.31,246.48,94.68
Trincomalee Beach,241.49,106.33,261.64,205.2,108.26,241.11,248.22,180.37,313.67,316.07,138.07,268.0,318.98,260.93,275.74,310.94,295.71,253.45,187.19,389.87,262.42,264.39,104.79,110.95,269.41,271.81,244.26,300.0,262.12,403.09,254.26,365.42,185.3,350.86,281.13,193.27,7.13,224.65,107.22,365.42,264.24,265.55,365.66,252.83,263.63,276.22,424.37,253.91,260.17,373.14,237.41,354.62,414.44,280.22,417.27,83.36,264.44,106.96,233.68,233.28,261.59,363.92,107.52,386.27,376.45,445.82,295.05,318.14,180.83,180.56,7.49,321.34,83.58,250.91,251.52,106.96,344.58,201.53,374.99,327.67,291.97,249.25,297.06,282.39,107.27,253.99,323.77,343.51,177.94,291.06,276.58,18.37,394.22,91.5,99.12,388.91,257.76,107.95,272.93,421.02,240.63,266.71,133.97,231.05,245.5,243.43,232.79,12.08,280.09,263.16,112.04,254.5,262.1,97.41,262.17,187.39,174.67,396.45,107.47,112.88,107.88,279.85,298.37,158.96,105.61,184.69,105.08,105.3,115.11,375.01,366.1,263.88,353.06,43.35,98.21,252.52,333.06,332.27,109.3,265.94,297.01,249.88,260.68,260.79,108.6,180.14,0.0,1.03,433.47,108.53,368.92,364.81,2.2,251.62,263.35,371.17,138.12,399.8,384.3,416.21,398.12,167.25,260.79,349.78,162.67
Trincomalee War Cemetery,241.1,105.94,261.25,204.81,107.86,240.72,247.82,179.97,313.28,315.68,137.68,267.61,318.59,260.53,275.35,310.54,295.32,253.06,186.8,389.48,262.03,264.0,104.4,110.56,269.02,271.42,243.87,299.61,261.72,402.7,253.87,365.02,184.91,350.47,280.73,192.88,7.6,224.25,106.82,365.02,263.85,265.16,365.27,252.43,263.24,275.83,423.97,253.51,259.78,372.75,237.01,354.22,414.05,279.83,416.88,82.97,264.04,106.57,233.3,232.9,261.2,363.53,107.13,385.88,376.06,445.43,294.66,317.75,180.44,180.17,7.1,320.95,83.19,250.52,251.13,106.57,344.19,201.14,374.6,327.28,291.57,248.86,296.67,282.0,106.88,253.59,323.38,343.12,177.55,290.67,276.19,17.98,393.83,91.11,98.73,388.52,257.37,107.56,272.54,420.63,240.24,266.32,133.58,230.66,245.11,243.03,232.4,11.05,279.7,262.77,111.65,254.11,261.71,97.02,261.78,187.0,174.28,396.06,107.08,112.48,107.48,279.46,297.97,158.57,105.22,184.3,104.69,104.91,114.72,374.62,365.71,263.49,352.67,42.96,97.82,252.13,332.67,331.88,108.9,265.55,296.62,249.49,260.29,260.4,108.21,179.75,1.03,0.0,433.08,108.14,368.53,364.41,2.67,251.23,262.96,370.78,137.72,399.41,383.91,415.82,397.72,166.86,260.39,349.38,162.28
Turtle Conservation Project Turtle Watch,178.33,382.37,197.79,215.08,304.86,221.91,216.5,287.88,135.6,137.8,285.49,184.6,135.76,162.67,137.29,134.82,109.98,586.94,290.29,60.88,191.5,186.07,380.59,322.62,180.57,145.29,173.55,123.73,185.83,42.55,162.47,83.69,518.79,61.98,134.94,283.05,433.38,224.0,308.69,83.69,188.43,187.85,83.94,194.69,187.25,176.95,14.18,193.07,186.79,67.62,204.72,104.11,25.91,186.61,23.62,348.83,185.49,378.08,567.17,566.78,197.58,82.2,379.14,62.89,69.4,20.87,148.4,134.93,289.21,288.93,429.11,88.24,374.32,584.4,189.4,308.44,77.79,328.24,69.48,125.9,260.25,177.9,167.77,140.32,378.89,197.9,90.06,116.66,248.78,125.48,143.71,429.6,53.11,382.48,359.4,61.61,194.18,385.18,180.88,26.45,213.35,600.2,318.33,564.54,225.5,223.43,566.28,440.53,140.19,189.32,295.14,198.55,191.92,343.66,206.22,260.2,275.37,55.33,305.98,326.79,307.26,139.96,148.5,285.32,365.83,282.59,380.34,381.81,309.42,73.8,84.38,187.36,105.72,356.29,340.93,195.54,117.05,103.43,338.09,174.47,156.35,177.83,196.67,196.79,305.84,288.95,432.13,431.76,0.0,375.9,80.04,83.08,431.24,195.38,190.58,97.4,280.63,46.19,60.92,25.06,57.0,432.98,196.78,120.93,322.78
Twin Baths (Kuttam Pokuna),198.9,8.77,219.05,162.61,104.09,171.64,310.81,137.77,306.67,273.48,200.67,196.71,262.47,218.34,219.23,254.43,271.41,216.29,144.6,333.36,191.13,193.1,6.99,68.36,198.12,229.22,201.67,275.09,196.55,346.58,211.67,308.91,148.13,294.36,238.54,156.05,112.16,258.05,103.05,308.91,192.95,194.26,309.15,210.23,192.34,233.63,367.86,211.31,217.58,316.63,166.69,298.11,357.93,237.63,360.76,63.0,193.14,4.98,196.52,196.12,190.3,307.41,5.54,329.76,319.94,389.31,238.54,261.64,138.24,137.97,101.07,306.9,88.48,213.75,195.01,102.8,336.13,158.94,318.48,271.16,354.56,206.66,254.47,237.63,5.29,211.4,299.47,287.0,173.78,234.55,262.14,119.8,337.72,17.05,73.56,332.4,215.17,3.49,201.64,364.51,169.34,229.55,91.38,193.88,167.89,172.04,195.63,114.48,237.5,191.86,174.64,211.91,190.81,71.85,219.58,135.42,132.08,339.94,103.31,70.29,103.71,237.26,241.86,116.37,57.16,142.1,6.74,8.24,110.94,318.5,309.59,192.59,296.55,144.78,72.65,209.93,276.55,317.83,126.89,223.35,254.42,207.29,189.39,189.5,104.43,137.55,108.55,108.16,376.96,0.0,312.41,308.3,108.89,209.03,192.06,314.66,95.53,343.29,327.79,359.7,341.61,68.59,189.49,335.33,69.27
Udawalawe National Park,140.82,320.15,160.42,177.58,267.49,203.85,179.13,218.26,98.09,100.29,248.12,164.78,193.35,125.3,99.78,192.41,72.61,524.71,220.67,118.46,173.44,168.0,318.37,260.39,162.5,107.92,136.05,86.36,167.77,107.06,125.09,141.28,456.56,18.69,97.56,182.27,371.15,186.62,271.32,141.28,170.36,169.78,141.52,157.32,169.18,139.44,82.69,155.7,149.42,125.21,167.0,161.7,93.07,142.08,89.63,286.61,167.42,315.85,504.95,504.55,179.52,139.78,316.92,120.47,126.98,71.52,158.96,192.51,219.59,219.31,366.88,72.43,312.09,522.18,171.34,271.06,77.55,248.94,127.06,183.48,222.88,140.39,123.24,102.95,316.67,160.53,52.69,174.24,211.41,87.98,106.33,367.37,110.69,320.26,297.18,119.19,156.81,322.95,162.81,62.52,195.29,537.97,256.1,502.31,207.44,205.37,504.05,378.31,102.82,171.25,257.77,161.18,173.86,281.43,168.84,190.58,238.0,112.91,268.6,264.57,269.89,102.58,162.27,223.1,303.6,212.97,318.12,319.58,272.05,131.38,141.96,169.29,163.3,318.92,278.7,158.17,79.55,87.61,300.72,136.96,111.82,140.33,178.61,178.73,268.47,219.33,369.9,369.53,80.04,313.67,0.0,140.67,369.02,158.0,169.12,129.29,243.25,103.77,118.5,91.07,114.58,372.56,178.72,105.11,260.56
Unawatuna Beach,200.84,315.53,258.99,221.85,323.09,155.07,277.7,221.04,196.8,199.0,346.69,117.76,68.92,223.87,146.08,67.98,171.18,520.1,223.45,30.39,124.66,119.23,313.75,255.78,113.73,206.49,228.39,184.93,118.99,55.49,223.66,6.98,451.95,123.18,196.13,216.21,366.54,285.19,322.05,6.98,121.59,121.01,7.22,255.89,120.41,247.61,76.76,254.27,247.99,18.09,137.88,24.36,66.84,247.8,69.67,281.99,118.65,311.24,500.34,499.94,130.74,4.34,312.3,21.32,13.62,98.22,81.57,68.09,222.37,222.09,362.27,149.44,307.48,517.56,122.56,321.8,154.56,261.4,17.58,59.06,321.45,207.26,228.97,201.52,312.05,259.1,151.26,49.82,309.98,152.05,204.91,362.76,46.62,315.64,292.56,29.43,255.38,318.34,114.04,73.42,146.51,533.36,251.49,497.7,158.66,156.59,499.44,373.69,201.39,122.48,356.34,259.75,125.08,276.82,267.41,193.36,277.74,38.02,322.31,259.95,322.71,201.15,81.66,218.48,298.99,215.75,313.5,314.97,329.94,12.18,7.66,120.52,27.24,379.63,274.09,256.74,133.04,164.62,345.89,237.33,217.54,232.67,129.84,129.95,323.43,222.11,365.29,364.92,85.86,309.06,141.24,0.0,364.4,256.58,123.75,54.06,285.19,52.19,22.72,68.6,36.08,366.14,129.94,182.12,255.94
Uppuveli Beach,240.6,106.67,260.75,204.32,107.37,240.22,247.33,179.48,312.79,315.19,137.19,267.12,318.09,260.04,274.85,310.05,294.83,253.79,186.3,388.99,261.54,263.51,105.14,110.07,268.53,270.93,243.38,299.12,261.23,402.21,253.38,364.53,185.64,349.98,280.24,192.39,4.48,223.76,106.33,364.53,263.36,264.67,364.78,251.94,262.75,275.34,423.48,253.02,259.29,372.25,236.52,353.73,413.56,279.33,416.39,82.48,263.55,107.31,234.03,233.63,260.7,363.04,107.87,385.38,375.56,444.94,294.17,317.26,179.95,179.67,7.83,320.46,82.7,251.26,250.64,106.08,343.7,200.64,374.11,326.78,291.08,248.36,296.18,281.51,107.61,253.1,322.89,342.63,177.06,290.18,275.7,17.49,393.34,91.84,98.24,388.03,256.87,108.3,272.04,420.14,239.75,267.06,133.08,231.39,244.62,242.54,233.14,13.73,279.21,262.27,111.16,253.62,261.21,96.53,261.28,186.51,173.79,395.56,106.59,111.99,106.99,278.97,297.48,158.08,104.73,183.8,105.43,105.64,114.22,374.13,365.22,262.99,352.18,42.46,97.32,251.64,332.17,331.39,108.41,265.05,296.12,248.99,259.8,259.91,107.71,179.25,2.21,2.68,432.58,108.88,368.04,363.92,0.0,250.73,262.47,370.29,137.23,398.91,383.41,415.32,397.23,167.59,259.9,348.89,161.79
Victoria Park of Nuwara Eliya,63.17,210.43,10.06,59.94,182.03,157.4,184.69,72.73,92.13,49.89,191.38,153.83,209.38,53.65,140.95,201.34,93.29,406.41,75.15,233.61,155.81,157.63,208.89,141.6,158.97,59.37,28.03,74.45,152.55,222.22,59.55,256.43,338.25,135.57,60.41,62.86,252.85,177.06,185.86,256.43,159.89,157.95,256.67,2.07,156.15,71.28,197.84,2.32,8.59,240.36,140.79,245.02,208.22,28.64,204.78,168.3,156.94,207.96,386.64,386.24,157.24,254.94,208.52,235.62,242.13,186.68,185.45,208.55,74.06,73.78,248.57,151.24,193.78,403.87,149.05,185.61,158.01,113.1,242.22,218.07,228.44,66.17,60.38,59.51,208.26,3.57,121.35,233.91,129.19,137.7,117.56,249.06,225.84,201.95,178.87,234.35,6.18,204.65,160.0,192.14,154.45,419.67,120.44,384.0,161.8,159.72,385.75,260.0,59.38,158.81,201.03,4.22,156.02,163.13,11.89,90.77,125.99,228.07,183.15,144.4,184.44,59.14,188.77,114.5,185.3,67.44,209.72,209.4,186.59,246.53,257.12,156.4,243.46,262.18,160.4,0.94,159.03,162.18,215.26,68.8,43.93,24.74,156.33,156.45,183.01,73.81,251.6,251.23,195.19,208.96,157.99,255.82,250.71,0.0,155.4,261.57,161.04,218.92,233.66,206.22,229.73,273.01,156.44,179.68,161.01
Viharamahadevi Park,101.66,199.47,161.15,116.71,217.94,37.89,308.58,115.89,163.17,165.37,314.52,8.27,74.89,216.23,78.18,66.85,211.51,414.96,118.31,145.78,2.39,1.04,197.69,150.63,8.38,198.85,129.21,189.85,8.11,159.0,216.02,121.33,346.8,150.86,198.29,111.07,261.4,316.07,216.9,121.33,3.12,2.55,121.58,157.33,0.75,148.44,180.28,156.71,162.98,129.05,31.43,110.53,170.36,179.73,173.18,176.85,2.38,195.18,395.19,394.79,4.3,119.84,196.24,142.18,132.36,201.74,40.69,74.06,117.22,116.95,257.12,252.96,202.33,412.42,11.56,216.65,258.08,156.26,130.91,83.58,352.33,108.09,188.33,197.39,195.99,159.01,254.77,99.43,287.63,91.06,235.78,257.61,150.14,210.5,187.42,144.83,160.57,197.34,10.43,176.94,29.34,428.22,146.34,392.56,41.48,39.41,394.3,268.55,197.26,3.4,288.49,159.66,3.29,171.68,167.33,88.22,172.59,152.36,217.16,154.81,217.56,197.02,44.0,113.34,193.85,110.61,197.44,198.9,224.8,130.93,122.02,0.99,108.98,274.49,168.95,156.08,127.07,268.14,240.75,138.15,176.9,133.49,4.99,5.06,218.29,116.97,260.15,259.78,189.38,192.99,168.92,120.72,259.26,155.91,0.0,127.08,180.05,155.71,140.21,172.12,154.03,248.96,4.06,285.64,139.88
Visit Kanneliya Rain Forest,207.49,322.19,266.98,228.5,329.74,161.72,282.75,227.69,184.55,186.75,351.74,124.41,75.58,228.92,152.73,74.64,176.23,526.75,230.11,55.51,131.32,125.88,320.41,262.43,120.39,211.54,235.05,189.98,125.65,59.24,228.71,54.74,458.6,111.25,201.18,222.87,373.19,290.24,328.7,54.74,128.24,127.66,54.99,263.16,127.06,254.27,81.81,262.55,231.53,42.04,144.54,43.93,73.98,228.54,74.72,288.65,125.31,317.89,506.99,506.59,137.4,53.25,318.96,49.39,46.24,103.27,88.22,74.74,229.02,228.74,368.92,154.49,314.13,524.22,129.21,328.45,159.61,268.06,43.9,65.71,326.5,213.92,209.71,206.57,318.71,264.84,156.31,56.47,315.03,100.45,209.96,369.41,50.37,322.3,299.22,54.55,266.4,324.99,120.7,78.47,153.17,540.01,258.14,504.35,165.32,163.24,506.09,380.35,206.44,129.14,361.39,265.5,131.74,283.47,273.16,200.01,284.39,52.59,328.96,266.61,329.36,206.2,88.32,225.14,305.64,222.4,320.16,321.62,336.59,64.34,40.85,127.18,45.53,386.28,280.74,261.91,90.44,169.67,352.55,243.98,198.28,239.33,136.49,136.6,330.08,228.76,371.94,371.57,90.91,315.71,129.31,54.13,371.06,261.74,130.4,0.0,291.85,55.94,47.43,75.74,54.26,372.8,136.59,187.18,262.6
Wasgamuwa National Park,159.52,96.94,169.91,123.24,45.55,160.97,207.47,98.4,206.47,182.36,142.13,187.86,238.84,127.21,195.6,230.8,180.28,292.92,105.22,309.73,182.28,184.25,95.41,29.62,189.27,138.1,162.3,183.96,181.98,322.95,120.55,285.28,224.77,244.25,147.41,111.31,139.36,174.74,44.51,285.28,184.11,185.42,285.52,159.9,183.5,194.26,344.23,161.6,168.02,293.0,157.27,274.48,334.31,186.76,337.13,54.82,184.3,94.47,273.16,272.76,181.45,283.79,95.03,306.13,296.31,273.67,214.92,238.01,98.87,98.59,135.09,215.78,59.78,290.39,171.39,44.26,245.0,88.07,294.86,247.53,251.22,167.28,163.35,146.51,94.78,158.96,208.34,263.38,115.24,210.93,171.02,135.58,314.09,88.47,65.39,308.78,162.99,91.16,192.79,340.89,160.5,306.18,52.0,270.52,165.36,163.29,272.26,146.52,146.38,183.02,116.1,156.68,181.96,49.64,157.39,107.26,40.96,316.31,44.77,25.24,45.17,146.14,218.23,78.83,71.81,102.72,96.23,95.91,36.44,294.88,285.97,183.74,272.93,152.45,46.91,161.2,252.92,226.71,72.64,183.97,163.29,167.91,180.55,180.66,45.89,98.17,138.11,137.74,282.19,95.47,244.99,284.67,137.23,160.3,183.22,291.03,0.0,319.66,304.16,336.07,317.98,158.08,180.65,244.21,88.01
Weherahena Buddhist Temple,233.07,347.77,221.54,254.08,355.32,187.3,240.25,253.27,159.35,161.55,309.24,150.0,101.16,186.42,161.03,100.22,133.73,552.34,255.69,13.44,156.9,151.47,345.99,288.01,145.97,169.04,197.3,147.48,151.23,6.37,186.21,49.09,484.18,85.73,158.68,248.45,398.78,247.74,354.28,49.09,153.82,153.24,49.33,218.44,152.64,200.69,29.41,216.82,210.54,33.02,170.12,69.51,17.43,210.35,22.57,314.23,150.89,343.47,532.57,532.17,162.98,47.6,344.54,23.03,29.97,60.77,113.8,100.33,254.6,254.33,394.5,111.99,339.71,549.8,154.79,354.03,117.11,293.64,34.88,91.29,284.0,201.64,191.52,164.07,344.29,221.65,113.81,82.05,272.53,149.23,167.46,394.99,5.72,347.88,324.8,14.18,217.93,350.58,146.28,35.97,178.75,565.6,283.72,529.93,190.9,188.82,531.68,405.93,163.94,154.72,318.89,222.3,157.32,309.06,229.96,225.59,309.97,7.9,354.54,292.19,354.94,163.7,113.9,250.72,331.23,247.99,345.74,347.2,362.18,33.9,49.78,152.76,71.11,411.87,306.33,219.29,140.8,127.17,378.13,198.22,180.09,201.58,162.07,162.18,355.67,254.35,397.53,397.16,42.67,341.29,103.79,48.48,396.64,219.13,155.98,56.0,317.43,0.0,20.88,19.2,9.56,398.38,162.17,144.68,288.18
Weligama Beach,220.61,335.3,238.83,241.62,342.86,174.84,257.55,240.8,176.64,178.84,326.53,137.53,88.69,203.72,165.85,87.75,151.03,539.87,243.22,7.67,144.43,139.0,333.52,275.54,133.5,186.34,248.16,164.77,138.76,24.17,203.51,27.71,471.72,103.03,175.98,235.98,386.31,265.04,341.82,27.71,141.35,140.78,27.96,235.73,140.17,217.99,56.61,234.11,227.83,13.36,157.65,45.1,38.91,227.65,44.05,301.76,138.42,331.01,520.1,519.7,150.51,25.08,332.07,2.15,9.1,78.06,101.33,87.86,242.13,241.86,382.03,129.29,327.25,537.33,142.32,341.56,134.41,281.17,15.01,78.83,301.3,227.03,208.81,181.37,331.82,238.94,131.1,69.59,289.83,171.81,184.75,382.53,15.3,335.41,312.33,6.71,235.22,338.11,133.81,53.27,166.28,553.13,271.25,517.47,178.43,176.36,519.21,393.46,181.24,142.25,336.19,239.59,144.85,296.59,247.26,213.13,297.5,15.3,342.07,279.72,342.47,181.0,101.43,238.25,318.76,235.52,333.27,334.73,349.71,13.03,28.4,140.29,47.98,399.4,293.86,236.59,152.81,144.47,365.66,215.51,197.39,252.44,149.6,149.72,343.2,241.88,385.06,384.69,65.71,328.83,121.09,22.72,384.17,236.42,143.51,47.43,304.96,20.87,0.0,40.68,13.36,385.91,149.71,161.97,275.71
Wewurukannala Vihara,189.18,366.63,208.64,272.94,374.18,206.16,227.36,272.13,146.45,148.65,296.34,168.86,120.02,173.53,148.14,119.08,120.84,571.2,274.55,33.25,175.76,170.33,364.85,306.87,164.83,156.15,184.4,134.58,170.09,19.09,173.32,67.95,503.04,72.84,145.79,267.31,417.64,234.85,373.14,67.95,172.68,172.1,68.19,205.54,171.5,187.8,11.83,203.92,197.64,51.88,188.98,88.37,1.99,197.46,4.98,333.09,169.75,362.33,551.43,551.03,181.84,66.46,363.4,42.83,49.77,39.76,132.66,119.19,273.46,273.19,413.36,99.1,358.57,568.66,173.65,372.89,104.22,312.5,53.74,110.15,271.11,188.75,178.62,151.18,363.15,208.75,100.91,100.91,259.63,136.34,154.56,413.85,25.52,366.74,343.66,33.98,205.03,369.44,165.14,22.11,197.61,584.46,302.58,548.79,209.76,207.68,550.54,424.79,151.04,173.58,305.99,209.4,176.18,327.92,217.07,244.45,328.83,27.7,373.4,311.05,373.8,150.81,132.76,269.58,350.09,266.85,364.6,366.06,320.27,53.7,68.64,171.62,89.97,367.15,325.19,206.4,127.9,114.28,396.99,185.32,167.2,188.68,180.93,181.04,374.53,273.21,416.39,416.02,25.08,360.15,90.89,67.34,415.5,206.23,174.84,75.8,336.29,19.2,40.68,0.0,29.37,417.24,181.03,131.78,307.04
Whale Watching in Mirissa,231.33,346.03,230.17,252.34,353.58,185.56,248.89,251.53,167.98,170.18,317.87,148.25,99.42,195.06,176.57,98.48,142.37,550.59,253.95,5.91,155.15,149.72,344.25,286.27,144.23,177.68,205.93,156.11,149.49,12.84,194.85,47.35,482.44,94.37,167.32,246.71,397.03,256.38,352.54,47.35,152.08,151.5,47.59,227.07,150.9,209.33,39.57,225.45,219.17,31.28,168.37,67.77,27.58,218.99,32.72,312.49,149.15,341.73,530.83,530.43,161.24,45.85,342.8,15.49,22.44,69.4,112.06,98.58,252.86,252.58,392.76,120.63,337.97,548.06,153.05,352.29,125.75,291.9,28.36,89.55,292.64,237.76,200.15,172.71,342.55,230.28,122.44,80.31,281.17,157.87,176.09,393.25,3.98,346.14,323.06,6.64,226.56,348.83,144.54,44.61,177.01,563.85,281.98,528.19,189.16,187.08,529.93,404.19,172.58,152.98,327.53,230.93,155.58,307.31,238.6,223.85,308.23,2.37,352.8,290.45,353.2,172.34,112.16,248.98,329.48,246.24,344.0,345.46,360.43,26.37,48.03,151.02,69.37,410.12,304.58,227.93,149.43,135.81,376.39,206.85,188.73,210.21,160.33,160.44,353.92,252.6,395.78,395.41,57.05,339.55,112.43,36.06,394.9,227.76,154.24,54.25,315.69,9.55,13.34,29.35,0.0,396.64,160.43,153.31,286.44
Wilpattu National Park,262.94,63.82,283.09,226.65,166.64,211.95,373.36,200.32,365.6,336.03,263.22,252.95,321.36,280.89,278.15,313.32,333.96,202.19,207.15,392.26,247.37,249.34,62.43,130.91,254.36,291.77,265.71,337.64,252.78,405.48,274.22,367.8,178.05,353.28,301.09,214.97,170.83,320.6,165.6,367.8,249.19,250.5,368.05,274.28,248.58,297.67,426.75,275.36,281.62,375.53,234.36,357.0,416.83,301.67,419.66,125.55,249.38,64.66,182.43,182.03,246.53,366.31,64.61,388.65,378.84,448.21,297.44,320.53,200.79,200.52,159.73,369.45,151.03,199.66,247.15,165.35,398.68,221.49,377.38,330.06,417.11,270.7,317.02,300.18,63.12,275.44,362.02,345.9,236.33,293.48,324.69,178.47,396.61,75.72,136.11,391.3,279.21,68.26,257.87,423.41,222.02,215.45,153.93,179.79,208.2,212.35,187.01,173.14,300.05,248.1,237.19,275.95,247.04,134.4,283.62,194.35,194.63,398.84,165.86,132.84,166.26,299.81,300.75,178.92,119.71,206.14,62.31,63.64,173.49,377.4,368.49,248.82,355.45,203.44,135.2,273.97,335.47,380.38,189.44,287.39,316.97,271.33,245.63,245.74,166.98,200.1,167.22,166.83,435.86,68.62,371.34,367.19,167.56,273.07,248.3,373.56,158.07,402.18,386.69,418.6,400.5,0.0,245.73,397.88,128.19
Wolvendaal Church,100.34,195.97,159.83,113.21,214.45,34.39,318.01,112.4,172.61,174.81,311.02,10.49,84.33,225.67,76.87,76.29,220.95,411.46,114.81,155.22,3.28,5.25,194.19,147.13,11.63,208.29,127.9,199.28,10.32,168.44,225.46,130.77,343.31,160.29,207.73,107.57,257.9,289.73,213.41,130.77,3.84,5.15,131.01,156.01,4.75,147.12,189.72,155.4,161.66,138.49,27.93,119.97,179.79,178.41,182.62,173.35,5.62,191.68,391.69,391.3,1.19,129.27,192.74,151.62,141.8,211.17,44.27,83.5,113.72,113.45,253.62,262.4,198.84,408.92,8.06,213.15,267.51,152.76,140.34,93.02,361.76,106.77,197.76,206.83,192.49,157.7,264.21,108.86,284.13,100.49,245.22,254.12,159.58,207.0,183.92,154.26,159.25,193.84,14.01,186.37,25.84,424.72,142.84,389.06,37.99,35.91,390.8,265.05,206.7,2.75,284.99,158.35,1.7,168.18,166.01,84.72,169.1,161.8,213.66,151.31,214.07,206.46,47.58,109.84,190.35,107.11,193.94,195.4,221.3,140.36,131.45,4.86,118.41,270.99,165.45,154.76,136.5,277.58,237.25,136.84,186.34,132.18,1.29,0.66,214.79,113.47,256.65,256.28,198.82,189.5,178.35,130.16,255.76,154.59,4.22,136.52,176.55,165.15,149.65,181.56,163.47,245.47,0.0,295.08,136.38
Yala National Park,217.7,337.46,182.12,239.61,256.86,320.24,168.5,248.11,171.29,147.19,237.49,282.93,234.1,147.0,185.48,233.16,100.24,533.44,254.78,159.21,289.83,284.4,335.92,270.13,278.91,129.62,206.22,108.06,284.17,147.81,138.26,182.03,465.28,104.39,119.27,242.54,351.38,176.0,260.69,182.03,286.76,286.18,182.27,179.02,285.58,216.31,123.44,177.4,171.12,165.96,303.05,202.45,133.82,170.93,130.38,302.94,283.83,334.99,513.67,513.27,295.92,180.53,335.55,161.22,167.73,103.88,246.74,233.26,247.42,247.7,350.52,39.66,296.51,530.9,287.73,260.44,62.76,250.6,167.81,224.23,212.25,217.26,152.1,124.65,335.29,182.23,80.32,214.99,242.21,173.68,93.71,336.44,151.44,328.98,296.71,159.94,178.51,331.68,279.22,117.74,311.69,546.7,268.22,511.03,323.84,321.76,512.78,360.81,124.52,287.66,247.14,182.88,290.26,290.16,190.54,276.28,239.65,153.66,257.97,265.75,259.26,124.28,246.84,294.39,319.93,253.24,336.75,336.43,261.42,172.13,182.71,285.7,204.05,308.29,287.43,179.87,165.24,26.28,290.09,213.84,140.67,202.93,295.01,295.12,257.84,246.59,350.13,349.76,120.79,335.99,105.13,181.42,349.25,179.71,288.92,195.74,244.91,144.52,159.25,131.82,155.33,398.59,295.11,0.0,346.25
Yapahuwa Rock Fortress,150.89,75.74,171.05,114.61,120.35,116.7,305.36,94.71,253.55,255.75,216.93,143.59,209.35,212.36,166.11,201.31,265.43,285.48,98.86,280.24,138.01,139.98,73.96,58.61,145.0,223.25,153.67,235.44,143.43,293.46,205.7,255.79,217.33,241.24,232.56,102.93,163.81,270.55,119.31,255.79,139.83,141.14,256.03,162.23,139.22,185.63,314.74,163.31,169.58,263.51,113.57,244.99,304.81,189.63,307.64,79.26,140.02,71.45,265.71,265.32,137.18,254.3,72.51,276.64,266.82,336.19,185.43,208.52,95.17,94.9,159.53,312.29,104.74,282.94,141.89,119.06,317.41,127.26,265.37,218.04,349.11,158.65,221.37,231.66,72.26,163.39,292.55,233.89,190.04,181.44,278.35,160.02,284.6,86.25,89.83,279.29,167.17,73.61,148.52,311.4,116.22,298.74,62.42,263.08,115.98,120.13,264.82,170.96,231.53,138.75,190.9,163.91,137.69,79.65,171.57,82.3,104.44,286.82,119.57,62.79,119.97,231.29,188.74,50.8,73.42,94.09,73.71,75.17,127.21,265.38,256.47,139.47,243.44,176.9,76.92,161.93,223.43,327.47,143.16,175.35,204.91,159.28,136.27,136.38,120.7,94.48,162.56,162.19,323.84,69.26,259.29,255.18,161.67,161.02,138.94,261.54,88.03,290.17,274.67,306.58,288.49,128.16,136.37,344.97,0.0
